forecast_origin_time,target_time,task,horizon_hours,city,model,y_true,y_pred,split
2016-05-13 04:00:00,2016-05-13 05:00:00,h1,1,Beijing,Prophet,20.25,24.629859932569964,test
2016-05-13 05:00:00,2016-05-13 06:00:00,h1,1,Beijing,Prophet,18.055556,22.95139837192071,test
2016-05-13 06:00:00,2016-05-13 07:00:00,h1,1,Beijing,Prophet,25.027778,21.775823935871454,test
2016-05-13 07:00:00,2016-05-13 08:00:00,h1,1,Beijing,Prophet,31.083333,30.28586191726282,test
2016-05-13 08:00:00,2016-05-13 09:00:00,h1,1,Beijing,Prophet,37.25,35.64173461769349,test
2016-05-13 09:00:00,2016-05-13 10:00:00,h1,1,Beijing,Prophet,38.583333,42.22990276229126,test
2016-05-13 10:00:00,2016-05-13 11:00:00,h1,1,Beijing,Prophet,36.583333,41.09060913671655,test
2016-05-13 11:00:00,2016-05-13 12:00:00,h1,1,Beijing,Prophet,31.333333,35.594632724842874,test
2016-05-13 12:00:00,2016-05-13 13:00:00,h1,1,Beijing,Prophet,30.333333,28.10728767591607,test
2016-05-13 13:00:00,2016-05-13 14:00:00,h1,1,Beijing,Prophet,39.25,29.102855147079943,test
2016-05-13 14:00:00,2016-05-13 15:00:00,h1,1,Beijing,Prophet,40.083333,41.69034063754108,test
2016-05-13 15:00:00,2016-05-13 16:00:00,h1,1,Beijing,Prophet,43.416667,39.93424749873457,test
2016-05-13 16:00:00,2016-05-13 17:00:00,h1,1,Beijing,Prophet,42.416667,43.38148878692462,test
2016-05-13 17:00:00,2016-05-13 18:00:00,h1,1,Beijing,Prophet,32.666667,41.56442187346325,test
2016-05-13 18:00:00,2016-05-13 19:00:00,h1,1,Beijing,Prophet,29.25,31.407870011694047,test
2016-05-13 19:00:00,2016-05-13 20:00:00,h1,1,Beijing,Prophet,27.833333,30.95399850389089,test
2016-05-13 20:00:00,2016-05-13 21:00:00,h1,1,Beijing,Prophet,30.083333,31.082523642312985,test
2016-05-13 21:00:00,2016-05-13 22:00:00,h1,1,Beijing,Prophet,34.25,32.882663876225585,test
2016-05-13 22:00:00,2016-05-13 23:00:00,h1,1,Beijing,Prophet,35.916667,35.3782383872781,test
2016-05-13 23:00:00,2016-05-14 00:00:00,h1,1,Beijing,Prophet,38.75,35.35768178311794,test
2016-05-14 00:00:00,2016-05-14 01:00:00,h1,1,Beijing,Prophet,40.916667,38.5553840983191,test
2016-05-14 01:00:00,2016-05-14 02:00:00,h1,1,Beijing,Prophet,45.5,41.23504641757588,test
2016-05-14 02:00:00,2016-05-14 03:00:00,h1,1,Beijing,Prophet,39.833333,46.54760306828079,test
2016-05-14 03:00:00,2016-05-14 04:00:00,h1,1,Beijing,Prophet,22.333333,33.719566932582,test
2016-05-14 04:00:00,2016-05-14 05:00:00,h1,1,Beijing,Prophet,21.583333,12.900852191890298,test
2016-05-14 05:00:00,2016-05-14 06:00:00,h1,1,Beijing,Prophet,21.194444,22.136670286910928,test
2016-05-14 06:00:00,2016-05-14 07:00:00,h1,1,Beijing,Prophet,25.347222,24.89569477228975,test
2016-05-14 07:00:00,2016-05-14 08:00:00,h1,1,Beijing,Prophet,28.75,31.0362183047499,test
2016-05-14 08:00:00,2016-05-14 09:00:00,h1,1,Beijing,Prophet,30.083333,34.2631044876569,test
2016-05-14 09:00:00,2016-05-14 10:00:00,h1,1,Beijing,Prophet,34.083333,34.96593012937354,test
2016-05-14 10:00:00,2016-05-14 11:00:00,h1,1,Beijing,Prophet,36.333333,37.57220830095618,test
2016-05-14 11:00:00,2016-05-14 12:00:00,h1,1,Beijing,Prophet,36.333333,40.34005924043944,test
2016-05-14 12:00:00,2016-05-14 13:00:00,h1,1,Beijing,Prophet,40.333333,40.65512013737949,test
2016-05-14 13:00:00,2016-05-14 14:00:00,h1,1,Beijing,Prophet,39.916667,45.01108211706235,test
2016-05-14 14:00:00,2016-05-14 15:00:00,h1,1,Beijing,Prophet,40.833333,43.12384023662535,test
2016-05-14 15:00:00,2016-05-14 16:00:00,h1,1,Beijing,Prophet,40.333333,45.13669186190423,test
2016-05-14 16:00:00,2016-05-14 17:00:00,h1,1,Beijing,Prophet,41.583333,44.19947406299328,test
2016-05-14 17:00:00,2016-05-14 18:00:00,h1,1,Beijing,Prophet,44.5,47.96516170675871,test
2016-05-14 18:00:00,2016-05-14 19:00:00,h1,1,Beijing,Prophet,47.416667,51.2657557333376,test
2016-05-14 19:00:00,2016-05-14 20:00:00,h1,1,Beijing,Prophet,48.5,56.1270986274247,test
2016-05-14 20:00:00,2016-05-14 21:00:00,h1,1,Beijing,Prophet,54.833333,55.48759618538577,test
2016-05-14 21:00:00,2016-05-14 22:00:00,h1,1,Beijing,Prophet,59.0,61.219795664081374,test
2016-05-14 22:00:00,2016-05-14 23:00:00,h1,1,Beijing,Prophet,64.25,62.61399469347265,test
2016-05-14 23:00:00,2016-05-15 00:00:00,h1,1,Beijing,Prophet,65.583333,68.35462782433856,test
2016-05-15 00:00:00,2016-05-15 01:00:00,h1,1,Beijing,Prophet,68.083333,69.24716973585527,test
2016-05-15 01:00:00,2016-05-15 02:00:00,h1,1,Beijing,Prophet,67.666667,73.21822158609265,test
2016-05-15 02:00:00,2016-05-15 03:00:00,h1,1,Beijing,Prophet,66.416667,69.99275068184795,test
2016-05-15 03:00:00,2016-05-15 04:00:00,h1,1,Beijing,Prophet,63.333333,68.12457489550786,test
2016-05-15 04:00:00,2016-05-15 05:00:00,h1,1,Beijing,Prophet,63.583333,63.589115896351615,test
2016-05-15 05:00:00,2016-05-15 06:00:00,h1,1,Beijing,Prophet,58.25,67.48176380958765,test
2016-05-15 06:00:00,2016-05-15 07:00:00,h1,1,Beijing,Prophet,51.583333,61.49049269772286,test
2016-05-15 07:00:00,2016-05-15 08:00:00,h1,1,Beijing,Prophet,36.666667,56.141149105351666,test
2016-05-15 08:00:00,2016-05-15 09:00:00,h1,1,Beijing,Prophet,21.583333,36.59630528545697,test
2016-05-15 09:00:00,2016-05-15 10:00:00,h1,1,Beijing,Prophet,14.666667,19.8688666553492,test
2016-05-15 10:00:00,2016-05-15 11:00:00,h1,1,Beijing,Prophet,13.791667,13.028989053790195,test
2016-05-15 11:00:00,2016-05-15 12:00:00,h1,1,Beijing,Prophet,8.5,13.57636309281937,test
2016-05-15 12:00:00,2016-05-15 13:00:00,h1,1,Beijing,Prophet,9.166667,7.768961836823728,test
2016-05-15 13:00:00,2016-05-15 14:00:00,h1,1,Beijing,Prophet,12.333333,10.851535743838635,test
2016-05-15 14:00:00,2016-05-15 15:00:00,h1,1,Beijing,Prophet,8.75,14.396366931137699,test
2016-05-15 15:00:00,2016-05-15 16:00:00,h1,1,Beijing,Prophet,8.333333,8.272285644863459,test
2016-05-15 16:00:00,2016-05-15 17:00:00,h1,1,Beijing,Prophet,7.833333,9.777352595502421,test
2016-05-15 17:00:00,2016-05-15 18:00:00,h1,1,Beijing,Prophet,8.0,10.35888583264775,test
2016-05-15 18:00:00,2016-05-15 19:00:00,h1,1,Beijing,Prophet,14.416667,11.873139269702072,test
2016-05-15 19:00:00,2016-05-15 20:00:00,h1,1,Beijing,Prophet,15.833333,23.23442474783674,test
2016-05-15 20:00:00,2016-05-15 21:00:00,h1,1,Beijing,Prophet,36.0,25.39590516306982,test
2016-05-15 21:00:00,2016-05-15 22:00:00,h1,1,Beijing,Prophet,30.833333,48.93595844726583,test
2016-05-15 22:00:00,2016-05-15 23:00:00,h1,1,Beijing,Prophet,42.416667,33.09492047693119,test
2016-05-15 23:00:00,2016-05-16 00:00:00,h1,1,Beijing,Prophet,43.5,47.29670430512237,test
2016-05-16 00:00:00,2016-05-16 01:00:00,h1,1,Beijing,Prophet,24.833333,46.44380762984776,test
2016-05-16 01:00:00,2016-05-16 02:00:00,h1,1,Beijing,Prophet,17.583333,21.06827379756293,test
2016-05-16 02:00:00,2016-05-16 03:00:00,h1,1,Beijing,Prophet,14.333333,14.932199143829301,test
2016-05-16 03:00:00,2016-05-16 04:00:00,h1,1,Beijing,Prophet,21.25,16.73091854445248,test
2016-05-16 04:00:00,2016-05-16 05:00:00,h1,1,Beijing,Prophet,20.083333,27.201003340037033,test
2016-05-16 05:00:00,2016-05-16 06:00:00,h1,1,Beijing,Prophet,24.666667,23.68382318152918,test
2016-05-16 06:00:00,2016-05-16 07:00:00,h1,1,Beijing,Prophet,30.416667,30.47338000800912,test
2016-05-16 07:00:00,2016-05-16 08:00:00,h1,1,Beijing,Prophet,37.25,35.468259897442,test
2016-05-16 08:00:00,2016-05-16 09:00:00,h1,1,Beijing,Prophet,28.666667,41.106723860469124,test
2016-05-16 09:00:00,2016-05-16 10:00:00,h1,1,Beijing,Prophet,31.75,28.293139100551212,test
2016-05-16 10:00:00,2016-05-16 11:00:00,h1,1,Beijing,Prophet,23.5,32.80388875027538,test
2016-05-16 11:00:00,2016-05-16 12:00:00,h1,1,Beijing,Prophet,21.583333,21.612536242755272,test
2016-05-16 12:00:00,2016-05-16 13:00:00,h1,1,Beijing,Prophet,22.25,21.411198025375644,test
2016-05-16 13:00:00,2016-05-16 14:00:00,h1,1,Beijing,Prophet,19.666667,22.34764914041383,test
2016-05-16 14:00:00,2016-05-16 15:00:00,h1,1,Beijing,Prophet,12.0,19.31863065041196,test
2016-05-16 15:00:00,2016-05-16 16:00:00,h1,1,Beijing,Prophet,10.805556,10.742247492941537,test
2016-05-16 16:00:00,2016-05-16 17:00:00,h1,1,Beijing,Prophet,10.527778,12.821229692786464,test
2016-05-16 17:00:00,2016-05-16 18:00:00,h1,1,Beijing,Prophet,12.833333,13.229950980009594,test
2016-05-16 18:00:00,2016-05-16 19:00:00,h1,1,Beijing,Prophet,17.666667,17.488943117854394,test
2016-05-16 19:00:00,2016-05-16 20:00:00,h1,1,Beijing,Prophet,18.916667,22.78573273616616,test
2016-05-16 20:00:00,2016-05-16 21:00:00,h1,1,Beijing,Prophet,23.916667,22.08222113961975,test
2016-05-16 21:00:00,2016-05-16 22:00:00,h1,1,Beijing,Prophet,27.25,27.22655227992493,test
2016-05-16 22:00:00,2016-05-16 23:00:00,h1,1,Beijing,Prophet,32.916667,28.686533843995996,test
2016-05-16 23:00:00,2016-05-17 00:00:00,h1,1,Beijing,Prophet,34.083333,33.86555079285452,test
2016-05-17 00:00:00,2016-05-17 01:00:00,h1,1,Beijing,Prophet,36.166667,35.07272275366753,test
2016-05-17 01:00:00,2016-05-17 02:00:00,h1,1,Beijing,Prophet,37.416667,39.86067199213229,test
2016-05-17 02:00:00,2016-05-17 03:00:00,h1,1,Beijing,Prophet,36.166667,41.67321902077914,test
2016-05-17 03:00:00,2016-05-17 04:00:00,h1,1,Beijing,Prophet,32.416667,40.35263882877952,test
2016-05-17 04:00:00,2016-05-17 05:00:00,h1,1,Beijing,Prophet,34.75,35.86023308787048,test
2016-05-17 05:00:00,2016-05-17 06:00:00,h1,1,Beijing,Prophet,35.166667,39.465916549960305,test
2016-05-17 06:00:00,2016-05-17 07:00:00,h1,1,Beijing,Prophet,40.25,40.36160557552279,test
2016-05-17 07:00:00,2016-05-17 08:00:00,h1,1,Beijing,Prophet,51.833333,45.9956259757275,test
2016-05-17 08:00:00,2016-05-17 09:00:00,h1,1,Beijing,Prophet,57.5,57.77479355670199,test
2016-05-17 09:00:00,2016-05-17 10:00:00,h1,1,Beijing,Prophet,63.75,62.523992047819746,test
2016-05-17 10:00:00,2016-05-17 11:00:00,h1,1,Beijing,Prophet,70.583333,68.01191410746317,test
2016-05-17 11:00:00,2016-05-17 12:00:00,h1,1,Beijing,Prophet,82.75,73.89020477806397,test
2016-05-17 12:00:00,2016-05-17 13:00:00,h1,1,Beijing,Prophet,89.916667,85.84091929468548,test
2016-05-17 13:00:00,2016-05-17 14:00:00,h1,1,Beijing,Prophet,86.833333,89.4645874235787,test
2016-05-17 14:00:00,2016-05-17 15:00:00,h1,1,Beijing,Prophet,82.083333,82.1757247806936,test
2016-05-17 15:00:00,2016-05-17 16:00:00,h1,1,Beijing,Prophet,66.583333,74.98771448250469,test
2016-05-17 16:00:00,2016-05-17 17:00:00,h1,1,Beijing,Prophet,58.083333,56.21946792488879,test
2016-05-17 17:00:00,2016-05-17 18:00:00,h1,1,Beijing,Prophet,58.0,51.32606120569867,test
2016-05-17 18:00:00,2016-05-17 19:00:00,h1,1,Beijing,Prophet,68.083333,56.934438307796455,test
2016-05-17 19:00:00,2016-05-17 20:00:00,h1,1,Beijing,Prophet,64.75,71.41781799264399,test
2016-05-17 20:00:00,2016-05-17 21:00:00,h1,1,Beijing,Prophet,60.833333,64.2064784990836,test
2016-05-17 21:00:00,2016-05-17 22:00:00,h1,1,Beijing,Prophet,53.583333,58.66717579334785,test
2016-05-17 22:00:00,2016-05-17 23:00:00,h1,1,Beijing,Prophet,48.916667,48.7455228721396,test
2016-05-17 23:00:00,2016-05-18 00:00:00,h1,1,Beijing,Prophet,45.75,45.39260924851914,test
2016-05-18 00:00:00,2016-05-18 01:00:00,h1,1,Beijing,Prophet,45.833333,44.82790756018463,test
2016-05-18 01:00:00,2016-05-18 02:00:00,h1,1,Beijing,Prophet,49.083333,47.35524362643783,test
2016-05-18 02:00:00,2016-05-18 03:00:00,h1,1,Beijing,Prophet,50.333333,50.153084949770104,test
2016-05-18 03:00:00,2016-05-18 04:00:00,h1,1,Beijing,Prophet,50.75,51.12526406383725,test
2016-05-18 04:00:00,2016-05-18 05:00:00,h1,1,Beijing,Prophet,55.0,52.660203221730725,test
2016-05-18 05:00:00,2016-05-18 06:00:00,h1,1,Beijing,Prophet,56.333333,59.09523282730735,test
2016-05-18 06:00:00,2016-05-18 07:00:00,h1,1,Beijing,Prophet,62.666667,60.449958089674844,test
2016-05-18 07:00:00,2016-05-18 08:00:00,h1,1,Beijing,Prophet,71.833333,67.87125792148728,test
2016-05-18 08:00:00,2016-05-18 09:00:00,h1,1,Beijing,Prophet,75.083333,76.68916272669118,test
2016-05-18 09:00:00,2016-05-18 10:00:00,h1,1,Beijing,Prophet,78.75,77.39136945831845,test
2016-05-18 10:00:00,2016-05-18 11:00:00,h1,1,Beijing,Prophet,82.083333,80.42152499714447,test
2016-05-18 11:00:00,2016-05-18 12:00:00,h1,1,Beijing,Prophet,73.0,80.83144825508379,test
2016-05-18 12:00:00,2016-05-18 13:00:00,h1,1,Beijing,Prophet,58.416667,66.32764381046549,test
2016-05-18 13:00:00,2016-05-18 14:00:00,h1,1,Beijing,Prophet,51.083333,51.08962370278259,test
2016-05-18 14:00:00,2016-05-18 15:00:00,h1,1,Beijing,Prophet,49.583333,48.32486210519875,test
2016-05-18 15:00:00,2016-05-18 16:00:00,h1,1,Beijing,Prophet,49.083333,49.39364717003457,test
2016-05-18 16:00:00,2016-05-18 17:00:00,h1,1,Beijing,Prophet,47.75,49.29843110480879,test
2016-05-18 17:00:00,2016-05-18 18:00:00,h1,1,Beijing,Prophet,51.0,49.152573362178885,test
2016-05-18 18:00:00,2016-05-18 19:00:00,h1,1,Beijing,Prophet,54.416667,54.94890583322416,test
2016-05-18 19:00:00,2016-05-18 20:00:00,h1,1,Beijing,Prophet,56.416667,59.49795706872521,test
2016-05-18 20:00:00,2016-05-18 21:00:00,h1,1,Beijing,Prophet,61.666667,61.15938951740726,test
2016-05-18 21:00:00,2016-05-18 22:00:00,h1,1,Beijing,Prophet,66.75,65.63614895524438,test
2016-05-18 22:00:00,2016-05-18 23:00:00,h1,1,Beijing,Prophet,72.583333,68.57501877920457,test
2016-05-18 23:00:00,2016-05-19 00:00:00,h1,1,Beijing,Prophet,78.083333,73.72045855130635,test
2016-05-19 00:00:00,2016-05-19 01:00:00,h1,1,Beijing,Prophet,78.5,79.17441089625532,test
2016-05-19 01:00:00,2016-05-19 02:00:00,h1,1,Beijing,Prophet,82.5,78.8410758571651,test
2016-05-19 02:00:00,2016-05-19 03:00:00,h1,1,Beijing,Prophet,82.666667,85.70665375710988,test
2016-05-19 03:00:00,2016-05-19 04:00:00,h1,1,Beijing,Prophet,87.083333,85.9306796120953,test
2016-05-19 04:00:00,2016-05-19 05:00:00,h1,1,Beijing,Prophet,90.583333,90.36035847127778,test
2016-05-19 05:00:00,2016-05-19 06:00:00,h1,1,Beijing,Prophet,97.916667,93.24000873874168,test
2016-05-19 06:00:00,2016-05-19 07:00:00,h1,1,Beijing,Prophet,104.833333,102.58303725346306,test
2016-05-19 07:00:00,2016-05-19 08:00:00,h1,1,Beijing,Prophet,115.416667,109.66160749205494,test
2016-05-19 08:00:00,2016-05-19 09:00:00,h1,1,Beijing,Prophet,116.5,119.3887683210362,test
2016-05-19 09:00:00,2016-05-19 10:00:00,h1,1,Beijing,Prophet,113.833333,117.6000644120412,test
2016-05-19 10:00:00,2016-05-19 11:00:00,h1,1,Beijing,Prophet,108.416667,111.01223426596823,test
2016-05-19 11:00:00,2016-05-19 12:00:00,h1,1,Beijing,Prophet,94.0,101.6670887681874,test
2016-05-19 12:00:00,2016-05-19 13:00:00,h1,1,Beijing,Prophet,84.111111,83.11903841478467,test
2016-05-19 13:00:00,2016-05-19 14:00:00,h1,1,Beijing,Prophet,76.638889,76.23407583267779,test
2016-05-19 14:00:00,2016-05-19 15:00:00,h1,1,Beijing,Prophet,68.833333,70.2709071453366,test
2016-05-19 15:00:00,2016-05-19 16:00:00,h1,1,Beijing,Prophet,64.666667,64.20787004574836,test
2016-05-19 16:00:00,2016-05-19 17:00:00,h1,1,Beijing,Prophet,60.416667,62.58162155297822,test
2016-05-19 17:00:00,2016-05-19 18:00:00,h1,1,Beijing,Prophet,59.166667,59.885956959182316,test
2016-05-19 18:00:00,2016-05-19 19:00:00,h1,1,Beijing,Prophet,61.083333,60.33436263491345,test
2016-05-19 19:00:00,2016-05-19 20:00:00,h1,1,Beijing,Prophet,67.75,64.27464741537167,test
2016-05-19 20:00:00,2016-05-19 21:00:00,h1,1,Beijing,Prophet,71.583333,71.81880079445523,test
2016-05-19 21:00:00,2016-05-19 22:00:00,h1,1,Beijing,Prophet,82.166667,74.37080459391842,test
2016-05-19 22:00:00,2016-05-19 23:00:00,h1,1,Beijing,Prophet,86.083333,85.2753122857535,test
2016-05-19 23:00:00,2016-05-20 00:00:00,h1,1,Beijing,Prophet,82.333333,85.18476081703272,test
2016-05-20 00:00:00,2016-05-20 01:00:00,h1,1,Beijing,Prophet,79.583333,81.83932932737491,test
2016-05-20 01:00:00,2016-05-20 02:00:00,h1,1,Beijing,Prophet,83.666667,81.20213189977429,test
2016-05-20 02:00:00,2016-05-20 03:00:00,h1,1,Beijing,Prophet,99.75,88.09506309638226,test
2016-05-20 03:00:00,2016-05-20 04:00:00,h1,1,Beijing,Prophet,103.416667,105.69336841465372,test
2016-05-20 04:00:00,2016-05-20 05:00:00,h1,1,Beijing,Prophet,99.916667,105.45352339821467,test
2016-05-20 05:00:00,2016-05-20 06:00:00,h1,1,Beijing,Prophet,105.5,100.82023733904768,test
2016-05-20 06:00:00,2016-05-20 07:00:00,h1,1,Beijing,Prophet,107.083333,109.26514769627626,test
2016-05-20 07:00:00,2016-05-20 08:00:00,h1,1,Beijing,Prophet,114.416667,109.72444379087598,test
2016-05-20 08:00:00,2016-05-20 09:00:00,h1,1,Beijing,Prophet,113.75,117.08141737582292,test
2016-05-20 09:00:00,2016-05-20 10:00:00,h1,1,Beijing,Prophet,111.75,111.48302202686682,test
2016-05-20 10:00:00,2016-05-20 11:00:00,h1,1,Beijing,Prophet,109.083333,109.9616326909725,test
2016-05-20 11:00:00,2016-05-20 12:00:00,h1,1,Beijing,Prophet,105.166667,105.79314804036625,test
2016-05-20 12:00:00,2016-05-20 13:00:00,h1,1,Beijing,Prophet,98.416667,101.22438608862171,test
2016-05-20 13:00:00,2016-05-20 14:00:00,h1,1,Beijing,Prophet,90.583333,92.61255299398599,test
2016-05-20 14:00:00,2016-05-20 15:00:00,h1,1,Beijing,Prophet,89.916667,85.8982964360174,test
2016-05-20 15:00:00,2016-05-20 16:00:00,h1,1,Beijing,Prophet,81.416667,87.37897316426637,test
2016-05-20 16:00:00,2016-05-20 17:00:00,h1,1,Beijing,Prophet,72.5,76.58830547248263,test
2016-05-20 17:00:00,2016-05-20 18:00:00,h1,1,Beijing,Prophet,60.083333,68.54373394152425,test
2016-05-20 18:00:00,2016-05-20 19:00:00,h1,1,Beijing,Prophet,50.0,58.24036177014317,test
2016-05-20 19:00:00,2016-05-20 20:00:00,h1,1,Beijing,Prophet,48.0625,50.2478087427576,test
2016-05-20 20:00:00,2016-05-20 21:00:00,h1,1,Beijing,Prophet,57.875,51.22195469248428,test
2016-05-20 21:00:00,2016-05-20 22:00:00,h1,1,Beijing,Prophet,69.1875,63.67939286958778,test
2016-05-20 22:00:00,2016-05-20 23:00:00,h1,1,Beijing,Prophet,74.25,73.41760294571068,test
2016-05-20 23:00:00,2016-05-21 00:00:00,h1,1,Beijing,Prophet,74.333333,76.36820680908474,test
2016-05-21 00:00:00,2016-05-21 01:00:00,h1,1,Beijing,Prophet,73.5,76.54993510064244,test
2016-05-21 01:00:00,2016-05-21 02:00:00,h1,1,Beijing,Prophet,77.166667,76.37835227263312,test
2016-05-21 02:00:00,2016-05-21 03:00:00,h1,1,Beijing,Prophet,76.0,80.41564892733706,test
2016-05-21 03:00:00,2016-05-21 04:00:00,h1,1,Beijing,Prophet,77.5,77.60134630435545,test
2016-05-21 04:00:00,2016-05-21 05:00:00,h1,1,Beijing,Prophet,81.916667,78.81991386535297,test
2016-05-21 05:00:00,2016-05-21 06:00:00,h1,1,Beijing,Prophet,88.333333,84.5887106465205,test
2016-05-21 06:00:00,2016-05-21 07:00:00,h1,1,Beijing,Prophet,91.0,93.07715840387326,test
2016-05-21 07:00:00,2016-05-21 08:00:00,h1,1,Beijing,Prophet,90.0,95.34618489711929,test
2016-05-21 08:00:00,2016-05-21 09:00:00,h1,1,Beijing,Prophet,83.416667,90.64695124352049,test
2016-05-21 09:00:00,2016-05-21 10:00:00,h1,1,Beijing,Prophet,82.083333,82.14659145874793,test
2016-05-21 10:00:00,2016-05-21 11:00:00,h1,1,Beijing,Prophet,79.5,82.72903974062633,test
2016-05-21 11:00:00,2016-05-21 12:00:00,h1,1,Beijing,Prophet,79.25,78.20729981436784,test
2016-05-21 12:00:00,2016-05-21 13:00:00,h1,1,Beijing,Prophet,80.166667,78.82324041023529,test
2016-05-21 13:00:00,2016-05-21 14:00:00,h1,1,Beijing,Prophet,79.666667,79.84301129970231,test
2016-05-21 14:00:00,2016-05-21 15:00:00,h1,1,Beijing,Prophet,69.0,77.18470812355251,test
2016-05-21 15:00:00,2016-05-21 16:00:00,h1,1,Beijing,Prophet,64.416667,65.2038895300929,test
2016-05-21 16:00:00,2016-05-21 17:00:00,h1,1,Beijing,Prophet,50.333333,61.97173181090264,test
2016-05-21 17:00:00,2016-05-21 18:00:00,h1,1,Beijing,Prophet,38.5,46.50278979038812,test
2016-05-21 18:00:00,2016-05-21 19:00:00,h1,1,Beijing,Prophet,33.083333,36.67303996806531,test
2016-05-21 19:00:00,2016-05-21 20:00:00,h1,1,Beijing,Prophet,37.083333,35.03930445805971,test
2016-05-21 20:00:00,2016-05-21 21:00:00,h1,1,Beijing,Prophet,46.75,43.92406552410065,test
2016-05-21 21:00:00,2016-05-21 22:00:00,h1,1,Beijing,Prophet,47.75,53.2601532005898,test
2016-05-21 22:00:00,2016-05-21 23:00:00,h1,1,Beijing,Prophet,44.083333,50.70681462301249,test
2016-05-21 23:00:00,2016-05-22 00:00:00,h1,1,Beijing,Prophet,45.0,46.66889302590664,test
2016-05-22 00:00:00,2016-05-22 01:00:00,h1,1,Beijing,Prophet,49.25,48.695099680576405,test
2016-05-22 01:00:00,2016-05-22 02:00:00,h1,1,Beijing,Prophet,49.5,54.09816339931652,test
2016-05-22 02:00:00,2016-05-22 03:00:00,h1,1,Beijing,Prophet,50.416667,52.777910406532406,test
2016-05-22 03:00:00,2016-05-22 04:00:00,h1,1,Beijing,Prophet,53.208333,52.745713485138154,test
2016-05-22 04:00:00,2016-05-22 05:00:00,h1,1,Beijing,Prophet,55.666667,56.23786724663343,test
2016-05-22 05:00:00,2016-05-22 06:00:00,h1,1,Beijing,Prophet,51.166667,58.76459572857266,test
2016-05-22 06:00:00,2016-05-22 07:00:00,h1,1,Beijing,Prophet,46.583333,53.282493692299134,test
2016-05-22 07:00:00,2016-05-22 08:00:00,h1,1,Beijing,Prophet,46.083333,49.768392727718926,test
2016-05-22 08:00:00,2016-05-22 09:00:00,h1,1,Beijing,Prophet,48.5,50.19149398502425,test
2016-05-22 09:00:00,2016-05-22 10:00:00,h1,1,Beijing,Prophet,42.916667,51.277365300316106,test
2016-05-22 10:00:00,2016-05-22 11:00:00,h1,1,Beijing,Prophet,42.416667,42.693228000173406,test
2016-05-22 11:00:00,2016-05-22 12:00:00,h1,1,Beijing,Prophet,41.583333,43.51092562312413,test
2016-05-22 12:00:00,2016-05-22 13:00:00,h1,1,Beijing,Prophet,44.25,44.27151457004094,test
2016-05-22 13:00:00,2016-05-22 14:00:00,h1,1,Beijing,Prophet,42.666667,47.37954874879674,test
2016-05-22 14:00:00,2016-05-22 15:00:00,h1,1,Beijing,Prophet,43.333333,43.61087901374599,test
2016-05-22 15:00:00,2016-05-22 16:00:00,h1,1,Beijing,Prophet,44.583333,45.10351599996343,test
2016-05-22 16:00:00,2016-05-22 17:00:00,h1,1,Beijing,Prophet,44.75,46.52745681994427,test
2016-05-22 17:00:00,2016-05-22 18:00:00,h1,1,Beijing,Prophet,44.75,47.466203605509875,test
2016-05-22 18:00:00,2016-05-22 19:00:00,h1,1,Beijing,Prophet,41.166667,48.877780155452555,test
2016-05-22 19:00:00,2016-05-22 20:00:00,h1,1,Beijing,Prophet,40.083333,44.545799821595814,test
2016-05-22 20:00:00,2016-05-22 21:00:00,h1,1,Beijing,Prophet,47.583333,43.972293167521116,test
2016-05-22 21:00:00,2016-05-22 22:00:00,h1,1,Beijing,Prophet,52.833333,53.5031916832106,test
2016-05-22 22:00:00,2016-05-22 23:00:00,h1,1,Beijing,Prophet,60.166667,57.83571081597453,test
2016-05-22 23:00:00,2016-05-23 00:00:00,h1,1,Beijing,Prophet,62.333333,62.80517009877631,test
2016-05-23 00:00:00,2016-05-23 01:00:00,h1,1,Beijing,Prophet,57.25,62.4355504915545,test
2016-05-23 01:00:00,2016-05-23 02:00:00,h1,1,Beijing,Prophet,55.583333,56.37328824751507,test
2016-05-23 02:00:00,2016-05-23 03:00:00,h1,1,Beijing,Prophet,60.583333,57.059934297229454,test
2016-05-23 03:00:00,2016-05-23 04:00:00,h1,1,Beijing,Prophet,67.833333,62.769211739873384,test
2016-05-23 04:00:00,2016-05-23 05:00:00,h1,1,Beijing,Prophet,71.833333,69.90575917601697,test
2016-05-23 05:00:00,2016-05-23 06:00:00,h1,1,Beijing,Prophet,75.333333,73.16827757940672,test
2016-05-23 06:00:00,2016-05-23 07:00:00,h1,1,Beijing,Prophet,80.666667,78.52233649752017,test
2016-05-23 07:00:00,2016-05-23 08:00:00,h1,1,Beijing,Prophet,84.166667,87.10267875897316,test
2016-05-23 08:00:00,2016-05-23 09:00:00,h1,1,Beijing,Prophet,88.458333,91.22504711057762,test
2016-05-23 09:00:00,2016-05-23 10:00:00,h1,1,Beijing,Prophet,86.166667,94.46988832286337,test
2016-05-23 10:00:00,2016-05-23 11:00:00,h1,1,Beijing,Prophet,86.25,88.79065848811325,test
2016-05-23 11:00:00,2016-05-23 12:00:00,h1,1,Beijing,Prophet,88.75,87.91581888117278,test
2016-05-23 12:00:00,2016-05-23 13:00:00,h1,1,Beijing,Prophet,97.833333,90.7979403487063,test
2016-05-23 13:00:00,2016-05-23 14:00:00,h1,1,Beijing,Prophet,90.0,100.25704820089905,test
2016-05-23 14:00:00,2016-05-23 15:00:00,h1,1,Beijing,Prophet,79.333333,86.90553842822023,test
2016-05-23 15:00:00,2016-05-23 16:00:00,h1,1,Beijing,Prophet,68.0,69.95542933681682,test
2016-05-23 16:00:00,2016-05-23 17:00:00,h1,1,Beijing,Prophet,61.666667,63.4259780225549,test
2016-05-23 17:00:00,2016-05-23 18:00:00,h1,1,Beijing,Prophet,56.75,61.392566526661696,test
2016-05-23 18:00:00,2016-05-23 19:00:00,h1,1,Beijing,Prophet,41.25,59.354232628137176,test
2016-05-23 19:00:00,2016-05-23 20:00:00,h1,1,Beijing,Prophet,14.833333,40.826122616819944,test
2016-05-23 20:00:00,2016-05-23 21:00:00,h1,1,Beijing,Prophet,7.25,10.485227592435475,test
2016-05-23 21:00:00,2016-05-23 22:00:00,h1,1,Beijing,Prophet,6.666667,8.851673607360269,test
2016-05-23 22:00:00,2016-05-23 23:00:00,h1,1,Beijing,Prophet,6.416667,10.006692921392002,test
2016-05-23 23:00:00,2016-05-24 00:00:00,h1,1,Beijing,Prophet,6.75,10.722415396662786,test
2016-05-24 00:00:00,2016-05-24 01:00:00,h1,1,Beijing,Prophet,9.583333,12.036503284437405,test
2016-05-24 01:00:00,2016-05-24 02:00:00,h1,1,Beijing,Prophet,11.0,16.47051388321196,test
2016-05-24 02:00:00,2016-05-24 03:00:00,h1,1,Beijing,Prophet,8.25,16.927590003320077,test
2016-05-24 03:00:00,2016-05-24 04:00:00,h1,1,Beijing,Prophet,14.416667,12.967750140230443,test
2016-05-24 04:00:00,2016-05-24 05:00:00,h1,1,Beijing,Prophet,22.0,20.062635190152367,test
2016-05-24 05:00:00,2016-05-24 06:00:00,h1,1,Beijing,Prophet,31.833333,28.669858306874726,test
2016-05-24 06:00:00,2016-05-24 07:00:00,h1,1,Beijing,Prophet,38.25,40.02201104120967,test
2016-05-24 07:00:00,2016-05-24 08:00:00,h1,1,Beijing,Prophet,36.5,45.5911526768095,test
2016-05-24 08:00:00,2016-05-24 09:00:00,h1,1,Beijing,Prophet,29.875,42.31439473776443,test
2016-05-24 09:00:00,2016-05-24 10:00:00,h1,1,Beijing,Prophet,20.5,33.39621715272948,test
2016-05-24 10:00:00,2016-05-24 11:00:00,h1,1,Beijing,Prophet,17.770833,20.17509081845501,test
2016-05-24 11:00:00,2016-05-24 12:00:00,h1,1,Beijing,Prophet,16.375,18.050150754266316,test
2016-05-24 12:00:00,2016-05-24 13:00:00,h1,1,Beijing,Prophet,16.479167,17.831557377011727,test
2016-05-24 13:00:00,2016-05-24 14:00:00,h1,1,Beijing,Prophet,13.416667,17.578178624238962,test
2016-05-24 14:00:00,2016-05-24 15:00:00,h1,1,Beijing,Prophet,12.333333,14.407563695771405,test
2016-05-24 15:00:00,2016-05-24 16:00:00,h1,1,Beijing,Prophet,11.583333,14.667428576435107,test
2016-05-24 16:00:00,2016-05-24 17:00:00,h1,1,Beijing,Prophet,13.833333,13.42392651340175,test
2016-05-24 17:00:00,2016-05-24 18:00:00,h1,1,Beijing,Prophet,19.0,18.32139917004223,test
2016-05-24 18:00:00,2016-05-24 19:00:00,h1,1,Beijing,Prophet,24.0,25.680689065673995,test
2016-05-24 19:00:00,2016-05-24 20:00:00,h1,1,Beijing,Prophet,22.666667,29.39422666260441,test
2016-05-24 20:00:00,2016-05-24 21:00:00,h1,1,Beijing,Prophet,22.375,24.772380377182152,test
2016-05-24 21:00:00,2016-05-24 22:00:00,h1,1,Beijing,Prophet,13.916667,23.20799701968513,test
2016-05-24 22:00:00,2016-05-24 23:00:00,h1,1,Beijing,Prophet,7.583333,11.43701854800107,test
2016-05-24 23:00:00,2016-05-25 00:00:00,h1,1,Beijing,Prophet,5.833333,7.256346449890863,test
2016-05-25 00:00:00,2016-05-25 01:00:00,h1,1,Beijing,Prophet,8.416667,5.821055178859574,test
2016-05-25 01:00:00,2016-05-25 02:00:00,h1,1,Beijing,Prophet,5.5,12.379457214099151,test
2016-05-25 02:00:00,2016-05-25 03:00:00,h1,1,Beijing,Prophet,7.083333,8.45981155624603,test
2016-05-25 03:00:00,2016-05-25 04:00:00,h1,1,Beijing,Prophet,8.916667,9.68234781279768,test
2016-05-25 04:00:00,2016-05-25 05:00:00,h1,1,Beijing,Prophet,10.75,11.79910805162924,test
2016-05-25 05:00:00,2016-05-25 06:00:00,h1,1,Beijing,Prophet,8.333333,14.444282182260736,test
2016-05-25 06:00:00,2016-05-25 07:00:00,h1,1,Beijing,Prophet,8.083333,12.082282452377324,test
2016-05-25 07:00:00,2016-05-25 08:00:00,h1,1,Beijing,Prophet,11.375,11.293693933186653,test
2016-05-25 08:00:00,2016-05-25 09:00:00,h1,1,Beijing,Prophet,9.25,17.176697390480673,test
2016-05-25 09:00:00,2016-05-25 10:00:00,h1,1,Beijing,Prophet,10.166667,12.906193441385987,test
2016-05-25 10:00:00,2016-05-25 11:00:00,h1,1,Beijing,Prophet,12.583333,13.877027801197105,test
2016-05-25 11:00:00,2016-05-25 12:00:00,h1,1,Beijing,Prophet,10.5,17.159637940124387,test
2016-05-25 12:00:00,2016-05-25 13:00:00,h1,1,Beijing,Prophet,10.333333,13.386278148806003,test
2016-05-25 13:00:00,2016-05-25 14:00:00,h1,1,Beijing,Prophet,11.583333,13.754082559321304,test
2016-05-25 14:00:00,2016-05-25 15:00:00,h1,1,Beijing,Prophet,13.416667,16.071052728140927,test
2016-05-25 15:00:00,2016-05-25 16:00:00,h1,1,Beijing,Prophet,12.0,18.150074743046535,test
2016-05-25 16:00:00,2016-05-25 17:00:00,h1,1,Beijing,Prophet,14.25,16.431401979741086,test
2016-05-25 17:00:00,2016-05-25 18:00:00,h1,1,Beijing,Prophet,15.75,20.65429651372224,test
2016-05-25 18:00:00,2016-05-25 19:00:00,h1,1,Beijing,Prophet,14.833333,21.71140652046676,test
2016-05-25 19:00:00,2016-05-25 20:00:00,h1,1,Beijing,Prophet,16.25,20.488020181098452,test
2016-05-25 20:00:00,2016-05-25 21:00:00,h1,1,Beijing,Prophet,16.666667,22.82925151584389,test
2016-05-25 21:00:00,2016-05-25 22:00:00,h1,1,Beijing,Prophet,18.75,22.029194339938112,test
2016-05-25 22:00:00,2016-05-25 23:00:00,h1,1,Beijing,Prophet,22.5,22.6242744468208,test
2016-05-25 23:00:00,2016-05-26 00:00:00,h1,1,Beijing,Prophet,20.833333,27.34387369455603,test
2016-05-26 00:00:00,2016-05-26 01:00:00,h1,1,Beijing,Prophet,23.5,25.56269443032801,test
2016-05-26 01:00:00,2016-05-26 02:00:00,h1,1,Beijing,Prophet,23.25,29.562309361654634,test
2016-05-26 02:00:00,2016-05-26 03:00:00,h1,1,Beijing,Prophet,28.333333,26.008186634058266,test
2016-05-26 03:00:00,2016-05-26 04:00:00,h1,1,Beijing,Prophet,40.625,33.2587641473278,test
2016-05-26 04:00:00,2016-05-26 05:00:00,h1,1,Beijing,Prophet,41.5,44.263010643717976,test
2016-05-26 05:00:00,2016-05-26 06:00:00,h1,1,Beijing,Prophet,37.916667,41.32381071963743,test
2016-05-26 06:00:00,2016-05-26 07:00:00,h1,1,Beijing,Prophet,32.75,38.3566065412151,test
2016-05-26 07:00:00,2016-05-26 08:00:00,h1,1,Beijing,Prophet,27.25,33.42361173850536,test
2016-05-26 08:00:00,2016-05-26 09:00:00,h1,1,Beijing,Prophet,19.166667,27.0043821657612,test
2016-05-26 09:00:00,2016-05-26 10:00:00,h1,1,Beijing,Prophet,15.166667,18.061885841619663,test
2016-05-26 10:00:00,2016-05-26 11:00:00,h1,1,Beijing,Prophet,12.916667,15.17247439577363,test
2016-05-26 11:00:00,2016-05-26 12:00:00,h1,1,Beijing,Prophet,13.333333,14.402696248799643,test
2016-05-26 12:00:00,2016-05-26 13:00:00,h1,1,Beijing,Prophet,12.166667,15.110022183344302,test
2016-05-26 13:00:00,2016-05-26 14:00:00,h1,1,Beijing,Prophet,11.666667,14.195860292892629,test
2016-05-26 14:00:00,2016-05-26 15:00:00,h1,1,Beijing,Prophet,11.083333,13.835389416070914,test
2016-05-26 15:00:00,2016-05-26 16:00:00,h1,1,Beijing,Prophet,13.166667,13.53979275936831,test
2016-05-26 16:00:00,2016-05-26 17:00:00,h1,1,Beijing,Prophet,12.583333,17.29296000736904,test
2016-05-26 17:00:00,2016-05-26 18:00:00,h1,1,Beijing,Prophet,14.416667,16.209736820884984,test
2016-05-26 18:00:00,2016-05-26 19:00:00,h1,1,Beijing,Prophet,16.166667,19.564286704750458,test
2016-05-26 19:00:00,2016-05-26 20:00:00,h1,1,Beijing,Prophet,21.833333,22.669714282218216,test
2016-05-26 20:00:00,2016-05-26 21:00:00,h1,1,Beijing,Prophet,23.25,27.850094638571367,test
2016-05-26 21:00:00,2016-05-26 22:00:00,h1,1,Beijing,Prophet,24.083333,27.151235437967017,test
2016-05-26 22:00:00,2016-05-26 23:00:00,h1,1,Beijing,Prophet,26.0,26.243132001109828,test
2016-05-26 23:00:00,2016-05-27 00:00:00,h1,1,Beijing,Prophet,25.333333,27.705469343330492,test
2016-05-27 00:00:00,2016-05-27 01:00:00,h1,1,Beijing,Prophet,25.666667,27.202753316589178,test
2016-05-27 01:00:00,2016-05-27 02:00:00,h1,1,Beijing,Prophet,25.5,27.829808601221664,test
2016-05-27 02:00:00,2016-05-27 03:00:00,h1,1,Beijing,Prophet,26.083333,27.745178479640295,test
2016-05-27 03:00:00,2016-05-27 04:00:00,h1,1,Beijing,Prophet,30.0,29.891063288220273,test
2016-05-27 04:00:00,2016-05-27 05:00:00,h1,1,Beijing,Prophet,30.75,34.67468238732694,test
2016-05-27 05:00:00,2016-05-27 06:00:00,h1,1,Beijing,Prophet,35.0,34.71123042228568,test
2016-05-27 06:00:00,2016-05-27 07:00:00,h1,1,Beijing,Prophet,33.416667,40.40495238172662,test
2016-05-27 07:00:00,2016-05-27 08:00:00,h1,1,Beijing,Prophet,41.75,37.50813188718506,test
2016-05-27 08:00:00,2016-05-27 09:00:00,h1,1,Beijing,Prophet,52.5,48.012026774961726,test
2016-05-27 09:00:00,2016-05-27 10:00:00,h1,1,Beijing,Prophet,61.333333,58.757264265838955,test
2016-05-27 10:00:00,2016-05-27 11:00:00,h1,1,Beijing,Prophet,55.833333,66.45143648806341,test
2016-05-27 11:00:00,2016-05-27 12:00:00,h1,1,Beijing,Prophet,52.763889,55.77561307116275,test
2016-05-27 12:00:00,2016-05-27 13:00:00,h1,1,Beijing,Prophet,52.694444,51.15133568958298,test
2016-05-27 13:00:00,2016-05-27 14:00:00,h1,1,Beijing,Prophet,49.75,51.55835733584301,test
2016-05-27 14:00:00,2016-05-27 15:00:00,h1,1,Beijing,Prophet,61.472222,49.03695719492894,test
2016-05-27 15:00:00,2016-05-27 16:00:00,h1,1,Beijing,Prophet,64.652778,62.933296416847995,test
2016-05-27 16:00:00,2016-05-27 17:00:00,h1,1,Beijing,Prophet,59.833333,61.641420931390144,test
2016-05-27 17:00:00,2016-05-27 18:00:00,h1,1,Beijing,Prophet,53.083333,56.29118413563059,test
2016-05-27 18:00:00,2016-05-27 19:00:00,h1,1,Beijing,Prophet,71.0,51.06036800909726,test
2016-05-27 19:00:00,2016-05-27 20:00:00,h1,1,Beijing,Prophet,74.416667,77.01605336960168,test
2016-05-27 20:00:00,2016-05-27 21:00:00,h1,1,Beijing,Prophet,57.166667,75.33403117950556,test
2016-05-27 21:00:00,2016-05-27 22:00:00,h1,1,Beijing,Prophet,44.75,50.29489692021757,test
2016-05-27 22:00:00,2016-05-27 23:00:00,h1,1,Beijing,Prophet,41.0,38.60202147456325,test
2016-05-27 23:00:00,2016-05-28 00:00:00,h1,1,Beijing,Prophet,36.833333,39.055617396534174,test
2016-05-28 00:00:00,2016-05-28 01:00:00,h1,1,Beijing,Prophet,37.083333,36.359036657849195,test
2016-05-28 01:00:00,2016-05-28 02:00:00,h1,1,Beijing,Prophet,36.083333,39.77261692639804,test
2016-05-28 02:00:00,2016-05-28 03:00:00,h1,1,Beijing,Prophet,41.666667,39.14971879830604,test
2016-05-28 03:00:00,2016-05-28 04:00:00,h1,1,Beijing,Prophet,44.916667,45.32662616647788,test
2016-05-28 04:00:00,2016-05-28 05:00:00,h1,1,Beijing,Prophet,52.666667,48.01805696344594,test
2016-05-28 05:00:00,2016-05-28 06:00:00,h1,1,Beijing,Prophet,53.083333,58.46710211097208,test
2016-05-28 06:00:00,2016-05-28 07:00:00,h1,1,Beijing,Prophet,63.583333,58.25322120583504,test
2016-05-28 07:00:00,2016-05-28 08:00:00,h1,1,Beijing,Prophet,65.083333,71.80768102808328,test
2016-05-28 08:00:00,2016-05-28 09:00:00,h1,1,Beijing,Prophet,65.166667,69.93706266576885,test
2016-05-28 09:00:00,2016-05-28 10:00:00,h1,1,Beijing,Prophet,62.0,68.12574111798905,test
2016-05-28 10:00:00,2016-05-28 11:00:00,h1,1,Beijing,Prophet,52.708333,59.71349474610507,test
2016-05-28 11:00:00,2016-05-28 12:00:00,h1,1,Beijing,Prophet,47.333333,47.894436803968375,test
2016-05-28 12:00:00,2016-05-28 13:00:00,h1,1,Beijing,Prophet,47.166667,44.785619688053345,test
2016-05-28 13:00:00,2016-05-28 14:00:00,h1,1,Beijing,Prophet,42.666667,46.57798406685858,test
2016-05-28 14:00:00,2016-05-28 15:00:00,h1,1,Beijing,Prophet,42.166667,41.364603174148854,test
2016-05-28 15:00:00,2016-05-28 16:00:00,h1,1,Beijing,Prophet,40.25,42.429297990027266,test
2016-05-28 16:00:00,2016-05-28 17:00:00,h1,1,Beijing,Prophet,44.166667,40.04579752441972,test
2016-05-28 17:00:00,2016-05-28 18:00:00,h1,1,Beijing,Prophet,45.416667,46.556796233475886,test
2016-05-28 18:00:00,2016-05-28 19:00:00,h1,1,Beijing,Prophet,42.75,47.89545109847192,test
2016-05-28 19:00:00,2016-05-28 20:00:00,h1,1,Beijing,Prophet,46.25,45.42931344273212,test
2016-05-28 20:00:00,2016-05-28 21:00:00,h1,1,Beijing,Prophet,48.166667,49.59743089398668,test
2016-05-28 21:00:00,2016-05-28 22:00:00,h1,1,Beijing,Prophet,50.75,49.61773180457365,test
2016-05-28 22:00:00,2016-05-28 23:00:00,h1,1,Beijing,Prophet,51.833333,51.89585975579776,test
2016-05-28 23:00:00,2016-05-29 00:00:00,h1,1,Beijing,Prophet,56.666667,53.626715167807674,test
2016-05-29 00:00:00,2016-05-29 01:00:00,h1,1,Beijing,Prophet,60.583333,60.84551349953699,test
2016-05-29 01:00:00,2016-05-29 02:00:00,h1,1,Beijing,Prophet,61.75,65.8068426475721,test
2016-05-29 02:00:00,2016-05-29 03:00:00,h1,1,Beijing,Prophet,57.25,67.15135148637006,test
2016-05-29 03:00:00,2016-05-29 04:00:00,h1,1,Beijing,Prophet,56.666667,60.66668098288065,test
2016-05-29 04:00:00,2016-05-29 05:00:00,h1,1,Beijing,Prophet,54.166667,58.77934411322842,test
2016-05-29 05:00:00,2016-05-29 06:00:00,h1,1,Beijing,Prophet,42.0,54.71788710543352,test
2016-05-29 06:00:00,2016-05-29 07:00:00,h1,1,Beijing,Prophet,22.5,38.35466945699868,test
2016-05-29 07:00:00,2016-05-29 08:00:00,h1,1,Beijing,Prophet,15.833333,15.301665248511188,test
2016-05-29 08:00:00,2016-05-29 09:00:00,h1,1,Beijing,Prophet,10.333333,12.470088276166287,test
2016-05-29 09:00:00,2016-05-29 10:00:00,h1,1,Beijing,Prophet,14.208333,8.643851104983675,test
2016-05-29 10:00:00,2016-05-29 11:00:00,h1,1,Beijing,Prophet,11.583333,15.182277458143645,test
2016-05-29 11:00:00,2016-05-29 12:00:00,h1,1,Beijing,Prophet,11.5,10.619442934081885,test
2016-05-29 12:00:00,2016-05-29 13:00:00,h1,1,Beijing,Prophet,9.583333,11.976617637735906,test
2016-05-29 13:00:00,2016-05-29 14:00:00,h1,1,Beijing,Prophet,17.666667,10.316793462573354,test
2016-05-29 14:00:00,2016-05-29 15:00:00,h1,1,Beijing,Prophet,17.333333,21.544876399672372,test
2016-05-29 15:00:00,2016-05-29 16:00:00,h1,1,Beijing,Prophet,19.083333,19.549485490286266,test
2016-05-29 16:00:00,2016-05-29 17:00:00,h1,1,Beijing,Prophet,17.333333,21.857928034772435,test
2016-05-29 17:00:00,2016-05-29 18:00:00,h1,1,Beijing,Prophet,19.666667,19.576531803023876,test
2016-05-29 18:00:00,2016-05-29 19:00:00,h1,1,Beijing,Prophet,22.083333,24.714938510132956,test
2016-05-29 19:00:00,2016-05-29 20:00:00,h1,1,Beijing,Prophet,25.666667,27.163380094968797,test
2016-05-29 20:00:00,2016-05-29 21:00:00,h1,1,Beijing,Prophet,39.833333,31.034416269335026,test
2016-05-29 21:00:00,2016-05-29 22:00:00,h1,1,Beijing,Prophet,49.833333,45.76912870137533,test
2016-05-29 22:00:00,2016-05-29 23:00:00,h1,1,Beijing,Prophet,50.083333,53.68434876936766,test
2016-05-29 23:00:00,2016-05-30 00:00:00,h1,1,Beijing,Prophet,51.5,50.950475496509384,test
2016-05-30 00:00:00,2016-05-30 01:00:00,h1,1,Beijing,Prophet,54.083333,52.62157739873054,test
2016-05-30 01:00:00,2016-05-30 02:00:00,h1,1,Beijing,Prophet,53.0,56.43959873920251,test
2016-05-30 02:00:00,2016-05-30 03:00:00,h1,1,Beijing,Prophet,51.833333,56.11993708177506,test
2016-05-30 03:00:00,2016-05-30 04:00:00,h1,1,Beijing,Prophet,46.583333,53.10105549455511,test
2016-05-30 04:00:00,2016-05-30 05:00:00,h1,1,Beijing,Prophet,44.916667,46.097303060950026,test
2016-05-30 05:00:00,2016-05-30 06:00:00,h1,1,Beijing,Prophet,47.166667,46.997815897031785,test
2016-05-30 06:00:00,2016-05-30 07:00:00,h1,1,Beijing,Prophet,46.75,51.581813796290504,test
2016-05-30 07:00:00,2016-05-30 08:00:00,h1,1,Beijing,Prophet,52.833333,51.363160270971136,test
2016-05-30 08:00:00,2016-05-30 09:00:00,h1,1,Beijing,Prophet,59.833333,59.09902584256106,test
2016-05-30 09:00:00,2016-05-30 10:00:00,h1,1,Beijing,Prophet,70.083333,65.34690119434124,test
2016-05-30 10:00:00,2016-05-30 11:00:00,h1,1,Beijing,Prophet,77.583333,76.07173689849222,test
2016-05-30 11:00:00,2016-05-30 12:00:00,h1,1,Beijing,Prophet,79.25,83.17590737262603,test
2016-05-30 12:00:00,2016-05-30 13:00:00,h1,1,Beijing,Prophet,85.416667,82.77350703227822,test
2016-05-30 13:00:00,2016-05-30 14:00:00,h1,1,Beijing,Prophet,92.5,89.6137237684942,test
2016-05-30 14:00:00,2016-05-30 15:00:00,h1,1,Beijing,Prophet,96.083333,95.85072694632174,test
2016-05-30 15:00:00,2016-05-30 16:00:00,h1,1,Beijing,Prophet,107.833333,98.3365231994183,test
2016-05-30 16:00:00,2016-05-30 17:00:00,h1,1,Beijing,Prophet,112.75,110.83126732735286,test
2016-05-30 17:00:00,2016-05-30 18:00:00,h1,1,Beijing,Prophet,111.25,113.9692734454554,test
2016-05-30 18:00:00,2016-05-30 19:00:00,h1,1,Beijing,Prophet,114.916667,113.706603418193,test
2016-05-30 19:00:00,2016-05-30 20:00:00,h1,1,Beijing,Prophet,122.666667,118.66724682749957,test
2016-05-30 20:00:00,2016-05-30 21:00:00,h1,1,Beijing,Prophet,120.5,127.76464666367147,test
2016-05-30 21:00:00,2016-05-30 22:00:00,h1,1,Beijing,Prophet,110.25,123.12010241235862,test
2016-05-30 22:00:00,2016-05-30 23:00:00,h1,1,Beijing,Prophet,102.0,107.82412951825265,test
2016-05-30 23:00:00,2016-05-31 00:00:00,h1,1,Beijing,Prophet,89.75,99.48357994374486,test
2016-05-31 00:00:00,2016-05-31 01:00:00,h1,1,Beijing,Prophet,82.833333,87.05830392455266,test
2016-05-31 01:00:00,2016-05-31 02:00:00,h1,1,Beijing,Prophet,77.666667,81.5787510191848,test
2016-05-31 02:00:00,2016-05-31 03:00:00,h1,1,Beijing,Prophet,78.583333,80.21783515428966,test
2016-05-31 03:00:00,2016-05-31 04:00:00,h1,1,Beijing,Prophet,82.333333,81.30160449649674,test
2016-05-31 04:00:00,2016-05-31 05:00:00,h1,1,Beijing,Prophet,91.416667,82.62147163914614,test
2016-05-31 05:00:00,2016-05-31 06:00:00,h1,1,Beijing,Prophet,96.75,90.44468882699294,test
2016-05-31 06:00:00,2016-05-31 07:00:00,h1,1,Beijing,Prophet,63.083333,91.99332999988033,test
2016-05-31 07:00:00,2016-05-31 08:00:00,h1,1,Beijing,Prophet,45.416667,50.58783621242576,test
2016-05-31 08:00:00,2016-05-31 09:00:00,h1,1,Beijing,Prophet,36.666667,41.358267986294315,test
2016-05-31 09:00:00,2016-05-31 10:00:00,h1,1,Beijing,Prophet,36.833333,37.02231498914141,test
2016-05-31 10:00:00,2016-05-31 11:00:00,h1,1,Beijing,Prophet,35.25,40.15316030135591,test
2016-05-31 11:00:00,2016-05-31 12:00:00,h1,1,Beijing,Prophet,34.5,37.710066793269185,test
2016-05-31 12:00:00,2016-05-31 13:00:00,h1,1,Beijing,Prophet,31.027778,37.53672682875863,test
2016-05-31 13:00:00,2016-05-31 14:00:00,h1,1,Beijing,Prophet,33.659722,34.21354354955963,test
2016-05-31 14:00:00,2016-05-31 15:00:00,h1,1,Beijing,Prophet,32.875,38.7562137370812,test
2016-05-31 15:00:00,2016-05-31 16:00:00,h1,1,Beijing,Prophet,30.729167,36.947478804723076,test
2016-05-31 16:00:00,2016-05-31 17:00:00,h1,1,Beijing,Prophet,31.041667,34.24139359451584,test
2016-05-31 17:00:00,2016-05-31 18:00:00,h1,1,Beijing,Prophet,28.416667,36.030520403205834,test
2016-05-31 18:00:00,2016-05-31 19:00:00,h1,1,Beijing,Prophet,31.125,34.33668024682795,test
2016-05-31 19:00:00,2016-05-31 20:00:00,h1,1,Beijing,Prophet,33.388889,38.450979394120196,test
2016-05-31 20:00:00,2016-05-31 21:00:00,h1,1,Beijing,Prophet,37.327778,40.035508899936545,test
2016-05-31 21:00:00,2016-05-31 22:00:00,h1,1,Beijing,Prophet,37.1,42.21122809196268,test
2016-05-31 22:00:00,2016-05-31 23:00:00,h1,1,Beijing,Prophet,34.205556,37.99978994813305,test
2016-05-31 23:00:00,2016-06-01 00:00:00,h1,1,Beijing,Prophet,27.227778,32.96270109006855,test
2016-06-01 00:00:00,2016-06-01 01:00:00,h1,1,Beijing,Prophet,26.25,24.59886509490711,test
2016-06-01 01:00:00,2016-06-01 02:00:00,h1,1,Beijing,Prophet,24.583333,25.817341668241696,test
2016-06-01 02:00:00,2016-06-01 03:00:00,h1,1,Beijing,Prophet,26.083333,26.431948441586336,test
2016-06-01 03:00:00,2016-06-01 04:00:00,h1,1,Beijing,Prophet,25.0,28.14167444500953,test
2016-06-01 04:00:00,2016-06-01 05:00:00,h1,1,Beijing,Prophet,24.583333,25.325629902460335,test
2016-06-01 05:00:00,2016-06-01 06:00:00,h1,1,Beijing,Prophet,27.916667,25.809675013676273,test
2016-06-01 06:00:00,2016-06-01 07:00:00,h1,1,Beijing,Prophet,31.333333,31.31953424750172,test
2016-06-01 07:00:00,2016-06-01 08:00:00,h1,1,Beijing,Prophet,38.916667,36.1239778805642,test
2016-06-01 08:00:00,2016-06-01 09:00:00,h1,1,Beijing,Prophet,37.583333,44.08157380461648,test
2016-06-01 09:00:00,2016-06-01 10:00:00,h1,1,Beijing,Prophet,37.583333,40.40583087969384,test
2016-06-01 10:00:00,2016-06-01 11:00:00,h1,1,Beijing,Prophet,41.333333,41.267295918650994,test
2016-06-01 11:00:00,2016-06-01 12:00:00,h1,1,Beijing,Prophet,37.166667,45.33051400407834,test
2016-06-01 12:00:00,2016-06-01 13:00:00,h1,1,Beijing,Prophet,34.833333,37.99592235178162,test
2016-06-01 13:00:00,2016-06-01 14:00:00,h1,1,Beijing,Prophet,36.583333,35.76747035913685,test
2016-06-01 14:00:00,2016-06-01 15:00:00,h1,1,Beijing,Prophet,39.166667,39.08159967534123,test
2016-06-01 15:00:00,2016-06-01 16:00:00,h1,1,Beijing,Prophet,35.833333,41.62587830804288,test
2016-06-01 16:00:00,2016-06-01 17:00:00,h1,1,Beijing,Prophet,47.166667,37.14238355755674,test
2016-06-01 17:00:00,2016-06-01 18:00:00,h1,1,Beijing,Prophet,43.0,53.11512088245289,test
2016-06-01 18:00:00,2016-06-01 19:00:00,h1,1,Beijing,Prophet,41.0,45.49462221553121,test
2016-06-01 19:00:00,2016-06-01 20:00:00,h1,1,Beijing,Prophet,41.25,43.146152703469944,test
2016-06-01 20:00:00,2016-06-01 21:00:00,h1,1,Beijing,Prophet,43.333333,43.29430087451834,test
2016-06-01 21:00:00,2016-06-01 22:00:00,h1,1,Beijing,Prophet,44.25,45.95738733064492,test
2016-06-01 22:00:00,2016-06-01 23:00:00,h1,1,Beijing,Prophet,44.333333,44.92994822211773,test
2016-06-01 23:00:00,2016-06-02 00:00:00,h1,1,Beijing,Prophet,42.25,43.98909858714419,test
2016-06-02 00:00:00,2016-06-02 01:00:00,h1,1,Beijing,Prophet,42.0,41.80519500640125,test
2016-06-02 01:00:00,2016-06-02 02:00:00,h1,1,Beijing,Prophet,40.833333,43.760775900940686,test
2016-06-02 02:00:00,2016-06-02 03:00:00,h1,1,Beijing,Prophet,39.083333,41.844926296106486,test
2016-06-02 03:00:00,2016-06-02 04:00:00,h1,1,Beijing,Prophet,41.166667,40.318502398635424,test
2016-06-02 04:00:00,2016-06-02 05:00:00,h1,1,Beijing,Prophet,45.416667,44.21245142902675,test
2016-06-02 05:00:00,2016-06-02 06:00:00,h1,1,Beijing,Prophet,50.5,49.78578690105283,test
2016-06-02 06:00:00,2016-06-02 07:00:00,h1,1,Beijing,Prophet,54.416667,54.923857467605046,test
2016-06-02 07:00:00,2016-06-02 08:00:00,h1,1,Beijing,Prophet,69.083333,59.02568516957379,test
2016-06-02 08:00:00,2016-06-02 09:00:00,h1,1,Beijing,Prophet,74.333333,74.84280074304135,test
2016-06-02 09:00:00,2016-06-02 10:00:00,h1,1,Beijing,Prophet,78.375,77.75960634249358,test
2016-06-02 10:00:00,2016-06-02 11:00:00,h1,1,Beijing,Prophet,79.0,80.95603087451084,test
2016-06-02 11:00:00,2016-06-02 12:00:00,h1,1,Beijing,Prophet,60.361111,76.76445423821116,test
2016-06-02 12:00:00,2016-06-02 13:00:00,h1,1,Beijing,Prophet,55.430556,51.02686326356708,test
2016-06-02 13:00:00,2016-06-02 14:00:00,h1,1,Beijing,Prophet,50.916667,52.01908956164008,test
2016-06-02 14:00:00,2016-06-02 15:00:00,h1,1,Beijing,Prophet,44.166667,48.25060029356943,test
2016-06-02 15:00:00,2016-06-02 16:00:00,h1,1,Beijing,Prophet,47.25,41.377405692314255,test
2016-06-02 16:00:00,2016-06-02 17:00:00,h1,1,Beijing,Prophet,47.583333,47.678656129541764,test
2016-06-02 17:00:00,2016-06-02 18:00:00,h1,1,Beijing,Prophet,46.833333,47.76798755547726,test
2016-06-02 18:00:00,2016-06-02 19:00:00,h1,1,Beijing,Prophet,41.5,47.48820532179761,test
2016-06-02 19:00:00,2016-06-02 20:00:00,h1,1,Beijing,Prophet,40.833333,41.56688528553797,test
2016-06-02 20:00:00,2016-06-02 21:00:00,h1,1,Beijing,Prophet,47.583333,42.43906966817063,test
2016-06-02 21:00:00,2016-06-02 22:00:00,h1,1,Beijing,Prophet,51.75,51.9567086870997,test
2016-06-02 22:00:00,2016-06-02 23:00:00,h1,1,Beijing,Prophet,55.666667,54.62913747798159,test
2016-06-02 23:00:00,2016-06-03 00:00:00,h1,1,Beijing,Prophet,55.166667,56.18518190269464,test
2016-06-03 00:00:00,2016-06-03 01:00:00,h1,1,Beijing,Prophet,54.0,55.65876886359074,test
2016-06-03 01:00:00,2016-06-03 02:00:00,h1,1,Beijing,Prophet,55.833333,55.961500560587325,test
2016-06-03 02:00:00,2016-06-03 03:00:00,h1,1,Beijing,Prophet,57.083333,58.795623963532314,test
2016-06-03 03:00:00,2016-06-03 04:00:00,h1,1,Beijing,Prophet,58.166667,59.097920687066235,test
2016-06-03 04:00:00,2016-06-03 05:00:00,h1,1,Beijing,Prophet,59.166667,59.547884048261736,test
2016-06-03 05:00:00,2016-06-03 06:00:00,h1,1,Beijing,Prophet,64.833333,60.84673326464753,test
2016-06-03 06:00:00,2016-06-03 07:00:00,h1,1,Beijing,Prophet,70.75,70.08791476180336,test
2016-06-03 07:00:00,2016-06-03 08:00:00,h1,1,Beijing,Prophet,76.583333,76.22095580698934,test
2016-06-03 08:00:00,2016-06-03 09:00:00,h1,1,Beijing,Prophet,88.166667,80.47335240036657,test
2016-06-03 09:00:00,2016-06-03 10:00:00,h1,1,Beijing,Prophet,90.416667,92.2587474895422,test
2016-06-03 10:00:00,2016-06-03 11:00:00,h1,1,Beijing,Prophet,92.666667,90.95516651338197,test
2016-06-03 11:00:00,2016-06-03 12:00:00,h1,1,Beijing,Prophet,95.944444,94.89902764977876,test
2016-06-03 12:00:00,2016-06-03 13:00:00,h1,1,Beijing,Prophet,93.805556,97.39163943605658,test
2016-06-03 13:00:00,2016-06-03 14:00:00,h1,1,Beijing,Prophet,90.666667,93.47700040721656,test
2016-06-03 14:00:00,2016-06-03 15:00:00,h1,1,Beijing,Prophet,86.5,91.0155985497895,test
2016-06-03 15:00:00,2016-06-03 16:00:00,h1,1,Beijing,Prophet,73.083333,85.5306196168002,test
2016-06-03 16:00:00,2016-06-03 17:00:00,h1,1,Beijing,Prophet,72.583333,68.9550378525508,test
2016-06-03 17:00:00,2016-06-03 18:00:00,h1,1,Beijing,Prophet,78.166667,73.09194105734778,test
2016-06-03 18:00:00,2016-06-03 19:00:00,h1,1,Beijing,Prophet,89.583333,81.62866574691185,test
2016-06-03 19:00:00,2016-06-03 20:00:00,h1,1,Beijing,Prophet,106.416667,94.77734799866155,test
2016-06-03 20:00:00,2016-06-03 21:00:00,h1,1,Beijing,Prophet,108.583333,112.18551774565016,test
2016-06-03 21:00:00,2016-06-03 22:00:00,h1,1,Beijing,Prophet,101.166667,109.11948681370453,test
2016-06-03 22:00:00,2016-06-03 23:00:00,h1,1,Beijing,Prophet,92.75,98.01592537212763,test
2016-06-03 23:00:00,2016-06-04 00:00:00,h1,1,Beijing,Prophet,50.333333,88.48456908262041,test
2016-06-07 00:00:00,2016-06-07 01:00:00,h1,1,Beijing,Prophet,54.75,33.63066944239587,test
2016-06-07 01:00:00,2016-06-07 02:00:00,h1,1,Beijing,Prophet,56.083333,55.57831214344036,test
2016-06-07 02:00:00,2016-06-07 03:00:00,h1,1,Beijing,Prophet,59.333333,59.158750703035764,test
2016-06-07 03:00:00,2016-06-07 04:00:00,h1,1,Beijing,Prophet,59.833333,61.30192745692703,test
2016-06-07 04:00:00,2016-06-07 05:00:00,h1,1,Beijing,Prophet,58.583333,59.96385922493768,test
2016-06-07 05:00:00,2016-06-07 06:00:00,h1,1,Beijing,Prophet,53.416667,59.63087680148863,test
2016-06-07 06:00:00,2016-06-07 07:00:00,h1,1,Beijing,Prophet,45.583333,53.78007749647104,test
2016-06-07 07:00:00,2016-06-07 08:00:00,h1,1,Beijing,Prophet,41.166667,47.162097766231305,test
2016-06-07 08:00:00,2016-06-07 09:00:00,h1,1,Beijing,Prophet,40.666667,47.255115290355505,test
2016-06-07 09:00:00,2016-06-07 10:00:00,h1,1,Beijing,Prophet,41.916667,46.87395479220309,test
2016-06-07 10:00:00,2016-06-07 11:00:00,h1,1,Beijing,Prophet,45.0,47.52882088931931,test
2016-06-07 11:00:00,2016-06-07 12:00:00,h1,1,Beijing,Prophet,46.916667,49.93366640275534,test
2016-06-07 12:00:00,2016-06-07 13:00:00,h1,1,Beijing,Prophet,56.333333,50.98495296871675,test
2016-06-07 13:00:00,2016-06-07 14:00:00,h1,1,Beijing,Prophet,61.0,62.13870207404935,test
2016-06-07 14:00:00,2016-06-07 15:00:00,h1,1,Beijing,Prophet,61.75,65.33004103018064,test
2016-06-07 15:00:00,2016-06-07 16:00:00,h1,1,Beijing,Prophet,62.333333,65.16461679108752,test
2016-06-07 16:00:00,2016-06-07 17:00:00,h1,1,Beijing,Prophet,61.833333,65.88066992508584,test
2016-06-07 17:00:00,2016-06-07 18:00:00,h1,1,Beijing,Prophet,57.583333,64.7277081714648,test
2016-06-07 18:00:00,2016-06-07 19:00:00,h1,1,Beijing,Prophet,61.916667,61.099335475627356,test
2016-06-07 19:00:00,2016-06-07 20:00:00,h1,1,Beijing,Prophet,66.333333,68.54758717637611,test
2016-06-07 20:00:00,2016-06-07 21:00:00,h1,1,Beijing,Prophet,77.166667,71.42956465691246,test
2016-06-07 21:00:00,2016-06-07 22:00:00,h1,1,Beijing,Prophet,83.333333,82.46642004667936,test
2016-06-07 22:00:00,2016-06-07 23:00:00,h1,1,Beijing,Prophet,86.666667,85.01479392623656,test
2016-06-07 23:00:00,2016-06-08 00:00:00,h1,1,Beijing,Prophet,86.083333,86.78499663840677,test
2016-06-08 00:00:00,2016-06-08 01:00:00,h1,1,Beijing,Prophet,83.416667,86.34782577076922,test
2016-06-08 01:00:00,2016-06-08 02:00:00,h1,1,Beijing,Prophet,88.583333,84.69135572216838,test
2016-06-08 02:00:00,2016-06-08 03:00:00,h1,1,Beijing,Prophet,98.166667,92.34536214357075,test
2016-06-08 03:00:00,2016-06-08 04:00:00,h1,1,Beijing,Prophet,100.75,102.31082867197958,test
2016-06-08 04:00:00,2016-06-08 05:00:00,h1,1,Beijing,Prophet,103.583333,102.94705234390531,test
2016-06-08 05:00:00,2016-06-08 06:00:00,h1,1,Beijing,Prophet,111.166667,105.83384047006736,test
2016-06-08 06:00:00,2016-06-08 07:00:00,h1,1,Beijing,Prophet,117.666667,115.51192537755362,test
2016-06-08 07:00:00,2016-06-08 08:00:00,h1,1,Beijing,Prophet,129.916667,122.66241454565326,test
2016-06-08 08:00:00,2016-06-08 09:00:00,h1,1,Beijing,Prophet,134.083333,134.5782378441707,test
2016-06-08 09:00:00,2016-06-08 10:00:00,h1,1,Beijing,Prophet,125.333333,135.8701865141335,test
2016-06-08 10:00:00,2016-06-08 11:00:00,h1,1,Beijing,Prophet,119.333333,123.88075152636961,test
2016-06-08 11:00:00,2016-06-08 12:00:00,h1,1,Beijing,Prophet,113.416667,117.09929144995633,test
2016-06-08 12:00:00,2016-06-08 13:00:00,h1,1,Beijing,Prophet,107.833333,110.44687795875936,test
2016-06-08 13:00:00,2016-06-08 14:00:00,h1,1,Beijing,Prophet,102.138889,105.02484147893885,test
2016-06-08 14:00:00,2016-06-08 15:00:00,h1,1,Beijing,Prophet,110.861111,98.99033520008979,test
2016-06-08 15:00:00,2016-06-08 16:00:00,h1,1,Beijing,Prophet,103.083333,110.00054574678288,test
2016-06-08 16:00:00,2016-06-08 17:00:00,h1,1,Beijing,Prophet,113.75,98.40061029852056,test
2016-06-08 17:00:00,2016-06-08 18:00:00,h1,1,Beijing,Prophet,115.25,114.36040246124182,test
2016-06-08 18:00:00,2016-06-08 19:00:00,h1,1,Beijing,Prophet,154.166667,115.99512871758037,test
2016-06-08 19:00:00,2016-06-08 20:00:00,h1,1,Beijing,Prophet,183.416667,165.1182647014887,test
2016-06-08 20:00:00,2016-06-08 21:00:00,h1,1,Beijing,Prophet,182.666667,193.10733346001678,test
2016-06-08 21:00:00,2016-06-08 22:00:00,h1,1,Beijing,Prophet,178.916667,183.38420437974833,test
2016-06-08 22:00:00,2016-06-08 23:00:00,h1,1,Beijing,Prophet,178.166667,175.89134719969465,test
2016-06-08 23:00:00,2016-06-09 00:00:00,h1,1,Beijing,Prophet,177.0,170.78917651148254,test
2016-06-09 00:00:00,2016-06-09 01:00:00,h1,1,Beijing,Prophet,158.916667,168.846869774583,test
2016-06-09 01:00:00,2016-06-09 02:00:00,h1,1,Beijing,Prophet,153.333333,149.8418172908507,test
2016-06-09 02:00:00,2016-06-09 03:00:00,h1,1,Beijing,Prophet,145.583333,149.0815505594897,test
2016-06-09 03:00:00,2016-06-09 04:00:00,h1,1,Beijing,Prophet,142.5,140.46925040181904,test
2016-06-09 04:00:00,2016-06-09 05:00:00,h1,1,Beijing,Prophet,142.083333,139.66427684337364,test
2016-06-09 05:00:00,2016-06-09 06:00:00,h1,1,Beijing,Prophet,142.333333,139.77730550903811,test
2016-06-09 06:00:00,2016-06-09 07:00:00,h1,1,Beijing,Prophet,150.166667,142.60511987712013,test
2016-06-09 07:00:00,2016-06-09 08:00:00,h1,1,Beijing,Prophet,161.416667,152.38383294439527,test
2016-06-09 08:00:00,2016-06-09 09:00:00,h1,1,Beijing,Prophet,165.5,164.7736620449421,test
2016-06-09 09:00:00,2016-06-09 10:00:00,h1,1,Beijing,Prophet,172.083333,165.86247303590739,test
2016-06-09 10:00:00,2016-06-09 11:00:00,h1,1,Beijing,Prophet,162.916667,171.12868250457313,test
2016-06-09 11:00:00,2016-06-09 12:00:00,h1,1,Beijing,Prophet,128.0,151.94561951042556,test
2016-06-09 12:00:00,2016-06-09 13:00:00,h1,1,Beijing,Prophet,106.083333,104.24764617526199,test
2016-06-09 13:00:00,2016-06-09 14:00:00,h1,1,Beijing,Prophet,75.833333,87.62854792363919,test
2016-06-09 14:00:00,2016-06-09 15:00:00,h1,1,Beijing,Prophet,68.916667,57.8815391573894,test
2016-06-09 15:00:00,2016-06-09 16:00:00,h1,1,Beijing,Prophet,59.083333,60.56950482747108,test
2016-06-09 16:00:00,2016-06-09 17:00:00,h1,1,Beijing,Prophet,54.833333,51.438140188788836,test
2016-06-09 17:00:00,2016-06-09 18:00:00,h1,1,Beijing,Prophet,52.583333,52.58720057819697,test
2016-06-09 18:00:00,2016-06-09 19:00:00,h1,1,Beijing,Prophet,47.083333,52.75055583056313,test
2016-06-09 19:00:00,2016-06-09 20:00:00,h1,1,Beijing,Prophet,47.333333,46.44514404536381,test
2016-06-09 20:00:00,2016-06-09 21:00:00,h1,1,Beijing,Prophet,52.416667,48.45710658783547,test
2016-06-09 21:00:00,2016-06-09 22:00:00,h1,1,Beijing,Prophet,57.166667,51.62586769456047,test
2016-06-09 22:00:00,2016-06-09 23:00:00,h1,1,Beijing,Prophet,57.916667,47.786777092425424,test
2016-06-09 23:00:00,2016-06-10 00:00:00,h1,1,Beijing,Prophet,58.916667,54.85705113444256,test
2016-06-10 00:00:00,2016-06-10 01:00:00,h1,1,Beijing,Prophet,57.916667,57.06226796648217,test
2016-06-10 01:00:00,2016-06-10 02:00:00,h1,1,Beijing,Prophet,57.666667,56.44555658470496,test
2016-06-10 02:00:00,2016-06-10 03:00:00,h1,1,Beijing,Prophet,59.0,60.387117258216094,test
2016-06-10 03:00:00,2016-06-10 04:00:00,h1,1,Beijing,Prophet,55.333333,57.944420210593876,test
2016-06-10 04:00:00,2016-06-10 05:00:00,h1,1,Beijing,Prophet,50.083333,54.983654208221964,test
2016-06-10 05:00:00,2016-06-10 06:00:00,h1,1,Beijing,Prophet,48.083333,53.02818124190935,test
2016-06-10 06:00:00,2016-06-10 07:00:00,h1,1,Beijing,Prophet,50.25,53.28822502376415,test
2016-06-10 07:00:00,2016-06-10 08:00:00,h1,1,Beijing,Prophet,52.666667,57.70179184534068,test
2016-06-10 08:00:00,2016-06-10 09:00:00,h1,1,Beijing,Prophet,54.0,60.304383604467525,test
2016-06-10 09:00:00,2016-06-10 10:00:00,h1,1,Beijing,Prophet,64.166667,59.6610600011425,test
2016-06-10 10:00:00,2016-06-10 11:00:00,h1,1,Beijing,Prophet,73.083333,69.3464937067546,test
2016-06-10 11:00:00,2016-06-10 12:00:00,h1,1,Beijing,Prophet,90.166667,79.11151782337942,test
2016-06-10 12:00:00,2016-06-10 13:00:00,h1,1,Beijing,Prophet,99.75,97.75610216722549,test
2016-06-10 13:00:00,2016-06-10 14:00:00,h1,1,Beijing,Prophet,101.25,104.1010340185154,test
2016-06-10 14:00:00,2016-06-10 15:00:00,h1,1,Beijing,Prophet,96.083333,101.02007772098418,test
2016-06-10 15:00:00,2016-06-10 16:00:00,h1,1,Beijing,Prophet,67.041667,93.83138289545755,test
2016-06-10 16:00:00,2016-06-10 17:00:00,h1,1,Beijing,Prophet,39.083333,42.613458016227746,test
2016-06-10 17:00:00,2016-06-10 18:00:00,h1,1,Beijing,Prophet,17.45,36.17795515572553,test
2016-06-10 18:00:00,2016-06-10 19:00:00,h1,1,Beijing,Prophet,10.316667,12.951254747699625,test
2016-06-10 19:00:00,2016-06-10 20:00:00,h1,1,Beijing,Prophet,8.766667,12.059903007912894,test
2016-06-10 20:00:00,2016-06-10 21:00:00,h1,1,Beijing,Prophet,8.425,12.44993504384269,test
2016-06-10 21:00:00,2016-06-10 22:00:00,h1,1,Beijing,Prophet,9.583333,11.527270338912153,test
2016-06-10 22:00:00,2016-06-10 23:00:00,h1,1,Beijing,Prophet,11.166667,10.467788244717415,test
2016-06-10 23:00:00,2016-06-11 00:00:00,h1,1,Beijing,Prophet,9.75,12.692720232845286,test
2016-06-11 00:00:00,2016-06-11 01:00:00,h1,1,Beijing,Prophet,10.333333,11.4315769692444,test
2016-06-11 01:00:00,2016-06-11 02:00:00,h1,1,Beijing,Prophet,7.0,12.01135245595816,test
2016-06-11 02:00:00,2016-06-11 03:00:00,h1,1,Beijing,Prophet,4.75,6.208066762209931,test
2016-06-11 03:00:00,2016-06-11 04:00:00,h1,1,Beijing,Prophet,5.5,5.952195079159878,test
2016-06-11 04:00:00,2016-06-11 05:00:00,h1,1,Beijing,Prophet,5.166667,8.298840732409076,test
2016-06-11 05:00:00,2016-06-11 06:00:00,h1,1,Beijing,Prophet,9.083333,8.514523257398931,test
2016-06-11 06:00:00,2016-06-11 07:00:00,h1,1,Beijing,Prophet,9.333333,14.982217314421806,test
2016-06-11 07:00:00,2016-06-11 08:00:00,h1,1,Beijing,Prophet,9.75,14.171826193006698,test
2016-06-11 08:00:00,2016-06-11 09:00:00,h1,1,Beijing,Prophet,8.166667,13.995811918210066,test
2016-06-11 09:00:00,2016-06-11 10:00:00,h1,1,Beijing,Prophet,7.916667,11.682055531391175,test
2016-06-11 10:00:00,2016-06-11 11:00:00,h1,1,Beijing,Prophet,6.916667,11.21400318561949,test
2016-06-11 11:00:00,2016-06-11 12:00:00,h1,1,Beijing,Prophet,7.916667,9.935813505181756,test
2016-06-11 12:00:00,2016-06-11 13:00:00,h1,1,Beijing,Prophet,7.583333,11.838230921991258,test
2016-06-11 13:00:00,2016-06-11 14:00:00,h1,1,Beijing,Prophet,8.083333,11.126679072676431,test
2016-06-11 14:00:00,2016-06-11 15:00:00,h1,1,Beijing,Prophet,6.416667,12.300926387583264,test
2016-06-11 15:00:00,2016-06-11 16:00:00,h1,1,Beijing,Prophet,9.083333,9.14925204374871,test
2016-06-11 16:00:00,2016-06-11 17:00:00,h1,1,Beijing,Prophet,7.166667,14.098608494849334,test
2016-06-11 17:00:00,2016-06-11 18:00:00,h1,1,Beijing,Prophet,8.666667,12.732672465218801,test
2016-06-11 18:00:00,2016-06-11 19:00:00,h1,1,Beijing,Prophet,10.916667,16.898432016679116,test
2016-06-11 19:00:00,2016-06-11 20:00:00,h1,1,Beijing,Prophet,14.5,19.292418883124395,test
2016-06-11 20:00:00,2016-06-11 21:00:00,h1,1,Beijing,Prophet,20.25,21.980182094111765,test
2016-06-11 21:00:00,2016-06-11 22:00:00,h1,1,Beijing,Prophet,22.0,27.54782464836124,test
2016-06-11 22:00:00,2016-06-11 23:00:00,h1,1,Beijing,Prophet,27.0,27.854664212107878,test
2016-06-11 23:00:00,2016-06-12 00:00:00,h1,1,Beijing,Prophet,31.166667,32.255344584938484,test
2016-06-12 00:00:00,2016-06-12 01:00:00,h1,1,Beijing,Prophet,49.5,35.358109597880265,test
2016-06-12 01:00:00,2016-06-12 02:00:00,h1,1,Beijing,Prophet,68.666667,58.09421164353489,test
2016-06-12 02:00:00,2016-06-12 03:00:00,h1,1,Beijing,Prophet,74.583333,75.89465253842499,test
2016-06-12 03:00:00,2016-06-12 04:00:00,h1,1,Beijing,Prophet,77.333333,77.7201018963284,test
2016-06-12 04:00:00,2016-06-12 05:00:00,h1,1,Beijing,Prophet,78.833333,79.48041515953602,test
2016-06-12 05:00:00,2016-06-12 06:00:00,h1,1,Beijing,Prophet,80.083333,81.61219455276469,test
2016-06-12 06:00:00,2016-06-12 07:00:00,h1,1,Beijing,Prophet,83.583333,84.45465169478551,test
2016-06-12 07:00:00,2016-06-12 08:00:00,h1,1,Beijing,Prophet,91.416667,89.55535003891353,test
2016-06-12 08:00:00,2016-06-12 09:00:00,h1,1,Beijing,Prophet,98.75,97.67208819100495,test
2016-06-12 09:00:00,2016-06-12 10:00:00,h1,1,Beijing,Prophet,102.083333,103.22046032065711,test
2016-06-12 10:00:00,2016-06-12 11:00:00,h1,1,Beijing,Prophet,101.416667,105.00363192976603,test
2016-06-12 11:00:00,2016-06-12 12:00:00,h1,1,Beijing,Prophet,97.75,102.87973370776038,test
2016-06-12 12:00:00,2016-06-12 13:00:00,h1,1,Beijing,Prophet,79.5,97.24593040184851,test
2016-06-12 13:00:00,2016-06-12 14:00:00,h1,1,Beijing,Prophet,63.166667,73.96721756860134,test
2016-06-12 14:00:00,2016-06-12 15:00:00,h1,1,Beijing,Prophet,54.583333,59.44662689513106,test
2016-06-12 15:00:00,2016-06-12 16:00:00,h1,1,Beijing,Prophet,52.416667,55.06612770325145,test
2016-06-12 16:00:00,2016-06-12 17:00:00,h1,1,Beijing,Prophet,43.75,55.45073397238456,test
2016-06-12 17:00:00,2016-06-12 18:00:00,h1,1,Beijing,Prophet,52.5,45.43338251007513,test
2016-06-12 18:00:00,2016-06-12 19:00:00,h1,1,Beijing,Prophet,41.666667,60.36017781029814,test
2016-06-12 19:00:00,2016-06-12 20:00:00,h1,1,Beijing,Prophet,39.5,45.03598485719568,test
2016-06-12 20:00:00,2016-06-12 21:00:00,h1,1,Beijing,Prophet,54.583333,44.76394308134384,test
2016-06-12 21:00:00,2016-06-12 22:00:00,h1,1,Beijing,Prophet,64.583333,64.57237084593427,test
2016-06-12 22:00:00,2016-06-12 23:00:00,h1,1,Beijing,Prophet,57.416667,70.59167071878521,test
2016-06-12 23:00:00,2016-06-13 00:00:00,h1,1,Beijing,Prophet,52.75,54.50785730695495,test
2016-06-13 00:00:00,2016-06-13 01:00:00,h1,1,Beijing,Prophet,67.75,49.24705081955998,test
2016-06-13 01:00:00,2016-06-13 02:00:00,h1,1,Beijing,Prophet,54.583333,71.27867524453205,test
2016-06-13 02:00:00,2016-06-13 03:00:00,h1,1,Beijing,Prophet,47.0,50.89420984072176,test
2016-06-13 03:00:00,2016-06-13 04:00:00,h1,1,Beijing,Prophet,45.083333,45.591285966843394,test
2016-06-13 04:00:00,2016-06-13 05:00:00,h1,1,Beijing,Prophet,44.25,44.347222694719285,test
2016-06-13 05:00:00,2016-06-13 06:00:00,h1,1,Beijing,Prophet,39.583333,46.19345992534451,test
2016-06-13 06:00:00,2016-06-13 07:00:00,h1,1,Beijing,Prophet,34.833333,40.890412160142134,test
2016-06-13 07:00:00,2016-06-13 08:00:00,h1,1,Beijing,Prophet,37.5,37.83558390551087,test
2016-06-13 08:00:00,2016-06-13 09:00:00,h1,1,Beijing,Prophet,38.833333,43.49149010727421,test
2016-06-13 09:00:00,2016-06-13 10:00:00,h1,1,Beijing,Prophet,37.645833,42.6863442569411,test
2016-06-13 10:00:00,2016-06-13 11:00:00,h1,1,Beijing,Prophet,36.069444,41.474026098371986,test
2016-06-13 11:00:00,2016-06-13 12:00:00,h1,1,Beijing,Prophet,35.326389,38.72964410304281,test
2016-06-13 12:00:00,2016-06-13 13:00:00,h1,1,Beijing,Prophet,37.833333,39.42335053093943,test
2016-06-13 13:00:00,2016-06-13 14:00:00,h1,1,Beijing,Prophet,39.333333,43.003490843360304,test
2016-06-13 14:00:00,2016-06-13 15:00:00,h1,1,Beijing,Prophet,36.916667,43.16055034297563,test
2016-06-13 15:00:00,2016-06-13 16:00:00,h1,1,Beijing,Prophet,41.5,38.17535054777409,test
2016-06-13 16:00:00,2016-06-13 17:00:00,h1,1,Beijing,Prophet,43.75,47.93511119202745,test
2016-06-13 17:00:00,2016-06-13 18:00:00,h1,1,Beijing,Prophet,47.25,51.45193760030515,test
2016-06-13 18:00:00,2016-06-13 19:00:00,h1,1,Beijing,Prophet,50.5,58.86107001669071,test
2016-06-13 19:00:00,2016-06-13 20:00:00,h1,1,Beijing,Prophet,53.75,60.579196566930584,test
2016-06-13 20:00:00,2016-06-13 21:00:00,h1,1,Beijing,Prophet,53.416667,62.21336501756279,test
2016-06-13 21:00:00,2016-06-13 22:00:00,h1,1,Beijing,Prophet,53.0,58.874570560966575,test
2016-06-13 22:00:00,2016-06-13 23:00:00,h1,1,Beijing,Prophet,55.25,57.23204309538849,test
2016-06-13 23:00:00,2016-06-14 00:00:00,h1,1,Beijing,Prophet,55.75,58.371920361163944,test
2016-06-14 00:00:00,2016-06-14 01:00:00,h1,1,Beijing,Prophet,54.416667,56.53958038514446,test
2016-06-14 01:00:00,2016-06-14 02:00:00,h1,1,Beijing,Prophet,53.083333,56.91147163056135,test
2016-06-14 02:00:00,2016-06-14 03:00:00,h1,1,Beijing,Prophet,53.25,55.413320570235555,test
2016-06-14 03:00:00,2016-06-14 04:00:00,h1,1,Beijing,Prophet,55.0,54.458893334516276,test
2016-06-14 04:00:00,2016-06-14 05:00:00,h1,1,Beijing,Prophet,51.25,59.30835514969577,test
2016-06-14 05:00:00,2016-06-14 06:00:00,h1,1,Beijing,Prophet,47.75,53.66571554026502,test
2016-06-14 06:00:00,2016-06-14 07:00:00,h1,1,Beijing,Prophet,43.916667,52.063817706113824,test
2016-06-14 07:00:00,2016-06-14 08:00:00,h1,1,Beijing,Prophet,40.916667,46.83004979679461,test
2016-06-14 08:00:00,2016-06-14 09:00:00,h1,1,Beijing,Prophet,37.833333,44.35906711094778,test
2016-06-14 09:00:00,2016-06-14 10:00:00,h1,1,Beijing,Prophet,31.0,40.727502995140185,test
2016-06-14 10:00:00,2016-06-14 11:00:00,h1,1,Beijing,Prophet,29.833333,30.578797903856383,test
2016-06-14 11:00:00,2016-06-14 12:00:00,h1,1,Beijing,Prophet,32.5,34.08675224920966,test
2016-06-14 12:00:00,2016-06-14 13:00:00,h1,1,Beijing,Prophet,30.833333,38.99113973797835,test
2016-06-14 13:00:00,2016-06-14 14:00:00,h1,1,Beijing,Prophet,28.166667,36.994889983091916,test
2016-06-14 14:00:00,2016-06-14 15:00:00,h1,1,Beijing,Prophet,20.75,31.764826168308655,test
2016-06-14 15:00:00,2016-06-14 16:00:00,h1,1,Beijing,Prophet,22.5,24.59216058538918,test
2016-06-14 16:00:00,2016-06-14 17:00:00,h1,1,Beijing,Prophet,22.833333,28.910038759379997,test
2016-06-14 17:00:00,2016-06-14 18:00:00,h1,1,Beijing,Prophet,23.25,28.32868933602652,test
2016-06-14 18:00:00,2016-06-14 19:00:00,h1,1,Beijing,Prophet,22.5,30.104010573514106,test
2016-06-14 19:00:00,2016-06-14 20:00:00,h1,1,Beijing,Prophet,23.166667,28.947421954929702,test
2016-06-14 20:00:00,2016-06-14 21:00:00,h1,1,Beijing,Prophet,22.916667,30.73680765832285,test
2016-06-14 21:00:00,2016-06-14 22:00:00,h1,1,Beijing,Prophet,21.166667,27.849963370667744,test
2016-06-14 22:00:00,2016-06-14 23:00:00,h1,1,Beijing,Prophet,21.0,21.854369553392942,test
2016-06-14 23:00:00,2016-06-15 00:00:00,h1,1,Beijing,Prophet,23.833333,23.73153881182425,test
2016-06-15 00:00:00,2016-06-15 01:00:00,h1,1,Beijing,Prophet,19.916667,28.11447393177035,test
2016-06-15 01:00:00,2016-06-15 02:00:00,h1,1,Beijing,Prophet,15.166667,22.548886349044732,test
2016-06-15 02:00:00,2016-06-15 03:00:00,h1,1,Beijing,Prophet,13.333333,17.491080713935226,test
2016-06-15 03:00:00,2016-06-15 04:00:00,h1,1,Beijing,Prophet,12.416667,17.283836323062612,test
2016-06-15 04:00:00,2016-06-15 05:00:00,h1,1,Beijing,Prophet,13.25,17.453195704581148,test
2016-06-15 05:00:00,2016-06-15 06:00:00,h1,1,Beijing,Prophet,12.916667,18.6442130403154,test
2016-06-15 06:00:00,2016-06-15 07:00:00,h1,1,Beijing,Prophet,17.083333,17.933802430664226,test
2016-06-15 07:00:00,2016-06-15 08:00:00,h1,1,Beijing,Prophet,16.583333,23.791089179985775,test
2016-06-15 08:00:00,2016-06-15 09:00:00,h1,1,Beijing,Prophet,18.166667,21.638002210632713,test
2016-06-15 09:00:00,2016-06-15 10:00:00,h1,1,Beijing,Prophet,16.75,23.901660014600736,test
2016-06-15 10:00:00,2016-06-15 11:00:00,h1,1,Beijing,Prophet,13.777778,21.755354373811787,test
2016-06-15 11:00:00,2016-06-15 12:00:00,h1,1,Beijing,Prophet,14.472222,18.28008553638245,test
2016-06-15 12:00:00,2016-06-15 13:00:00,h1,1,Beijing,Prophet,13.583333,19.657258949764167,test
2016-06-15 13:00:00,2016-06-15 14:00:00,h1,1,Beijing,Prophet,17.083333,19.1751829997753,test
2016-06-15 14:00:00,2016-06-15 15:00:00,h1,1,Beijing,Prophet,16.416667,23.54897797959535,test
2016-06-15 15:00:00,2016-06-15 16:00:00,h1,1,Beijing,Prophet,17.833333,21.765646280711813,test
2016-06-15 16:00:00,2016-06-15 17:00:00,h1,1,Beijing,Prophet,19.833333,21.51190157020829,test
2016-06-15 17:00:00,2016-06-15 18:00:00,h1,1,Beijing,Prophet,21.833333,21.977097224256507,test
2016-06-15 18:00:00,2016-06-15 19:00:00,h1,1,Beijing,Prophet,24.166667,30.180980427879454,test
2016-06-15 19:00:00,2016-06-15 20:00:00,h1,1,Beijing,Prophet,26.333333,32.09831930175276,test
2016-06-15 20:00:00,2016-06-15 21:00:00,h1,1,Beijing,Prophet,28.0,34.39571722812434,test
2016-06-15 21:00:00,2016-06-15 22:00:00,h1,1,Beijing,Prophet,23.25,32.644913189343704,test
2016-06-15 22:00:00,2016-06-15 23:00:00,h1,1,Beijing,Prophet,23.333333,24.72840207794119,test
2016-06-15 23:00:00,2016-06-16 00:00:00,h1,1,Beijing,Prophet,25.5,27.797802581199797,test
2016-06-16 00:00:00,2016-06-16 01:00:00,h1,1,Beijing,Prophet,23.583333,31.520060421357286,test
2016-06-16 01:00:00,2016-06-16 02:00:00,h1,1,Beijing,Prophet,21.638889,29.166560470696666,test
2016-06-16 02:00:00,2016-06-16 03:00:00,h1,1,Beijing,Prophet,22.361111,27.141965454750437,test
2016-06-16 03:00:00,2016-06-16 04:00:00,h1,1,Beijing,Prophet,24.083333,27.961592214362383,test
2016-06-16 04:00:00,2016-06-16 05:00:00,h1,1,Beijing,Prophet,32.25,29.885225400287133,test
2016-06-16 05:00:00,2016-06-16 06:00:00,h1,1,Beijing,Prophet,25.333333,40.24797460180268,test
2016-06-16 06:00:00,2016-06-16 07:00:00,h1,1,Beijing,Prophet,25.416667,30.06870624215543,test
2016-06-16 07:00:00,2016-06-16 08:00:00,h1,1,Beijing,Prophet,25.75,31.595382518069737,test
2016-06-16 08:00:00,2016-06-16 09:00:00,h1,1,Beijing,Prophet,30.333333,32.43783627021574,test
2016-06-16 09:00:00,2016-06-16 10:00:00,h1,1,Beijing,Prophet,28.25,37.962484697315276,test
2016-06-16 10:00:00,2016-06-16 11:00:00,h1,1,Beijing,Prophet,27.0,32.743678865456445,test
2016-06-16 11:00:00,2016-06-16 12:00:00,h1,1,Beijing,Prophet,25.333333,31.32388608282701,test
2016-06-16 12:00:00,2016-06-16 13:00:00,h1,1,Beijing,Prophet,29.083333,28.528916789305345,test
2016-06-16 13:00:00,2016-06-16 14:00:00,h1,1,Beijing,Prophet,22.555556,33.14982971757028,test
2016-06-16 14:00:00,2016-06-16 15:00:00,h1,1,Beijing,Prophet,20.027778,23.668653412079916,test
2016-06-16 15:00:00,2016-06-16 16:00:00,h1,1,Beijing,Prophet,17.875,22.78446501955792,test
2016-06-16 16:00:00,2016-06-16 17:00:00,h1,1,Beijing,Prophet,14.333333,20.980702993828682,test
2016-06-16 17:00:00,2016-06-16 18:00:00,h1,1,Beijing,Prophet,17.5,17.782706068536736,test
2016-06-16 18:00:00,2016-06-16 19:00:00,h1,1,Beijing,Prophet,24.125,25.086094239867794,test
2016-06-16 19:00:00,2016-06-16 20:00:00,h1,1,Beijing,Prophet,24.166667,33.6448878966821,test
2016-06-16 20:00:00,2016-06-16 21:00:00,h1,1,Beijing,Prophet,28.083333,31.127368831028942,test
2016-06-16 21:00:00,2016-06-16 22:00:00,h1,1,Beijing,Prophet,28.083333,33.49583877430193,test
2016-06-16 22:00:00,2016-06-16 23:00:00,h1,1,Beijing,Prophet,30.083333,30.335667443418174,test
2016-06-16 23:00:00,2016-06-17 00:00:00,h1,1,Beijing,Prophet,35.416667,34.20633625728014,test
2016-06-17 00:00:00,2016-06-17 01:00:00,h1,1,Beijing,Prophet,34.666667,41.455770911652245,test
2016-06-17 01:00:00,2016-06-17 02:00:00,h1,1,Beijing,Prophet,33.5,40.3726964757188,test
2016-06-17 02:00:00,2016-06-17 03:00:00,h1,1,Beijing,Prophet,26.083333,37.71735084272483,test
2016-06-17 03:00:00,2016-06-17 04:00:00,h1,1,Beijing,Prophet,23.5,27.749684681363423,test
2016-06-17 04:00:00,2016-06-17 05:00:00,h1,1,Beijing,Prophet,21.916667,27.78038781706811,test
2016-06-17 05:00:00,2016-06-17 06:00:00,h1,1,Beijing,Prophet,24.583333,26.35428381842703,test
2016-06-17 06:00:00,2016-06-17 07:00:00,h1,1,Beijing,Prophet,23.083333,30.398292718169927,test
2016-06-17 07:00:00,2016-06-17 08:00:00,h1,1,Beijing,Prophet,21.166667,27.8376010942958,test
2016-06-17 08:00:00,2016-06-17 09:00:00,h1,1,Beijing,Prophet,26.083333,26.21311361500066,test
2016-06-17 09:00:00,2016-06-17 10:00:00,h1,1,Beijing,Prophet,20.833333,32.945148095604395,test
2016-06-17 10:00:00,2016-06-17 11:00:00,h1,1,Beijing,Prophet,17.25,21.902362869110203,test
2016-06-17 11:00:00,2016-06-17 12:00:00,h1,1,Beijing,Prophet,16.916667,18.286359934449347,test
2016-06-17 12:00:00,2016-06-17 13:00:00,h1,1,Beijing,Prophet,15.916667,20.68588014375486,test
2016-06-17 13:00:00,2016-06-17 14:00:00,h1,1,Beijing,Prophet,18.75,21.305931366462133,test
2016-06-17 14:00:00,2016-06-17 15:00:00,h1,1,Beijing,Prophet,15.0,25.301516712434072,test
2016-06-17 15:00:00,2016-06-17 16:00:00,h1,1,Beijing,Prophet,17.5,19.92372344921178,test
2016-06-17 16:00:00,2016-06-17 17:00:00,h1,1,Beijing,Prophet,22.166667,23.804726768724812,test
2016-06-17 17:00:00,2016-06-17 18:00:00,h1,1,Beijing,Prophet,18.666667,30.22293853528287,test
2016-06-17 18:00:00,2016-06-17 19:00:00,h1,1,Beijing,Prophet,18.625,27.466364346742427,test
2016-06-17 19:00:00,2016-06-17 20:00:00,h1,1,Beijing,Prophet,23.5,26.951210006401507,test
2016-06-17 20:00:00,2016-06-17 21:00:00,h1,1,Beijing,Prophet,27.125,32.043467728048256,test
2016-06-17 21:00:00,2016-06-17 22:00:00,h1,1,Beijing,Prophet,24.75,34.39305386376193,test
2016-06-17 22:00:00,2016-06-17 23:00:00,h1,1,Beijing,Prophet,28.416667,30.515271582341683,test
2016-06-17 23:00:00,2016-06-18 00:00:00,h1,1,Beijing,Prophet,30.083333,34.7791070035522,test
2016-06-18 00:00:00,2016-06-18 01:00:00,h1,1,Beijing,Prophet,30.166667,35.57038095554353,test
2016-06-18 01:00:00,2016-06-18 02:00:00,h1,1,Beijing,Prophet,30.0,34.216749171127375,test
2016-06-18 02:00:00,2016-06-18 03:00:00,h1,1,Beijing,Prophet,28.75,34.50368872280014,test
2016-06-18 03:00:00,2016-06-18 04:00:00,h1,1,Beijing,Prophet,26.875,32.82049221031364,test
2016-06-18 04:00:00,2016-06-18 05:00:00,h1,1,Beijing,Prophet,29.166667,30.965882429069644,test
2016-06-18 05:00:00,2016-06-18 06:00:00,h1,1,Beijing,Prophet,28.25,33.77006736092417,test
2016-06-18 06:00:00,2016-06-18 07:00:00,h1,1,Beijing,Prophet,30.583333,33.14998299086499,test
2016-06-18 07:00:00,2016-06-18 08:00:00,h1,1,Beijing,Prophet,32.75,36.328489410739095,test
2016-06-18 08:00:00,2016-06-18 09:00:00,h1,1,Beijing,Prophet,35.75,38.68052386952897,test
2016-06-18 09:00:00,2016-06-18 10:00:00,h1,1,Beijing,Prophet,36.75,42.18045439085733,test
2016-06-18 10:00:00,2016-06-18 11:00:00,h1,1,Beijing,Prophet,44.833333,42.25627389515221,test
2016-06-18 11:00:00,2016-06-18 12:00:00,h1,1,Beijing,Prophet,47.083333,51.28516002524309,test
2016-06-18 12:00:00,2016-06-18 13:00:00,h1,1,Beijing,Prophet,37.75,50.94019077133869,test
2016-06-18 13:00:00,2016-06-18 14:00:00,h1,1,Beijing,Prophet,36.333333,37.81364702897891,test
2016-06-18 14:00:00,2016-06-18 15:00:00,h1,1,Beijing,Prophet,38.0,38.26492146898499,test
2016-06-18 15:00:00,2016-06-18 16:00:00,h1,1,Beijing,Prophet,42.583333,41.2319668271794,test
2016-06-18 16:00:00,2016-06-18 17:00:00,h1,1,Beijing,Prophet,43.75,46.91854523244588,test
2016-06-18 17:00:00,2016-06-18 18:00:00,h1,1,Beijing,Prophet,45.833333,46.738966125179985,test
2016-06-18 18:00:00,2016-06-18 19:00:00,h1,1,Beijing,Prophet,43.166667,50.31039066459486,test
2016-06-18 19:00:00,2016-06-18 20:00:00,h1,1,Beijing,Prophet,47.916667,46.33932164138416,test
2016-06-18 20:00:00,2016-06-18 21:00:00,h1,1,Beijing,Prophet,51.166667,53.306342350402446,test
2016-06-18 21:00:00,2016-06-18 22:00:00,h1,1,Beijing,Prophet,57.416667,55.703071925837705,test
2016-06-18 22:00:00,2016-06-18 23:00:00,h1,1,Beijing,Prophet,68.083333,60.96786981032183,test
2016-06-18 23:00:00,2016-06-19 00:00:00,h1,1,Beijing,Prophet,65.333333,71.90817570923727,test
2016-06-19 00:00:00,2016-06-19 01:00:00,h1,1,Beijing,Prophet,59.666667,66.35020629755944,test
2016-06-19 01:00:00,2016-06-19 02:00:00,h1,1,Beijing,Prophet,57.5,60.97477041631698,test
2016-06-19 02:00:00,2016-06-19 03:00:00,h1,1,Beijing,Prophet,58.083333,59.81147176638453,test
2016-06-19 03:00:00,2016-06-19 04:00:00,h1,1,Beijing,Prophet,57.416667,60.48962410646244,test
2016-06-19 04:00:00,2016-06-19 05:00:00,h1,1,Beijing,Prophet,59.0,58.50436488173767,test
2016-06-19 05:00:00,2016-06-19 06:00:00,h1,1,Beijing,Prophet,57.916667,61.17278706575724,test
2016-06-19 06:00:00,2016-06-19 07:00:00,h1,1,Beijing,Prophet,68.583333,60.8906727275198,test
2016-06-19 07:00:00,2016-06-19 08:00:00,h1,1,Beijing,Prophet,84.333333,76.18830883894418,test
2016-06-19 08:00:00,2016-06-19 09:00:00,h1,1,Beijing,Prophet,89.333333,93.34198847346595,test
2016-06-19 09:00:00,2016-06-19 10:00:00,h1,1,Beijing,Prophet,83.5,94.15874791848572,test
2016-06-19 10:00:00,2016-06-19 11:00:00,h1,1,Beijing,Prophet,71.5,84.7851826211587,test
2016-06-19 11:00:00,2016-06-19 12:00:00,h1,1,Beijing,Prophet,57.166667,70.14248005445492,test
2016-06-19 12:00:00,2016-06-19 13:00:00,h1,1,Beijing,Prophet,54.833333,56.09209863166823,test
2016-06-19 13:00:00,2016-06-19 14:00:00,h1,1,Beijing,Prophet,42.333333,56.02800195517797,test
2016-06-19 14:00:00,2016-06-19 15:00:00,h1,1,Beijing,Prophet,30.416667,39.44555321313707,test
2016-06-19 15:00:00,2016-06-19 16:00:00,h1,1,Beijing,Prophet,31.0,27.319345224343568,test
2016-06-19 16:00:00,2016-06-19 17:00:00,h1,1,Beijing,Prophet,28.25,32.456750097636565,test
2016-06-19 17:00:00,2016-06-19 18:00:00,h1,1,Beijing,Prophet,32.416667,30.63754372875505,test
2016-06-19 18:00:00,2016-06-19 19:00:00,h1,1,Beijing,Prophet,33.583333,37.82328555530681,test
2016-06-19 19:00:00,2016-06-19 20:00:00,h1,1,Beijing,Prophet,38.666667,37.76610303075545,test
2016-06-19 20:00:00,2016-06-19 21:00:00,h1,1,Beijing,Prophet,43.25,44.33767647162799,test
2016-06-19 21:00:00,2016-06-19 22:00:00,h1,1,Beijing,Prophet,81.833333,48.79097781974872,test
2016-06-19 22:00:00,2016-06-19 23:00:00,h1,1,Beijing,Prophet,121.416667,94.54860239054136,test
2016-06-19 23:00:00,2016-06-20 00:00:00,h1,1,Beijing,Prophet,38.833333,133.0206561070125,test
2016-06-22 00:00:00,2016-06-22 01:00:00,h1,1,Beijing,Prophet,40.25,19.89784743459039,test
2016-06-22 01:00:00,2016-06-22 02:00:00,h1,1,Beijing,Prophet,33.916667,47.50944030836415,test
2016-06-22 02:00:00,2016-06-22 03:00:00,h1,1,Beijing,Prophet,31.5,37.24304080691002,test
2016-06-22 03:00:00,2016-06-22 04:00:00,h1,1,Beijing,Prophet,32.583333,33.17617756325258,test
2016-06-22 04:00:00,2016-06-22 05:00:00,h1,1,Beijing,Prophet,34.583333,35.43399997984892,test
2016-06-22 05:00:00,2016-06-22 06:00:00,h1,1,Beijing,Prophet,37.916667,39.849307668850116,test
2016-06-22 06:00:00,2016-06-22 07:00:00,h1,1,Beijing,Prophet,39.333333,44.23266530957928,test
2016-06-22 07:00:00,2016-06-22 08:00:00,h1,1,Beijing,Prophet,39.166667,46.41886477275861,test
2016-06-22 08:00:00,2016-06-22 09:00:00,h1,1,Beijing,Prophet,42.666667,45.157454428554615,test
2016-06-22 09:00:00,2016-06-22 10:00:00,h1,1,Beijing,Prophet,42.75,49.11457225617697,test
2016-06-22 10:00:00,2016-06-22 11:00:00,h1,1,Beijing,Prophet,54.666667,48.173266773935765,test
2016-06-22 11:00:00,2016-06-22 12:00:00,h1,1,Beijing,Prophet,68.083333,62.91686742242017,test
2016-06-22 12:00:00,2016-06-22 13:00:00,h1,1,Beijing,Prophet,77.333333,76.10960520696912,test
2016-06-22 13:00:00,2016-06-22 14:00:00,h1,1,Beijing,Prophet,77.75,83.09812438848888,test
2016-06-22 14:00:00,2016-06-22 15:00:00,h1,1,Beijing,Prophet,74.083333,79.63091252858503,test
2016-06-22 15:00:00,2016-06-22 16:00:00,h1,1,Beijing,Prophet,71.0,73.90587286743258,test
2016-06-22 16:00:00,2016-06-22 17:00:00,h1,1,Beijing,Prophet,72.333333,72.22936053561838,test
2016-06-22 17:00:00,2016-06-22 18:00:00,h1,1,Beijing,Prophet,72.333333,75.75898368534061,test
2016-06-22 18:00:00,2016-06-22 19:00:00,h1,1,Beijing,Prophet,57.083333,75.34798244495559,test
2016-06-22 19:00:00,2016-06-22 20:00:00,h1,1,Beijing,Prophet,49.75,58.42719877036363,test
2016-06-22 20:00:00,2016-06-22 21:00:00,h1,1,Beijing,Prophet,53.333333,51.18557948229327,test
2016-06-22 21:00:00,2016-06-22 22:00:00,h1,1,Beijing,Prophet,77.666667,60.83582688166635,test
2016-06-22 22:00:00,2016-06-22 23:00:00,h1,1,Beijing,Prophet,88.916667,85.6777911217878,test
2016-06-22 23:00:00,2016-06-23 00:00:00,h1,1,Beijing,Prophet,74.916667,90.72064969300348,test
2016-06-23 00:00:00,2016-06-23 01:00:00,h1,1,Beijing,Prophet,70.916667,75.05519712073524,test
2016-06-23 01:00:00,2016-06-23 02:00:00,h1,1,Beijing,Prophet,71.916667,75.22321118693382,test
2016-06-23 02:00:00,2016-06-23 03:00:00,h1,1,Beijing,Prophet,76.0,76.82504691387783,test
2016-06-23 03:00:00,2016-06-23 04:00:00,h1,1,Beijing,Prophet,86.583333,80.40245567506551,test
2016-06-23 04:00:00,2016-06-23 05:00:00,h1,1,Beijing,Prophet,108.916667,90.99953478796624,test
2016-06-23 05:00:00,2016-06-23 06:00:00,h1,1,Beijing,Prophet,127.0,117.85404876771786,test
2016-06-23 06:00:00,2016-06-23 07:00:00,h1,1,Beijing,Prophet,121.333333,136.94510059580034,test
2016-06-23 07:00:00,2016-06-23 08:00:00,h1,1,Beijing,Prophet,105.333333,125.86919839604236,test
2016-06-23 08:00:00,2016-06-23 09:00:00,h1,1,Beijing,Prophet,74.666667,106.80329296240538,test
2016-06-23 09:00:00,2016-06-23 10:00:00,h1,1,Beijing,Prophet,47.416667,71.02516854590284,test
2016-06-23 10:00:00,2016-06-23 11:00:00,h1,1,Beijing,Prophet,44.083333,45.56054645300447,test
2016-06-23 11:00:00,2016-06-23 12:00:00,h1,1,Beijing,Prophet,76.0,49.29084622462082,test
2016-06-23 12:00:00,2016-06-23 13:00:00,h1,1,Beijing,Prophet,102.916667,89.693976488454,test
2016-06-23 13:00:00,2016-06-23 14:00:00,h1,1,Beijing,Prophet,91.833333,114.63637795595169,test
2016-06-23 14:00:00,2016-06-23 15:00:00,h1,1,Beijing,Prophet,79.333333,93.59414696116599,test
2016-06-23 15:00:00,2016-06-23 16:00:00,h1,1,Beijing,Prophet,66.333333,79.70579652522457,test
2016-06-23 16:00:00,2016-06-23 17:00:00,h1,1,Beijing,Prophet,59.5,67.2526881371144,test
2016-06-23 17:00:00,2016-06-23 18:00:00,h1,1,Beijing,Prophet,67.583333,61.80625900686081,test
2016-06-23 18:00:00,2016-06-23 19:00:00,h1,1,Beijing,Prophet,70.583333,74.60857396908185,test
2016-06-23 19:00:00,2016-06-23 20:00:00,h1,1,Beijing,Prophet,75.791667,77.01917099237613,test
2016-06-23 20:00:00,2016-06-23 21:00:00,h1,1,Beijing,Prophet,64.888889,76.59399655884101,test
2016-06-23 21:00:00,2016-06-23 22:00:00,h1,1,Beijing,Prophet,42.944444,60.2619622509215,test
2016-06-23 22:00:00,2016-06-23 23:00:00,h1,1,Beijing,Prophet,33.833333,38.89159849058838,test
2016-06-23 23:00:00,2016-06-24 00:00:00,h1,1,Beijing,Prophet,34.208333,35.63330682928087,test
2016-06-24 00:00:00,2016-06-24 01:00:00,h1,1,Beijing,Prophet,35.25,39.27304151963155,test
2016-06-24 01:00:00,2016-06-24 02:00:00,h1,1,Beijing,Prophet,34.416667,41.68202395744962,test
2016-06-24 02:00:00,2016-06-24 03:00:00,h1,1,Beijing,Prophet,32.333333,38.95377050740566,test
2016-06-24 03:00:00,2016-06-24 04:00:00,h1,1,Beijing,Prophet,26.5,34.19105779565808,test
2016-06-24 04:00:00,2016-06-24 05:00:00,h1,1,Beijing,Prophet,19.5,27.058571110973894,test
2016-06-24 05:00:00,2016-06-24 06:00:00,h1,1,Beijing,Prophet,10.333333,21.714024628073638,test
2016-06-24 06:00:00,2016-06-24 07:00:00,h1,1,Beijing,Prophet,10.5,13.052895365696223,test
2016-06-24 07:00:00,2016-06-24 08:00:00,h1,1,Beijing,Prophet,9.666667,13.730218902530563,test
2016-06-24 08:00:00,2016-06-24 09:00:00,h1,1,Beijing,Prophet,8.5,12.063821706824744,test
2016-06-24 09:00:00,2016-06-24 10:00:00,h1,1,Beijing,Prophet,8.388889,11.027350683622615,test
2016-06-24 10:00:00,2016-06-24 11:00:00,h1,1,Beijing,Prophet,10.444444,11.258742293708725,test
2016-06-24 11:00:00,2016-06-24 12:00:00,h1,1,Beijing,Prophet,6.625,14.305193448171366,test
2016-06-24 12:00:00,2016-06-24 13:00:00,h1,1,Beijing,Prophet,6.833333,8.090045756507628,test
2016-06-24 13:00:00,2016-06-24 14:00:00,h1,1,Beijing,Prophet,8.708333,9.36848278538076,test
2016-06-24 14:00:00,2016-06-24 15:00:00,h1,1,Beijing,Prophet,6.666667,12.240517276089708,test
2016-06-24 15:00:00,2016-06-24 16:00:00,h1,1,Beijing,Prophet,8.75,8.75994717267178,test
2016-06-24 16:00:00,2016-06-24 17:00:00,h1,1,Beijing,Prophet,11.916667,12.517959924874809,test
2016-06-24 17:00:00,2016-06-24 18:00:00,h1,1,Beijing,Prophet,7.75,17.4885789277684,test
2016-06-24 18:00:00,2016-06-24 19:00:00,h1,1,Beijing,Prophet,8.416667,11.882527674610433,test
2016-06-24 19:00:00,2016-06-24 20:00:00,h1,1,Beijing,Prophet,9.75,12.507243153176983,test
2016-06-24 20:00:00,2016-06-24 21:00:00,h1,1,Beijing,Prophet,9.0,13.605023726724152,test
2016-06-24 21:00:00,2016-06-24 22:00:00,h1,1,Beijing,Prophet,8.583333,11.193184886516274,test
2016-06-24 22:00:00,2016-06-24 23:00:00,h1,1,Beijing,Prophet,7.083333,8.67269314387256,test
2016-06-24 23:00:00,2016-06-25 00:00:00,h1,1,Beijing,Prophet,56.916667,6.488334391356069,test
2016-06-28 00:00:00,2016-06-28 01:00:00,h1,1,Beijing,Prophet,58.666667,74.15509672406716,test
2016-06-28 01:00:00,2016-06-28 02:00:00,h1,1,Beijing,Prophet,63.083333,67.75668485522594,test
2016-06-28 02:00:00,2016-06-28 03:00:00,h1,1,Beijing,Prophet,63.0,61.01316276657002,test
2016-06-28 03:00:00,2016-06-28 04:00:00,h1,1,Beijing,Prophet,62.583333,57.4625769080436,test
2016-06-28 04:00:00,2016-06-28 05:00:00,h1,1,Beijing,Prophet,62.333333,59.445850328665635,test
2016-06-28 05:00:00,2016-06-28 06:00:00,h1,1,Beijing,Prophet,59.416667,57.49608618452898,test
2016-06-28 06:00:00,2016-06-28 07:00:00,h1,1,Beijing,Prophet,50.083333,59.82935535712528,test
2016-06-28 07:00:00,2016-06-28 08:00:00,h1,1,Beijing,Prophet,33.416667,50.43669584116847,test
2016-06-28 08:00:00,2016-06-28 09:00:00,h1,1,Beijing,Prophet,30.083333,34.851468661396396,test
2016-06-28 09:00:00,2016-06-28 10:00:00,h1,1,Beijing,Prophet,29.25,36.53893127549118,test
2016-06-28 10:00:00,2016-06-28 11:00:00,h1,1,Beijing,Prophet,38.416667,36.50038852335392,test
2016-06-28 11:00:00,2016-06-28 12:00:00,h1,1,Beijing,Prophet,47.166667,45.18576186310228,test
2016-06-28 12:00:00,2016-06-28 13:00:00,h1,1,Beijing,Prophet,54.416667,54.234588362469594,test
2016-06-28 13:00:00,2016-06-28 14:00:00,h1,1,Beijing,Prophet,60.583333,58.737354835305304,test
2016-06-28 14:00:00,2016-06-28 15:00:00,h1,1,Beijing,Prophet,66.25,67.40181162861211,test
2016-06-28 15:00:00,2016-06-28 16:00:00,h1,1,Beijing,Prophet,75.666667,73.21525486437815,test
2016-06-28 16:00:00,2016-06-28 17:00:00,h1,1,Beijing,Prophet,87.0,83.55210614564365,test
2016-06-28 17:00:00,2016-06-28 18:00:00,h1,1,Beijing,Prophet,94.333333,94.50658581156819,test
2016-06-28 18:00:00,2016-06-28 19:00:00,h1,1,Beijing,Prophet,96.583333,102.7791770738899,test
2016-06-28 19:00:00,2016-06-28 20:00:00,h1,1,Beijing,Prophet,102.0,101.95291082871063,test
2016-06-28 20:00:00,2016-06-28 21:00:00,h1,1,Beijing,Prophet,108.166667,105.87896515608432,test
2016-06-28 21:00:00,2016-06-28 22:00:00,h1,1,Beijing,Prophet,111.416667,110.72905601048899,test
2016-06-28 22:00:00,2016-06-28 23:00:00,h1,1,Beijing,Prophet,111.833333,111.41237991117319,test
2016-06-28 23:00:00,2016-06-29 00:00:00,h1,1,Beijing,Prophet,106.916667,113.0797842604334,test
2016-06-29 00:00:00,2016-06-29 01:00:00,h1,1,Beijing,Prophet,101.166667,104.73655831829136,test
2016-06-29 01:00:00,2016-06-29 02:00:00,h1,1,Beijing,Prophet,98.0,101.88436397326286,test
2016-06-29 02:00:00,2016-06-29 03:00:00,h1,1,Beijing,Prophet,98.833333,98.9584593719982,test
2016-06-29 03:00:00,2016-06-29 04:00:00,h1,1,Beijing,Prophet,102.0,100.5714506878098,test
2016-06-29 04:00:00,2016-06-29 05:00:00,h1,1,Beijing,Prophet,106.5,103.50314452353503,test
2016-06-29 05:00:00,2016-06-29 06:00:00,h1,1,Beijing,Prophet,106.0,109.10491220085687,test
2016-06-29 06:00:00,2016-06-29 07:00:00,h1,1,Beijing,Prophet,108.583333,109.59752726700964,test
2016-06-29 07:00:00,2016-06-29 08:00:00,h1,1,Beijing,Prophet,117.166667,113.24940783312056,test
2016-06-29 08:00:00,2016-06-29 09:00:00,h1,1,Beijing,Prophet,119.833333,125.65255219219384,test
2016-06-29 09:00:00,2016-06-29 10:00:00,h1,1,Beijing,Prophet,114.75,125.7083314032244,test
2016-06-29 10:00:00,2016-06-29 11:00:00,h1,1,Beijing,Prophet,105.416667,116.78047082963364,test
2016-06-29 11:00:00,2016-06-29 12:00:00,h1,1,Beijing,Prophet,110.083333,105.03029919016507,test
2016-06-29 12:00:00,2016-06-29 13:00:00,h1,1,Beijing,Prophet,115.583333,114.60662741512118,test
2016-06-29 13:00:00,2016-06-29 14:00:00,h1,1,Beijing,Prophet,113.75,118.9873094615289,test
2016-06-29 14:00:00,2016-06-29 15:00:00,h1,1,Beijing,Prophet,110.25,113.80491310180196,test
2016-06-29 15:00:00,2016-06-29 16:00:00,h1,1,Beijing,Prophet,106.583333,108.49239772304655,test
2016-06-29 16:00:00,2016-06-29 17:00:00,h1,1,Beijing,Prophet,113.916667,108.04129319877829,test
2016-06-29 17:00:00,2016-06-29 18:00:00,h1,1,Beijing,Prophet,116.75,118.59435325420591,test
2016-06-29 18:00:00,2016-06-29 19:00:00,h1,1,Beijing,Prophet,122.583333,116.05760201040039,test
2016-06-29 19:00:00,2016-06-29 20:00:00,h1,1,Beijing,Prophet,120.416667,124.02491130871215,test
2016-06-29 20:00:00,2016-06-29 21:00:00,h1,1,Beijing,Prophet,123.083333,126.09051937355318,test
2016-06-29 21:00:00,2016-06-29 22:00:00,h1,1,Beijing,Prophet,115.083333,128.30314466935386,test
2016-06-29 22:00:00,2016-06-29 23:00:00,h1,1,Beijing,Prophet,106.666667,114.28990763304964,test
2016-06-29 23:00:00,2016-06-30 00:00:00,h1,1,Beijing,Prophet,89.333333,107.27510048856658,test
2016-06-30 00:00:00,2016-06-30 01:00:00,h1,1,Beijing,Prophet,80.583333,87.4241836141573,test
2016-06-30 01:00:00,2016-06-30 02:00:00,h1,1,Beijing,Prophet,82.166667,83.55461098912329,test
2016-06-30 02:00:00,2016-06-30 03:00:00,h1,1,Beijing,Prophet,67.0,84.08094434455998,test
2016-06-30 03:00:00,2016-06-30 04:00:00,h1,1,Beijing,Prophet,57.0,65.58179703045005,test
2016-06-30 04:00:00,2016-06-30 05:00:00,h1,1,Beijing,Prophet,56.25,57.047213644213286,test
2016-06-30 05:00:00,2016-06-30 06:00:00,h1,1,Beijing,Prophet,61.916667,57.62974288393517,test
2016-06-30 06:00:00,2016-06-30 07:00:00,h1,1,Beijing,Prophet,61.833333,64.6498800635289,test
2016-06-30 07:00:00,2016-06-30 08:00:00,h1,1,Beijing,Prophet,69.75,70.29949342541981,test
2016-06-30 08:00:00,2016-06-30 09:00:00,h1,1,Beijing,Prophet,71.583333,75.41615889631724,test
2016-06-30 09:00:00,2016-06-30 10:00:00,h1,1,Beijing,Prophet,67.0,76.96412701487685,test
2016-06-30 10:00:00,2016-06-30 11:00:00,h1,1,Beijing,Prophet,66.5,69.73783619667104,test
2016-06-30 11:00:00,2016-06-30 12:00:00,h1,1,Beijing,Prophet,56.75,70.72431688095622,test
2016-06-30 12:00:00,2016-06-30 13:00:00,h1,1,Beijing,Prophet,51.0,58.86526272703855,test
2016-06-30 13:00:00,2016-06-30 14:00:00,h1,1,Beijing,Prophet,48.25,54.05610515885783,test
2016-06-30 14:00:00,2016-06-30 15:00:00,h1,1,Beijing,Prophet,41.083333,53.000458036051214,test
2016-06-30 15:00:00,2016-06-30 16:00:00,h1,1,Beijing,Prophet,34.25,45.665677486736215,test
2016-06-30 16:00:00,2016-06-30 17:00:00,h1,1,Beijing,Prophet,30.25,37.954040637821585,test
2016-06-30 17:00:00,2016-06-30 18:00:00,h1,1,Beijing,Prophet,30.083333,35.99675225384925,test
2016-06-30 18:00:00,2016-06-30 19:00:00,h1,1,Beijing,Prophet,39.75,38.14472977952747,test
2016-06-30 19:00:00,2016-06-30 20:00:00,h1,1,Beijing,Prophet,56.75,50.63015838127445,test
2016-06-30 20:00:00,2016-06-30 21:00:00,h1,1,Beijing,Prophet,69.166667,67.55141446958368,test
2016-06-30 21:00:00,2016-06-30 22:00:00,h1,1,Beijing,Prophet,85.416667,78.80233846146754,test
2016-06-30 22:00:00,2016-06-30 23:00:00,h1,1,Beijing,Prophet,90.166667,94.46434355119264,test
2016-06-30 23:00:00,2016-07-01 00:00:00,h1,1,Beijing,Prophet,26.666667,90.43843717592772,test
2016-07-01 00:00:00,2016-07-01 01:00:00,h1,1,Beijing,Prophet,8.416667,6.606408859532898,test
2016-07-01 01:00:00,2016-07-01 02:00:00,h1,1,Beijing,Prophet,9.5,3.0606176178648994,test
2016-07-01 02:00:00,2016-07-01 03:00:00,h1,1,Beijing,Prophet,9.583333,14.780515499514191,test
2016-07-01 03:00:00,2016-07-01 04:00:00,h1,1,Beijing,Prophet,10.916667,14.40927036906524,test
2016-07-01 04:00:00,2016-07-01 05:00:00,h1,1,Beijing,Prophet,10.75,14.166319066338776,test
2016-07-01 05:00:00,2016-07-01 06:00:00,h1,1,Beijing,Prophet,10.666667,15.636283090644088,test
2016-07-01 06:00:00,2016-07-01 07:00:00,h1,1,Beijing,Prophet,11.5,15.738487258989437,test
2016-07-01 07:00:00,2016-07-01 08:00:00,h1,1,Beijing,Prophet,10.416667,16.284386695022086,test
2016-07-01 08:00:00,2016-07-01 09:00:00,h1,1,Beijing,Prophet,8.333333,14.028890958778195,test
2016-07-01 09:00:00,2016-07-01 10:00:00,h1,1,Beijing,Prophet,6.666667,11.03022110242511,test
2016-07-01 10:00:00,2016-07-01 11:00:00,h1,1,Beijing,Prophet,7.666667,9.182563366226027,test
2016-07-01 11:00:00,2016-07-01 12:00:00,h1,1,Beijing,Prophet,6.833333,11.86756827023967,test
2016-07-01 12:00:00,2016-07-01 13:00:00,h1,1,Beijing,Prophet,8.833333,11.415587881654492,test
2016-07-01 13:00:00,2016-07-01 14:00:00,h1,1,Beijing,Prophet,9.138889,15.276237661214008,test
2016-07-01 14:00:00,2016-07-01 15:00:00,h1,1,Beijing,Prophet,9.194444,15.657736736497743,test
2016-07-01 15:00:00,2016-07-01 16:00:00,h1,1,Beijing,Prophet,7.333333,14.760083358608668,test
2016-07-01 16:00:00,2016-07-01 17:00:00,h1,1,Beijing,Prophet,10.083333,12.846286468360255,test
2016-07-01 17:00:00,2016-07-01 18:00:00,h1,1,Beijing,Prophet,15.25,17.412948851251087,test
2016-07-01 18:00:00,2016-07-01 19:00:00,h1,1,Beijing,Prophet,19.333333,25.374765324490067,test
2016-07-01 19:00:00,2016-07-01 20:00:00,h1,1,Beijing,Prophet,20.25,29.029852299720222,test
2016-07-01 20:00:00,2016-07-01 21:00:00,h1,1,Beijing,Prophet,23.25,27.376416559819923,test
2016-07-01 21:00:00,2016-07-01 22:00:00,h1,1,Beijing,Prophet,28.25,28.77124800733639,test
2016-07-01 22:00:00,2016-07-01 23:00:00,h1,1,Beijing,Prophet,27.583333,32.063062768750385,test
2016-07-01 23:00:00,2016-07-02 00:00:00,h1,1,Beijing,Prophet,27.583333,29.459959941166417,test
2016-07-02 00:00:00,2016-07-02 01:00:00,h1,1,Beijing,Prophet,31.166667,31.237593132968776,test
2016-07-02 01:00:00,2016-07-02 02:00:00,h1,1,Beijing,Prophet,35.5,36.81074471800639,test
2016-07-02 02:00:00,2016-07-02 03:00:00,h1,1,Beijing,Prophet,41.666667,40.266530164406085,test
2016-07-02 03:00:00,2016-07-02 04:00:00,h1,1,Beijing,Prophet,46.5,47.32521305541316,test
2016-07-02 04:00:00,2016-07-02 05:00:00,h1,1,Beijing,Prophet,49.416667,50.972045671710106,test
2016-07-02 05:00:00,2016-07-02 06:00:00,h1,1,Beijing,Prophet,58.5,54.3494174611082,test
2016-07-02 06:00:00,2016-07-02 07:00:00,h1,1,Beijing,Prophet,74.083333,66.0820636095454,test
2016-07-02 07:00:00,2016-07-02 08:00:00,h1,1,Beijing,Prophet,88.0,82.77782120753987,test
2016-07-02 08:00:00,2016-07-02 09:00:00,h1,1,Beijing,Prophet,84.541667,95.81966112415097,test
2016-07-02 09:00:00,2016-07-02 10:00:00,h1,1,Beijing,Prophet,71.583333,87.39639178263522,test
2016-07-02 10:00:00,2016-07-02 11:00:00,h1,1,Beijing,Prophet,64.041667,70.79032176200019,test
2016-07-02 11:00:00,2016-07-02 12:00:00,h1,1,Beijing,Prophet,58.083333,64.51349841376012,test
2016-07-02 12:00:00,2016-07-02 13:00:00,h1,1,Beijing,Prophet,43.375,58.800113605810296,test
2016-07-02 13:00:00,2016-07-02 14:00:00,h1,1,Beijing,Prophet,30.583333,40.50560061399652,test
2016-07-02 14:00:00,2016-07-02 15:00:00,h1,1,Beijing,Prophet,25.25,29.047710925293373,test
2016-07-02 15:00:00,2016-07-02 16:00:00,h1,1,Beijing,Prophet,22.75,27.00511199835119,test
2016-07-02 16:00:00,2016-07-02 17:00:00,h1,1,Beijing,Prophet,24.75,25.177046160798675,test
2016-07-02 17:00:00,2016-07-02 18:00:00,h1,1,Beijing,Prophet,26.666667,29.181503252268925,test
2016-07-02 18:00:00,2016-07-02 19:00:00,h1,1,Beijing,Prophet,24.625,32.21045927035576,test
2016-07-02 19:00:00,2016-07-02 20:00:00,h1,1,Beijing,Prophet,24.666667,29.146476496441622,test
2016-07-02 20:00:00,2016-07-02 21:00:00,h1,1,Beijing,Prophet,32.75,29.26461862854708,test
2016-07-02 21:00:00,2016-07-02 22:00:00,h1,1,Beijing,Prophet,38.958333,39.155048793585784,test
2016-07-02 22:00:00,2016-07-02 23:00:00,h1,1,Beijing,Prophet,43.75,43.438357467345824,test
2016-07-02 23:00:00,2016-07-03 00:00:00,h1,1,Beijing,Prophet,43.666667,48.43103917711675,test
2016-07-03 00:00:00,2016-07-03 01:00:00,h1,1,Beijing,Prophet,51.166667,48.658391153027495,test
2016-07-03 01:00:00,2016-07-03 02:00:00,h1,1,Beijing,Prophet,56.0,56.925173519610894,test
2016-07-03 02:00:00,2016-07-03 03:00:00,h1,1,Beijing,Prophet,59.416667,60.57979873796313,test
2016-07-03 03:00:00,2016-07-03 04:00:00,h1,1,Beijing,Prophet,61.333333,62.95016579904984,test
2016-07-03 04:00:00,2016-07-03 05:00:00,h1,1,Beijing,Prophet,57.666667,64.12709247728893,test
2016-07-03 05:00:00,2016-07-03 06:00:00,h1,1,Beijing,Prophet,59.416667,59.992867457818825,test
2016-07-03 06:00:00,2016-07-03 07:00:00,h1,1,Beijing,Prophet,64.25,64.43666977991869,test
2016-07-03 07:00:00,2016-07-03 08:00:00,h1,1,Beijing,Prophet,79.0,70.01481084040651,test
2016-07-03 08:00:00,2016-07-03 09:00:00,h1,1,Beijing,Prophet,89.833333,86.81910144089814,test
2016-07-03 09:00:00,2016-07-03 10:00:00,h1,1,Beijing,Prophet,91.833333,94.95715675982859,test
2016-07-03 10:00:00,2016-07-03 11:00:00,h1,1,Beijing,Prophet,89.333333,93.5356307292269,test
2016-07-03 11:00:00,2016-07-03 12:00:00,h1,1,Beijing,Prophet,89.333333,90.18788239312899,test
2016-07-03 12:00:00,2016-07-03 13:00:00,h1,1,Beijing,Prophet,83.166667,90.91379846584951,test
2016-07-03 13:00:00,2016-07-03 14:00:00,h1,1,Beijing,Prophet,76.416667,82.0431068936208,test
2016-07-03 14:00:00,2016-07-03 15:00:00,h1,1,Beijing,Prophet,75.833333,76.27743206639693,test
2016-07-03 15:00:00,2016-07-03 16:00:00,h1,1,Beijing,Prophet,76.166667,77.78722086295986,test
2016-07-03 16:00:00,2016-07-03 17:00:00,h1,1,Beijing,Prophet,78.25,77.44364280852608,test
2016-07-03 17:00:00,2016-07-03 18:00:00,h1,1,Beijing,Prophet,81.25,80.14792458755099,test
2016-07-03 18:00:00,2016-07-03 19:00:00,h1,1,Beijing,Prophet,92.0,83.07204177387578,test
2016-07-03 19:00:00,2016-07-03 20:00:00,h1,1,Beijing,Prophet,93.166667,98.47931756830269,test
2016-07-03 20:00:00,2016-07-03 21:00:00,h1,1,Beijing,Prophet,97.75,95.35415523954484,test
2016-07-03 21:00:00,2016-07-03 22:00:00,h1,1,Beijing,Prophet,107.083333,102.90922432269784,test
2016-07-03 22:00:00,2016-07-03 23:00:00,h1,1,Beijing,Prophet,115.666667,110.37039998127784,test
2016-07-03 23:00:00,2016-07-04 00:00:00,h1,1,Beijing,Prophet,128.25,116.97255322427048,test
2016-07-04 00:00:00,2016-07-04 01:00:00,h1,1,Beijing,Prophet,137.583333,131.42276909689662,test
2016-07-04 01:00:00,2016-07-04 02:00:00,h1,1,Beijing,Prophet,145.166667,142.4662005559502,test
2016-07-04 02:00:00,2016-07-04 03:00:00,h1,1,Beijing,Prophet,163.916667,149.14071819149933,test
2016-07-04 03:00:00,2016-07-04 04:00:00,h1,1,Beijing,Prophet,200.583333,168.34336959666155,test
2016-07-04 04:00:00,2016-07-04 05:00:00,h1,1,Beijing,Prophet,208.666667,207.7249429602652,test
2016-07-04 05:00:00,2016-07-04 06:00:00,h1,1,Beijing,Prophet,202.0,209.009358350075,test
2016-07-04 06:00:00,2016-07-04 07:00:00,h1,1,Beijing,Prophet,197.25,199.3694143899945,test
2016-07-04 07:00:00,2016-07-04 08:00:00,h1,1,Beijing,Prophet,185.166667,191.53262081429241,test
2016-07-04 08:00:00,2016-07-04 09:00:00,h1,1,Beijing,Prophet,172.083333,178.2836316544347,test
2016-07-04 09:00:00,2016-07-04 10:00:00,h1,1,Beijing,Prophet,150.25,166.59211688869345,test
2016-07-04 10:00:00,2016-07-04 11:00:00,h1,1,Beijing,Prophet,126.916667,140.92066456044174,test
2016-07-04 11:00:00,2016-07-04 12:00:00,h1,1,Beijing,Prophet,112.333333,119.3598956179309,test
2016-07-04 12:00:00,2016-07-04 13:00:00,h1,1,Beijing,Prophet,103.75,106.58900894103752,test
2016-07-04 13:00:00,2016-07-04 14:00:00,h1,1,Beijing,Prophet,108.083333,101.49583150278234,test
2016-07-04 14:00:00,2016-07-04 15:00:00,h1,1,Beijing,Prophet,108.208333,108.22056554863778,test
2016-07-04 15:00:00,2016-07-04 16:00:00,h1,1,Beijing,Prophet,101.916667,106.39357309825581,test
2016-07-04 16:00:00,2016-07-04 17:00:00,h1,1,Beijing,Prophet,100.916667,100.40988146025305,test
2016-07-04 17:00:00,2016-07-04 18:00:00,h1,1,Beijing,Prophet,103.166667,101.4570931166918,test
2016-07-04 18:00:00,2016-07-04 19:00:00,h1,1,Beijing,Prophet,102.333333,106.18076949346761,test
2016-07-04 19:00:00,2016-07-04 20:00:00,h1,1,Beijing,Prophet,99.25,102.0929307541612,test
2016-07-04 20:00:00,2016-07-04 21:00:00,h1,1,Beijing,Prophet,71.583333,96.8028512220024,test
2016-07-04 21:00:00,2016-07-04 22:00:00,h1,1,Beijing,Prophet,56.916667,63.384206533010854,test
2016-07-04 22:00:00,2016-07-04 23:00:00,h1,1,Beijing,Prophet,49.944444,53.4456734215425,test
2016-07-04 23:00:00,2016-07-05 00:00:00,h1,1,Beijing,Prophet,60.138889,48.81821738160079,test
2016-07-05 00:00:00,2016-07-05 01:00:00,h1,1,Beijing,Prophet,80.833333,65.85538277997009,test
2016-07-05 01:00:00,2016-07-05 02:00:00,h1,1,Beijing,Prophet,100.666667,89.54137391557686,test
2016-07-05 02:00:00,2016-07-05 03:00:00,h1,1,Beijing,Prophet,110.0,108.41909758137655,test
2016-07-05 03:00:00,2016-07-05 04:00:00,h1,1,Beijing,Prophet,112.75,113.67615246259713,test
2016-07-05 04:00:00,2016-07-05 05:00:00,h1,1,Beijing,Prophet,115.75,114.83035092853555,test
2016-07-05 05:00:00,2016-07-05 06:00:00,h1,1,Beijing,Prophet,113.0,117.8001002599465,test
2016-07-05 06:00:00,2016-07-05 07:00:00,h1,1,Beijing,Prophet,110.583333,115.28386629187193,test
2016-07-05 07:00:00,2016-07-05 08:00:00,h1,1,Beijing,Prophet,109.666667,113.04479838520174,test
2016-07-05 08:00:00,2016-07-05 09:00:00,h1,1,Beijing,Prophet,101.583333,112.32075959024152,test
2016-07-05 09:00:00,2016-07-05 10:00:00,h1,1,Beijing,Prophet,98.25,100.63229716333473,test
2016-07-05 10:00:00,2016-07-05 11:00:00,h1,1,Beijing,Prophet,91.416667,98.53541754104629,test
2016-07-05 11:00:00,2016-07-05 12:00:00,h1,1,Beijing,Prophet,88.166667,89.34842037019054,test
2016-07-05 12:00:00,2016-07-05 13:00:00,h1,1,Beijing,Prophet,88.083333,86.35568653740823,test
2016-07-05 13:00:00,2016-07-05 14:00:00,h1,1,Beijing,Prophet,87.416667,87.3418846529141,test
2016-07-05 14:00:00,2016-07-05 15:00:00,h1,1,Beijing,Prophet,83.583333,87.4059920722984,test
2016-07-05 15:00:00,2016-07-05 16:00:00,h1,1,Beijing,Prophet,85.333333,82.88865303505202,test
2016-07-05 16:00:00,2016-07-05 17:00:00,h1,1,Beijing,Prophet,81.916667,86.04971603533696,test
2016-07-05 17:00:00,2016-07-05 18:00:00,h1,1,Beijing,Prophet,79.166667,81.05630442590953,test
2016-07-05 18:00:00,2016-07-05 19:00:00,h1,1,Beijing,Prophet,79.833333,79.84353854731053,test
2016-07-05 19:00:00,2016-07-05 20:00:00,h1,1,Beijing,Prophet,81.333333,81.61813068791832,test
2016-07-05 20:00:00,2016-07-05 21:00:00,h1,1,Beijing,Prophet,85.25,82.29545400195863,test
2016-07-05 21:00:00,2016-07-05 22:00:00,h1,1,Beijing,Prophet,92.5,86.7700761999977,test
2016-07-05 22:00:00,2016-07-05 23:00:00,h1,1,Beijing,Prophet,99.833333,93.8897001010987,test
2016-07-05 23:00:00,2016-07-06 00:00:00,h1,1,Beijing,Prophet,95.583333,100.52962496966273,test
2016-07-06 00:00:00,2016-07-06 01:00:00,h1,1,Beijing,Prophet,83.25,93.58869017413222,test
2016-07-06 01:00:00,2016-07-06 02:00:00,h1,1,Beijing,Prophet,73.083333,79.15213706923885,test
2016-07-06 02:00:00,2016-07-06 03:00:00,h1,1,Beijing,Prophet,64.5,69.7957465713905,test
2016-07-06 03:00:00,2016-07-06 04:00:00,h1,1,Beijing,Prophet,62.166667,62.93719224599512,test
2016-07-06 04:00:00,2016-07-06 05:00:00,h1,1,Beijing,Prophet,72.666667,63.98503046238919,test
2016-07-06 05:00:00,2016-07-06 06:00:00,h1,1,Beijing,Prophet,76.083333,79.37562218240174,test
2016-07-06 06:00:00,2016-07-06 07:00:00,h1,1,Beijing,Prophet,87.0,81.68144247672322,test
2016-07-06 07:00:00,2016-07-06 08:00:00,h1,1,Beijing,Prophet,99.0,94.4208601997193,test
2016-07-06 08:00:00,2016-07-06 09:00:00,h1,1,Beijing,Prophet,102.75,105.57882359949684,test
2016-07-06 09:00:00,2016-07-06 10:00:00,h1,1,Beijing,Prophet,104.666667,106.93023506580893,test
2016-07-06 10:00:00,2016-07-06 11:00:00,h1,1,Beijing,Prophet,102.666667,108.36746285618847,test
2016-07-06 11:00:00,2016-07-06 12:00:00,h1,1,Beijing,Prophet,95.25,103.50822768971058,test
2016-07-06 12:00:00,2016-07-06 13:00:00,h1,1,Beijing,Prophet,81.833333,92.50699712927614,test
2016-07-06 13:00:00,2016-07-06 14:00:00,h1,1,Beijing,Prophet,73.333333,77.87583559941521,test
2016-07-06 14:00:00,2016-07-06 15:00:00,h1,1,Beijing,Prophet,66.0,69.76019611298412,test
2016-07-06 15:00:00,2016-07-06 16:00:00,h1,1,Beijing,Prophet,53.083333,62.93402297232806,test
2016-07-06 16:00:00,2016-07-06 17:00:00,h1,1,Beijing,Prophet,45.833333,49.455854670879134,test
2016-07-06 17:00:00,2016-07-06 18:00:00,h1,1,Beijing,Prophet,43.916667,45.716729901225996,test
2016-07-06 18:00:00,2016-07-06 19:00:00,h1,1,Beijing,Prophet,47.583333,47.83913464286516,test
2016-07-06 19:00:00,2016-07-06 20:00:00,h1,1,Beijing,Prophet,54.416667,53.492235726567024,test
2016-07-06 20:00:00,2016-07-06 21:00:00,h1,1,Beijing,Prophet,63.25,60.538787471451954,test
2016-07-06 21:00:00,2016-07-06 22:00:00,h1,1,Beijing,Prophet,73.0,68.85686430861244,test
2016-07-06 22:00:00,2016-07-06 23:00:00,h1,1,Beijing,Prophet,80.666667,76.49320826662598,test
2016-07-06 23:00:00,2016-07-07 00:00:00,h1,1,Beijing,Prophet,85.666667,83.40040426823512,test
2016-07-07 00:00:00,2016-07-07 01:00:00,h1,1,Beijing,Prophet,87.916667,87.9276155805654,test
2016-07-07 01:00:00,2016-07-07 02:00:00,h1,1,Beijing,Prophet,92.333333,89.34940002935691,test
2016-07-07 02:00:00,2016-07-07 03:00:00,h1,1,Beijing,Prophet,92.416667,94.8022695115657,test
2016-07-07 03:00:00,2016-07-07 04:00:00,h1,1,Beijing,Prophet,97.166667,93.95466518704617,test
2016-07-07 04:00:00,2016-07-07 05:00:00,h1,1,Beijing,Prophet,104.916667,100.25711800504223,test
2016-07-07 05:00:00,2016-07-07 06:00:00,h1,1,Beijing,Prophet,120.583333,108.61103780474036,test
2016-07-07 06:00:00,2016-07-07 07:00:00,h1,1,Beijing,Prophet,116.916667,125.9751937824037,test
2016-07-07 07:00:00,2016-07-07 08:00:00,h1,1,Beijing,Prophet,119.75,117.73072920836006,test
2016-07-07 08:00:00,2016-07-07 09:00:00,h1,1,Beijing,Prophet,121.083333,122.00354322911684,test
2016-07-07 09:00:00,2016-07-07 10:00:00,h1,1,Beijing,Prophet,125.916667,124.10058011791992,test
2016-07-07 10:00:00,2016-07-07 11:00:00,h1,1,Beijing,Prophet,128.916667,128.46379281510386,test
2016-07-07 11:00:00,2016-07-07 12:00:00,h1,1,Beijing,Prophet,128.666667,129.88812663355714,test
2016-07-07 12:00:00,2016-07-07 13:00:00,h1,1,Beijing,Prophet,126.75,125.38340991893199,test
2016-07-07 13:00:00,2016-07-07 14:00:00,h1,1,Beijing,Prophet,118.666667,122.00874092658054,test
2016-07-07 14:00:00,2016-07-07 15:00:00,h1,1,Beijing,Prophet,113.5,112.2386403200895,test
2016-07-07 15:00:00,2016-07-07 16:00:00,h1,1,Beijing,Prophet,110.083333,107.7108998747368,test
2016-07-07 16:00:00,2016-07-07 17:00:00,h1,1,Beijing,Prophet,110.916667,107.50260413142996,test
2016-07-07 17:00:00,2016-07-07 18:00:00,h1,1,Beijing,Prophet,112.916667,108.40926095039767,test
2016-07-07 18:00:00,2016-07-07 19:00:00,h1,1,Beijing,Prophet,121.416667,112.89349237702515,test
2016-07-07 19:00:00,2016-07-07 20:00:00,h1,1,Beijing,Prophet,120.583333,122.91673809334614,test
2016-07-07 20:00:00,2016-07-07 21:00:00,h1,1,Beijing,Prophet,103.583333,118.0610277067805,test
2016-07-07 21:00:00,2016-07-07 22:00:00,h1,1,Beijing,Prophet,91.333333,96.34687296797301,test
2016-07-07 22:00:00,2016-07-07 23:00:00,h1,1,Beijing,Prophet,82.75,84.61101239531246,test
2016-07-07 23:00:00,2016-07-08 00:00:00,h1,1,Beijing,Prophet,74.333333,79.01925038195654,test
2016-07-08 00:00:00,2016-07-08 01:00:00,h1,1,Beijing,Prophet,65.25,72.380243719556,test
2016-07-08 01:00:00,2016-07-08 02:00:00,h1,1,Beijing,Prophet,63.916667,64.70317823414696,test
2016-07-08 02:00:00,2016-07-08 03:00:00,h1,1,Beijing,Prophet,61.0,65.29741689938716,test
2016-07-08 03:00:00,2016-07-08 04:00:00,h1,1,Beijing,Prophet,62.083333,61.50750672886018,test
2016-07-08 04:00:00,2016-07-08 05:00:00,h1,1,Beijing,Prophet,64.583333,62.66901485574807,test
2016-07-08 05:00:00,2016-07-08 06:00:00,h1,1,Beijing,Prophet,65.166667,66.7407912561302,test
2016-07-08 06:00:00,2016-07-08 07:00:00,h1,1,Beijing,Prophet,68.75,69.349196366912,test
2016-07-08 07:00:00,2016-07-08 08:00:00,h1,1,Beijing,Prophet,71.0,75.13250192730072,test
2016-07-08 08:00:00,2016-07-08 09:00:00,h1,1,Beijing,Prophet,79.416667,78.70564014947672,test
2016-07-08 09:00:00,2016-07-08 10:00:00,h1,1,Beijing,Prophet,88.083333,87.80606434084737,test
2016-07-08 10:00:00,2016-07-08 11:00:00,h1,1,Beijing,Prophet,98.083333,95.04721757004677,test
2016-07-08 11:00:00,2016-07-08 12:00:00,h1,1,Beijing,Prophet,108.833333,105.45088319956389,test
2016-07-08 12:00:00,2016-07-08 13:00:00,h1,1,Beijing,Prophet,122.0,114.55727620955416,test
2016-07-08 13:00:00,2016-07-08 14:00:00,h1,1,Beijing,Prophet,130.166667,125.77678099944103,test
2016-07-08 14:00:00,2016-07-08 15:00:00,h1,1,Beijing,Prophet,131.583333,133.15520778292665,test
2016-07-08 15:00:00,2016-07-08 16:00:00,h1,1,Beijing,Prophet,125.416667,132.05126812699848,test
2016-07-08 16:00:00,2016-07-08 17:00:00,h1,1,Beijing,Prophet,117.5,121.59555373494948,test
2016-07-08 17:00:00,2016-07-08 18:00:00,h1,1,Beijing,Prophet,111.666667,114.1039718457152,test
2016-07-08 18:00:00,2016-07-08 19:00:00,h1,1,Beijing,Prophet,105.166667,109.66029098500259,test
2016-07-08 19:00:00,2016-07-08 20:00:00,h1,1,Beijing,Prophet,110.5,104.1342268004093,test
2016-07-08 20:00:00,2016-07-08 21:00:00,h1,1,Beijing,Prophet,119.583333,112.76091592500116,test
2016-07-08 21:00:00,2016-07-08 22:00:00,h1,1,Beijing,Prophet,96.166667,120.45860539975635,test
2016-07-08 22:00:00,2016-07-08 23:00:00,h1,1,Beijing,Prophet,69.833333,88.58003383859462,test
2016-07-08 23:00:00,2016-07-09 00:00:00,h1,1,Beijing,Prophet,61.0,61.58042075548713,test
2016-07-09 00:00:00,2016-07-09 01:00:00,h1,1,Beijing,Prophet,56.333333,59.87812858188653,test
2016-07-09 01:00:00,2016-07-09 02:00:00,h1,1,Beijing,Prophet,56.333333,58.72521605273132,test
2016-07-09 02:00:00,2016-07-09 03:00:00,h1,1,Beijing,Prophet,62.333333,60.18590169901705,test
2016-07-09 03:00:00,2016-07-09 04:00:00,h1,1,Beijing,Prophet,65.583333,67.66392116049482,test
2016-07-09 04:00:00,2016-07-09 05:00:00,h1,1,Beijing,Prophet,64.416667,69.98599952683685,test
2016-07-09 05:00:00,2016-07-09 06:00:00,h1,1,Beijing,Prophet,65.333333,67.85386013953999,test
2016-07-09 06:00:00,2016-07-09 07:00:00,h1,1,Beijing,Prophet,68.166667,70.3609989901887,test
2016-07-09 07:00:00,2016-07-09 08:00:00,h1,1,Beijing,Prophet,75.5,75.74005008176488,test
2016-07-09 08:00:00,2016-07-09 09:00:00,h1,1,Beijing,Prophet,82.583333,84.54633820212558,test
2016-07-09 09:00:00,2016-07-09 10:00:00,h1,1,Beijing,Prophet,89.666667,90.78542063200564,test
2016-07-09 10:00:00,2016-07-09 11:00:00,h1,1,Beijing,Prophet,98.333333,97.52282049250383,test
2016-07-09 11:00:00,2016-07-09 12:00:00,h1,1,Beijing,Prophet,106.0,104.35756412939928,test
2016-07-09 12:00:00,2016-07-09 13:00:00,h1,1,Beijing,Prophet,107.833333,109.4933580962379,test
2016-07-09 13:00:00,2016-07-09 14:00:00,h1,1,Beijing,Prophet,95.25,107.8500486987187,test
2016-07-09 14:00:00,2016-07-09 15:00:00,h1,1,Beijing,Prophet,84.333333,90.11122838911729,test
2016-07-09 15:00:00,2016-07-09 16:00:00,h1,1,Beijing,Prophet,82.416667,80.68415800871969,test
2016-07-09 16:00:00,2016-07-09 17:00:00,h1,1,Beijing,Prophet,83.166667,81.23308585442486,test
2016-07-09 17:00:00,2016-07-09 18:00:00,h1,1,Beijing,Prophet,82.916667,83.01814886227135,test
2016-07-09 18:00:00,2016-07-09 19:00:00,h1,1,Beijing,Prophet,80.333333,83.74442084975757,test
2016-07-09 19:00:00,2016-07-09 20:00:00,h1,1,Beijing,Prophet,85.0,79.652561066001,test
2016-07-09 20:00:00,2016-07-09 21:00:00,h1,1,Beijing,Prophet,92.0,87.96995128908252,test
2016-07-09 21:00:00,2016-07-09 22:00:00,h1,1,Beijing,Prophet,104.583333,95.58090029178406,test
2016-07-09 22:00:00,2016-07-09 23:00:00,h1,1,Beijing,Prophet,97.833333,106.57993169852583,test
2016-07-09 23:00:00,2016-07-10 00:00:00,h1,1,Beijing,Prophet,95.25,94.2895509194054,test
2016-07-10 00:00:00,2016-07-10 01:00:00,h1,1,Beijing,Prophet,98.083333,95.6806228956328,test
2016-07-10 01:00:00,2016-07-10 02:00:00,h1,1,Beijing,Prophet,104.583333,101.50841012763266,test
2016-07-10 02:00:00,2016-07-10 03:00:00,h1,1,Beijing,Prophet,108.916667,109.05586598545517,test
2016-07-10 03:00:00,2016-07-10 04:00:00,h1,1,Beijing,Prophet,115.25,112.61168445291585,test
2016-07-10 04:00:00,2016-07-10 05:00:00,h1,1,Beijing,Prophet,119.916667,119.62371347386048,test
2016-07-10 05:00:00,2016-07-10 06:00:00,h1,1,Beijing,Prophet,126.166667,125.21897664821705,test
2016-07-10 06:00:00,2016-07-10 07:00:00,h1,1,Beijing,Prophet,135.25,132.63215889797308,test
2016-07-10 07:00:00,2016-07-10 08:00:00,h1,1,Beijing,Prophet,139.0,143.0582197302852,test
2016-07-10 08:00:00,2016-07-10 09:00:00,h1,1,Beijing,Prophet,146.25,144.43766417551436,test
2016-07-10 09:00:00,2016-07-10 10:00:00,h1,1,Beijing,Prophet,147.5,151.7146803347166,test
2016-07-10 10:00:00,2016-07-10 11:00:00,h1,1,Beijing,Prophet,133.75,148.6536884093672,test
2016-07-10 11:00:00,2016-07-10 12:00:00,h1,1,Beijing,Prophet,98.0,129.0161472287672,test
2016-07-10 12:00:00,2016-07-10 13:00:00,h1,1,Beijing,Prophet,77.666667,84.0931028905471,test
2016-07-10 13:00:00,2016-07-10 14:00:00,h1,1,Beijing,Prophet,65.5,69.39600616418488,test
2016-07-10 14:00:00,2016-07-10 15:00:00,h1,1,Beijing,Prophet,52.666667,61.94541409211017,test
2016-07-10 15:00:00,2016-07-10 16:00:00,h1,1,Beijing,Prophet,60.333333,49.40425195553903,test
2016-07-10 16:00:00,2016-07-10 17:00:00,h1,1,Beijing,Prophet,61.0,63.29136391050063,test
2016-07-10 17:00:00,2016-07-10 18:00:00,h1,1,Beijing,Prophet,63.666667,62.825336727690896,test
2016-07-10 18:00:00,2016-07-10 19:00:00,h1,1,Beijing,Prophet,61.666667,67.0624749255954,test
2016-07-10 19:00:00,2016-07-10 20:00:00,h1,1,Beijing,Prophet,58.416667,64.1342370465998,test
2016-07-10 20:00:00,2016-07-10 21:00:00,h1,1,Beijing,Prophet,53.833333,60.10000625643164,test
2016-07-10 21:00:00,2016-07-10 22:00:00,h1,1,Beijing,Prophet,57.5,53.40307632001013,test
2016-07-10 22:00:00,2016-07-10 23:00:00,h1,1,Beijing,Prophet,53.583333,58.0971956548841,test
2016-07-10 23:00:00,2016-07-11 00:00:00,h1,1,Beijing,Prophet,11.083333,52.65541146394615,test
2016-07-13 00:00:00,2016-07-13 01:00:00,h1,1,Beijing,Prophet,12.583333,5.669218072429629,test
2016-07-13 01:00:00,2016-07-13 02:00:00,h1,1,Beijing,Prophet,12.083333,23.603348134383715,test
2016-07-13 02:00:00,2016-07-13 03:00:00,h1,1,Beijing,Prophet,16.083333,19.236141967096525,test
2016-07-13 03:00:00,2016-07-13 04:00:00,h1,1,Beijing,Prophet,19.333333,23.61339937508101,test
2016-07-13 04:00:00,2016-07-13 05:00:00,h1,1,Beijing,Prophet,17.833333,24.933615029634364,test
2016-07-13 05:00:00,2016-07-13 06:00:00,h1,1,Beijing,Prophet,18.916667,23.76673300188627,test
2016-07-13 06:00:00,2016-07-13 07:00:00,h1,1,Beijing,Prophet,18.25,25.509699806167397,test
2016-07-13 07:00:00,2016-07-13 08:00:00,h1,1,Beijing,Prophet,21.833333,24.946369107709323,test
2016-07-13 08:00:00,2016-07-13 09:00:00,h1,1,Beijing,Prophet,25.083333,28.94011702005207,test
2016-07-13 09:00:00,2016-07-13 10:00:00,h1,1,Beijing,Prophet,17.75,32.10607068191066,test
2016-07-13 10:00:00,2016-07-13 11:00:00,h1,1,Beijing,Prophet,10.666667,21.012940452376917,test
2016-07-13 11:00:00,2016-07-13 12:00:00,h1,1,Beijing,Prophet,11.75,13.820304162230112,test
2016-07-13 12:00:00,2016-07-13 13:00:00,h1,1,Beijing,Prophet,14.25,17.027820972136674,test
2016-07-13 13:00:00,2016-07-13 14:00:00,h1,1,Beijing,Prophet,12.583333,20.78206414898551,test
2016-07-13 14:00:00,2016-07-13 15:00:00,h1,1,Beijing,Prophet,16.166667,18.03391285995833,test
2016-07-13 15:00:00,2016-07-13 16:00:00,h1,1,Beijing,Prophet,18.333333,22.8042912891846,test
2016-07-13 16:00:00,2016-07-13 17:00:00,h1,1,Beijing,Prophet,17.833333,23.740293698464377,test
2016-07-13 17:00:00,2016-07-13 18:00:00,h1,1,Beijing,Prophet,19.666667,23.79587557974753,test
2016-07-13 18:00:00,2016-07-13 19:00:00,h1,1,Beijing,Prophet,20.458333,26.97873383839655,test
2016-07-13 19:00:00,2016-07-13 20:00:00,h1,1,Beijing,Prophet,24.916667,27.35430115773056,test
2016-07-13 20:00:00,2016-07-13 21:00:00,h1,1,Beijing,Prophet,29.083333,33.06272501058409,test
2016-07-13 21:00:00,2016-07-13 22:00:00,h1,1,Beijing,Prophet,30.083333,34.57842184612402,test
2016-07-13 22:00:00,2016-07-13 23:00:00,h1,1,Beijing,Prophet,31.0,32.76107006209528,test
2016-07-13 23:00:00,2016-07-14 00:00:00,h1,1,Beijing,Prophet,35.5,33.17494577736546,test
2016-07-14 00:00:00,2016-07-14 01:00:00,h1,1,Beijing,Prophet,35.166667,38.76475147171968,test
2016-07-14 01:00:00,2016-07-14 02:00:00,h1,1,Beijing,Prophet,30.583333,38.012973228057064,test
2016-07-14 02:00:00,2016-07-14 03:00:00,h1,1,Beijing,Prophet,29.75,32.724764857926516,test
2016-07-14 03:00:00,2016-07-14 04:00:00,h1,1,Beijing,Prophet,31.666667,32.20075908665365,test
2016-07-14 04:00:00,2016-07-14 05:00:00,h1,1,Beijing,Prophet,30.666667,36.04293380250941,test
2016-07-14 05:00:00,2016-07-14 06:00:00,h1,1,Beijing,Prophet,33.25,35.94689436595693,test
2016-07-14 06:00:00,2016-07-14 07:00:00,h1,1,Beijing,Prophet,36.25,40.496722116605525,test
2016-07-14 07:00:00,2016-07-14 08:00:00,h1,1,Beijing,Prophet,41.5,44.413922333953174,test
2016-07-14 08:00:00,2016-07-14 09:00:00,h1,1,Beijing,Prophet,42.25,49.70669776849952,test
2016-07-14 09:00:00,2016-07-14 10:00:00,h1,1,Beijing,Prophet,37.208333,49.91324390622374,test
2016-07-14 10:00:00,2016-07-14 11:00:00,h1,1,Beijing,Prophet,37.083333,40.688921167316614,test
2016-07-14 11:00:00,2016-07-14 12:00:00,h1,1,Beijing,Prophet,31.166667,42.99218551353526,test
2016-07-14 12:00:00,2016-07-14 13:00:00,h1,1,Beijing,Prophet,27.083333,35.275825287945764,test
2016-07-14 13:00:00,2016-07-14 14:00:00,h1,1,Beijing,Prophet,28.333333,31.927736901098577,test
2016-07-14 14:00:00,2016-07-14 15:00:00,h1,1,Beijing,Prophet,26.333333,35.425722048816425,test
2016-07-14 15:00:00,2016-07-14 16:00:00,h1,1,Beijing,Prophet,25.0,32.73448436435548,test
2016-07-14 16:00:00,2016-07-14 17:00:00,h1,1,Beijing,Prophet,27.666667,31.717878548258206,test
2016-07-14 17:00:00,2016-07-14 18:00:00,h1,1,Beijing,Prophet,34.416667,36.07085667922578,test
2016-07-14 18:00:00,2016-07-14 19:00:00,h1,1,Beijing,Prophet,31.833333,44.474852862412575,test
2016-07-14 19:00:00,2016-07-14 20:00:00,h1,1,Beijing,Prophet,31.75,39.593246915114875,test
2016-07-14 20:00:00,2016-07-14 21:00:00,h1,1,Beijing,Prophet,40.583333,36.4135211056598,test
2016-07-14 21:00:00,2016-07-14 22:00:00,h1,1,Beijing,Prophet,52.333333,44.29046574132124,test
2016-07-14 22:00:00,2016-07-14 23:00:00,h1,1,Beijing,Prophet,51.833333,54.90651548372608,test
2016-07-14 23:00:00,2016-07-15 00:00:00,h1,1,Beijing,Prophet,51.25,52.765659621665996,test
2016-07-15 00:00:00,2016-07-15 01:00:00,h1,1,Beijing,Prophet,57.166667,52.30413026610931,test
2016-07-15 01:00:00,2016-07-15 02:00:00,h1,1,Beijing,Prophet,56.5,60.39750407677573,test
2016-07-15 02:00:00,2016-07-15 03:00:00,h1,1,Beijing,Prophet,45.666667,58.247155994712,test
2016-07-15 03:00:00,2016-07-15 04:00:00,h1,1,Beijing,Prophet,35.416667,42.89597774495405,test
2016-07-15 04:00:00,2016-07-15 05:00:00,h1,1,Beijing,Prophet,33.416667,33.335313442576464,test
2016-07-15 05:00:00,2016-07-15 06:00:00,h1,1,Beijing,Prophet,28.416667,33.62210085011157,test
2016-07-15 06:00:00,2016-07-15 07:00:00,h1,1,Beijing,Prophet,24.583333,32.065730513918055,test
2016-07-15 07:00:00,2016-07-15 08:00:00,h1,1,Beijing,Prophet,24.583333,29.476785415785773,test
2016-07-15 08:00:00,2016-07-15 09:00:00,h1,1,Beijing,Prophet,28.75,31.27984001645452,test
2016-07-15 09:00:00,2016-07-15 10:00:00,h1,1,Beijing,Prophet,31.25,38.799586536811375,test
2016-07-15 10:00:00,2016-07-15 11:00:00,h1,1,Beijing,Prophet,29.583333,37.71850502597146,test
2016-07-15 11:00:00,2016-07-15 12:00:00,h1,1,Beijing,Prophet,32.25,34.42647413611599,test
2016-07-15 12:00:00,2016-07-15 13:00:00,h1,1,Beijing,Prophet,33.866667,40.93894353138391,test
2016-07-15 13:00:00,2016-07-15 14:00:00,h1,1,Beijing,Prophet,34.983333,40.50436747506433,test
2016-07-15 14:00:00,2016-07-15 15:00:00,h1,1,Beijing,Prophet,34.1,41.33453260890695,test
2016-07-15 15:00:00,2016-07-15 16:00:00,h1,1,Beijing,Prophet,33.05,40.3719411332192,test
2016-07-15 16:00:00,2016-07-15 17:00:00,h1,1,Beijing,Prophet,31.666667,39.82779060765293,test
2016-07-15 17:00:00,2016-07-15 18:00:00,h1,1,Beijing,Prophet,30.583333,38.918254169529725,test
2016-07-15 18:00:00,2016-07-15 19:00:00,h1,1,Beijing,Prophet,31.5,38.174599692358974,test
2016-07-15 19:00:00,2016-07-15 20:00:00,h1,1,Beijing,Prophet,32.083333,39.20635646794426,test
2016-07-15 20:00:00,2016-07-15 21:00:00,h1,1,Beijing,Prophet,34.0,40.555495593460044,test
2016-07-15 21:00:00,2016-07-15 22:00:00,h1,1,Beijing,Prophet,32.666667,41.107704621732694,test
2016-07-15 22:00:00,2016-07-15 23:00:00,h1,1,Beijing,Prophet,33.833333,36.93008554454714,test
2016-07-15 23:00:00,2016-07-16 00:00:00,h1,1,Beijing,Prophet,33.916667,38.32568025914035,test
2016-07-16 00:00:00,2016-07-16 01:00:00,h1,1,Beijing,Prophet,32.0,37.92071961170993,test
2016-07-16 01:00:00,2016-07-16 02:00:00,h1,1,Beijing,Prophet,30.75,35.83987268631711,test
2016-07-16 02:00:00,2016-07-16 03:00:00,h1,1,Beijing,Prophet,29.25,34.73485174038332,test
2016-07-16 03:00:00,2016-07-16 04:00:00,h1,1,Beijing,Prophet,28.833333,32.43295953245414,test
2016-07-16 04:00:00,2016-07-16 05:00:00,h1,1,Beijing,Prophet,29.416667,32.11174288728118,test
2016-07-16 05:00:00,2016-07-16 06:00:00,h1,1,Beijing,Prophet,31.166667,33.76658523397855,test
2016-07-16 06:00:00,2016-07-16 07:00:00,h1,1,Beijing,Prophet,29.333333,37.69561480580673,test
2016-07-16 07:00:00,2016-07-16 08:00:00,h1,1,Beijing,Prophet,29.666667,36.55928560733316,test
2016-07-16 08:00:00,2016-07-16 09:00:00,h1,1,Beijing,Prophet,28.166667,37.39073729668512,test
2016-07-16 09:00:00,2016-07-16 10:00:00,h1,1,Beijing,Prophet,30.5,35.67127287960568,test
2016-07-16 10:00:00,2016-07-16 11:00:00,h1,1,Beijing,Prophet,31.75,38.93439814512478,test
2016-07-16 11:00:00,2016-07-16 12:00:00,h1,1,Beijing,Prophet,35.333333,36.92383202771039,test
2016-07-16 12:00:00,2016-07-16 13:00:00,h1,1,Beijing,Prophet,37.583333,42.9527979455081,test
2016-07-16 13:00:00,2016-07-16 14:00:00,h1,1,Beijing,Prophet,38.916667,43.02419789815051,test
2016-07-16 14:00:00,2016-07-16 15:00:00,h1,1,Beijing,Prophet,41.166667,46.48043484164073,test
2016-07-16 15:00:00,2016-07-16 16:00:00,h1,1,Beijing,Prophet,38.083333,49.04605375825321,test
2016-07-16 16:00:00,2016-07-16 17:00:00,h1,1,Beijing,Prophet,38.666667,45.405649482651384,test
2016-07-16 17:00:00,2016-07-16 18:00:00,h1,1,Beijing,Prophet,39.833333,47.21635674029788,test
2016-07-16 18:00:00,2016-07-16 19:00:00,h1,1,Beijing,Prophet,40.583333,49.34049128481638,test
2016-07-16 19:00:00,2016-07-16 20:00:00,h1,1,Beijing,Prophet,42.833333,49.79289357922575,test
2016-07-16 20:00:00,2016-07-16 21:00:00,h1,1,Beijing,Prophet,45.0,50.69170418320354,test
2016-07-16 21:00:00,2016-07-16 22:00:00,h1,1,Beijing,Prophet,46.5,51.73313576444636,test
2016-07-16 22:00:00,2016-07-16 23:00:00,h1,1,Beijing,Prophet,47.666667,51.51182242215912,test
2016-07-16 23:00:00,2016-07-17 00:00:00,h1,1,Beijing,Prophet,51.416667,52.20112999403837,test
2016-07-17 00:00:00,2016-07-17 01:00:00,h1,1,Beijing,Prophet,48.75,57.54129913442221,test
2016-07-17 01:00:00,2016-07-17 02:00:00,h1,1,Beijing,Prophet,49.416667,52.95429176769204,test
2016-07-17 02:00:00,2016-07-17 03:00:00,h1,1,Beijing,Prophet,49.583333,53.852311467219664,test
2016-07-17 03:00:00,2016-07-17 04:00:00,h1,1,Beijing,Prophet,50.25,53.27334621373517,test
2016-07-17 04:00:00,2016-07-17 05:00:00,h1,1,Beijing,Prophet,52.0,53.1813247973107,test
2016-07-17 05:00:00,2016-07-17 06:00:00,h1,1,Beijing,Prophet,53.083333,55.66600597797069,test
2016-07-17 06:00:00,2016-07-17 07:00:00,h1,1,Beijing,Prophet,54.25,57.93152186892607,test
2016-07-17 07:00:00,2016-07-17 08:00:00,h1,1,Beijing,Prophet,61.25,61.2548142973978,test
2016-07-17 08:00:00,2016-07-17 09:00:00,h1,1,Beijing,Prophet,73.166667,70.16581115674467,test
2016-07-17 09:00:00,2016-07-17 10:00:00,h1,1,Beijing,Prophet,82.25,81.94079678347148,test
2016-07-17 10:00:00,2016-07-17 11:00:00,h1,1,Beijing,Prophet,85.166667,89.22722430829575,test
2016-07-17 11:00:00,2016-07-17 12:00:00,h1,1,Beijing,Prophet,89.083333,89.48784075956134,test
2016-07-17 12:00:00,2016-07-17 13:00:00,h1,1,Beijing,Prophet,90.541667,93.71188131118066,test
2016-07-17 13:00:00,2016-07-17 14:00:00,h1,1,Beijing,Prophet,94.916667,95.9122169277571,test
2016-07-17 14:00:00,2016-07-17 15:00:00,h1,1,Beijing,Prophet,99.666667,98.74698052215331,test
2016-07-17 15:00:00,2016-07-17 16:00:00,h1,1,Beijing,Prophet,98.083333,102.2784550884136,test
2016-07-17 16:00:00,2016-07-17 17:00:00,h1,1,Beijing,Prophet,86.625,100.11812192202132,test
2016-07-17 17:00:00,2016-07-17 18:00:00,h1,1,Beijing,Prophet,76.333333,86.70603305847595,test
2016-07-17 18:00:00,2016-07-17 19:00:00,h1,1,Beijing,Prophet,81.0,77.8329589851638,test
2016-07-17 19:00:00,2016-07-17 20:00:00,h1,1,Beijing,Prophet,89.333333,87.23387944529736,test
2016-07-17 20:00:00,2016-07-17 21:00:00,h1,1,Beijing,Prophet,99.916667,95.01618625616427,test
2016-07-17 21:00:00,2016-07-17 22:00:00,h1,1,Beijing,Prophet,103.083333,104.92906849467988,test
2016-07-17 22:00:00,2016-07-17 23:00:00,h1,1,Beijing,Prophet,102.416667,106.05135397757311,test
2016-07-17 23:00:00,2016-07-18 00:00:00,h1,1,Beijing,Prophet,73.416667,105.33245027841724,test
2016-07-19 00:00:00,2016-07-19 01:00:00,h1,1,Beijing,Prophet,77.5,69.4164270027999,test
2016-07-19 01:00:00,2016-07-19 02:00:00,h1,1,Beijing,Prophet,80.416667,84.82079372304604,test
2016-07-19 02:00:00,2016-07-19 03:00:00,h1,1,Beijing,Prophet,93.666667,85.18272870395526,test
2016-07-19 03:00:00,2016-07-19 04:00:00,h1,1,Beijing,Prophet,104.416667,99.58852820278537,test
2016-07-19 04:00:00,2016-07-19 05:00:00,h1,1,Beijing,Prophet,111.916667,109.57626079602935,test
2016-07-19 05:00:00,2016-07-19 06:00:00,h1,1,Beijing,Prophet,134.333333,118.0773092090588,test
2016-07-19 06:00:00,2016-07-19 07:00:00,h1,1,Beijing,Prophet,144.0,143.45995117170605,test
2016-07-19 07:00:00,2016-07-19 08:00:00,h1,1,Beijing,Prophet,144.25,149.31379280311572,test
2016-07-19 08:00:00,2016-07-19 09:00:00,h1,1,Beijing,Prophet,132.583333,144.02549066331392,test
2016-07-19 09:00:00,2016-07-19 10:00:00,h1,1,Beijing,Prophet,125.083333,123.12196161672234,test
2016-07-19 10:00:00,2016-07-19 11:00:00,h1,1,Beijing,Prophet,103.833333,121.69940405813678,test
2016-07-19 11:00:00,2016-07-19 12:00:00,h1,1,Beijing,Prophet,83.583333,97.61516085338405,test
2016-07-19 12:00:00,2016-07-19 13:00:00,h1,1,Beijing,Prophet,76.0,77.23671513251719,test
2016-07-19 13:00:00,2016-07-19 14:00:00,h1,1,Beijing,Prophet,75.416667,75.62896686749414,test
2016-07-19 14:00:00,2016-07-19 15:00:00,h1,1,Beijing,Prophet,73.166667,75.33106652005407,test
2016-07-19 15:00:00,2016-07-19 16:00:00,h1,1,Beijing,Prophet,73.916667,73.07579330605449,test
2016-07-19 16:00:00,2016-07-19 17:00:00,h1,1,Beijing,Prophet,78.916667,76.89921380261865,test
2016-07-19 17:00:00,2016-07-19 18:00:00,h1,1,Beijing,Prophet,78.333333,84.97215868934117,test
2016-07-19 18:00:00,2016-07-19 19:00:00,h1,1,Beijing,Prophet,90.0,84.4643047548212,test
2016-07-19 19:00:00,2016-07-19 20:00:00,h1,1,Beijing,Prophet,94.055556,100.84452995207636,test
2016-07-19 20:00:00,2016-07-19 21:00:00,h1,1,Beijing,Prophet,92.027778,99.49740884668064,test
2016-07-19 21:00:00,2016-07-19 22:00:00,h1,1,Beijing,Prophet,89.583333,94.30189968332988,test
2016-07-19 22:00:00,2016-07-19 23:00:00,h1,1,Beijing,Prophet,95.0,88.47374947477888,test
2016-07-19 23:00:00,2016-07-20 00:00:00,h1,1,Beijing,Prophet,92.5,93.90339414055823,test
2016-07-20 00:00:00,2016-07-20 01:00:00,h1,1,Beijing,Prophet,91.416667,91.06497010469323,test
2016-07-20 01:00:00,2016-07-20 02:00:00,h1,1,Beijing,Prophet,89.0,88.88435182293688,test
2016-07-20 02:00:00,2016-07-20 03:00:00,h1,1,Beijing,Prophet,83.083333,87.61678148831302,test
2016-07-20 03:00:00,2016-07-20 04:00:00,h1,1,Beijing,Prophet,75.833333,78.65934642818314,test
2016-07-20 04:00:00,2016-07-20 05:00:00,h1,1,Beijing,Prophet,69.583333,69.62661232626654,test
2016-07-20 05:00:00,2016-07-20 06:00:00,h1,1,Beijing,Prophet,61.666667,62.30374999084928,test
2016-07-20 06:00:00,2016-07-20 07:00:00,h1,1,Beijing,Prophet,56.083333,54.90115506058961,test
2016-07-20 07:00:00,2016-07-20 08:00:00,h1,1,Beijing,Prophet,52.583333,51.63713191813379,test
2016-07-20 08:00:00,2016-07-20 09:00:00,h1,1,Beijing,Prophet,43.333333,45.81413681952618,test
2016-07-20 09:00:00,2016-07-20 10:00:00,h1,1,Beijing,Prophet,32.333333,22.369014046164153,test
2016-07-20 10:00:00,2016-07-20 11:00:00,h1,1,Beijing,Prophet,23.666667,0.0,test
2016-07-20 11:00:00,2016-07-20 12:00:00,h1,1,Beijing,Prophet,15.416667,0.0,test
2016-07-20 12:00:00,2016-07-20 13:00:00,h1,1,Beijing,Prophet,11.333333,0.0,test
2016-07-20 13:00:00,2016-07-20 14:00:00,h1,1,Beijing,Prophet,9.5,0.0,test
2016-07-20 14:00:00,2016-07-20 15:00:00,h1,1,Beijing,Prophet,8.416667,0.0,test
2016-07-20 15:00:00,2016-07-20 16:00:00,h1,1,Beijing,Prophet,6.416667,0.0,test
2016-07-20 16:00:00,2016-07-20 17:00:00,h1,1,Beijing,Prophet,5.916667,0.0,test
2016-07-20 17:00:00,2016-07-20 18:00:00,h1,1,Beijing,Prophet,6.333333,1.6627800121975511,test
2016-07-20 18:00:00,2016-07-20 19:00:00,h1,1,Beijing,Prophet,5.916667,0.0,test
2016-07-20 19:00:00,2016-07-20 20:00:00,h1,1,Beijing,Prophet,6.75,0.0,test
2016-07-20 20:00:00,2016-07-20 21:00:00,h1,1,Beijing,Prophet,5.833333,0.0,test
2016-07-20 21:00:00,2016-07-20 22:00:00,h1,1,Beijing,Prophet,6.833333,0.0,test
2016-07-20 22:00:00,2016-07-20 23:00:00,h1,1,Beijing,Prophet,6.833333,4.666859084479874,test
2016-07-20 23:00:00,2016-07-21 00:00:00,h1,1,Beijing,Prophet,6.916667,5.376741575921052,test
2016-07-21 00:00:00,2016-07-21 01:00:00,h1,1,Beijing,Prophet,6.666667,7.882213420987924,test
2016-07-21 01:00:00,2016-07-21 02:00:00,h1,1,Beijing,Prophet,6.5,8.62680511356072,test
2016-07-21 02:00:00,2016-07-21 03:00:00,h1,1,Beijing,Prophet,6.75,8.70698465026296,test
2016-07-21 03:00:00,2016-07-21 04:00:00,h1,1,Beijing,Prophet,6.083333,8.148347454060552,test
2016-07-21 04:00:00,2016-07-21 05:00:00,h1,1,Beijing,Prophet,6.5,7.085837702388304,test
2016-07-21 05:00:00,2016-07-21 06:00:00,h1,1,Beijing,Prophet,8.0,9.266575010922313,test
2016-07-21 06:00:00,2016-07-21 07:00:00,h1,1,Beijing,Prophet,9.333333,14.174746515445179,test
2016-07-21 07:00:00,2016-07-21 08:00:00,h1,1,Beijing,Prophet,11.333333,16.84550866800392,test
2016-07-21 08:00:00,2016-07-21 09:00:00,h1,1,Beijing,Prophet,12.083333,20.37148066772409,test
2016-07-21 09:00:00,2016-07-21 10:00:00,h1,1,Beijing,Prophet,13.0,23.556463139463155,test
2016-07-21 10:00:00,2016-07-21 11:00:00,h1,1,Beijing,Prophet,13.416667,21.335238738481657,test
2016-07-21 11:00:00,2016-07-21 12:00:00,h1,1,Beijing,Prophet,18.5,21.547041905298844,test
2016-07-21 12:00:00,2016-07-21 13:00:00,h1,1,Beijing,Prophet,25.666667,27.825162712819825,test
2016-07-21 13:00:00,2016-07-21 14:00:00,h1,1,Beijing,Prophet,27.583333,38.51241655084869,test
2016-07-21 14:00:00,2016-07-21 15:00:00,h1,1,Beijing,Prophet,27.75,34.52331181046855,test
2016-07-21 15:00:00,2016-07-21 16:00:00,h1,1,Beijing,Prophet,34.583333,36.30054160087157,test
2016-07-21 16:00:00,2016-07-21 17:00:00,h1,1,Beijing,Prophet,37.833333,44.21757246227033,test
2016-07-21 17:00:00,2016-07-21 18:00:00,h1,1,Beijing,Prophet,45.083333,47.010013471369206,test
2016-07-21 18:00:00,2016-07-21 19:00:00,h1,1,Beijing,Prophet,47.833333,56.98756541782532,test
2016-07-21 19:00:00,2016-07-21 20:00:00,h1,1,Beijing,Prophet,49.75,57.762750300978766,test
2016-07-21 20:00:00,2016-07-21 21:00:00,h1,1,Beijing,Prophet,51.166667,58.52409469436597,test
2016-07-21 21:00:00,2016-07-21 22:00:00,h1,1,Beijing,Prophet,55.0,57.451114987028845,test
2016-07-21 22:00:00,2016-07-21 23:00:00,h1,1,Beijing,Prophet,58.75,62.08034327138729,test
2016-07-21 23:00:00,2016-07-22 00:00:00,h1,1,Beijing,Prophet,134.5,65.344136100425,test
2016-07-30 00:00:00,2016-07-30 01:00:00,h1,1,Beijing,Prophet,133.333333,158.69769412918748,test
2016-07-30 01:00:00,2016-07-30 02:00:00,h1,1,Beijing,Prophet,130.833333,126.91437865932673,test
2016-07-30 02:00:00,2016-07-30 03:00:00,h1,1,Beijing,Prophet,129.416667,130.33269087765927,test
2016-07-30 03:00:00,2016-07-30 04:00:00,h1,1,Beijing,Prophet,128.0,124.03619914159674,test
2016-07-30 04:00:00,2016-07-30 05:00:00,h1,1,Beijing,Prophet,93.833333,124.75564218370678,test
2016-07-30 05:00:00,2016-07-30 06:00:00,h1,1,Beijing,Prophet,95.416667,85.60262631464985,test
2016-07-30 06:00:00,2016-07-30 07:00:00,h1,1,Beijing,Prophet,107.083333,97.86345725261447,test
2016-07-30 07:00:00,2016-07-30 08:00:00,h1,1,Beijing,Prophet,137.5,114.58329060663388,test
2016-07-30 08:00:00,2016-07-30 09:00:00,h1,1,Beijing,Prophet,167.166667,150.2861702355124,test
2016-07-30 09:00:00,2016-07-30 10:00:00,h1,1,Beijing,Prophet,177.875,177.40636664928815,test
2016-07-30 10:00:00,2016-07-30 11:00:00,h1,1,Beijing,Prophet,188.583333,183.05789019044366,test
2016-07-30 11:00:00,2016-07-30 12:00:00,h1,1,Beijing,Prophet,191.75,190.39581735843544,test
2016-07-30 12:00:00,2016-07-30 13:00:00,h1,1,Beijing,Prophet,215.166667,190.06750660988487,test
2016-07-30 13:00:00,2016-07-30 14:00:00,h1,1,Beijing,Prophet,221.416667,224.03278253302713,test
2016-07-30 14:00:00,2016-07-30 15:00:00,h1,1,Beijing,Prophet,223.583333,223.099241025438,test
2016-07-30 15:00:00,2016-07-30 16:00:00,h1,1,Beijing,Prophet,213.333333,222.60331517400778,test
2016-07-30 16:00:00,2016-07-30 17:00:00,h1,1,Beijing,Prophet,193.083333,205.67705788866792,test
2016-07-30 17:00:00,2016-07-30 18:00:00,h1,1,Beijing,Prophet,111.75,184.19136426774037,test
2016-07-30 18:00:00,2016-07-30 19:00:00,h1,1,Beijing,Prophet,50.25,89.89260227837508,test
2016-07-30 19:00:00,2016-07-30 20:00:00,h1,1,Beijing,Prophet,44.0,39.23924906678616,test
2016-07-30 20:00:00,2016-07-30 21:00:00,h1,1,Beijing,Prophet,37.416667,51.565488734365665,test
2016-07-30 21:00:00,2016-07-30 22:00:00,h1,1,Beijing,Prophet,41.666667,44.552276105942504,test
2016-07-30 22:00:00,2016-07-30 23:00:00,h1,1,Beijing,Prophet,47.083333,46.3569226499695,test
2016-07-30 23:00:00,2016-07-31 00:00:00,h1,1,Beijing,Prophet,42.25,52.443492950378605,test
2016-07-31 00:00:00,2016-07-31 01:00:00,h1,1,Beijing,Prophet,39.583333,44.049580539228224,test
2016-07-31 01:00:00,2016-07-31 02:00:00,h1,1,Beijing,Prophet,37.916667,42.70970485560225,test
2016-07-31 02:00:00,2016-07-31 03:00:00,h1,1,Beijing,Prophet,40.416667,42.428911214107465,test
2016-07-31 03:00:00,2016-07-31 04:00:00,h1,1,Beijing,Prophet,46.583333,46.217763438126525,test
2016-07-31 04:00:00,2016-07-31 05:00:00,h1,1,Beijing,Prophet,49.25,52.45177226077005,test
2016-07-31 05:00:00,2016-07-31 06:00:00,h1,1,Beijing,Prophet,53.583333,55.40102887398819,test
2016-07-31 06:00:00,2016-07-31 07:00:00,h1,1,Beijing,Prophet,57.5,56.18506670529925,test
2016-07-31 07:00:00,2016-07-31 08:00:00,h1,1,Beijing,Prophet,57.5,61.23705097347851,test
2016-07-31 08:00:00,2016-07-31 09:00:00,h1,1,Beijing,Prophet,59.25,64.0153879603327,test
2016-07-31 09:00:00,2016-07-31 10:00:00,h1,1,Beijing,Prophet,54.75,66.31098157243079,test
2016-07-31 10:00:00,2016-07-31 11:00:00,h1,1,Beijing,Prophet,56.583333,58.26602882224467,test
2016-07-31 11:00:00,2016-07-31 12:00:00,h1,1,Beijing,Prophet,58.333333,63.22202099384338,test
2016-07-31 12:00:00,2016-07-31 13:00:00,h1,1,Beijing,Prophet,62.833333,65.01528160528798,test
2016-07-31 13:00:00,2016-07-31 14:00:00,h1,1,Beijing,Prophet,60.333333,66.97865926499071,test
2016-07-31 14:00:00,2016-07-31 15:00:00,h1,1,Beijing,Prophet,47.166667,64.7229904770885,test
2016-07-31 15:00:00,2016-07-31 16:00:00,h1,1,Beijing,Prophet,44.666667,48.50588212941426,test
2016-07-31 16:00:00,2016-07-31 17:00:00,h1,1,Beijing,Prophet,45.666667,50.244433532544534,test
2016-07-31 17:00:00,2016-07-31 18:00:00,h1,1,Beijing,Prophet,53.0,54.269741384509956,test
2016-07-31 18:00:00,2016-07-31 19:00:00,h1,1,Beijing,Prophet,59.666667,65.56830520892102,test
2016-07-31 19:00:00,2016-07-31 20:00:00,h1,1,Beijing,Prophet,62.75,72.14511357883747,test
2016-07-31 20:00:00,2016-07-31 21:00:00,h1,1,Beijing,Prophet,66.916667,73.78773015189157,test
2016-07-31 21:00:00,2016-07-31 22:00:00,h1,1,Beijing,Prophet,67.083333,74.78283321570527,test
2016-07-31 22:00:00,2016-07-31 23:00:00,h1,1,Beijing,Prophet,61.166667,72.36676945482688,test
2016-07-31 23:00:00,2016-08-01 00:00:00,h1,1,Beijing,Prophet,59.166667,63.9737702694604,test
2016-08-01 00:00:00,2016-08-01 01:00:00,h1,1,Beijing,Prophet,58.416667,63.82678420527566,test
2016-08-01 01:00:00,2016-08-01 02:00:00,h1,1,Beijing,Prophet,56.333333,62.41974596776204,test
2016-08-01 02:00:00,2016-08-01 03:00:00,h1,1,Beijing,Prophet,57.0,61.875883930690584,test
2016-08-01 03:00:00,2016-08-01 04:00:00,h1,1,Beijing,Prophet,59.333333,62.80722555232301,test
2016-08-01 04:00:00,2016-08-01 05:00:00,h1,1,Beijing,Prophet,59.333333,65.29749146808878,test
2016-08-01 05:00:00,2016-08-01 06:00:00,h1,1,Beijing,Prophet,63.083333,65.55445557797763,test
2016-08-01 06:00:00,2016-08-01 07:00:00,h1,1,Beijing,Prophet,67.25,71.26696867871868,test
2016-08-01 07:00:00,2016-08-01 08:00:00,h1,1,Beijing,Prophet,65.5,77.31944517928713,test
2016-08-01 08:00:00,2016-08-01 09:00:00,h1,1,Beijing,Prophet,51.916667,74.07948637722683,test
2016-08-01 09:00:00,2016-08-01 10:00:00,h1,1,Beijing,Prophet,52.166667,56.191456498530286,test
2016-08-01 10:00:00,2016-08-01 11:00:00,h1,1,Beijing,Prophet,54.416667,59.845040997778796,test
2016-08-01 11:00:00,2016-08-01 12:00:00,h1,1,Beijing,Prophet,53.5,62.68044500328777,test
2016-08-01 12:00:00,2016-08-01 13:00:00,h1,1,Beijing,Prophet,57.583333,60.9236540745228,test
2016-08-01 13:00:00,2016-08-01 14:00:00,h1,1,Beijing,Prophet,61.75,65.58273324124461,test
2016-08-01 14:00:00,2016-08-01 15:00:00,h1,1,Beijing,Prophet,68.75,69.58932147840817,test
2016-08-01 15:00:00,2016-08-01 16:00:00,h1,1,Beijing,Prophet,67.277778,77.64401003549895,test
2016-08-01 16:00:00,2016-08-01 17:00:00,h1,1,Beijing,Prophet,63.472222,74.83625414667529,test
2016-08-01 17:00:00,2016-08-01 18:00:00,h1,1,Beijing,Prophet,65.166667,70.5914461660042,test
2016-08-01 18:00:00,2016-08-01 19:00:00,h1,1,Beijing,Prophet,73.583333,74.66843101296763,test
2016-08-01 19:00:00,2016-08-01 20:00:00,h1,1,Beijing,Prophet,85.25,85.06141492358131,test
2016-08-01 20:00:00,2016-08-01 21:00:00,h1,1,Beijing,Prophet,87.833333,96.83912137431793,test
2016-08-01 21:00:00,2016-08-01 22:00:00,h1,1,Beijing,Prophet,100.25,95.29037863154028,test
2016-08-01 22:00:00,2016-08-01 23:00:00,h1,1,Beijing,Prophet,108.75,107.5633641474188,test
2016-08-01 23:00:00,2016-08-02 00:00:00,h1,1,Beijing,Prophet,117.083333,116.20157435375192,test
2016-08-02 00:00:00,2016-08-02 01:00:00,h1,1,Beijing,Prophet,119.583333,126.30534286509238,test
2016-08-02 01:00:00,2016-08-02 02:00:00,h1,1,Beijing,Prophet,114.0,126.74647518719173,test
2016-08-02 02:00:00,2016-08-02 03:00:00,h1,1,Beijing,Prophet,99.916667,117.16203956105863,test
2016-08-02 03:00:00,2016-08-02 04:00:00,h1,1,Beijing,Prophet,83.166667,98.78456470348164,test
2016-08-02 04:00:00,2016-08-02 05:00:00,h1,1,Beijing,Prophet,65.75,82.66489689715917,test
2016-08-02 05:00:00,2016-08-02 06:00:00,h1,1,Beijing,Prophet,59.416667,67.20541471172065,test
2016-08-02 06:00:00,2016-08-02 07:00:00,h1,1,Beijing,Prophet,51.833333,64.54317023287925,test
2016-08-02 07:00:00,2016-08-02 08:00:00,h1,1,Beijing,Prophet,45.166667,57.39778891814629,test
2016-08-02 08:00:00,2016-08-02 09:00:00,h1,1,Beijing,Prophet,51.625,50.57781124683488,test
2016-08-02 09:00:00,2016-08-02 10:00:00,h1,1,Beijing,Prophet,36.333333,59.42769558165273,test
2016-08-02 10:00:00,2016-08-02 11:00:00,h1,1,Beijing,Prophet,24.333333,36.29140398930921,test
2016-08-02 11:00:00,2016-08-02 12:00:00,h1,1,Beijing,Prophet,22.277778,24.98352167058188,test
2016-08-02 12:00:00,2016-08-02 13:00:00,h1,1,Beijing,Prophet,19.805556,28.06627306940282,test
2016-08-02 13:00:00,2016-08-02 14:00:00,h1,1,Beijing,Prophet,19.25,26.222597260030412,test
2016-08-02 14:00:00,2016-08-02 15:00:00,h1,1,Beijing,Prophet,21.583333,26.6635963065427,test
2016-08-02 15:00:00,2016-08-02 16:00:00,h1,1,Beijing,Prophet,22.25,30.196385411920303,test
2016-08-02 16:00:00,2016-08-02 17:00:00,h1,1,Beijing,Prophet,24.916667,31.266931964745467,test
2016-08-02 17:00:00,2016-08-02 18:00:00,h1,1,Beijing,Prophet,29.333333,35.00434140738051,test
2016-08-02 18:00:00,2016-08-02 19:00:00,h1,1,Beijing,Prophet,32.083333,41.26140241128594,test
2016-08-02 19:00:00,2016-08-02 20:00:00,h1,1,Beijing,Prophet,33.666667,43.42134742198223,test
2016-08-02 20:00:00,2016-08-02 21:00:00,h1,1,Beijing,Prophet,35.0,43.25855668744504,test
2016-08-02 21:00:00,2016-08-02 22:00:00,h1,1,Beijing,Prophet,37.166667,43.00168738708753,test
2016-08-02 22:00:00,2016-08-02 23:00:00,h1,1,Beijing,Prophet,39.916667,42.14862457214233,test
2016-08-02 23:00:00,2016-08-03 00:00:00,h1,1,Beijing,Prophet,45.083333,44.12758105881734,test
2016-08-03 00:00:00,2016-08-03 01:00:00,h1,1,Beijing,Prophet,55.25,50.70339647679982,test
2016-08-03 01:00:00,2016-08-03 02:00:00,h1,1,Beijing,Prophet,59.333333,62.618271761611766,test
2016-08-03 02:00:00,2016-08-03 03:00:00,h1,1,Beijing,Prophet,61.5,65.64397771644406,test
2016-08-03 03:00:00,2016-08-03 04:00:00,h1,1,Beijing,Prophet,67.166667,67.45515631710968,test
2016-08-03 04:00:00,2016-08-03 05:00:00,h1,1,Beijing,Prophet,64.333333,73.97451777013495,test
2016-08-03 05:00:00,2016-08-03 06:00:00,h1,1,Beijing,Prophet,56.583333,68.89296189997116,test
2016-08-03 06:00:00,2016-08-03 07:00:00,h1,1,Beijing,Prophet,61.666667,60.24100611558973,test
2016-08-03 07:00:00,2016-08-03 08:00:00,h1,1,Beijing,Prophet,83.416667,70.35410830783377,test
2016-08-03 08:00:00,2016-08-03 09:00:00,h1,1,Beijing,Prophet,79.583333,95.50477000905069,test
2016-08-03 09:00:00,2016-08-03 10:00:00,h1,1,Beijing,Prophet,62.75,84.55203260418699,test
2016-08-03 10:00:00,2016-08-03 11:00:00,h1,1,Beijing,Prophet,52.883333,63.39046922429656,test
2016-08-03 11:00:00,2016-08-03 12:00:00,h1,1,Beijing,Prophet,42.183333,55.35100020146176,test
2016-08-03 12:00:00,2016-08-03 13:00:00,h1,1,Beijing,Prophet,35.4,46.37178306647187,test
2016-08-03 13:00:00,2016-08-03 14:00:00,h1,1,Beijing,Prophet,33.533333,40.80708956711641,test
2016-08-03 14:00:00,2016-08-03 15:00:00,h1,1,Beijing,Prophet,33.416667,39.68173132916424,test
2016-08-03 15:00:00,2016-08-03 16:00:00,h1,1,Beijing,Prophet,38.75,39.639315648789164,test
2016-08-03 16:00:00,2016-08-03 17:00:00,h1,1,Beijing,Prophet,48.083333,47.55022862329692,test
2016-08-03 17:00:00,2016-08-03 18:00:00,h1,1,Beijing,Prophet,46.916667,58.65178717029052,test
2016-08-03 18:00:00,2016-08-03 19:00:00,h1,1,Beijing,Prophet,44.0,55.218701872140215,test
2016-08-03 19:00:00,2016-08-03 20:00:00,h1,1,Beijing,Prophet,44.0,53.042843537110656,test
2016-08-03 20:00:00,2016-08-03 21:00:00,h1,1,Beijing,Prophet,50.75,52.99387370006898,test
2016-08-03 21:00:00,2016-08-03 22:00:00,h1,1,Beijing,Prophet,54.083333,59.2766889056,test
2016-08-03 22:00:00,2016-08-03 23:00:00,h1,1,Beijing,Prophet,57.291667,59.63651220517157,test
2016-08-03 23:00:00,2016-08-04 00:00:00,h1,1,Beijing,Prophet,67.25,62.38540402899174,test
2016-08-04 00:00:00,2016-08-04 01:00:00,h1,1,Beijing,Prophet,72.666667,74.82963976802588,test
2016-08-04 01:00:00,2016-08-04 02:00:00,h1,1,Beijing,Prophet,76.75,79.29004424438929,test
2016-08-04 02:00:00,2016-08-04 03:00:00,h1,1,Beijing,Prophet,74.416667,83.73366906220159,test
2016-08-04 03:00:00,2016-08-04 04:00:00,h1,1,Beijing,Prophet,78.25,78.7262525831108,test
2016-08-04 04:00:00,2016-08-04 05:00:00,h1,1,Beijing,Prophet,83.75,83.2231553236329,test
2016-08-04 05:00:00,2016-08-04 06:00:00,h1,1,Beijing,Prophet,88.583333,89.41164846426679,test
2016-08-04 06:00:00,2016-08-04 07:00:00,h1,1,Beijing,Prophet,93.5,94.85654618959906,test
2016-08-04 07:00:00,2016-08-04 08:00:00,h1,1,Beijing,Prophet,105.5,101.68655151011504,test
2016-08-04 08:00:00,2016-08-04 09:00:00,h1,1,Beijing,Prophet,116.333333,115.22408303799676,test
2016-08-04 09:00:00,2016-08-04 10:00:00,h1,1,Beijing,Prophet,122.75,125.23901579045712,test
2016-08-04 10:00:00,2016-08-04 11:00:00,h1,1,Beijing,Prophet,124.75,128.88368871447966,test
2016-08-04 11:00:00,2016-08-04 12:00:00,h1,1,Beijing,Prophet,123.791667,128.2552713077662,test
2016-08-04 12:00:00,2016-08-04 13:00:00,h1,1,Beijing,Prophet,119.75,125.81831849355805,test
2016-08-04 13:00:00,2016-08-04 14:00:00,h1,1,Beijing,Prophet,111.972222,120.43392634304364,test
2016-08-04 14:00:00,2016-08-04 15:00:00,h1,1,Beijing,Prophet,105.194444,110.3710302079695,test
2016-08-04 15:00:00,2016-08-04 16:00:00,h1,1,Beijing,Prophet,100.916667,103.94769961034356,test
2016-08-04 16:00:00,2016-08-04 17:00:00,h1,1,Beijing,Prophet,101.708333,101.36307068328017,test
2016-08-04 17:00:00,2016-08-04 18:00:00,h1,1,Beijing,Prophet,96.666667,103.81183983430563,test
2016-08-04 18:00:00,2016-08-04 19:00:00,h1,1,Beijing,Prophet,94.708333,99.06868454245625,test
2016-08-04 19:00:00,2016-08-04 20:00:00,h1,1,Beijing,Prophet,97.166667,99.82591689617428,test
2016-08-04 20:00:00,2016-08-04 21:00:00,h1,1,Beijing,Prophet,109.5,101.65317053985062,test
2016-08-04 21:00:00,2016-08-04 22:00:00,h1,1,Beijing,Prophet,102.833333,114.50491109225575,test
2016-08-04 22:00:00,2016-08-04 23:00:00,h1,1,Beijing,Prophet,83.0,101.06363491846133,test
2016-08-04 23:00:00,2016-08-05 00:00:00,h1,1,Beijing,Prophet,70.083333,79.46416340267564,test
2016-08-05 00:00:00,2016-08-05 01:00:00,h1,1,Beijing,Prophet,57.833333,69.61811938901698,test
2016-08-05 01:00:00,2016-08-05 02:00:00,h1,1,Beijing,Prophet,55.5,59.06507460779183,test
2016-08-05 02:00:00,2016-08-05 03:00:00,h1,1,Beijing,Prophet,59.666667,60.09073848953054,test
2016-08-05 03:00:00,2016-08-05 04:00:00,h1,1,Beijing,Prophet,64.916667,65.7386863380038,test
2016-08-05 04:00:00,2016-08-05 05:00:00,h1,1,Beijing,Prophet,67.666667,70.8934352720246,test
2016-08-05 05:00:00,2016-08-05 06:00:00,h1,1,Beijing,Prophet,68.083333,73.95306057387776,test
2016-08-05 06:00:00,2016-08-05 07:00:00,h1,1,Beijing,Prophet,69.916667,75.23805535497445,test
2016-08-05 07:00:00,2016-08-05 08:00:00,h1,1,Beijing,Prophet,76.25,78.46299556388884,test
2016-08-05 08:00:00,2016-08-05 09:00:00,h1,1,Beijing,Prophet,75.5,85.99092991042414,test
2016-08-05 09:00:00,2016-08-05 10:00:00,h1,1,Beijing,Prophet,70.583333,83.06306726133687,test
2016-08-05 10:00:00,2016-08-05 11:00:00,h1,1,Beijing,Prophet,61.916667,75.07948780156735,test
2016-08-05 11:00:00,2016-08-05 12:00:00,h1,1,Beijing,Prophet,58.0,64.95455971541935,test
2016-08-05 12:00:00,2016-08-05 13:00:00,h1,1,Beijing,Prophet,57.333333,62.41336117426768,test
2016-08-05 13:00:00,2016-08-05 14:00:00,h1,1,Beijing,Prophet,54.75,63.532894581770165,test
2016-08-05 14:00:00,2016-08-05 15:00:00,h1,1,Beijing,Prophet,47.166667,60.835765446745036,test
2016-08-05 15:00:00,2016-08-05 16:00:00,h1,1,Beijing,Prophet,49.083333,52.42151837553192,test
2016-08-05 16:00:00,2016-08-05 17:00:00,h1,1,Beijing,Prophet,49.333333,56.98341359794415,test
2016-08-05 17:00:00,2016-08-05 18:00:00,h1,1,Beijing,Prophet,52.583333,57.016081195572724,test
2016-08-05 18:00:00,2016-08-05 19:00:00,h1,1,Beijing,Prophet,57.25,61.5764294239267,test
2016-08-05 19:00:00,2016-08-05 20:00:00,h1,1,Beijing,Prophet,63.5,67.49891306400619,test
2016-08-05 20:00:00,2016-08-05 21:00:00,h1,1,Beijing,Prophet,79.083333,72.9906034894909,test
2016-08-05 21:00:00,2016-08-05 22:00:00,h1,1,Beijing,Prophet,88.333333,88.48506750326766,test
2016-08-05 22:00:00,2016-08-05 23:00:00,h1,1,Beijing,Prophet,92.833333,94.66822607510248,test
2016-08-05 23:00:00,2016-08-06 00:00:00,h1,1,Beijing,Prophet,95.5,98.47062542439087,test
2016-08-06 00:00:00,2016-08-06 01:00:00,h1,1,Beijing,Prophet,99.583333,101.05174709081705,test
2016-08-06 01:00:00,2016-08-06 02:00:00,h1,1,Beijing,Prophet,100.833333,105.6365868254012,test
2016-08-06 02:00:00,2016-08-06 03:00:00,h1,1,Beijing,Prophet,101.333333,105.584245731801,test
2016-08-06 03:00:00,2016-08-06 04:00:00,h1,1,Beijing,Prophet,106.833333,105.3625640106424,test
2016-08-06 04:00:00,2016-08-06 05:00:00,h1,1,Beijing,Prophet,108.25,112.42230010838085,test
2016-08-06 05:00:00,2016-08-06 06:00:00,h1,1,Beijing,Prophet,108.5,113.30178168489965,test
2016-08-06 06:00:00,2016-08-06 07:00:00,h1,1,Beijing,Prophet,108.75,113.4755575533805,test
2016-08-06 07:00:00,2016-08-06 08:00:00,h1,1,Beijing,Prophet,120.0,114.53604460472269,test
2016-08-06 08:00:00,2016-08-06 09:00:00,h1,1,Beijing,Prophet,128.0,128.6942813726254,test
2016-08-06 09:00:00,2016-08-06 10:00:00,h1,1,Beijing,Prophet,125.0,135.790811784278,test
2016-08-06 10:00:00,2016-08-06 11:00:00,h1,1,Beijing,Prophet,111.5,128.6683140997125,test
2016-08-06 11:00:00,2016-08-06 12:00:00,h1,1,Beijing,Prophet,100.583333,110.16189457916357,test
2016-08-06 12:00:00,2016-08-06 13:00:00,h1,1,Beijing,Prophet,96.666667,96.56268769163448,test
2016-08-06 13:00:00,2016-08-06 14:00:00,h1,1,Beijing,Prophet,92.333333,95.83779218024402,test
2016-08-06 14:00:00,2016-08-06 15:00:00,h1,1,Beijing,Prophet,92.333333,92.03043591286189,test
2016-08-06 15:00:00,2016-08-06 16:00:00,h1,1,Beijing,Prophet,96.0,95.6525939207504,test
2016-08-06 16:00:00,2016-08-06 17:00:00,h1,1,Beijing,Prophet,94.083333,101.13100732458264,test
2016-08-06 17:00:00,2016-08-06 18:00:00,h1,1,Beijing,Prophet,94.0,95.74861454726482,test
2016-08-06 18:00:00,2016-08-06 19:00:00,h1,1,Beijing,Prophet,89.833333,98.53925331979838,test
2016-08-06 19:00:00,2016-08-06 20:00:00,h1,1,Beijing,Prophet,94.416667,94.48105469337989,test
2016-08-06 20:00:00,2016-08-06 21:00:00,h1,1,Beijing,Prophet,100.833333,101.26052737644552,test
2016-08-06 21:00:00,2016-08-06 22:00:00,h1,1,Beijing,Prophet,90.666667,105.92073473129827,test
2016-08-06 22:00:00,2016-08-06 23:00:00,h1,1,Beijing,Prophet,52.416667,86.29134828179,test
2016-08-06 23:00:00,2016-08-07 00:00:00,h1,1,Beijing,Prophet,26.333333,35.66644291682109,test
2016-08-07 00:00:00,2016-08-07 01:00:00,h1,1,Beijing,Prophet,17.75,21.109707212483592,test
2016-08-07 01:00:00,2016-08-07 02:00:00,h1,1,Beijing,Prophet,19.833333,20.602156908466004,test
2016-08-07 02:00:00,2016-08-07 03:00:00,h1,1,Beijing,Prophet,20.666667,24.661787218227943,test
2016-08-07 03:00:00,2016-08-07 04:00:00,h1,1,Beijing,Prophet,19.0,20.864797870056,test
2016-08-07 04:00:00,2016-08-07 05:00:00,h1,1,Beijing,Prophet,18.25,20.185745484220167,test
2016-08-07 05:00:00,2016-08-07 06:00:00,h1,1,Beijing,Prophet,17.75,21.740936713765887,test
2016-08-07 06:00:00,2016-08-07 07:00:00,h1,1,Beijing,Prophet,17.5,22.28128376405968,test
2016-08-07 07:00:00,2016-08-07 08:00:00,h1,1,Beijing,Prophet,19.833333,23.609259588474977,test
2016-08-07 08:00:00,2016-08-07 09:00:00,h1,1,Beijing,Prophet,15.916667,23.01096252162481,test
2016-08-07 09:00:00,2016-08-07 10:00:00,h1,1,Beijing,Prophet,16.416667,20.701769422625844,test
2016-08-07 10:00:00,2016-08-07 11:00:00,h1,1,Beijing,Prophet,16.333333,24.169259978538765,test
2016-08-07 11:00:00,2016-08-07 12:00:00,h1,1,Beijing,Prophet,19.0,23.175278718082815,test
2016-08-07 12:00:00,2016-08-07 13:00:00,h1,1,Beijing,Prophet,19.583333,28.7391249270826,test
2016-08-07 13:00:00,2016-08-07 14:00:00,h1,1,Beijing,Prophet,16.5,27.707968404237107,test
2016-08-07 14:00:00,2016-08-07 15:00:00,h1,1,Beijing,Prophet,15.5,23.485928008106022,test
2016-08-07 15:00:00,2016-08-07 16:00:00,h1,1,Beijing,Prophet,12.5,23.271192903593043,test
2016-08-07 16:00:00,2016-08-07 17:00:00,h1,1,Beijing,Prophet,14.166667,19.607178106987515,test
2016-08-07 17:00:00,2016-08-07 18:00:00,h1,1,Beijing,Prophet,15.0,24.246624869241643,test
2016-08-07 18:00:00,2016-08-07 19:00:00,h1,1,Beijing,Prophet,19.416667,25.607429056923365,test
2016-08-07 19:00:00,2016-08-07 20:00:00,h1,1,Beijing,Prophet,23.666667,31.60901301626901,test
2016-08-07 20:00:00,2016-08-07 21:00:00,h1,1,Beijing,Prophet,27.666667,34.25594291039529,test
2016-08-07 21:00:00,2016-08-07 22:00:00,h1,1,Beijing,Prophet,25.75,36.80527272636027,test
2016-08-07 22:00:00,2016-08-07 23:00:00,h1,1,Beijing,Prophet,27.333333,31.937758053029135,test
2016-08-07 23:00:00,2016-08-08 00:00:00,h1,1,Beijing,Prophet,26.5,35.15519192280393,test
2016-08-08 00:00:00,2016-08-08 01:00:00,h1,1,Beijing,Prophet,33.666667,32.458732510483216,test
2016-08-08 01:00:00,2016-08-08 02:00:00,h1,1,Beijing,Prophet,38.166667,41.10245909962722,test
2016-08-08 02:00:00,2016-08-08 03:00:00,h1,1,Beijing,Prophet,44.5,45.75122695950556,test
2016-08-08 03:00:00,2016-08-08 04:00:00,h1,1,Beijing,Prophet,47.416667,52.34385447006747,test
2016-08-08 04:00:00,2016-08-08 05:00:00,h1,1,Beijing,Prophet,42.166667,54.483771351661076,test
2016-08-08 05:00:00,2016-08-08 06:00:00,h1,1,Beijing,Prophet,37.916667,48.00001519427265,test
2016-08-08 06:00:00,2016-08-08 07:00:00,h1,1,Beijing,Prophet,38.666667,43.66108756795748,test
2016-08-08 07:00:00,2016-08-08 08:00:00,h1,1,Beijing,Prophet,43.0,46.46738417390447,test
2016-08-08 08:00:00,2016-08-08 09:00:00,h1,1,Beijing,Prophet,39.5,51.20721627154456,test
2016-08-08 09:00:00,2016-08-08 10:00:00,h1,1,Beijing,Prophet,26.25,44.08153594830033,test
2016-08-08 10:00:00,2016-08-08 11:00:00,h1,1,Beijing,Prophet,18.0,27.83177961348788,test
2016-08-08 11:00:00,2016-08-08 12:00:00,h1,1,Beijing,Prophet,17.0,21.779262742561524,test
2016-08-08 12:00:00,2016-08-08 13:00:00,h1,1,Beijing,Prophet,15.75,24.046967690786513,test
2016-08-08 13:00:00,2016-08-08 14:00:00,h1,1,Beijing,Prophet,18.083333,23.107824306889892,test
2016-08-08 14:00:00,2016-08-08 15:00:00,h1,1,Beijing,Prophet,19.416667,26.584750079619337,test
2016-08-08 15:00:00,2016-08-08 16:00:00,h1,1,Beijing,Prophet,20.25,27.54593600369995,test
2016-08-08 16:00:00,2016-08-08 17:00:00,h1,1,Beijing,Prophet,18.166667,28.731286114746936,test
2016-08-08 17:00:00,2016-08-08 18:00:00,h1,1,Beijing,Prophet,21.083333,26.98464965944427,test
2016-08-08 18:00:00,2016-08-08 19:00:00,h1,1,Beijing,Prophet,23.583333,31.489540211217935,test
2016-08-08 19:00:00,2016-08-08 20:00:00,h1,1,Beijing,Prophet,29.916667,33.970695125025706,test
2016-08-08 20:00:00,2016-08-08 21:00:00,h1,1,Beijing,Prophet,37.0,40.286168700893896,test
2016-08-08 21:00:00,2016-08-08 22:00:00,h1,1,Beijing,Prophet,39.583333,45.88058143400272,test
2016-08-08 22:00:00,2016-08-08 23:00:00,h1,1,Beijing,Prophet,38.666667,45.6630702627353,test
2016-08-08 23:00:00,2016-08-09 00:00:00,h1,1,Beijing,Prophet,36.333333,43.94323046042769,test
2016-08-09 00:00:00,2016-08-09 01:00:00,h1,1,Beijing,Prophet,37.833333,41.32458242038793,test
2016-08-09 01:00:00,2016-08-09 02:00:00,h1,1,Beijing,Prophet,38.583333,45.035906167691216,test
2016-08-09 02:00:00,2016-08-09 03:00:00,h1,1,Beijing,Prophet,38.833333,45.54026648617699,test
2016-08-09 03:00:00,2016-08-09 04:00:00,h1,1,Beijing,Prophet,36.833333,44.44450487095849,test
2016-08-09 04:00:00,2016-08-09 05:00:00,h1,1,Beijing,Prophet,39.0,41.12288144438577,test
2016-08-09 05:00:00,2016-08-09 06:00:00,h1,1,Beijing,Prophet,39.25,45.55793526632662,test
2016-08-09 06:00:00,2016-08-09 07:00:00,h1,1,Beijing,Prophet,42.416667,46.2695948427017,test
2016-08-09 07:00:00,2016-08-09 08:00:00,h1,1,Beijing,Prophet,47.916667,50.457160561774536,test
2016-08-09 08:00:00,2016-08-09 09:00:00,h1,1,Beijing,Prophet,48.083333,55.39537680305066,test
2016-08-09 09:00:00,2016-08-09 10:00:00,h1,1,Beijing,Prophet,40.833333,54.12116923105485,test
2016-08-09 10:00:00,2016-08-09 11:00:00,h1,1,Beijing,Prophet,39.958333,44.04551494777378,test
2016-08-09 11:00:00,2016-08-09 12:00:00,h1,1,Beijing,Prophet,36.5,44.68774206686057,test
2016-08-09 12:00:00,2016-08-09 13:00:00,h1,1,Beijing,Prophet,36.916667,41.28116279644853,test
2016-08-09 13:00:00,2016-08-09 14:00:00,h1,1,Beijing,Prophet,38.583333,43.49602885076315,test
2016-08-09 14:00:00,2016-08-09 15:00:00,h1,1,Beijing,Prophet,44.833333,45.42353936827652,test
2016-08-09 15:00:00,2016-08-09 16:00:00,h1,1,Beijing,Prophet,53.333333,53.02028353098926,test
2016-08-09 16:00:00,2016-08-09 17:00:00,h1,1,Beijing,Prophet,59.75,62.3004303536408,test
2016-08-09 17:00:00,2016-08-09 18:00:00,h1,1,Beijing,Prophet,51.0,68.3345933885786,test
2016-08-09 18:00:00,2016-08-09 19:00:00,h1,1,Beijing,Prophet,45.916667,56.896880171850874,test
2016-08-09 19:00:00,2016-08-09 20:00:00,h1,1,Beijing,Prophet,46.916667,53.02249333814566,test
2016-08-09 20:00:00,2016-08-09 21:00:00,h1,1,Beijing,Prophet,54.166667,54.75156502521808,test
2016-08-09 21:00:00,2016-08-09 22:00:00,h1,1,Beijing,Prophet,60.0,61.621111623369984,test
2016-08-09 22:00:00,2016-08-09 23:00:00,h1,1,Beijing,Prophet,61.0,65.2019644760819,test
2016-08-09 23:00:00,2016-08-10 00:00:00,h1,1,Beijing,Prophet,62.666667,64.75207729324345,test
2016-08-10 00:00:00,2016-08-10 01:00:00,h1,1,Beijing,Prophet,67.416667,66.91124382796247,test
2016-08-10 01:00:00,2016-08-10 02:00:00,h1,1,Beijing,Prophet,71.75,73.21513646930876,test
2016-08-10 02:00:00,2016-08-10 03:00:00,h1,1,Beijing,Prophet,77.833333,77.89318332327119,test
2016-08-10 03:00:00,2016-08-10 04:00:00,h1,1,Beijing,Prophet,84.75,83.95622580570625,test
2016-08-10 04:00:00,2016-08-10 05:00:00,h1,1,Beijing,Prophet,96.083333,91.36900245552266,test
2016-08-10 05:00:00,2016-08-10 06:00:00,h1,1,Beijing,Prophet,99.916667,104.11805344025481,test
2016-08-10 06:00:00,2016-08-10 07:00:00,h1,1,Beijing,Prophet,100.25,106.17285895838583,test
2016-08-10 07:00:00,2016-08-10 08:00:00,h1,1,Beijing,Prophet,106.166667,106.69908204933,test
2016-08-10 08:00:00,2016-08-10 09:00:00,h1,1,Beijing,Prophet,99.0,113.66068459486036,test
2016-08-10 09:00:00,2016-08-10 10:00:00,h1,1,Beijing,Prophet,86.916667,100.13550719899087,test
2016-08-10 10:00:00,2016-08-10 11:00:00,h1,1,Beijing,Prophet,74.083333,84.73169910634066,test
2016-08-10 11:00:00,2016-08-10 12:00:00,h1,1,Beijing,Prophet,70.166667,71.46467233609145,test
2016-08-10 12:00:00,2016-08-10 13:00:00,h1,1,Beijing,Prophet,67.25,71.40717529218573,test
2016-08-10 13:00:00,2016-08-10 14:00:00,h1,1,Beijing,Prophet,64.25,68.53537991098862,test
2016-08-10 14:00:00,2016-08-10 15:00:00,h1,1,Beijing,Prophet,69.111111,65.69640825526132,test
2016-08-10 15:00:00,2016-08-10 16:00:00,h1,1,Beijing,Prophet,72.222222,73.68476137503234,test
2016-08-10 16:00:00,2016-08-10 17:00:00,h1,1,Beijing,Prophet,73.666667,76.10361620008229,test
2016-08-10 17:00:00,2016-08-10 18:00:00,h1,1,Beijing,Prophet,85.5,76.61067699563307,test
2016-08-10 18:00:00,2016-08-10 19:00:00,h1,1,Beijing,Prophet,93.083333,91.83951123715778,test
2016-08-10 19:00:00,2016-08-10 20:00:00,h1,1,Beijing,Prophet,94.291667,98.61203809981086,test
2016-08-10 20:00:00,2016-08-10 21:00:00,h1,1,Beijing,Prophet,91.0,96.32869417604105,test
2016-08-10 21:00:00,2016-08-10 22:00:00,h1,1,Beijing,Prophet,84.333333,92.27971888322352,test
2016-08-10 22:00:00,2016-08-10 23:00:00,h1,1,Beijing,Prophet,79.5,82.71888432703759,test
2016-08-10 23:00:00,2016-08-11 00:00:00,h1,1,Beijing,Prophet,75.833333,78.75023771223745,test
2016-08-11 00:00:00,2016-08-11 01:00:00,h1,1,Beijing,Prophet,73.666667,76.61901484842632,test
2016-08-11 01:00:00,2016-08-11 02:00:00,h1,1,Beijing,Prophet,74.083333,75.61177378258029,test
2016-08-11 02:00:00,2016-08-11 03:00:00,h1,1,Beijing,Prophet,75.166667,77.47755989700377,test
2016-08-11 03:00:00,2016-08-11 04:00:00,h1,1,Beijing,Prophet,75.75,78.29672167725954,test
2016-08-11 04:00:00,2016-08-11 05:00:00,h1,1,Beijing,Prophet,78.75,78.42271109379399,test
2016-08-11 05:00:00,2016-08-11 06:00:00,h1,1,Beijing,Prophet,83.666667,82.76942741895252,test
2016-08-11 06:00:00,2016-08-11 07:00:00,h1,1,Beijing,Prophet,86.166667,90.46264440253992,test
2016-08-11 07:00:00,2016-08-11 08:00:00,h1,1,Beijing,Prophet,90.916667,93.19639912359207,test
2016-08-11 08:00:00,2016-08-11 09:00:00,h1,1,Beijing,Prophet,96.666667,98.40125057504963,test
2016-08-11 09:00:00,2016-08-11 10:00:00,h1,1,Beijing,Prophet,99.25,105.08375393334506,test
2016-08-11 10:00:00,2016-08-11 11:00:00,h1,1,Beijing,Prophet,98.666667,107.07288961612389,test
2016-08-11 11:00:00,2016-08-11 12:00:00,h1,1,Beijing,Prophet,89.208333,102.22591246804308,test
2016-08-11 12:00:00,2016-08-11 13:00:00,h1,1,Beijing,Prophet,86.25,91.14826821772628,test
2016-08-11 13:00:00,2016-08-11 14:00:00,h1,1,Beijing,Prophet,87.25,90.02357961309869,test
2016-08-11 14:00:00,2016-08-11 15:00:00,h1,1,Beijing,Prophet,91.0,90.71323289819102,test
2016-08-11 15:00:00,2016-08-11 16:00:00,h1,1,Beijing,Prophet,93.125,96.06166680608051,test
2016-08-11 16:00:00,2016-08-11 17:00:00,h1,1,Beijing,Prophet,98.25,97.82658530798986,test
2016-08-11 17:00:00,2016-08-11 18:00:00,h1,1,Beijing,Prophet,95.416667,104.41791029644318,test
2016-08-11 18:00:00,2016-08-11 19:00:00,h1,1,Beijing,Prophet,84.666667,100.69724234896682,test
2016-08-11 19:00:00,2016-08-11 20:00:00,h1,1,Beijing,Prophet,78.416667,89.86932060694085,test
2016-08-11 20:00:00,2016-08-11 21:00:00,h1,1,Beijing,Prophet,83.375,83.85149170729042,test
2016-08-11 21:00:00,2016-08-11 22:00:00,h1,1,Beijing,Prophet,87.166667,90.63333053028715,test
2016-08-11 22:00:00,2016-08-11 23:00:00,h1,1,Beijing,Prophet,87.916667,92.5357326924624,test
2016-08-11 23:00:00,2016-08-12 00:00:00,h1,1,Beijing,Prophet,88.583333,91.68298554784928,test
2016-08-12 00:00:00,2016-08-12 01:00:00,h1,1,Beijing,Prophet,87.416667,93.20192590208936,test
2016-08-12 01:00:00,2016-08-12 02:00:00,h1,1,Beijing,Prophet,85.25,92.71437581253099,test
2016-08-12 02:00:00,2016-08-12 03:00:00,h1,1,Beijing,Prophet,85.166667,90.60433305267419,test
2016-08-12 03:00:00,2016-08-12 04:00:00,h1,1,Beijing,Prophet,88.083333,89.49371409717392,test
2016-08-12 04:00:00,2016-08-12 05:00:00,h1,1,Beijing,Prophet,90.166667,92.72460608310958,test
2016-08-12 05:00:00,2016-08-12 06:00:00,h1,1,Beijing,Prophet,96.416667,96.12645692069347,test
2016-08-12 06:00:00,2016-08-12 07:00:00,h1,1,Beijing,Prophet,106.5,102.26047864922943,test
2016-08-12 07:00:00,2016-08-12 08:00:00,h1,1,Beijing,Prophet,109.666667,115.79740609722714,test
2016-08-12 08:00:00,2016-08-12 09:00:00,h1,1,Beijing,Prophet,115.75,117.08360464594224,test
2016-08-12 09:00:00,2016-08-12 10:00:00,h1,1,Beijing,Prophet,114.166667,123.82621269470026,test
2016-08-12 10:00:00,2016-08-12 11:00:00,h1,1,Beijing,Prophet,98.472222,117.00882526960112,test
2016-08-12 11:00:00,2016-08-12 12:00:00,h1,1,Beijing,Prophet,63.069444,87.25352204527854,test
2016-08-12 12:00:00,2016-08-12 13:00:00,h1,1,Beijing,Prophet,26.5,45.24682162327882,test
2016-08-12 13:00:00,2016-08-12 14:00:00,h1,1,Beijing,Prophet,16.833333,13.425869041738501,test
2016-08-12 14:00:00,2016-08-12 15:00:00,h1,1,Beijing,Prophet,14.25,23.54586347998513,test
2016-08-12 15:00:00,2016-08-12 16:00:00,h1,1,Beijing,Prophet,15.916667,24.485608499558744,test
2016-08-12 16:00:00,2016-08-12 17:00:00,h1,1,Beijing,Prophet,15.833333,26.57629158728264,test
2016-08-12 17:00:00,2016-08-12 18:00:00,h1,1,Beijing,Prophet,20.583333,26.661048141207566,test
2016-08-12 18:00:00,2016-08-12 19:00:00,h1,1,Beijing,Prophet,21.666667,33.67745464151873,test
2016-08-12 19:00:00,2016-08-12 20:00:00,h1,1,Beijing,Prophet,23.916667,33.41432186705228,test
2016-08-12 20:00:00,2016-08-12 21:00:00,h1,1,Beijing,Prophet,21.75,35.01172691424532,test
2016-08-12 21:00:00,2016-08-12 22:00:00,h1,1,Beijing,Prophet,23.666667,29.47274781229998,test
2016-08-12 22:00:00,2016-08-12 23:00:00,h1,1,Beijing,Prophet,25.25,31.696562040274216,test
2016-08-12 23:00:00,2016-08-13 00:00:00,h1,1,Beijing,Prophet,27.75,33.32566913680203,test
2016-08-13 00:00:00,2016-08-13 01:00:00,h1,1,Beijing,Prophet,26.166667,35.55955416333776,test
2016-08-13 01:00:00,2016-08-13 02:00:00,h1,1,Beijing,Prophet,25.083333,33.37571391798746,test
2016-08-13 02:00:00,2016-08-13 03:00:00,h1,1,Beijing,Prophet,23.333333,32.47058520007874,test
2016-08-13 03:00:00,2016-08-13 04:00:00,h1,1,Beijing,Prophet,25.166667,29.302127013139348,test
2016-08-13 04:00:00,2016-08-13 05:00:00,h1,1,Beijing,Prophet,24.166667,31.9058604112601,test
2016-08-13 05:00:00,2016-08-13 06:00:00,h1,1,Beijing,Prophet,25.75,30.196256272541017,test
2016-08-13 06:00:00,2016-08-13 07:00:00,h1,1,Beijing,Prophet,24.833333,33.23795554095645,test
2016-08-13 07:00:00,2016-08-13 08:00:00,h1,1,Beijing,Prophet,24.166667,33.281647442141264,test
2016-08-13 08:00:00,2016-08-13 09:00:00,h1,1,Beijing,Prophet,22.916667,32.84989746109062,test
2016-08-13 09:00:00,2016-08-13 10:00:00,h1,1,Beijing,Prophet,21.666667,31.321156598494,test
2016-08-13 10:00:00,2016-08-13 11:00:00,h1,1,Beijing,Prophet,22.166667,30.562273859897186,test
2016-08-13 11:00:00,2016-08-13 12:00:00,h1,1,Beijing,Prophet,27.25,31.241568383942944,test
2016-08-13 12:00:00,2016-08-13 13:00:00,h1,1,Beijing,Prophet,27.416667,38.041050820273185,test
2016-08-13 13:00:00,2016-08-13 14:00:00,h1,1,Beijing,Prophet,28.416667,37.57450562744795,test
2016-08-13 14:00:00,2016-08-13 15:00:00,h1,1,Beijing,Prophet,25.833333,37.90753180264529,test
2016-08-13 15:00:00,2016-08-13 16:00:00,h1,1,Beijing,Prophet,20.583333,33.674873630058244,test
2016-08-13 16:00:00,2016-08-13 17:00:00,h1,1,Beijing,Prophet,18.5,27.900104893612625,test
2016-08-13 17:00:00,2016-08-13 18:00:00,h1,1,Beijing,Prophet,17.0,28.132548910686726,test
2016-08-13 18:00:00,2016-08-13 19:00:00,h1,1,Beijing,Prophet,16.416667,26.634537921676696,test
2016-08-13 19:00:00,2016-08-13 20:00:00,h1,1,Beijing,Prophet,16.0,25.698434946649545,test
2016-08-13 20:00:00,2016-08-13 21:00:00,h1,1,Beijing,Prophet,16.666667,23.58042694391,test
2016-08-13 21:00:00,2016-08-13 22:00:00,h1,1,Beijing,Prophet,15.583333,22.88552983676907,test
2016-08-13 22:00:00,2016-08-13 23:00:00,h1,1,Beijing,Prophet,14.0,20.42816065430283,test
2016-08-13 23:00:00,2016-08-14 00:00:00,h1,1,Beijing,Prophet,13.583333,17.86113123787745,test
2016-08-14 00:00:00,2016-08-14 01:00:00,h1,1,Beijing,Prophet,12.75,17.651176396354952,test
2016-08-14 01:00:00,2016-08-14 02:00:00,h1,1,Beijing,Prophet,7.833333,17.77538050796597,test
2016-08-14 02:00:00,2016-08-14 03:00:00,h1,1,Beijing,Prophet,10.25,12.2959847562305,test
2016-08-14 03:00:00,2016-08-14 04:00:00,h1,1,Beijing,Prophet,10.583333,16.363433793720542,test
2016-08-14 04:00:00,2016-08-14 05:00:00,h1,1,Beijing,Prophet,10.5,15.57524996507416,test
2016-08-14 05:00:00,2016-08-14 06:00:00,h1,1,Beijing,Prophet,14.416667,16.637690354969365,test
2016-08-14 06:00:00,2016-08-14 07:00:00,h1,1,Beijing,Prophet,15.166667,22.500136234366543,test
2016-08-14 07:00:00,2016-08-14 08:00:00,h1,1,Beijing,Prophet,15.75,24.027146872297585,test
2016-08-14 08:00:00,2016-08-14 09:00:00,h1,1,Beijing,Prophet,14.75,24.015291203290346,test
2016-08-14 09:00:00,2016-08-14 10:00:00,h1,1,Beijing,Prophet,15.416667,21.730277863085778,test
2016-08-14 10:00:00,2016-08-14 11:00:00,h1,1,Beijing,Prophet,14.416667,22.37783037176305,test
2016-08-14 11:00:00,2016-08-14 12:00:00,h1,1,Beijing,Prophet,13.333333,19.521687768493383,test
2016-08-14 12:00:00,2016-08-14 13:00:00,h1,1,Beijing,Prophet,14.25,19.080087139528537,test
2016-08-14 13:00:00,2016-08-14 14:00:00,h1,1,Beijing,Prophet,14.166667,20.81667876191832,test
2016-08-14 14:00:00,2016-08-14 15:00:00,h1,1,Beijing,Prophet,15.5,21.034667891785386,test
2016-08-14 15:00:00,2016-08-14 16:00:00,h1,1,Beijing,Prophet,20.5,23.655428839608774,test
2016-08-14 16:00:00,2016-08-14 17:00:00,h1,1,Beijing,Prophet,21.666667,30.03826438176645,test
2016-08-14 17:00:00,2016-08-14 18:00:00,h1,1,Beijing,Prophet,26.333333,29.956232220756956,test
2016-08-14 18:00:00,2016-08-14 19:00:00,h1,1,Beijing,Prophet,29.666667,38.60407324107719,test
2016-08-14 19:00:00,2016-08-14 20:00:00,h1,1,Beijing,Prophet,33.416667,41.99795629146974,test
2016-08-14 20:00:00,2016-08-14 21:00:00,h1,1,Beijing,Prophet,38.5,45.51712814389265,test
2016-08-14 21:00:00,2016-08-14 22:00:00,h1,1,Beijing,Prophet,40.583333,48.34329065518911,test
2016-08-14 22:00:00,2016-08-14 23:00:00,h1,1,Beijing,Prophet,42.833333,47.52759120659369,test
2016-08-14 23:00:00,2016-08-15 00:00:00,h1,1,Beijing,Prophet,47.416667,48.467723207462456,test
2016-08-15 00:00:00,2016-08-15 01:00:00,h1,1,Beijing,Prophet,44.5,53.868685238185336,test
2016-08-15 01:00:00,2016-08-15 02:00:00,h1,1,Beijing,Prophet,48.75,49.462257754554834,test
2016-08-15 02:00:00,2016-08-15 03:00:00,h1,1,Beijing,Prophet,54.75,55.54904834056525,test
2016-08-15 03:00:00,2016-08-15 04:00:00,h1,1,Beijing,Prophet,49.166667,61.26771908169232,test
2016-08-15 04:00:00,2016-08-15 05:00:00,h1,1,Beijing,Prophet,19.083333,46.89989506298469,test
2016-08-15 05:00:00,2016-08-15 06:00:00,h1,1,Beijing,Prophet,13.166667,7.937316372256557,test
2016-08-15 06:00:00,2016-08-15 07:00:00,h1,1,Beijing,Prophet,14.333333,10.790162099347388,test
2016-08-15 07:00:00,2016-08-15 08:00:00,h1,1,Beijing,Prophet,13.25,22.710099864398074,test
2016-08-15 08:00:00,2016-08-15 09:00:00,h1,1,Beijing,Prophet,13.166667,19.7718766943074,test
2016-08-15 09:00:00,2016-08-15 10:00:00,h1,1,Beijing,Prophet,11.458333,20.12142201954451,test
2016-08-15 10:00:00,2016-08-15 11:00:00,h1,1,Beijing,Prophet,12.666667,17.619751624422513,test
2016-08-15 11:00:00,2016-08-15 12:00:00,h1,1,Beijing,Prophet,12.375,20.89807530956902,test
2016-08-15 12:00:00,2016-08-15 13:00:00,h1,1,Beijing,Prophet,12.25,20.558292669545512,test
2016-08-15 13:00:00,2016-08-15 14:00:00,h1,1,Beijing,Prophet,13.0,21.30311378945053,test
2016-08-15 14:00:00,2016-08-15 15:00:00,h1,1,Beijing,Prophet,10.25,22.50426088822715,test
2016-08-15 15:00:00,2016-08-15 16:00:00,h1,1,Beijing,Prophet,9.75,18.802265012917385,test
2016-08-15 16:00:00,2016-08-15 17:00:00,h1,1,Beijing,Prophet,10.333333,19.252607013981763,test
2016-08-15 17:00:00,2016-08-15 18:00:00,h1,1,Beijing,Prophet,11.166667,20.721589260980075,test
2016-08-15 18:00:00,2016-08-15 19:00:00,h1,1,Beijing,Prophet,12.25,22.428776445301764,test
2016-08-15 19:00:00,2016-08-15 20:00:00,h1,1,Beijing,Prophet,16.25,23.859964248060457,test
2016-08-15 20:00:00,2016-08-15 21:00:00,h1,1,Beijing,Prophet,17.75,28.50058340833912,test
2016-08-15 21:00:00,2016-08-15 22:00:00,h1,1,Beijing,Prophet,16.416667,26.332004487973446,test
2016-08-15 22:00:00,2016-08-15 23:00:00,h1,1,Beijing,Prophet,18.083333,22.45318710805877,test
2016-08-15 23:00:00,2016-08-16 00:00:00,h1,1,Beijing,Prophet,18.333333,24.76148484375036,test
2016-08-16 00:00:00,2016-08-16 01:00:00,h1,1,Beijing,Prophet,20.0,26.292881967138698,test
2016-08-16 01:00:00,2016-08-16 02:00:00,h1,1,Beijing,Prophet,19.833333,28.17545527149075,test
2016-08-16 02:00:00,2016-08-16 03:00:00,h1,1,Beijing,Prophet,19.333333,26.540818494319232,test
2016-08-16 03:00:00,2016-08-16 04:00:00,h1,1,Beijing,Prophet,20.083333,25.483803796971035,test
2016-08-16 04:00:00,2016-08-16 05:00:00,h1,1,Beijing,Prophet,18.0,25.792916726508686,test
2016-08-16 05:00:00,2016-08-16 06:00:00,h1,1,Beijing,Prophet,17.666667,24.226023074839595,test
2016-08-16 06:00:00,2016-08-16 07:00:00,h1,1,Beijing,Prophet,18.333333,25.160199608897955,test
2016-08-16 07:00:00,2016-08-16 08:00:00,h1,1,Beijing,Prophet,19.416667,26.579305642276637,test
2016-08-16 08:00:00,2016-08-16 09:00:00,h1,1,Beijing,Prophet,19.666667,28.36261445495134,test
2016-08-16 09:00:00,2016-08-16 10:00:00,h1,1,Beijing,Prophet,21.416667,28.173522418294887,test
2016-08-16 10:00:00,2016-08-16 11:00:00,h1,1,Beijing,Prophet,22.083333,29.368581721092557,test
2016-08-16 11:00:00,2016-08-16 12:00:00,h1,1,Beijing,Prophet,23.0,29.514002168136685,test
2016-08-16 12:00:00,2016-08-16 13:00:00,h1,1,Beijing,Prophet,23.0,30.43867488546618,test
2016-08-16 13:00:00,2016-08-16 14:00:00,h1,1,Beijing,Prophet,22.0,31.137923021146392,test
2016-08-16 14:00:00,2016-08-16 15:00:00,h1,1,Beijing,Prophet,22.25,29.447667964072995,test
2016-08-16 15:00:00,2016-08-16 16:00:00,h1,1,Beijing,Prophet,24.833333,29.737329152159823,test
2016-08-16 16:00:00,2016-08-16 17:00:00,h1,1,Beijing,Prophet,26.916667,33.471687772928604,test
2016-08-16 17:00:00,2016-08-16 18:00:00,h1,1,Beijing,Prophet,29.666667,36.31513639177179,test
2016-08-16 18:00:00,2016-08-16 19:00:00,h1,1,Beijing,Prophet,32.0,39.530867140959614,test
2016-08-16 19:00:00,2016-08-16 20:00:00,h1,1,Beijing,Prophet,30.916667,41.71189603647188,test
2016-08-16 20:00:00,2016-08-16 21:00:00,h1,1,Beijing,Prophet,32.0,38.26035491687098,test
2016-08-16 21:00:00,2016-08-16 22:00:00,h1,1,Beijing,Prophet,29.25,37.24102876464015,test
2016-08-16 22:00:00,2016-08-16 23:00:00,h1,1,Beijing,Prophet,28.666667,31.5143761783795,test
2016-08-16 23:00:00,2016-08-17 00:00:00,h1,1,Beijing,Prophet,32.666667,32.92309368328023,test
2016-08-17 00:00:00,2016-08-17 01:00:00,h1,1,Beijing,Prophet,34.333333,39.09380325894654,test
2016-08-17 01:00:00,2016-08-17 02:00:00,h1,1,Beijing,Prophet,34.5,40.124192689645355,test
2016-08-17 02:00:00,2016-08-17 03:00:00,h1,1,Beijing,Prophet,34.25,41.14495675423364,test
2016-08-17 03:00:00,2016-08-17 04:00:00,h1,1,Beijing,Prophet,33.916667,39.944025158414284,test
2016-08-17 04:00:00,2016-08-17 05:00:00,h1,1,Beijing,Prophet,34.416667,39.16988212821907,test
2016-08-17 05:00:00,2016-08-17 06:00:00,h1,1,Beijing,Prophet,38.083333,40.139602124300865,test
2016-08-17 06:00:00,2016-08-17 07:00:00,h1,1,Beijing,Prophet,41.25,45.54675379864519,test
2016-08-17 07:00:00,2016-08-17 08:00:00,h1,1,Beijing,Prophet,44.5,50.83086709665243,test
2016-08-17 08:00:00,2016-08-17 09:00:00,h1,1,Beijing,Prophet,52.25,54.766946949560236,test
2016-08-17 09:00:00,2016-08-17 10:00:00,h1,1,Beijing,Prophet,57.333333,63.89809175498195,test
2016-08-17 10:00:00,2016-08-17 11:00:00,h1,1,Beijing,Prophet,61.083333,67.3073636364866,test
2016-08-17 11:00:00,2016-08-17 12:00:00,h1,1,Beijing,Prophet,62.333333,71.16670994617287,test
2016-08-17 12:00:00,2016-08-17 13:00:00,h1,1,Beijing,Prophet,63.666667,71.95741794231431,test
2016-08-17 13:00:00,2016-08-17 14:00:00,h1,1,Beijing,Prophet,66.833333,73.53953189057732,test
2016-08-17 14:00:00,2016-08-17 15:00:00,h1,1,Beijing,Prophet,69.666667,76.32781852579402,test
2016-08-17 15:00:00,2016-08-17 16:00:00,h1,1,Beijing,Prophet,71.333333,76.6516380865098,test
2016-08-17 16:00:00,2016-08-17 17:00:00,h1,1,Beijing,Prophet,76.5,78.58730487803668,test
2016-08-17 17:00:00,2016-08-17 18:00:00,h1,1,Beijing,Prophet,79.916667,86.94109952917839,test
2016-08-17 18:00:00,2016-08-17 19:00:00,h1,1,Beijing,Prophet,80.166667,90.46635438803192,test
2016-08-17 19:00:00,2016-08-17 20:00:00,h1,1,Beijing,Prophet,82.583333,89.54991218488738,test
2016-08-17 20:00:00,2016-08-17 21:00:00,h1,1,Beijing,Prophet,88.833333,87.34934348674125,test
2016-08-17 21:00:00,2016-08-17 22:00:00,h1,1,Beijing,Prophet,93.916667,94.37141373806418,test
2016-08-17 22:00:00,2016-08-17 23:00:00,h1,1,Beijing,Prophet,100.166667,96.71124475044705,test
2016-08-17 23:00:00,2016-08-18 00:00:00,h1,1,Beijing,Prophet,104.166667,103.39160772937001,test
2016-08-18 00:00:00,2016-08-18 01:00:00,h1,1,Beijing,Prophet,104.75,107.14700148825168,test
2016-08-18 01:00:00,2016-08-18 02:00:00,h1,1,Beijing,Prophet,107.916667,107.28556066823194,test
2016-08-18 02:00:00,2016-08-18 03:00:00,h1,1,Beijing,Prophet,110.5,112.37448077707873,test
2016-08-18 03:00:00,2016-08-18 04:00:00,h1,1,Beijing,Prophet,110.0,115.20715978910596,test
2016-08-18 04:00:00,2016-08-18 05:00:00,h1,1,Beijing,Prophet,108.0,113.35689013395375,test
2016-08-18 05:00:00,2016-08-18 06:00:00,h1,1,Beijing,Prophet,104.833333,109.44186520607039,test
2016-08-18 06:00:00,2016-08-18 07:00:00,h1,1,Beijing,Prophet,99.416667,106.89984216135191,test
2016-08-18 07:00:00,2016-08-18 08:00:00,h1,1,Beijing,Prophet,84.916667,97.15790625720317,test
2016-08-18 08:00:00,2016-08-18 09:00:00,h1,1,Beijing,Prophet,74.75,74.94551352378622,test
2016-08-18 09:00:00,2016-08-18 10:00:00,h1,1,Beijing,Prophet,73.166667,73.22310340986547,test
2016-08-18 10:00:00,2016-08-18 11:00:00,h1,1,Beijing,Prophet,62.833333,73.6934842960645,test
2016-08-18 11:00:00,2016-08-18 12:00:00,h1,1,Beijing,Prophet,56.416667,59.64666116918516,test
2016-08-18 12:00:00,2016-08-18 13:00:00,h1,1,Beijing,Prophet,56.833333,56.60772769311562,test
2016-08-18 13:00:00,2016-08-18 14:00:00,h1,1,Beijing,Prophet,59.75,62.4441201449023,test
2016-08-18 14:00:00,2016-08-18 15:00:00,h1,1,Beijing,Prophet,61.083333,66.91716604681412,test
2016-08-18 15:00:00,2016-08-18 16:00:00,h1,1,Beijing,Prophet,56.916667,66.91326942805424,test
2016-08-18 16:00:00,2016-08-18 17:00:00,h1,1,Beijing,Prophet,53.583333,60.686215110372956,test
2016-08-18 17:00:00,2016-08-18 18:00:00,h1,1,Beijing,Prophet,56.333333,59.247857610929394,test
2016-08-18 18:00:00,2016-08-18 19:00:00,h1,1,Beijing,Prophet,52.75,64.54413508968227,test
2016-08-18 19:00:00,2016-08-18 20:00:00,h1,1,Beijing,Prophet,43.416667,59.37309948623947,test
2016-08-18 20:00:00,2016-08-18 21:00:00,h1,1,Beijing,Prophet,48.416667,47.665011199922596,test
2016-08-18 21:00:00,2016-08-18 22:00:00,h1,1,Beijing,Prophet,53.083333,56.71194472865888,test
2016-08-18 22:00:00,2016-08-18 23:00:00,h1,1,Beijing,Prophet,45.916667,59.94581919839983,test
2016-08-18 23:00:00,2016-08-19 00:00:00,h1,1,Beijing,Prophet,35.75,48.14318707707719,test
2016-08-19 00:00:00,2016-08-19 01:00:00,h1,1,Beijing,Prophet,27.75,37.69258826757652,test
2016-08-19 01:00:00,2016-08-19 02:00:00,h1,1,Beijing,Prophet,23.333333,32.34963743672787,test
2016-08-19 02:00:00,2016-08-19 03:00:00,h1,1,Beijing,Prophet,17.5,28.273968306651174,test
2016-08-19 03:00:00,2016-08-19 04:00:00,h1,1,Beijing,Prophet,14.083333,19.22351402731068,test
2016-08-19 04:00:00,2016-08-19 05:00:00,h1,1,Beijing,Prophet,12.416667,18.32019818782729,test
2016-08-19 05:00:00,2016-08-19 06:00:00,h1,1,Beijing,Prophet,11.416667,17.45023939548306,test
2016-08-19 06:00:00,2016-08-19 07:00:00,h1,1,Beijing,Prophet,12.25,18.634055140553667,test
2016-08-19 07:00:00,2016-08-19 08:00:00,h1,1,Beijing,Prophet,11.5,20.869118026940747,test
2016-08-19 08:00:00,2016-08-19 09:00:00,h1,1,Beijing,Prophet,11.5,20.186456220121705,test
2016-08-19 09:00:00,2016-08-19 10:00:00,h1,1,Beijing,Prophet,10.5,19.26253834589238,test
2016-08-19 10:00:00,2016-08-19 11:00:00,h1,1,Beijing,Prophet,10.416667,16.950711197150547,test
2016-08-19 11:00:00,2016-08-19 12:00:00,h1,1,Beijing,Prophet,10.5,17.025286647876182,test
2016-08-19 12:00:00,2016-08-19 13:00:00,h1,1,Beijing,Prophet,9.916667,18.23561073844172,test
2016-08-19 13:00:00,2016-08-19 14:00:00,h1,1,Beijing,Prophet,10.416667,17.333345659663383,test
2016-08-19 14:00:00,2016-08-19 15:00:00,h1,1,Beijing,Prophet,10.583333,18.081764851643804,test
2016-08-19 15:00:00,2016-08-19 16:00:00,h1,1,Beijing,Prophet,11.083333,18.965497179866652,test
2016-08-19 16:00:00,2016-08-19 17:00:00,h1,1,Beijing,Prophet,11.666667,20.050920657208156,test
2016-08-19 17:00:00,2016-08-19 18:00:00,h1,1,Beijing,Prophet,14.333333,20.553202587149677,test
2016-08-19 18:00:00,2016-08-19 19:00:00,h1,1,Beijing,Prophet,18.0,25.716158699063694,test
2016-08-19 19:00:00,2016-08-19 20:00:00,h1,1,Beijing,Prophet,29.583333,31.281711271921267,test
2016-08-19 20:00:00,2016-08-19 21:00:00,h1,1,Beijing,Prophet,34.916667,43.80124451706869,test
2016-08-19 21:00:00,2016-08-19 22:00:00,h1,1,Beijing,Prophet,35.083333,44.19516681885705,test
2016-08-19 22:00:00,2016-08-19 23:00:00,h1,1,Beijing,Prophet,36.416667,40.47705369104152,test
2016-08-19 23:00:00,2016-08-20 00:00:00,h1,1,Beijing,Prophet,39.333333,41.98744310421082,test
2016-08-20 00:00:00,2016-08-20 01:00:00,h1,1,Beijing,Prophet,42.166667,45.10424705401488,test
2016-08-20 01:00:00,2016-08-20 02:00:00,h1,1,Beijing,Prophet,44.916667,48.13356336032415,test
2016-08-20 02:00:00,2016-08-20 03:00:00,h1,1,Beijing,Prophet,45.166667,52.07148672356154,test
2016-08-20 03:00:00,2016-08-20 04:00:00,h1,1,Beijing,Prophet,48.583333,51.21054028619427,test
2016-08-20 04:00:00,2016-08-20 05:00:00,h1,1,Beijing,Prophet,45.916667,54.82923300943505,test
2016-08-20 05:00:00,2016-08-20 06:00:00,h1,1,Beijing,Prophet,47.25,51.78490659433636,test
2016-08-20 06:00:00,2016-08-20 07:00:00,h1,1,Beijing,Prophet,48.5,54.94620393046772,test
2016-08-20 07:00:00,2016-08-20 08:00:00,h1,1,Beijing,Prophet,55.583333,57.07957102686831,test
2016-08-20 08:00:00,2016-08-20 09:00:00,h1,1,Beijing,Prophet,62.666667,65.50259132789992,test
2016-08-20 09:00:00,2016-08-20 10:00:00,h1,1,Beijing,Prophet,71.083333,71.4342546113334,test
2016-08-20 10:00:00,2016-08-20 11:00:00,h1,1,Beijing,Prophet,69.583333,79.58035971260735,test
2016-08-20 11:00:00,2016-08-20 12:00:00,h1,1,Beijing,Prophet,65.166667,76.0125199314148,test
2016-08-20 12:00:00,2016-08-20 13:00:00,h1,1,Beijing,Prophet,58.5,70.47194654299943,test
2016-08-20 13:00:00,2016-08-20 14:00:00,h1,1,Beijing,Prophet,51.833333,63.94064297103065,test
2016-08-20 14:00:00,2016-08-20 15:00:00,h1,1,Beijing,Prophet,46.583333,57.16027134972977,test
2016-08-20 15:00:00,2016-08-20 16:00:00,h1,1,Beijing,Prophet,46.583333,52.195778771989026,test
2016-08-20 16:00:00,2016-08-20 17:00:00,h1,1,Beijing,Prophet,49.875,54.19062400011484,test
2016-08-20 17:00:00,2016-08-20 18:00:00,h1,1,Beijing,Prophet,53.25,58.57168321339837,test
2016-08-20 18:00:00,2016-08-20 19:00:00,h1,1,Beijing,Prophet,52.166667,63.92474847301563,test
2016-08-20 19:00:00,2016-08-20 20:00:00,h1,1,Beijing,Prophet,51.666667,61.92469188654724,test
2016-08-20 20:00:00,2016-08-20 21:00:00,h1,1,Beijing,Prophet,54.0,60.01273501469856,test
2016-08-20 21:00:00,2016-08-20 22:00:00,h1,1,Beijing,Prophet,55.75,61.547047492265726,test
2016-08-20 22:00:00,2016-08-20 23:00:00,h1,1,Beijing,Prophet,53.666667,62.58495811183573,test
2016-08-20 23:00:00,2016-08-21 00:00:00,h1,1,Beijing,Prophet,53.5,59.0518307433272,test
2016-08-21 00:00:00,2016-08-21 01:00:00,h1,1,Beijing,Prophet,54.833333,59.98150584615579,test
2016-08-21 01:00:00,2016-08-21 02:00:00,h1,1,Beijing,Prophet,53.083333,62.23880716061216,test
2016-08-21 02:00:00,2016-08-21 03:00:00,h1,1,Beijing,Prophet,53.75,59.607150367798205,test
2016-08-21 03:00:00,2016-08-21 04:00:00,h1,1,Beijing,Prophet,53.0,59.430887054026094,test
2016-08-21 04:00:00,2016-08-21 05:00:00,h1,1,Beijing,Prophet,51.083333,57.866157222912776,test
2016-08-21 05:00:00,2016-08-21 06:00:00,h1,1,Beijing,Prophet,52.583333,56.698044529629115,test
2016-08-21 06:00:00,2016-08-21 07:00:00,h1,1,Beijing,Prophet,47.666667,59.422207539694426,test
2016-08-21 07:00:00,2016-08-21 08:00:00,h1,1,Beijing,Prophet,45.75,54.90282424598806,test
2016-08-21 08:00:00,2016-08-21 09:00:00,h1,1,Beijing,Prophet,45.166667,52.86064354950314,test
2016-08-21 09:00:00,2016-08-21 10:00:00,h1,1,Beijing,Prophet,45.416667,52.0545331626277,test
2016-08-21 10:00:00,2016-08-21 11:00:00,h1,1,Beijing,Prophet,47.75,52.19344617143651,test
2016-08-21 11:00:00,2016-08-21 12:00:00,h1,1,Beijing,Prophet,49.166667,54.937870256828845,test
2016-08-21 12:00:00,2016-08-21 13:00:00,h1,1,Beijing,Prophet,49.333333,56.28846396119582,test
2016-08-21 13:00:00,2016-08-21 14:00:00,h1,1,Beijing,Prophet,54.416667,56.315471499365295,test
2016-08-21 14:00:00,2016-08-21 15:00:00,h1,1,Beijing,Prophet,57.916667,62.34966358473013,test
2016-08-21 15:00:00,2016-08-21 16:00:00,h1,1,Beijing,Prophet,50.833333,64.9557504295609,test
2016-08-21 16:00:00,2016-08-21 17:00:00,h1,1,Beijing,Prophet,45.916667,55.221330742718955,test
2016-08-21 17:00:00,2016-08-21 18:00:00,h1,1,Beijing,Prophet,44.583333,51.42364529785307,test
2016-08-21 18:00:00,2016-08-21 19:00:00,h1,1,Beijing,Prophet,47.75,52.8084558120497,test
2016-08-21 19:00:00,2016-08-21 20:00:00,h1,1,Beijing,Prophet,53.083333,57.30695831543621,test
2016-08-21 20:00:00,2016-08-21 21:00:00,h1,1,Beijing,Prophet,57.416667,61.982140670712894,test
2016-08-21 21:00:00,2016-08-21 22:00:00,h1,1,Beijing,Prophet,63.916667,63.86655319812755,test
2016-08-21 22:00:00,2016-08-21 23:00:00,h1,1,Beijing,Prophet,74.0,68.44826835304872,test
2016-08-21 23:00:00,2016-08-22 00:00:00,h1,1,Beijing,Prophet,74.666667,80.00199450755584,test
2016-08-22 00:00:00,2016-08-22 01:00:00,h1,1,Beijing,Prophet,73.5,78.28502575190092,test
2016-08-22 01:00:00,2016-08-22 02:00:00,h1,1,Beijing,Prophet,75.833333,76.05138313245445,test
2016-08-22 02:00:00,2016-08-22 03:00:00,h1,1,Beijing,Prophet,78.75,80.66119108447838,test
2016-08-22 03:00:00,2016-08-22 04:00:00,h1,1,Beijing,Prophet,78.083333,84.23406524980857,test
2016-08-22 04:00:00,2016-08-22 05:00:00,h1,1,Beijing,Prophet,74.166667,83.54438436694706,test
2016-08-22 05:00:00,2016-08-22 06:00:00,h1,1,Beijing,Prophet,73.5,77.7447048089906,test
2016-08-22 06:00:00,2016-08-22 07:00:00,h1,1,Beijing,Prophet,77.25,78.29231021964577,test
2016-08-22 07:00:00,2016-08-22 08:00:00,h1,1,Beijing,Prophet,80.833333,86.22191999582142,test
2016-08-22 08:00:00,2016-08-22 09:00:00,h1,1,Beijing,Prophet,70.166667,88.99321065499151,test
2016-08-22 09:00:00,2016-08-22 10:00:00,h1,1,Beijing,Prophet,52.166667,72.09088296129437,test
2016-08-22 10:00:00,2016-08-22 11:00:00,h1,1,Beijing,Prophet,42.083333,51.64825325691758,test
2016-08-22 11:00:00,2016-08-22 12:00:00,h1,1,Beijing,Prophet,37.583333,43.77857459233328,test
2016-08-22 12:00:00,2016-08-22 13:00:00,h1,1,Beijing,Prophet,38.583333,41.50436082139702,test
2016-08-22 13:00:00,2016-08-22 14:00:00,h1,1,Beijing,Prophet,33.25,44.44426027773559,test
2016-08-22 14:00:00,2016-08-22 15:00:00,h1,1,Beijing,Prophet,29.916667,37.967068625147746,test
2016-08-22 15:00:00,2016-08-22 16:00:00,h1,1,Beijing,Prophet,29.75,35.500037159049235,test
2016-08-22 16:00:00,2016-08-22 17:00:00,h1,1,Beijing,Prophet,27.833333,37.00489340254634,test
2016-08-22 17:00:00,2016-08-22 18:00:00,h1,1,Beijing,Prophet,30.916667,35.862083372858685,test
2016-08-22 18:00:00,2016-08-22 19:00:00,h1,1,Beijing,Prophet,32.166667,40.71562814999876,test
2016-08-22 19:00:00,2016-08-22 20:00:00,h1,1,Beijing,Prophet,36.166667,41.907880402999055,test
2016-08-22 20:00:00,2016-08-22 21:00:00,h1,1,Beijing,Prophet,39.916667,45.2951604267894,test
2016-08-22 21:00:00,2016-08-22 22:00:00,h1,1,Beijing,Prophet,39.666667,47.44766179603412,test
2016-08-22 22:00:00,2016-08-22 23:00:00,h1,1,Beijing,Prophet,43.666667,44.555051536187335,test
2016-08-22 23:00:00,2016-08-23 00:00:00,h1,1,Beijing,Prophet,46.833333,48.5613870773796,test
2016-08-23 00:00:00,2016-08-23 01:00:00,h1,1,Beijing,Prophet,50.916667,52.30750497120866,test
2016-08-23 01:00:00,2016-08-23 02:00:00,h1,1,Beijing,Prophet,55.833333,57.24560670085566,test
2016-08-23 02:00:00,2016-08-23 03:00:00,h1,1,Beijing,Prophet,60.416667,61.37773676252857,test
2016-08-23 03:00:00,2016-08-23 04:00:00,h1,1,Beijing,Prophet,63.916667,65.23613408923215,test
2016-08-23 04:00:00,2016-08-23 05:00:00,h1,1,Beijing,Prophet,66.416667,68.05182450609396,test
2016-08-23 05:00:00,2016-08-23 06:00:00,h1,1,Beijing,Prophet,68.666667,71.3041746267591,test
2016-08-23 06:00:00,2016-08-23 07:00:00,h1,1,Beijing,Prophet,74.166667,75.10623887397162,test
2016-08-23 07:00:00,2016-08-23 08:00:00,h1,1,Beijing,Prophet,80.5,81.89005682618229,test
2016-08-23 08:00:00,2016-08-23 09:00:00,h1,1,Beijing,Prophet,76.833333,87.93399787052088,test
2016-08-23 09:00:00,2016-08-23 10:00:00,h1,1,Beijing,Prophet,56.583333,78.83491265998236,test
2016-08-23 10:00:00,2016-08-23 11:00:00,h1,1,Beijing,Prophet,55.666667,55.19396576357791,test
2016-08-23 11:00:00,2016-08-23 12:00:00,h1,1,Beijing,Prophet,59.166667,61.01235954905436,test
2016-08-23 12:00:00,2016-08-23 13:00:00,h1,1,Beijing,Prophet,62.5,66.48031852428186,test
2016-08-23 13:00:00,2016-08-23 14:00:00,h1,1,Beijing,Prophet,62.5,68.96946561174434,test
2016-08-23 14:00:00,2016-08-23 15:00:00,h1,1,Beijing,Prophet,66.833333,69.39422190937017,test
2016-08-23 15:00:00,2016-08-23 16:00:00,h1,1,Beijing,Prophet,75.333333,72.97802271255887,test
2016-08-23 16:00:00,2016-08-23 17:00:00,h1,1,Beijing,Prophet,74.166667,86.55548588903478,test
2016-08-23 17:00:00,2016-08-23 18:00:00,h1,1,Beijing,Prophet,80.166667,83.67557067568117,test
2016-08-23 18:00:00,2016-08-23 19:00:00,h1,1,Beijing,Prophet,82.416667,91.1656499654265,test
2016-08-23 19:00:00,2016-08-23 20:00:00,h1,1,Beijing,Prophet,86.416667,91.636958226503,test
2016-08-23 20:00:00,2016-08-23 21:00:00,h1,1,Beijing,Prophet,91.583333,94.70214075736624,test
2016-08-23 21:00:00,2016-08-23 22:00:00,h1,1,Beijing,Prophet,85.5,97.25160128200795,test
2016-08-23 22:00:00,2016-08-23 23:00:00,h1,1,Beijing,Prophet,85.916667,87.11763492564819,test
2016-08-23 23:00:00,2016-08-24 00:00:00,h1,1,Beijing,Prophet,83.0,89.05326981857837,test
2016-08-24 00:00:00,2016-08-24 01:00:00,h1,1,Beijing,Prophet,85.583333,86.31108445128513,test
2016-08-24 01:00:00,2016-08-24 02:00:00,h1,1,Beijing,Prophet,88.5,89.8844002515145,test
2016-08-24 02:00:00,2016-08-24 03:00:00,h1,1,Beijing,Prophet,84.166667,92.2848770007914,test
2016-08-24 03:00:00,2016-08-24 04:00:00,h1,1,Beijing,Prophet,83.166667,87.0711008847926,test
2016-08-24 04:00:00,2016-08-24 05:00:00,h1,1,Beijing,Prophet,81.75,86.00541693145153,test
2016-08-24 05:00:00,2016-08-24 06:00:00,h1,1,Beijing,Prophet,78.25,85.32569115049691,test
2016-08-24 06:00:00,2016-08-24 07:00:00,h1,1,Beijing,Prophet,71.75,82.74376567016571,test
2016-08-24 07:00:00,2016-08-24 08:00:00,h1,1,Beijing,Prophet,72.166667,76.40935421165483,test
2016-08-24 08:00:00,2016-08-24 09:00:00,h1,1,Beijing,Prophet,71.833333,78.74308464384228,test
2016-08-24 09:00:00,2016-08-24 10:00:00,h1,1,Beijing,Prophet,73.666667,78.42476366725217,test
2016-08-24 10:00:00,2016-08-24 11:00:00,h1,1,Beijing,Prophet,74.333333,80.47002437320387,test
2016-08-24 11:00:00,2016-08-24 12:00:00,h1,1,Beijing,Prophet,74.916667,80.34018201777548,test
2016-08-24 12:00:00,2016-08-24 13:00:00,h1,1,Beijing,Prophet,75.583333,81.42392015406854,test
2016-08-24 13:00:00,2016-08-24 14:00:00,h1,1,Beijing,Prophet,72.375,82.05701042026936,test
2016-08-24 14:00:00,2016-08-24 15:00:00,h1,1,Beijing,Prophet,64.666667,78.49224772468992,test
2016-08-24 15:00:00,2016-08-24 16:00:00,h1,1,Beijing,Prophet,69.916667,69.29875169496168,test
2016-08-24 16:00:00,2016-08-24 17:00:00,h1,1,Beijing,Prophet,73.75,78.01774176837799,test
2016-08-24 17:00:00,2016-08-24 18:00:00,h1,1,Beijing,Prophet,73.583333,82.00825592448044,test
2016-08-24 18:00:00,2016-08-24 19:00:00,h1,1,Beijing,Prophet,76.416667,82.05192746895369,test
2016-08-24 19:00:00,2016-08-24 20:00:00,h1,1,Beijing,Prophet,83.083333,86.32928118442146,test
2016-08-24 20:00:00,2016-08-24 21:00:00,h1,1,Beijing,Prophet,94.166667,93.19952319178184,test
2016-08-24 21:00:00,2016-08-24 22:00:00,h1,1,Beijing,Prophet,100.75,103.68037564634585,test
2016-08-24 22:00:00,2016-08-24 23:00:00,h1,1,Beijing,Prophet,104.5,109.17751077986222,test
2016-08-24 23:00:00,2016-08-25 00:00:00,h1,1,Beijing,Prophet,104.333333,110.15076516087512,test
2016-08-25 00:00:00,2016-08-25 01:00:00,h1,1,Beijing,Prophet,86.916667,107.45811243244049,test
2016-08-25 01:00:00,2016-08-25 02:00:00,h1,1,Beijing,Prophet,65.333333,84.15402269596223,test
2016-08-25 02:00:00,2016-08-25 03:00:00,h1,1,Beijing,Prophet,31.416667,56.363309805684054,test
2016-08-25 03:00:00,2016-08-25 04:00:00,h1,1,Beijing,Prophet,18.833333,19.268243097361406,test
2016-08-25 04:00:00,2016-08-25 05:00:00,h1,1,Beijing,Prophet,9.0,15.339667872113406,test
2016-08-25 05:00:00,2016-08-25 06:00:00,h1,1,Beijing,Prophet,5.916667,7.405146905893801,test
2016-08-25 06:00:00,2016-08-25 07:00:00,h1,1,Beijing,Prophet,7.333333,9.029451221496412,test
2016-08-25 07:00:00,2016-08-25 08:00:00,h1,1,Beijing,Prophet,8.166667,13.821561580931196,test
2016-08-25 08:00:00,2016-08-25 09:00:00,h1,1,Beijing,Prophet,8.166667,15.848797330610623,test
2016-08-25 09:00:00,2016-08-25 10:00:00,h1,1,Beijing,Prophet,7.166667,15.057074774132058,test
2016-08-25 10:00:00,2016-08-25 11:00:00,h1,1,Beijing,Prophet,6.083333,11.423700150306203,test
2016-08-25 11:00:00,2016-08-25 12:00:00,h1,1,Beijing,Prophet,6.916667,10.44201692456414,test
2016-08-25 12:00:00,2016-08-25 13:00:00,h1,1,Beijing,Prophet,6.916667,12.449566309287988,test
2016-08-25 13:00:00,2016-08-25 14:00:00,h1,1,Beijing,Prophet,5.583333,11.269322088190584,test
2016-08-25 14:00:00,2016-08-25 15:00:00,h1,1,Beijing,Prophet,6.833333,10.603590672247392,test
2016-08-25 15:00:00,2016-08-25 16:00:00,h1,1,Beijing,Prophet,5.583333,12.87193280533814,test
2016-08-25 16:00:00,2016-08-25 17:00:00,h1,1,Beijing,Prophet,6.75,10.373507336196749,test
2016-08-25 17:00:00,2016-08-25 18:00:00,h1,1,Beijing,Prophet,5.916667,13.077703156233873,test
2016-08-25 18:00:00,2016-08-25 19:00:00,h1,1,Beijing,Prophet,8.583333,11.968101861696582,test
2016-08-25 19:00:00,2016-08-25 20:00:00,h1,1,Beijing,Prophet,11.583333,17.128800588702518,test
2016-08-25 20:00:00,2016-08-25 21:00:00,h1,1,Beijing,Prophet,12.166667,20.117571651589564,test
2016-08-25 21:00:00,2016-08-25 22:00:00,h1,1,Beijing,Prophet,13.583333,16.243018022070412,test
2016-08-25 22:00:00,2016-08-25 23:00:00,h1,1,Beijing,Prophet,12.416667,16.14731142301528,test
2016-08-25 23:00:00,2016-08-26 00:00:00,h1,1,Beijing,Prophet,9.5,14.76405246227177,test
2016-08-26 00:00:00,2016-08-26 01:00:00,h1,1,Beijing,Prophet,7.0,11.686387514856406,test
2016-08-26 01:00:00,2016-08-26 02:00:00,h1,1,Beijing,Prophet,7.166667,8.599349206358731,test
2016-08-26 02:00:00,2016-08-26 03:00:00,h1,1,Beijing,Prophet,6.25,9.446910170366007,test
2016-08-26 03:00:00,2016-08-26 04:00:00,h1,1,Beijing,Prophet,9.083333,10.443719969032045,test
2016-08-26 04:00:00,2016-08-26 05:00:00,h1,1,Beijing,Prophet,7.5,12.427475114867917,test
2016-08-26 05:00:00,2016-08-26 06:00:00,h1,1,Beijing,Prophet,6.75,10.726679863935985,test
2016-08-26 06:00:00,2016-08-26 07:00:00,h1,1,Beijing,Prophet,7.25,12.258368361673739,test
2016-08-26 07:00:00,2016-08-26 08:00:00,h1,1,Beijing,Prophet,8.583333,13.948998861172992,test
2016-08-26 08:00:00,2016-08-26 09:00:00,h1,1,Beijing,Prophet,7.666667,14.085645229673798,test
2016-08-26 09:00:00,2016-08-26 10:00:00,h1,1,Beijing,Prophet,7.583333,12.364080099266776,test
2016-08-26 10:00:00,2016-08-26 11:00:00,h1,1,Beijing,Prophet,7.25,12.09434344917437,test
2016-08-26 11:00:00,2016-08-26 12:00:00,h1,1,Beijing,Prophet,7.833333,11.2204848034754,test
2016-08-26 12:00:00,2016-08-26 13:00:00,h1,1,Beijing,Prophet,8.083333,12.928290915931559,test
2016-08-26 13:00:00,2016-08-26 14:00:00,h1,1,Beijing,Prophet,8.5,13.46663183534831,test
2016-08-26 14:00:00,2016-08-26 15:00:00,h1,1,Beijing,Prophet,5.833333,14.258596474972151,test
2016-08-26 15:00:00,2016-08-26 16:00:00,h1,1,Beijing,Prophet,5.666667,10.666409304766592,test
2016-08-26 16:00:00,2016-08-26 17:00:00,h1,1,Beijing,Prophet,8.25,11.216764445622346,test
2016-08-26 17:00:00,2016-08-26 18:00:00,h1,1,Beijing,Prophet,9.166667,15.404499546325638,test
2016-08-26 18:00:00,2016-08-26 19:00:00,h1,1,Beijing,Prophet,12.0,17.943006572083714,test
2016-08-26 19:00:00,2016-08-26 20:00:00,h1,1,Beijing,Prophet,15.833333,23.606967244792596,test
2016-08-26 20:00:00,2016-08-26 21:00:00,h1,1,Beijing,Prophet,20.25,27.455814520507396,test
2016-08-26 21:00:00,2016-08-26 22:00:00,h1,1,Beijing,Prophet,24.166667,26.500864341248167,test
2016-08-26 22:00:00,2016-08-26 23:00:00,h1,1,Beijing,Prophet,23.666667,29.8800573714649,test
2016-08-26 23:00:00,2016-08-27 00:00:00,h1,1,Beijing,Prophet,22.666667,28.320013257423128,test
2016-08-27 00:00:00,2016-08-27 01:00:00,h1,1,Beijing,Prophet,21.583333,27.46116062704435,test
2016-08-27 01:00:00,2016-08-27 02:00:00,h1,1,Beijing,Prophet,21.0,27.338899067465128,test
2016-08-27 02:00:00,2016-08-27 03:00:00,h1,1,Beijing,Prophet,19.333333,26.106513254884103,test
2016-08-27 03:00:00,2016-08-27 04:00:00,h1,1,Beijing,Prophet,17.166667,23.332635888242976,test
2016-08-27 04:00:00,2016-08-27 05:00:00,h1,1,Beijing,Prophet,15.333333,20.507212126887573,test
2016-08-27 05:00:00,2016-08-27 06:00:00,h1,1,Beijing,Prophet,13.833333,18.851058293919596,test
2016-08-27 06:00:00,2016-08-27 07:00:00,h1,1,Beijing,Prophet,14.5,19.09228212509623,test
2016-08-27 07:00:00,2016-08-27 08:00:00,h1,1,Beijing,Prophet,16.416667,21.664226545829838,test
2016-08-27 08:00:00,2016-08-27 09:00:00,h1,1,Beijing,Prophet,15.583333,22.33409630017804,test
2016-08-27 09:00:00,2016-08-27 10:00:00,h1,1,Beijing,Prophet,12.75,20.428856545548516,test
2016-08-27 10:00:00,2016-08-27 11:00:00,h1,1,Beijing,Prophet,11.0,16.134268025339527,test
2016-08-27 11:00:00,2016-08-27 12:00:00,h1,1,Beijing,Prophet,10.333333,14.232333511985683,test
2016-08-27 12:00:00,2016-08-27 13:00:00,h1,1,Beijing,Prophet,10.0,14.663005984286578,test
2016-08-27 13:00:00,2016-08-27 14:00:00,h1,1,Beijing,Prophet,8.208333,14.384855023588226,test
2016-08-27 14:00:00,2016-08-27 15:00:00,h1,1,Beijing,Prophet,6.916667,11.804794751491581,test
2016-08-27 15:00:00,2016-08-27 16:00:00,h1,1,Beijing,Prophet,5.5,11.466070741553231,test
2016-08-27 16:00:00,2016-08-27 17:00:00,h1,1,Beijing,Prophet,10.083333,10.118436712552974,test
2016-08-27 17:00:00,2016-08-27 18:00:00,h1,1,Beijing,Prophet,9.25,17.208711192666716,test
2016-08-27 18:00:00,2016-08-27 19:00:00,h1,1,Beijing,Prophet,12.916667,18.82754269967776,test
2016-08-27 19:00:00,2016-08-27 20:00:00,h1,1,Beijing,Prophet,20.0,23.467715619382084,test
2016-08-27 20:00:00,2016-08-27 21:00:00,h1,1,Beijing,Prophet,22.083333,32.22729451475533,test
2016-08-27 21:00:00,2016-08-27 22:00:00,h1,1,Beijing,Prophet,19.0,30.32304639671597,test
2016-08-27 22:00:00,2016-08-27 23:00:00,h1,1,Beijing,Prophet,12.416667,20.760755562734296,test
2016-08-27 23:00:00,2016-08-28 00:00:00,h1,1,Beijing,Prophet,12.666667,11.130037091077181,test
2016-08-28 00:00:00,2016-08-28 01:00:00,h1,1,Beijing,Prophet,9.833333,15.690364341881995,test
2016-08-28 01:00:00,2016-08-28 02:00:00,h1,1,Beijing,Prophet,8.166667,13.238156404427688,test
2016-08-28 02:00:00,2016-08-28 03:00:00,h1,1,Beijing,Prophet,8.666667,12.525965543651928,test
2016-08-28 03:00:00,2016-08-28 04:00:00,h1,1,Beijing,Prophet,8.5,13.187978496410778,test
2016-08-28 04:00:00,2016-08-28 05:00:00,h1,1,Beijing,Prophet,8.833333,12.43401411869036,test
2016-08-28 05:00:00,2016-08-28 06:00:00,h1,1,Beijing,Prophet,10.75,13.77363741579769,test
2016-08-28 06:00:00,2016-08-28 07:00:00,h1,1,Beijing,Prophet,8.75,16.21143766530811,test
2016-08-28 07:00:00,2016-08-28 08:00:00,h1,1,Beijing,Prophet,10.25,15.176966726956692,test
2016-08-28 08:00:00,2016-08-28 09:00:00,h1,1,Beijing,Prophet,10.666667,15.215481611210762,test
2016-08-28 09:00:00,2016-08-28 10:00:00,h1,1,Beijing,Prophet,7.5,14.640578243356977,test
2016-08-28 10:00:00,2016-08-28 11:00:00,h1,1,Beijing,Prophet,9.333333,10.892726043318952,test
2016-08-28 11:00:00,2016-08-28 12:00:00,h1,1,Beijing,Prophet,7.666667,13.097182689860677,test
2016-08-28 12:00:00,2016-08-28 13:00:00,h1,1,Beijing,Prophet,8.666667,10.62018598215871,test
2016-08-28 13:00:00,2016-08-28 14:00:00,h1,1,Beijing,Prophet,6.416667,12.744584723107344,test
2016-08-28 14:00:00,2016-08-28 15:00:00,h1,1,Beijing,Prophet,7.833333,9.993924147470945,test
2016-08-28 15:00:00,2016-08-28 16:00:00,h1,1,Beijing,Prophet,7.5,13.959351983819886,test
2016-08-28 16:00:00,2016-08-28 17:00:00,h1,1,Beijing,Prophet,8.875,12.345273953647595,test
2016-08-28 17:00:00,2016-08-28 18:00:00,h1,1,Beijing,Prophet,7.916667,15.153236318156104,test
2016-08-28 18:00:00,2016-08-28 19:00:00,h1,1,Beijing,Prophet,11.166667,16.08534466511418,test
2016-08-28 19:00:00,2016-08-28 20:00:00,h1,1,Beijing,Prophet,18.916667,23.09308141487108,test
2016-08-28 20:00:00,2016-08-28 21:00:00,h1,1,Beijing,Prophet,21.25,30.68646741062543,test
2016-08-28 21:00:00,2016-08-28 22:00:00,h1,1,Beijing,Prophet,21.083333,25.20743646125017,test
2016-08-28 22:00:00,2016-08-28 23:00:00,h1,1,Beijing,Prophet,23.333333,24.063873883107995,test
2016-08-28 23:00:00,2016-08-29 00:00:00,h1,1,Beijing,Prophet,20.0,27.02720784097653,test
2016-08-29 00:00:00,2016-08-29 01:00:00,h1,1,Beijing,Prophet,19.333333,24.14534800463785,test
2016-08-29 01:00:00,2016-08-29 02:00:00,h1,1,Beijing,Prophet,19.333333,25.6750898180622,test
2016-08-29 02:00:00,2016-08-29 03:00:00,h1,1,Beijing,Prophet,20.75,24.808677901808224,test
2016-08-29 03:00:00,2016-08-29 04:00:00,h1,1,Beijing,Prophet,19.416667,24.96466996138504,test
2016-08-29 04:00:00,2016-08-29 05:00:00,h1,1,Beijing,Prophet,14.166667,23.14360503231591,test
2016-08-29 05:00:00,2016-08-29 06:00:00,h1,1,Beijing,Prophet,13.166667,16.29448689386639,test
2016-08-29 06:00:00,2016-08-29 07:00:00,h1,1,Beijing,Prophet,14.083333,18.043746904558873,test
2016-08-29 07:00:00,2016-08-29 08:00:00,h1,1,Beijing,Prophet,14.25,21.17047750823217,test
2016-08-29 08:00:00,2016-08-29 09:00:00,h1,1,Beijing,Prophet,14.583333,20.10944896345966,test
2016-08-29 09:00:00,2016-08-29 10:00:00,h1,1,Beijing,Prophet,15.444444,20.29589280176279,test
2016-08-29 10:00:00,2016-08-29 11:00:00,h1,1,Beijing,Prophet,13.638889,19.972276697484716,test
2016-08-29 11:00:00,2016-08-29 12:00:00,h1,1,Beijing,Prophet,14.666667,17.395119217495537,test
2016-08-29 12:00:00,2016-08-29 13:00:00,h1,1,Beijing,Prophet,12.541667,19.289655935012004,test
2016-08-29 13:00:00,2016-08-29 14:00:00,h1,1,Beijing,Prophet,12.166667,17.031366198821466,test
2016-08-29 14:00:00,2016-08-29 15:00:00,h1,1,Beijing,Prophet,10.833333,17.521515042791705,test
2016-08-29 15:00:00,2016-08-29 16:00:00,h1,1,Beijing,Prophet,14.833333,16.781830436571294,test
2016-08-29 16:00:00,2016-08-29 17:00:00,h1,1,Beijing,Prophet,13.916667,23.229687484993836,test
2016-08-29 17:00:00,2016-08-29 18:00:00,h1,1,Beijing,Prophet,18.25,22.5591658407669,test
2016-08-29 18:00:00,2016-08-29 19:00:00,h1,1,Beijing,Prophet,19.583333,28.709009045402233,test
2016-08-29 19:00:00,2016-08-29 20:00:00,h1,1,Beijing,Prophet,23.25,29.99738127140131,test
2016-08-29 20:00:00,2016-08-29 21:00:00,h1,1,Beijing,Prophet,30.75,33.29127568611838,test
2016-08-29 21:00:00,2016-08-29 22:00:00,h1,1,Beijing,Prophet,31.416667,39.92823298625364,test
2016-08-29 22:00:00,2016-08-29 23:00:00,h1,1,Beijing,Prophet,29.583333,37.78584087485302,test
2016-08-29 23:00:00,2016-08-30 00:00:00,h1,1,Beijing,Prophet,31.583333,34.85446554809653,test
2016-08-30 00:00:00,2016-08-30 01:00:00,h1,1,Beijing,Prophet,32.916667,38.41648706690871,test
2016-08-30 01:00:00,2016-08-30 02:00:00,h1,1,Beijing,Prophet,32.833333,39.77321799632353,test
2016-08-30 02:00:00,2016-08-30 03:00:00,h1,1,Beijing,Prophet,32.166667,38.83635496490006,test
2016-08-30 03:00:00,2016-08-30 04:00:00,h1,1,Beijing,Prophet,31.5,35.999183143911054,test
2016-08-30 04:00:00,2016-08-30 05:00:00,h1,1,Beijing,Prophet,29.0,35.669551982000435,test
2016-08-30 05:00:00,2016-08-30 06:00:00,h1,1,Beijing,Prophet,23.416667,34.239069626201115,test
2016-08-30 06:00:00,2016-08-30 07:00:00,h1,1,Beijing,Prophet,21.583333,28.13679358940049,test
2016-08-30 07:00:00,2016-08-30 08:00:00,h1,1,Beijing,Prophet,21.416667,28.31514315035156,test
2016-08-30 08:00:00,2016-08-30 09:00:00,h1,1,Beijing,Prophet,22.833333,28.435743069328026,test
2016-08-30 09:00:00,2016-08-30 10:00:00,h1,1,Beijing,Prophet,23.25,29.64319043090945,test
2016-08-30 10:00:00,2016-08-30 11:00:00,h1,1,Beijing,Prophet,26.5,28.706382947213378,test
2016-08-30 11:00:00,2016-08-30 12:00:00,h1,1,Beijing,Prophet,25.583333,32.59389079230586,test
2016-08-30 12:00:00,2016-08-30 13:00:00,h1,1,Beijing,Prophet,26.833333,31.18192946230483,test
2016-08-30 13:00:00,2016-08-30 14:00:00,h1,1,Beijing,Prophet,27.416667,32.76775355063907,test
2016-08-30 14:00:00,2016-08-30 15:00:00,h1,1,Beijing,Prophet,28.5,33.412045276568804,test
2016-08-30 15:00:00,2016-08-30 16:00:00,h1,1,Beijing,Prophet,27.583333,34.82214286575642,test
2016-08-30 16:00:00,2016-08-30 17:00:00,h1,1,Beijing,Prophet,23.583333,32.858401933099245,test
2016-08-30 17:00:00,2016-08-30 18:00:00,h1,1,Beijing,Prophet,25.0,29.937063640571616,test
2016-08-30 18:00:00,2016-08-30 19:00:00,h1,1,Beijing,Prophet,31.75,33.75768347896342,test
2016-08-30 19:00:00,2016-08-30 20:00:00,h1,1,Beijing,Prophet,35.333333,42.27166007786824,test
2016-08-30 20:00:00,2016-08-30 21:00:00,h1,1,Beijing,Prophet,38.916667,44.183940029597245,test
2016-08-30 21:00:00,2016-08-30 22:00:00,h1,1,Beijing,Prophet,38.5,45.322529395634334,test
2016-08-30 22:00:00,2016-08-30 23:00:00,h1,1,Beijing,Prophet,42.0,42.38378236553203,test
2016-08-30 23:00:00,2016-08-31 00:00:00,h1,1,Beijing,Prophet,34.75,47.05237911710695,test
2016-08-31 00:00:00,2016-08-31 01:00:00,h1,1,Beijing,Prophet,33.5,37.49249775613685,test
2016-08-31 01:00:00,2016-08-31 02:00:00,h1,1,Beijing,Prophet,34.916667,38.15199082859602,test
2016-08-31 02:00:00,2016-08-31 03:00:00,h1,1,Beijing,Prophet,34.083333,40.12813112081388,test
2016-08-31 03:00:00,2016-08-31 04:00:00,h1,1,Beijing,Prophet,29.0,37.75652304678736,test
2016-08-31 04:00:00,2016-08-31 05:00:00,h1,1,Beijing,Prophet,22.416667,31.151252923743485,test
2016-08-31 05:00:00,2016-08-31 06:00:00,h1,1,Beijing,Prophet,21.5,24.738166150224366,test
2016-08-31 06:00:00,2016-08-31 07:00:00,h1,1,Beijing,Prophet,21.5,27.54034253819891,test
2016-08-31 07:00:00,2016-08-31 08:00:00,h1,1,Beijing,Prophet,20.0,28.744721113060876,test
2016-08-31 08:00:00,2016-08-31 09:00:00,h1,1,Beijing,Prophet,17.0,23.57139484380133,test
2016-08-31 09:00:00,2016-08-31 10:00:00,h1,1,Beijing,Prophet,16.25,18.651901734196386,test
2016-08-31 10:00:00,2016-08-31 11:00:00,h1,1,Beijing,Prophet,14.375,18.279434327795688,test
2016-08-31 11:00:00,2016-08-31 12:00:00,h1,1,Beijing,Prophet,10.0,14.981130977247432,test
2016-08-31 12:00:00,2016-08-31 13:00:00,h1,1,Beijing,Prophet,10.666667,10.85608131533613,test
2016-08-31 13:00:00,2016-08-31 14:00:00,h1,1,Beijing,Prophet,12.5,13.705589578122563,test
2016-08-31 14:00:00,2016-08-31 15:00:00,h1,1,Beijing,Prophet,9.75,14.080918301689287,test
2016-08-31 15:00:00,2016-08-31 16:00:00,h1,1,Beijing,Prophet,7.416667,9.66378762759122,test
2016-08-31 16:00:00,2016-08-31 17:00:00,h1,1,Beijing,Prophet,6.5,8.442173858272945,test
2016-08-31 17:00:00,2016-08-31 18:00:00,h1,1,Beijing,Prophet,7.75,8.529082476364518,test
2016-08-31 18:00:00,2016-08-31 19:00:00,h1,1,Beijing,Prophet,8.333333,11.525773398742125,test
2016-08-31 19:00:00,2016-08-31 20:00:00,h1,1,Beijing,Prophet,9.0,11.69434495254696,test
2016-08-31 20:00:00,2016-08-31 21:00:00,h1,1,Beijing,Prophet,7.916667,10.750009930975455,test
2016-08-31 21:00:00,2016-08-31 22:00:00,h1,1,Beijing,Prophet,6.583333,5.157446028343131,test
2016-08-31 22:00:00,2016-08-31 23:00:00,h1,1,Beijing,Prophet,7.166667,4.836083604126777,test
2016-08-31 23:00:00,2016-09-01 00:00:00,h1,1,Beijing,Prophet,9.916667,6.815077599015851,test
2016-09-01 00:00:00,2016-09-01 01:00:00,h1,1,Beijing,Prophet,7.583333,12.788503816042837,test
2016-09-01 01:00:00,2016-09-01 02:00:00,h1,1,Beijing,Prophet,6.666667,8.458239485289734,test
2016-09-01 02:00:00,2016-09-01 03:00:00,h1,1,Beijing,Prophet,9.416667,6.615197871434042,test
2016-09-01 03:00:00,2016-09-01 04:00:00,h1,1,Beijing,Prophet,8.666667,10.178971421339128,test
2016-09-01 04:00:00,2016-09-01 05:00:00,h1,1,Beijing,Prophet,8.25,8.538693900558048,test
2016-09-01 05:00:00,2016-09-01 06:00:00,h1,1,Beijing,Prophet,6.916667,7.614999881646497,test
2016-09-01 06:00:00,2016-09-01 07:00:00,h1,1,Beijing,Prophet,7.25,6.83418107617112,test
2016-09-01 07:00:00,2016-09-01 08:00:00,h1,1,Beijing,Prophet,6.083333,11.259041838603558,test
2016-09-01 08:00:00,2016-09-01 09:00:00,h1,1,Beijing,Prophet,6.333333,11.866213588263125,test
2016-09-01 09:00:00,2016-09-01 10:00:00,h1,1,Beijing,Prophet,7.083333,13.629168978933233,test
2016-09-01 10:00:00,2016-09-01 11:00:00,h1,1,Beijing,Prophet,4.916667,11.745835750027801,test
2016-09-01 11:00:00,2016-09-01 12:00:00,h1,1,Beijing,Prophet,5.5,9.548880041918896,test
2016-09-01 12:00:00,2016-09-01 13:00:00,h1,1,Beijing,Prophet,6.166667,11.728073247403898,test
2016-09-01 13:00:00,2016-09-01 14:00:00,h1,1,Beijing,Prophet,5.0,13.27091989597384,test
2016-09-01 14:00:00,2016-09-01 15:00:00,h1,1,Beijing,Prophet,5.5,11.83646888232419,test
2016-09-01 15:00:00,2016-09-01 16:00:00,h1,1,Beijing,Prophet,5.583333,14.4219577396637,test
2016-09-01 16:00:00,2016-09-01 17:00:00,h1,1,Beijing,Prophet,7.083333,14.720405759403778,test
2016-09-01 17:00:00,2016-09-01 18:00:00,h1,1,Beijing,Prophet,6.75,16.538024322166116,test
2016-09-01 18:00:00,2016-09-01 19:00:00,h1,1,Beijing,Prophet,8.916667,17.041832651942123,test
2016-09-01 19:00:00,2016-09-01 20:00:00,h1,1,Beijing,Prophet,11.833333,19.538414192458195,test
2016-09-01 20:00:00,2016-09-01 21:00:00,h1,1,Beijing,Prophet,8.166667,20.73856235074889,test
2016-09-01 21:00:00,2016-09-01 22:00:00,h1,1,Beijing,Prophet,7.5,12.545397471101612,test
2016-09-01 22:00:00,2016-09-01 23:00:00,h1,1,Beijing,Prophet,11.833333,13.356445882724966,test
2016-09-01 23:00:00,2016-09-02 00:00:00,h1,1,Beijing,Prophet,13.25,18.699674204039766,test
2016-09-02 00:00:00,2016-09-02 01:00:00,h1,1,Beijing,Prophet,15.083333,19.662486107009585,test
2016-09-02 01:00:00,2016-09-02 02:00:00,h1,1,Beijing,Prophet,15.5,21.83408430862288,test
2016-09-02 02:00:00,2016-09-02 03:00:00,h1,1,Beijing,Prophet,16.833333,22.14982125045313,test
2016-09-02 03:00:00,2016-09-02 04:00:00,h1,1,Beijing,Prophet,17.0,22.667064365451882,test
2016-09-02 04:00:00,2016-09-02 05:00:00,h1,1,Beijing,Prophet,15.666667,22.212741215732237,test
2016-09-02 05:00:00,2016-09-02 06:00:00,h1,1,Beijing,Prophet,15.0,20.850283845538858,test
2016-09-02 06:00:00,2016-09-02 07:00:00,h1,1,Beijing,Prophet,13.416667,21.759953303748574,test
2016-09-02 07:00:00,2016-09-02 08:00:00,h1,1,Beijing,Prophet,14.5,21.8327078575733,test
2016-09-02 08:00:00,2016-09-02 09:00:00,h1,1,Beijing,Prophet,12.166667,24.604057752523357,test
2016-09-02 09:00:00,2016-09-02 10:00:00,h1,1,Beijing,Prophet,10.75,18.768515019370973,test
2016-09-02 10:00:00,2016-09-02 11:00:00,h1,1,Beijing,Prophet,10.333333,17.537230376645017,test
2016-09-02 11:00:00,2016-09-02 12:00:00,h1,1,Beijing,Prophet,7.583333,17.931633832918763,test
2016-09-02 12:00:00,2016-09-02 13:00:00,h1,1,Beijing,Prophet,9.666667,14.02694063642264,test
2016-09-02 13:00:00,2016-09-02 14:00:00,h1,1,Beijing,Prophet,10.333333,18.20348815531627,test
2016-09-02 14:00:00,2016-09-02 15:00:00,h1,1,Beijing,Prophet,8.75,18.9140903971719,test
2016-09-02 15:00:00,2016-09-02 16:00:00,h1,1,Beijing,Prophet,9.5,17.063327288158657,test
2016-09-02 16:00:00,2016-09-02 17:00:00,h1,1,Beijing,Prophet,9.166667,19.30832829913595,test
2016-09-02 17:00:00,2016-09-02 18:00:00,h1,1,Beijing,Prophet,9.083333,19.12477884548235,test
2016-09-02 18:00:00,2016-09-02 19:00:00,h1,1,Beijing,Prophet,8.833333,20.28456401672061,test
2016-09-02 19:00:00,2016-09-02 20:00:00,h1,1,Beijing,Prophet,9.5,17.377314667234657,test
2016-09-02 20:00:00,2016-09-02 21:00:00,h1,1,Beijing,Prophet,8.333333,18.06056770036423,test
2016-09-02 21:00:00,2016-09-02 22:00:00,h1,1,Beijing,Prophet,10.583333,13.78714901485003,test
2016-09-02 22:00:00,2016-09-02 23:00:00,h1,1,Beijing,Prophet,10.916667,15.54416750448214,test
2016-09-02 23:00:00,2016-09-03 00:00:00,h1,1,Beijing,Prophet,9.916667,17.945377098485956,test
2016-09-03 00:00:00,2016-09-03 01:00:00,h1,1,Beijing,Prophet,9.666667,14.720710704681366,test
2016-09-03 01:00:00,2016-09-03 02:00:00,h1,1,Beijing,Prophet,9.25,16.934679264299263,test
2016-09-03 02:00:00,2016-09-03 03:00:00,h1,1,Beijing,Prophet,9.25,13.643822163487258,test
2016-09-03 03:00:00,2016-09-03 04:00:00,h1,1,Beijing,Prophet,10.0,13.0653604240442,test
2016-09-03 04:00:00,2016-09-03 05:00:00,h1,1,Beijing,Prophet,10.25,15.729070424848643,test
2016-09-03 05:00:00,2016-09-03 06:00:00,h1,1,Beijing,Prophet,11.5,17.59502666457245,test
2016-09-03 06:00:00,2016-09-03 07:00:00,h1,1,Beijing,Prophet,12.666667,20.46787834041724,test
2016-09-03 07:00:00,2016-09-03 08:00:00,h1,1,Beijing,Prophet,13.333333,23.4964975797317,test
2016-09-03 08:00:00,2016-09-03 09:00:00,h1,1,Beijing,Prophet,15.666667,22.12574618520089,test
2016-09-03 09:00:00,2016-09-03 10:00:00,h1,1,Beijing,Prophet,11.916667,24.81073390416758,test
2016-09-03 10:00:00,2016-09-03 11:00:00,h1,1,Beijing,Prophet,12.583333,18.53277941422338,test
2016-09-03 11:00:00,2016-09-03 12:00:00,h1,1,Beijing,Prophet,12.5,20.648635463740273,test
2016-09-03 12:00:00,2016-09-03 13:00:00,h1,1,Beijing,Prophet,15.666667,20.539827955368455,test
2016-09-03 13:00:00,2016-09-03 14:00:00,h1,1,Beijing,Prophet,19.25,24.56207961841589,test
2016-09-03 14:00:00,2016-09-03 15:00:00,h1,1,Beijing,Prophet,20.833333,28.138114394505386,test
2016-09-03 15:00:00,2016-09-03 16:00:00,h1,1,Beijing,Prophet,20.75,29.526068045039665,test
2016-09-03 16:00:00,2016-09-03 17:00:00,h1,1,Beijing,Prophet,23.083333,29.04339936185743,test
2016-09-03 17:00:00,2016-09-03 18:00:00,h1,1,Beijing,Prophet,25.0,32.58467325857492,test
2016-09-03 18:00:00,2016-09-03 19:00:00,h1,1,Beijing,Prophet,26.833333,35.269272303803625,test
2016-09-03 19:00:00,2016-09-03 20:00:00,h1,1,Beijing,Prophet,30.916667,36.73091190893208,test
2016-09-03 20:00:00,2016-09-03 21:00:00,h1,1,Beijing,Prophet,36.25,40.7419277727492,test
2016-09-03 21:00:00,2016-09-03 22:00:00,h1,1,Beijing,Prophet,42.583333,44.06699609907781,test
2016-09-03 22:00:00,2016-09-03 23:00:00,h1,1,Beijing,Prophet,42.083333,49.44819271236054,test
2016-09-03 23:00:00,2016-09-04 00:00:00,h1,1,Beijing,Prophet,34.416667,46.66924267101878,test
2016-09-05 00:00:00,2016-09-05 01:00:00,h1,1,Beijing,Prophet,29.416667,39.7470741260546,test
2016-09-05 01:00:00,2016-09-05 02:00:00,h1,1,Beijing,Prophet,31.0,32.22265286046975,test
2016-09-05 02:00:00,2016-09-05 03:00:00,h1,1,Beijing,Prophet,30.083333,36.5619095704468,test
2016-09-05 03:00:00,2016-09-05 04:00:00,h1,1,Beijing,Prophet,30.166667,35.20330773014766,test
2016-09-05 04:00:00,2016-09-05 05:00:00,h1,1,Beijing,Prophet,29.25,35.44443857956588,test
2016-09-05 05:00:00,2016-09-05 06:00:00,h1,1,Beijing,Prophet,33.5,34.40209142724408,test
2016-09-05 06:00:00,2016-09-05 07:00:00,h1,1,Beijing,Prophet,38.666667,41.193487560250865,test
2016-09-05 07:00:00,2016-09-05 08:00:00,h1,1,Beijing,Prophet,37.25,48.67435296551954,test
2016-09-05 08:00:00,2016-09-05 09:00:00,h1,1,Beijing,Prophet,36.916667,44.82736735039711,test
2016-09-05 09:00:00,2016-09-05 10:00:00,h1,1,Beijing,Prophet,39.666667,44.35516413055974,test
2016-09-05 10:00:00,2016-09-05 11:00:00,h1,1,Beijing,Prophet,34.388889,46.98264738817698,test
2016-09-05 11:00:00,2016-09-05 12:00:00,h1,1,Beijing,Prophet,21.833333,38.863007600002994,test
2016-09-05 12:00:00,2016-09-05 13:00:00,h1,1,Beijing,Prophet,16.277778,23.820630333711367,test
2016-09-05 13:00:00,2016-09-05 14:00:00,h1,1,Beijing,Prophet,10.666667,20.329943441138663,test
2016-09-05 14:00:00,2016-09-05 15:00:00,h1,1,Beijing,Prophet,11.5,15.978310107573588,test
2016-09-05 15:00:00,2016-09-05 16:00:00,h1,1,Beijing,Prophet,10.333333,19.365729205311695,test
2016-09-05 16:00:00,2016-09-05 17:00:00,h1,1,Beijing,Prophet,8.916667,17.79421604520918,test
2016-09-05 17:00:00,2016-09-05 18:00:00,h1,1,Beijing,Prophet,12.958333,17.39493514026094,test
2016-09-05 18:00:00,2016-09-05 19:00:00,h1,1,Beijing,Prophet,20.5,24.548936387937836,test
2016-09-05 19:00:00,2016-09-05 20:00:00,h1,1,Beijing,Prophet,32.083333,35.97915268529463,test
2016-09-05 20:00:00,2016-09-05 21:00:00,h1,1,Beijing,Prophet,38.0,47.609076378367746,test
2016-09-05 21:00:00,2016-09-05 22:00:00,h1,1,Beijing,Prophet,37.833333,46.18562179603446,test
2016-09-05 22:00:00,2016-09-05 23:00:00,h1,1,Beijing,Prophet,35.5,43.046340809218464,test
2016-09-05 23:00:00,2016-09-06 00:00:00,h1,1,Beijing,Prophet,20.166667,40.24755154183719,test
2016-09-08 00:00:00,2016-09-08 01:00:00,h1,1,Beijing,Prophet,21.166667,23.475675244990885,test
2016-09-08 01:00:00,2016-09-08 02:00:00,h1,1,Beijing,Prophet,19.833333,35.15810794531324,test
2016-09-08 02:00:00,2016-09-08 03:00:00,h1,1,Beijing,Prophet,21.0,27.504978742048557,test
2016-09-08 03:00:00,2016-09-08 04:00:00,h1,1,Beijing,Prophet,21.833333,27.926451661223055,test
2016-09-08 04:00:00,2016-09-08 05:00:00,h1,1,Beijing,Prophet,21.166667,28.43213592821694,test
2016-09-08 05:00:00,2016-09-08 06:00:00,h1,1,Beijing,Prophet,20.833333,28.077198480109793,test
2016-09-08 06:00:00,2016-09-08 07:00:00,h1,1,Beijing,Prophet,22.166667,26.2575509950847,test
2016-09-08 07:00:00,2016-09-08 08:00:00,h1,1,Beijing,Prophet,24.0,31.780901816737988,test
2016-09-08 08:00:00,2016-09-08 09:00:00,h1,1,Beijing,Prophet,25.0,33.42747401761385,test
2016-09-08 09:00:00,2016-09-08 10:00:00,h1,1,Beijing,Prophet,23.75,33.25636465094141,test
2016-09-08 10:00:00,2016-09-08 11:00:00,h1,1,Beijing,Prophet,23.716667,30.128057250843632,test
2016-09-08 11:00:00,2016-09-08 12:00:00,h1,1,Beijing,Prophet,19.016667,28.455179434577623,test
2016-09-08 12:00:00,2016-09-08 13:00:00,h1,1,Beijing,Prophet,16.816667,23.506064351474272,test
2016-09-08 13:00:00,2016-09-08 14:00:00,h1,1,Beijing,Prophet,13.783333,22.442815185498013,test
2016-09-08 14:00:00,2016-09-08 15:00:00,h1,1,Beijing,Prophet,9.083333,18.437949456968237,test
2016-09-08 15:00:00,2016-09-08 16:00:00,h1,1,Beijing,Prophet,12.166667,12.74461715549252,test
2016-09-08 16:00:00,2016-09-08 17:00:00,h1,1,Beijing,Prophet,13.25,18.347269176867567,test
2016-09-08 17:00:00,2016-09-08 18:00:00,h1,1,Beijing,Prophet,15.333333,20.25658755864151,test
2016-09-08 18:00:00,2016-09-08 19:00:00,h1,1,Beijing,Prophet,19.666667,25.673617876910086,test
2016-09-08 19:00:00,2016-09-08 20:00:00,h1,1,Beijing,Prophet,24.25,31.764145342626886,test
2016-09-08 20:00:00,2016-09-08 21:00:00,h1,1,Beijing,Prophet,27.833333,35.23574754461204,test
2016-09-08 21:00:00,2016-09-08 22:00:00,h1,1,Beijing,Prophet,31.416667,36.48907659142999,test
2016-09-08 22:00:00,2016-09-08 23:00:00,h1,1,Beijing,Prophet,29.75,39.06196825826677,test
2016-09-08 23:00:00,2016-09-09 00:00:00,h1,1,Beijing,Prophet,27.416667,33.61569751470673,test
2016-09-09 00:00:00,2016-09-09 01:00:00,h1,1,Beijing,Prophet,26.333333,33.17477220805639,test
2016-09-09 01:00:00,2016-09-09 02:00:00,h1,1,Beijing,Prophet,25.416667,33.33647445220369,test
2016-09-09 02:00:00,2016-09-09 03:00:00,h1,1,Beijing,Prophet,24.583333,32.20959031222103,test
2016-09-09 03:00:00,2016-09-09 04:00:00,h1,1,Beijing,Prophet,19.833333,29.96948966431098,test
2016-09-09 04:00:00,2016-09-09 05:00:00,h1,1,Beijing,Prophet,17.583333,23.181561854917618,test
2016-09-09 05:00:00,2016-09-09 06:00:00,h1,1,Beijing,Prophet,17.75,21.989182935558954,test
2016-09-09 06:00:00,2016-09-09 07:00:00,h1,1,Beijing,Prophet,19.916667,24.256974882075376,test
2016-09-09 07:00:00,2016-09-09 08:00:00,h1,1,Beijing,Prophet,20.916667,28.94606256710523,test
2016-09-09 08:00:00,2016-09-09 09:00:00,h1,1,Beijing,Prophet,19.25,27.867448370023364,test
2016-09-09 09:00:00,2016-09-09 10:00:00,h1,1,Beijing,Prophet,18.75,24.702710573412766,test
2016-09-09 10:00:00,2016-09-09 11:00:00,h1,1,Beijing,Prophet,13.666667,23.253070675661093,test
2016-09-09 11:00:00,2016-09-09 12:00:00,h1,1,Beijing,Prophet,9.833333,16.677564232266597,test
2016-09-09 12:00:00,2016-09-09 13:00:00,h1,1,Beijing,Prophet,10.416667,13.94938374327689,test
2016-09-09 13:00:00,2016-09-09 14:00:00,h1,1,Beijing,Prophet,9.416667,18.14704204101471,test
2016-09-09 14:00:00,2016-09-09 15:00:00,h1,1,Beijing,Prophet,8.833333,15.642200776986414,test
2016-09-09 15:00:00,2016-09-09 16:00:00,h1,1,Beijing,Prophet,9.666667,14.9836066233321,test
2016-09-09 16:00:00,2016-09-09 17:00:00,h1,1,Beijing,Prophet,10.666667,16.772049863803822,test
2016-09-09 17:00:00,2016-09-09 18:00:00,h1,1,Beijing,Prophet,11.333333,19.902814305653397,test
2016-09-09 18:00:00,2016-09-09 19:00:00,h1,1,Beijing,Prophet,16.333333,22.160232717261298,test
2016-09-09 19:00:00,2016-09-09 20:00:00,h1,1,Beijing,Prophet,21.625,29.945509460217473,test
2016-09-09 20:00:00,2016-09-09 21:00:00,h1,1,Beijing,Prophet,24.416667,34.99797796066459,test
2016-09-09 21:00:00,2016-09-09 22:00:00,h1,1,Beijing,Prophet,25.5,32.69190011402892,test
2016-09-09 22:00:00,2016-09-09 23:00:00,h1,1,Beijing,Prophet,23.166667,32.0407862888542,test
2016-09-09 23:00:00,2016-09-10 00:00:00,h1,1,Beijing,Prophet,20.916667,29.331808495514235,test
2016-09-10 00:00:00,2016-09-10 01:00:00,h1,1,Beijing,Prophet,16.083333,25.204639136310803,test
2016-09-10 01:00:00,2016-09-10 02:00:00,h1,1,Beijing,Prophet,12.75,18.80156826912895,test
2016-09-10 02:00:00,2016-09-10 03:00:00,h1,1,Beijing,Prophet,12.083333,17.50492313878689,test
2016-09-10 03:00:00,2016-09-10 04:00:00,h1,1,Beijing,Prophet,11.25,16.69737622410637,test
2016-09-10 04:00:00,2016-09-10 05:00:00,h1,1,Beijing,Prophet,9.666667,15.628318041642025,test
2016-09-10 05:00:00,2016-09-10 06:00:00,h1,1,Beijing,Prophet,10.666667,14.808566932229265,test
2016-09-10 06:00:00,2016-09-10 07:00:00,h1,1,Beijing,Prophet,10.25,17.165496779928628,test
2016-09-10 07:00:00,2016-09-10 08:00:00,h1,1,Beijing,Prophet,9.833333,18.577868848914232,test
2016-09-10 08:00:00,2016-09-10 09:00:00,h1,1,Beijing,Prophet,11.083333,16.73494175055384,test
2016-09-10 09:00:00,2016-09-10 10:00:00,h1,1,Beijing,Prophet,13.5,17.97764395481228,test
2016-09-10 10:00:00,2016-09-10 11:00:00,h1,1,Beijing,Prophet,11.583333,19.81602132168912,test
2016-09-10 11:00:00,2016-09-10 12:00:00,h1,1,Beijing,Prophet,9.75,16.850532095809697,test
2016-09-10 12:00:00,2016-09-10 13:00:00,h1,1,Beijing,Prophet,7.916667,15.539782645802298,test
2016-09-10 13:00:00,2016-09-10 14:00:00,h1,1,Beijing,Prophet,9.916667,14.814916287909398,test
2016-09-10 14:00:00,2016-09-10 15:00:00,h1,1,Beijing,Prophet,11.5,18.7238404446897,test
2016-09-10 15:00:00,2016-09-10 16:00:00,h1,1,Beijing,Prophet,10.0,19.458308065516864,test
2016-09-10 16:00:00,2016-09-10 17:00:00,h1,1,Beijing,Prophet,15.166667,17.686728949814132,test
2016-09-10 17:00:00,2016-09-10 18:00:00,h1,1,Beijing,Prophet,17.166667,25.476377499306352,test
2016-09-10 18:00:00,2016-09-10 19:00:00,h1,1,Beijing,Prophet,21.583333,28.11392106617607,test
2016-09-10 19:00:00,2016-09-10 20:00:00,h1,1,Beijing,Prophet,25.75,33.46572811028754,test
2016-09-10 20:00:00,2016-09-10 21:00:00,h1,1,Beijing,Prophet,31.166667,35.441864796913094,test
2016-09-10 21:00:00,2016-09-10 22:00:00,h1,1,Beijing,Prophet,32.5,39.51685013871951,test
2016-09-10 22:00:00,2016-09-10 23:00:00,h1,1,Beijing,Prophet,36.25,38.86567792543044,test
2016-09-10 23:00:00,2016-09-11 00:00:00,h1,1,Beijing,Prophet,47.333333,41.957653897252065,test
2016-09-11 00:00:00,2016-09-11 01:00:00,h1,1,Beijing,Prophet,72.083333,55.09050340198577,test
2016-09-11 01:00:00,2016-09-11 02:00:00,h1,1,Beijing,Prophet,85.083333,82.62553508339485,test
2016-09-11 02:00:00,2016-09-11 03:00:00,h1,1,Beijing,Prophet,53.583333,87.28776640191285,test
2016-09-11 03:00:00,2016-09-11 04:00:00,h1,1,Beijing,Prophet,23.25,0.0,test
2016-09-11 04:00:00,2016-09-11 05:00:00,h1,1,Beijing,Prophet,20.333333,14.003906322247985,test
2016-09-11 05:00:00,2016-09-11 06:00:00,h1,1,Beijing,Prophet,24.25,23.28750593143877,test
2016-09-11 06:00:00,2016-09-11 07:00:00,h1,1,Beijing,Prophet,29.25,29.787662397851037,test
2016-09-11 07:00:00,2016-09-11 08:00:00,h1,1,Beijing,Prophet,29.583333,37.73112981420532,test
2016-09-11 08:00:00,2016-09-11 09:00:00,h1,1,Beijing,Prophet,28.666667,39.176096983186746,test
2016-09-11 09:00:00,2016-09-11 10:00:00,h1,1,Beijing,Prophet,25.0,37.62353801336049,test
2016-09-11 10:00:00,2016-09-11 11:00:00,h1,1,Beijing,Prophet,21.0,31.689810732097826,test
2016-09-11 11:00:00,2016-09-11 12:00:00,h1,1,Beijing,Prophet,20.166667,27.00737280354015,test
2016-09-11 12:00:00,2016-09-11 13:00:00,h1,1,Beijing,Prophet,19.75,27.015371194394152,test
2016-09-11 13:00:00,2016-09-11 14:00:00,h1,1,Beijing,Prophet,20.166667,27.520271185811197,test
2016-09-11 14:00:00,2016-09-11 15:00:00,h1,1,Beijing,Prophet,23.25,28.590538452310607,test
2016-09-11 15:00:00,2016-09-11 16:00:00,h1,1,Beijing,Prophet,24.083333,33.86484824120263,test
2016-09-11 16:00:00,2016-09-11 17:00:00,h1,1,Beijing,Prophet,26.5,32.2709796833629,test
2016-09-11 17:00:00,2016-09-11 18:00:00,h1,1,Beijing,Prophet,28.166667,35.579957411883356,test
2016-09-11 18:00:00,2016-09-11 19:00:00,h1,1,Beijing,Prophet,30.833333,38.449268181752686,test
2016-09-11 19:00:00,2016-09-11 20:00:00,h1,1,Beijing,Prophet,34.166667,41.03363165984921,test
2016-09-11 20:00:00,2016-09-11 21:00:00,h1,1,Beijing,Prophet,32.0,45.21792084905236,test
2016-09-11 21:00:00,2016-09-11 22:00:00,h1,1,Beijing,Prophet,30.083333,39.642772917959945,test
2016-09-11 22:00:00,2016-09-11 23:00:00,h1,1,Beijing,Prophet,27.083333,36.663124411064366,test
2016-09-11 23:00:00,2016-09-12 00:00:00,h1,1,Beijing,Prophet,50.833333,32.84453465692629,test
2016-09-13 00:00:00,2016-09-13 01:00:00,h1,1,Beijing,Prophet,49.916667,61.93267300023018,test
2016-09-13 01:00:00,2016-09-13 02:00:00,h1,1,Beijing,Prophet,54.5,53.43469823174878,test
2016-09-13 02:00:00,2016-09-13 03:00:00,h1,1,Beijing,Prophet,59.333333,61.401786766163625,test
2016-09-13 03:00:00,2016-09-13 04:00:00,h1,1,Beijing,Prophet,60.916667,66.02612508114233,test
2016-09-13 04:00:00,2016-09-13 05:00:00,h1,1,Beijing,Prophet,63.583333,66.41370556399069,test
2016-09-13 05:00:00,2016-09-13 06:00:00,h1,1,Beijing,Prophet,63.083333,69.7399712540431,test
2016-09-13 06:00:00,2016-09-13 07:00:00,h1,1,Beijing,Prophet,67.083333,69.56767239542881,test
2016-09-13 07:00:00,2016-09-13 08:00:00,h1,1,Beijing,Prophet,79.666667,76.37606933292588,test
2016-09-13 08:00:00,2016-09-13 09:00:00,h1,1,Beijing,Prophet,98.0,91.18000471596025,test
2016-09-13 09:00:00,2016-09-13 10:00:00,h1,1,Beijing,Prophet,109.416667,110.2885801134571,test
2016-09-13 10:00:00,2016-09-13 11:00:00,h1,1,Beijing,Prophet,117.166667,118.35266072263153,test
2016-09-13 11:00:00,2016-09-13 12:00:00,h1,1,Beijing,Prophet,121.416667,124.95999701472277,test
2016-09-13 12:00:00,2016-09-13 13:00:00,h1,1,Beijing,Prophet,125.916667,127.65408374402097,test
2016-09-13 13:00:00,2016-09-13 14:00:00,h1,1,Beijing,Prophet,115.25,130.9160423728157,test
2016-09-13 14:00:00,2016-09-13 15:00:00,h1,1,Beijing,Prophet,109.666667,116.11688132540931,test
2016-09-13 15:00:00,2016-09-13 16:00:00,h1,1,Beijing,Prophet,100.75,113.20839910186105,test
2016-09-13 16:00:00,2016-09-13 17:00:00,h1,1,Beijing,Prophet,97.666667,101.0188627504686,test
2016-09-13 17:00:00,2016-09-13 18:00:00,h1,1,Beijing,Prophet,88.0,100.49663430661556,test
2016-09-13 18:00:00,2016-09-13 19:00:00,h1,1,Beijing,Prophet,84.666667,90.94370830733196,test
2016-09-13 19:00:00,2016-09-13 20:00:00,h1,1,Beijing,Prophet,85.666667,91.3227411986091,test
2016-09-13 20:00:00,2016-09-13 21:00:00,h1,1,Beijing,Prophet,89.25,94.21691484806956,test
2016-09-13 21:00:00,2016-09-13 22:00:00,h1,1,Beijing,Prophet,94.083333,96.25860204041493,test
2016-09-13 22:00:00,2016-09-13 23:00:00,h1,1,Beijing,Prophet,96.0,98.94270978169428,test
2016-09-13 23:00:00,2016-09-14 00:00:00,h1,1,Beijing,Prophet,54.166667,100.60923922046314,test
2016-09-17 00:00:00,2016-09-17 01:00:00,h1,1,Beijing,Prophet,62.833333,44.7077189611776,test
2016-09-17 01:00:00,2016-09-17 02:00:00,h1,1,Beijing,Prophet,66.0,72.93502208304507,test
2016-09-17 02:00:00,2016-09-17 03:00:00,h1,1,Beijing,Prophet,64.583333,72.88970272894063,test
2016-09-17 03:00:00,2016-09-17 04:00:00,h1,1,Beijing,Prophet,62.5,70.00304556764117,test
2016-09-17 04:00:00,2016-09-17 05:00:00,h1,1,Beijing,Prophet,64.25,66.40617918539203,test
2016-09-17 05:00:00,2016-09-17 06:00:00,h1,1,Beijing,Prophet,68.166667,69.70375878850263,test
2016-09-17 06:00:00,2016-09-17 07:00:00,h1,1,Beijing,Prophet,67.333333,75.31330335604667,test
2016-09-17 07:00:00,2016-09-17 08:00:00,h1,1,Beijing,Prophet,49.166667,75.14389283077728,test
2016-09-17 08:00:00,2016-09-17 09:00:00,h1,1,Beijing,Prophet,37.583333,52.74406628145182,test
2016-09-17 09:00:00,2016-09-17 10:00:00,h1,1,Beijing,Prophet,36.666667,43.227064619535945,test
2016-09-17 10:00:00,2016-09-17 11:00:00,h1,1,Beijing,Prophet,34.416667,44.506758001771665,test
2016-09-17 11:00:00,2016-09-17 12:00:00,h1,1,Beijing,Prophet,29.583333,41.75362826279111,test
2016-09-17 12:00:00,2016-09-17 13:00:00,h1,1,Beijing,Prophet,26.083333,37.01021094179845,test
2016-09-17 13:00:00,2016-09-17 14:00:00,h1,1,Beijing,Prophet,24.5,33.73332697114872,test
2016-09-17 14:00:00,2016-09-17 15:00:00,h1,1,Beijing,Prophet,23.25,33.43620546518723,test
2016-09-17 15:00:00,2016-09-17 16:00:00,h1,1,Beijing,Prophet,26.083333,33.40293986282239,test
2016-09-17 16:00:00,2016-09-17 17:00:00,h1,1,Beijing,Prophet,28.75,37.052294810996976,test
2016-09-17 17:00:00,2016-09-17 18:00:00,h1,1,Beijing,Prophet,27.25,40.28805191370187,test
2016-09-17 18:00:00,2016-09-17 19:00:00,h1,1,Beijing,Prophet,28.833333,39.079391897423974,test
2016-09-17 19:00:00,2016-09-17 20:00:00,h1,1,Beijing,Prophet,28.166667,41.01201368497521,test
2016-09-17 20:00:00,2016-09-17 21:00:00,h1,1,Beijing,Prophet,28.333333,31.02673493355703,test
2016-09-17 21:00:00,2016-09-17 22:00:00,h1,1,Beijing,Prophet,28.75,27.961213672769517,test
2016-09-17 22:00:00,2016-09-17 23:00:00,h1,1,Beijing,Prophet,28.916667,30.312964096555355,test
2016-09-17 23:00:00,2016-09-18 00:00:00,h1,1,Beijing,Prophet,92.833333,30.012664464594828,test
2016-09-22 00:00:00,2016-09-22 01:00:00,h1,1,Beijing,Prophet,95.5,113.56384894763792,test
2016-09-22 01:00:00,2016-09-22 02:00:00,h1,1,Beijing,Prophet,95.166667,102.70896119472664,test
2016-09-22 02:00:00,2016-09-22 03:00:00,h1,1,Beijing,Prophet,92.041667,98.84860717474876,test
2016-09-22 03:00:00,2016-09-22 04:00:00,h1,1,Beijing,Prophet,88.416667,92.94520859521106,test
2016-09-22 04:00:00,2016-09-22 05:00:00,h1,1,Beijing,Prophet,84.666667,91.09123920859933,test
2016-09-22 05:00:00,2016-09-22 06:00:00,h1,1,Beijing,Prophet,85.833333,86.84950440170007,test
2016-09-22 06:00:00,2016-09-22 07:00:00,h1,1,Beijing,Prophet,85.333333,88.73390873064616,test
2016-09-22 07:00:00,2016-09-22 08:00:00,h1,1,Beijing,Prophet,86.583333,89.24952758588128,test
2016-09-22 08:00:00,2016-09-22 09:00:00,h1,1,Beijing,Prophet,82.986111,91.67324701089885,test
2016-09-22 09:00:00,2016-09-22 10:00:00,h1,1,Beijing,Prophet,80.638889,83.28711692010182,test
2016-09-22 10:00:00,2016-09-22 11:00:00,h1,1,Beijing,Prophet,84.841667,79.39206720684047,test
2016-09-22 11:00:00,2016-09-22 12:00:00,h1,1,Beijing,Prophet,88.6,88.0734799376253,test
2016-09-22 12:00:00,2016-09-22 13:00:00,h1,1,Beijing,Prophet,97.316667,93.5193244213576,test
2016-09-22 13:00:00,2016-09-22 14:00:00,h1,1,Beijing,Prophet,100.95,104.63350051743234,test
2016-09-22 14:00:00,2016-09-22 15:00:00,h1,1,Beijing,Prophet,103.083333,104.97057872469593,test
2016-09-22 15:00:00,2016-09-22 16:00:00,h1,1,Beijing,Prophet,109.666667,108.93368816762435,test
2016-09-22 16:00:00,2016-09-22 17:00:00,h1,1,Beijing,Prophet,115.583333,117.40425867299089,test
2016-09-22 17:00:00,2016-09-22 18:00:00,h1,1,Beijing,Prophet,116.166667,124.77429588889686,test
2016-09-22 18:00:00,2016-09-22 19:00:00,h1,1,Beijing,Prophet,117.75,126.4418630371631,test
2016-09-22 19:00:00,2016-09-22 20:00:00,h1,1,Beijing,Prophet,122.666667,125.66994850278576,test
2016-09-22 20:00:00,2016-09-22 21:00:00,h1,1,Beijing,Prophet,123.916667,131.35563695634474,test
2016-09-22 21:00:00,2016-09-22 22:00:00,h1,1,Beijing,Prophet,126.791667,129.30554242353423,test
2016-09-22 22:00:00,2016-09-22 23:00:00,h1,1,Beijing,Prophet,126.333333,128.64180305811192,test
2016-09-22 23:00:00,2016-09-23 00:00:00,h1,1,Beijing,Prophet,156.083333,125.23542682867543,test
2016-09-24 00:00:00,2016-09-24 01:00:00,h1,1,Beijing,Prophet,137.75,156.72132297372843,test
2016-09-24 01:00:00,2016-09-24 02:00:00,h1,1,Beijing,Prophet,77.916667,131.64020623587697,test
2016-09-24 02:00:00,2016-09-24 03:00:00,h1,1,Beijing,Prophet,35.083333,57.33345049680827,test
2016-09-24 03:00:00,2016-09-24 04:00:00,h1,1,Beijing,Prophet,34.5,21.888577221350634,test
2016-09-24 04:00:00,2016-09-24 05:00:00,h1,1,Beijing,Prophet,32.5,39.83950416848443,test
2016-09-24 05:00:00,2016-09-24 06:00:00,h1,1,Beijing,Prophet,30.666667,39.183202776035635,test
2016-09-24 06:00:00,2016-09-24 07:00:00,h1,1,Beijing,Prophet,30.666667,38.49347298153192,test
2016-09-24 07:00:00,2016-09-24 08:00:00,h1,1,Beijing,Prophet,32.666667,37.29464390343949,test
2016-09-24 08:00:00,2016-09-24 09:00:00,h1,1,Beijing,Prophet,42.916667,43.318983299516596,test
2016-09-24 09:00:00,2016-09-24 10:00:00,h1,1,Beijing,Prophet,49.666667,53.39946590472491,test
2016-09-24 10:00:00,2016-09-24 11:00:00,h1,1,Beijing,Prophet,63.666667,59.02840702460972,test
2016-09-24 11:00:00,2016-09-24 12:00:00,h1,1,Beijing,Prophet,87.166667,74.6484304709953,test
2016-09-24 12:00:00,2016-09-24 13:00:00,h1,1,Beijing,Prophet,108.625,100.22412694296327,test
2016-09-24 13:00:00,2016-09-24 14:00:00,h1,1,Beijing,Prophet,128.583333,121.0017245393137,test
2016-09-24 14:00:00,2016-09-24 15:00:00,h1,1,Beijing,Prophet,142.416667,139.09007421743905,test
2016-09-24 15:00:00,2016-09-24 16:00:00,h1,1,Beijing,Prophet,153.583333,148.57362734956743,test
2016-09-24 16:00:00,2016-09-24 17:00:00,h1,1,Beijing,Prophet,164.666667,159.4277445755417,test
2016-09-24 17:00:00,2016-09-24 18:00:00,h1,1,Beijing,Prophet,174.833333,170.19228873302916,test
2016-09-24 18:00:00,2016-09-24 19:00:00,h1,1,Beijing,Prophet,187.833333,184.1535896571376,test
2016-09-24 19:00:00,2016-09-24 20:00:00,h1,1,Beijing,Prophet,200.666667,198.53476384884752,test
2016-09-24 20:00:00,2016-09-24 21:00:00,h1,1,Beijing,Prophet,206.333333,210.763155493753,test
2016-09-24 21:00:00,2016-09-24 22:00:00,h1,1,Beijing,Prophet,206.333333,207.2376962216054,test
2016-09-24 22:00:00,2016-09-24 23:00:00,h1,1,Beijing,Prophet,212.583333,203.0228655187321,test
2016-09-24 23:00:00,2016-09-25 00:00:00,h1,1,Beijing,Prophet,93.0,210.68267473389162,test
2016-09-26 00:00:00,2016-09-26 01:00:00,h1,1,Beijing,Prophet,88.0,55.131395270348136,test
2016-09-26 01:00:00,2016-09-26 02:00:00,h1,1,Beijing,Prophet,83.833333,83.01429262730848,test
2016-09-26 02:00:00,2016-09-26 03:00:00,h1,1,Beijing,Prophet,49.833333,80.71476747228346,test
2016-09-26 03:00:00,2016-09-26 04:00:00,h1,1,Beijing,Prophet,30.166667,37.09483375761923,test
2016-09-26 04:00:00,2016-09-26 05:00:00,h1,1,Beijing,Prophet,20.666667,19.74169232083157,test
2016-09-26 05:00:00,2016-09-26 06:00:00,h1,1,Beijing,Prophet,24.333333,6.417482585965274,test
2016-09-26 06:00:00,2016-09-26 07:00:00,h1,1,Beijing,Prophet,29.333333,27.95728736709608,test
2016-09-26 07:00:00,2016-09-26 08:00:00,h1,1,Beijing,Prophet,33.5,36.76721737673249,test
2016-09-26 08:00:00,2016-09-26 09:00:00,h1,1,Beijing,Prophet,34.0,39.957912802466744,test
2016-09-26 09:00:00,2016-09-26 10:00:00,h1,1,Beijing,Prophet,35.666667,42.26470972129952,test
2016-09-26 10:00:00,2016-09-26 11:00:00,h1,1,Beijing,Prophet,40.416667,43.302860125303816,test
2016-09-26 11:00:00,2016-09-26 12:00:00,h1,1,Beijing,Prophet,44.791667,49.75300585192765,test
2016-09-26 12:00:00,2016-09-26 13:00:00,h1,1,Beijing,Prophet,48.5,54.98706800011689,test
2016-09-26 13:00:00,2016-09-26 14:00:00,h1,1,Beijing,Prophet,52.25,60.25844948011327,test
2016-09-26 14:00:00,2016-09-26 15:00:00,h1,1,Beijing,Prophet,53.416667,61.574263625898624,test
2016-09-26 15:00:00,2016-09-26 16:00:00,h1,1,Beijing,Prophet,64.583333,63.12498159559401,test
2016-09-26 16:00:00,2016-09-26 17:00:00,h1,1,Beijing,Prophet,73.916667,77.1377180917932,test
2016-09-26 17:00:00,2016-09-26 18:00:00,h1,1,Beijing,Prophet,73.5,87.31551777143613,test
2016-09-26 18:00:00,2016-09-26 19:00:00,h1,1,Beijing,Prophet,77.75,85.8265162855202,test
2016-09-26 19:00:00,2016-09-26 20:00:00,h1,1,Beijing,Prophet,85.083333,90.75791043291298,test
2016-09-26 20:00:00,2016-09-26 21:00:00,h1,1,Beijing,Prophet,88.833333,97.20728637953232,test
2016-09-26 21:00:00,2016-09-26 22:00:00,h1,1,Beijing,Prophet,94.583333,97.25923407841475,test
2016-09-26 22:00:00,2016-09-26 23:00:00,h1,1,Beijing,Prophet,88.75,99.98132192215861,test
2016-09-26 23:00:00,2016-09-27 00:00:00,h1,1,Beijing,Prophet,83.666667,89.54048874650783,test
2016-09-27 00:00:00,2016-09-27 01:00:00,h1,1,Beijing,Prophet,85.25,87.2397713467069,test
2016-09-27 01:00:00,2016-09-27 02:00:00,h1,1,Beijing,Prophet,83.166667,91.03951676678562,test
2016-09-27 02:00:00,2016-09-27 03:00:00,h1,1,Beijing,Prophet,78.666667,87.2291842768092,test
2016-09-27 03:00:00,2016-09-27 04:00:00,h1,1,Beijing,Prophet,62.833333,79.7710646653095,test
2016-09-27 04:00:00,2016-09-27 05:00:00,h1,1,Beijing,Prophet,29.75,55.25653888554962,test
2016-09-27 05:00:00,2016-09-27 06:00:00,h1,1,Beijing,Prophet,16.833333,16.012158570592884,test
2016-09-27 06:00:00,2016-09-27 07:00:00,h1,1,Beijing,Prophet,12.083333,14.630926903172377,test
2016-09-27 07:00:00,2016-09-27 08:00:00,h1,1,Beijing,Prophet,11.916667,15.691342813976917,test
2016-09-27 08:00:00,2016-09-27 09:00:00,h1,1,Beijing,Prophet,8.75,16.479110099116713,test
2016-09-27 09:00:00,2016-09-27 10:00:00,h1,1,Beijing,Prophet,7.916667,13.75100155372527,test
2016-09-27 10:00:00,2016-09-27 11:00:00,h1,1,Beijing,Prophet,6.75,11.465768716023472,test
2016-09-27 11:00:00,2016-09-27 12:00:00,h1,1,Beijing,Prophet,7.25,9.514809352593051,test
2016-09-27 12:00:00,2016-09-27 13:00:00,h1,1,Beijing,Prophet,7.25,11.38776382551513,test
2016-09-27 13:00:00,2016-09-27 14:00:00,h1,1,Beijing,Prophet,6.666667,11.23323446506787,test
2016-09-27 14:00:00,2016-09-27 15:00:00,h1,1,Beijing,Prophet,6.75,10.995245006660348,test
2016-09-27 15:00:00,2016-09-27 16:00:00,h1,1,Beijing,Prophet,9.625,12.021380847210494,test
2016-09-27 16:00:00,2016-09-27 17:00:00,h1,1,Beijing,Prophet,11.75,16.587904540082828,test
2016-09-27 17:00:00,2016-09-27 18:00:00,h1,1,Beijing,Prophet,12.75,17.831738047343155,test
2016-09-27 18:00:00,2016-09-27 19:00:00,h1,1,Beijing,Prophet,10.583333,19.749163947621213,test
2016-09-27 19:00:00,2016-09-27 20:00:00,h1,1,Beijing,Prophet,10.083333,15.891574903832076,test
2016-09-27 20:00:00,2016-09-27 21:00:00,h1,1,Beijing,Prophet,12.083333,14.486330945641654,test
2016-09-27 21:00:00,2016-09-27 22:00:00,h1,1,Beijing,Prophet,12.833333,14.739375127043427,test
2016-09-27 22:00:00,2016-09-27 23:00:00,h1,1,Beijing,Prophet,10.5,14.993142386582317,test
2016-09-27 23:00:00,2016-09-28 00:00:00,h1,1,Beijing,Prophet,11.333333,12.205580084390824,test
2016-09-28 00:00:00,2016-09-28 01:00:00,h1,1,Beijing,Prophet,12.0,14.801481299357974,test
2016-09-28 01:00:00,2016-09-28 02:00:00,h1,1,Beijing,Prophet,9.5,15.628256312282904,test
2016-09-28 02:00:00,2016-09-28 03:00:00,h1,1,Beijing,Prophet,9.75,11.703016936065335,test
2016-09-28 03:00:00,2016-09-28 04:00:00,h1,1,Beijing,Prophet,9.333333,10.205039626897214,test
2016-09-28 04:00:00,2016-09-28 05:00:00,h1,1,Beijing,Prophet,8.333333,9.009093361578586,test
2016-09-28 05:00:00,2016-09-28 06:00:00,h1,1,Beijing,Prophet,8.916667,10.267518519006959,test
2016-09-28 06:00:00,2016-09-28 07:00:00,h1,1,Beijing,Prophet,10.416667,12.203398820866198,test
2016-09-28 07:00:00,2016-09-28 08:00:00,h1,1,Beijing,Prophet,10.833333,17.08764769707444,test
2016-09-28 08:00:00,2016-09-28 09:00:00,h1,1,Beijing,Prophet,10.666667,17.65777928561551,test
2016-09-28 09:00:00,2016-09-28 10:00:00,h1,1,Beijing,Prophet,8.361111,13.450259988460019,test
2016-09-28 10:00:00,2016-09-28 11:00:00,h1,1,Beijing,Prophet,9.680556,10.238942645605025,test
2016-09-28 11:00:00,2016-09-28 12:00:00,h1,1,Beijing,Prophet,9.833333,12.516633017076973,test
2016-09-28 12:00:00,2016-09-28 13:00:00,h1,1,Beijing,Prophet,10.791667,13.63501912180105,test
2016-09-28 13:00:00,2016-09-28 14:00:00,h1,1,Beijing,Prophet,10.583333,16.397849528246066,test
2016-09-28 14:00:00,2016-09-28 15:00:00,h1,1,Beijing,Prophet,11.25,16.307263128439814,test
2016-09-28 15:00:00,2016-09-28 16:00:00,h1,1,Beijing,Prophet,11.625,16.87890677790729,test
2016-09-28 16:00:00,2016-09-28 17:00:00,h1,1,Beijing,Prophet,9.333333,17.65873889925672,test
2016-09-28 17:00:00,2016-09-28 18:00:00,h1,1,Beijing,Prophet,11.916667,15.517432682657809,test
2016-09-28 18:00:00,2016-09-28 19:00:00,h1,1,Beijing,Prophet,19.166667,20.732473991152812,test
2016-09-28 19:00:00,2016-09-28 20:00:00,h1,1,Beijing,Prophet,25.083333,32.06658026147914,test
2016-09-28 20:00:00,2016-09-28 21:00:00,h1,1,Beijing,Prophet,30.75,38.208656705153956,test
2016-09-28 21:00:00,2016-09-28 22:00:00,h1,1,Beijing,Prophet,33.083333,36.633295808620346,test
2016-09-28 22:00:00,2016-09-28 23:00:00,h1,1,Beijing,Prophet,39.5,37.985111961310245,test
2016-09-28 23:00:00,2016-09-29 00:00:00,h1,1,Beijing,Prophet,133.583333,44.87152432419536,test
2016-10-01 00:00:00,2016-10-01 01:00:00,h1,1,Beijing,Prophet,134.166667,157.96133049254172,test
2016-10-01 01:00:00,2016-10-01 02:00:00,h1,1,Beijing,Prophet,137.0,144.2355037717352,test
2016-10-01 02:00:00,2016-10-01 03:00:00,h1,1,Beijing,Prophet,144.5,138.88102432217227,test
2016-10-01 03:00:00,2016-10-01 04:00:00,h1,1,Beijing,Prophet,150.833333,144.74767079093695,test
2016-10-01 04:00:00,2016-10-01 05:00:00,h1,1,Beijing,Prophet,145.916667,154.35835421635448,test
2016-10-01 05:00:00,2016-10-01 06:00:00,h1,1,Beijing,Prophet,146.666667,147.5360702932743,test
2016-10-01 06:00:00,2016-10-01 07:00:00,h1,1,Beijing,Prophet,144.416667,149.66044812494516,test
2016-10-01 07:00:00,2016-10-01 08:00:00,h1,1,Beijing,Prophet,147.416667,148.12802860445146,test
2016-10-01 08:00:00,2016-10-01 09:00:00,h1,1,Beijing,Prophet,160.833333,154.2855312334168,test
2016-10-01 09:00:00,2016-10-01 10:00:00,h1,1,Beijing,Prophet,180.333333,167.3435528105641,test
2016-10-01 10:00:00,2016-10-01 11:00:00,h1,1,Beijing,Prophet,191.166667,185.80377289217057,test
2016-10-01 11:00:00,2016-10-01 12:00:00,h1,1,Beijing,Prophet,198.75,193.85783069980107,test
2016-10-01 12:00:00,2016-10-01 13:00:00,h1,1,Beijing,Prophet,201.333333,202.12830532677205,test
2016-10-01 13:00:00,2016-10-01 14:00:00,h1,1,Beijing,Prophet,178.0,200.5528232410689,test
2016-10-01 14:00:00,2016-10-01 15:00:00,h1,1,Beijing,Prophet,165.416667,168.50601098053363,test
2016-10-01 15:00:00,2016-10-01 16:00:00,h1,1,Beijing,Prophet,167.083333,157.56077459366298,test
2016-10-01 16:00:00,2016-10-01 17:00:00,h1,1,Beijing,Prophet,167.25,165.46042306042546,test
2016-10-01 17:00:00,2016-10-01 18:00:00,h1,1,Beijing,Prophet,159.833333,171.330700453315,test
2016-10-01 18:00:00,2016-10-01 19:00:00,h1,1,Beijing,Prophet,164.75,166.5119081725183,test
2016-10-01 19:00:00,2016-10-01 20:00:00,h1,1,Beijing,Prophet,179.666667,175.472217869342,test
2016-10-01 20:00:00,2016-10-01 21:00:00,h1,1,Beijing,Prophet,189.5,190.95338144913484,test
2016-10-01 21:00:00,2016-10-01 22:00:00,h1,1,Beijing,Prophet,193.75,197.81097432710112,test
2016-10-01 22:00:00,2016-10-01 23:00:00,h1,1,Beijing,Prophet,198.25,196.71456436471732,test
2016-10-01 23:00:00,2016-10-02 00:00:00,h1,1,Beijing,Prophet,202.0,201.10690730448806,test
2016-10-02 00:00:00,2016-10-02 01:00:00,h1,1,Beijing,Prophet,200.333333,204.41023164206527,test
2016-10-02 01:00:00,2016-10-02 02:00:00,h1,1,Beijing,Prophet,199.083333,202.41652821091884,test
2016-10-02 02:00:00,2016-10-02 03:00:00,h1,1,Beijing,Prophet,194.166667,199.0219036312824,test
2016-10-02 03:00:00,2016-10-02 04:00:00,h1,1,Beijing,Prophet,187.75,193.51911947919314,test
2016-10-02 04:00:00,2016-10-02 05:00:00,h1,1,Beijing,Prophet,177.5,187.8079113983722,test
2016-10-02 05:00:00,2016-10-02 06:00:00,h1,1,Beijing,Prophet,171.416667,177.03591873176958,test
2016-10-02 06:00:00,2016-10-02 07:00:00,h1,1,Beijing,Prophet,169.5,170.162030245147,test
2016-10-02 07:00:00,2016-10-02 08:00:00,h1,1,Beijing,Prophet,183.333333,173.45193154740429,test
2016-10-02 08:00:00,2016-10-02 09:00:00,h1,1,Beijing,Prophet,187.833333,190.17366061745932,test
2016-10-02 09:00:00,2016-10-02 10:00:00,h1,1,Beijing,Prophet,183.583333,189.1868279729488,test
2016-10-02 10:00:00,2016-10-02 11:00:00,h1,1,Beijing,Prophet,184.75,183.17002326245995,test
2016-10-02 11:00:00,2016-10-02 12:00:00,h1,1,Beijing,Prophet,184.166667,182.63945216291302,test
2016-10-02 12:00:00,2016-10-02 13:00:00,h1,1,Beijing,Prophet,176.666667,183.61464978407804,test
2016-10-02 13:00:00,2016-10-02 14:00:00,h1,1,Beijing,Prophet,175.666667,174.1938555859927,test
2016-10-02 14:00:00,2016-10-02 15:00:00,h1,1,Beijing,Prophet,164.833333,174.87211241419394,test
2016-10-02 15:00:00,2016-10-02 16:00:00,h1,1,Beijing,Prophet,159.083333,162.76522019832737,test
2016-10-02 16:00:00,2016-10-02 17:00:00,h1,1,Beijing,Prophet,161.833333,159.25997671690666,test
2016-10-02 17:00:00,2016-10-02 18:00:00,h1,1,Beijing,Prophet,170.75,166.34038951944942,test
2016-10-02 18:00:00,2016-10-02 19:00:00,h1,1,Beijing,Prophet,186.083333,183.06793641942528,test
2016-10-02 19:00:00,2016-10-02 20:00:00,h1,1,Beijing,Prophet,201.583333,198.46792571381064,test
2016-10-02 20:00:00,2016-10-02 21:00:00,h1,1,Beijing,Prophet,211.25,212.9587473587819,test
2016-10-02 21:00:00,2016-10-02 22:00:00,h1,1,Beijing,Prophet,210.333333,218.08825360011883,test
2016-10-02 22:00:00,2016-10-02 23:00:00,h1,1,Beijing,Prophet,167.083333,208.68242875550888,test
2016-10-02 23:00:00,2016-10-03 00:00:00,h1,1,Beijing,Prophet,136.333333,153.87048402726984,test
2016-10-03 00:00:00,2016-10-03 01:00:00,h1,1,Beijing,Prophet,123.833333,128.9814876477011,test
2016-10-03 01:00:00,2016-10-03 02:00:00,h1,1,Beijing,Prophet,119.0,123.41301497530725,test
2016-10-03 02:00:00,2016-10-03 03:00:00,h1,1,Beijing,Prophet,120.5,122.16928376731974,test
2016-10-03 03:00:00,2016-10-03 04:00:00,h1,1,Beijing,Prophet,123.333333,124.05519173508203,test
2016-10-03 04:00:00,2016-10-03 05:00:00,h1,1,Beijing,Prophet,130.666667,126.80744836113767,test
2016-10-03 05:00:00,2016-10-03 06:00:00,h1,1,Beijing,Prophet,132.666667,135.77601615048167,test
2016-10-03 06:00:00,2016-10-03 07:00:00,h1,1,Beijing,Prophet,132.75,138.2588045310522,test
2016-10-03 07:00:00,2016-10-03 08:00:00,h1,1,Beijing,Prophet,127.666667,139.9122442219457,test
2016-10-03 08:00:00,2016-10-03 09:00:00,h1,1,Beijing,Prophet,134.5,132.73191011789208,test
2016-10-03 09:00:00,2016-10-03 10:00:00,h1,1,Beijing,Prophet,153.083333,140.76342805958384,test
2016-10-03 10:00:00,2016-10-03 11:00:00,h1,1,Beijing,Prophet,158.666667,161.5514704362977,test
2016-10-03 11:00:00,2016-10-03 12:00:00,h1,1,Beijing,Prophet,155.25,162.7058011926134,test
2016-10-03 12:00:00,2016-10-03 13:00:00,h1,1,Beijing,Prophet,127.25,155.1386430758214,test
2016-10-03 13:00:00,2016-10-03 14:00:00,h1,1,Beijing,Prophet,106.833333,119.22595685723886,test
2016-10-03 14:00:00,2016-10-03 15:00:00,h1,1,Beijing,Prophet,80.333333,103.65962114848517,test
2016-10-03 15:00:00,2016-10-03 16:00:00,h1,1,Beijing,Prophet,61.666667,77.86135146291623,test
2016-10-03 16:00:00,2016-10-03 17:00:00,h1,1,Beijing,Prophet,63.666667,63.41113234563837,test
2016-10-03 17:00:00,2016-10-03 18:00:00,h1,1,Beijing,Prophet,87.0,73.55561145482177,test
2016-10-03 18:00:00,2016-10-03 19:00:00,h1,1,Beijing,Prophet,108.666667,106.77065794872246,test
2016-10-03 19:00:00,2016-10-03 20:00:00,h1,1,Beijing,Prophet,114.25,127.7420491109435,test
2016-10-03 20:00:00,2016-10-03 21:00:00,h1,1,Beijing,Prophet,121.583333,127.39794288042148,test
2016-10-03 21:00:00,2016-10-03 22:00:00,h1,1,Beijing,Prophet,130.0,132.7230645019458,test
2016-10-03 22:00:00,2016-10-03 23:00:00,h1,1,Beijing,Prophet,158.666667,138.04805640758514,test
2016-10-03 23:00:00,2016-10-04 00:00:00,h1,1,Beijing,Prophet,88.166667,159.007412756828,test
2016-10-06 00:00:00,2016-10-06 01:00:00,h1,1,Beijing,Prophet,86.583333,74.876948125788,test
2016-10-06 01:00:00,2016-10-06 02:00:00,h1,1,Beijing,Prophet,85.25,91.34508343703521,test
2016-10-06 02:00:00,2016-10-06 03:00:00,h1,1,Beijing,Prophet,80.5,90.76175146152968,test
2016-10-06 03:00:00,2016-10-06 04:00:00,h1,1,Beijing,Prophet,83.666667,83.43306573231669,test
2016-10-06 04:00:00,2016-10-06 05:00:00,h1,1,Beijing,Prophet,84.0,86.73012707241912,test
2016-10-06 05:00:00,2016-10-06 06:00:00,h1,1,Beijing,Prophet,82.5,87.18697212449823,test
2016-10-06 06:00:00,2016-10-06 07:00:00,h1,1,Beijing,Prophet,87.75,84.55675991001749,test
2016-10-06 07:00:00,2016-10-06 08:00:00,h1,1,Beijing,Prophet,88.0,94.17697969010362,test
2016-10-06 08:00:00,2016-10-06 09:00:00,h1,1,Beijing,Prophet,85.083333,93.64043636191205,test
2016-10-06 09:00:00,2016-10-06 10:00:00,h1,1,Beijing,Prophet,77.916667,89.84811839714334,test
2016-10-06 10:00:00,2016-10-06 11:00:00,h1,1,Beijing,Prophet,71.0,80.74120512574294,test
2016-10-06 11:00:00,2016-10-06 12:00:00,h1,1,Beijing,Prophet,64.583333,72.12253001605144,test
2016-10-06 12:00:00,2016-10-06 13:00:00,h1,1,Beijing,Prophet,60.25,67.30044264996826,test
2016-10-06 13:00:00,2016-10-06 14:00:00,h1,1,Beijing,Prophet,58.583333,64.58591650946373,test
2016-10-06 14:00:00,2016-10-06 15:00:00,h1,1,Beijing,Prophet,59.083333,64.47914875929374,test
2016-10-06 15:00:00,2016-10-06 16:00:00,h1,1,Beijing,Prophet,56.75,68.82212729256379,test
2016-10-06 16:00:00,2016-10-06 17:00:00,h1,1,Beijing,Prophet,59.416667,65.64377443497838,test
2016-10-06 17:00:00,2016-10-06 18:00:00,h1,1,Beijing,Prophet,66.666667,69.90751317234924,test
2016-10-06 18:00:00,2016-10-06 19:00:00,h1,1,Beijing,Prophet,71.833333,64.68979106143117,test
2016-10-06 19:00:00,2016-10-06 20:00:00,h1,1,Beijing,Prophet,73.416667,68.6730283006806,test
2016-10-06 20:00:00,2016-10-06 21:00:00,h1,1,Beijing,Prophet,67.0,75.62162890206139,test
2016-10-06 21:00:00,2016-10-06 22:00:00,h1,1,Beijing,Prophet,52.75,63.63790572258114,test
2016-10-06 22:00:00,2016-10-06 23:00:00,h1,1,Beijing,Prophet,48.583333,43.87844104909129,test
2016-10-06 23:00:00,2016-10-07 00:00:00,h1,1,Beijing,Prophet,44.25,42.30458810851462,test
2016-10-07 00:00:00,2016-10-07 01:00:00,h1,1,Beijing,Prophet,43.75,36.411340206467386,test
2016-10-07 01:00:00,2016-10-07 02:00:00,h1,1,Beijing,Prophet,43.166667,41.004494882456235,test
2016-10-07 02:00:00,2016-10-07 03:00:00,h1,1,Beijing,Prophet,40.583333,39.986954925026424,test
2016-10-07 03:00:00,2016-10-07 04:00:00,h1,1,Beijing,Prophet,38.75,37.66803893561912,test
2016-10-07 04:00:00,2016-10-07 05:00:00,h1,1,Beijing,Prophet,37.916667,36.391858511972465,test
2016-10-07 05:00:00,2016-10-07 06:00:00,h1,1,Beijing,Prophet,36.916667,35.665559973744685,test
2016-10-07 06:00:00,2016-10-07 07:00:00,h1,1,Beijing,Prophet,38.0,37.43332567869725,test
2016-10-07 07:00:00,2016-10-07 08:00:00,h1,1,Beijing,Prophet,38.75,40.20832029749449,test
2016-10-07 08:00:00,2016-10-07 09:00:00,h1,1,Beijing,Prophet,38.583333,42.76788667623026,test
2016-10-07 09:00:00,2016-10-07 10:00:00,h1,1,Beijing,Prophet,40.5,43.5506488583649,test
2016-10-07 10:00:00,2016-10-07 11:00:00,h1,1,Beijing,Prophet,42.166667,45.84436778503324,test
2016-10-07 11:00:00,2016-10-07 12:00:00,h1,1,Beijing,Prophet,40.5,47.42471280208601,test
2016-10-07 12:00:00,2016-10-07 13:00:00,h1,1,Beijing,Prophet,38.833333,45.94158555377097,test
2016-10-07 13:00:00,2016-10-07 14:00:00,h1,1,Beijing,Prophet,38.083333,43.43282247284296,test
2016-10-07 14:00:00,2016-10-07 15:00:00,h1,1,Beijing,Prophet,39.333333,46.41202847066043,test
2016-10-07 15:00:00,2016-10-07 16:00:00,h1,1,Beijing,Prophet,44.416667,50.68649370018781,test
2016-10-07 16:00:00,2016-10-07 17:00:00,h1,1,Beijing,Prophet,42.5,54.38753964570895,test
2016-10-07 17:00:00,2016-10-07 18:00:00,h1,1,Beijing,Prophet,45.0,50.97714841508615,test
2016-10-07 18:00:00,2016-10-07 19:00:00,h1,1,Beijing,Prophet,47.75,57.66937339739282,test
2016-10-07 19:00:00,2016-10-07 20:00:00,h1,1,Beijing,Prophet,49.25,60.425346442173975,test
2016-10-07 20:00:00,2016-10-07 21:00:00,h1,1,Beijing,Prophet,43.583333,60.41779759485077,test
2016-10-07 21:00:00,2016-10-07 22:00:00,h1,1,Beijing,Prophet,25.75,46.987968675272654,test
2016-10-07 22:00:00,2016-10-07 23:00:00,h1,1,Beijing,Prophet,14.666667,22.049481134586735,test
2016-10-07 23:00:00,2016-10-08 00:00:00,h1,1,Beijing,Prophet,250.333333,12.03976852061827,test
2016-10-15 00:00:00,2016-10-15 01:00:00,h1,1,Beijing,Prophet,228.416667,313.0935144544842,test
2016-10-15 01:00:00,2016-10-15 02:00:00,h1,1,Beijing,Prophet,221.291667,227.13456774407328,test
2016-10-15 02:00:00,2016-10-15 03:00:00,h1,1,Beijing,Prophet,214.166667,229.34042247048518,test
2016-10-15 03:00:00,2016-10-15 04:00:00,h1,1,Beijing,Prophet,210.5,213.73746352258968,test
2016-10-15 04:00:00,2016-10-15 05:00:00,h1,1,Beijing,Prophet,204.666667,213.18101041043585,test
2016-10-15 05:00:00,2016-10-15 06:00:00,h1,1,Beijing,Prophet,194.125,206.9439353122951,test
2016-10-15 06:00:00,2016-10-15 07:00:00,h1,1,Beijing,Prophet,178.5,189.11777166191874,test
2016-10-15 07:00:00,2016-10-15 08:00:00,h1,1,Beijing,Prophet,160.416667,176.564809962599,test
2016-10-15 08:00:00,2016-10-15 09:00:00,h1,1,Beijing,Prophet,161.166667,158.90999027317213,test
2016-10-15 09:00:00,2016-10-15 10:00:00,h1,1,Beijing,Prophet,172.416667,163.41532340350506,test
2016-10-15 10:00:00,2016-10-15 11:00:00,h1,1,Beijing,Prophet,183.666667,178.39889835527345,test
2016-10-15 11:00:00,2016-10-15 12:00:00,h1,1,Beijing,Prophet,182.5,188.87076171046886,test
2016-10-15 12:00:00,2016-10-15 13:00:00,h1,1,Beijing,Prophet,183.708333,184.0380860493621,test
2016-10-15 13:00:00,2016-10-15 14:00:00,h1,1,Beijing,Prophet,188.916667,187.8372865792041,test
2016-10-15 14:00:00,2016-10-15 15:00:00,h1,1,Beijing,Prophet,189.0,194.11172401562862,test
2016-10-15 15:00:00,2016-10-15 16:00:00,h1,1,Beijing,Prophet,185.333333,195.4911484327049,test
2016-10-15 16:00:00,2016-10-15 17:00:00,h1,1,Beijing,Prophet,184.916667,191.96601706516998,test
2016-10-15 17:00:00,2016-10-15 18:00:00,h1,1,Beijing,Prophet,183.416667,189.9904873245446,test
2016-10-15 18:00:00,2016-10-15 19:00:00,h1,1,Beijing,Prophet,186.75,191.87187680885557,test
2016-10-15 19:00:00,2016-10-15 20:00:00,h1,1,Beijing,Prophet,187.25,196.1832477108633,test
2016-10-15 20:00:00,2016-10-15 21:00:00,h1,1,Beijing,Prophet,183.833333,191.76433628182548,test
2016-10-15 21:00:00,2016-10-15 22:00:00,h1,1,Beijing,Prophet,179.583333,183.87118121293562,test
2016-10-15 22:00:00,2016-10-15 23:00:00,h1,1,Beijing,Prophet,173.25,179.8630407678881,test
2016-10-15 23:00:00,2016-10-16 00:00:00,h1,1,Beijing,Prophet,170.75,169.99191513588346,test
2016-10-16 00:00:00,2016-10-16 01:00:00,h1,1,Beijing,Prophet,150.416667,167.72919465533687,test
2016-10-16 01:00:00,2016-10-16 02:00:00,h1,1,Beijing,Prophet,139.333333,144.3949527415569,test
2016-10-16 02:00:00,2016-10-16 03:00:00,h1,1,Beijing,Prophet,127.083333,136.14430113421326,test
2016-10-16 03:00:00,2016-10-16 04:00:00,h1,1,Beijing,Prophet,120.5,121.69466169792376,test
2016-10-16 04:00:00,2016-10-16 05:00:00,h1,1,Beijing,Prophet,118.166667,117.47781932057316,test
2016-10-16 05:00:00,2016-10-16 06:00:00,h1,1,Beijing,Prophet,117.166667,118.88222064744465,test
2016-10-16 06:00:00,2016-10-16 07:00:00,h1,1,Beijing,Prophet,115.916667,119.06353547417805,test
2016-10-16 07:00:00,2016-10-16 08:00:00,h1,1,Beijing,Prophet,117.083333,123.431152835957,test
2016-10-16 08:00:00,2016-10-16 09:00:00,h1,1,Beijing,Prophet,123.916667,124.71926864919358,test
2016-10-16 09:00:00,2016-10-16 10:00:00,h1,1,Beijing,Prophet,136.583333,132.80003653917112,test
2016-10-16 10:00:00,2016-10-16 11:00:00,h1,1,Beijing,Prophet,141.666667,145.18657815485375,test
2016-10-16 11:00:00,2016-10-16 12:00:00,h1,1,Beijing,Prophet,135.916667,146.1548685842513,test
2016-10-16 12:00:00,2016-10-16 13:00:00,h1,1,Beijing,Prophet,125.583333,138.11184861175246,test
2016-10-16 13:00:00,2016-10-16 14:00:00,h1,1,Beijing,Prophet,110.75,127.02834902966788,test
2016-10-16 14:00:00,2016-10-16 15:00:00,h1,1,Beijing,Prophet,99.083333,111.22098412830144,test
2016-10-16 15:00:00,2016-10-16 16:00:00,h1,1,Beijing,Prophet,93.583333,100.79337495599452,test
2016-10-16 16:00:00,2016-10-16 17:00:00,h1,1,Beijing,Prophet,90.75,96.67981200650068,test
2016-10-16 17:00:00,2016-10-16 18:00:00,h1,1,Beijing,Prophet,93.75,96.67206475846356,test
2016-10-16 18:00:00,2016-10-16 19:00:00,h1,1,Beijing,Prophet,100.916667,105.75168070234702,test
2016-10-16 19:00:00,2016-10-16 20:00:00,h1,1,Beijing,Prophet,107.833333,114.38420604236194,test
2016-10-16 20:00:00,2016-10-16 21:00:00,h1,1,Beijing,Prophet,113.166667,117.8038517226615,test
2016-10-16 21:00:00,2016-10-16 22:00:00,h1,1,Beijing,Prophet,119.75,121.52338512527278,test
2016-10-16 22:00:00,2016-10-16 23:00:00,h1,1,Beijing,Prophet,118.416667,127.385927586234,test
2016-10-16 23:00:00,2016-10-17 00:00:00,h1,1,Beijing,Prophet,118.583333,122.066949443927,test
2016-10-17 00:00:00,2016-10-17 01:00:00,h1,1,Beijing,Prophet,113.0,122.16344617758952,test
2016-10-17 01:00:00,2016-10-17 02:00:00,h1,1,Beijing,Prophet,105.25,114.34310317375531,test
2016-10-17 02:00:00,2016-10-17 03:00:00,h1,1,Beijing,Prophet,94.916667,106.07835329308787,test
2016-10-17 03:00:00,2016-10-17 04:00:00,h1,1,Beijing,Prophet,84.916667,93.76278444015614,test
2016-10-17 04:00:00,2016-10-17 05:00:00,h1,1,Beijing,Prophet,69.166667,84.44898284405846,test
2016-10-17 05:00:00,2016-10-17 06:00:00,h1,1,Beijing,Prophet,48.083333,66.98376859998015,test
2016-10-17 06:00:00,2016-10-17 07:00:00,h1,1,Beijing,Prophet,51.083333,46.20063324964546,test
2016-10-17 07:00:00,2016-10-17 08:00:00,h1,1,Beijing,Prophet,54.833333,58.80829540949097,test
2016-10-17 08:00:00,2016-10-17 09:00:00,h1,1,Beijing,Prophet,53.25,63.352666494495224,test
2016-10-17 09:00:00,2016-10-17 10:00:00,h1,1,Beijing,Prophet,39.541667,57.91965110589879,test
2016-10-17 10:00:00,2016-10-17 11:00:00,h1,1,Beijing,Prophet,26.5,38.625261714597876,test
2016-10-17 11:00:00,2016-10-17 12:00:00,h1,1,Beijing,Prophet,27.25,27.370730201809856,test
2016-10-17 12:00:00,2016-10-17 13:00:00,h1,1,Beijing,Prophet,25.5,32.923783466680355,test
2016-10-17 13:00:00,2016-10-17 14:00:00,h1,1,Beijing,Prophet,24.5,32.20955455611865,test
2016-10-17 14:00:00,2016-10-17 15:00:00,h1,1,Beijing,Prophet,25.916667,31.38415948789866,test
2016-10-17 15:00:00,2016-10-17 16:00:00,h1,1,Beijing,Prophet,32.833333,33.53250767623018,test
2016-10-17 16:00:00,2016-10-17 17:00:00,h1,1,Beijing,Prophet,40.166667,42.744323107135806,test
2016-10-17 17:00:00,2016-10-17 18:00:00,h1,1,Beijing,Prophet,43.5,51.15475219212014,test
2016-10-17 18:00:00,2016-10-17 19:00:00,h1,1,Beijing,Prophet,52.416667,56.27810731895535,test
2016-10-17 19:00:00,2016-10-17 20:00:00,h1,1,Beijing,Prophet,57.083333,67.73963668386946,test
2016-10-17 20:00:00,2016-10-17 21:00:00,h1,1,Beijing,Prophet,70.583333,68.41622491465162,test
2016-10-17 21:00:00,2016-10-17 22:00:00,h1,1,Beijing,Prophet,90.333333,79.54899391205255,test
2016-10-17 22:00:00,2016-10-17 23:00:00,h1,1,Beijing,Prophet,95.916667,100.75959937402902,test
2016-10-17 23:00:00,2016-10-18 00:00:00,h1,1,Beijing,Prophet,100.75,102.88336117538489,test
2016-10-18 00:00:00,2016-10-18 01:00:00,h1,1,Beijing,Prophet,96.916667,105.64993629079704,test
2016-10-18 01:00:00,2016-10-18 02:00:00,h1,1,Beijing,Prophet,91.583333,100.48522020992803,test
2016-10-18 02:00:00,2016-10-18 03:00:00,h1,1,Beijing,Prophet,84.166667,93.40145126301158,test
2016-10-18 03:00:00,2016-10-18 04:00:00,h1,1,Beijing,Prophet,70.75,84.1327805626461,test
2016-10-18 04:00:00,2016-10-18 05:00:00,h1,1,Beijing,Prophet,64.0,68.77024502680459,test
2016-10-18 05:00:00,2016-10-18 06:00:00,h1,1,Beijing,Prophet,65.833333,65.84294800696111,test
2016-10-18 06:00:00,2016-10-18 07:00:00,h1,1,Beijing,Prophet,68.0,72.470173057052,test
2016-10-18 07:00:00,2016-10-18 08:00:00,h1,1,Beijing,Prophet,72.666667,76.86097376250737,test
2016-10-18 08:00:00,2016-10-18 09:00:00,h1,1,Beijing,Prophet,77.0,82.93717183980144,test
2016-10-18 09:00:00,2016-10-18 10:00:00,h1,1,Beijing,Prophet,87.583333,86.66333820360535,test
2016-10-18 10:00:00,2016-10-18 11:00:00,h1,1,Beijing,Prophet,98.083333,98.97812558244499,test
2016-10-18 11:00:00,2016-10-18 12:00:00,h1,1,Beijing,Prophet,111.416667,109.56346456909887,test
2016-10-18 12:00:00,2016-10-18 13:00:00,h1,1,Beijing,Prophet,121.916667,122.4555034135363,test
2016-10-18 13:00:00,2016-10-18 14:00:00,h1,1,Beijing,Prophet,132.833333,131.05234975856285,test
2016-10-18 14:00:00,2016-10-18 15:00:00,h1,1,Beijing,Prophet,141.361111,140.6934905287431,test
2016-10-18 15:00:00,2016-10-18 16:00:00,h1,1,Beijing,Prophet,142.388889,148.15387776140437,test
2016-10-18 16:00:00,2016-10-18 17:00:00,h1,1,Beijing,Prophet,146.333333,148.16934697186335,test
2016-10-18 17:00:00,2016-10-18 18:00:00,h1,1,Beijing,Prophet,157.166667,153.4016702776477,test
2016-10-18 18:00:00,2016-10-18 19:00:00,h1,1,Beijing,Prophet,167.333333,165.93298277466326,test
2016-10-18 19:00:00,2016-10-18 20:00:00,h1,1,Beijing,Prophet,173.666667,176.71926866148425,test
2016-10-18 20:00:00,2016-10-18 21:00:00,h1,1,Beijing,Prophet,178.833333,178.6106004293876,test
2016-10-18 21:00:00,2016-10-18 22:00:00,h1,1,Beijing,Prophet,183.166667,182.08845399837742,test
2016-10-18 22:00:00,2016-10-18 23:00:00,h1,1,Beijing,Prophet,189.166667,183.85226697519445,test
2016-10-18 23:00:00,2016-10-19 00:00:00,h1,1,Beijing,Prophet,185.166667,188.79812952053786,test
2016-10-19 00:00:00,2016-10-19 01:00:00,h1,1,Beijing,Prophet,188.75,182.8603458632347,test
2016-10-19 01:00:00,2016-10-19 02:00:00,h1,1,Beijing,Prophet,186.166667,189.10662311117002,test
2016-10-19 02:00:00,2016-10-19 03:00:00,h1,1,Beijing,Prophet,189.0,185.65612243140635,test
2016-10-19 03:00:00,2016-10-19 04:00:00,h1,1,Beijing,Prophet,191.291667,189.62612292818224,test
2016-10-19 04:00:00,2016-10-19 05:00:00,h1,1,Beijing,Prophet,185.25,192.0806140986585,test
2016-10-19 05:00:00,2016-10-19 06:00:00,h1,1,Beijing,Prophet,176.666667,185.88265890255906,test
2016-10-19 06:00:00,2016-10-19 07:00:00,h1,1,Beijing,Prophet,173.166667,179.89900602306656,test
2016-10-19 07:00:00,2016-10-19 08:00:00,h1,1,Beijing,Prophet,172.25,178.50810561326315,test
2016-10-19 08:00:00,2016-10-19 09:00:00,h1,1,Beijing,Prophet,195.5,178.81061026755447,test
2016-10-19 09:00:00,2016-10-19 10:00:00,h1,1,Beijing,Prophet,218.083333,205.4784170034994,test
2016-10-19 10:00:00,2016-10-19 11:00:00,h1,1,Beijing,Prophet,230.25,226.57026414459824,test
2016-10-19 11:00:00,2016-10-19 12:00:00,h1,1,Beijing,Prophet,237.916667,234.9147271407495,test
2016-10-19 12:00:00,2016-10-19 13:00:00,h1,1,Beijing,Prophet,249.416667,239.7702546883308,test
2016-10-19 13:00:00,2016-10-19 14:00:00,h1,1,Beijing,Prophet,272.958333,249.42005204267008,test
2016-10-19 14:00:00,2016-10-19 15:00:00,h1,1,Beijing,Prophet,270.083333,277.02281044004246,test
2016-10-19 15:00:00,2016-10-19 16:00:00,h1,1,Beijing,Prophet,257.541667,267.8477258246468,test
2016-10-19 16:00:00,2016-10-19 17:00:00,h1,1,Beijing,Prophet,266.416667,253.26142229154317,test
2016-10-19 17:00:00,2016-10-19 18:00:00,h1,1,Beijing,Prophet,261.083333,269.15602935019734,test
2016-10-19 18:00:00,2016-10-19 19:00:00,h1,1,Beijing,Prophet,255.166667,264.034081959251,test
2016-10-19 19:00:00,2016-10-19 20:00:00,h1,1,Beijing,Prophet,247.916667,260.3112865323809,test
2016-10-19 20:00:00,2016-10-19 21:00:00,h1,1,Beijing,Prophet,235.75,251.20701186422733,test
2016-10-19 21:00:00,2016-10-19 22:00:00,h1,1,Beijing,Prophet,231.666667,234.50148912112851,test
2016-10-19 22:00:00,2016-10-19 23:00:00,h1,1,Beijing,Prophet,228.583333,230.54624176335227,test
2016-10-19 23:00:00,2016-10-20 00:00:00,h1,1,Beijing,Prophet,225.5,226.01450148573932,test
2016-10-20 00:00:00,2016-10-20 01:00:00,h1,1,Beijing,Prophet,223.416667,227.32851830440026,test
2016-10-20 01:00:00,2016-10-20 02:00:00,h1,1,Beijing,Prophet,232.416667,221.920345966828,test
2016-10-20 02:00:00,2016-10-20 03:00:00,h1,1,Beijing,Prophet,241.0,232.32953836532855,test
2016-10-20 03:00:00,2016-10-20 04:00:00,h1,1,Beijing,Prophet,241.75,240.57447097178144,test
2016-10-20 04:00:00,2016-10-20 05:00:00,h1,1,Beijing,Prophet,235.75,231.66507966353748,test
2016-10-20 05:00:00,2016-10-20 06:00:00,h1,1,Beijing,Prophet,140.25,209.8550940234181,test
2016-10-20 06:00:00,2016-10-20 07:00:00,h1,1,Beijing,Prophet,70.5,93.82249463255815,test
2016-10-20 07:00:00,2016-10-20 08:00:00,h1,1,Beijing,Prophet,51.333333,46.35363692020937,test
2016-10-20 08:00:00,2016-10-20 09:00:00,h1,1,Beijing,Prophet,44.583333,52.604251343878936,test
2016-10-20 09:00:00,2016-10-20 10:00:00,h1,1,Beijing,Prophet,43.833333,51.03494439868248,test
2016-10-20 10:00:00,2016-10-20 11:00:00,h1,1,Beijing,Prophet,39.416667,50.49890199578521,test
2016-10-20 11:00:00,2016-10-20 12:00:00,h1,1,Beijing,Prophet,38.833333,45.36125416927641,test
2016-10-20 12:00:00,2016-10-20 13:00:00,h1,1,Beijing,Prophet,39.416667,46.10180771831766,test
2016-10-20 13:00:00,2016-10-20 14:00:00,h1,1,Beijing,Prophet,40.5,47.09019711528793,test
2016-10-20 14:00:00,2016-10-20 15:00:00,h1,1,Beijing,Prophet,39.833333,49.29026777468619,test
2016-10-20 15:00:00,2016-10-20 16:00:00,h1,1,Beijing,Prophet,39.416667,47.75543037524824,test
2016-10-20 16:00:00,2016-10-20 17:00:00,h1,1,Beijing,Prophet,41.583333,48.97136179693293,test
2016-10-20 17:00:00,2016-10-20 18:00:00,h1,1,Beijing,Prophet,46.25,49.350517729474454,test
2016-10-20 18:00:00,2016-10-20 19:00:00,h1,1,Beijing,Prophet,45.333333,52.448950172328935,test
2016-10-20 19:00:00,2016-10-20 20:00:00,h1,1,Beijing,Prophet,45.0,48.442054497983314,test
2016-10-20 20:00:00,2016-10-20 21:00:00,h1,1,Beijing,Prophet,41.5,48.48136697359508,test
2016-10-20 21:00:00,2016-10-20 22:00:00,h1,1,Beijing,Prophet,40.25,43.0256560242194,test
2016-10-20 22:00:00,2016-10-20 23:00:00,h1,1,Beijing,Prophet,38.833333,41.57978203976115,test
2016-10-20 23:00:00,2016-10-21 00:00:00,h1,1,Beijing,Prophet,36.833333,39.326788135770656,test
2016-10-21 00:00:00,2016-10-21 01:00:00,h1,1,Beijing,Prophet,36.583333,37.2397706427115,test
2016-10-21 01:00:00,2016-10-21 02:00:00,h1,1,Beijing,Prophet,36.166667,38.55017873660007,test
2016-10-21 02:00:00,2016-10-21 03:00:00,h1,1,Beijing,Prophet,38.333333,37.88261485242929,test
2016-10-21 03:00:00,2016-10-21 04:00:00,h1,1,Beijing,Prophet,40.833333,39.64441821727549,test
2016-10-21 04:00:00,2016-10-21 05:00:00,h1,1,Beijing,Prophet,41.5,43.95037508955654,test
2016-10-21 05:00:00,2016-10-21 06:00:00,h1,1,Beijing,Prophet,41.5,44.741403488507395,test
2016-10-21 06:00:00,2016-10-21 07:00:00,h1,1,Beijing,Prophet,41.333333,47.08175406752579,test
2016-10-21 07:00:00,2016-10-21 08:00:00,h1,1,Beijing,Prophet,40.583333,49.4722933049095,test
2016-10-21 08:00:00,2016-10-21 09:00:00,h1,1,Beijing,Prophet,41.75,47.930656022044005,test
2016-10-21 09:00:00,2016-10-21 10:00:00,h1,1,Beijing,Prophet,46.333333,48.969345779473954,test
2016-10-21 10:00:00,2016-10-21 11:00:00,h1,1,Beijing,Prophet,49.416667,54.34052541381456,test
2016-10-21 11:00:00,2016-10-21 12:00:00,h1,1,Beijing,Prophet,51.25,56.826224373539695,test
2016-10-21 12:00:00,2016-10-21 13:00:00,h1,1,Beijing,Prophet,54.5,59.159335447888836,test
2016-10-21 13:00:00,2016-10-21 14:00:00,h1,1,Beijing,Prophet,56.583333,65.26799175896335,test
2016-10-21 14:00:00,2016-10-21 15:00:00,h1,1,Beijing,Prophet,57.5,65.504375385459,test
2016-10-21 15:00:00,2016-10-21 16:00:00,h1,1,Beijing,Prophet,54.75,65.20257933093569,test
2016-10-21 16:00:00,2016-10-21 17:00:00,h1,1,Beijing,Prophet,48.333333,61.454072205880024,test
2016-10-21 17:00:00,2016-10-21 18:00:00,h1,1,Beijing,Prophet,42.833333,54.163674956733445,test
2016-10-21 18:00:00,2016-10-21 19:00:00,h1,1,Beijing,Prophet,39.75,46.25855151676989,test
2016-10-21 19:00:00,2016-10-21 20:00:00,h1,1,Beijing,Prophet,40.083333,41.7081770305903,test
2016-10-21 20:00:00,2016-10-21 21:00:00,h1,1,Beijing,Prophet,34.166667,42.73231734627676,test
2016-10-21 21:00:00,2016-10-21 22:00:00,h1,1,Beijing,Prophet,32.75,36.24043588671553,test
2016-10-21 22:00:00,2016-10-21 23:00:00,h1,1,Beijing,Prophet,31.5,36.09293247677159,test
2016-10-21 23:00:00,2016-10-22 00:00:00,h1,1,Beijing,Prophet,29.083333,36.73736339131503,test
2016-10-22 00:00:00,2016-10-22 01:00:00,h1,1,Beijing,Prophet,27.666667,33.65163810299172,test
2016-10-22 01:00:00,2016-10-22 02:00:00,h1,1,Beijing,Prophet,25.666667,33.67769226286836,test
2016-10-22 02:00:00,2016-10-22 03:00:00,h1,1,Beijing,Prophet,22.833333,30.74868813083968,test
2016-10-22 03:00:00,2016-10-22 04:00:00,h1,1,Beijing,Prophet,19.083333,27.206460264759528,test
2016-10-22 04:00:00,2016-10-22 05:00:00,h1,1,Beijing,Prophet,16.083333,23.09629555536824,test
2016-10-22 05:00:00,2016-10-22 06:00:00,h1,1,Beijing,Prophet,16.333333,20.221642079974274,test
2016-10-22 06:00:00,2016-10-22 07:00:00,h1,1,Beijing,Prophet,11.333333,21.854996060952807,test
2016-10-22 07:00:00,2016-10-22 08:00:00,h1,1,Beijing,Prophet,9.666667,17.498245855861487,test
2016-10-22 08:00:00,2016-10-22 09:00:00,h1,1,Beijing,Prophet,10.833333,18.28544112879013,test
2016-10-22 09:00:00,2016-10-22 10:00:00,h1,1,Beijing,Prophet,8.5,19.928617057326548,test
2016-10-22 10:00:00,2016-10-22 11:00:00,h1,1,Beijing,Prophet,6.416667,14.865434616751838,test
2016-10-22 11:00:00,2016-10-22 12:00:00,h1,1,Beijing,Prophet,5.916667,13.011411345532167,test
2016-10-22 12:00:00,2016-10-22 13:00:00,h1,1,Beijing,Prophet,7.916667,13.505596573865144,test
2016-10-22 13:00:00,2016-10-22 14:00:00,h1,1,Beijing,Prophet,9.916667,17.710430539833485,test
2016-10-22 14:00:00,2016-10-22 15:00:00,h1,1,Beijing,Prophet,7.083333,19.0013551219368,test
2016-10-22 15:00:00,2016-10-22 16:00:00,h1,1,Beijing,Prophet,10.0,15.142866356401065,test
2016-10-22 16:00:00,2016-10-22 17:00:00,h1,1,Beijing,Prophet,9.25,20.132498659171475,test
2016-10-22 17:00:00,2016-10-22 18:00:00,h1,1,Beijing,Prophet,11.0,18.799482673567418,test
2016-10-22 18:00:00,2016-10-22 19:00:00,h1,1,Beijing,Prophet,13.833333,22.17473860507532,test
2016-10-22 19:00:00,2016-10-22 20:00:00,h1,1,Beijing,Prophet,14.25,25.312633786266915,test
2016-10-22 20:00:00,2016-10-22 21:00:00,h1,1,Beijing,Prophet,15.666667,22.61909887003852,test
2016-10-22 21:00:00,2016-10-22 22:00:00,h1,1,Beijing,Prophet,17.75,23.15061528365922,test
2016-10-22 22:00:00,2016-10-22 23:00:00,h1,1,Beijing,Prophet,21.5,24.047583088739,test
2016-10-22 23:00:00,2016-10-23 00:00:00,h1,1,Beijing,Prophet,21.833333,26.738515159476254,test
2016-10-23 00:00:00,2016-10-23 01:00:00,h1,1,Beijing,Prophet,21.416667,26.075039731760906,test
2016-10-23 01:00:00,2016-10-23 02:00:00,h1,1,Beijing,Prophet,23.583333,26.225669091861974,test
2016-10-23 02:00:00,2016-10-23 03:00:00,h1,1,Beijing,Prophet,26.25,29.33353577001923,test
2016-10-23 03:00:00,2016-10-23 04:00:00,h1,1,Beijing,Prophet,22.166667,31.458282689071257,test
2016-10-23 04:00:00,2016-10-23 05:00:00,h1,1,Beijing,Prophet,23.5,25.58804875371697,test
2016-10-23 05:00:00,2016-10-23 06:00:00,h1,1,Beijing,Prophet,22.416667,30.29493198396289,test
2016-10-23 06:00:00,2016-10-23 07:00:00,h1,1,Beijing,Prophet,22.833333,28.47136816352171,test
2016-10-23 07:00:00,2016-10-23 08:00:00,h1,1,Beijing,Prophet,23.416667,31.076380747586022,test
2016-10-23 08:00:00,2016-10-23 09:00:00,h1,1,Beijing,Prophet,22.0,32.68274244028725,test
2016-10-23 09:00:00,2016-10-23 10:00:00,h1,1,Beijing,Prophet,21.333333,27.678884654758455,test
2016-10-23 10:00:00,2016-10-23 11:00:00,h1,1,Beijing,Prophet,21.333333,27.785688450394197,test
2016-10-23 11:00:00,2016-10-23 12:00:00,h1,1,Beijing,Prophet,21.583333,27.176204232312976,test
2016-10-23 12:00:00,2016-10-23 13:00:00,h1,1,Beijing,Prophet,23.25,28.264446717431195,test
2016-10-23 13:00:00,2016-10-23 14:00:00,h1,1,Beijing,Prophet,23.5,30.997091209052087,test
2016-10-23 14:00:00,2016-10-23 15:00:00,h1,1,Beijing,Prophet,25.0,31.352204534226434,test
2016-10-23 15:00:00,2016-10-23 16:00:00,h1,1,Beijing,Prophet,26.75,33.30726016253619,test
2016-10-23 16:00:00,2016-10-23 17:00:00,h1,1,Beijing,Prophet,27.416667,35.50788156318058,test
2016-10-23 17:00:00,2016-10-23 18:00:00,h1,1,Beijing,Prophet,27.75,37.90695889633707,test
2016-10-23 18:00:00,2016-10-23 19:00:00,h1,1,Beijing,Prophet,33.083333,39.21024199017868,test
2016-10-23 19:00:00,2016-10-23 20:00:00,h1,1,Beijing,Prophet,35.416667,43.65734519531725,test
2016-10-23 20:00:00,2016-10-23 21:00:00,h1,1,Beijing,Prophet,37.333333,45.48935753999684,test
2016-10-23 21:00:00,2016-10-23 22:00:00,h1,1,Beijing,Prophet,42.166667,45.244914271710016,test
2016-10-23 22:00:00,2016-10-23 23:00:00,h1,1,Beijing,Prophet,42.25,47.763156062707345,test
2016-10-23 23:00:00,2016-10-24 00:00:00,h1,1,Beijing,Prophet,45.25,45.83905753238711,test
2016-10-24 00:00:00,2016-10-24 01:00:00,h1,1,Beijing,Prophet,47.916667,50.55059030449,test
2016-10-24 01:00:00,2016-10-24 02:00:00,h1,1,Beijing,Prophet,45.083333,53.924643611370925,test
2016-10-24 02:00:00,2016-10-24 03:00:00,h1,1,Beijing,Prophet,42.833333,49.55845008520221,test
2016-10-24 03:00:00,2016-10-24 04:00:00,h1,1,Beijing,Prophet,43.416667,46.84369742803929,test
2016-10-24 04:00:00,2016-10-24 05:00:00,h1,1,Beijing,Prophet,41.666667,47.29699521991691,test
2016-10-24 05:00:00,2016-10-24 06:00:00,h1,1,Beijing,Prophet,37.333333,45.09097652102146,test
2016-10-24 06:00:00,2016-10-24 07:00:00,h1,1,Beijing,Prophet,33.5,42.05183871999443,test
2016-10-24 07:00:00,2016-10-24 08:00:00,h1,1,Beijing,Prophet,30.5,40.57713986156678,test
2016-10-24 08:00:00,2016-10-24 09:00:00,h1,1,Beijing,Prophet,34.583333,39.363236192710005,test
2016-10-24 09:00:00,2016-10-24 10:00:00,h1,1,Beijing,Prophet,42.333333,45.33208070731035,test
2016-10-24 10:00:00,2016-10-24 11:00:00,h1,1,Beijing,Prophet,49.0,52.54401813979368,test
2016-10-24 11:00:00,2016-10-24 12:00:00,h1,1,Beijing,Prophet,56.666667,59.74560269224678,test
2016-10-24 12:00:00,2016-10-24 13:00:00,h1,1,Beijing,Prophet,66.583333,67.2420263414699,test
2016-10-24 13:00:00,2016-10-24 14:00:00,h1,1,Beijing,Prophet,74.416667,77.43975240200723,test
2016-10-24 14:00:00,2016-10-24 15:00:00,h1,1,Beijing,Prophet,78.333333,84.4516036468388,test
2016-10-24 15:00:00,2016-10-24 16:00:00,h1,1,Beijing,Prophet,78.0,87.40911442463388,test
2016-10-24 16:00:00,2016-10-24 17:00:00,h1,1,Beijing,Prophet,84.583333,84.31707486048501,test
2016-10-24 17:00:00,2016-10-24 18:00:00,h1,1,Beijing,Prophet,81.916667,94.21639604382806,test
2016-10-24 18:00:00,2016-10-24 19:00:00,h1,1,Beijing,Prophet,85.5,91.95367710188421,test
2016-10-24 19:00:00,2016-10-24 20:00:00,h1,1,Beijing,Prophet,93.333333,92.95575052261792,test
2016-10-24 20:00:00,2016-10-24 21:00:00,h1,1,Beijing,Prophet,95.583333,102.20886886068847,test
2016-10-24 21:00:00,2016-10-24 22:00:00,h1,1,Beijing,Prophet,92.25,100.96350802829973,test
2016-10-24 22:00:00,2016-10-24 23:00:00,h1,1,Beijing,Prophet,89.666667,94.4125283949046,test
2016-10-24 23:00:00,2016-10-25 00:00:00,h1,1,Beijing,Prophet,87.833333,92.23722888776561,test
2016-10-25 00:00:00,2016-10-25 01:00:00,h1,1,Beijing,Prophet,86.083333,92.06567805550382,test
2016-10-25 01:00:00,2016-10-25 02:00:00,h1,1,Beijing,Prophet,82.75,90.79529094770473,test
2016-10-25 02:00:00,2016-10-25 03:00:00,h1,1,Beijing,Prophet,78.916667,86.13624837011228,test
2016-10-25 03:00:00,2016-10-25 04:00:00,h1,1,Beijing,Prophet,74.916667,80.77569273735264,test
2016-10-25 04:00:00,2016-10-25 05:00:00,h1,1,Beijing,Prophet,70.5,76.87189567532869,test
2016-10-25 05:00:00,2016-10-25 06:00:00,h1,1,Beijing,Prophet,63.166667,74.83551478275218,test
2016-10-25 06:00:00,2016-10-25 07:00:00,h1,1,Beijing,Prophet,62.833333,65.73795135839434,test
2016-10-25 07:00:00,2016-10-25 08:00:00,h1,1,Beijing,Prophet,65.666667,70.5874819946819,test
2016-10-25 08:00:00,2016-10-25 09:00:00,h1,1,Beijing,Prophet,76.0,75.38742217869506,test
2016-10-25 09:00:00,2016-10-25 10:00:00,h1,1,Beijing,Prophet,86.166667,84.28505910497813,test
2016-10-25 10:00:00,2016-10-25 11:00:00,h1,1,Beijing,Prophet,94.694444,94.7863072718882,test
2016-10-25 11:00:00,2016-10-25 12:00:00,h1,1,Beijing,Prophet,95.180556,103.16571726016377,test
2016-10-25 12:00:00,2016-10-25 13:00:00,h1,1,Beijing,Prophet,106.0,99.96248507186436,test
2016-10-25 13:00:00,2016-10-25 14:00:00,h1,1,Beijing,Prophet,125.833333,113.17305829214803,test
2016-10-25 14:00:00,2016-10-25 15:00:00,h1,1,Beijing,Prophet,126.75,135.8240287327216,test
2016-10-25 15:00:00,2016-10-25 16:00:00,h1,1,Beijing,Prophet,106.0,129.17314176667827,test
2016-10-25 16:00:00,2016-10-25 17:00:00,h1,1,Beijing,Prophet,108.583333,99.48374317568785,test
2016-10-25 17:00:00,2016-10-25 18:00:00,h1,1,Beijing,Prophet,106.416667,111.9386757154422,test
2016-10-25 18:00:00,2016-10-25 19:00:00,h1,1,Beijing,Prophet,112.5,113.95177965717059,test
2016-10-25 19:00:00,2016-10-25 20:00:00,h1,1,Beijing,Prophet,122.833333,119.00314938159286,test
2016-10-25 20:00:00,2016-10-25 21:00:00,h1,1,Beijing,Prophet,130.666667,130.63740673285184,test
2016-10-25 21:00:00,2016-10-25 22:00:00,h1,1,Beijing,Prophet,129.166667,135.9079176996791,test
2016-10-25 22:00:00,2016-10-25 23:00:00,h1,1,Beijing,Prophet,125.083333,131.5344239182108,test
2016-10-25 23:00:00,2016-10-26 00:00:00,h1,1,Beijing,Prophet,22.916667,124.78846583828268,test
2016-10-29 00:00:00,2016-10-29 01:00:00,h1,1,Beijing,Prophet,21.666667,6.1606291088280685,test
2016-10-29 01:00:00,2016-10-29 02:00:00,h1,1,Beijing,Prophet,17.333333,18.35904389631468,test
2016-10-29 02:00:00,2016-10-29 03:00:00,h1,1,Beijing,Prophet,12.916667,22.175142819776863,test
2016-10-29 03:00:00,2016-10-29 04:00:00,h1,1,Beijing,Prophet,14.25,16.01812035421382,test
2016-10-29 04:00:00,2016-10-29 05:00:00,h1,1,Beijing,Prophet,11.916667,17.134011429870544,test
2016-10-29 05:00:00,2016-10-29 06:00:00,h1,1,Beijing,Prophet,13.5,15.821789495279994,test
2016-10-29 06:00:00,2016-10-29 07:00:00,h1,1,Beijing,Prophet,13.916667,18.50033948945374,test
2016-10-29 07:00:00,2016-10-29 08:00:00,h1,1,Beijing,Prophet,15.0,20.753221567617036,test
2016-10-29 08:00:00,2016-10-29 09:00:00,h1,1,Beijing,Prophet,16.833333,23.79147158203088,test
2016-10-29 09:00:00,2016-10-29 10:00:00,h1,1,Beijing,Prophet,17.333333,23.18455607893672,test
2016-10-29 10:00:00,2016-10-29 11:00:00,h1,1,Beijing,Prophet,19.416667,22.195139116465846,test
2016-10-29 11:00:00,2016-10-29 12:00:00,h1,1,Beijing,Prophet,20.5,25.6504515711918,test
2016-10-29 12:00:00,2016-10-29 13:00:00,h1,1,Beijing,Prophet,25.0,25.845551884564188,test
2016-10-29 13:00:00,2016-10-29 14:00:00,h1,1,Beijing,Prophet,24.416667,31.218942672180273,test
2016-10-29 14:00:00,2016-10-29 15:00:00,h1,1,Beijing,Prophet,26.916667,28.807559119494677,test
2016-10-29 15:00:00,2016-10-29 16:00:00,h1,1,Beijing,Prophet,25.25,31.89016170662341,test
2016-10-29 16:00:00,2016-10-29 17:00:00,h1,1,Beijing,Prophet,24.75,28.884779112496638,test
2016-10-29 17:00:00,2016-10-29 18:00:00,h1,1,Beijing,Prophet,28.166667,29.442444879628702,test
2016-10-29 18:00:00,2016-10-29 19:00:00,h1,1,Beijing,Prophet,34.833333,35.95379363131512,test
2016-10-29 19:00:00,2016-10-29 20:00:00,h1,1,Beijing,Prophet,41.666667,43.33864558120145,test
2016-10-29 20:00:00,2016-10-29 21:00:00,h1,1,Beijing,Prophet,42.083333,47.57557328948063,test
2016-10-29 21:00:00,2016-10-29 22:00:00,h1,1,Beijing,Prophet,43.833333,45.06448843998678,test
2016-10-29 22:00:00,2016-10-29 23:00:00,h1,1,Beijing,Prophet,45.5,46.66871714370357,test
2016-10-29 23:00:00,2016-10-30 00:00:00,h1,1,Beijing,Prophet,48.0,47.13770417216448,test
2016-10-30 00:00:00,2016-10-30 01:00:00,h1,1,Beijing,Prophet,47.333333,49.701404929122624,test
2016-10-30 01:00:00,2016-10-30 02:00:00,h1,1,Beijing,Prophet,50.708333,51.2817973838262,test
2016-10-30 02:00:00,2016-10-30 03:00:00,h1,1,Beijing,Prophet,51.583333,56.179118487104105,test
2016-10-30 03:00:00,2016-10-30 04:00:00,h1,1,Beijing,Prophet,52.25,54.221520546832664,test
2016-10-30 04:00:00,2016-10-30 05:00:00,h1,1,Beijing,Prophet,54.5,54.99727979310538,test
2016-10-30 05:00:00,2016-10-30 06:00:00,h1,1,Beijing,Prophet,58.916667,58.07447367093185,test
2016-10-30 06:00:00,2016-10-30 07:00:00,h1,1,Beijing,Prophet,60.416667,64.69759817292925,test
2016-10-30 07:00:00,2016-10-30 08:00:00,h1,1,Beijing,Prophet,63.833333,66.71110156614004,test
2016-10-30 08:00:00,2016-10-30 09:00:00,h1,1,Beijing,Prophet,72.583333,71.62979624650833,test
2016-10-30 09:00:00,2016-10-30 10:00:00,h1,1,Beijing,Prophet,74.5,79.90726815483245,test
2016-10-30 10:00:00,2016-10-30 11:00:00,h1,1,Beijing,Prophet,81.166667,78.35075145548902,test
2016-10-30 11:00:00,2016-10-30 12:00:00,h1,1,Beijing,Prophet,84.708333,86.66774936623685,test
2016-10-30 12:00:00,2016-10-30 13:00:00,h1,1,Beijing,Prophet,87.083333,88.64495976045403,test
2016-10-30 13:00:00,2016-10-30 14:00:00,h1,1,Beijing,Prophet,77.75,90.42447186707963,test
2016-10-30 14:00:00,2016-10-30 15:00:00,h1,1,Beijing,Prophet,39.083333,76.27269164451592,test
2016-10-30 15:00:00,2016-10-30 16:00:00,h1,1,Beijing,Prophet,11.416667,27.7830696485284,test
2016-10-30 16:00:00,2016-10-30 17:00:00,h1,1,Beijing,Prophet,7.25,6.147873759057084,test
2016-10-30 17:00:00,2016-10-30 18:00:00,h1,1,Beijing,Prophet,7.333333,12.981811844891496,test
2016-10-30 18:00:00,2016-10-30 19:00:00,h1,1,Beijing,Prophet,6.583333,16.118811441553706,test
2016-10-30 19:00:00,2016-10-30 20:00:00,h1,1,Beijing,Prophet,6.333333,12.170433783490559,test
2016-10-30 20:00:00,2016-10-30 21:00:00,h1,1,Beijing,Prophet,6.583333,9.818231609522329,test
2016-10-30 21:00:00,2016-10-30 22:00:00,h1,1,Beijing,Prophet,3.666667,8.75765598125476,test
2016-10-30 22:00:00,2016-10-30 23:00:00,h1,1,Beijing,Prophet,4.333333,2.183472003846397,test
2016-10-30 23:00:00,2016-10-31 00:00:00,h1,1,Beijing,Prophet,4.25,3.8366514253032236,test
2016-10-31 00:00:00,2016-10-31 01:00:00,h1,1,Beijing,Prophet,3.25,3.6160981514728334,test
2016-10-31 01:00:00,2016-10-31 02:00:00,h1,1,Beijing,Prophet,3.666667,3.3352745924491103,test
2016-10-31 02:00:00,2016-10-31 03:00:00,h1,1,Beijing,Prophet,4.0,4.831671164025799,test
2016-10-31 03:00:00,2016-10-31 04:00:00,h1,1,Beijing,Prophet,4.0,3.7382967970405474,test
2016-10-31 04:00:00,2016-10-31 05:00:00,h1,1,Beijing,Prophet,3.5,4.17948644688834,test
2016-10-31 05:00:00,2016-10-31 06:00:00,h1,1,Beijing,Prophet,3.333333,4.168186918996447,test
2016-10-31 06:00:00,2016-10-31 07:00:00,h1,1,Beijing,Prophet,4.0,4.922520031563373,test
2016-10-31 07:00:00,2016-10-31 08:00:00,h1,1,Beijing,Prophet,5.583333,7.0318148630104815,test
2016-10-31 08:00:00,2016-10-31 09:00:00,h1,1,Beijing,Prophet,6.166667,11.199783692092133,test
2016-10-31 09:00:00,2016-10-31 10:00:00,h1,1,Beijing,Prophet,5.666667,10.224581044094357,test
2016-10-31 10:00:00,2016-10-31 11:00:00,h1,1,Beijing,Prophet,7.416667,7.718658824749724,test
2016-10-31 11:00:00,2016-10-31 12:00:00,h1,1,Beijing,Prophet,7.479167,10.745754403166984,test
2016-10-31 12:00:00,2016-10-31 13:00:00,h1,1,Beijing,Prophet,6.041667,10.349101344714605,test
2016-10-31 13:00:00,2016-10-31 14:00:00,h1,1,Beijing,Prophet,5.6875,8.888678120929843,test
2016-10-31 14:00:00,2016-10-31 15:00:00,h1,1,Beijing,Prophet,7.583333,9.089169588154231,test
2016-10-31 15:00:00,2016-10-31 16:00:00,h1,1,Beijing,Prophet,8.791667,11.870405054791917,test
2016-10-31 16:00:00,2016-10-31 17:00:00,h1,1,Beijing,Prophet,9.916667,13.940000692908843,test
2016-10-31 17:00:00,2016-10-31 18:00:00,h1,1,Beijing,Prophet,11.666667,15.348443327822018,test
2016-10-31 18:00:00,2016-10-31 19:00:00,h1,1,Beijing,Prophet,15.166667,18.846566773649453,test
2016-10-31 19:00:00,2016-10-31 20:00:00,h1,1,Beijing,Prophet,19.0,23.21231331368313,test
2016-10-31 20:00:00,2016-10-31 21:00:00,h1,1,Beijing,Prophet,18.916667,25.4307291313321,test
2016-10-31 21:00:00,2016-10-31 22:00:00,h1,1,Beijing,Prophet,21.5,23.54486085351378,test
2016-10-31 22:00:00,2016-10-31 23:00:00,h1,1,Beijing,Prophet,20.416667,25.910774758660374,test
2016-10-31 23:00:00,2016-11-01 00:00:00,h1,1,Beijing,Prophet,19.916667,22.249432562841672,test
2016-11-01 00:00:00,2016-11-01 01:00:00,h1,1,Beijing,Prophet,19.583333,23.342303539360145,test
2016-11-01 01:00:00,2016-11-01 02:00:00,h1,1,Beijing,Prophet,17.166667,25.425455455092106,test
2016-11-01 02:00:00,2016-11-01 03:00:00,h1,1,Beijing,Prophet,18.0,21.664133391726548,test
2016-11-01 03:00:00,2016-11-01 04:00:00,h1,1,Beijing,Prophet,17.5,23.067107480011565,test
2016-11-01 04:00:00,2016-11-01 05:00:00,h1,1,Beijing,Prophet,19.666667,22.184199615523823,test
2016-11-01 05:00:00,2016-11-01 06:00:00,h1,1,Beijing,Prophet,18.916667,24.7463078024712,test
2016-11-01 06:00:00,2016-11-01 07:00:00,h1,1,Beijing,Prophet,19.833333,25.438231715525,test
2016-11-01 07:00:00,2016-11-01 08:00:00,h1,1,Beijing,Prophet,24.166667,27.65761607929934,test
2016-11-01 08:00:00,2016-11-01 09:00:00,h1,1,Beijing,Prophet,23.083333,34.127230239122625,test
2016-11-01 09:00:00,2016-11-01 10:00:00,h1,1,Beijing,Prophet,22.916667,29.107992576272636,test
2016-11-01 10:00:00,2016-11-01 11:00:00,h1,1,Beijing,Prophet,31.75,27.745055182029244,test
2016-11-01 11:00:00,2016-11-01 12:00:00,h1,1,Beijing,Prophet,40.0,40.590645589500355,test
2016-11-01 12:00:00,2016-11-01 13:00:00,h1,1,Beijing,Prophet,47.5,48.67904158983879,test
2016-11-01 13:00:00,2016-11-01 14:00:00,h1,1,Beijing,Prophet,51.583333,55.41883580337383,test
2016-11-01 14:00:00,2016-11-01 15:00:00,h1,1,Beijing,Prophet,53.916667,56.98402311507823,test
2016-11-01 15:00:00,2016-11-01 16:00:00,h1,1,Beijing,Prophet,57.333333,58.6063088929896,test
2016-11-01 16:00:00,2016-11-01 17:00:00,h1,1,Beijing,Prophet,56.75,63.398950564522124,test
2016-11-01 17:00:00,2016-11-01 18:00:00,h1,1,Beijing,Prophet,62.583333,63.10326124417456,test
2016-11-01 18:00:00,2016-11-01 19:00:00,h1,1,Beijing,Prophet,68.333333,72.84349451337266,test
2016-11-01 19:00:00,2016-11-01 20:00:00,h1,1,Beijing,Prophet,67.583333,77.84185724537,test
2016-11-01 20:00:00,2016-11-01 21:00:00,h1,1,Beijing,Prophet,72.0,72.23240905544768,test
2016-11-01 21:00:00,2016-11-01 22:00:00,h1,1,Beijing,Prophet,76.833333,77.81241075697201,test
2016-11-01 22:00:00,2016-11-01 23:00:00,h1,1,Beijing,Prophet,81.166667,82.46353798506253,test
2016-11-01 23:00:00,2016-11-02 00:00:00,h1,1,Beijing,Prophet,85.666667,85.77397458827787,test
2016-11-02 00:00:00,2016-11-02 01:00:00,h1,1,Beijing,Prophet,87.25,90.61040920968023,test
2016-11-02 01:00:00,2016-11-02 02:00:00,h1,1,Beijing,Prophet,86.5,90.99877183723885,test
2016-11-02 02:00:00,2016-11-02 03:00:00,h1,1,Beijing,Prophet,88.833333,89.3807504043333,test
2016-11-02 03:00:00,2016-11-02 04:00:00,h1,1,Beijing,Prophet,88.583333,90.45684770087115,test
2016-11-02 04:00:00,2016-11-02 05:00:00,h1,1,Beijing,Prophet,87.0,90.57411710572956,test
2016-11-02 05:00:00,2016-11-02 06:00:00,h1,1,Beijing,Prophet,85.916667,88.86511583368798,test
2016-11-02 06:00:00,2016-11-02 07:00:00,h1,1,Beijing,Prophet,81.416667,89.50326540447418,test
2016-11-02 07:00:00,2016-11-02 08:00:00,h1,1,Beijing,Prophet,81.666667,86.48032725190214,test
2016-11-02 08:00:00,2016-11-02 09:00:00,h1,1,Beijing,Prophet,88.666667,88.97884607436738,test
2016-11-02 09:00:00,2016-11-02 10:00:00,h1,1,Beijing,Prophet,87.666667,94.98521141059314,test
2016-11-02 10:00:00,2016-11-02 11:00:00,h1,1,Beijing,Prophet,91.666667,90.41145371171214,test
2016-11-02 11:00:00,2016-11-02 12:00:00,h1,1,Beijing,Prophet,99.0,95.81563639162025,test
2016-11-02 12:00:00,2016-11-02 13:00:00,h1,1,Beijing,Prophet,99.916667,102.58567535315433,test
2016-11-02 13:00:00,2016-11-02 14:00:00,h1,1,Beijing,Prophet,90.75,101.39166492403623,test
2016-11-02 14:00:00,2016-11-02 15:00:00,h1,1,Beijing,Prophet,91.0,86.80113016620939,test
2016-11-02 15:00:00,2016-11-02 16:00:00,h1,1,Beijing,Prophet,93.666667,90.15301794008255,test
2016-11-02 16:00:00,2016-11-02 17:00:00,h1,1,Beijing,Prophet,99.027778,94.81373432017547,test
2016-11-02 17:00:00,2016-11-02 18:00:00,h1,1,Beijing,Prophet,105.888889,103.63432977171502,test
2016-11-02 18:00:00,2016-11-02 19:00:00,h1,1,Beijing,Prophet,114.083333,114.43602702462046,test
2016-11-02 19:00:00,2016-11-02 20:00:00,h1,1,Beijing,Prophet,135.916667,123.45644023274039,test
2016-11-02 20:00:00,2016-11-02 21:00:00,h1,1,Beijing,Prophet,143.083333,147.31036014983871,test
2016-11-02 21:00:00,2016-11-02 22:00:00,h1,1,Beijing,Prophet,144.416667,144.3952539017157,test
2016-11-02 22:00:00,2016-11-02 23:00:00,h1,1,Beijing,Prophet,144.0,142.61781254486505,test
2016-11-02 23:00:00,2016-11-03 00:00:00,h1,1,Beijing,Prophet,138.833333,142.55193412376337,test
2016-11-03 00:00:00,2016-11-03 01:00:00,h1,1,Beijing,Prophet,132.25,138.61418696298284,test
2016-11-03 01:00:00,2016-11-03 02:00:00,h1,1,Beijing,Prophet,128.416667,132.5657871742612,test
2016-11-03 02:00:00,2016-11-03 03:00:00,h1,1,Beijing,Prophet,127.666667,128.54235031555794,test
2016-11-03 03:00:00,2016-11-03 04:00:00,h1,1,Beijing,Prophet,127.666667,127.53117603243032,test
2016-11-03 04:00:00,2016-11-03 05:00:00,h1,1,Beijing,Prophet,125.666667,126.93669691642106,test
2016-11-03 05:00:00,2016-11-03 06:00:00,h1,1,Beijing,Prophet,120.083333,126.73842575509812,test
2016-11-03 06:00:00,2016-11-03 07:00:00,h1,1,Beijing,Prophet,110.25,120.66461841921625,test
2016-11-03 07:00:00,2016-11-03 08:00:00,h1,1,Beijing,Prophet,104.833333,113.11273087659455,test
2016-11-03 08:00:00,2016-11-03 09:00:00,h1,1,Beijing,Prophet,103.166667,110.56244617317626,test
2016-11-03 09:00:00,2016-11-03 10:00:00,h1,1,Beijing,Prophet,120.166667,108.10959449300547,test
2016-11-03 10:00:00,2016-11-03 11:00:00,h1,1,Beijing,Prophet,148.583333,128.30412731327613,test
2016-11-03 11:00:00,2016-11-03 12:00:00,h1,1,Beijing,Prophet,175.583333,159.7379740993277,test
2016-11-03 12:00:00,2016-11-03 13:00:00,h1,1,Beijing,Prophet,193.25,184.64922935797256,test
2016-11-03 13:00:00,2016-11-03 14:00:00,h1,1,Beijing,Prophet,224.75,200.42020293928323,test
2016-11-03 14:00:00,2016-11-03 15:00:00,h1,1,Beijing,Prophet,265.416667,231.99721115078123,test
2016-11-03 15:00:00,2016-11-03 16:00:00,h1,1,Beijing,Prophet,251.416667,274.2269574217166,test
2016-11-03 16:00:00,2016-11-03 17:00:00,h1,1,Beijing,Prophet,243.597222,247.30165604173504,test
2016-11-03 17:00:00,2016-11-03 18:00:00,h1,1,Beijing,Prophet,253.277778,243.26156032156013,test
2016-11-03 18:00:00,2016-11-03 19:00:00,h1,1,Beijing,Prophet,262.375,260.3257507323796,test
2016-11-03 19:00:00,2016-11-03 20:00:00,h1,1,Beijing,Prophet,264.972222,268.3077696339832,test
2016-11-03 20:00:00,2016-11-03 21:00:00,h1,1,Beijing,Prophet,261.902778,266.7286290927006,test
2016-11-03 21:00:00,2016-11-03 22:00:00,h1,1,Beijing,Prophet,248.583333,258.2754634547264,test
2016-11-03 22:00:00,2016-11-03 23:00:00,h1,1,Beijing,Prophet,240.666667,243.46168470210262,test
2016-11-03 23:00:00,2016-11-04 00:00:00,h1,1,Beijing,Prophet,207.083333,234.81184196798088,test
2016-11-05 00:00:00,2016-11-05 01:00:00,h1,1,Beijing,Prophet,209.583333,190.13594637988928,test
2016-11-05 01:00:00,2016-11-05 02:00:00,h1,1,Beijing,Prophet,202.666667,211.06013070942103,test
2016-11-05 02:00:00,2016-11-05 03:00:00,h1,1,Beijing,Prophet,189.916667,197.87136735753612,test
2016-11-05 03:00:00,2016-11-05 04:00:00,h1,1,Beijing,Prophet,176.833333,182.92295114781953,test
2016-11-05 04:00:00,2016-11-05 05:00:00,h1,1,Beijing,Prophet,161.083333,169.58668752868957,test
2016-11-05 05:00:00,2016-11-05 06:00:00,h1,1,Beijing,Prophet,151.833333,154.89389270874403,test
2016-11-05 06:00:00,2016-11-05 07:00:00,h1,1,Beijing,Prophet,141.75,150.89639852524144,test
2016-11-05 07:00:00,2016-11-05 08:00:00,h1,1,Beijing,Prophet,141.75,143.74672056051656,test
2016-11-05 08:00:00,2016-11-05 09:00:00,h1,1,Beijing,Prophet,162.25,146.31748029519,test
2016-11-05 09:00:00,2016-11-05 10:00:00,h1,1,Beijing,Prophet,200.166667,170.6384951601947,test
2016-11-05 10:00:00,2016-11-05 11:00:00,h1,1,Beijing,Prophet,206.5,212.13114350435978,test
2016-11-05 11:00:00,2016-11-05 12:00:00,h1,1,Beijing,Prophet,177.25,206.44493515728965,test
2016-11-05 12:00:00,2016-11-05 13:00:00,h1,1,Beijing,Prophet,195.166667,160.80738634339997,test
2016-11-05 13:00:00,2016-11-05 14:00:00,h1,1,Beijing,Prophet,187.833333,189.00517100244736,test
2016-11-05 14:00:00,2016-11-05 15:00:00,h1,1,Beijing,Prophet,196.75,180.09364114924782,test
2016-11-05 15:00:00,2016-11-05 16:00:00,h1,1,Beijing,Prophet,198.916667,196.64102101655558,test
2016-11-05 16:00:00,2016-11-05 17:00:00,h1,1,Beijing,Prophet,199.25,199.14154641720634,test
2016-11-05 17:00:00,2016-11-05 18:00:00,h1,1,Beijing,Prophet,200.083333,205.16633578843903,test
2016-11-05 18:00:00,2016-11-05 19:00:00,h1,1,Beijing,Prophet,200.0,209.97683152284827,test
2016-11-05 19:00:00,2016-11-05 20:00:00,h1,1,Beijing,Prophet,184.666667,205.37571217365985,test
2016-11-05 20:00:00,2016-11-05 21:00:00,h1,1,Beijing,Prophet,150.833333,178.14236135307962,test
2016-11-05 21:00:00,2016-11-05 22:00:00,h1,1,Beijing,Prophet,147.25,133.98118032760783,test
2016-11-05 22:00:00,2016-11-05 23:00:00,h1,1,Beijing,Prophet,131.333333,140.4191657457845,test
2016-11-05 23:00:00,2016-11-06 00:00:00,h1,1,Beijing,Prophet,129.916667,124.16935677059777,test
2016-11-06 00:00:00,2016-11-06 01:00:00,h1,1,Beijing,Prophet,132.083333,128.52438995153182,test
2016-11-06 01:00:00,2016-11-06 02:00:00,h1,1,Beijing,Prophet,118.416667,130.657974097171,test
2016-11-06 02:00:00,2016-11-06 03:00:00,h1,1,Beijing,Prophet,101.666667,113.1357732016279,test
2016-11-06 03:00:00,2016-11-06 04:00:00,h1,1,Beijing,Prophet,89.416667,95.39679995279319,test
2016-11-06 04:00:00,2016-11-06 05:00:00,h1,1,Beijing,Prophet,77.083333,84.78544187736924,test
2016-11-06 05:00:00,2016-11-06 06:00:00,h1,1,Beijing,Prophet,64.083333,73.98704097956488,test
2016-11-06 06:00:00,2016-11-06 07:00:00,h1,1,Beijing,Prophet,56.666667,62.684260913811315,test
2016-11-06 07:00:00,2016-11-06 08:00:00,h1,1,Beijing,Prophet,52.0,59.37305870428723,test
2016-11-06 08:00:00,2016-11-06 09:00:00,h1,1,Beijing,Prophet,49.916667,56.96949469185284,test
2016-11-06 09:00:00,2016-11-06 10:00:00,h1,1,Beijing,Prophet,49.666667,54.77461504890481,test
2016-11-06 10:00:00,2016-11-06 11:00:00,h1,1,Beijing,Prophet,50.166667,53.62949087915404,test
2016-11-06 11:00:00,2016-11-06 12:00:00,h1,1,Beijing,Prophet,49.583333,53.74461338461005,test
2016-11-06 12:00:00,2016-11-06 13:00:00,h1,1,Beijing,Prophet,48.25,52.794140903879395,test
2016-11-06 13:00:00,2016-11-06 14:00:00,h1,1,Beijing,Prophet,45.166667,52.12889060939805,test
2016-11-06 14:00:00,2016-11-06 15:00:00,h1,1,Beijing,Prophet,45.416667,50.18082028672319,test
2016-11-06 15:00:00,2016-11-06 16:00:00,h1,1,Beijing,Prophet,44.916667,52.32530703214395,test
2016-11-06 16:00:00,2016-11-06 17:00:00,h1,1,Beijing,Prophet,46.0,50.953704657357676,test
2016-11-06 17:00:00,2016-11-06 18:00:00,h1,1,Beijing,Prophet,54.666667,52.94340415338539,test
2016-11-06 18:00:00,2016-11-06 19:00:00,h1,1,Beijing,Prophet,63.75,64.95672110978018,test
2016-11-06 19:00:00,2016-11-06 20:00:00,h1,1,Beijing,Prophet,78.916667,74.55761883570933,test
2016-11-06 20:00:00,2016-11-06 21:00:00,h1,1,Beijing,Prophet,86.666667,90.04401689318755,test
2016-11-06 21:00:00,2016-11-06 22:00:00,h1,1,Beijing,Prophet,91.25,93.25780142473153,test
2016-11-06 22:00:00,2016-11-06 23:00:00,h1,1,Beijing,Prophet,98.0,94.07506397670238,test
2016-11-06 23:00:00,2016-11-07 00:00:00,h1,1,Beijing,Prophet,105.166667,102.69262145644541,test
2016-11-07 00:00:00,2016-11-07 01:00:00,h1,1,Beijing,Prophet,95.25,110.30816375223935,test
2016-11-07 01:00:00,2016-11-07 02:00:00,h1,1,Beijing,Prophet,89.666667,92.88478865661128,test
2016-11-07 02:00:00,2016-11-07 03:00:00,h1,1,Beijing,Prophet,82.333333,86.81207725422877,test
2016-11-07 03:00:00,2016-11-07 04:00:00,h1,1,Beijing,Prophet,75.833333,80.22071218999159,test
2016-11-07 04:00:00,2016-11-07 05:00:00,h1,1,Beijing,Prophet,73.75,73.21827929448563,test
2016-11-07 05:00:00,2016-11-07 06:00:00,h1,1,Beijing,Prophet,69.5,76.15508382856623,test
2016-11-07 06:00:00,2016-11-07 07:00:00,h1,1,Beijing,Prophet,67.416667,73.27256616064776,test
2016-11-07 07:00:00,2016-11-07 08:00:00,h1,1,Beijing,Prophet,63.25,73.30840309341775,test
2016-11-07 08:00:00,2016-11-07 09:00:00,h1,1,Beijing,Prophet,58.916667,69.01743177272554,test
2016-11-07 09:00:00,2016-11-07 10:00:00,h1,1,Beijing,Prophet,39.666667,61.117877579466466,test
2016-11-07 10:00:00,2016-11-07 11:00:00,h1,1,Beijing,Prophet,19.0,35.57851878678824,test
2016-11-07 11:00:00,2016-11-07 12:00:00,h1,1,Beijing,Prophet,12.25,15.402679603994027,test
2016-11-07 12:00:00,2016-11-07 13:00:00,h1,1,Beijing,Prophet,8.583333,16.401199529205147,test
2016-11-07 13:00:00,2016-11-07 14:00:00,h1,1,Beijing,Prophet,7.666667,14.431066885870994,test
2016-11-07 14:00:00,2016-11-07 15:00:00,h1,1,Beijing,Prophet,7.333333,15.149755333707532,test
2016-11-07 15:00:00,2016-11-07 16:00:00,h1,1,Beijing,Prophet,8.5,16.08085939960294,test
2016-11-07 16:00:00,2016-11-07 17:00:00,h1,1,Beijing,Prophet,6.583333,16.64407951389746,test
2016-11-07 17:00:00,2016-11-07 18:00:00,h1,1,Beijing,Prophet,8.166667,15.065764369218904,test
2016-11-07 18:00:00,2016-11-07 19:00:00,h1,1,Beijing,Prophet,10.166667,18.612609765981098,test
2016-11-07 19:00:00,2016-11-07 20:00:00,h1,1,Beijing,Prophet,12.333333,20.48574822611586,test
2016-11-07 20:00:00,2016-11-07 21:00:00,h1,1,Beijing,Prophet,11.0,21.19951731792376,test
2016-11-07 21:00:00,2016-11-07 22:00:00,h1,1,Beijing,Prophet,9.583333,14.80944727328755,test
2016-11-07 22:00:00,2016-11-07 23:00:00,h1,1,Beijing,Prophet,9.5,12.731191513316311,test
2016-11-07 23:00:00,2016-11-08 00:00:00,h1,1,Beijing,Prophet,11.166667,13.467516421415642,test
2016-11-08 00:00:00,2016-11-08 01:00:00,h1,1,Beijing,Prophet,14.333333,17.822627351341005,test
2016-11-08 01:00:00,2016-11-08 02:00:00,h1,1,Beijing,Prophet,11.583333,23.022838926109802,test
2016-11-08 02:00:00,2016-11-08 03:00:00,h1,1,Beijing,Prophet,11.333333,17.543866218329455,test
2016-11-08 03:00:00,2016-11-08 04:00:00,h1,1,Beijing,Prophet,12.916667,16.39007029836581,test
2016-11-08 04:00:00,2016-11-08 05:00:00,h1,1,Beijing,Prophet,12.833333,18.64269321604359,test
2016-11-08 05:00:00,2016-11-08 06:00:00,h1,1,Beijing,Prophet,13.666667,18.464526027936508,test
2016-11-08 06:00:00,2016-11-08 07:00:00,h1,1,Beijing,Prophet,17.75,20.742824820247733,test
2016-11-08 07:00:00,2016-11-08 08:00:00,h1,1,Beijing,Prophet,20.0,27.487977313876115,test
2016-11-08 08:00:00,2016-11-08 09:00:00,h1,1,Beijing,Prophet,23.833333,30.163795612907986,test
2016-11-08 09:00:00,2016-11-08 10:00:00,h1,1,Beijing,Prophet,23.25,31.205095630970263,test
2016-11-08 10:00:00,2016-11-08 11:00:00,h1,1,Beijing,Prophet,23.5,27.836208702156405,test
2016-11-08 11:00:00,2016-11-08 12:00:00,h1,1,Beijing,Prophet,24.208333,29.38386128459686,test
2016-11-08 12:00:00,2016-11-08 13:00:00,h1,1,Beijing,Prophet,25.25,29.951806211214127,test
2016-11-08 13:00:00,2016-11-08 14:00:00,h1,1,Beijing,Prophet,30.083333,31.46301566941752,test
2016-11-08 14:00:00,2016-11-08 15:00:00,h1,1,Beijing,Prophet,34.0,37.61112588485412,test
2016-11-08 15:00:00,2016-11-08 16:00:00,h1,1,Beijing,Prophet,37.611111,41.06408511985812,test
2016-11-08 16:00:00,2016-11-08 17:00:00,h1,1,Beijing,Prophet,53.138889,45.08829106002847,test
2016-11-08 17:00:00,2016-11-08 18:00:00,h1,1,Beijing,Prophet,58.25,65.49300068820952,test
2016-11-08 18:00:00,2016-11-08 19:00:00,h1,1,Beijing,Prophet,63.166667,70.66355271615123,test
2016-11-08 19:00:00,2016-11-08 20:00:00,h1,1,Beijing,Prophet,72.333333,74.80512635784136,test
2016-11-08 20:00:00,2016-11-08 21:00:00,h1,1,Beijing,Prophet,79.166667,83.35134246504055,test
2016-11-08 21:00:00,2016-11-08 22:00:00,h1,1,Beijing,Prophet,82.833333,88.26403065901096,test
2016-11-08 22:00:00,2016-11-08 23:00:00,h1,1,Beijing,Prophet,85.583333,88.58763773368649,test
2016-11-08 23:00:00,2016-11-09 00:00:00,h1,1,Beijing,Prophet,84.25,89.81457366213704,test
2016-11-09 00:00:00,2016-11-09 01:00:00,h1,1,Beijing,Prophet,83.333333,86.64747399674326,test
2016-11-09 01:00:00,2016-11-09 02:00:00,h1,1,Beijing,Prophet,85.75,87.02564544134691,test
2016-11-09 02:00:00,2016-11-09 03:00:00,h1,1,Beijing,Prophet,89.666667,90.21006213366937,test
2016-11-09 03:00:00,2016-11-09 04:00:00,h1,1,Beijing,Prophet,90.75,91.3148856752963,test
2016-11-09 04:00:00,2016-11-09 05:00:00,h1,1,Beijing,Prophet,89.0,91.53470538507115,test
2016-11-09 05:00:00,2016-11-09 06:00:00,h1,1,Beijing,Prophet,91.916667,89.75812002833116,test
2016-11-09 06:00:00,2016-11-09 07:00:00,h1,1,Beijing,Prophet,98.25,95.87882991610812,test
2016-11-09 07:00:00,2016-11-09 08:00:00,h1,1,Beijing,Prophet,105.416667,104.7469611184874,test
2016-11-09 08:00:00,2016-11-09 09:00:00,h1,1,Beijing,Prophet,115.416667,111.26487784737375,test
2016-11-09 09:00:00,2016-11-09 10:00:00,h1,1,Beijing,Prophet,129.75,120.5959178859645,test
2016-11-09 10:00:00,2016-11-09 11:00:00,h1,1,Beijing,Prophet,145.75,136.03839402312508,test
2016-11-09 11:00:00,2016-11-09 12:00:00,h1,1,Beijing,Prophet,164.75,152.45024560123474,test
2016-11-09 12:00:00,2016-11-09 13:00:00,h1,1,Beijing,Prophet,177.083333,171.62381010224289,test
2016-11-09 13:00:00,2016-11-09 14:00:00,h1,1,Beijing,Prophet,181.083333,179.7540610149773,test
2016-11-09 14:00:00,2016-11-09 15:00:00,h1,1,Beijing,Prophet,189.5,183.88813448779302,test
2016-11-09 15:00:00,2016-11-09 16:00:00,h1,1,Beijing,Prophet,195.75,196.00134387788268,test
2016-11-09 16:00:00,2016-11-09 17:00:00,h1,1,Beijing,Prophet,198.472222,200.5263810575969,test
2016-11-09 17:00:00,2016-11-09 18:00:00,h1,1,Beijing,Prophet,200.944444,204.01820261794467,test
2016-11-09 18:00:00,2016-11-09 19:00:00,h1,1,Beijing,Prophet,190.416667,206.8728257483037,test
2016-11-09 19:00:00,2016-11-09 20:00:00,h1,1,Beijing,Prophet,200.416667,189.50057502909328,test
2016-11-09 20:00:00,2016-11-09 21:00:00,h1,1,Beijing,Prophet,208.833333,204.0646650448211,test
2016-11-09 21:00:00,2016-11-09 22:00:00,h1,1,Beijing,Prophet,215.833333,213.0917167354311,test
2016-11-09 22:00:00,2016-11-09 23:00:00,h1,1,Beijing,Prophet,224.333333,216.89861021176023,test
2016-11-09 23:00:00,2016-11-10 00:00:00,h1,1,Beijing,Prophet,232.416667,222.50529358780088,test
2016-11-10 00:00:00,2016-11-10 01:00:00,h1,1,Beijing,Prophet,221.25,231.56153439529962,test
2016-11-10 01:00:00,2016-11-10 02:00:00,h1,1,Beijing,Prophet,209.833333,216.68817854973346,test
2016-11-10 02:00:00,2016-11-10 03:00:00,h1,1,Beijing,Prophet,192.25,203.63388476284302,test
2016-11-10 03:00:00,2016-11-10 04:00:00,h1,1,Beijing,Prophet,178.083333,186.21029971517527,test
2016-11-10 04:00:00,2016-11-10 05:00:00,h1,1,Beijing,Prophet,166.416667,175.2877354443467,test
2016-11-10 05:00:00,2016-11-10 06:00:00,h1,1,Beijing,Prophet,161.25,161.8514204442895,test
2016-11-10 06:00:00,2016-11-10 07:00:00,h1,1,Beijing,Prophet,159.916667,159.3802596547921,test
2016-11-10 07:00:00,2016-11-10 08:00:00,h1,1,Beijing,Prophet,155.583333,161.48679608693033,test
2016-11-10 08:00:00,2016-11-10 09:00:00,h1,1,Beijing,Prophet,158.833333,160.15459417010578,test
2016-11-10 09:00:00,2016-11-10 10:00:00,h1,1,Beijing,Prophet,163.0,160.82945683189325,test
2016-11-10 10:00:00,2016-11-10 11:00:00,h1,1,Beijing,Prophet,182.25,164.20141311452102,test
2016-11-10 11:00:00,2016-11-10 12:00:00,h1,1,Beijing,Prophet,178.25,190.05347979756857,test
2016-11-10 12:00:00,2016-11-10 13:00:00,h1,1,Beijing,Prophet,187.75,176.46778237177114,test
2016-11-10 13:00:00,2016-11-10 14:00:00,h1,1,Beijing,Prophet,186.416667,187.5010378011217,test
2016-11-10 14:00:00,2016-11-10 15:00:00,h1,1,Beijing,Prophet,160.708333,180.26358168216433,test
2016-11-10 15:00:00,2016-11-10 16:00:00,h1,1,Beijing,Prophet,135.25,147.70437519245968,test
2016-11-10 16:00:00,2016-11-10 17:00:00,h1,1,Beijing,Prophet,107.0,125.68480461945526,test
2016-11-10 17:00:00,2016-11-10 18:00:00,h1,1,Beijing,Prophet,133.25,97.91018766617545,test
2016-11-10 18:00:00,2016-11-10 19:00:00,h1,1,Beijing,Prophet,169.583333,144.30534823816262,test
2016-11-10 19:00:00,2016-11-10 20:00:00,h1,1,Beijing,Prophet,130.25,183.84967431741146,test
2016-11-10 20:00:00,2016-11-10 21:00:00,h1,1,Beijing,Prophet,69.75,122.32764859562229,test
2016-11-10 21:00:00,2016-11-10 22:00:00,h1,1,Beijing,Prophet,54.083333,52.537769950293935,test
2016-11-10 22:00:00,2016-11-10 23:00:00,h1,1,Beijing,Prophet,48.583333,52.425110422075235,test
2016-11-10 23:00:00,2016-11-11 00:00:00,h1,1,Beijing,Prophet,45.5,51.83384431303534,test
2016-11-11 00:00:00,2016-11-11 01:00:00,h1,1,Beijing,Prophet,41.75,48.29970731141117,test
2016-11-11 01:00:00,2016-11-11 02:00:00,h1,1,Beijing,Prophet,57.666667,44.23432672504991,test
2016-11-11 02:00:00,2016-11-11 03:00:00,h1,1,Beijing,Prophet,73.25,66.12337896623679,test
2016-11-11 03:00:00,2016-11-11 04:00:00,h1,1,Beijing,Prophet,90.5,81.33239147957615,test
2016-11-11 04:00:00,2016-11-11 05:00:00,h1,1,Beijing,Prophet,100.0,97.91409171217708,test
2016-11-11 05:00:00,2016-11-11 06:00:00,h1,1,Beijing,Prophet,99.833333,105.30241253827121,test
2016-11-11 06:00:00,2016-11-11 07:00:00,h1,1,Beijing,Prophet,103.666667,104.28747414580025,test
2016-11-11 07:00:00,2016-11-11 08:00:00,h1,1,Beijing,Prophet,115.833333,110.28148893128403,test
2016-11-11 08:00:00,2016-11-11 09:00:00,h1,1,Beijing,Prophet,116.583333,124.8054082255019,test
2016-11-11 09:00:00,2016-11-11 10:00:00,h1,1,Beijing,Prophet,114.166667,122.63961245472748,test
2016-11-11 10:00:00,2016-11-11 11:00:00,h1,1,Beijing,Prophet,107.0,117.69392868367402,test
2016-11-11 11:00:00,2016-11-11 12:00:00,h1,1,Beijing,Prophet,99.583333,107.85312352209604,test
2016-11-11 12:00:00,2016-11-11 13:00:00,h1,1,Beijing,Prophet,88.25,98.7326362010522,test
2016-11-11 13:00:00,2016-11-11 14:00:00,h1,1,Beijing,Prophet,68.833333,85.73394336096126,test
2016-11-11 14:00:00,2016-11-11 15:00:00,h1,1,Beijing,Prophet,58.0,65.46812675290326,test
2016-11-11 15:00:00,2016-11-11 16:00:00,h1,1,Beijing,Prophet,53.083333,59.00579044274923,test
2016-11-11 16:00:00,2016-11-11 17:00:00,h1,1,Beijing,Prophet,52.083333,58.205755736684694,test
2016-11-11 17:00:00,2016-11-11 18:00:00,h1,1,Beijing,Prophet,51.166667,61.2092541399786,test
2016-11-11 18:00:00,2016-11-11 19:00:00,h1,1,Beijing,Prophet,62.583333,62.7990875954829,test
2016-11-11 19:00:00,2016-11-11 20:00:00,h1,1,Beijing,Prophet,68.5,76.32651756738781,test
2016-11-11 20:00:00,2016-11-11 21:00:00,h1,1,Beijing,Prophet,67.25,79.21180980149038,test
2016-11-11 21:00:00,2016-11-11 22:00:00,h1,1,Beijing,Prophet,69.5,74.52643817873692,test
2016-11-11 22:00:00,2016-11-11 23:00:00,h1,1,Beijing,Prophet,72.583333,75.57053447285874,test
2016-11-11 23:00:00,2016-11-12 00:00:00,h1,1,Beijing,Prophet,68.5,78.21999239917056,test
2016-11-12 00:00:00,2016-11-12 01:00:00,h1,1,Beijing,Prophet,70.083333,72.6725466767682,test
2016-11-12 01:00:00,2016-11-12 02:00:00,h1,1,Beijing,Prophet,70.416667,75.52982416996528,test
2016-11-12 02:00:00,2016-11-12 03:00:00,h1,1,Beijing,Prophet,70.333333,74.70412567314452,test
2016-11-12 03:00:00,2016-11-12 04:00:00,h1,1,Beijing,Prophet,64.25,73.52641383694134,test
2016-11-12 04:00:00,2016-11-12 05:00:00,h1,1,Beijing,Prophet,65.25,64.66059370567326,test
2016-11-12 05:00:00,2016-11-12 06:00:00,h1,1,Beijing,Prophet,63.583333,68.45165116537459,test
2016-11-12 06:00:00,2016-11-12 07:00:00,h1,1,Beijing,Prophet,63.166667,68.06898033408405,test
2016-11-12 07:00:00,2016-11-12 08:00:00,h1,1,Beijing,Prophet,61.75,69.52435040802023,test
2016-11-12 08:00:00,2016-11-12 09:00:00,h1,1,Beijing,Prophet,57.75,68.97530004008706,test
2016-11-12 09:00:00,2016-11-12 10:00:00,h1,1,Beijing,Prophet,49.416667,62.104547860150674,test
2016-11-12 10:00:00,2016-11-12 11:00:00,h1,1,Beijing,Prophet,55.916667,51.48960123390693,test
2016-11-12 11:00:00,2016-11-12 12:00:00,h1,1,Beijing,Prophet,62.0,62.69284966697707,test
2016-11-12 12:00:00,2016-11-12 13:00:00,h1,1,Beijing,Prophet,74.583333,69.3237354130583,test
2016-11-12 13:00:00,2016-11-12 14:00:00,h1,1,Beijing,Prophet,77.416667,82.70213585587618,test
2016-11-12 14:00:00,2016-11-12 15:00:00,h1,1,Beijing,Prophet,81.0,83.65034553882438,test
2016-11-12 15:00:00,2016-11-12 16:00:00,h1,1,Beijing,Prophet,86.75,87.27148353270938,test
2016-11-12 16:00:00,2016-11-12 17:00:00,h1,1,Beijing,Prophet,90.25,94.05158643363902,test
2016-11-12 17:00:00,2016-11-12 18:00:00,h1,1,Beijing,Prophet,96.583333,99.89673768856603,test
2016-11-12 18:00:00,2016-11-12 19:00:00,h1,1,Beijing,Prophet,104.083333,108.84692522824619,test
2016-11-12 19:00:00,2016-11-12 20:00:00,h1,1,Beijing,Prophet,103.916667,113.60295642975888,test
2016-11-12 20:00:00,2016-11-12 21:00:00,h1,1,Beijing,Prophet,102.916667,109.50926823553877,test
2016-11-12 21:00:00,2016-11-12 22:00:00,h1,1,Beijing,Prophet,88.166667,104.39284066520892,test
2016-11-12 22:00:00,2016-11-12 23:00:00,h1,1,Beijing,Prophet,65.666667,82.43252405657684,test
2016-11-12 23:00:00,2016-11-13 00:00:00,h1,1,Beijing,Prophet,54.916667,59.46492335627763,test
2016-11-13 00:00:00,2016-11-13 01:00:00,h1,1,Beijing,Prophet,51.583333,54.1623193094144,test
2016-11-13 01:00:00,2016-11-13 02:00:00,h1,1,Beijing,Prophet,49.916667,54.97084424624752,test
2016-11-13 02:00:00,2016-11-13 03:00:00,h1,1,Beijing,Prophet,47.416667,53.09738018705668,test
2016-11-13 03:00:00,2016-11-13 04:00:00,h1,1,Beijing,Prophet,49.0,49.700729301775226,test
2016-11-13 04:00:00,2016-11-13 05:00:00,h1,1,Beijing,Prophet,52.166667,53.36907650408139,test
2016-11-13 05:00:00,2016-11-13 06:00:00,h1,1,Beijing,Prophet,53.5,57.36465914131679,test
2016-11-13 06:00:00,2016-11-13 07:00:00,h1,1,Beijing,Prophet,56.833333,59.8107113375697,test
2016-11-13 07:00:00,2016-11-13 08:00:00,h1,1,Beijing,Prophet,59.583333,65.79496975122905,test
2016-11-13 08:00:00,2016-11-13 09:00:00,h1,1,Beijing,Prophet,63.333333,69.97326700831998,test
2016-11-13 09:00:00,2016-11-13 10:00:00,h1,1,Beijing,Prophet,69.0,74.70465777853505,test
2016-11-13 10:00:00,2016-11-13 11:00:00,h1,1,Beijing,Prophet,78.083333,80.22921804522278,test
2016-11-13 11:00:00,2016-11-13 12:00:00,h1,1,Beijing,Prophet,89.5,89.58702648733288,test
2016-11-13 12:00:00,2016-11-13 13:00:00,h1,1,Beijing,Prophet,98.166667,101.56646695602188,test
2016-11-13 13:00:00,2016-11-13 14:00:00,h1,1,Beijing,Prophet,108.166667,109.97189590688147,test
2016-11-13 14:00:00,2016-11-13 15:00:00,h1,1,Beijing,Prophet,115.916667,120.50393788342346,test
2016-11-13 15:00:00,2016-11-13 16:00:00,h1,1,Beijing,Prophet,124.083333,124.45003154986614,test
2016-11-13 16:00:00,2016-11-13 17:00:00,h1,1,Beijing,Prophet,132.25,133.75560445643902,test
2016-11-13 17:00:00,2016-11-13 18:00:00,h1,1,Beijing,Prophet,137.75,141.89768122902848,test
2016-11-13 18:00:00,2016-11-13 19:00:00,h1,1,Beijing,Prophet,143.833333,146.84205730640008,test
2016-11-13 19:00:00,2016-11-13 20:00:00,h1,1,Beijing,Prophet,146.5,153.24665501039468,test
2016-11-13 20:00:00,2016-11-13 21:00:00,h1,1,Beijing,Prophet,153.333333,153.33085492596706,test
2016-11-13 21:00:00,2016-11-13 22:00:00,h1,1,Beijing,Prophet,162.083333,158.1333445606937,test
2016-11-13 22:00:00,2016-11-13 23:00:00,h1,1,Beijing,Prophet,159.25,166.36798461614796,test
2016-11-13 23:00:00,2016-11-14 00:00:00,h1,1,Beijing,Prophet,155.333333,160.3507492243911,test
2016-11-14 00:00:00,2016-11-14 01:00:00,h1,1,Beijing,Prophet,146.166667,155.3821296891595,test
2016-11-14 01:00:00,2016-11-14 02:00:00,h1,1,Beijing,Prophet,141.416667,144.82186261636298,test
2016-11-14 02:00:00,2016-11-14 03:00:00,h1,1,Beijing,Prophet,133.25,138.29278115427607,test
2016-11-14 03:00:00,2016-11-14 04:00:00,h1,1,Beijing,Prophet,127.833333,126.7994169234548,test
2016-11-14 04:00:00,2016-11-14 05:00:00,h1,1,Beijing,Prophet,94.0,122.94138410766837,test
2016-11-14 05:00:00,2016-11-14 06:00:00,h1,1,Beijing,Prophet,49.333333,82.46069914935346,test
2016-11-14 06:00:00,2016-11-14 07:00:00,h1,1,Beijing,Prophet,23.833333,32.26449993358598,test
2016-11-14 07:00:00,2016-11-14 08:00:00,h1,1,Beijing,Prophet,13.333333,17.842224268254473,test
2016-11-14 08:00:00,2016-11-14 09:00:00,h1,1,Beijing,Prophet,12.083333,15.945001135024768,test
2016-11-14 09:00:00,2016-11-14 10:00:00,h1,1,Beijing,Prophet,9.916667,17.044889616604348,test
2016-11-14 10:00:00,2016-11-14 11:00:00,h1,1,Beijing,Prophet,8.25,13.562159589598934,test
2016-11-14 11:00:00,2016-11-14 12:00:00,h1,1,Beijing,Prophet,9.333333,10.424564013294187,test
2016-11-14 12:00:00,2016-11-14 13:00:00,h1,1,Beijing,Prophet,7.166667,12.690084644690941,test
2016-11-14 13:00:00,2016-11-14 14:00:00,h1,1,Beijing,Prophet,9.75,10.291771821170126,test
2016-11-14 14:00:00,2016-11-14 15:00:00,h1,1,Beijing,Prophet,6.333333,14.474466111651903,test
2016-11-14 15:00:00,2016-11-14 16:00:00,h1,1,Beijing,Prophet,6.916667,8.79940517346406,test
2016-11-14 16:00:00,2016-11-14 17:00:00,h1,1,Beijing,Prophet,6.083333,11.562439187304548,test
2016-11-14 17:00:00,2016-11-14 18:00:00,h1,1,Beijing,Prophet,7.333333,11.861512693117795,test
2016-11-14 18:00:00,2016-11-14 19:00:00,h1,1,Beijing,Prophet,11.916667,16.1827266689756,test
2016-11-14 19:00:00,2016-11-14 20:00:00,h1,1,Beijing,Prophet,14.416667,21.2844383095435,test
2016-11-14 20:00:00,2016-11-14 21:00:00,h1,1,Beijing,Prophet,15.916667,20.972912416998046,test
2016-11-14 21:00:00,2016-11-14 22:00:00,h1,1,Beijing,Prophet,14.416667,20.480436023093542,test
2016-11-14 22:00:00,2016-11-14 23:00:00,h1,1,Beijing,Prophet,12.333333,17.526916192764112,test
2016-11-14 23:00:00,2016-11-15 00:00:00,h1,1,Beijing,Prophet,11.666667,14.515781247795783,test
2016-11-15 00:00:00,2016-11-15 01:00:00,h1,1,Beijing,Prophet,11.5,15.136659915109277,test
2016-11-15 01:00:00,2016-11-15 02:00:00,h1,1,Beijing,Prophet,13.75,17.114072114982118,test
2016-11-15 02:00:00,2016-11-15 03:00:00,h1,1,Beijing,Prophet,14.416667,18.882938496741303,test
2016-11-15 03:00:00,2016-11-15 04:00:00,h1,1,Beijing,Prophet,11.416667,18.213210011202342,test
2016-11-15 04:00:00,2016-11-15 05:00:00,h1,1,Beijing,Prophet,8.75,14.417982051471231,test
2016-11-15 05:00:00,2016-11-15 06:00:00,h1,1,Beijing,Prophet,10.416667,12.776341592857147,test
2016-11-15 06:00:00,2016-11-15 07:00:00,h1,1,Beijing,Prophet,14.5,16.947062104291486,test
2016-11-15 07:00:00,2016-11-15 08:00:00,h1,1,Beijing,Prophet,21.916667,24.735582293188237,test
2016-11-15 08:00:00,2016-11-15 09:00:00,h1,1,Beijing,Prophet,20.083333,33.27648946016114,test
2016-11-15 09:00:00,2016-11-15 10:00:00,h1,1,Beijing,Prophet,32.0,26.02229245551159,test
2016-11-15 10:00:00,2016-11-15 11:00:00,h1,1,Beijing,Prophet,33.25,40.47880979494046,test
2016-11-15 11:00:00,2016-11-15 12:00:00,h1,1,Beijing,Prophet,29.25,38.64113452709197,test
2016-11-15 12:00:00,2016-11-15 13:00:00,h1,1,Beijing,Prophet,30.25,31.90435024921905,test
2016-11-15 13:00:00,2016-11-15 14:00:00,h1,1,Beijing,Prophet,38.5,35.54384488606462,test
2016-11-15 14:00:00,2016-11-15 15:00:00,h1,1,Beijing,Prophet,46.583333,46.50595098347832,test
2016-11-15 15:00:00,2016-11-15 16:00:00,h1,1,Beijing,Prophet,47.916667,53.94848524197647,test
2016-11-15 16:00:00,2016-11-15 17:00:00,h1,1,Beijing,Prophet,48.833333,55.6391528391009,test
2016-11-15 17:00:00,2016-11-15 18:00:00,h1,1,Beijing,Prophet,58.166667,58.31060603672391,test
2016-11-15 18:00:00,2016-11-15 19:00:00,h1,1,Beijing,Prophet,65.75,72.31241069812864,test
2016-11-15 19:00:00,2016-11-15 20:00:00,h1,1,Beijing,Prophet,76.083333,79.0763070686518,test
2016-11-15 20:00:00,2016-11-15 21:00:00,h1,1,Beijing,Prophet,83.166667,87.16345422605741,test
2016-11-15 21:00:00,2016-11-15 22:00:00,h1,1,Beijing,Prophet,94.833333,90.02694919481016,test
2016-11-15 22:00:00,2016-11-15 23:00:00,h1,1,Beijing,Prophet,119.166667,100.91483299377232,test
2016-11-15 23:00:00,2016-11-16 00:00:00,h1,1,Beijing,Prophet,126.5,126.1258251847531,test
2016-11-16 00:00:00,2016-11-16 01:00:00,h1,1,Beijing,Prophet,110.583333,129.82687044397773,test
2016-11-16 01:00:00,2016-11-16 02:00:00,h1,1,Beijing,Prophet,103.583333,108.46323765292819,test
2016-11-16 02:00:00,2016-11-16 03:00:00,h1,1,Beijing,Prophet,92.916667,104.24311014919223,test
2016-11-16 03:00:00,2016-11-16 04:00:00,h1,1,Beijing,Prophet,83.416667,93.89994054797371,test
2016-11-16 04:00:00,2016-11-16 05:00:00,h1,1,Beijing,Prophet,74.75,82.81893989018482,test
2016-11-16 05:00:00,2016-11-16 06:00:00,h1,1,Beijing,Prophet,70.833333,74.61314276617799,test
2016-11-16 06:00:00,2016-11-16 07:00:00,h1,1,Beijing,Prophet,72.333333,74.02955984615593,test
2016-11-16 07:00:00,2016-11-16 08:00:00,h1,1,Beijing,Prophet,75.416667,79.38831654985552,test
2016-11-16 08:00:00,2016-11-16 09:00:00,h1,1,Beijing,Prophet,78.416667,84.01002101784775,test
2016-11-16 09:00:00,2016-11-16 10:00:00,h1,1,Beijing,Prophet,77.483333,84.8988809681505,test
2016-11-16 10:00:00,2016-11-16 11:00:00,h1,1,Beijing,Prophet,84.216667,80.8480947614289,test
2016-11-16 11:00:00,2016-11-16 12:00:00,h1,1,Beijing,Prophet,85.283333,86.99087208567697,test
2016-11-16 12:00:00,2016-11-16 13:00:00,h1,1,Beijing,Prophet,89.1,87.13809595130203,test
2016-11-16 13:00:00,2016-11-16 14:00:00,h1,1,Beijing,Prophet,92.583333,94.14863202379385,test
2016-11-16 14:00:00,2016-11-16 15:00:00,h1,1,Beijing,Prophet,93.472222,97.85782358592803,test
2016-11-16 15:00:00,2016-11-16 16:00:00,h1,1,Beijing,Prophet,91.611111,99.79582323411833,test
2016-11-16 16:00:00,2016-11-16 17:00:00,h1,1,Beijing,Prophet,90.333333,99.20865377481178,test
2016-11-16 17:00:00,2016-11-16 18:00:00,h1,1,Beijing,Prophet,97.0,101.10047214862581,test
2016-11-16 18:00:00,2016-11-16 19:00:00,h1,1,Beijing,Prophet,110.083333,110.48011978198645,test
2016-11-16 19:00:00,2016-11-16 20:00:00,h1,1,Beijing,Prophet,124.166667,123.54053410877334,test
2016-11-16 20:00:00,2016-11-16 21:00:00,h1,1,Beijing,Prophet,130.833333,134.78655064465852,test
2016-11-16 21:00:00,2016-11-16 22:00:00,h1,1,Beijing,Prophet,133.583333,138.3205035820775,test
2016-11-16 22:00:00,2016-11-16 23:00:00,h1,1,Beijing,Prophet,149.166667,136.55451330018758,test
2016-11-16 23:00:00,2016-11-17 00:00:00,h1,1,Beijing,Prophet,154.083333,153.58101049906156,test
2016-11-17 00:00:00,2016-11-17 01:00:00,h1,1,Beijing,Prophet,151.75,156.24409713808495,test
2016-11-17 01:00:00,2016-11-17 02:00:00,h1,1,Beijing,Prophet,153.166667,154.5728466262887,test
2016-11-17 02:00:00,2016-11-17 03:00:00,h1,1,Beijing,Prophet,152.833333,156.45259497026706,test
2016-11-17 03:00:00,2016-11-17 04:00:00,h1,1,Beijing,Prophet,136.333333,153.4521758371948,test
2016-11-17 04:00:00,2016-11-17 05:00:00,h1,1,Beijing,Prophet,113.5,127.36216073355735,test
2016-11-17 05:00:00,2016-11-17 06:00:00,h1,1,Beijing,Prophet,93.833333,107.38324034722604,test
2016-11-17 06:00:00,2016-11-17 07:00:00,h1,1,Beijing,Prophet,89.583333,91.65684510803088,test
2016-11-17 07:00:00,2016-11-17 08:00:00,h1,1,Beijing,Prophet,81.75,93.79440312176915,test
2016-11-17 08:00:00,2016-11-17 09:00:00,h1,1,Beijing,Prophet,81.833333,87.1983022807843,test
2016-11-17 09:00:00,2016-11-17 10:00:00,h1,1,Beijing,Prophet,82.833333,89.3218601084136,test
2016-11-17 10:00:00,2016-11-17 11:00:00,h1,1,Beijing,Prophet,84.166667,90.09253257560061,test
2016-11-17 11:00:00,2016-11-17 12:00:00,h1,1,Beijing,Prophet,85.0,90.70932610504835,test
2016-11-17 12:00:00,2016-11-17 13:00:00,h1,1,Beijing,Prophet,88.166667,90.30676073340129,test
2016-11-17 13:00:00,2016-11-17 14:00:00,h1,1,Beijing,Prophet,89.416667,94.55255403208045,test
2016-11-17 14:00:00,2016-11-17 15:00:00,h1,1,Beijing,Prophet,94.0,95.9751047743625,test
2016-11-17 15:00:00,2016-11-17 16:00:00,h1,1,Beijing,Prophet,101.333333,102.5181886864037,test
2016-11-17 16:00:00,2016-11-17 17:00:00,h1,1,Beijing,Prophet,107.0,111.00821969768793,test
2016-11-17 17:00:00,2016-11-17 18:00:00,h1,1,Beijing,Prophet,115.083333,116.46731760516053,test
2016-11-17 18:00:00,2016-11-17 19:00:00,h1,1,Beijing,Prophet,122.333333,125.31511205848358,test
2016-11-17 19:00:00,2016-11-17 20:00:00,h1,1,Beijing,Prophet,133.166667,131.2747740472626,test
2016-11-17 20:00:00,2016-11-17 21:00:00,h1,1,Beijing,Prophet,141.083333,142.35255339263608,test
2016-11-17 21:00:00,2016-11-17 22:00:00,h1,1,Beijing,Prophet,146.416667,147.8096642829915,test
2016-11-17 22:00:00,2016-11-17 23:00:00,h1,1,Beijing,Prophet,149.583333,149.85669041307722,test
2016-11-17 23:00:00,2016-11-18 00:00:00,h1,1,Beijing,Prophet,155.25,150.3760847380157,test
2016-11-18 00:00:00,2016-11-18 01:00:00,h1,1,Beijing,Prophet,164.083333,157.34666134002623,test
2016-11-18 01:00:00,2016-11-18 02:00:00,h1,1,Beijing,Prophet,164.916667,166.3473416591634,test
2016-11-18 02:00:00,2016-11-18 03:00:00,h1,1,Beijing,Prophet,164.75,163.39132197839882,test
2016-11-18 03:00:00,2016-11-18 04:00:00,h1,1,Beijing,Prophet,162.75,164.01696482739794,test
2016-11-18 04:00:00,2016-11-18 05:00:00,h1,1,Beijing,Prophet,159.75,160.93274024773984,test
2016-11-18 05:00:00,2016-11-18 06:00:00,h1,1,Beijing,Prophet,162.083333,160.22226432070346,test
2016-11-18 06:00:00,2016-11-18 07:00:00,h1,1,Beijing,Prophet,163.833333,163.41963532911828,test
2016-11-18 07:00:00,2016-11-18 08:00:00,h1,1,Beijing,Prophet,163.583333,168.6732962383809,test
2016-11-18 08:00:00,2016-11-18 09:00:00,h1,1,Beijing,Prophet,169.166667,166.56605451280052,test
2016-11-18 09:00:00,2016-11-18 10:00:00,h1,1,Beijing,Prophet,175.75,172.53860745171073,test
2016-11-18 10:00:00,2016-11-18 11:00:00,h1,1,Beijing,Prophet,188.916667,180.30138016339419,test
2016-11-18 11:00:00,2016-11-18 12:00:00,h1,1,Beijing,Prophet,201.083333,195.27738171206465,test
2016-11-18 12:00:00,2016-11-18 13:00:00,h1,1,Beijing,Prophet,213.166667,206.6447563476565,test
2016-11-18 13:00:00,2016-11-18 14:00:00,h1,1,Beijing,Prophet,221.166667,218.42912445433825,test
2016-11-18 14:00:00,2016-11-18 15:00:00,h1,1,Beijing,Prophet,223.0,225.014953658101,test
2016-11-18 15:00:00,2016-11-18 16:00:00,h1,1,Beijing,Prophet,221.916667,226.31259103015262,test
2016-11-18 16:00:00,2016-11-18 17:00:00,h1,1,Beijing,Prophet,220.583333,224.82024774632663,test
2016-11-18 17:00:00,2016-11-18 18:00:00,h1,1,Beijing,Prophet,214.416667,225.99850383522565,test
2016-11-18 18:00:00,2016-11-18 19:00:00,h1,1,Beijing,Prophet,205.166667,214.85731824096032,test
2016-11-18 19:00:00,2016-11-18 20:00:00,h1,1,Beijing,Prophet,206.666667,204.04228942758292,test
2016-11-18 20:00:00,2016-11-18 21:00:00,h1,1,Beijing,Prophet,205.916667,210.27044297812404,test
2016-11-18 21:00:00,2016-11-18 22:00:00,h1,1,Beijing,Prophet,206.583333,207.6137838183856,test
2016-11-18 22:00:00,2016-11-18 23:00:00,h1,1,Beijing,Prophet,202.25,204.9893548492776,test
2016-11-18 23:00:00,2016-11-19 00:00:00,h1,1,Beijing,Prophet,212.083333,199.5444886786056,test
2016-11-19 00:00:00,2016-11-19 01:00:00,h1,1,Beijing,Prophet,221.333333,212.326748361511,test
2016-11-19 01:00:00,2016-11-19 02:00:00,h1,1,Beijing,Prophet,219.416667,220.7673657058704,test
2016-11-19 02:00:00,2016-11-19 03:00:00,h1,1,Beijing,Prophet,213.583333,216.8234087911449,test
2016-11-19 03:00:00,2016-11-19 04:00:00,h1,1,Beijing,Prophet,200.75,212.91588834381545,test
2016-11-19 04:00:00,2016-11-19 05:00:00,h1,1,Beijing,Prophet,189.0,197.57004400024107,test
2016-11-19 05:00:00,2016-11-19 06:00:00,h1,1,Beijing,Prophet,177.083333,181.78711767400497,test
2016-11-19 06:00:00,2016-11-19 07:00:00,h1,1,Beijing,Prophet,124.916667,168.80732165659876,test
2016-11-19 07:00:00,2016-11-19 08:00:00,h1,1,Beijing,Prophet,79.5,108.56840468260998,test
2016-11-19 08:00:00,2016-11-19 09:00:00,h1,1,Beijing,Prophet,48.75,71.03965844138123,test
2016-11-19 09:00:00,2016-11-19 10:00:00,h1,1,Beijing,Prophet,43.416667,45.98073755467213,test
2016-11-19 10:00:00,2016-11-19 11:00:00,h1,1,Beijing,Prophet,35.916667,45.22270557780384,test
2016-11-19 11:00:00,2016-11-19 12:00:00,h1,1,Beijing,Prophet,31.75,36.903981082218095,test
2016-11-19 12:00:00,2016-11-19 13:00:00,h1,1,Beijing,Prophet,28.25,35.292479072756464,test
2016-11-19 13:00:00,2016-11-19 14:00:00,h1,1,Beijing,Prophet,22.75,33.172550807012435,test
2016-11-19 14:00:00,2016-11-19 15:00:00,h1,1,Beijing,Prophet,24.25,26.259249762148315,test
2016-11-19 15:00:00,2016-11-19 16:00:00,h1,1,Beijing,Prophet,47.75,30.101200228429164,test
2016-11-19 16:00:00,2016-11-19 17:00:00,h1,1,Beijing,Prophet,116.916667,61.033900898108925,test
2016-11-19 17:00:00,2016-11-19 18:00:00,h1,1,Beijing,Prophet,155.083333,142.22616039152476,test
2016-11-19 18:00:00,2016-11-19 19:00:00,h1,1,Beijing,Prophet,177.75,173.02805139555122,test
2016-11-19 19:00:00,2016-11-19 20:00:00,h1,1,Beijing,Prophet,192.583333,191.38112177618666,test
2016-11-19 20:00:00,2016-11-19 21:00:00,h1,1,Beijing,Prophet,169.916667,197.10372340064472,test
2016-11-19 21:00:00,2016-11-19 22:00:00,h1,1,Beijing,Prophet,135.0,159.35045400867472,test
2016-11-19 22:00:00,2016-11-19 23:00:00,h1,1,Beijing,Prophet,112.666667,119.28071319619207,test
2016-11-19 23:00:00,2016-11-20 00:00:00,h1,1,Beijing,Prophet,109.583333,99.83331463011342,test
2016-11-20 00:00:00,2016-11-20 01:00:00,h1,1,Beijing,Prophet,102.416667,103.6800678332286,test
2016-11-20 01:00:00,2016-11-20 02:00:00,h1,1,Beijing,Prophet,89.666667,96.29208664415535,test
2016-11-20 02:00:00,2016-11-20 03:00:00,h1,1,Beijing,Prophet,76.333333,81.3068813410031,test
2016-11-20 03:00:00,2016-11-20 04:00:00,h1,1,Beijing,Prophet,64.25,65.41940309221772,test
2016-11-20 04:00:00,2016-11-20 05:00:00,h1,1,Beijing,Prophet,58.583333,56.5055204992268,test
2016-11-20 05:00:00,2016-11-20 06:00:00,h1,1,Beijing,Prophet,51.25,54.49645121538457,test
2016-11-20 06:00:00,2016-11-20 07:00:00,h1,1,Beijing,Prophet,49.5,47.881350264916634,test
2016-11-20 07:00:00,2016-11-20 08:00:00,h1,1,Beijing,Prophet,47.916667,51.86783907684199,test
2016-11-20 08:00:00,2016-11-20 09:00:00,h1,1,Beijing,Prophet,52.666667,50.44054329525195,test
2016-11-20 09:00:00,2016-11-20 10:00:00,h1,1,Beijing,Prophet,57.25,57.8696989541523,test
2016-11-20 10:00:00,2016-11-20 11:00:00,h1,1,Beijing,Prophet,57.75,61.08431735008427,test
2016-11-20 11:00:00,2016-11-20 12:00:00,h1,1,Beijing,Prophet,63.916667,60.81289715179713,test
2016-11-20 12:00:00,2016-11-20 13:00:00,h1,1,Beijing,Prophet,68.666667,68.97663712032514,test
2016-11-20 13:00:00,2016-11-20 14:00:00,h1,1,Beijing,Prophet,68.416667,74.2109176787884,test
2016-11-20 14:00:00,2016-11-20 15:00:00,h1,1,Beijing,Prophet,67.0,72.79270775453699,test
2016-11-20 15:00:00,2016-11-20 16:00:00,h1,1,Beijing,Prophet,56.5,71.0235327324005,test
2016-11-20 16:00:00,2016-11-20 17:00:00,h1,1,Beijing,Prophet,52.0,57.432354493828804,test
2016-11-20 17:00:00,2016-11-20 18:00:00,h1,1,Beijing,Prophet,35.333333,54.92002781605633,test
2016-11-20 18:00:00,2016-11-20 19:00:00,h1,1,Beijing,Prophet,29.0,35.8901680513206,test
2016-11-20 19:00:00,2016-11-20 20:00:00,h1,1,Beijing,Prophet,21.416667,31.675776003356358,test
2016-11-20 20:00:00,2016-11-20 21:00:00,h1,1,Beijing,Prophet,14.916667,21.891968902610294,test
2016-11-20 21:00:00,2016-11-20 22:00:00,h1,1,Beijing,Prophet,13.166667,14.374397147795754,test
2016-11-20 22:00:00,2016-11-20 23:00:00,h1,1,Beijing,Prophet,12.0,13.112241981071467,test
2016-11-20 23:00:00,2016-11-21 00:00:00,h1,1,Beijing,Prophet,11.166667,12.363859626951317,test
2016-11-21 00:00:00,2016-11-21 01:00:00,h1,1,Beijing,Prophet,13.416667,12.111187907623396,test
2016-11-21 01:00:00,2016-11-21 02:00:00,h1,1,Beijing,Prophet,12.416667,15.374727269786511,test
2016-11-21 02:00:00,2016-11-21 03:00:00,h1,1,Beijing,Prophet,10.333333,13.52590124985954,test
2016-11-21 03:00:00,2016-11-21 04:00:00,h1,1,Beijing,Prophet,9.583333,9.480205321613266,test
2016-11-21 04:00:00,2016-11-21 05:00:00,h1,1,Beijing,Prophet,11.083333,10.179316018574301,test
2016-11-21 05:00:00,2016-11-21 06:00:00,h1,1,Beijing,Prophet,6.916667,11.915833569609106,test
2016-11-21 06:00:00,2016-11-21 07:00:00,h1,1,Beijing,Prophet,9.5,7.962133138154897,test
2016-11-21 07:00:00,2016-11-21 08:00:00,h1,1,Beijing,Prophet,7.333333,13.921004298673882,test
2016-11-21 08:00:00,2016-11-21 09:00:00,h1,1,Beijing,Prophet,8.5,11.776399192994496,test
2016-11-21 09:00:00,2016-11-21 10:00:00,h1,1,Beijing,Prophet,9.583333,13.998865548237266,test
2016-11-21 10:00:00,2016-11-21 11:00:00,h1,1,Beijing,Prophet,9.416667,14.526703176761831,test
2016-11-21 11:00:00,2016-11-21 12:00:00,h1,1,Beijing,Prophet,9.666667,16.214331011507475,test
2016-11-21 12:00:00,2016-11-21 13:00:00,h1,1,Beijing,Prophet,11.0,13.566948315575583,test
2016-11-21 13:00:00,2016-11-21 14:00:00,h1,1,Beijing,Prophet,9.25,18.544050092680465,test
2016-11-21 14:00:00,2016-11-21 15:00:00,h1,1,Beijing,Prophet,8.75,15.00390534903914,test
2016-11-21 15:00:00,2016-11-21 16:00:00,h1,1,Beijing,Prophet,9.583333,14.917138000522865,test
2016-11-21 16:00:00,2016-11-21 17:00:00,h1,1,Beijing,Prophet,8.166667,15.088480056933989,test
2016-11-21 17:00:00,2016-11-21 18:00:00,h1,1,Beijing,Prophet,9.416667,14.853143492120509,test
2016-11-21 18:00:00,2016-11-21 19:00:00,h1,1,Beijing,Prophet,11.0,17.158770487892813,test
2016-11-21 19:00:00,2016-11-21 20:00:00,h1,1,Beijing,Prophet,10.833333,17.743613429502858,test
2016-11-21 20:00:00,2016-11-21 21:00:00,h1,1,Beijing,Prophet,9.083333,16.588599700437378,test
2016-11-21 21:00:00,2016-11-21 22:00:00,h1,1,Beijing,Prophet,8.416667,11.57882208985605,test
2016-11-21 22:00:00,2016-11-21 23:00:00,h1,1,Beijing,Prophet,7.083333,9.957817641382757,test
2016-11-21 23:00:00,2016-11-22 00:00:00,h1,1,Beijing,Prophet,8.25,7.988443666400926,test
2016-11-22 00:00:00,2016-11-22 01:00:00,h1,1,Beijing,Prophet,7.25,9.908383841952677,test
2016-11-22 01:00:00,2016-11-22 02:00:00,h1,1,Beijing,Prophet,5.333333,8.661328010647338,test
2016-11-22 02:00:00,2016-11-22 03:00:00,h1,1,Beijing,Prophet,5.916667,7.574045221282461,test
2016-11-22 03:00:00,2016-11-22 04:00:00,h1,1,Beijing,Prophet,6.0,6.979453831692062,test
2016-11-22 04:00:00,2016-11-22 05:00:00,h1,1,Beijing,Prophet,5.75,7.20478452285532,test
2016-11-22 05:00:00,2016-11-22 06:00:00,h1,1,Beijing,Prophet,4.666667,7.273698107383282,test
2016-11-22 06:00:00,2016-11-22 07:00:00,h1,1,Beijing,Prophet,6.5,7.407251845564076,test
2016-11-22 07:00:00,2016-11-22 08:00:00,h1,1,Beijing,Prophet,7.5,13.178309599314552,test
2016-11-22 08:00:00,2016-11-22 09:00:00,h1,1,Beijing,Prophet,7.833333,13.888474457987428,test
2016-11-22 09:00:00,2016-11-22 10:00:00,h1,1,Beijing,Prophet,8.083333,12.541439069828282,test
2016-11-22 10:00:00,2016-11-22 11:00:00,h1,1,Beijing,Prophet,7.75,12.704704834595827,test
2016-11-22 11:00:00,2016-11-22 12:00:00,h1,1,Beijing,Prophet,6.5,11.177037082418007,test
2016-11-22 12:00:00,2016-11-22 13:00:00,h1,1,Beijing,Prophet,6.0,11.775240770540584,test
2016-11-22 13:00:00,2016-11-22 14:00:00,h1,1,Beijing,Prophet,7.583333,11.786277191539593,test
2016-11-22 14:00:00,2016-11-22 15:00:00,h1,1,Beijing,Prophet,6.583333,14.013867730208887,test
2016-11-22 15:00:00,2016-11-22 16:00:00,h1,1,Beijing,Prophet,7.166667,12.270840652638551,test
2016-11-22 16:00:00,2016-11-22 17:00:00,h1,1,Beijing,Prophet,7.333333,13.674775764012221,test
2016-11-22 17:00:00,2016-11-22 18:00:00,h1,1,Beijing,Prophet,9.416667,14.510543616530622,test
2016-11-22 18:00:00,2016-11-22 19:00:00,h1,1,Beijing,Prophet,14.083333,18.400894622677907,test
2016-11-22 19:00:00,2016-11-22 20:00:00,h1,1,Beijing,Prophet,13.666667,22.741580011320632,test
2016-11-22 20:00:00,2016-11-22 21:00:00,h1,1,Beijing,Prophet,13.416667,19.232949530888334,test
2016-11-22 21:00:00,2016-11-22 22:00:00,h1,1,Beijing,Prophet,12.25,17.343805073655393,test
2016-11-22 22:00:00,2016-11-22 23:00:00,h1,1,Beijing,Prophet,11.333333,14.538934787590964,test
2016-11-22 23:00:00,2016-11-23 00:00:00,h1,1,Beijing,Prophet,11.333333,13.112457232840438,test
2016-11-23 00:00:00,2016-11-23 01:00:00,h1,1,Beijing,Prophet,11.0,13.553086023431561,test
2016-11-23 01:00:00,2016-11-23 02:00:00,h1,1,Beijing,Prophet,10.5,13.679158491991384,test
2016-11-23 02:00:00,2016-11-23 03:00:00,h1,1,Beijing,Prophet,10.333333,12.931418770333053,test
2016-11-23 03:00:00,2016-11-23 04:00:00,h1,1,Beijing,Prophet,8.666667,11.636157179435312,test
2016-11-23 04:00:00,2016-11-23 05:00:00,h1,1,Beijing,Prophet,8.416667,9.60227356633456,test
2016-11-23 05:00:00,2016-11-23 06:00:00,h1,1,Beijing,Prophet,9.25,11.218917036848197,test
2016-11-23 06:00:00,2016-11-23 07:00:00,h1,1,Beijing,Prophet,12.166667,13.829392384116392,test
2016-11-23 07:00:00,2016-11-23 08:00:00,h1,1,Beijing,Prophet,15.583333,19.270358253896077,test
2016-11-23 08:00:00,2016-11-23 09:00:00,h1,1,Beijing,Prophet,24.75,24.777818507327215,test
2016-11-23 09:00:00,2016-11-23 10:00:00,h1,1,Beijing,Prophet,33.333333,33.466513957567514,test
2016-11-23 10:00:00,2016-11-23 11:00:00,h1,1,Beijing,Prophet,32.027778,39.342230458937365,test
2016-11-23 11:00:00,2016-11-23 12:00:00,h1,1,Beijing,Prophet,35.055556,34.6799503114324,test
2016-11-23 12:00:00,2016-11-23 13:00:00,h1,1,Beijing,Prophet,31.5,38.55882297898234,test
2016-11-23 13:00:00,2016-11-23 14:00:00,h1,1,Beijing,Prophet,31.416667,34.16704201338637,test
2016-11-23 14:00:00,2016-11-23 15:00:00,h1,1,Beijing,Prophet,18.666667,35.16826532131597,test
2016-11-23 15:00:00,2016-11-23 16:00:00,h1,1,Beijing,Prophet,10.416667,17.77460075215604,test
2016-11-23 16:00:00,2016-11-23 17:00:00,h1,1,Beijing,Prophet,16.333333,12.12171024955785,test
2016-11-23 17:00:00,2016-11-23 18:00:00,h1,1,Beijing,Prophet,23.333333,24.09596084664609,test
2016-11-23 18:00:00,2016-11-23 19:00:00,h1,1,Beijing,Prophet,29.25,32.52319210447242,test
2016-11-23 19:00:00,2016-11-23 20:00:00,h1,1,Beijing,Prophet,22.416667,37.27713652048366,test
2016-11-23 20:00:00,2016-11-23 21:00:00,h1,1,Beijing,Prophet,23.75,26.135363345537154,test
2016-11-23 21:00:00,2016-11-23 22:00:00,h1,1,Beijing,Prophet,14.416667,27.441895321325212,test
2016-11-23 22:00:00,2016-11-23 23:00:00,h1,1,Beijing,Prophet,10.5,14.28688898965309,test
2016-11-23 23:00:00,2016-11-24 00:00:00,h1,1,Beijing,Prophet,12.583333,12.699742900958146,test
2016-11-24 00:00:00,2016-11-24 01:00:00,h1,1,Beijing,Prophet,11.583333,18.111926816999475,test
2016-11-24 01:00:00,2016-11-24 02:00:00,h1,1,Beijing,Prophet,14.75,15.706486741120539,test
2016-11-24 02:00:00,2016-11-24 03:00:00,h1,1,Beijing,Prophet,11.333333,19.52093936648563,test
2016-11-24 03:00:00,2016-11-24 04:00:00,h1,1,Beijing,Prophet,11.916667,13.73561341373155,test
2016-11-24 04:00:00,2016-11-24 05:00:00,h1,1,Beijing,Prophet,12.666667,15.862889183415863,test
2016-11-24 05:00:00,2016-11-24 06:00:00,h1,1,Beijing,Prophet,16.666667,16.581384127718238,test
2016-11-24 06:00:00,2016-11-24 07:00:00,h1,1,Beijing,Prophet,17.916667,24.20136871695711,test
2016-11-24 07:00:00,2016-11-24 08:00:00,h1,1,Beijing,Prophet,31.333333,26.907894682049964,test
2016-11-24 08:00:00,2016-11-24 09:00:00,h1,1,Beijing,Prophet,54.0,43.95772417565838,test
2016-11-24 09:00:00,2016-11-24 10:00:00,h1,1,Beijing,Prophet,54.666667,66.64406511390519,test
2016-11-24 10:00:00,2016-11-24 11:00:00,h1,1,Beijing,Prophet,60.583333,59.589841208586726,test
2016-11-24 11:00:00,2016-11-24 12:00:00,h1,1,Beijing,Prophet,67.0,66.77325235359544,test
2016-11-24 12:00:00,2016-11-24 13:00:00,h1,1,Beijing,Prophet,68.5,71.83383352811202,test
2016-11-24 13:00:00,2016-11-24 14:00:00,h1,1,Beijing,Prophet,70.208333,72.5261540977888,test
2016-11-24 14:00:00,2016-11-24 15:00:00,h1,1,Beijing,Prophet,74.916667,73.80293407770345,test
2016-11-24 15:00:00,2016-11-24 16:00:00,h1,1,Beijing,Prophet,79.916667,78.56652121432796,test
2016-11-24 16:00:00,2016-11-24 17:00:00,h1,1,Beijing,Prophet,88.333333,84.56399967153573,test
2016-11-24 17:00:00,2016-11-24 18:00:00,h1,1,Beijing,Prophet,109.25,95.72454106494425,test
2016-11-24 18:00:00,2016-11-24 19:00:00,h1,1,Beijing,Prophet,136.166667,120.66505235343166,test
2016-11-24 19:00:00,2016-11-24 20:00:00,h1,1,Beijing,Prophet,152.333333,149.9569022035701,test
2016-11-24 20:00:00,2016-11-24 21:00:00,h1,1,Beijing,Prophet,157.5,164.59650171464835,test
2016-11-24 21:00:00,2016-11-24 22:00:00,h1,1,Beijing,Prophet,151.75,163.4039804708687,test
2016-11-24 22:00:00,2016-11-24 23:00:00,h1,1,Beijing,Prophet,152.75,150.9170454763905,test
2016-11-24 23:00:00,2016-11-25 00:00:00,h1,1,Beijing,Prophet,155.083333,151.01429584274229,test
2016-11-25 00:00:00,2016-11-25 01:00:00,h1,1,Beijing,Prophet,150.0,153.24058067139543,test
2016-11-25 01:00:00,2016-11-25 02:00:00,h1,1,Beijing,Prophet,143.5,146.60035718619096,test
2016-11-25 02:00:00,2016-11-25 03:00:00,h1,1,Beijing,Prophet,140.166667,139.86637061034253,test
2016-11-25 03:00:00,2016-11-25 04:00:00,h1,1,Beijing,Prophet,129.666667,136.61088093470553,test
2016-11-25 04:00:00,2016-11-25 05:00:00,h1,1,Beijing,Prophet,110.083333,124.76011608025979,test
2016-11-25 05:00:00,2016-11-25 06:00:00,h1,1,Beijing,Prophet,99.583333,104.8924566442525,test
2016-11-25 06:00:00,2016-11-25 07:00:00,h1,1,Beijing,Prophet,95.75,99.69414772152156,test
2016-11-25 07:00:00,2016-11-25 08:00:00,h1,1,Beijing,Prophet,91.583333,99.69392816621394,test
2016-11-25 08:00:00,2016-11-25 09:00:00,h1,1,Beijing,Prophet,92.5,96.39863915688223,test
2016-11-25 09:00:00,2016-11-25 10:00:00,h1,1,Beijing,Prophet,98.0,96.92528616698063,test
2016-11-25 10:00:00,2016-11-25 11:00:00,h1,1,Beijing,Prophet,103.0,102.00005233528731,test
2016-11-25 11:00:00,2016-11-25 12:00:00,h1,1,Beijing,Prophet,105.833333,107.30269838396941,test
2016-11-25 12:00:00,2016-11-25 13:00:00,h1,1,Beijing,Prophet,110.666667,110.35276268663199,test
2016-11-25 13:00:00,2016-11-25 14:00:00,h1,1,Beijing,Prophet,112.166667,116.9960163314798,test
2016-11-25 14:00:00,2016-11-25 15:00:00,h1,1,Beijing,Prophet,119.25,118.0632205729249,test
2016-11-25 15:00:00,2016-11-25 16:00:00,h1,1,Beijing,Prophet,139.666667,125.76745702671045,test
2016-11-25 16:00:00,2016-11-25 17:00:00,h1,1,Beijing,Prophet,160.666667,149.66930088122965,test
2016-11-25 17:00:00,2016-11-25 18:00:00,h1,1,Beijing,Prophet,191.583333,171.42592288002524,test
2016-11-25 18:00:00,2016-11-25 19:00:00,h1,1,Beijing,Prophet,236.5,201.62096412615338,test
2016-11-25 19:00:00,2016-11-25 20:00:00,h1,1,Beijing,Prophet,246.152381,251.6827747403693,test
2016-11-25 20:00:00,2016-11-25 21:00:00,h1,1,Beijing,Prophet,256.054762,251.51702988455293,test
2016-11-25 21:00:00,2016-11-25 22:00:00,h1,1,Beijing,Prophet,255.547421,255.5439892717812,test
2016-11-25 22:00:00,2016-11-25 23:00:00,h1,1,Beijing,Prophet,259.706746,251.3584911162982,test
2016-11-25 23:00:00,2016-11-26 00:00:00,h1,1,Beijing,Prophet,264.366071,257.42976780582285,test
2016-11-26 00:00:00,2016-11-26 01:00:00,h1,1,Beijing,Prophet,258.047619,259.90814157982663,test
2016-11-26 01:00:00,2016-11-26 02:00:00,h1,1,Beijing,Prophet,247.0,252.32267975747357,test
2016-11-26 02:00:00,2016-11-26 03:00:00,h1,1,Beijing,Prophet,250.833333,235.54119942527996,test
2016-11-26 03:00:00,2016-11-26 04:00:00,h1,1,Beijing,Prophet,236.166667,241.92699457388244,test
2016-11-26 04:00:00,2016-11-26 05:00:00,h1,1,Beijing,Prophet,246.65,222.8116779924273,test
2016-11-26 05:00:00,2016-11-26 06:00:00,h1,1,Beijing,Prophet,252.55,245.39979616539074,test
2016-11-26 06:00:00,2016-11-26 07:00:00,h1,1,Beijing,Prophet,241.95,249.5873623082071,test
2016-11-26 07:00:00,2016-11-26 08:00:00,h1,1,Beijing,Prophet,241.683333,238.99487958140097,test
2016-11-26 08:00:00,2016-11-26 09:00:00,h1,1,Beijing,Prophet,261.666667,241.67404651394776,test
2016-11-26 09:00:00,2016-11-26 10:00:00,h1,1,Beijing,Prophet,275.930556,268.32225223840567,test
2016-11-26 10:00:00,2016-11-26 11:00:00,h1,1,Beijing,Prophet,285.194444,276.9599127639319,test
2016-11-26 11:00:00,2016-11-26 12:00:00,h1,1,Beijing,Prophet,235.0,279.98695933074504,test
2016-11-26 12:00:00,2016-11-26 13:00:00,h1,1,Beijing,Prophet,217.333333,209.93388297962676,test
2016-11-26 13:00:00,2016-11-26 14:00:00,h1,1,Beijing,Prophet,203.083333,203.50220403897288,test
2016-11-26 14:00:00,2016-11-26 15:00:00,h1,1,Beijing,Prophet,188.5,191.63936773278348,test
2016-11-26 15:00:00,2016-11-26 16:00:00,h1,1,Beijing,Prophet,189.119048,178.6781814398719,test
2016-11-26 16:00:00,2016-11-26 17:00:00,h1,1,Beijing,Prophet,230.154762,188.43578174020342,test
2016-11-26 17:00:00,2016-11-26 18:00:00,h1,1,Beijing,Prophet,257.02381,243.9598392232307,test
2016-11-26 18:00:00,2016-11-26 19:00:00,h1,1,Beijing,Prophet,267.214286,268.9330071541098,test
2016-11-26 19:00:00,2016-11-26 20:00:00,h1,1,Beijing,Prophet,273.501984,271.72296966736434,test
2016-11-26 20:00:00,2016-11-26 21:00:00,h1,1,Beijing,Prophet,266.706349,277.13646484502135,test
2016-11-26 21:00:00,2016-11-26 22:00:00,h1,1,Beijing,Prophet,260.882937,260.9136417111943,test
2016-11-26 22:00:00,2016-11-26 23:00:00,h1,1,Beijing,Prophet,261.579365,254.66991967186402,test
2016-11-26 23:00:00,2016-11-27 00:00:00,h1,1,Beijing,Prophet,253.609127,255.98682103466973,test
2016-11-27 00:00:00,2016-11-27 01:00:00,h1,1,Beijing,Prophet,240.805556,245.30384230720549,test
2016-11-27 01:00:00,2016-11-27 02:00:00,h1,1,Beijing,Prophet,212.361111,233.4443492348567,test
2016-11-27 02:00:00,2016-11-27 03:00:00,h1,1,Beijing,Prophet,115.5,198.91496609314441,test
2016-11-27 03:00:00,2016-11-27 04:00:00,h1,1,Beijing,Prophet,88.916667,82.95019707580374,test
2016-11-27 04:00:00,2016-11-27 05:00:00,h1,1,Beijing,Prophet,65.333333,78.0104208318094,test
2016-11-27 05:00:00,2016-11-27 06:00:00,h1,1,Beijing,Prophet,47.666667,60.61763346459733,test
2016-11-27 06:00:00,2016-11-27 07:00:00,h1,1,Beijing,Prophet,37.583333,46.058085242261804,test
2016-11-27 07:00:00,2016-11-27 08:00:00,h1,1,Beijing,Prophet,20.333333,38.745274060748535,test
2016-11-27 08:00:00,2016-11-27 09:00:00,h1,1,Beijing,Prophet,12.833333,20.281603917070168,test
2016-11-27 09:00:00,2016-11-27 10:00:00,h1,1,Beijing,Prophet,13.333333,13.060570044529697,test
2016-11-27 10:00:00,2016-11-27 11:00:00,h1,1,Beijing,Prophet,11.083333,15.43976036393083,test
2016-11-27 11:00:00,2016-11-27 12:00:00,h1,1,Beijing,Prophet,9.833333,12.8213711405526,test
2016-11-27 12:00:00,2016-11-27 13:00:00,h1,1,Beijing,Prophet,9.333333,12.53056647481717,test
2016-11-27 13:00:00,2016-11-27 14:00:00,h1,1,Beijing,Prophet,9.5,14.819030406113388,test
2016-11-27 14:00:00,2016-11-27 15:00:00,h1,1,Beijing,Prophet,11.0,14.71015720069932,test
2016-11-27 15:00:00,2016-11-27 16:00:00,h1,1,Beijing,Prophet,8.333333,18.18686315932997,test
2016-11-27 16:00:00,2016-11-27 17:00:00,h1,1,Beijing,Prophet,10.083333,13.73925678182487,test
2016-11-27 17:00:00,2016-11-27 18:00:00,h1,1,Beijing,Prophet,12.5,17.79359538859739,test
2016-11-27 18:00:00,2016-11-27 19:00:00,h1,1,Beijing,Prophet,16.916667,22.594986680418764,test
2016-11-27 19:00:00,2016-11-27 20:00:00,h1,1,Beijing,Prophet,19.833333,26.550430384268417,test
2016-11-27 20:00:00,2016-11-27 21:00:00,h1,1,Beijing,Prophet,23.083333,26.814619397830377,test
2016-11-27 21:00:00,2016-11-27 22:00:00,h1,1,Beijing,Prophet,30.416667,29.296803770251785,test
2016-11-27 22:00:00,2016-11-27 23:00:00,h1,1,Beijing,Prophet,25.5,35.299541582021334,test
2016-11-27 23:00:00,2016-11-28 00:00:00,h1,1,Beijing,Prophet,24.25,26.84276944284564,test
2016-11-28 00:00:00,2016-11-28 01:00:00,h1,1,Beijing,Prophet,28.666667,25.643738802052653,test
2016-11-28 01:00:00,2016-11-28 02:00:00,h1,1,Beijing,Prophet,41.333333,33.22936196774819,test
2016-11-28 02:00:00,2016-11-28 03:00:00,h1,1,Beijing,Prophet,47.333333,47.91051774572072,test
2016-11-28 03:00:00,2016-11-28 04:00:00,h1,1,Beijing,Prophet,49.916667,52.149696885441394,test
2016-11-28 04:00:00,2016-11-28 05:00:00,h1,1,Beijing,Prophet,50.166667,53.109486296768225,test
2016-11-28 05:00:00,2016-11-28 06:00:00,h1,1,Beijing,Prophet,47.25,53.40162564493296,test
2016-11-28 06:00:00,2016-11-28 07:00:00,h1,1,Beijing,Prophet,47.5,50.78912509669642,test
2016-11-28 07:00:00,2016-11-28 08:00:00,h1,1,Beijing,Prophet,47.25,53.8183776785348,test
2016-11-28 08:00:00,2016-11-28 09:00:00,h1,1,Beijing,Prophet,46.5,54.31754516918098,test
2016-11-28 09:00:00,2016-11-28 10:00:00,h1,1,Beijing,Prophet,44.166667,52.48594587538768,test
2016-11-28 10:00:00,2016-11-28 11:00:00,h1,1,Beijing,Prophet,47.166667,47.34481090821965,test
2016-11-28 11:00:00,2016-11-28 12:00:00,h1,1,Beijing,Prophet,48.416667,52.023405746659165,test
2016-11-28 12:00:00,2016-11-28 13:00:00,h1,1,Beijing,Prophet,54.583333,53.53679661832311,test
2016-11-28 13:00:00,2016-11-28 14:00:00,h1,1,Beijing,Prophet,64.333333,62.180356090398426,test
2016-11-28 14:00:00,2016-11-28 15:00:00,h1,1,Beijing,Prophet,66.958333,73.41816425843574,test
2016-11-28 15:00:00,2016-11-28 16:00:00,h1,1,Beijing,Prophet,67.833333,73.73627083986311,test
2016-11-28 16:00:00,2016-11-28 17:00:00,h1,1,Beijing,Prophet,72.75,75.51207484551318,test
2016-11-28 17:00:00,2016-11-28 18:00:00,h1,1,Beijing,Prophet,80.333333,84.0937640040662,test
2016-11-28 18:00:00,2016-11-28 19:00:00,h1,1,Beijing,Prophet,94.166667,94.36578428278227,test
2016-11-28 19:00:00,2016-11-28 20:00:00,h1,1,Beijing,Prophet,95.0,105.65257102701554,test
2016-11-28 20:00:00,2016-11-28 21:00:00,h1,1,Beijing,Prophet,86.333333,101.28036843974095,test
2016-11-28 21:00:00,2016-11-28 22:00:00,h1,1,Beijing,Prophet,85.166667,89.88014073667867,test
2016-11-28 22:00:00,2016-11-28 23:00:00,h1,1,Beijing,Prophet,82.833333,88.25154045762477,test
2016-11-28 23:00:00,2016-11-29 00:00:00,h1,1,Beijing,Prophet,85.25,85.18080057086686,test
2016-11-29 00:00:00,2016-11-29 01:00:00,h1,1,Beijing,Prophet,86.0,88.66852426849425,test
2016-11-29 01:00:00,2016-11-29 02:00:00,h1,1,Beijing,Prophet,79.833333,89.04214580917983,test
2016-11-29 02:00:00,2016-11-29 03:00:00,h1,1,Beijing,Prophet,75.666667,80.28378997778549,test
2016-11-29 03:00:00,2016-11-29 04:00:00,h1,1,Beijing,Prophet,71.75,75.56329400665662,test
2016-11-29 04:00:00,2016-11-29 05:00:00,h1,1,Beijing,Prophet,68.25,71.83226994934527,test
2016-11-29 05:00:00,2016-11-29 06:00:00,h1,1,Beijing,Prophet,61.0,69.66013852755188,test
2016-11-29 06:00:00,2016-11-29 07:00:00,h1,1,Beijing,Prophet,50.833333,64.3679406705916,test
2016-11-29 07:00:00,2016-11-29 08:00:00,h1,1,Beijing,Prophet,48.0,55.55122676529735,test
2016-11-29 08:00:00,2016-11-29 09:00:00,h1,1,Beijing,Prophet,58.833333,54.93918630779008,test
2016-11-29 09:00:00,2016-11-29 10:00:00,h1,1,Beijing,Prophet,72.5,68.31700497174515,test
2016-11-29 10:00:00,2016-11-29 11:00:00,h1,1,Beijing,Prophet,97.25,79.80914237520174,test
2016-11-29 11:00:00,2016-11-29 12:00:00,h1,1,Beijing,Prophet,130.583333,107.55142721365058,test
2016-11-29 12:00:00,2016-11-29 13:00:00,h1,1,Beijing,Prophet,139.25,142.86188013656448,test
2016-11-29 13:00:00,2016-11-29 14:00:00,h1,1,Beijing,Prophet,137.833333,147.09317936542612,test
2016-11-29 14:00:00,2016-11-29 15:00:00,h1,1,Beijing,Prophet,124.0,142.62284010644393,test
2016-11-29 15:00:00,2016-11-29 16:00:00,h1,1,Beijing,Prophet,117.583333,125.02882120750223,test
2016-11-29 16:00:00,2016-11-29 17:00:00,h1,1,Beijing,Prophet,108.166667,119.70358732395303,test
2016-11-29 17:00:00,2016-11-29 18:00:00,h1,1,Beijing,Prophet,112.25,111.02943187145682,test
2016-11-29 18:00:00,2016-11-29 19:00:00,h1,1,Beijing,Prophet,112.75,119.3468755685563,test
2016-11-29 19:00:00,2016-11-29 20:00:00,h1,1,Beijing,Prophet,124.833333,117.38905636567824,test
2016-11-29 20:00:00,2016-11-29 21:00:00,h1,1,Beijing,Prophet,126.25,131.57701830258543,test
2016-11-29 21:00:00,2016-11-29 22:00:00,h1,1,Beijing,Prophet,118.666667,127.05739904829207,test
2016-11-29 22:00:00,2016-11-29 23:00:00,h1,1,Beijing,Prophet,114.0,115.01055902981619,test
2016-11-29 23:00:00,2016-11-30 00:00:00,h1,1,Beijing,Prophet,107.416667,111.77352929909533,test
2016-11-30 00:00:00,2016-11-30 01:00:00,h1,1,Beijing,Prophet,102.833333,106.77411072357452,test
2016-11-30 01:00:00,2016-11-30 02:00:00,h1,1,Beijing,Prophet,102.083333,103.40461862615831,test
2016-11-30 02:00:00,2016-11-30 03:00:00,h1,1,Beijing,Prophet,102.833333,103.61906775826132,test
2016-11-30 03:00:00,2016-11-30 04:00:00,h1,1,Beijing,Prophet,103.083333,104.95401464724077,test
2016-11-30 04:00:00,2016-11-30 05:00:00,h1,1,Beijing,Prophet,107.0,106.11946239472718,test
2016-11-30 05:00:00,2016-11-30 06:00:00,h1,1,Beijing,Prophet,115.083333,112.01058734852492,test
2016-11-30 06:00:00,2016-11-30 07:00:00,h1,1,Beijing,Prophet,113.5,120.81197269764334,test
2016-11-30 07:00:00,2016-11-30 08:00:00,h1,1,Beijing,Prophet,116.583333,120.0161314452366,test
2016-11-30 08:00:00,2016-11-30 09:00:00,h1,1,Beijing,Prophet,118.833333,124.07168479260586,test
2016-11-30 09:00:00,2016-11-30 10:00:00,h1,1,Beijing,Prophet,134.916667,123.28685579909,test
2016-11-30 10:00:00,2016-11-30 11:00:00,h1,1,Beijing,Prophet,155.5,141.9205031497319,test
2016-11-30 11:00:00,2016-11-30 12:00:00,h1,1,Beijing,Prophet,175.666667,162.5412719718998,test
2016-11-30 12:00:00,2016-11-30 13:00:00,h1,1,Beijing,Prophet,156.666667,178.12590382843578,test
2016-11-30 13:00:00,2016-11-30 14:00:00,h1,1,Beijing,Prophet,129.916667,146.67721079090927,test
2016-11-30 14:00:00,2016-11-30 15:00:00,h1,1,Beijing,Prophet,105.916667,115.48133308805956,test
2016-11-30 15:00:00,2016-11-30 16:00:00,h1,1,Beijing,Prophet,87.166667,96.12016423336426,test
2016-11-30 16:00:00,2016-11-30 17:00:00,h1,1,Beijing,Prophet,51.416667,79.263259757546,test
2016-11-30 17:00:00,2016-11-30 18:00:00,h1,1,Beijing,Prophet,30.333333,39.80391910588933,test
2016-11-30 18:00:00,2016-11-30 19:00:00,h1,1,Beijing,Prophet,10.0,27.48081696488019,test
2016-11-30 19:00:00,2016-11-30 20:00:00,h1,1,Beijing,Prophet,9.583333,9.942379055576207,test
2016-11-30 20:00:00,2016-11-30 21:00:00,h1,1,Beijing,Prophet,7.416667,15.275872625918623,test
2016-11-30 21:00:00,2016-11-30 22:00:00,h1,1,Beijing,Prophet,8.083333,11.557422174635619,test
2016-11-30 22:00:00,2016-11-30 23:00:00,h1,1,Beijing,Prophet,9.25,11.535357228253435,test
2016-11-30 23:00:00,2016-12-01 00:00:00,h1,1,Beijing,Prophet,8.583333,11.234724406214536,test
2016-12-01 00:00:00,2016-12-01 01:00:00,h1,1,Beijing,Prophet,11.833333,14.667253316821704,test
2016-12-01 01:00:00,2016-12-01 02:00:00,h1,1,Beijing,Prophet,11.916667,19.220198618417083,test
2016-12-01 02:00:00,2016-12-01 03:00:00,h1,1,Beijing,Prophet,9.75,16.987853785979297,test
2016-12-01 03:00:00,2016-12-01 04:00:00,h1,1,Beijing,Prophet,9.583333,15.482797938265946,test
2016-12-01 04:00:00,2016-12-01 05:00:00,h1,1,Beijing,Prophet,7.583333,16.527800333725484,test
2016-12-01 05:00:00,2016-12-01 06:00:00,h1,1,Beijing,Prophet,8.416667,14.30262656957968,test
2016-12-01 06:00:00,2016-12-01 07:00:00,h1,1,Beijing,Prophet,8.166667,15.316956794978612,test
2016-12-01 07:00:00,2016-12-01 08:00:00,h1,1,Beijing,Prophet,10.416667,16.06192575671106,test
2016-12-01 08:00:00,2016-12-01 09:00:00,h1,1,Beijing,Prophet,11.25,19.421403954811343,test
2016-12-01 09:00:00,2016-12-01 10:00:00,h1,1,Beijing,Prophet,10.333333,19.777502020416595,test
2016-12-01 10:00:00,2016-12-01 11:00:00,h1,1,Beijing,Prophet,8.75,16.47585070443513,test
2016-12-01 11:00:00,2016-12-01 12:00:00,h1,1,Beijing,Prophet,8.916667,13.71134355237896,test
2016-12-01 12:00:00,2016-12-01 13:00:00,h1,1,Beijing,Prophet,10.833333,14.255726337637999,test
2016-12-01 13:00:00,2016-12-01 14:00:00,h1,1,Beijing,Prophet,10.833333,17.682596114839924,test
2016-12-01 14:00:00,2016-12-01 15:00:00,h1,1,Beijing,Prophet,10.833333,17.835698897132705,test
2016-12-01 15:00:00,2016-12-01 16:00:00,h1,1,Beijing,Prophet,13.333333,18.69337730814892,test
2016-12-01 16:00:00,2016-12-01 17:00:00,h1,1,Beijing,Prophet,25.0,21.608972543024226,test
2016-12-01 17:00:00,2016-12-01 18:00:00,h1,1,Beijing,Prophet,50.0,38.082163962885545,test
2016-12-01 18:00:00,2016-12-01 19:00:00,h1,1,Beijing,Prophet,69.25,69.99427349461877,test
2016-12-01 19:00:00,2016-12-01 20:00:00,h1,1,Beijing,Prophet,86.25,88.01829791193313,test
2016-12-01 20:00:00,2016-12-01 21:00:00,h1,1,Beijing,Prophet,85.75,101.79573088042281,test
2016-12-01 21:00:00,2016-12-01 22:00:00,h1,1,Beijing,Prophet,87.583333,93.8709325795414,test
2016-12-01 22:00:00,2016-12-01 23:00:00,h1,1,Beijing,Prophet,93.083333,93.00749387772642,test
2016-12-01 23:00:00,2016-12-02 00:00:00,h1,1,Beijing,Prophet,95.583333,96.71606534427772,test
2016-12-02 00:00:00,2016-12-02 01:00:00,h1,1,Beijing,Prophet,95.166667,96.57901960148493,test
2016-12-02 01:00:00,2016-12-02 02:00:00,h1,1,Beijing,Prophet,97.333333,96.69805967266774,test
2016-12-02 02:00:00,2016-12-02 03:00:00,h1,1,Beijing,Prophet,87.916667,101.12976322329469,test
2016-12-02 03:00:00,2016-12-02 04:00:00,h1,1,Beijing,Prophet,73.083333,87.12766845401387,test
2016-12-02 04:00:00,2016-12-02 05:00:00,h1,1,Beijing,Prophet,53.166667,71.97003426613759,test
2016-12-02 05:00:00,2016-12-02 06:00:00,h1,1,Beijing,Prophet,46.25,52.69526665686634,test
2016-12-02 06:00:00,2016-12-02 07:00:00,h1,1,Beijing,Prophet,47.083333,50.09984078874939,test
2016-12-02 07:00:00,2016-12-02 08:00:00,h1,1,Beijing,Prophet,40.916667,55.906133691313954,test
2016-12-02 08:00:00,2016-12-02 09:00:00,h1,1,Beijing,Prophet,42.416667,48.224664154363694,test
2016-12-02 09:00:00,2016-12-02 10:00:00,h1,1,Beijing,Prophet,47.0,51.80006390410923,test
2016-12-02 10:00:00,2016-12-02 11:00:00,h1,1,Beijing,Prophet,52.166667,53.64787413868451,test
2016-12-02 11:00:00,2016-12-02 12:00:00,h1,1,Beijing,Prophet,58.083333,58.44150894701984,test
2016-12-02 12:00:00,2016-12-02 13:00:00,h1,1,Beijing,Prophet,58.083333,66.19851597815159,test
2016-12-02 13:00:00,2016-12-02 14:00:00,h1,1,Beijing,Prophet,64.770833,65.74108595314986,test
2016-12-02 14:00:00,2016-12-02 15:00:00,h1,1,Beijing,Prophet,75.958333,73.63526701104671,test
2016-12-02 15:00:00,2016-12-02 16:00:00,h1,1,Beijing,Prophet,88.395833,86.98989582643343,test
2016-12-02 16:00:00,2016-12-02 17:00:00,h1,1,Beijing,Prophet,113.916667,100.54382063296576,test
2016-12-02 17:00:00,2016-12-02 18:00:00,h1,1,Beijing,Prophet,135.333333,130.4358828438269,test
2016-12-02 18:00:00,2016-12-02 19:00:00,h1,1,Beijing,Prophet,147.833333,153.51829228438214,test
2016-12-02 19:00:00,2016-12-02 20:00:00,h1,1,Beijing,Prophet,162.416667,163.0459672388258,test
2016-12-02 20:00:00,2016-12-02 21:00:00,h1,1,Beijing,Prophet,176.75,172.98544420421794,test
2016-12-02 21:00:00,2016-12-02 22:00:00,h1,1,Beijing,Prophet,185.25,185.4159173184106,test
2016-12-02 22:00:00,2016-12-02 23:00:00,h1,1,Beijing,Prophet,180.333333,189.73001472991564,test
2016-12-02 23:00:00,2016-12-03 00:00:00,h1,1,Beijing,Prophet,194.277778,178.18741759187483,test
2016-12-05 00:00:00,2016-12-05 01:00:00,h1,1,Beijing,Prophet,136.388889,193.93777904164995,test
2016-12-05 01:00:00,2016-12-05 02:00:00,h1,1,Beijing,Prophet,124.75,124.56067041720078,test
2016-12-05 02:00:00,2016-12-05 03:00:00,h1,1,Beijing,Prophet,110.916667,121.94756716815832,test
2016-12-05 03:00:00,2016-12-05 04:00:00,h1,1,Beijing,Prophet,104.0,108.98145498973024,test
2016-12-05 04:00:00,2016-12-05 05:00:00,h1,1,Beijing,Prophet,101.333333,105.09914353466152,test
2016-12-05 05:00:00,2016-12-05 06:00:00,h1,1,Beijing,Prophet,91.0,102.4453842194136,test
2016-12-05 06:00:00,2016-12-05 07:00:00,h1,1,Beijing,Prophet,74.916667,91.19631619926105,test
2016-12-05 07:00:00,2016-12-05 08:00:00,h1,1,Beijing,Prophet,66.416667,75.8779614970228,test
2016-12-05 08:00:00,2016-12-05 09:00:00,h1,1,Beijing,Prophet,39.083333,66.84817390746744,test
2016-12-05 09:00:00,2016-12-05 10:00:00,h1,1,Beijing,Prophet,15.916667,32.00176592020234,test
2016-12-05 10:00:00,2016-12-05 11:00:00,h1,1,Beijing,Prophet,11.333333,12.140236881376222,test
2016-12-05 11:00:00,2016-12-05 12:00:00,h1,1,Beijing,Prophet,6.083333,14.766474119327992,test
2016-12-05 12:00:00,2016-12-05 13:00:00,h1,1,Beijing,Prophet,7.5,11.245134699030832,test
2016-12-05 13:00:00,2016-12-05 14:00:00,h1,1,Beijing,Prophet,8.083333,14.841619584233033,test
2016-12-05 14:00:00,2016-12-05 15:00:00,h1,1,Beijing,Prophet,6.75,15.349887907315356,test
2016-12-05 15:00:00,2016-12-05 16:00:00,h1,1,Beijing,Prophet,6.375,12.802514512356211,test
2016-12-05 16:00:00,2016-12-05 17:00:00,h1,1,Beijing,Prophet,5.833333,12.565954868222082,test
2016-12-05 17:00:00,2016-12-05 18:00:00,h1,1,Beijing,Prophet,6.416667,12.711029541826026,test
2016-12-05 18:00:00,2016-12-05 19:00:00,h1,1,Beijing,Prophet,9.25,15.555046835460015,test
2016-12-05 19:00:00,2016-12-05 20:00:00,h1,1,Beijing,Prophet,11.833333,20.042039238378614,test
2016-12-05 20:00:00,2016-12-05 21:00:00,h1,1,Beijing,Prophet,15.416667,22.197437263373327,test
2016-12-05 21:00:00,2016-12-05 22:00:00,h1,1,Beijing,Prophet,18.416667,23.935535472907343,test
2016-12-05 22:00:00,2016-12-05 23:00:00,h1,1,Beijing,Prophet,22.416667,23.977532349426706,test
2016-12-05 23:00:00,2016-12-06 00:00:00,h1,1,Beijing,Prophet,28.583333,29.08939725480015,test
2016-12-06 00:00:00,2016-12-06 01:00:00,h1,1,Beijing,Prophet,35.583333,35.79268131935977,test
2016-12-06 01:00:00,2016-12-06 02:00:00,h1,1,Beijing,Prophet,39.916667,42.45247060661625,test
2016-12-06 02:00:00,2016-12-06 03:00:00,h1,1,Beijing,Prophet,38.333333,46.04393615895403,test
2016-12-06 03:00:00,2016-12-06 04:00:00,h1,1,Beijing,Prophet,38.25,42.009164459087756,test
2016-12-06 04:00:00,2016-12-06 05:00:00,h1,1,Beijing,Prophet,40.333333,42.27484404869584,test
2016-12-06 05:00:00,2016-12-06 06:00:00,h1,1,Beijing,Prophet,39.25,45.83528156112632,test
2016-12-06 06:00:00,2016-12-06 07:00:00,h1,1,Beijing,Prophet,45.75,44.058560082377284,test
2016-12-06 07:00:00,2016-12-06 08:00:00,h1,1,Beijing,Prophet,56.75,53.19523536308193,test
2016-12-06 08:00:00,2016-12-06 09:00:00,h1,1,Beijing,Prophet,59.583333,67.98105588303835,test
2016-12-06 09:00:00,2016-12-06 10:00:00,h1,1,Beijing,Prophet,63.5,68.66259161524405,test
2016-12-06 10:00:00,2016-12-06 11:00:00,h1,1,Beijing,Prophet,70.083333,69.78042183887635,test
2016-12-06 11:00:00,2016-12-06 12:00:00,h1,1,Beijing,Prophet,71.708333,75.75461140734694,test
2016-12-06 12:00:00,2016-12-06 13:00:00,h1,1,Beijing,Prophet,77.666667,77.52622235172782,test
2016-12-06 13:00:00,2016-12-06 14:00:00,h1,1,Beijing,Prophet,82.694444,84.38493770360161,test
2016-12-06 14:00:00,2016-12-06 15:00:00,h1,1,Beijing,Prophet,89.0,89.28989829895382,test
2016-12-06 15:00:00,2016-12-06 16:00:00,h1,1,Beijing,Prophet,92.861111,95.32651836022639,test
2016-12-06 16:00:00,2016-12-06 17:00:00,h1,1,Beijing,Prophet,99.486111,99.90836253384902,test
2016-12-06 17:00:00,2016-12-06 18:00:00,h1,1,Beijing,Prophet,115.416667,110.20639733553219,test
2016-12-06 18:00:00,2016-12-06 19:00:00,h1,1,Beijing,Prophet,117.583333,130.4142213297505,test
2016-12-06 19:00:00,2016-12-06 20:00:00,h1,1,Beijing,Prophet,128.083333,124.06897329715403,test
2016-12-06 20:00:00,2016-12-06 21:00:00,h1,1,Beijing,Prophet,142.083333,136.12239250772052,test
2016-12-06 21:00:00,2016-12-06 22:00:00,h1,1,Beijing,Prophet,130.083333,150.805933202404,test
2016-12-06 22:00:00,2016-12-06 23:00:00,h1,1,Beijing,Prophet,130.083333,129.45774839640413,test
2016-12-06 23:00:00,2016-12-07 00:00:00,h1,1,Beijing,Prophet,141.916667,131.89897649669246,test
2016-12-07 00:00:00,2016-12-07 01:00:00,h1,1,Beijing,Prophet,122.25,146.03505587070512,test
2016-12-07 01:00:00,2016-12-07 02:00:00,h1,1,Beijing,Prophet,113.0,118.54999451055008,test
2016-12-07 02:00:00,2016-12-07 03:00:00,h1,1,Beijing,Prophet,112.916667,109.97519102494468,test
2016-12-07 03:00:00,2016-12-07 04:00:00,h1,1,Beijing,Prophet,107.916667,111.89281639564106,test
2016-12-07 04:00:00,2016-12-07 05:00:00,h1,1,Beijing,Prophet,95.75,104.884458126895,test
2016-12-07 05:00:00,2016-12-07 06:00:00,h1,1,Beijing,Prophet,72.25,93.14314380169225,test
2016-12-07 06:00:00,2016-12-07 07:00:00,h1,1,Beijing,Prophet,51.833333,70.6456906009176,test
2016-12-07 07:00:00,2016-12-07 08:00:00,h1,1,Beijing,Prophet,45.833333,52.49730783057692,test
2016-12-07 08:00:00,2016-12-07 09:00:00,h1,1,Beijing,Prophet,53.916667,52.40944399256479,test
2016-12-07 09:00:00,2016-12-07 10:00:00,h1,1,Beijing,Prophet,86.583333,63.59586579661195,test
2016-12-07 10:00:00,2016-12-07 11:00:00,h1,1,Beijing,Prophet,119.583333,98.37699738677286,test
2016-12-07 11:00:00,2016-12-07 12:00:00,h1,1,Beijing,Prophet,112.75,130.9751522146849,test
2016-12-07 12:00:00,2016-12-07 13:00:00,h1,1,Beijing,Prophet,102.75,113.38577604161614,test
2016-12-07 13:00:00,2016-12-07 14:00:00,h1,1,Beijing,Prophet,108.416667,103.07695064766577,test
2016-12-07 14:00:00,2016-12-07 15:00:00,h1,1,Beijing,Prophet,124.25,111.69996717870788,test
2016-12-07 15:00:00,2016-12-07 16:00:00,h1,1,Beijing,Prophet,158.25,130.5939635057615,test
2016-12-07 16:00:00,2016-12-07 17:00:00,h1,1,Beijing,Prophet,162.166667,167.73503793376267,test
2016-12-07 17:00:00,2016-12-07 18:00:00,h1,1,Beijing,Prophet,165.416667,162.49357921682008,test
2016-12-07 18:00:00,2016-12-07 19:00:00,h1,1,Beijing,Prophet,162.5,169.98028847189664,test
2016-12-07 19:00:00,2016-12-07 20:00:00,h1,1,Beijing,Prophet,169.166667,164.79368041789695,test
2016-12-07 20:00:00,2016-12-07 21:00:00,h1,1,Beijing,Prophet,167.833333,169.2287424630728,test
2016-12-07 21:00:00,2016-12-07 22:00:00,h1,1,Beijing,Prophet,166.25,160.39586070015196,test
2016-12-07 22:00:00,2016-12-07 23:00:00,h1,1,Beijing,Prophet,183.25,158.40458583419036,test
2016-12-07 23:00:00,2016-12-08 00:00:00,h1,1,Beijing,Prophet,189.75,183.6223548643213,test
2016-12-08 00:00:00,2016-12-08 01:00:00,h1,1,Beijing,Prophet,204.166667,186.91721332588747,test
2016-12-08 01:00:00,2016-12-08 02:00:00,h1,1,Beijing,Prophet,198.166667,205.43610903565326,test
2016-12-08 02:00:00,2016-12-08 03:00:00,h1,1,Beijing,Prophet,199.166667,194.70049003841768,test
2016-12-08 03:00:00,2016-12-08 04:00:00,h1,1,Beijing,Prophet,196.833333,196.5019400178308,test
2016-12-08 04:00:00,2016-12-08 05:00:00,h1,1,Beijing,Prophet,190.5,193.48594509466378,test
2016-12-08 05:00:00,2016-12-08 06:00:00,h1,1,Beijing,Prophet,183.166667,186.38472262152078,test
2016-12-08 06:00:00,2016-12-08 07:00:00,h1,1,Beijing,Prophet,178.0,181.04329413792533,test
2016-12-08 07:00:00,2016-12-08 08:00:00,h1,1,Beijing,Prophet,175.583333,180.48727102879735,test
2016-12-08 08:00:00,2016-12-08 09:00:00,h1,1,Beijing,Prophet,181.416667,180.16466981860634,test
2016-12-08 09:00:00,2016-12-08 10:00:00,h1,1,Beijing,Prophet,153.5,188.9552853359463,test
2016-12-08 10:00:00,2016-12-08 11:00:00,h1,1,Beijing,Prophet,55.333333,137.9420795194975,test
2016-12-08 11:00:00,2016-12-08 12:00:00,h1,1,Beijing,Prophet,21.166667,15.461658372127115,test
2016-12-08 12:00:00,2016-12-08 13:00:00,h1,1,Beijing,Prophet,8.833333,11.483237010726008,test
2016-12-08 13:00:00,2016-12-08 14:00:00,h1,1,Beijing,Prophet,6.166667,12.525424751859646,test
2016-12-08 14:00:00,2016-12-08 15:00:00,h1,1,Beijing,Prophet,7.083333,13.755402445196264,test
2016-12-08 15:00:00,2016-12-08 16:00:00,h1,1,Beijing,Prophet,5.583333,14.177433772716888,test
2016-12-08 16:00:00,2016-12-08 17:00:00,h1,1,Beijing,Prophet,6.75,11.500297625705084,test
2016-12-08 17:00:00,2016-12-08 18:00:00,h1,1,Beijing,Prophet,9.75,14.676967512143008,test
2016-12-08 18:00:00,2016-12-08 19:00:00,h1,1,Beijing,Prophet,10.0,19.729167663034087,test
2016-12-08 19:00:00,2016-12-08 20:00:00,h1,1,Beijing,Prophet,10.0,19.0664310271238,test
2016-12-08 20:00:00,2016-12-08 21:00:00,h1,1,Beijing,Prophet,7.833333,17.503809137319514,test
2016-12-08 21:00:00,2016-12-08 22:00:00,h1,1,Beijing,Prophet,7.333333,12.12171579595919,test
2016-12-08 22:00:00,2016-12-08 23:00:00,h1,1,Beijing,Prophet,6.25,12.348177122985405,test
2016-12-08 23:00:00,2016-12-09 00:00:00,h1,1,Beijing,Prophet,6.916667,10.577430652534641,test
2016-12-09 00:00:00,2016-12-09 01:00:00,h1,1,Beijing,Prophet,7.5,12.58824933648155,test
2016-12-09 01:00:00,2016-12-09 02:00:00,h1,1,Beijing,Prophet,9.083333,12.707074839486292,test
2016-12-09 02:00:00,2016-12-09 03:00:00,h1,1,Beijing,Prophet,9.333333,15.7130076205007,test
2016-12-09 03:00:00,2016-12-09 04:00:00,h1,1,Beijing,Prophet,10.333333,14.30209543994145,test
2016-12-09 04:00:00,2016-12-09 05:00:00,h1,1,Beijing,Prophet,10.416667,14.172758875239257,test
2016-12-09 05:00:00,2016-12-09 06:00:00,h1,1,Beijing,Prophet,9.333333,14.320874328655382,test
2016-12-09 06:00:00,2016-12-09 07:00:00,h1,1,Beijing,Prophet,10.833333,13.531397813682773,test
2016-12-09 07:00:00,2016-12-09 08:00:00,h1,1,Beijing,Prophet,12.75,18.215470633197935,test
2016-12-09 08:00:00,2016-12-09 09:00:00,h1,1,Beijing,Prophet,13.416667,20.697665355038485,test
2016-12-09 09:00:00,2016-12-09 10:00:00,h1,1,Beijing,Prophet,13.166667,21.151979320421486,test
2016-12-09 10:00:00,2016-12-09 11:00:00,h1,1,Beijing,Prophet,13.166667,18.338990670905535,test
2016-12-09 11:00:00,2016-12-09 12:00:00,h1,1,Beijing,Prophet,11.0,19.039803164774142,test
2016-12-09 12:00:00,2016-12-09 13:00:00,h1,1,Beijing,Prophet,10.666667,17.93831303818471,test
2016-12-09 13:00:00,2016-12-09 14:00:00,h1,1,Beijing,Prophet,11.416667,19.088107187721228,test
2016-12-09 14:00:00,2016-12-09 15:00:00,h1,1,Beijing,Prophet,15.083333,20.76676998885838,test
2016-12-09 15:00:00,2016-12-09 16:00:00,h1,1,Beijing,Prophet,22.5,26.17112611274014,test
2016-12-09 16:00:00,2016-12-09 17:00:00,h1,1,Beijing,Prophet,30.416667,33.99930119902678,test
2016-12-09 17:00:00,2016-12-09 18:00:00,h1,1,Beijing,Prophet,36.583333,43.012795628910006,test
2016-12-09 18:00:00,2016-12-09 19:00:00,h1,1,Beijing,Prophet,45.5,49.917798874338764,test
2016-12-09 19:00:00,2016-12-09 20:00:00,h1,1,Beijing,Prophet,52.916667,58.93247519072477,test
2016-12-09 20:00:00,2016-12-09 21:00:00,h1,1,Beijing,Prophet,53.75,64.24691785078929,test
2016-12-09 21:00:00,2016-12-09 22:00:00,h1,1,Beijing,Prophet,54.833333,61.25063745427561,test
2016-12-09 22:00:00,2016-12-09 23:00:00,h1,1,Beijing,Prophet,56.333333,61.15348017619192,test
2016-12-09 23:00:00,2016-12-10 00:00:00,h1,1,Beijing,Prophet,53.75,61.88878325179893,test
2016-12-10 00:00:00,2016-12-10 01:00:00,h1,1,Beijing,Prophet,52.333333,57.406274233060614,test
2016-12-10 01:00:00,2016-12-10 02:00:00,h1,1,Beijing,Prophet,52.416667,56.28325715435798,test
2016-12-10 02:00:00,2016-12-10 03:00:00,h1,1,Beijing,Prophet,50.916667,55.99440568221647,test
2016-12-10 03:00:00,2016-12-10 04:00:00,h1,1,Beijing,Prophet,41.333333,53.15440063132693,test
2016-12-10 04:00:00,2016-12-10 05:00:00,h1,1,Beijing,Prophet,35.083333,41.854069156069244,test
2016-12-10 05:00:00,2016-12-10 06:00:00,h1,1,Beijing,Prophet,32.916667,38.22867212931906,test
2016-12-10 06:00:00,2016-12-10 07:00:00,h1,1,Beijing,Prophet,26.5,38.26090230405807,test
2016-12-10 07:00:00,2016-12-10 08:00:00,h1,1,Beijing,Prophet,22.833333,32.627078797239044,test
2016-12-10 08:00:00,2016-12-10 09:00:00,h1,1,Beijing,Prophet,26.666667,30.154157379512764,test
2016-12-10 09:00:00,2016-12-10 10:00:00,h1,1,Beijing,Prophet,34.25,36.11068165347328,test
2016-12-10 10:00:00,2016-12-10 11:00:00,h1,1,Beijing,Prophet,41.416667,42.35908725233162,test
2016-12-10 11:00:00,2016-12-10 12:00:00,h1,1,Beijing,Prophet,44.666667,48.93110761043377,test
2016-12-10 12:00:00,2016-12-10 13:00:00,h1,1,Beijing,Prophet,43.916667,52.34833237568731,test
2016-12-10 13:00:00,2016-12-10 14:00:00,h1,1,Beijing,Prophet,41.666667,51.43678360510175,test
2016-12-10 14:00:00,2016-12-10 15:00:00,h1,1,Beijing,Prophet,39.333333,48.75779961782883,test
2016-12-10 15:00:00,2016-12-10 16:00:00,h1,1,Beijing,Prophet,39.166667,46.53159529501891,test
2016-12-10 16:00:00,2016-12-10 17:00:00,h1,1,Beijing,Prophet,41.666667,47.47641606958178,test
2016-12-10 17:00:00,2016-12-10 18:00:00,h1,1,Beijing,Prophet,49.75,52.60590977062255,test
2016-12-10 18:00:00,2016-12-10 19:00:00,h1,1,Beijing,Prophet,61.666667,64.24986491153955,test
2016-12-10 19:00:00,2016-12-10 20:00:00,h1,1,Beijing,Prophet,64.25,77.57940151017286,test
2016-12-10 20:00:00,2016-12-10 21:00:00,h1,1,Beijing,Prophet,76.416667,75.12792103925506,test
2016-12-10 21:00:00,2016-12-10 22:00:00,h1,1,Beijing,Prophet,79.416667,86.51118833587603,test
2016-12-10 22:00:00,2016-12-10 23:00:00,h1,1,Beijing,Prophet,87.166667,86.01305741424812,test
2016-12-10 23:00:00,2016-12-11 00:00:00,h1,1,Beijing,Prophet,100.583333,93.67783655593288,test
2016-12-11 00:00:00,2016-12-11 01:00:00,h1,1,Beijing,Prophet,114.666667,106.20233936066282,test
2016-12-11 01:00:00,2016-12-11 02:00:00,h1,1,Beijing,Prophet,109.583333,120.67728765663318,test
2016-12-11 02:00:00,2016-12-11 03:00:00,h1,1,Beijing,Prophet,109.666667,111.12003232923516,test
2016-12-11 03:00:00,2016-12-11 04:00:00,h1,1,Beijing,Prophet,114.833333,111.28074989371787,test
2016-12-11 04:00:00,2016-12-11 05:00:00,h1,1,Beijing,Prophet,119.75,115.08445077589143,test
2016-12-11 05:00:00,2016-12-11 06:00:00,h1,1,Beijing,Prophet,123.416667,121.32256575366885,test
2016-12-11 06:00:00,2016-12-11 07:00:00,h1,1,Beijing,Prophet,126.583333,125.9193339660265,test
2016-12-11 07:00:00,2016-12-11 08:00:00,h1,1,Beijing,Prophet,125.333333,130.45744611528107,test
2016-12-11 08:00:00,2016-12-11 09:00:00,h1,1,Beijing,Prophet,133.0,127.90122461453774,test
2016-12-11 09:00:00,2016-12-11 10:00:00,h1,1,Beijing,Prophet,140.416667,139.47187701708157,test
2016-12-11 10:00:00,2016-12-11 11:00:00,h1,1,Beijing,Prophet,144.166667,147.5719003646592,test
2016-12-11 11:00:00,2016-12-11 12:00:00,h1,1,Beijing,Prophet,160.75,147.87799212714265,test
2016-12-11 12:00:00,2016-12-11 13:00:00,h1,1,Beijing,Prophet,180.583333,166.9810815417048,test
2016-12-11 13:00:00,2016-12-11 14:00:00,h1,1,Beijing,Prophet,194.166667,185.08263214937193,test
2016-12-11 14:00:00,2016-12-11 15:00:00,h1,1,Beijing,Prophet,187.75,194.78295334756183,test
2016-12-11 15:00:00,2016-12-11 16:00:00,h1,1,Beijing,Prophet,184.166667,185.3698389801066,test
2016-12-11 16:00:00,2016-12-11 17:00:00,h1,1,Beijing,Prophet,193.0,183.0655400469449,test
2016-12-11 17:00:00,2016-12-11 18:00:00,h1,1,Beijing,Prophet,205.833333,197.70671548355782,test
2016-12-11 18:00:00,2016-12-11 19:00:00,h1,1,Beijing,Prophet,209.083333,212.9711467919566,test
2016-12-11 19:00:00,2016-12-11 20:00:00,h1,1,Beijing,Prophet,208.166667,212.06207903449783,test
2016-12-11 20:00:00,2016-12-11 21:00:00,h1,1,Beijing,Prophet,213.333333,210.55646006430538,test
2016-12-11 21:00:00,2016-12-11 22:00:00,h1,1,Beijing,Prophet,224.916667,216.42080188217457,test
2016-12-11 22:00:00,2016-12-11 23:00:00,h1,1,Beijing,Prophet,225.916667,226.54130957733273,test
2016-12-11 23:00:00,2016-12-12 00:00:00,h1,1,Beijing,Prophet,227.5,221.49122191493703,test
2016-12-12 00:00:00,2016-12-12 01:00:00,h1,1,Beijing,Prophet,223.75,227.23950387650342,test
2016-12-12 01:00:00,2016-12-12 02:00:00,h1,1,Beijing,Prophet,222.166667,222.79109678938536,test
2016-12-12 02:00:00,2016-12-12 03:00:00,h1,1,Beijing,Prophet,214.25,218.8993789809001,test
2016-12-12 03:00:00,2016-12-12 04:00:00,h1,1,Beijing,Prophet,214.333333,211.20939588388558,test
2016-12-12 04:00:00,2016-12-12 05:00:00,h1,1,Beijing,Prophet,213.416667,209.50880254704794,test
2016-12-12 05:00:00,2016-12-12 06:00:00,h1,1,Beijing,Prophet,216.416667,211.33179177959954,test
2016-12-12 06:00:00,2016-12-12 07:00:00,h1,1,Beijing,Prophet,219.083333,219.99449791580736,test
2016-12-12 07:00:00,2016-12-12 08:00:00,h1,1,Beijing,Prophet,221.166667,225.47371489412706,test
2016-12-12 08:00:00,2016-12-12 09:00:00,h1,1,Beijing,Prophet,219.25,223.38133083397568,test
2016-12-12 09:00:00,2016-12-12 10:00:00,h1,1,Beijing,Prophet,223.583333,223.285816806163,test
2016-12-12 10:00:00,2016-12-12 11:00:00,h1,1,Beijing,Prophet,226.166667,225.3853173633919,test
2016-12-12 11:00:00,2016-12-12 12:00:00,h1,1,Beijing,Prophet,232.333333,225.9914997970175,test
2016-12-12 12:00:00,2016-12-12 13:00:00,h1,1,Beijing,Prophet,226.666667,229.5844131103049,test
2016-12-12 13:00:00,2016-12-12 14:00:00,h1,1,Beijing,Prophet,223.166667,222.31423807363853,test
2016-12-12 14:00:00,2016-12-12 15:00:00,h1,1,Beijing,Prophet,210.75,218.26586927035794,test
2016-12-12 15:00:00,2016-12-12 16:00:00,h1,1,Beijing,Prophet,200.083333,204.94495037777173,test
2016-12-12 16:00:00,2016-12-12 17:00:00,h1,1,Beijing,Prophet,212.0,197.81708638956263,test
2016-12-12 17:00:00,2016-12-12 18:00:00,h1,1,Beijing,Prophet,238.816667,216.26315714357847,test
2016-12-12 18:00:00,2016-12-12 19:00:00,h1,1,Beijing,Prophet,242.3,250.2090968576822,test
2016-12-12 19:00:00,2016-12-12 20:00:00,h1,1,Beijing,Prophet,234.866667,250.29925385449982,test
2016-12-12 20:00:00,2016-12-12 21:00:00,h1,1,Beijing,Prophet,226.183333,238.72715858283573,test
2016-12-12 21:00:00,2016-12-12 22:00:00,h1,1,Beijing,Prophet,218.583333,227.99239724479895,test
2016-12-12 22:00:00,2016-12-12 23:00:00,h1,1,Beijing,Prophet,210.75,218.1620906398681,test
2016-12-12 23:00:00,2016-12-13 00:00:00,h1,1,Beijing,Prophet,201.666667,210.2773846455513,test
2016-12-13 00:00:00,2016-12-13 01:00:00,h1,1,Beijing,Prophet,179.083333,200.0744125463112,test
2016-12-13 01:00:00,2016-12-13 02:00:00,h1,1,Beijing,Prophet,150.583333,176.5176150084155,test
2016-12-13 02:00:00,2016-12-13 03:00:00,h1,1,Beijing,Prophet,141.166667,145.66050994905345,test
2016-12-13 03:00:00,2016-12-13 04:00:00,h1,1,Beijing,Prophet,124.333333,139.70025714469227,test
2016-12-13 04:00:00,2016-12-13 05:00:00,h1,1,Beijing,Prophet,77.5,117.53859369259263,test
2016-12-13 05:00:00,2016-12-13 06:00:00,h1,1,Beijing,Prophet,32.5,58.98685426702419,test
2016-12-13 06:00:00,2016-12-13 07:00:00,h1,1,Beijing,Prophet,23.666667,20.088933050762513,test
2016-12-13 07:00:00,2016-12-13 08:00:00,h1,1,Beijing,Prophet,17.583333,28.078263756037543,test
2016-12-13 08:00:00,2016-12-13 09:00:00,h1,1,Beijing,Prophet,19.666667,24.426906007222705,test
2016-12-13 09:00:00,2016-12-13 10:00:00,h1,1,Beijing,Prophet,19.916667,27.90821262944923,test
2016-12-13 10:00:00,2016-12-13 11:00:00,h1,1,Beijing,Prophet,16.916667,26.19616199778019,test
2016-12-13 11:00:00,2016-12-13 12:00:00,h1,1,Beijing,Prophet,14.666667,21.69609153224267,test
2016-12-13 12:00:00,2016-12-13 13:00:00,h1,1,Beijing,Prophet,18.333333,21.192262637270737,test
2016-12-13 13:00:00,2016-12-13 14:00:00,h1,1,Beijing,Prophet,17.416667,27.459189390164873,test
2016-12-13 14:00:00,2016-12-13 15:00:00,h1,1,Beijing,Prophet,18.5,25.598240007997706,test
2016-12-13 15:00:00,2016-12-13 16:00:00,h1,1,Beijing,Prophet,18.666667,27.609719124672672,test
2016-12-13 16:00:00,2016-12-13 17:00:00,h1,1,Beijing,Prophet,22.916667,27.857974103502208,test
2016-12-13 17:00:00,2016-12-13 18:00:00,h1,1,Beijing,Prophet,33.0,33.97786057671346,test
2016-12-13 18:00:00,2016-12-13 19:00:00,h1,1,Beijing,Prophet,38.75,46.849318422722774,test
2016-12-13 19:00:00,2016-12-13 20:00:00,h1,1,Beijing,Prophet,34.0,51.63568746453744,test
2016-12-13 20:00:00,2016-12-13 21:00:00,h1,1,Beijing,Prophet,20.416667,39.92520954371606,test
2016-12-13 21:00:00,2016-12-13 22:00:00,h1,1,Beijing,Prophet,22.916667,19.43291037059482,test
2016-12-13 22:00:00,2016-12-13 23:00:00,h1,1,Beijing,Prophet,18.416667,24.843915876636284,test
2016-12-13 23:00:00,2016-12-14 00:00:00,h1,1,Beijing,Prophet,11.333333,18.36376516864308,test
2016-12-14 00:00:00,2016-12-14 01:00:00,h1,1,Beijing,Prophet,10.833333,11.298587295758892,test
2016-12-14 01:00:00,2016-12-14 02:00:00,h1,1,Beijing,Prophet,7.583333,13.43908483336391,test
2016-12-14 02:00:00,2016-12-14 03:00:00,h1,1,Beijing,Prophet,6.416667,9.936518393727969,test
2016-12-14 03:00:00,2016-12-14 04:00:00,h1,1,Beijing,Prophet,6.333333,8.20529684785145,test
2016-12-14 04:00:00,2016-12-14 05:00:00,h1,1,Beijing,Prophet,5.0,8.42605537403115,test
2016-12-14 05:00:00,2016-12-14 06:00:00,h1,1,Beijing,Prophet,7.25,8.452170801212418,test
2016-12-14 06:00:00,2016-12-14 07:00:00,h1,1,Beijing,Prophet,8.166667,13.471028620947614,test
2016-12-14 07:00:00,2016-12-14 08:00:00,h1,1,Beijing,Prophet,10.333333,16.251280452150958,test
2016-12-14 08:00:00,2016-12-14 09:00:00,h1,1,Beijing,Prophet,13.416667,19.642220855250642,test
2016-12-14 09:00:00,2016-12-14 10:00:00,h1,1,Beijing,Prophet,14.75,22.615057466758017,test
2016-12-14 10:00:00,2016-12-14 11:00:00,h1,1,Beijing,Prophet,13.777778,20.840137756867012,test
2016-12-14 11:00:00,2016-12-14 12:00:00,h1,1,Beijing,Prophet,12.972222,18.907447008767125,test
2016-12-14 12:00:00,2016-12-14 13:00:00,h1,1,Beijing,Prophet,13.333333,19.02124118339207,test
2016-12-14 13:00:00,2016-12-14 14:00:00,h1,1,Beijing,Prophet,14.916667,20.919460703041892,test
2016-12-14 14:00:00,2016-12-14 15:00:00,h1,1,Beijing,Prophet,17.194444,23.00268115076051,test
2016-12-14 15:00:00,2016-12-14 16:00:00,h1,1,Beijing,Prophet,22.305556,25.872823060868264,test
2016-12-14 16:00:00,2016-12-14 17:00:00,h1,1,Beijing,Prophet,35.083333,31.586479504121023,test
2016-12-14 17:00:00,2016-12-14 18:00:00,h1,1,Beijing,Prophet,48.583333,47.83559884142809,test
2016-12-14 18:00:00,2016-12-14 19:00:00,h1,1,Beijing,Prophet,50.333333,62.241861273418735,test
2016-12-14 19:00:00,2016-12-14 20:00:00,h1,1,Beijing,Prophet,59.083333,58.63892923480507,test
2016-12-14 20:00:00,2016-12-14 21:00:00,h1,1,Beijing,Prophet,63.083333,66.15184851792198,test
2016-12-14 21:00:00,2016-12-14 22:00:00,h1,1,Beijing,Prophet,67.166667,66.05047169518156,test
2016-12-14 22:00:00,2016-12-14 23:00:00,h1,1,Beijing,Prophet,72.666667,70.2122502834209,test
2016-12-14 23:00:00,2016-12-15 00:00:00,h1,1,Beijing,Prophet,74.416667,76.82757442101493,test
2016-12-15 00:00:00,2016-12-15 01:00:00,h1,1,Beijing,Prophet,72.916667,77.88329504653792,test
2016-12-15 01:00:00,2016-12-15 02:00:00,h1,1,Beijing,Prophet,67.666667,75.66716930651504,test
2016-12-15 02:00:00,2016-12-15 03:00:00,h1,1,Beijing,Prophet,62.166667,68.70480760824272,test
2016-12-15 03:00:00,2016-12-15 04:00:00,h1,1,Beijing,Prophet,57.25,62.04277921440334,test
2016-12-15 04:00:00,2016-12-15 05:00:00,h1,1,Beijing,Prophet,45.25,57.628935389379706,test
2016-12-15 05:00:00,2016-12-15 06:00:00,h1,1,Beijing,Prophet,22.5,44.081702555641144,test
2016-12-15 06:00:00,2016-12-15 07:00:00,h1,1,Beijing,Prophet,10.25,20.35588880898891,test
2016-12-15 07:00:00,2016-12-15 08:00:00,h1,1,Beijing,Prophet,12.75,12.998762105263648,test
2016-12-15 08:00:00,2016-12-15 09:00:00,h1,1,Beijing,Prophet,11.333333,18.942335975969325,test
2016-12-15 09:00:00,2016-12-15 10:00:00,h1,1,Beijing,Prophet,11.25,18.88449737169706,test
2016-12-15 10:00:00,2016-12-15 11:00:00,h1,1,Beijing,Prophet,8.166667,16.38411179058668,test
2016-12-15 11:00:00,2016-12-15 12:00:00,h1,1,Beijing,Prophet,7.25,12.994656565871942,test
2016-12-15 12:00:00,2016-12-15 13:00:00,h1,1,Beijing,Prophet,7.916667,13.448923366650956,test
2016-12-15 13:00:00,2016-12-15 14:00:00,h1,1,Beijing,Prophet,6.416667,14.831830109958787,test
2016-12-15 14:00:00,2016-12-15 15:00:00,h1,1,Beijing,Prophet,7.666667,13.1882773342927,test
2016-12-15 15:00:00,2016-12-15 16:00:00,h1,1,Beijing,Prophet,6.833333,15.713939408304693,test
2016-12-15 16:00:00,2016-12-15 17:00:00,h1,1,Beijing,Prophet,6.25,13.992716347528887,test
2016-12-15 17:00:00,2016-12-15 18:00:00,h1,1,Beijing,Prophet,9.833333,14.824967238363918,test
2016-12-15 18:00:00,2016-12-15 19:00:00,h1,1,Beijing,Prophet,17.5,21.430989394315127,test
2016-12-15 19:00:00,2016-12-15 20:00:00,h1,1,Beijing,Prophet,24.333333,30.69595870359406,test
2016-12-15 20:00:00,2016-12-15 21:00:00,h1,1,Beijing,Prophet,20.083333,36.01937621858751,test
2016-12-15 21:00:00,2016-12-15 22:00:00,h1,1,Beijing,Prophet,20.833333,27.04423910024208,test
2016-12-15 22:00:00,2016-12-15 23:00:00,h1,1,Beijing,Prophet,32.583333,27.163942148210744,test
2016-12-15 23:00:00,2016-12-16 00:00:00,h1,1,Beijing,Prophet,63.333333,41.41107008451597,test
2016-12-16 00:00:00,2016-12-16 01:00:00,h1,1,Beijing,Prophet,80.916667,75.57553075325256,test
2016-12-16 01:00:00,2016-12-16 02:00:00,h1,1,Beijing,Prophet,97.666667,91.05857250486753,test
2016-12-16 02:00:00,2016-12-16 03:00:00,h1,1,Beijing,Prophet,112.833333,106.28310067116861,test
2016-12-16 03:00:00,2016-12-16 04:00:00,h1,1,Beijing,Prophet,109.416667,119.39308818832228,test
2016-12-16 04:00:00,2016-12-16 05:00:00,h1,1,Beijing,Prophet,73.833333,110.53588441075955,test
2016-12-16 05:00:00,2016-12-16 06:00:00,h1,1,Beijing,Prophet,55.166667,67.61116547048505,test
2016-12-16 06:00:00,2016-12-16 07:00:00,h1,1,Beijing,Prophet,33.75,55.008845189283804,test
2016-12-16 07:00:00,2016-12-16 08:00:00,h1,1,Beijing,Prophet,30.583333,34.890390418450096,test
2016-12-16 08:00:00,2016-12-16 09:00:00,h1,1,Beijing,Prophet,31.5,38.434366731583836,test
2016-12-16 09:00:00,2016-12-16 10:00:00,h1,1,Beijing,Prophet,43.416667,40.05407474605958,test
2016-12-16 10:00:00,2016-12-16 11:00:00,h1,1,Beijing,Prophet,50.0,52.48762313088034,test
2016-12-16 11:00:00,2016-12-16 12:00:00,h1,1,Beijing,Prophet,70.583333,57.565473317283434,test
2016-12-16 12:00:00,2016-12-16 13:00:00,h1,1,Beijing,Prophet,94.416667,82.53070145700991,test
2016-12-16 13:00:00,2016-12-16 14:00:00,h1,1,Beijing,Prophet,114.916667,106.83245884135748,test
2016-12-16 14:00:00,2016-12-16 15:00:00,h1,1,Beijing,Prophet,132.5,127.00029335939034,test
2016-12-16 15:00:00,2016-12-16 16:00:00,h1,1,Beijing,Prophet,140.166667,142.54509923977702,test
2016-12-16 16:00:00,2016-12-16 17:00:00,h1,1,Beijing,Prophet,133.916667,147.71916837484082,test
2016-12-16 17:00:00,2016-12-16 18:00:00,h1,1,Beijing,Prophet,166.916667,140.12884336311816,test
2016-12-16 18:00:00,2016-12-16 19:00:00,h1,1,Beijing,Prophet,192.666667,183.7902998367926,test
2016-12-16 19:00:00,2016-12-16 20:00:00,h1,1,Beijing,Prophet,195.333333,207.11885891910535,test
2016-12-16 20:00:00,2016-12-16 21:00:00,h1,1,Beijing,Prophet,181.0,203.77459247554944,test
2016-12-16 21:00:00,2016-12-16 22:00:00,h1,1,Beijing,Prophet,172.666667,182.3768466113233,test
2016-12-16 22:00:00,2016-12-16 23:00:00,h1,1,Beijing,Prophet,165.25,168.51941963198362,test
2016-12-16 23:00:00,2016-12-17 00:00:00,h1,1,Beijing,Prophet,15.083333,161.20381531038788,test
2016-12-23 00:00:00,2016-12-23 01:00:00,h1,1,Beijing,Prophet,17.833333,0.0,test
2016-12-23 01:00:00,2016-12-23 02:00:00,h1,1,Beijing,Prophet,16.166667,17.20022460504444,test
2016-12-23 02:00:00,2016-12-23 03:00:00,h1,1,Beijing,Prophet,17.0,21.79036631791095,test
2016-12-23 03:00:00,2016-12-23 04:00:00,h1,1,Beijing,Prophet,14.916667,21.98355604290298,test
2016-12-23 04:00:00,2016-12-23 05:00:00,h1,1,Beijing,Prophet,14.666667,15.228352107927776,test
2016-12-23 05:00:00,2016-12-23 06:00:00,h1,1,Beijing,Prophet,14.388889,19.226992853910833,test
2016-12-23 06:00:00,2016-12-23 07:00:00,h1,1,Beijing,Prophet,14.194444,19.028079149137245,test
2016-12-23 07:00:00,2016-12-23 08:00:00,h1,1,Beijing,Prophet,17.083333,21.552348091362628,test
2016-12-23 08:00:00,2016-12-23 09:00:00,h1,1,Beijing,Prophet,16.25,26.284397298678037,test
2016-12-23 09:00:00,2016-12-23 10:00:00,h1,1,Beijing,Prophet,18.25,24.598660867759325,test
2016-12-23 10:00:00,2016-12-23 11:00:00,h1,1,Beijing,Prophet,21.333333,25.426555123961663,test
2016-12-23 11:00:00,2016-12-23 12:00:00,h1,1,Beijing,Prophet,20.638889,28.199993579298827,test
2016-12-23 12:00:00,2016-12-23 13:00:00,h1,1,Beijing,Prophet,19.777778,28.76640296939109,test
2016-12-23 13:00:00,2016-12-23 14:00:00,h1,1,Beijing,Prophet,24.083333,28.5528865500128,test
2016-12-23 14:00:00,2016-12-23 15:00:00,h1,1,Beijing,Prophet,18.083333,34.587338341859216,test
2016-12-23 15:00:00,2016-12-23 16:00:00,h1,1,Beijing,Prophet,20.833333,25.74849634281179,test
2016-12-23 16:00:00,2016-12-23 17:00:00,h1,1,Beijing,Prophet,29.666667,30.975467432199217,test
2016-12-23 17:00:00,2016-12-23 18:00:00,h1,1,Beijing,Prophet,47.416667,41.96420459970151,test
2016-12-23 18:00:00,2016-12-23 19:00:00,h1,1,Beijing,Prophet,64.25,63.762663657881426,test
2016-12-23 19:00:00,2016-12-23 20:00:00,h1,1,Beijing,Prophet,71.0,78.51999136352441,test
2016-12-23 20:00:00,2016-12-23 21:00:00,h1,1,Beijing,Prophet,74.25,80.87634203897947,test
2016-12-23 21:00:00,2016-12-23 22:00:00,h1,1,Beijing,Prophet,74.833333,79.8358704292092,test
2016-12-23 22:00:00,2016-12-23 23:00:00,h1,1,Beijing,Prophet,78.416667,76.98224704425209,test
2016-12-23 23:00:00,2016-12-24 00:00:00,h1,1,Beijing,Prophet,76.416667,78.69985399173785,test
2016-12-24 00:00:00,2016-12-24 01:00:00,h1,1,Beijing,Prophet,79.333333,75.90531799584653,test
2016-12-24 01:00:00,2016-12-24 02:00:00,h1,1,Beijing,Prophet,82.916667,82.99974259102035,test
2016-12-24 02:00:00,2016-12-24 03:00:00,h1,1,Beijing,Prophet,84.083333,87.25963629722665,test
2016-12-24 03:00:00,2016-12-24 04:00:00,h1,1,Beijing,Prophet,89.583333,86.09620769240178,test
2016-12-24 04:00:00,2016-12-24 05:00:00,h1,1,Beijing,Prophet,89.416667,92.63345161352404,test
2016-12-24 05:00:00,2016-12-24 06:00:00,h1,1,Beijing,Prophet,96.666667,91.8989409339687,test
2016-12-24 06:00:00,2016-12-24 07:00:00,h1,1,Beijing,Prophet,100.166667,102.02893017425797,test
2016-12-24 07:00:00,2016-12-24 08:00:00,h1,1,Beijing,Prophet,103.75,105.94925415703968,test
2016-12-24 08:00:00,2016-12-24 09:00:00,h1,1,Beijing,Prophet,102.25,111.09860702541201,test
2016-12-24 09:00:00,2016-12-24 10:00:00,h1,1,Beijing,Prophet,103.583333,108.4004503815668,test
2016-12-24 10:00:00,2016-12-24 11:00:00,h1,1,Beijing,Prophet,110.416667,108.45738661717573,test
2016-12-24 11:00:00,2016-12-24 12:00:00,h1,1,Beijing,Prophet,120.416667,114.47308210539094,test
2016-12-24 12:00:00,2016-12-24 13:00:00,h1,1,Beijing,Prophet,127.75,125.33655326484364,test
2016-12-24 13:00:00,2016-12-24 14:00:00,h1,1,Beijing,Prophet,124.666667,130.6979370467983,test
2016-12-24 14:00:00,2016-12-24 15:00:00,h1,1,Beijing,Prophet,125.916667,126.62411544079411,test
2016-12-24 15:00:00,2016-12-24 16:00:00,h1,1,Beijing,Prophet,135.416667,130.55193240946357,test
2016-12-24 16:00:00,2016-12-24 17:00:00,h1,1,Beijing,Prophet,146.166667,142.42709848170355,test
2016-12-24 17:00:00,2016-12-24 18:00:00,h1,1,Beijing,Prophet,148.25,155.99162115656998,test
2016-12-24 18:00:00,2016-12-24 19:00:00,h1,1,Beijing,Prophet,147.0,155.1568258784834,test
2016-12-24 19:00:00,2016-12-24 20:00:00,h1,1,Beijing,Prophet,152.416667,153.09203255220984,test
2016-12-24 20:00:00,2016-12-24 21:00:00,h1,1,Beijing,Prophet,157.0,158.44204536827664,test
2016-12-24 21:00:00,2016-12-24 22:00:00,h1,1,Beijing,Prophet,156.083333,161.78062432419568,test
2016-12-24 22:00:00,2016-12-24 23:00:00,h1,1,Beijing,Prophet,161.083333,156.07638440645445,test
2016-12-24 23:00:00,2016-12-25 00:00:00,h1,1,Beijing,Prophet,171.333333,160.45842352968486,test
2016-12-26 00:00:00,2016-12-26 01:00:00,h1,1,Beijing,Prophet,157.5,173.79656234662988,test
2016-12-26 01:00:00,2016-12-26 02:00:00,h1,1,Beijing,Prophet,151.333333,152.50784810307633,test
2016-12-26 02:00:00,2016-12-26 03:00:00,h1,1,Beijing,Prophet,135.666667,149.3381354087549,test
2016-12-26 03:00:00,2016-12-26 04:00:00,h1,1,Beijing,Prophet,109.083333,128.13476817456845,test
2016-12-26 04:00:00,2016-12-26 05:00:00,h1,1,Beijing,Prophet,58.0,98.74266932718118,test
2016-12-26 05:00:00,2016-12-26 06:00:00,h1,1,Beijing,Prophet,34.333333,44.16420717170887,test
2016-12-26 06:00:00,2016-12-26 07:00:00,h1,1,Beijing,Prophet,24.333333,32.02275629636959,test
2016-12-26 07:00:00,2016-12-26 08:00:00,h1,1,Beijing,Prophet,22.333333,29.05767974849669,test
2016-12-26 08:00:00,2016-12-26 09:00:00,h1,1,Beijing,Prophet,21.5,31.648514359834238,test
2016-12-26 09:00:00,2016-12-26 10:00:00,h1,1,Beijing,Prophet,28.083333,30.489679266044362,test
2016-12-26 10:00:00,2016-12-26 11:00:00,h1,1,Beijing,Prophet,18.5,36.649030994716426,test
2016-12-26 11:00:00,2016-12-26 12:00:00,h1,1,Beijing,Prophet,17.75,21.64393146434377,test
2016-12-26 12:00:00,2016-12-26 13:00:00,h1,1,Beijing,Prophet,15.5,23.787264215303065,test
2016-12-26 13:00:00,2016-12-26 14:00:00,h1,1,Beijing,Prophet,13.916667,20.872763698261757,test
2016-12-26 14:00:00,2016-12-26 15:00:00,h1,1,Beijing,Prophet,10.5,21.21883943947777,test
2016-12-26 15:00:00,2016-12-26 16:00:00,h1,1,Beijing,Prophet,11.833333,18.00828806872406,test
2016-12-26 16:00:00,2016-12-26 17:00:00,h1,1,Beijing,Prophet,11.416667,20.609013427312274,test
2016-12-26 17:00:00,2016-12-26 18:00:00,h1,1,Beijing,Prophet,12.666667,20.883627086784344,test
2016-12-26 18:00:00,2016-12-26 19:00:00,h1,1,Beijing,Prophet,14.083333,24.550056625709644,test
2016-12-26 19:00:00,2016-12-26 20:00:00,h1,1,Beijing,Prophet,16.75,25.766235495214545,test
2016-12-26 20:00:00,2016-12-26 21:00:00,h1,1,Beijing,Prophet,15.916667,26.216876294764774,test
2016-12-26 21:00:00,2016-12-26 22:00:00,h1,1,Beijing,Prophet,16.083333,23.44660452210916,test
2016-12-26 22:00:00,2016-12-26 23:00:00,h1,1,Beijing,Prophet,13.75,20.911465259478785,test
2016-12-26 23:00:00,2016-12-27 00:00:00,h1,1,Beijing,Prophet,12.166667,16.364530757105552,test
2016-12-27 00:00:00,2016-12-27 01:00:00,h1,1,Beijing,Prophet,13.916667,15.681324959134788,test
2016-12-27 01:00:00,2016-12-27 02:00:00,h1,1,Beijing,Prophet,15.583333,19.29676069153418,test
2016-12-27 02:00:00,2016-12-27 03:00:00,h1,1,Beijing,Prophet,18.0,20.53229753972779,test
2016-12-27 03:00:00,2016-12-27 04:00:00,h1,1,Beijing,Prophet,16.166667,22.829062196566447,test
2016-12-27 04:00:00,2016-12-27 05:00:00,h1,1,Beijing,Prophet,13.916667,18.8527365048637,test
2016-12-27 05:00:00,2016-12-27 06:00:00,h1,1,Beijing,Prophet,14.166667,17.72471567393083,test
2016-12-27 06:00:00,2016-12-27 07:00:00,h1,1,Beijing,Prophet,19.375,20.339831551738857,test
2016-12-27 07:00:00,2016-12-27 08:00:00,h1,1,Beijing,Prophet,19.333333,28.34727358745916,test
2016-12-27 08:00:00,2016-12-27 09:00:00,h1,1,Beijing,Prophet,17.916667,29.110345347558667,test
2016-12-27 09:00:00,2016-12-27 10:00:00,h1,1,Beijing,Prophet,15.75,26.241673196396818,test
2016-12-27 10:00:00,2016-12-27 11:00:00,h1,1,Beijing,Prophet,13.555556,20.59360523174325,test
2016-12-27 11:00:00,2016-12-27 12:00:00,h1,1,Beijing,Prophet,13.444444,18.23230115402306,test
2016-12-27 12:00:00,2016-12-27 13:00:00,h1,1,Beijing,Prophet,14.916667,19.85801748871135,test
2016-12-27 13:00:00,2016-12-27 14:00:00,h1,1,Beijing,Prophet,15.083333,22.38698741009626,test
2016-12-27 14:00:00,2016-12-27 15:00:00,h1,1,Beijing,Prophet,15.0,22.681927593506035,test
2016-12-27 15:00:00,2016-12-27 16:00:00,h1,1,Beijing,Prophet,14.583333,23.192713373495863,test
2016-12-27 16:00:00,2016-12-27 17:00:00,h1,1,Beijing,Prophet,22.333333,23.541692032906898,test
2016-12-27 17:00:00,2016-12-27 18:00:00,h1,1,Beijing,Prophet,46.666667,34.807766076299956,test
2016-12-27 18:00:00,2016-12-27 19:00:00,h1,1,Beijing,Prophet,74.833333,64.35205927495372,test
2016-12-27 19:00:00,2016-12-27 20:00:00,h1,1,Beijing,Prophet,112.416667,89.7841235167839,test
2016-12-27 20:00:00,2016-12-27 21:00:00,h1,1,Beijing,Prophet,102.083333,126.77284239189134,test
2016-12-27 21:00:00,2016-12-27 22:00:00,h1,1,Beijing,Prophet,115.583333,100.87396538599158,test
2016-12-27 22:00:00,2016-12-27 23:00:00,h1,1,Beijing,Prophet,124.166667,117.43762891148037,test
2016-12-27 23:00:00,2016-12-28 00:00:00,h1,1,Beijing,Prophet,129.666667,121.80099592977763,test
2016-12-28 00:00:00,2016-12-28 01:00:00,h1,1,Beijing,Prophet,135.166667,127.93137248028637,test
2016-12-28 01:00:00,2016-12-28 02:00:00,h1,1,Beijing,Prophet,142.166667,133.44491283065275,test
2016-12-28 02:00:00,2016-12-28 03:00:00,h1,1,Beijing,Prophet,151.0,140.34484606310642,test
2016-12-28 03:00:00,2016-12-28 04:00:00,h1,1,Beijing,Prophet,149.333333,147.5241114278327,test
2016-12-28 04:00:00,2016-12-28 05:00:00,h1,1,Beijing,Prophet,150.0,140.69801693531804,test
2016-12-28 05:00:00,2016-12-28 06:00:00,h1,1,Beijing,Prophet,131.5,146.67864339521802,test
2016-12-28 06:00:00,2016-12-28 07:00:00,h1,1,Beijing,Prophet,121.083333,127.88553947515356,test
2016-12-28 07:00:00,2016-12-28 08:00:00,h1,1,Beijing,Prophet,112.666667,121.59157566980775,test
2016-12-28 08:00:00,2016-12-28 09:00:00,h1,1,Beijing,Prophet,89.916667,115.16950698091952,test
2016-12-28 09:00:00,2016-12-28 10:00:00,h1,1,Beijing,Prophet,56.833333,82.15637697387874,test
2016-12-28 10:00:00,2016-12-28 11:00:00,h1,1,Beijing,Prophet,32.375,44.191907484601295,test
2016-12-28 11:00:00,2016-12-28 12:00:00,h1,1,Beijing,Prophet,19.583333,25.448581493919523,test
2016-12-28 12:00:00,2016-12-28 13:00:00,h1,1,Beijing,Prophet,14.833333,19.067688261436444,test
2016-12-28 13:00:00,2016-12-28 14:00:00,h1,1,Beijing,Prophet,13.645833,18.678731350650967,test
2016-12-28 14:00:00,2016-12-28 15:00:00,h1,1,Beijing,Prophet,9.458333,18.971428749821555,test
2016-12-28 15:00:00,2016-12-28 16:00:00,h1,1,Beijing,Prophet,9.854167,14.957522787438045,test
2016-12-28 16:00:00,2016-12-28 17:00:00,h1,1,Beijing,Prophet,9.770833,17.681345874541435,test
2016-12-28 17:00:00,2016-12-28 18:00:00,h1,1,Beijing,Prophet,9.583333,18.01057897293159,test
2016-12-28 18:00:00,2016-12-28 19:00:00,h1,1,Beijing,Prophet,8.895833,18.950159366664064,test
2016-12-28 19:00:00,2016-12-28 20:00:00,h1,1,Beijing,Prophet,10.0,17.118889440185836,test
2016-12-28 20:00:00,2016-12-28 21:00:00,h1,1,Beijing,Prophet,8.666667,16.86300721908956,test
2016-12-28 21:00:00,2016-12-28 22:00:00,h1,1,Beijing,Prophet,9.0,14.246577529060492,test
2016-12-28 22:00:00,2016-12-28 23:00:00,h1,1,Beijing,Prophet,10.0,14.59814518824897,test
2016-12-28 23:00:00,2016-12-29 00:00:00,h1,1,Beijing,Prophet,184.75,14.419325836004521,test
2017-01-06 00:00:00,2017-01-06 01:00:00,h1,1,Beijing,Prophet,183.166667,229.8253823761013,test
2017-01-06 01:00:00,2017-01-06 02:00:00,h1,1,Beijing,Prophet,178.666667,201.5171333941682,test
2017-01-06 02:00:00,2017-01-06 03:00:00,h1,1,Beijing,Prophet,178.0,188.82272261807074,test
2017-01-06 03:00:00,2017-01-06 04:00:00,h1,1,Beijing,Prophet,176.416667,181.73985204001053,test
2017-01-06 04:00:00,2017-01-06 05:00:00,h1,1,Beijing,Prophet,173.416667,177.87156973375278,test
2017-01-06 05:00:00,2017-01-06 06:00:00,h1,1,Beijing,Prophet,166.083333,172.58432585093524,test
2017-01-06 06:00:00,2017-01-06 07:00:00,h1,1,Beijing,Prophet,170.25,164.29441819311873,test
2017-01-06 07:00:00,2017-01-06 08:00:00,h1,1,Beijing,Prophet,173.416667,175.20082534731014,test
2017-01-06 08:00:00,2017-01-06 09:00:00,h1,1,Beijing,Prophet,180.166667,177.11042251684336,test
2017-01-06 09:00:00,2017-01-06 10:00:00,h1,1,Beijing,Prophet,202.333333,183.33491798557094,test
2017-01-06 10:00:00,2017-01-06 11:00:00,h1,1,Beijing,Prophet,201.833333,209.11554663805774,test
2017-01-06 11:00:00,2017-01-06 12:00:00,h1,1,Beijing,Prophet,204.75,202.3239381384866,test
2017-01-06 12:00:00,2017-01-06 13:00:00,h1,1,Beijing,Prophet,185.916667,203.39722689426722,test
2017-01-06 13:00:00,2017-01-06 14:00:00,h1,1,Beijing,Prophet,194.833333,180.80025250691804,test
2017-01-06 14:00:00,2017-01-06 15:00:00,h1,1,Beijing,Prophet,204.333333,200.36875180935274,test
2017-01-06 15:00:00,2017-01-06 16:00:00,h1,1,Beijing,Prophet,204.666667,212.0526209164382,test
2017-01-06 16:00:00,2017-01-06 17:00:00,h1,1,Beijing,Prophet,205.333333,208.3798323234497,test
2017-01-06 17:00:00,2017-01-06 18:00:00,h1,1,Beijing,Prophet,204.916667,209.93934126618763,test
2017-01-06 18:00:00,2017-01-06 19:00:00,h1,1,Beijing,Prophet,210.083333,213.34252765776003,test
2017-01-06 19:00:00,2017-01-06 20:00:00,h1,1,Beijing,Prophet,212.0,222.5324592234168,test
2017-01-06 20:00:00,2017-01-06 21:00:00,h1,1,Beijing,Prophet,216.166667,218.7117504382912,test
2017-01-06 21:00:00,2017-01-06 22:00:00,h1,1,Beijing,Prophet,222.0,218.15060171229388,test
2017-01-06 22:00:00,2017-01-06 23:00:00,h1,1,Beijing,Prophet,222.166667,225.19195141210122,test
2017-01-06 23:00:00,2017-01-07 00:00:00,h1,1,Beijing,Prophet,221.0,222.49025127494605,test
2017-01-07 00:00:00,2017-01-07 01:00:00,h1,1,Beijing,Prophet,220.416667,220.09429643038044,test
2017-01-07 01:00:00,2017-01-07 02:00:00,h1,1,Beijing,Prophet,220.583333,218.12384044668778,test
2017-01-07 02:00:00,2017-01-07 03:00:00,h1,1,Beijing,Prophet,210.583333,221.7325515236127,test
2017-01-07 03:00:00,2017-01-07 04:00:00,h1,1,Beijing,Prophet,214.166667,207.2494811336282,test
2017-01-07 04:00:00,2017-01-07 05:00:00,h1,1,Beijing,Prophet,215.416667,215.28718167935557,test
2017-01-07 05:00:00,2017-01-07 06:00:00,h1,1,Beijing,Prophet,199.833333,216.43549781447047,test
2017-01-07 06:00:00,2017-01-07 07:00:00,h1,1,Beijing,Prophet,192.916667,198.9786860301215,test
2017-01-07 07:00:00,2017-01-07 08:00:00,h1,1,Beijing,Prophet,191.75,195.83799998221176,test
2017-01-07 08:00:00,2017-01-07 09:00:00,h1,1,Beijing,Prophet,188.916667,196.491302034157,test
2017-01-07 09:00:00,2017-01-07 10:00:00,h1,1,Beijing,Prophet,187.166667,189.59458468896884,test
2017-01-07 10:00:00,2017-01-07 11:00:00,h1,1,Beijing,Prophet,181.166667,188.81734057861115,test
2017-01-07 11:00:00,2017-01-07 12:00:00,h1,1,Beijing,Prophet,187.416667,180.03218541432278,test
2017-01-07 12:00:00,2017-01-07 13:00:00,h1,1,Beijing,Prophet,166.916667,187.33547880864495,test
2017-01-07 13:00:00,2017-01-07 14:00:00,h1,1,Beijing,Prophet,139.333333,161.72994429392037,test
2017-01-07 14:00:00,2017-01-07 15:00:00,h1,1,Beijing,Prophet,115.5,135.27402094287513,test
2017-01-07 15:00:00,2017-01-07 16:00:00,h1,1,Beijing,Prophet,106.25,113.90481962662851,test
2017-01-07 16:00:00,2017-01-07 17:00:00,h1,1,Beijing,Prophet,106.75,109.84133656317016,test
2017-01-07 17:00:00,2017-01-07 18:00:00,h1,1,Beijing,Prophet,103.416667,115.20533040311987,test
2017-01-07 18:00:00,2017-01-07 19:00:00,h1,1,Beijing,Prophet,110.333333,110.2113533984941,test
2017-01-07 19:00:00,2017-01-07 20:00:00,h1,1,Beijing,Prophet,117.25,123.16473599591129,test
2017-01-07 20:00:00,2017-01-07 21:00:00,h1,1,Beijing,Prophet,121.416667,127.07656236903148,test
2017-01-07 21:00:00,2017-01-07 22:00:00,h1,1,Beijing,Prophet,125.583333,128.797856943115,test
2017-01-07 22:00:00,2017-01-07 23:00:00,h1,1,Beijing,Prophet,139.583333,130.274804244594,test
2017-01-07 23:00:00,2017-01-08 00:00:00,h1,1,Beijing,Prophet,133.833333,146.8695234566024,test
2017-01-08 00:00:00,2017-01-08 01:00:00,h1,1,Beijing,Prophet,113.0,133.309105655546,test
2017-01-08 01:00:00,2017-01-08 02:00:00,h1,1,Beijing,Prophet,72.666667,106.75862775065679,test
2017-01-08 02:00:00,2017-01-08 03:00:00,h1,1,Beijing,Prophet,43.583333,62.57538163568829,test
2017-01-08 03:00:00,2017-01-08 04:00:00,h1,1,Beijing,Prophet,31.083333,39.123431144330546,test
2017-01-08 04:00:00,2017-01-08 05:00:00,h1,1,Beijing,Prophet,22.5,31.839217045299854,test
2017-01-08 05:00:00,2017-01-08 06:00:00,h1,1,Beijing,Prophet,21.0,25.197919124977947,test
2017-01-08 06:00:00,2017-01-08 07:00:00,h1,1,Beijing,Prophet,19.916667,26.32539295941214,test
2017-01-08 07:00:00,2017-01-08 08:00:00,h1,1,Beijing,Prophet,20.75,27.322319986167177,test
2017-01-08 08:00:00,2017-01-08 09:00:00,h1,1,Beijing,Prophet,23.583333,28.535144188658435,test
2017-01-08 09:00:00,2017-01-08 10:00:00,h1,1,Beijing,Prophet,23.166667,31.711685822023945,test
2017-01-08 10:00:00,2017-01-08 11:00:00,h1,1,Beijing,Prophet,24.25,28.524287862928478,test
2017-01-08 11:00:00,2017-01-08 12:00:00,h1,1,Beijing,Prophet,26.833333,29.977880220631477,test
2017-01-08 12:00:00,2017-01-08 13:00:00,h1,1,Beijing,Prophet,29.583333,32.93869423874042,test
2017-01-08 13:00:00,2017-01-08 14:00:00,h1,1,Beijing,Prophet,30.25,37.29700845874516,test
2017-01-08 14:00:00,2017-01-08 15:00:00,h1,1,Beijing,Prophet,38.166667,38.04371759447261,test
2017-01-08 15:00:00,2017-01-08 16:00:00,h1,1,Beijing,Prophet,47.083333,48.039091551837345,test
2017-01-08 16:00:00,2017-01-08 17:00:00,h1,1,Beijing,Prophet,43.5,56.51476589639904,test
2017-01-08 17:00:00,2017-01-08 18:00:00,h1,1,Beijing,Prophet,41.666667,50.19451798894126,test
2017-01-08 18:00:00,2017-01-08 19:00:00,h1,1,Beijing,Prophet,40.083333,49.81171926493173,test
2017-01-08 19:00:00,2017-01-08 20:00:00,h1,1,Beijing,Prophet,17.833333,47.307177914236654,test
2017-01-08 20:00:00,2017-01-08 21:00:00,h1,1,Beijing,Prophet,11.583333,18.511174033684973,test
2017-01-08 21:00:00,2017-01-08 22:00:00,h1,1,Beijing,Prophet,10.166667,15.879577515454802,test
2017-01-08 22:00:00,2017-01-08 23:00:00,h1,1,Beijing,Prophet,10.333333,15.247652659399737,test
2017-01-08 23:00:00,2017-01-09 00:00:00,h1,1,Beijing,Prophet,11.0,14.947766038370997,test
2017-01-09 00:00:00,2017-01-09 01:00:00,h1,1,Beijing,Prophet,7.583333,14.537043009281454,test
2017-01-09 01:00:00,2017-01-09 02:00:00,h1,1,Beijing,Prophet,9.166667,9.935318817364102,test
2017-01-09 02:00:00,2017-01-09 03:00:00,h1,1,Beijing,Prophet,9.583333,14.615025883341524,test
2017-01-09 03:00:00,2017-01-09 04:00:00,h1,1,Beijing,Prophet,8.75,13.757777589022773,test
2017-01-09 04:00:00,2017-01-09 05:00:00,h1,1,Beijing,Prophet,8.416667,12.44994242109184,test
2017-01-09 05:00:00,2017-01-09 06:00:00,h1,1,Beijing,Prophet,9.083333,13.571025738366082,test
2017-01-09 06:00:00,2017-01-09 07:00:00,h1,1,Beijing,Prophet,11.083333,15.981049096367375,test
2017-01-09 07:00:00,2017-01-09 08:00:00,h1,1,Beijing,Prophet,11.666667,19.71667723883855,test
2017-01-09 08:00:00,2017-01-09 09:00:00,h1,1,Beijing,Prophet,13.333333,22.282816007226618,test
2017-01-09 09:00:00,2017-01-09 10:00:00,h1,1,Beijing,Prophet,13.0,24.31898717566054,test
2017-01-09 10:00:00,2017-01-09 11:00:00,h1,1,Beijing,Prophet,12.416667,20.792289273410642,test
2017-01-09 11:00:00,2017-01-09 12:00:00,h1,1,Beijing,Prophet,12.916667,19.36944827694597,test
2017-01-09 12:00:00,2017-01-09 13:00:00,h1,1,Beijing,Prophet,13.916667,21.12039869671794,test
2017-01-09 13:00:00,2017-01-09 14:00:00,h1,1,Beijing,Prophet,16.333333,23.783371844235216,test
2017-01-09 14:00:00,2017-01-09 15:00:00,h1,1,Beijing,Prophet,19.75,26.092365277780495,test
2017-01-09 15:00:00,2017-01-09 16:00:00,h1,1,Beijing,Prophet,28.041667,28.915289139744335,test
2017-01-09 16:00:00,2017-01-09 17:00:00,h1,1,Beijing,Prophet,39.083333,38.83556933603286,test
2017-01-09 17:00:00,2017-01-09 18:00:00,h1,1,Beijing,Prophet,49.958333,50.656625004653165,test
2017-01-09 18:00:00,2017-01-09 19:00:00,h1,1,Beijing,Prophet,64.583333,62.67879808414435,test
2017-01-09 19:00:00,2017-01-09 20:00:00,h1,1,Beijing,Prophet,82.583333,77.79983950970309,test
2017-01-09 20:00:00,2017-01-09 21:00:00,h1,1,Beijing,Prophet,102.166667,92.76422958655849,test
2017-01-09 21:00:00,2017-01-09 22:00:00,h1,1,Beijing,Prophet,118.666667,108.2122821290109,test
2017-01-09 22:00:00,2017-01-09 23:00:00,h1,1,Beijing,Prophet,110.25,120.30012447523114,test
2017-01-09 23:00:00,2017-01-10 00:00:00,h1,1,Beijing,Prophet,65.416667,105.63406097598073,test
2017-01-10 00:00:00,2017-01-10 01:00:00,h1,1,Beijing,Prophet,33.5,53.956832467954904,test
2017-01-10 01:00:00,2017-01-10 02:00:00,h1,1,Beijing,Prophet,9.25,23.49601089440503,test
2017-01-10 02:00:00,2017-01-10 03:00:00,h1,1,Beijing,Prophet,6.583333,2.84417106258487,test
2017-01-10 03:00:00,2017-01-10 04:00:00,h1,1,Beijing,Prophet,5.833333,9.473142410197447,test
2017-01-10 04:00:00,2017-01-10 05:00:00,h1,1,Beijing,Prophet,5.75,9.074302089649684,test
2017-01-10 05:00:00,2017-01-10 06:00:00,h1,1,Beijing,Prophet,6.333333,9.858342023735382,test
2017-01-10 06:00:00,2017-01-10 07:00:00,h1,1,Beijing,Prophet,8.083333,12.266504856891903,test
2017-01-10 07:00:00,2017-01-10 08:00:00,h1,1,Beijing,Prophet,8.0,16.86492363737025,test
2017-01-10 08:00:00,2017-01-10 09:00:00,h1,1,Beijing,Prophet,12.416667,16.943637564538147,test
2017-01-10 09:00:00,2017-01-10 10:00:00,h1,1,Beijing,Prophet,10.333333,21.94218295335759,test
2017-01-10 10:00:00,2017-01-10 11:00:00,h1,1,Beijing,Prophet,7.583333,17.590136363053137,test
2017-01-10 11:00:00,2017-01-10 12:00:00,h1,1,Beijing,Prophet,6.166667,12.53000817623753,test
2017-01-10 12:00:00,2017-01-10 13:00:00,h1,1,Beijing,Prophet,7.416667,11.836951817289382,test
2017-01-10 13:00:00,2017-01-10 14:00:00,h1,1,Beijing,Prophet,6.5,15.038477901491795,test
2017-01-10 14:00:00,2017-01-10 15:00:00,h1,1,Beijing,Prophet,6.666667,13.836920828800203,test
2017-01-10 15:00:00,2017-01-10 16:00:00,h1,1,Beijing,Prophet,7.333333,14.390265643301461,test
2017-01-10 16:00:00,2017-01-10 17:00:00,h1,1,Beijing,Prophet,15.166667,17.10276069882,test
2017-01-10 17:00:00,2017-01-10 18:00:00,h1,1,Beijing,Prophet,27.5,27.167070759667403,test
2017-01-10 18:00:00,2017-01-10 19:00:00,h1,1,Beijing,Prophet,49.833333,41.1497665393291,test
2017-01-10 19:00:00,2017-01-10 20:00:00,h1,1,Beijing,Prophet,64.0,66.47430201864196,test
2017-01-10 20:00:00,2017-01-10 21:00:00,h1,1,Beijing,Prophet,69.166667,75.9513763411275,test
2017-01-10 21:00:00,2017-01-10 22:00:00,h1,1,Beijing,Prophet,68.916667,77.52499771660645,test
2017-01-10 22:00:00,2017-01-10 23:00:00,h1,1,Beijing,Prophet,67.833333,72.69121879261604,test
2017-01-10 23:00:00,2017-01-11 00:00:00,h1,1,Beijing,Prophet,63.083333,69.82443971521732,test
2017-01-11 00:00:00,2017-01-11 01:00:00,h1,1,Beijing,Prophet,64.75,64.65014340067181,test
2017-01-11 01:00:00,2017-01-11 02:00:00,h1,1,Beijing,Prophet,63.083333,68.73311492590875,test
2017-01-11 02:00:00,2017-01-11 03:00:00,h1,1,Beijing,Prophet,64.583333,66.05710360778714,test
2017-01-11 03:00:00,2017-01-11 04:00:00,h1,1,Beijing,Prophet,64.0,67.17924555872145,test
2017-01-11 04:00:00,2017-01-11 05:00:00,h1,1,Beijing,Prophet,60.333333,66.27246691629571,test
2017-01-11 05:00:00,2017-01-11 06:00:00,h1,1,Beijing,Prophet,53.333333,62.34130503619323,test
2017-01-11 06:00:00,2017-01-11 07:00:00,h1,1,Beijing,Prophet,45.25,55.49763606582763,test
2017-01-11 07:00:00,2017-01-11 08:00:00,h1,1,Beijing,Prophet,43.166667,50.68032855397601,test
2017-01-11 08:00:00,2017-01-11 09:00:00,h1,1,Beijing,Prophet,46.916667,52.283688538802025,test
2017-01-11 09:00:00,2017-01-11 10:00:00,h1,1,Beijing,Prophet,56.083333,57.87663741744716,test
2017-01-11 10:00:00,2017-01-11 11:00:00,h1,1,Beijing,Prophet,59.583333,66.59903752856535,test
2017-01-11 11:00:00,2017-01-11 12:00:00,h1,1,Beijing,Prophet,61.0,66.11381976223055,test
2017-01-11 12:00:00,2017-01-11 13:00:00,h1,1,Beijing,Prophet,67.583333,68.02472140766295,test
2017-01-11 13:00:00,2017-01-11 14:00:00,h1,1,Beijing,Prophet,47.5,75.66297550856335,test
2017-01-11 14:00:00,2017-01-11 15:00:00,h1,1,Beijing,Prophet,44.833333,46.64641848835911,test
2017-01-11 15:00:00,2017-01-11 16:00:00,h1,1,Beijing,Prophet,65.0,49.70691770892405,test
2017-01-11 16:00:00,2017-01-11 17:00:00,h1,1,Beijing,Prophet,74.25,75.9958681808246,test
2017-01-11 17:00:00,2017-01-11 18:00:00,h1,1,Beijing,Prophet,77.5,84.55209890832703,test
2017-01-11 18:00:00,2017-01-11 19:00:00,h1,1,Beijing,Prophet,75.333333,88.21699000942533,test
2017-01-11 19:00:00,2017-01-11 20:00:00,h1,1,Beijing,Prophet,68.5,85.44693815963232,test
2017-01-11 20:00:00,2017-01-11 21:00:00,h1,1,Beijing,Prophet,57.666667,75.95709800816144,test
2017-01-11 21:00:00,2017-01-11 22:00:00,h1,1,Beijing,Prophet,38.0,61.155498248016045,test
2017-01-11 22:00:00,2017-01-11 23:00:00,h1,1,Beijing,Prophet,27.0,36.45902594946553,test
2017-01-11 23:00:00,2017-01-12 00:00:00,h1,1,Beijing,Prophet,27.083333,28.301203832995576,test
2017-01-12 00:00:00,2017-01-12 01:00:00,h1,1,Beijing,Prophet,28.0,31.940386389388017,test
2017-01-12 01:00:00,2017-01-12 02:00:00,h1,1,Beijing,Prophet,23.75,33.81660707516487,test
2017-01-12 02:00:00,2017-01-12 03:00:00,h1,1,Beijing,Prophet,25.583333,28.98073475732157,test
2017-01-12 03:00:00,2017-01-12 04:00:00,h1,1,Beijing,Prophet,22.916667,31.73225765239485,test
2017-01-12 04:00:00,2017-01-12 05:00:00,h1,1,Beijing,Prophet,26.416667,27.608028260934248,test
2017-01-12 05:00:00,2017-01-12 06:00:00,h1,1,Beijing,Prophet,22.75,32.80001484110598,test
2017-01-12 06:00:00,2017-01-12 07:00:00,h1,1,Beijing,Prophet,26.166667,26.27026964025026,test
2017-01-12 07:00:00,2017-01-12 08:00:00,h1,1,Beijing,Prophet,25.083333,34.75108996555781,test
2017-01-12 08:00:00,2017-01-12 09:00:00,h1,1,Beijing,Prophet,25.416667,35.121201348070485,test
2017-01-12 09:00:00,2017-01-12 10:00:00,h1,1,Beijing,Prophet,27.083333,35.83354220185923,test
2017-01-12 10:00:00,2017-01-12 11:00:00,h1,1,Beijing,Prophet,24.833333,35.98713659786797,test
2017-01-12 11:00:00,2017-01-12 12:00:00,h1,1,Beijing,Prophet,34.666667,30.517453753801497,test
2017-01-12 12:00:00,2017-01-12 13:00:00,h1,1,Beijing,Prophet,54.083333,43.45182625512727,test
2017-01-12 13:00:00,2017-01-12 14:00:00,h1,1,Beijing,Prophet,59.666667,64.29003342638183,test
2017-01-12 14:00:00,2017-01-12 15:00:00,h1,1,Beijing,Prophet,66.083333,63.77081138298469,test
2017-01-12 15:00:00,2017-01-12 16:00:00,h1,1,Beijing,Prophet,76.833333,70.08905231787368,test
2017-01-12 16:00:00,2017-01-12 17:00:00,h1,1,Beijing,Prophet,82.333333,81.41675679088895,test
2017-01-12 17:00:00,2017-01-12 18:00:00,h1,1,Beijing,Prophet,89.833333,89.20829967902833,test
2017-01-12 18:00:00,2017-01-12 19:00:00,h1,1,Beijing,Prophet,103.916667,99.6634812386834,test
2017-01-12 19:00:00,2017-01-12 20:00:00,h1,1,Beijing,Prophet,106.25,114.23629846214666,test
2017-01-12 20:00:00,2017-01-12 21:00:00,h1,1,Beijing,Prophet,53.916667,111.64678122593656,test
2017-01-12 21:00:00,2017-01-12 22:00:00,h1,1,Beijing,Prophet,13.083333,41.7627508261716,test
2017-01-12 22:00:00,2017-01-12 23:00:00,h1,1,Beijing,Prophet,12.583333,3.7280586016834647,test
2017-01-12 23:00:00,2017-01-13 00:00:00,h1,1,Beijing,Prophet,12.5,14.39359822086266,test
2017-01-13 00:00:00,2017-01-13 01:00:00,h1,1,Beijing,Prophet,12.5,17.57567611664686,test
2017-01-13 01:00:00,2017-01-13 02:00:00,h1,1,Beijing,Prophet,14.75,16.689375941300934,test
2017-01-13 02:00:00,2017-01-13 03:00:00,h1,1,Beijing,Prophet,11.75,20.281543377322784,test
2017-01-13 03:00:00,2017-01-13 04:00:00,h1,1,Beijing,Prophet,8.583333,14.658230583652337,test
2017-01-13 04:00:00,2017-01-13 05:00:00,h1,1,Beijing,Prophet,10.833333,10.335502708128661,test
2017-01-13 05:00:00,2017-01-13 06:00:00,h1,1,Beijing,Prophet,13.25,16.87365772285471,test
2017-01-13 06:00:00,2017-01-13 07:00:00,h1,1,Beijing,Prophet,13.583333,21.379519079609672,test
2017-01-13 07:00:00,2017-01-13 08:00:00,h1,1,Beijing,Prophet,13.833333,22.29783810674708,test
2017-01-13 08:00:00,2017-01-13 09:00:00,h1,1,Beijing,Prophet,16.0,22.800340249908643,test
2017-01-13 09:00:00,2017-01-13 10:00:00,h1,1,Beijing,Prophet,11.916667,25.013645755971492,test
2017-01-13 10:00:00,2017-01-13 11:00:00,h1,1,Beijing,Prophet,15.75,17.861119133216356,test
2017-01-13 11:00:00,2017-01-13 12:00:00,h1,1,Beijing,Prophet,12.25,23.21423618473435,test
2017-01-13 12:00:00,2017-01-13 13:00:00,h1,1,Beijing,Prophet,13.166667,16.750669303899528,test
2017-01-13 13:00:00,2017-01-13 14:00:00,h1,1,Beijing,Prophet,12.25,19.71187397244643,test
2017-01-13 14:00:00,2017-01-13 15:00:00,h1,1,Beijing,Prophet,11.333333,17.991114998908664,test
2017-01-13 15:00:00,2017-01-13 16:00:00,h1,1,Beijing,Prophet,11.833333,17.02973727348047,test
2017-01-13 16:00:00,2017-01-13 17:00:00,h1,1,Beijing,Prophet,10.25,17.95046026044509,test
2017-01-13 17:00:00,2017-01-13 18:00:00,h1,1,Beijing,Prophet,12.916667,16.739824310467974,test
2017-01-13 18:00:00,2017-01-13 19:00:00,h1,1,Beijing,Prophet,14.583333,22.75853870861737,test
2017-01-13 19:00:00,2017-01-13 20:00:00,h1,1,Beijing,Prophet,16.75,23.543092517870324,test
2017-01-13 20:00:00,2017-01-13 21:00:00,h1,1,Beijing,Prophet,15.25,22.461776988661363,test
2017-01-13 21:00:00,2017-01-13 22:00:00,h1,1,Beijing,Prophet,14.916667,19.389937532457385,test
2017-01-13 22:00:00,2017-01-13 23:00:00,h1,1,Beijing,Prophet,17.0,17.618928156693208,test
2017-01-13 23:00:00,2017-01-14 00:00:00,h1,1,Beijing,Prophet,16.25,20.713127771617714,test
2017-01-14 00:00:00,2017-01-14 01:00:00,h1,1,Beijing,Prophet,17.166667,19.878319095638314,test
2017-01-14 01:00:00,2017-01-14 02:00:00,h1,1,Beijing,Prophet,14.5,22.443253783179244,test
2017-01-14 02:00:00,2017-01-14 03:00:00,h1,1,Beijing,Prophet,15.583333,18.521521479470334,test
2017-01-14 03:00:00,2017-01-14 04:00:00,h1,1,Beijing,Prophet,15.083333,20.215181668876152,test
2017-01-14 04:00:00,2017-01-14 05:00:00,h1,1,Beijing,Prophet,14.5,17.95328617037756,test
2017-01-14 05:00:00,2017-01-14 06:00:00,h1,1,Beijing,Prophet,11.166667,17.889177314026053,test
2017-01-14 06:00:00,2017-01-14 07:00:00,h1,1,Beijing,Prophet,16.25,15.859471432387384,test
2017-01-14 07:00:00,2017-01-14 08:00:00,h1,1,Beijing,Prophet,19.583333,24.909287287804236,test
2017-01-14 08:00:00,2017-01-14 09:00:00,h1,1,Beijing,Prophet,18.166667,29.001222607936846,test
2017-01-14 09:00:00,2017-01-14 10:00:00,h1,1,Beijing,Prophet,22.75,27.03448669305721,test
2017-01-14 10:00:00,2017-01-14 11:00:00,h1,1,Beijing,Prophet,23.5,29.650252902893907,test
2017-01-14 11:00:00,2017-01-14 12:00:00,h1,1,Beijing,Prophet,15.916667,27.191069299875622,test
2017-01-14 12:00:00,2017-01-14 13:00:00,h1,1,Beijing,Prophet,16.25,19.833481390765822,test
2017-01-14 13:00:00,2017-01-14 14:00:00,h1,1,Beijing,Prophet,18.416667,23.48985272686846,test
2017-01-14 14:00:00,2017-01-14 15:00:00,h1,1,Beijing,Prophet,17.416667,26.636043345406364,test
2017-01-14 15:00:00,2017-01-14 16:00:00,h1,1,Beijing,Prophet,18.25,24.54468182374639,test
2017-01-14 16:00:00,2017-01-14 17:00:00,h1,1,Beijing,Prophet,21.666667,26.049680998957438,test
2017-01-14 17:00:00,2017-01-14 18:00:00,h1,1,Beijing,Prophet,28.0,30.383154517582035,test
2017-01-14 18:00:00,2017-01-14 19:00:00,h1,1,Beijing,Prophet,38.5,39.97243414697972,test
2017-01-14 19:00:00,2017-01-14 20:00:00,h1,1,Beijing,Prophet,49.0,51.4951010011469,test
2017-01-14 20:00:00,2017-01-14 21:00:00,h1,1,Beijing,Prophet,53.0,59.27245264063343,test
2017-01-14 21:00:00,2017-01-14 22:00:00,h1,1,Beijing,Prophet,47.666667,60.517808889957934,test
2017-01-14 22:00:00,2017-01-14 23:00:00,h1,1,Beijing,Prophet,42.583333,50.65389972344172,test
2017-01-14 23:00:00,2017-01-15 00:00:00,h1,1,Beijing,Prophet,42.416667,44.897402388595765,test
2017-01-15 00:00:00,2017-01-15 01:00:00,h1,1,Beijing,Prophet,43.25,46.97303940923691,test
2017-01-15 01:00:00,2017-01-15 02:00:00,h1,1,Beijing,Prophet,42.333333,48.7400833317884,test
2017-01-15 02:00:00,2017-01-15 03:00:00,h1,1,Beijing,Prophet,41.666667,47.361849020590974,test
2017-01-15 03:00:00,2017-01-15 04:00:00,h1,1,Beijing,Prophet,43.5,45.792928611497096,test
2017-01-15 04:00:00,2017-01-15 05:00:00,h1,1,Beijing,Prophet,38.916667,47.07485285659461,test
2017-01-15 05:00:00,2017-01-15 06:00:00,h1,1,Beijing,Prophet,36.5,41.423686760285044,test
2017-01-15 06:00:00,2017-01-15 07:00:00,h1,1,Beijing,Prophet,36.333333,41.4920872843272,test
2017-01-15 07:00:00,2017-01-15 08:00:00,h1,1,Beijing,Prophet,36.583333,45.34286505718351,test
2017-01-15 08:00:00,2017-01-15 09:00:00,h1,1,Beijing,Prophet,38.666667,43.648194945163105,test
2017-01-15 09:00:00,2017-01-15 10:00:00,h1,1,Beijing,Prophet,42.416667,48.370502260248905,test
2017-01-15 10:00:00,2017-01-15 11:00:00,h1,1,Beijing,Prophet,46.833333,48.4914620825768,test
2017-01-15 11:00:00,2017-01-15 12:00:00,h1,1,Beijing,Prophet,49.666667,55.03874426981821,test
2017-01-15 12:00:00,2017-01-15 13:00:00,h1,1,Beijing,Prophet,52.25,57.43700983800624,test
2017-01-15 13:00:00,2017-01-15 14:00:00,h1,1,Beijing,Prophet,58.666667,57.62102713092946,test
2017-01-15 14:00:00,2017-01-15 15:00:00,h1,1,Beijing,Prophet,64.0,67.49908487031544,test
2017-01-15 15:00:00,2017-01-15 16:00:00,h1,1,Beijing,Prophet,67.25,73.99446366527465,test
2017-01-15 16:00:00,2017-01-15 17:00:00,h1,1,Beijing,Prophet,74.083333,77.32010827803119,test
2017-01-15 17:00:00,2017-01-15 18:00:00,h1,1,Beijing,Prophet,79.25,85.92159941341532,test
2017-01-15 18:00:00,2017-01-15 19:00:00,h1,1,Beijing,Prophet,80.666667,92.49586296537332,test
2017-01-15 19:00:00,2017-01-15 20:00:00,h1,1,Beijing,Prophet,83.5,92.18660161581568,test
2017-01-15 20:00:00,2017-01-15 21:00:00,h1,1,Beijing,Prophet,85.666667,90.81950403731062,test
2017-01-15 21:00:00,2017-01-15 22:00:00,h1,1,Beijing,Prophet,85.5,89.96489904592443,test
2017-01-15 22:00:00,2017-01-15 23:00:00,h1,1,Beijing,Prophet,93.75,87.74029456323417,test
2017-01-15 23:00:00,2017-01-16 00:00:00,h1,1,Beijing,Prophet,96.166667,98.03991812111533,test
2017-01-16 00:00:00,2017-01-16 01:00:00,h1,1,Beijing,Prophet,94.166667,98.77705761033982,test
2017-01-16 01:00:00,2017-01-16 02:00:00,h1,1,Beijing,Prophet,98.333333,96.5091133950748,test
2017-01-16 02:00:00,2017-01-16 03:00:00,h1,1,Beijing,Prophet,96.333333,102.00536599913676,test
2017-01-16 03:00:00,2017-01-16 04:00:00,h1,1,Beijing,Prophet,94.5,96.07528537843127,test
2017-01-16 04:00:00,2017-01-16 05:00:00,h1,1,Beijing,Prophet,92.833333,94.11739428046664,test
2017-01-16 05:00:00,2017-01-16 06:00:00,h1,1,Beijing,Prophet,96.166667,94.49722816579305,test
2017-01-16 06:00:00,2017-01-16 07:00:00,h1,1,Beijing,Prophet,90.083333,101.23977383953974,test
2017-01-16 07:00:00,2017-01-16 08:00:00,h1,1,Beijing,Prophet,89.833333,93.5853678262794,test
2017-01-16 08:00:00,2017-01-16 09:00:00,h1,1,Beijing,Prophet,86.333333,95.85330223998832,test
2017-01-16 09:00:00,2017-01-16 10:00:00,h1,1,Beijing,Prophet,77.416667,92.74580016738975,test
2017-01-16 10:00:00,2017-01-16 11:00:00,h1,1,Beijing,Prophet,73.0,82.13394687936216,test
2017-01-16 11:00:00,2017-01-16 12:00:00,h1,1,Beijing,Prophet,72.083333,78.59974182089846,test
2017-01-16 12:00:00,2017-01-16 13:00:00,h1,1,Beijing,Prophet,83.416667,79.3510626876915,test
2017-01-16 13:00:00,2017-01-16 14:00:00,h1,1,Beijing,Prophet,93.583333,93.52158135359775,test
2017-01-16 14:00:00,2017-01-16 15:00:00,h1,1,Beijing,Prophet,95.333333,104.12000615566222,test
2017-01-16 15:00:00,2017-01-16 16:00:00,h1,1,Beijing,Prophet,92.833333,104.46861348483093,test
2017-01-16 16:00:00,2017-01-16 17:00:00,h1,1,Beijing,Prophet,112.5,99.8975405071757,test
2017-01-16 17:00:00,2017-01-16 18:00:00,h1,1,Beijing,Prophet,111.833333,124.29257505312859,test
2017-01-16 18:00:00,2017-01-16 19:00:00,h1,1,Beijing,Prophet,113.25,120.8511580836046,test
2017-01-16 19:00:00,2017-01-16 20:00:00,h1,1,Beijing,Prophet,122.75,122.1288203576778,test
2017-01-16 20:00:00,2017-01-16 21:00:00,h1,1,Beijing,Prophet,128.166667,130.74612680230445,test
2017-01-16 21:00:00,2017-01-16 22:00:00,h1,1,Beijing,Prophet,126.916667,134.12021004688856,test
2017-01-16 22:00:00,2017-01-16 23:00:00,h1,1,Beijing,Prophet,125.0,128.3479778646531,test
2017-01-16 23:00:00,2017-01-17 00:00:00,h1,1,Beijing,Prophet,122.666667,126.24285428248116,test
2017-01-17 00:00:00,2017-01-17 01:00:00,h1,1,Beijing,Prophet,126.333333,123.6898860260198,test
2017-01-17 01:00:00,2017-01-17 02:00:00,h1,1,Beijing,Prophet,129.666667,128.85259747457138,test
2017-01-17 02:00:00,2017-01-17 03:00:00,h1,1,Beijing,Prophet,127.083333,132.77006107541376,test
2017-01-17 03:00:00,2017-01-17 04:00:00,h1,1,Beijing,Prophet,128.916667,128.27988847996028,test
2017-01-17 04:00:00,2017-01-17 05:00:00,h1,1,Beijing,Prophet,128.916667,130.1838472132717,test
2017-01-17 05:00:00,2017-01-17 06:00:00,h1,1,Beijing,Prophet,121.833333,131.25635989700567,test
2017-01-17 06:00:00,2017-01-17 07:00:00,h1,1,Beijing,Prophet,121.333333,122.3748611089194,test
2017-01-17 07:00:00,2017-01-17 08:00:00,h1,1,Beijing,Prophet,128.333333,126.35483961034615,test
2017-01-17 08:00:00,2017-01-17 09:00:00,h1,1,Beijing,Prophet,136.25,136.24047027353222,test
2017-01-17 09:00:00,2017-01-17 10:00:00,h1,1,Beijing,Prophet,139.916667,143.7046656379051,test
2017-01-17 10:00:00,2017-01-17 11:00:00,h1,1,Beijing,Prophet,121.833333,143.80051890344134,test
2017-01-17 11:00:00,2017-01-17 12:00:00,h1,1,Beijing,Prophet,135.75,121.06436064158767,test
2017-01-17 12:00:00,2017-01-17 13:00:00,h1,1,Beijing,Prophet,151.25,144.82514800189,test
2017-01-17 13:00:00,2017-01-17 14:00:00,h1,1,Beijing,Prophet,142.541667,160.49642081208813,test
2017-01-17 14:00:00,2017-01-17 15:00:00,h1,1,Beijing,Prophet,120.25,146.06777020815247,test
2017-01-17 15:00:00,2017-01-17 16:00:00,h1,1,Beijing,Prophet,135.5,117.79646064752339,test
2017-01-17 16:00:00,2017-01-17 17:00:00,h1,1,Beijing,Prophet,155.083333,142.10309067771996,test
2017-01-17 17:00:00,2017-01-17 18:00:00,h1,1,Beijing,Prophet,165.166667,166.39583081349056,test
2017-01-17 18:00:00,2017-01-17 19:00:00,h1,1,Beijing,Prophet,168.166667,174.0877319206359,test
2017-01-17 19:00:00,2017-01-17 20:00:00,h1,1,Beijing,Prophet,170.583333,171.9973232998832,test
2017-01-17 20:00:00,2017-01-17 21:00:00,h1,1,Beijing,Prophet,154.916667,173.2077284164937,test
2017-01-17 21:00:00,2017-01-17 22:00:00,h1,1,Beijing,Prophet,142.5,151.89275449523493,test
2017-01-17 22:00:00,2017-01-17 23:00:00,h1,1,Beijing,Prophet,134.75,138.60604608322072,test
2017-01-17 23:00:00,2017-01-18 00:00:00,h1,1,Beijing,Prophet,99.583333,133.53533097414115,test
2017-01-18 00:00:00,2017-01-18 01:00:00,h1,1,Beijing,Prophet,55.5,90.18542012388838,test
2017-01-18 01:00:00,2017-01-18 02:00:00,h1,1,Beijing,Prophet,45.416667,45.724621820161076,test
2017-01-18 02:00:00,2017-01-18 03:00:00,h1,1,Beijing,Prophet,39.75,47.24985635917248,test
2017-01-18 03:00:00,2017-01-18 04:00:00,h1,1,Beijing,Prophet,31.25,42.963768850559696,test
2017-01-18 04:00:00,2017-01-18 05:00:00,h1,1,Beijing,Prophet,31.083333,31.811688937177493,test
2017-01-18 05:00:00,2017-01-18 06:00:00,h1,1,Beijing,Prophet,29.166667,34.21693580863303,test
2017-01-18 06:00:00,2017-01-18 07:00:00,h1,1,Beijing,Prophet,27.25,33.47960101166679,test
2017-01-18 07:00:00,2017-01-18 08:00:00,h1,1,Beijing,Prophet,29.0,33.720937072770006,test
2017-01-18 08:00:00,2017-01-18 09:00:00,h1,1,Beijing,Prophet,26.666667,37.425423434378104,test
2017-01-18 09:00:00,2017-01-18 10:00:00,h1,1,Beijing,Prophet,27.25,34.1350275303505,test
2017-01-18 10:00:00,2017-01-18 11:00:00,h1,1,Beijing,Prophet,23.833333,32.793937161189966,test
2017-01-18 11:00:00,2017-01-18 12:00:00,h1,1,Beijing,Prophet,22.666667,28.156323465222627,test
2017-01-18 12:00:00,2017-01-18 13:00:00,h1,1,Beijing,Prophet,23.666667,28.325144521317117,test
2017-01-18 13:00:00,2017-01-18 14:00:00,h1,1,Beijing,Prophet,22.5,32.50327282223343,test
2017-01-18 14:00:00,2017-01-18 15:00:00,h1,1,Beijing,Prophet,30.0,31.357604315413177,test
2017-01-18 15:00:00,2017-01-18 16:00:00,h1,1,Beijing,Prophet,46.0,42.11682058728429,test
2017-01-18 16:00:00,2017-01-18 17:00:00,h1,1,Beijing,Prophet,49.75,59.45495081239979,test
2017-01-18 17:00:00,2017-01-18 18:00:00,h1,1,Beijing,Prophet,42.75,60.0405792252096,test
2017-01-18 18:00:00,2017-01-18 19:00:00,h1,1,Beijing,Prophet,43.75,51.29294683749406,test
2017-01-18 19:00:00,2017-01-18 20:00:00,h1,1,Beijing,Prophet,48.833333,54.05974312563723,test
2017-01-18 20:00:00,2017-01-18 21:00:00,h1,1,Beijing,Prophet,52.166667,58.08339183847024,test
2017-01-18 21:00:00,2017-01-18 22:00:00,h1,1,Beijing,Prophet,58.583333,59.27398447225424,test
2017-01-18 22:00:00,2017-01-18 23:00:00,h1,1,Beijing,Prophet,61.666667,64.34408677261163,test
2017-01-18 23:00:00,2017-01-19 00:00:00,h1,1,Beijing,Prophet,73.0,66.25760963597929,test
2017-01-19 00:00:00,2017-01-19 01:00:00,h1,1,Beijing,Prophet,85.416667,80.30595360994936,test
2017-01-19 01:00:00,2017-01-19 02:00:00,h1,1,Beijing,Prophet,91.0,92.14489409633819,test
2017-01-19 02:00:00,2017-01-19 03:00:00,h1,1,Beijing,Prophet,92.916667,96.36164631652451,test
2017-01-19 03:00:00,2017-01-19 04:00:00,h1,1,Beijing,Prophet,99.583333,96.56525911379468,test
2017-01-19 04:00:00,2017-01-19 05:00:00,h1,1,Beijing,Prophet,104.166667,103.4336196037047,test
2017-01-19 05:00:00,2017-01-19 06:00:00,h1,1,Beijing,Prophet,101.166667,107.80800214367602,test
2017-01-19 06:00:00,2017-01-19 07:00:00,h1,1,Beijing,Prophet,101.833333,103.52280050332182,test
2017-01-19 07:00:00,2017-01-19 08:00:00,h1,1,Beijing,Prophet,98.916667,106.4340793322138,test
2017-01-19 08:00:00,2017-01-19 09:00:00,h1,1,Beijing,Prophet,84.0,103.45208304510402,test
2017-01-19 09:00:00,2017-01-19 10:00:00,h1,1,Beijing,Prophet,48.916667,81.98920317186345,test
2017-01-19 10:00:00,2017-01-19 11:00:00,h1,1,Beijing,Prophet,16.0,41.62566789628708,test
2017-01-19 11:00:00,2017-01-19 12:00:00,h1,1,Beijing,Prophet,11.5,11.14022729937053,test
2017-01-19 12:00:00,2017-01-19 13:00:00,h1,1,Beijing,Prophet,10.666667,16.943190436698785,test
2017-01-19 13:00:00,2017-01-19 14:00:00,h1,1,Beijing,Prophet,8.416667,18.717237242975635,test
2017-01-19 14:00:00,2017-01-19 15:00:00,h1,1,Beijing,Prophet,8.916667,14.798817391605834,test
2017-01-19 15:00:00,2017-01-19 16:00:00,h1,1,Beijing,Prophet,9.5,16.416332089840825,test
2017-01-19 16:00:00,2017-01-19 17:00:00,h1,1,Beijing,Prophet,9.583333,15.969328314318584,test
2017-01-19 17:00:00,2017-01-19 18:00:00,h1,1,Beijing,Prophet,9.666667,16.29622132695575,test
2017-01-19 18:00:00,2017-01-19 19:00:00,h1,1,Beijing,Prophet,9.416667,17.48079505530143,test
2017-01-19 19:00:00,2017-01-19 20:00:00,h1,1,Beijing,Prophet,8.666667,18.055128915094272,test
2017-01-19 20:00:00,2017-01-19 21:00:00,h1,1,Beijing,Prophet,8.0,14.59049866819569,test
2017-01-19 21:00:00,2017-01-19 22:00:00,h1,1,Beijing,Prophet,7.916667,12.493273483715065,test
2017-01-19 22:00:00,2017-01-19 23:00:00,h1,1,Beijing,Prophet,6.833333,11.574885505129487,test
2017-01-19 23:00:00,2017-01-20 00:00:00,h1,1,Beijing,Prophet,7.583333,10.60622857439741,test
2017-01-20 00:00:00,2017-01-20 01:00:00,h1,1,Beijing,Prophet,9.583333,12.171511497957603,test
2017-01-20 01:00:00,2017-01-20 02:00:00,h1,1,Beijing,Prophet,7.75,14.88157807761862,test
2017-01-20 02:00:00,2017-01-20 03:00:00,h1,1,Beijing,Prophet,7.333333,12.288509967554518,test
2017-01-20 03:00:00,2017-01-20 04:00:00,h1,1,Beijing,Prophet,6.583333,10.109210418071918,test
2017-01-20 04:00:00,2017-01-20 05:00:00,h1,1,Beijing,Prophet,6.25,8.190578685893293,test
2017-01-20 05:00:00,2017-01-20 06:00:00,h1,1,Beijing,Prophet,6.166667,10.580662150822462,test
2017-01-20 06:00:00,2017-01-20 07:00:00,h1,1,Beijing,Prophet,7.833333,11.496865672612799,test
2017-01-20 07:00:00,2017-01-20 08:00:00,h1,1,Beijing,Prophet,9.083333,15.686920688651892,test
2017-01-20 08:00:00,2017-01-20 09:00:00,h1,1,Beijing,Prophet,12.833333,18.32736427100894,test
2017-01-20 09:00:00,2017-01-20 10:00:00,h1,1,Beijing,Prophet,14.916667,23.007960215494624,test
2017-01-20 10:00:00,2017-01-20 11:00:00,h1,1,Beijing,Prophet,14.833333,22.149600880546753,test
2017-01-20 11:00:00,2017-01-20 12:00:00,h1,1,Beijing,Prophet,14.0,21.3673083602858,test
2017-01-20 12:00:00,2017-01-20 13:00:00,h1,1,Beijing,Prophet,15.916667,21.167617367189028,test
2017-01-20 13:00:00,2017-01-20 14:00:00,h1,1,Beijing,Prophet,16.666667,24.209396223913007,test
2017-01-20 14:00:00,2017-01-20 15:00:00,h1,1,Beijing,Prophet,19.166667,24.90239639330056,test
2017-01-20 15:00:00,2017-01-20 16:00:00,h1,1,Beijing,Prophet,20.25,27.386534494374942,test
2017-01-20 16:00:00,2017-01-20 17:00:00,h1,1,Beijing,Prophet,23.833333,27.79407014914222,test
2017-01-20 17:00:00,2017-01-20 18:00:00,h1,1,Beijing,Prophet,28.583333,33.30495586422216,test
2017-01-20 18:00:00,2017-01-20 19:00:00,h1,1,Beijing,Prophet,38.416667,39.790082300864306,test
2017-01-20 19:00:00,2017-01-20 20:00:00,h1,1,Beijing,Prophet,46.666667,50.84884618297886,test
2017-01-20 20:00:00,2017-01-20 21:00:00,h1,1,Beijing,Prophet,54.666667,57.124287159321376,test
2017-01-20 21:00:00,2017-01-20 22:00:00,h1,1,Beijing,Prophet,63.166667,63.46120408512428,test
2017-01-20 22:00:00,2017-01-20 23:00:00,h1,1,Beijing,Prophet,68.416667,69.78000261277205,test
2017-01-20 23:00:00,2017-01-21 00:00:00,h1,1,Beijing,Prophet,71.666667,73.53850161435966,test
2017-01-21 00:00:00,2017-01-21 01:00:00,h1,1,Beijing,Prophet,71.583333,76.1398161032543,test
2017-01-21 01:00:00,2017-01-21 02:00:00,h1,1,Beijing,Prophet,72.916667,73.21220265043831,test
2017-01-21 02:00:00,2017-01-21 03:00:00,h1,1,Beijing,Prophet,73.25,75.31350098071798,test
2017-01-21 03:00:00,2017-01-21 04:00:00,h1,1,Beijing,Prophet,74.916667,75.1889622058153,test
2017-01-21 04:00:00,2017-01-21 05:00:00,h1,1,Beijing,Prophet,66.75,76.2564203192203,test
2017-01-21 05:00:00,2017-01-21 06:00:00,h1,1,Beijing,Prophet,42.666667,65.87623645819669,test
2017-01-21 06:00:00,2017-01-21 07:00:00,h1,1,Beijing,Prophet,20.583333,37.47030213591785,test
2017-01-21 07:00:00,2017-01-21 08:00:00,h1,1,Beijing,Prophet,11.666667,18.68691341862994,test
2017-01-21 08:00:00,2017-01-21 09:00:00,h1,1,Beijing,Prophet,7.583333,14.561326999254234,test
2017-01-21 09:00:00,2017-01-21 10:00:00,h1,1,Beijing,Prophet,5.833333,14.462892393854275,test
2017-01-21 10:00:00,2017-01-21 11:00:00,h1,1,Beijing,Prophet,7.416667,11.551687930098346,test
2017-01-21 11:00:00,2017-01-21 12:00:00,h1,1,Beijing,Prophet,8.083333,13.434972795403137,test
2017-01-21 12:00:00,2017-01-21 13:00:00,h1,1,Beijing,Prophet,8.333333,13.552128151659012,test
2017-01-21 13:00:00,2017-01-21 14:00:00,h1,1,Beijing,Prophet,8.583333,14.36829235911642,test
2017-01-21 14:00:00,2017-01-21 15:00:00,h1,1,Beijing,Prophet,7.583333,15.850864202116767,test
2017-01-21 15:00:00,2017-01-21 16:00:00,h1,1,Beijing,Prophet,7.25,13.626858586414446,test
2017-01-21 16:00:00,2017-01-21 17:00:00,h1,1,Beijing,Prophet,6.75,14.05211792928257,test
2017-01-21 17:00:00,2017-01-21 18:00:00,h1,1,Beijing,Prophet,8.333333,14.729667184142379,test
2017-01-21 18:00:00,2017-01-21 19:00:00,h1,1,Beijing,Prophet,9.0,18.49979681340033,test
2017-01-21 19:00:00,2017-01-21 20:00:00,h1,1,Beijing,Prophet,9.333333,18.696145250065843,test
2017-01-21 20:00:00,2017-01-21 21:00:00,h1,1,Beijing,Prophet,11.75,16.588339082937278,test
2017-01-21 21:00:00,2017-01-21 22:00:00,h1,1,Beijing,Prophet,9.666667,18.647977182269035,test
2017-01-21 22:00:00,2017-01-21 23:00:00,h1,1,Beijing,Prophet,11.166667,14.135442952179176,test
2017-01-21 23:00:00,2017-01-22 00:00:00,h1,1,Beijing,Prophet,11.833333,16.03983317454679,test
2017-01-22 00:00:00,2017-01-22 01:00:00,h1,1,Beijing,Prophet,10.833333,17.00469350241782,test
2017-01-22 01:00:00,2017-01-22 02:00:00,h1,1,Beijing,Prophet,12.833333,16.438701195606793,test
2017-01-22 02:00:00,2017-01-22 03:00:00,h1,1,Beijing,Prophet,11.833333,18.332003692526776,test
2017-01-22 03:00:00,2017-01-22 04:00:00,h1,1,Beijing,Prophet,12.0,16.169848231961087,test
2017-01-22 04:00:00,2017-01-22 05:00:00,h1,1,Beijing,Prophet,11.25,15.447946256064192,test
2017-01-22 05:00:00,2017-01-22 06:00:00,h1,1,Beijing,Prophet,10.416667,15.181852620835901,test
2017-01-22 06:00:00,2017-01-22 07:00:00,h1,1,Beijing,Prophet,10.583333,15.520339464210906,test
2017-01-22 07:00:00,2017-01-22 08:00:00,h1,1,Beijing,Prophet,11.666667,18.67006923743825,test
2017-01-22 08:00:00,2017-01-22 09:00:00,h1,1,Beijing,Prophet,12.083333,20.965930116140242,test
2017-01-22 09:00:00,2017-01-22 10:00:00,h1,1,Beijing,Prophet,14.083333,21.23879532653838,test
2017-01-22 10:00:00,2017-01-22 11:00:00,h1,1,Beijing,Prophet,13.666667,21.84108633745313,test
2017-01-22 11:00:00,2017-01-22 12:00:00,h1,1,Beijing,Prophet,13.583333,20.223126780696866,test
2017-01-22 12:00:00,2017-01-22 13:00:00,h1,1,Beijing,Prophet,17.166667,21.29836210737495,test
2017-01-22 13:00:00,2017-01-22 14:00:00,h1,1,Beijing,Prophet,18.583333,25.528045609084142,test
2017-01-22 14:00:00,2017-01-22 15:00:00,h1,1,Beijing,Prophet,20.5,27.721806954893133,test
2017-01-22 15:00:00,2017-01-22 16:00:00,h1,1,Beijing,Prophet,27.666667,29.446372505302826,test
2017-01-22 16:00:00,2017-01-22 17:00:00,h1,1,Beijing,Prophet,43.833333,37.945232113674955,test
2017-01-22 17:00:00,2017-01-22 18:00:00,h1,1,Beijing,Prophet,53.666667,57.2134250010147,test
2017-01-22 18:00:00,2017-01-22 19:00:00,h1,1,Beijing,Prophet,60.583333,66.47489907380026,test
2017-01-22 19:00:00,2017-01-22 20:00:00,h1,1,Beijing,Prophet,55.916667,71.35535596675356,test
2017-01-22 20:00:00,2017-01-22 21:00:00,h1,1,Beijing,Prophet,42.25,61.244534295013025,test
2017-01-22 21:00:00,2017-01-22 22:00:00,h1,1,Beijing,Prophet,38.416667,44.53695247039074,test
2017-01-22 22:00:00,2017-01-22 23:00:00,h1,1,Beijing,Prophet,36.916667,41.85844970372332,test
2017-01-22 23:00:00,2017-01-23 00:00:00,h1,1,Beijing,Prophet,28.25,40.36177738594514,test
2017-01-23 00:00:00,2017-01-23 01:00:00,h1,1,Beijing,Prophet,25.75,30.092075590270724,test
2017-01-23 01:00:00,2017-01-23 02:00:00,h1,1,Beijing,Prophet,23.083333,29.85844363986405,test
2017-01-23 02:00:00,2017-01-23 03:00:00,h1,1,Beijing,Prophet,22.25,27.194441695365054,test
2017-01-23 03:00:00,2017-01-23 04:00:00,h1,1,Beijing,Prophet,18.583333,26.57810289661471,test
2017-01-23 04:00:00,2017-01-23 05:00:00,h1,1,Beijing,Prophet,16.416667,21.839835115435296,test
2017-01-23 05:00:00,2017-01-23 06:00:00,h1,1,Beijing,Prophet,16.416667,21.47012068216038,test
2017-01-23 06:00:00,2017-01-23 07:00:00,h1,1,Beijing,Prophet,17.666667,22.706933149704447,test
2017-01-23 07:00:00,2017-01-23 08:00:00,h1,1,Beijing,Prophet,17.083333,26.42055563710651,test
2017-01-23 08:00:00,2017-01-23 09:00:00,h1,1,Beijing,Prophet,17.75,27.127456170440908,test
2017-01-23 09:00:00,2017-01-23 10:00:00,h1,1,Beijing,Prophet,20.583333,27.44853429046509,test
2017-01-23 10:00:00,2017-01-23 11:00:00,h1,1,Beijing,Prophet,23.5,29.24675276688277,test
2017-01-23 11:00:00,2017-01-23 12:00:00,h1,1,Beijing,Prophet,21.333333,31.391317865465318,test
2017-01-23 12:00:00,2017-01-23 13:00:00,h1,1,Beijing,Prophet,22.75,28.63499254323638,test
2017-01-23 13:00:00,2017-01-23 14:00:00,h1,1,Beijing,Prophet,22.5,31.381071838088932,test
2017-01-23 14:00:00,2017-01-23 15:00:00,h1,1,Beijing,Prophet,28.5,31.53373984506591,test
2017-01-23 15:00:00,2017-01-23 16:00:00,h1,1,Beijing,Prophet,34.333333,39.7526979224952,test
2017-01-23 16:00:00,2017-01-23 17:00:00,h1,1,Beijing,Prophet,37.416667,44.996556987449104,test
2017-01-23 17:00:00,2017-01-23 18:00:00,h1,1,Beijing,Prophet,38.25,48.85298074690336,test
2017-01-23 18:00:00,2017-01-23 19:00:00,h1,1,Beijing,Prophet,47.0,49.51347235879248,test
2017-01-23 19:00:00,2017-01-23 20:00:00,h1,1,Beijing,Prophet,62.0,59.53982519949153,test
2017-01-23 20:00:00,2017-01-23 21:00:00,h1,1,Beijing,Prophet,70.25,74.80818230991551,test
2017-01-23 21:00:00,2017-01-23 22:00:00,h1,1,Beijing,Prophet,75.333333,79.07540127869926,test
2017-01-23 22:00:00,2017-01-23 23:00:00,h1,1,Beijing,Prophet,83.666667,82.63167156558737,test
2017-01-23 23:00:00,2017-01-24 00:00:00,h1,1,Beijing,Prophet,88.333333,90.10982811796876,test
2017-01-24 00:00:00,2017-01-24 01:00:00,h1,1,Beijing,Prophet,87.5,93.72004450009376,test
2017-01-24 01:00:00,2017-01-24 02:00:00,h1,1,Beijing,Prophet,83.416667,91.99835545845457,test
2017-01-24 02:00:00,2017-01-24 03:00:00,h1,1,Beijing,Prophet,80.583333,85.27270351964012,test
2017-01-24 03:00:00,2017-01-24 04:00:00,h1,1,Beijing,Prophet,80.75,81.04204477929551,test
2017-01-24 04:00:00,2017-01-24 05:00:00,h1,1,Beijing,Prophet,78.583333,81.36759684188678,test
2017-01-24 05:00:00,2017-01-24 06:00:00,h1,1,Beijing,Prophet,76.833333,80.71267479303847,test
2017-01-24 06:00:00,2017-01-24 07:00:00,h1,1,Beijing,Prophet,70.833333,79.6994047193026,test
2017-01-24 07:00:00,2017-01-24 08:00:00,h1,1,Beijing,Prophet,56.666667,74.22727834048277,test
2017-01-24 08:00:00,2017-01-24 09:00:00,h1,1,Beijing,Prophet,48.5,58.73135560938651,test
2017-01-24 09:00:00,2017-01-24 10:00:00,h1,1,Beijing,Prophet,43.666667,53.78137439214056,test
2017-01-24 10:00:00,2017-01-24 11:00:00,h1,1,Beijing,Prophet,47.25,49.058278229283225,test
2017-01-24 11:00:00,2017-01-24 12:00:00,h1,1,Beijing,Prophet,60.75,54.21536951739641,test
2017-01-24 12:00:00,2017-01-24 13:00:00,h1,1,Beijing,Prophet,66.083333,70.00199211395415,test
2017-01-24 13:00:00,2017-01-24 14:00:00,h1,1,Beijing,Prophet,64.333333,74.62260913516381,test
2017-01-24 14:00:00,2017-01-24 15:00:00,h1,1,Beijing,Prophet,73.666667,71.43406384959383,test
2017-01-24 15:00:00,2017-01-24 16:00:00,h1,1,Beijing,Prophet,95.583333,82.78439080917873,test
2017-01-24 16:00:00,2017-01-24 17:00:00,h1,1,Beijing,Prophet,106.333333,107.28562552587317,test
2017-01-24 17:00:00,2017-01-24 18:00:00,h1,1,Beijing,Prophet,112.0,117.26647600871993,test
2017-01-24 18:00:00,2017-01-24 19:00:00,h1,1,Beijing,Prophet,121.75,123.50319528030026,test
2017-01-24 19:00:00,2017-01-24 20:00:00,h1,1,Beijing,Prophet,126.25,133.64952533086517,test
2017-01-24 20:00:00,2017-01-24 21:00:00,h1,1,Beijing,Prophet,122.916667,134.38189634754133,test
2017-01-24 21:00:00,2017-01-24 22:00:00,h1,1,Beijing,Prophet,126.666667,126.69664438069367,test
2017-01-24 22:00:00,2017-01-24 23:00:00,h1,1,Beijing,Prophet,141.333333,129.1760954422838,test
2017-01-24 23:00:00,2017-01-25 00:00:00,h1,1,Beijing,Prophet,150.583333,145.33590336867462,test
2017-01-25 00:00:00,2017-01-25 01:00:00,h1,1,Beijing,Prophet,151.25,153.88572124966146,test
2017-01-25 01:00:00,2017-01-25 02:00:00,h1,1,Beijing,Prophet,154.833333,152.275913505077,test
2017-01-25 02:00:00,2017-01-25 03:00:00,h1,1,Beijing,Prophet,162.333333,153.27658389832362,test
2017-01-25 03:00:00,2017-01-25 04:00:00,h1,1,Beijing,Prophet,164.833333,163.25425291634252,test
2017-01-25 04:00:00,2017-01-25 05:00:00,h1,1,Beijing,Prophet,165.916667,166.78561026485716,test
2017-01-25 05:00:00,2017-01-25 06:00:00,h1,1,Beijing,Prophet,165.25,164.6577152682242,test
2017-01-25 06:00:00,2017-01-25 07:00:00,h1,1,Beijing,Prophet,160.916667,162.9289521932568,test
2017-01-25 07:00:00,2017-01-25 08:00:00,h1,1,Beijing,Prophet,147.75,160.1734581094506,test
2017-01-25 08:00:00,2017-01-25 09:00:00,h1,1,Beijing,Prophet,143.0,144.11515221245094,test
2017-01-25 09:00:00,2017-01-25 10:00:00,h1,1,Beijing,Prophet,141.833333,142.3336152339532,test
2017-01-25 10:00:00,2017-01-25 11:00:00,h1,1,Beijing,Prophet,140.916667,142.8616597674642,test
2017-01-25 11:00:00,2017-01-25 12:00:00,h1,1,Beijing,Prophet,144.166667,138.76595206281442,test
2017-01-25 12:00:00,2017-01-25 13:00:00,h1,1,Beijing,Prophet,148.166667,142.7158689085499,test
2017-01-25 13:00:00,2017-01-25 14:00:00,h1,1,Beijing,Prophet,155.125,153.5272824872757,test
2017-01-25 14:00:00,2017-01-25 15:00:00,h1,1,Beijing,Prophet,162.083333,160.82025665449027,test
2017-01-25 15:00:00,2017-01-25 16:00:00,h1,1,Beijing,Prophet,169.5,166.12589880769866,test
2017-01-25 16:00:00,2017-01-25 17:00:00,h1,1,Beijing,Prophet,181.583333,173.45405481919798,test
2017-01-25 17:00:00,2017-01-25 18:00:00,h1,1,Beijing,Prophet,189.916667,189.33719451485604,test
2017-01-25 18:00:00,2017-01-25 19:00:00,h1,1,Beijing,Prophet,197.916667,200.54866684215187,test
2017-01-25 19:00:00,2017-01-25 20:00:00,h1,1,Beijing,Prophet,216.333333,209.84845046615882,test
2017-01-25 20:00:00,2017-01-25 21:00:00,h1,1,Beijing,Prophet,220.916667,230.19926834629095,test
2017-01-25 21:00:00,2017-01-25 22:00:00,h1,1,Beijing,Prophet,237.916667,228.6491554767897,test
2017-01-25 22:00:00,2017-01-25 23:00:00,h1,1,Beijing,Prophet,242.8125,246.4469944621038,test
2017-01-25 23:00:00,2017-01-26 00:00:00,h1,1,Beijing,Prophet,249.541667,240.1826553907979,test
2017-01-26 00:00:00,2017-01-26 01:00:00,h1,1,Beijing,Prophet,260.9375,244.07111465373146,test
2017-01-26 01:00:00,2017-01-26 02:00:00,h1,1,Beijing,Prophet,276.583333,257.1189884627651,test
2017-01-26 02:00:00,2017-01-26 03:00:00,h1,1,Beijing,Prophet,280.777778,269.4421257992174,test
2017-01-26 03:00:00,2017-01-26 04:00:00,h1,1,Beijing,Prophet,276.055556,274.91966261783404,test
2017-01-26 04:00:00,2017-01-26 05:00:00,h1,1,Beijing,Prophet,276.333333,268.5957575165899,test
2017-01-26 05:00:00,2017-01-26 06:00:00,h1,1,Beijing,Prophet,271.0,271.8771337332471,test
2017-01-26 06:00:00,2017-01-26 07:00:00,h1,1,Beijing,Prophet,264.166667,261.93771048963663,test
2017-01-26 07:00:00,2017-01-26 08:00:00,h1,1,Beijing,Prophet,255.416667,256.10553523520946,test
2017-01-26 08:00:00,2017-01-26 09:00:00,h1,1,Beijing,Prophet,252.75,250.07743651757733,test
2017-01-26 09:00:00,2017-01-26 10:00:00,h1,1,Beijing,Prophet,267.75,248.3417459155097,test
2017-01-26 10:00:00,2017-01-26 11:00:00,h1,1,Beijing,Prophet,245.416667,271.54610695896145,test
2017-01-26 11:00:00,2017-01-26 12:00:00,h1,1,Beijing,Prophet,213.75,232.38938444415624,test
2017-01-26 12:00:00,2017-01-26 13:00:00,h1,1,Beijing,Prophet,165.791667,199.2682273689672,test
2017-01-26 13:00:00,2017-01-26 14:00:00,h1,1,Beijing,Prophet,110.666667,145.83349502815923,test
2017-01-26 14:00:00,2017-01-26 15:00:00,h1,1,Beijing,Prophet,47.166667,87.35515522938903,test
2017-01-26 15:00:00,2017-01-26 16:00:00,h1,1,Beijing,Prophet,10.5,26.273684620892308,test
2017-01-26 16:00:00,2017-01-26 17:00:00,h1,1,Beijing,Prophet,8.166667,3.268057024881628,test
2017-01-26 17:00:00,2017-01-26 18:00:00,h1,1,Beijing,Prophet,9.666667,15.46019319746944,test
2017-01-26 18:00:00,2017-01-26 19:00:00,h1,1,Beijing,Prophet,8.166667,20.950074637863327,test
2017-01-26 19:00:00,2017-01-26 20:00:00,h1,1,Beijing,Prophet,9.0,17.487802993425102,test
2017-01-26 20:00:00,2017-01-26 21:00:00,h1,1,Beijing,Prophet,8.25,16.892916527095654,test
2017-01-26 21:00:00,2017-01-26 22:00:00,h1,1,Beijing,Prophet,5.916667,12.810564097391218,test
2017-01-26 22:00:00,2017-01-26 23:00:00,h1,1,Beijing,Prophet,10.583333,8.069798937136717,test
2017-01-26 23:00:00,2017-01-27 00:00:00,h1,1,Beijing,Prophet,256.75,16.271600038712094,test
2017-01-29 00:00:00,2017-01-29 01:00:00,h1,1,Beijing,Prophet,238.25,318.6555384412285,test
2017-01-29 01:00:00,2017-01-29 02:00:00,h1,1,Beijing,Prophet,180.5,250.2763324550903,test
2017-01-29 02:00:00,2017-01-29 03:00:00,h1,1,Beijing,Prophet,45.833333,157.4885208065412,test
2017-01-29 03:00:00,2017-01-29 04:00:00,h1,1,Beijing,Prophet,11.333333,0.0,test
2017-01-29 04:00:00,2017-01-29 05:00:00,h1,1,Beijing,Prophet,8.0,3.915027907046742,test
2017-01-29 05:00:00,2017-01-29 06:00:00,h1,1,Beijing,Prophet,10.833333,11.385148154186805,test
2017-01-29 06:00:00,2017-01-29 07:00:00,h1,1,Beijing,Prophet,9.75,15.4163896355041,test
2017-01-29 07:00:00,2017-01-29 08:00:00,h1,1,Beijing,Prophet,9.833333,12.340085299668996,test
2017-01-29 08:00:00,2017-01-29 09:00:00,h1,1,Beijing,Prophet,10.5,15.072571752982817,test
2017-01-29 09:00:00,2017-01-29 10:00:00,h1,1,Beijing,Prophet,8.75,15.319371417228577,test
2017-01-29 10:00:00,2017-01-29 11:00:00,h1,1,Beijing,Prophet,9.0,10.613721483134963,test
2017-01-29 11:00:00,2017-01-29 12:00:00,h1,1,Beijing,Prophet,11.333333,10.83878317125037,test
2017-01-29 12:00:00,2017-01-29 13:00:00,h1,1,Beijing,Prophet,11.583333,14.212347357874151,test
2017-01-29 13:00:00,2017-01-29 14:00:00,h1,1,Beijing,Prophet,12.416667,14.896742216363474,test
2017-01-29 14:00:00,2017-01-29 15:00:00,h1,1,Beijing,Prophet,11.916667,17.99942520660524,test
2017-01-29 15:00:00,2017-01-29 16:00:00,h1,1,Beijing,Prophet,13.25,18.98402607390056,test
2017-01-29 16:00:00,2017-01-29 17:00:00,h1,1,Beijing,Prophet,13.166667,21.524246337200942,test
2017-01-29 17:00:00,2017-01-29 18:00:00,h1,1,Beijing,Prophet,11.916667,21.11185298688985,test
2017-01-29 18:00:00,2017-01-29 19:00:00,h1,1,Beijing,Prophet,10.666667,21.499718509137317,test
2017-01-29 19:00:00,2017-01-29 20:00:00,h1,1,Beijing,Prophet,8.583333,20.291553632170228,test
2017-01-29 20:00:00,2017-01-29 21:00:00,h1,1,Beijing,Prophet,9.083333,15.453466383909035,test
2017-01-29 21:00:00,2017-01-29 22:00:00,h1,1,Beijing,Prophet,8.833333,15.880251450523104,test
2017-01-29 22:00:00,2017-01-29 23:00:00,h1,1,Beijing,Prophet,8.916667,12.375052241127829,test
2017-01-29 23:00:00,2017-01-30 00:00:00,h1,1,Beijing,Prophet,8.25,12.191016793708371,test
2017-01-30 00:00:00,2017-01-30 01:00:00,h1,1,Beijing,Prophet,8.333333,8.75465644511688,test
2017-01-30 01:00:00,2017-01-30 02:00:00,h1,1,Beijing,Prophet,8.083333,9.18104345238035,test
2017-01-30 02:00:00,2017-01-30 03:00:00,h1,1,Beijing,Prophet,6.666667,10.072915558820167,test
2017-01-30 03:00:00,2017-01-30 04:00:00,h1,1,Beijing,Prophet,7.583333,9.685894515334809,test
2017-01-30 04:00:00,2017-01-30 05:00:00,h1,1,Beijing,Prophet,7.416667,10.882914400232668,test
2017-01-30 05:00:00,2017-01-30 06:00:00,h1,1,Beijing,Prophet,7.083333,12.173814790902185,test
2017-01-30 06:00:00,2017-01-30 07:00:00,h1,1,Beijing,Prophet,8.666667,13.050138883231252,test
2017-01-30 07:00:00,2017-01-30 08:00:00,h1,1,Beijing,Prophet,8.166667,17.581584884788484,test
2017-01-30 08:00:00,2017-01-30 09:00:00,h1,1,Beijing,Prophet,9.25,18.82068962922141,test
2017-01-30 09:00:00,2017-01-30 10:00:00,h1,1,Beijing,Prophet,12.0,19.072039242536533,test
2017-01-30 10:00:00,2017-01-30 11:00:00,h1,1,Beijing,Prophet,8.666667,18.460575527729524,test
2017-01-30 11:00:00,2017-01-30 12:00:00,h1,1,Beijing,Prophet,7.0,14.518275451220113,test
2017-01-30 12:00:00,2017-01-30 13:00:00,h1,1,Beijing,Prophet,8.083333,13.822060407909426,test
2017-01-30 13:00:00,2017-01-30 14:00:00,h1,1,Beijing,Prophet,10.25,17.037046557140304,test
2017-01-30 14:00:00,2017-01-30 15:00:00,h1,1,Beijing,Prophet,9.916667,19.082607823852587,test
2017-01-30 15:00:00,2017-01-30 16:00:00,h1,1,Beijing,Prophet,11.833333,18.354112244444856,test
2017-01-30 16:00:00,2017-01-30 17:00:00,h1,1,Beijing,Prophet,39.666667,19.872714329433904,test
2017-01-30 17:00:00,2017-01-30 18:00:00,h1,1,Beijing,Prophet,76.25,54.43698215315587,test
2017-01-30 18:00:00,2017-01-30 19:00:00,h1,1,Beijing,Prophet,59.583333,94.0266503444632,test
2017-01-30 19:00:00,2017-01-30 20:00:00,h1,1,Beijing,Prophet,62.666667,63.930213973143765,test
2017-01-30 20:00:00,2017-01-30 21:00:00,h1,1,Beijing,Prophet,67.25,67.72957167368614,test
2017-01-30 21:00:00,2017-01-30 22:00:00,h1,1,Beijing,Prophet,68.666667,69.44689933528313,test
2017-01-30 22:00:00,2017-01-30 23:00:00,h1,1,Beijing,Prophet,73.166667,68.32364955186546,test
2017-01-30 23:00:00,2017-01-31 00:00:00,h1,1,Beijing,Prophet,79.416667,72.2899782010908,test
2017-01-31 00:00:00,2017-01-31 01:00:00,h1,1,Beijing,Prophet,89.333333,78.56647917689028,test
2017-01-31 01:00:00,2017-01-31 02:00:00,h1,1,Beijing,Prophet,91.25,90.13325076108583,test
2017-01-31 02:00:00,2017-01-31 03:00:00,h1,1,Beijing,Prophet,91.666667,90.22686970005759,test
2017-01-31 03:00:00,2017-01-31 04:00:00,h1,1,Beijing,Prophet,91.833333,90.63505077350922,test
2017-01-31 04:00:00,2017-01-31 05:00:00,h1,1,Beijing,Prophet,92.5,91.80874230654493,test
2017-01-31 05:00:00,2017-01-31 06:00:00,h1,1,Beijing,Prophet,88.833333,94.95713446328378,test
2017-01-31 06:00:00,2017-01-31 07:00:00,h1,1,Beijing,Prophet,93.333333,91.42047591568624,test
2017-01-31 07:00:00,2017-01-31 08:00:00,h1,1,Beijing,Prophet,92.916667,100.51869517374968,test
2017-01-31 08:00:00,2017-01-31 09:00:00,h1,1,Beijing,Prophet,89.916667,100.05904568123947,test
2017-01-31 09:00:00,2017-01-31 10:00:00,h1,1,Beijing,Prophet,86.833333,96.57805788743319,test
2017-01-31 10:00:00,2017-01-31 11:00:00,h1,1,Beijing,Prophet,84.333333,89.08458552824641,test
2017-01-31 11:00:00,2017-01-31 12:00:00,h1,1,Beijing,Prophet,71.583333,85.75708865752748,test
2017-01-31 12:00:00,2017-01-31 13:00:00,h1,1,Beijing,Prophet,66.333333,71.32832499546082,test
2017-01-31 13:00:00,2017-01-31 14:00:00,h1,1,Beijing,Prophet,71.416667,69.62819975844894,test
2017-01-31 14:00:00,2017-01-31 15:00:00,h1,1,Beijing,Prophet,68.166667,77.06038890128266,test
2017-01-31 15:00:00,2017-01-31 16:00:00,h1,1,Beijing,Prophet,66.833333,71.09425203363341,test
2017-01-31 16:00:00,2017-01-31 17:00:00,h1,1,Beijing,Prophet,59.083333,69.15977683753167,test
2017-01-31 17:00:00,2017-01-31 18:00:00,h1,1,Beijing,Prophet,63.583333,60.84764281032699,test
2017-01-31 18:00:00,2017-01-31 19:00:00,h1,1,Beijing,Prophet,78.916667,70.9560066459818,test
2017-01-31 19:00:00,2017-01-31 20:00:00,h1,1,Beijing,Prophet,86.25,90.2592160007365,test
2017-01-31 20:00:00,2017-01-31 21:00:00,h1,1,Beijing,Prophet,76.333333,95.98092102595535,test
2017-01-31 21:00:00,2017-01-31 22:00:00,h1,1,Beijing,Prophet,23.333333,76.46713009548074,test
2017-01-31 22:00:00,2017-01-31 23:00:00,h1,1,Beijing,Prophet,13.25,7.085564893916114,test
2017-01-31 23:00:00,2017-02-01 00:00:00,h1,1,Beijing,Prophet,9.416667,13.255100593382291,test
2017-02-01 00:00:00,2017-02-01 01:00:00,h1,1,Beijing,Prophet,10.25,13.820931796153499,test
2017-02-01 01:00:00,2017-02-01 02:00:00,h1,1,Beijing,Prophet,9.75,15.727789590583384,test
2017-02-01 02:00:00,2017-02-01 03:00:00,h1,1,Beijing,Prophet,9.0,13.572483658082742,test
2017-02-01 03:00:00,2017-02-01 04:00:00,h1,1,Beijing,Prophet,7.75,13.340167192785277,test
2017-02-01 04:00:00,2017-02-01 05:00:00,h1,1,Beijing,Prophet,8.125,11.104300734064115,test
2017-02-01 05:00:00,2017-02-01 06:00:00,h1,1,Beijing,Prophet,7.333333,12.703794440295372,test
2017-02-01 06:00:00,2017-02-01 07:00:00,h1,1,Beijing,Prophet,6.0,12.819821262260014,test
2017-02-01 07:00:00,2017-02-01 08:00:00,h1,1,Beijing,Prophet,5.833333,12.857533593234702,test
2017-02-01 08:00:00,2017-02-01 09:00:00,h1,1,Beijing,Prophet,7.0,15.270041773324884,test
2017-02-01 09:00:00,2017-02-01 10:00:00,h1,1,Beijing,Prophet,7.083333,14.72280144028402,test
2017-02-01 10:00:00,2017-02-01 11:00:00,h1,1,Beijing,Prophet,6.916667,12.504054315758712,test
2017-02-01 11:00:00,2017-02-01 12:00:00,h1,1,Beijing,Prophet,8.5,12.400710779994437,test
2017-02-01 12:00:00,2017-02-01 13:00:00,h1,1,Beijing,Prophet,11.166667,14.869671122954149,test
2017-02-01 13:00:00,2017-02-01 14:00:00,h1,1,Beijing,Prophet,8.833333,18.39940152558225,test
2017-02-01 14:00:00,2017-02-01 15:00:00,h1,1,Beijing,Prophet,11.5,15.87986454089613,test
2017-02-01 15:00:00,2017-02-01 16:00:00,h1,1,Beijing,Prophet,13.333333,19.724923689803408,test
2017-02-01 16:00:00,2017-02-01 17:00:00,h1,1,Beijing,Prophet,23.75,21.268471412119727,test
2017-02-01 17:00:00,2017-02-01 18:00:00,h1,1,Beijing,Prophet,40.583333,34.78076715283318,test
2017-02-01 18:00:00,2017-02-01 19:00:00,h1,1,Beijing,Prophet,61.25,54.86803379086998,test
2017-02-01 19:00:00,2017-02-01 20:00:00,h1,1,Beijing,Prophet,91.666667,75.39761659341995,test
2017-02-01 20:00:00,2017-02-01 21:00:00,h1,1,Beijing,Prophet,123.916667,105.94423923058206,test
2017-02-01 21:00:00,2017-02-01 22:00:00,h1,1,Beijing,Prophet,121.333333,137.01502592970832,test
2017-02-01 22:00:00,2017-02-01 23:00:00,h1,1,Beijing,Prophet,131.75,122.99832719077189,test
2017-02-01 23:00:00,2017-02-02 00:00:00,h1,1,Beijing,Prophet,143.75,136.64640671718294,test
2017-02-03 00:00:00,2017-02-03 01:00:00,h1,1,Beijing,Prophet,144.583333,147.20476383196345,test
2017-02-03 01:00:00,2017-02-03 02:00:00,h1,1,Beijing,Prophet,140.333333,152.26011066746767,test
2017-02-03 02:00:00,2017-02-03 03:00:00,h1,1,Beijing,Prophet,142.416667,138.3417140226861,test
2017-02-03 03:00:00,2017-02-03 04:00:00,h1,1,Beijing,Prophet,132.25,141.97722235789192,test
2017-02-03 04:00:00,2017-02-03 05:00:00,h1,1,Beijing,Prophet,118.166667,131.4790347959669,test
2017-02-03 05:00:00,2017-02-03 06:00:00,h1,1,Beijing,Prophet,92.0,116.01788181398982,test
2017-02-03 06:00:00,2017-02-03 07:00:00,h1,1,Beijing,Prophet,80.333333,87.69578277621778,test
2017-02-03 07:00:00,2017-02-03 08:00:00,h1,1,Beijing,Prophet,78.583333,83.8679842128092,test
2017-02-03 08:00:00,2017-02-03 09:00:00,h1,1,Beijing,Prophet,88.5,86.04647015548149,test
2017-02-03 09:00:00,2017-02-03 10:00:00,h1,1,Beijing,Prophet,84.0,98.40820247149358,test
2017-02-03 10:00:00,2017-02-03 11:00:00,h1,1,Beijing,Prophet,86.083333,86.73996124096826,test
2017-02-03 11:00:00,2017-02-03 12:00:00,h1,1,Beijing,Prophet,93.416667,89.17606720494362,test
2017-02-03 12:00:00,2017-02-03 13:00:00,h1,1,Beijing,Prophet,111.083333,98.82302412060211,test
2017-02-03 13:00:00,2017-02-03 14:00:00,h1,1,Beijing,Prophet,127.333333,121.0246456125119,test
2017-02-03 14:00:00,2017-02-03 15:00:00,h1,1,Beijing,Prophet,147.166667,136.46250793532846,test
2017-02-03 15:00:00,2017-02-03 16:00:00,h1,1,Beijing,Prophet,179.5,157.49983725720452,test
2017-02-03 16:00:00,2017-02-03 17:00:00,h1,1,Beijing,Prophet,205.25,192.0274676652664,test
2017-02-03 17:00:00,2017-02-03 18:00:00,h1,1,Beijing,Prophet,218.25,218.91296557856444,test
2017-02-03 18:00:00,2017-02-03 19:00:00,h1,1,Beijing,Prophet,231.25,231.48759368458437,test
2017-02-03 19:00:00,2017-02-03 20:00:00,h1,1,Beijing,Prophet,247.333333,244.25416612056063,test
2017-02-03 20:00:00,2017-02-03 21:00:00,h1,1,Beijing,Prophet,265.583333,256.08847372999685,test
2017-02-03 21:00:00,2017-02-03 22:00:00,h1,1,Beijing,Prophet,275.277778,275.3670291171264,test
2017-02-03 22:00:00,2017-02-03 23:00:00,h1,1,Beijing,Prophet,274.243056,275.92885464579507,test
2017-02-03 23:00:00,2017-02-04 00:00:00,h1,1,Beijing,Prophet,17.583333,268.38465386116985,test
2017-02-05 00:00:00,2017-02-05 01:00:00,h1,1,Beijing,Prophet,17.75,0.0,test
2017-02-05 01:00:00,2017-02-05 02:00:00,h1,1,Beijing,Prophet,22.666667,21.690982789536243,test
2017-02-05 02:00:00,2017-02-05 03:00:00,h1,1,Beijing,Prophet,23.083333,33.079378251157976,test
2017-02-05 03:00:00,2017-02-05 04:00:00,h1,1,Beijing,Prophet,21.5,32.68478599873933,test
2017-02-05 04:00:00,2017-02-05 05:00:00,h1,1,Beijing,Prophet,19.916667,22.529794296589063,test
2017-02-05 05:00:00,2017-02-05 06:00:00,h1,1,Beijing,Prophet,15.0,22.70251059193944,test
2017-02-05 06:00:00,2017-02-05 07:00:00,h1,1,Beijing,Prophet,13.416667,18.185020080487348,test
2017-02-05 07:00:00,2017-02-05 08:00:00,h1,1,Beijing,Prophet,11.083333,21.702591679012095,test
2017-02-05 08:00:00,2017-02-05 09:00:00,h1,1,Beijing,Prophet,11.333333,17.915088864406254,test
2017-02-05 09:00:00,2017-02-05 10:00:00,h1,1,Beijing,Prophet,11.0,18.894751967510622,test
2017-02-05 10:00:00,2017-02-05 11:00:00,h1,1,Beijing,Prophet,8.416667,16.593578985042836,test
2017-02-05 11:00:00,2017-02-05 12:00:00,h1,1,Beijing,Prophet,6.916667,14.633679470909495,test
2017-02-05 12:00:00,2017-02-05 13:00:00,h1,1,Beijing,Prophet,7.083333,14.671926662022187,test
2017-02-05 13:00:00,2017-02-05 14:00:00,h1,1,Beijing,Prophet,6.583333,16.286434056873066,test
2017-02-05 14:00:00,2017-02-05 15:00:00,h1,1,Beijing,Prophet,9.5,15.849906836600635,test
2017-02-05 15:00:00,2017-02-05 16:00:00,h1,1,Beijing,Prophet,11.75,18.821313190674015,test
2017-02-05 16:00:00,2017-02-05 17:00:00,h1,1,Beijing,Prophet,14.083333,19.743496780676956,test
2017-02-05 17:00:00,2017-02-05 18:00:00,h1,1,Beijing,Prophet,10.833333,23.831613997403327,test
2017-02-05 18:00:00,2017-02-05 19:00:00,h1,1,Beijing,Prophet,8.333333,19.09865497256405,test
2017-02-05 19:00:00,2017-02-05 20:00:00,h1,1,Beijing,Prophet,7.833333,16.642990419762295,test
2017-02-05 20:00:00,2017-02-05 21:00:00,h1,1,Beijing,Prophet,8.166667,14.556930192549991,test
2017-02-05 21:00:00,2017-02-05 22:00:00,h1,1,Beijing,Prophet,8.833333,12.634738437611865,test
2017-02-05 22:00:00,2017-02-05 23:00:00,h1,1,Beijing,Prophet,8.333333,13.875887433260967,test
2017-02-05 23:00:00,2017-02-06 00:00:00,h1,1,Beijing,Prophet,7.916667,10.402051664457215,test
2017-02-06 00:00:00,2017-02-06 01:00:00,h1,1,Beijing,Prophet,6.75,13.356727581682776,test
2017-02-06 01:00:00,2017-02-06 02:00:00,h1,1,Beijing,Prophet,5.833333,11.690400464548386,test
2017-02-06 02:00:00,2017-02-06 03:00:00,h1,1,Beijing,Prophet,4.75,11.229488628724795,test
2017-02-06 03:00:00,2017-02-06 04:00:00,h1,1,Beijing,Prophet,4.083333,9.900247092496933,test
2017-02-06 04:00:00,2017-02-06 05:00:00,h1,1,Beijing,Prophet,5.416667,8.57753626545852,test
2017-02-06 05:00:00,2017-02-06 06:00:00,h1,1,Beijing,Prophet,6.083333,11.769496171848651,test
2017-02-06 06:00:00,2017-02-06 07:00:00,h1,1,Beijing,Prophet,6.583333,13.374152871396046,test
2017-02-06 07:00:00,2017-02-06 08:00:00,h1,1,Beijing,Prophet,7.916667,15.86883883385373,test
2017-02-06 08:00:00,2017-02-06 09:00:00,h1,1,Beijing,Prophet,8.333333,19.855581009406787,test
2017-02-06 09:00:00,2017-02-06 10:00:00,h1,1,Beijing,Prophet,10.333333,17.699077735199708,test
2017-02-06 10:00:00,2017-02-06 11:00:00,h1,1,Beijing,Prophet,9.416667,17.30445743659465,test
2017-02-06 11:00:00,2017-02-06 12:00:00,h1,1,Beijing,Prophet,7.416667,15.92155430467621,test
2017-02-06 12:00:00,2017-02-06 13:00:00,h1,1,Beijing,Prophet,5.166667,13.874148169815438,test
2017-02-06 13:00:00,2017-02-06 14:00:00,h1,1,Beijing,Prophet,6.333333,12.958395239785776,test
2017-02-06 14:00:00,2017-02-06 15:00:00,h1,1,Beijing,Prophet,7.083333,16.550023616209586,test
2017-02-06 15:00:00,2017-02-06 16:00:00,h1,1,Beijing,Prophet,7.25,16.907848220494333,test
2017-02-06 16:00:00,2017-02-06 17:00:00,h1,1,Beijing,Prophet,9.583333,18.735024037233806,test
2017-02-06 17:00:00,2017-02-06 18:00:00,h1,1,Beijing,Prophet,14.583333,20.695642426415805,test
2017-02-06 18:00:00,2017-02-06 19:00:00,h1,1,Beijing,Prophet,21.25,27.63527201386986,test
2017-02-06 19:00:00,2017-02-06 20:00:00,h1,1,Beijing,Prophet,31.5,34.6559092949696,test
2017-02-06 20:00:00,2017-02-06 21:00:00,h1,1,Beijing,Prophet,35.166667,43.533446770684655,test
2017-02-06 21:00:00,2017-02-06 22:00:00,h1,1,Beijing,Prophet,39.75,42.541040475748474,test
2017-02-06 22:00:00,2017-02-06 23:00:00,h1,1,Beijing,Prophet,42.416667,47.09174954938848,test
2017-02-06 23:00:00,2017-02-07 00:00:00,h1,1,Beijing,Prophet,48.25,49.09480683389589,test
2017-02-07 00:00:00,2017-02-07 01:00:00,h1,1,Beijing,Prophet,61.75,55.96719281773457,test
2017-02-07 01:00:00,2017-02-07 02:00:00,h1,1,Beijing,Prophet,64.166667,71.08934639709977,test
2017-02-07 02:00:00,2017-02-07 03:00:00,h1,1,Beijing,Prophet,64.333333,71.18873553942763,test
2017-02-07 03:00:00,2017-02-07 04:00:00,h1,1,Beijing,Prophet,67.75,71.03058543711634,test
2017-02-07 04:00:00,2017-02-07 05:00:00,h1,1,Beijing,Prophet,69.416667,72.14250416788333,test
2017-02-07 05:00:00,2017-02-07 06:00:00,h1,1,Beijing,Prophet,69.25,74.56755826474931,test
2017-02-07 06:00:00,2017-02-07 07:00:00,h1,1,Beijing,Prophet,69.666667,75.11720461985429,test
2017-02-07 07:00:00,2017-02-07 08:00:00,h1,1,Beijing,Prophet,72.083333,78.4727955916041,test
2017-02-07 08:00:00,2017-02-07 09:00:00,h1,1,Beijing,Prophet,76.583333,81.04226628030658,test
2017-02-07 09:00:00,2017-02-07 10:00:00,h1,1,Beijing,Prophet,80.166667,85.6258931316782,test
2017-02-07 10:00:00,2017-02-07 11:00:00,h1,1,Beijing,Prophet,61.5,87.18783136826278,test
2017-02-07 11:00:00,2017-02-07 12:00:00,h1,1,Beijing,Prophet,55.083333,62.38102834572672,test
2017-02-07 12:00:00,2017-02-07 13:00:00,h1,1,Beijing,Prophet,57.416667,60.72075127125511,test
2017-02-07 13:00:00,2017-02-07 14:00:00,h1,1,Beijing,Prophet,61.0,66.1848084896739,test
2017-02-07 14:00:00,2017-02-07 15:00:00,h1,1,Beijing,Prophet,64.333333,70.68320614538037,test
2017-02-07 15:00:00,2017-02-07 16:00:00,h1,1,Beijing,Prophet,67.416667,73.99743393125961,test
2017-02-07 16:00:00,2017-02-07 17:00:00,h1,1,Beijing,Prophet,81.916667,76.44933688861241,test
2017-02-07 17:00:00,2017-02-07 18:00:00,h1,1,Beijing,Prophet,93.5,94.81656166535797,test
2017-02-07 18:00:00,2017-02-07 19:00:00,h1,1,Beijing,Prophet,103.25,106.6406165684067,test
2017-02-07 19:00:00,2017-02-07 20:00:00,h1,1,Beijing,Prophet,108.333333,115.67774923266248,test
2017-02-07 20:00:00,2017-02-07 21:00:00,h1,1,Beijing,Prophet,107.333333,116.90245234464948,test
2017-02-07 21:00:00,2017-02-07 22:00:00,h1,1,Beijing,Prophet,107.166667,112.90477412208156,test
2017-02-07 22:00:00,2017-02-07 23:00:00,h1,1,Beijing,Prophet,109.0,112.57118746850749,test
2017-02-07 23:00:00,2017-02-08 00:00:00,h1,1,Beijing,Prophet,106.833333,114.93964807618124,test
2017-02-08 00:00:00,2017-02-08 01:00:00,h1,1,Beijing,Prophet,106.416667,111.99993880434532,test
2017-02-08 01:00:00,2017-02-08 02:00:00,h1,1,Beijing,Prophet,105.333333,111.75234654983694,test
2017-02-08 02:00:00,2017-02-08 03:00:00,h1,1,Beijing,Prophet,100.333333,107.765409221998,test
2017-02-08 03:00:00,2017-02-08 04:00:00,h1,1,Beijing,Prophet,89.833333,98.63673468413674,test
2017-02-08 04:00:00,2017-02-08 05:00:00,h1,1,Beijing,Prophet,70.666667,87.18792300176185,test
2017-02-08 05:00:00,2017-02-08 06:00:00,h1,1,Beijing,Prophet,39.166667,66.13386570856122,test
2017-02-08 06:00:00,2017-02-08 07:00:00,h1,1,Beijing,Prophet,16.166667,32.11073534344597,test
2017-02-08 07:00:00,2017-02-08 08:00:00,h1,1,Beijing,Prophet,10.25,16.70316419654775,test
2017-02-08 08:00:00,2017-02-08 09:00:00,h1,1,Beijing,Prophet,7.5,17.436836681226126,test
2017-02-08 09:00:00,2017-02-08 10:00:00,h1,1,Beijing,Prophet,8.833333,14.301662331415944,test
2017-02-08 10:00:00,2017-02-08 11:00:00,h1,1,Beijing,Prophet,10.416667,15.24475218865907,test
2017-02-08 11:00:00,2017-02-08 12:00:00,h1,1,Beijing,Prophet,9.75,17.10916719455012,test
2017-02-08 12:00:00,2017-02-08 13:00:00,h1,1,Beijing,Prophet,11.833333,16.10593479146831,test
2017-02-08 13:00:00,2017-02-08 14:00:00,h1,1,Beijing,Prophet,10.75,19.208347376989618,test
2017-02-08 14:00:00,2017-02-08 15:00:00,h1,1,Beijing,Prophet,9.583333,17.086635363666904,test
2017-02-08 15:00:00,2017-02-08 16:00:00,h1,1,Beijing,Prophet,10.25,15.774659118870979,test
2017-02-08 16:00:00,2017-02-08 17:00:00,h1,1,Beijing,Prophet,9.666667,17.50201938159066,test
2017-02-08 17:00:00,2017-02-08 18:00:00,h1,1,Beijing,Prophet,9.166667,17.128448693795306,test
2017-02-08 18:00:00,2017-02-08 19:00:00,h1,1,Beijing,Prophet,9.166667,18.206251018697092,test
2017-02-08 19:00:00,2017-02-08 20:00:00,h1,1,Beijing,Prophet,9.916667,18.755355447491766,test
2017-02-08 20:00:00,2017-02-08 21:00:00,h1,1,Beijing,Prophet,8.5,17.480329209502617,test
2017-02-08 21:00:00,2017-02-08 22:00:00,h1,1,Beijing,Prophet,9.75,13.235612294701486,test
2017-02-08 22:00:00,2017-02-08 23:00:00,h1,1,Beijing,Prophet,8.083333,13.98438989826414,test
2017-02-08 23:00:00,2017-02-09 00:00:00,h1,1,Beijing,Prophet,9.333333,11.095945119145256,test
2017-02-09 00:00:00,2017-02-09 01:00:00,h1,1,Beijing,Prophet,7.5,14.160589970581821,test
2017-02-09 01:00:00,2017-02-09 02:00:00,h1,1,Beijing,Prophet,7.666667,11.3721669070001,test
2017-02-09 02:00:00,2017-02-09 03:00:00,h1,1,Beijing,Prophet,7.375,13.092272747638464,test
2017-02-09 03:00:00,2017-02-09 04:00:00,h1,1,Beijing,Prophet,7.083333,9.840303210423663,test
2017-02-09 04:00:00,2017-02-09 05:00:00,h1,1,Beijing,Prophet,6.75,9.641169735018309,test
2017-02-09 05:00:00,2017-02-09 06:00:00,h1,1,Beijing,Prophet,5.75,11.11800975776,test
2017-02-09 06:00:00,2017-02-09 07:00:00,h1,1,Beijing,Prophet,6.083333,11.370259965785113,test
2017-02-09 07:00:00,2017-02-09 08:00:00,h1,1,Beijing,Prophet,7.25,15.126454525178271,test
2017-02-09 08:00:00,2017-02-09 09:00:00,h1,1,Beijing,Prophet,6.0,15.737634160935187,test
2017-02-09 09:00:00,2017-02-09 10:00:00,h1,1,Beijing,Prophet,7.0,14.279483318555407,test
2017-02-09 10:00:00,2017-02-09 11:00:00,h1,1,Beijing,Prophet,6.833333,13.855577437649885,test
2017-02-09 11:00:00,2017-02-09 12:00:00,h1,1,Beijing,Prophet,7.416667,13.330456954793334,test
2017-02-09 12:00:00,2017-02-09 13:00:00,h1,1,Beijing,Prophet,6.833333,13.927938366367723,test
2017-02-09 13:00:00,2017-02-09 14:00:00,h1,1,Beijing,Prophet,8.0,13.89208236083524,test
2017-02-09 14:00:00,2017-02-09 15:00:00,h1,1,Beijing,Prophet,6.666667,14.924980388080865,test
2017-02-09 15:00:00,2017-02-09 16:00:00,h1,1,Beijing,Prophet,6.916667,13.258803776655398,test
2017-02-09 16:00:00,2017-02-09 17:00:00,h1,1,Beijing,Prophet,6.166667,13.968054532275936,test
2017-02-09 17:00:00,2017-02-09 18:00:00,h1,1,Beijing,Prophet,5.583333,14.996021010099799,test
2017-02-09 18:00:00,2017-02-09 19:00:00,h1,1,Beijing,Prophet,6.583333,15.128751515805455,test
2017-02-09 19:00:00,2017-02-09 20:00:00,h1,1,Beijing,Prophet,6.916667,16.95100556232074,test
2017-02-09 20:00:00,2017-02-09 21:00:00,h1,1,Beijing,Prophet,7.666667,14.185153551042262,test
2017-02-09 21:00:00,2017-02-09 22:00:00,h1,1,Beijing,Prophet,6.666667,13.996834084906578,test
2017-02-09 22:00:00,2017-02-09 23:00:00,h1,1,Beijing,Prophet,5.75,11.406149256679782,test
2017-02-09 23:00:00,2017-02-10 00:00:00,h1,1,Beijing,Prophet,6.416667,8.892882565662859,test
2017-02-10 00:00:00,2017-02-10 01:00:00,h1,1,Beijing,Prophet,5.416667,11.10736703689565,test
2017-02-10 01:00:00,2017-02-10 02:00:00,h1,1,Beijing,Prophet,6.416667,9.824529086106686,test
2017-02-10 02:00:00,2017-02-10 03:00:00,h1,1,Beijing,Prophet,7.25,10.540110076605078,test
2017-02-10 03:00:00,2017-02-10 04:00:00,h1,1,Beijing,Prophet,4.666667,10.834371597477777,test
2017-02-10 04:00:00,2017-02-10 05:00:00,h1,1,Beijing,Prophet,4.916667,6.638248215004204,test
2017-02-10 05:00:00,2017-02-10 06:00:00,h1,1,Beijing,Prophet,5.25,9.541248503544544,test
2017-02-10 06:00:00,2017-02-10 07:00:00,h1,1,Beijing,Prophet,4.75,11.247613621321616,test
2017-02-10 07:00:00,2017-02-10 08:00:00,h1,1,Beijing,Prophet,6.333333,12.46818019782842,test
2017-02-10 08:00:00,2017-02-10 09:00:00,h1,1,Beijing,Prophet,7.333333,15.282631482617994,test
2017-02-10 09:00:00,2017-02-10 10:00:00,h1,1,Beijing,Prophet,7.083333,14.956937671574114,test
2017-02-10 10:00:00,2017-02-10 11:00:00,h1,1,Beijing,Prophet,6.5,13.101134513450639,test
2017-02-10 11:00:00,2017-02-10 12:00:00,h1,1,Beijing,Prophet,7.083333,12.385708392467876,test
2017-02-10 12:00:00,2017-02-10 13:00:00,h1,1,Beijing,Prophet,7.583333,12.5839769360851,test
2017-02-10 13:00:00,2017-02-10 14:00:00,h1,1,Beijing,Prophet,6.583333,14.603137632054096,test
2017-02-10 14:00:00,2017-02-10 15:00:00,h1,1,Beijing,Prophet,7.166667,12.964312979035931,test
2017-02-10 15:00:00,2017-02-10 16:00:00,h1,1,Beijing,Prophet,6.333333,14.188126031852459,test
2017-02-10 16:00:00,2017-02-10 17:00:00,h1,1,Beijing,Prophet,6.916667,12.89760574606861,test
2017-02-10 17:00:00,2017-02-10 18:00:00,h1,1,Beijing,Prophet,6.666667,14.426086954123285,test
2017-02-10 18:00:00,2017-02-10 19:00:00,h1,1,Beijing,Prophet,8.916667,16.00946841295019,test
2017-02-10 19:00:00,2017-02-10 20:00:00,h1,1,Beijing,Prophet,9.333333,19.327693677196258,test
2017-02-10 20:00:00,2017-02-10 21:00:00,h1,1,Beijing,Prophet,10.583333,18.05322336381836,test
2017-02-10 21:00:00,2017-02-10 22:00:00,h1,1,Beijing,Prophet,9.916667,18.014506046096503,test
2017-02-10 22:00:00,2017-02-10 23:00:00,h1,1,Beijing,Prophet,10.916667,15.253392110177266,test
2017-02-10 23:00:00,2017-02-11 00:00:00,h1,1,Beijing,Prophet,14.666667,16.434776905901092,test
2017-02-11 00:00:00,2017-02-11 01:00:00,h1,1,Beijing,Prophet,13.916667,20.35969476186874,test
2017-02-11 01:00:00,2017-02-11 02:00:00,h1,1,Beijing,Prophet,12.916667,19.46173567043539,test
2017-02-11 02:00:00,2017-02-11 03:00:00,h1,1,Beijing,Prophet,11.666667,19.40063423665084,test
2017-02-11 03:00:00,2017-02-11 04:00:00,h1,1,Beijing,Prophet,13.25,14.66423438818342,test
2017-02-11 04:00:00,2017-02-11 05:00:00,h1,1,Beijing,Prophet,13.333333,18.547119881511374,test
2017-02-11 05:00:00,2017-02-11 06:00:00,h1,1,Beijing,Prophet,13.083333,19.907975840075846,test
2017-02-11 06:00:00,2017-02-11 07:00:00,h1,1,Beijing,Prophet,13.5,22.19054536767543,test
2017-02-11 07:00:00,2017-02-11 08:00:00,h1,1,Beijing,Prophet,14.583333,23.64115954373436,test
2017-02-11 08:00:00,2017-02-11 09:00:00,h1,1,Beijing,Prophet,19.416667,25.187605523729868,test
2017-02-11 09:00:00,2017-02-11 10:00:00,h1,1,Beijing,Prophet,21.0,28.59399779333817,test
2017-02-11 10:00:00,2017-02-11 11:00:00,h1,1,Beijing,Prophet,17.833333,27.388483849797964,test
2017-02-11 11:00:00,2017-02-11 12:00:00,h1,1,Beijing,Prophet,13.583333,22.438577250851285,test
2017-02-11 12:00:00,2017-02-11 13:00:00,h1,1,Beijing,Prophet,12.333333,18.6723876986652,test
2017-02-11 13:00:00,2017-02-11 14:00:00,h1,1,Beijing,Prophet,11.5,19.230321018602062,test
2017-02-11 14:00:00,2017-02-11 15:00:00,h1,1,Beijing,Prophet,13.75,19.959929405225566,test
2017-02-11 15:00:00,2017-02-11 16:00:00,h1,1,Beijing,Prophet,21.166667,22.543437879120674,test
2017-02-11 16:00:00,2017-02-11 17:00:00,h1,1,Beijing,Prophet,33.416667,30.72188829207095,test
2017-02-11 17:00:00,2017-02-11 18:00:00,h1,1,Beijing,Prophet,39.0,45.2636706371597,test
2017-02-11 18:00:00,2017-02-11 19:00:00,h1,1,Beijing,Prophet,58.833333,51.08584812203486,test
2017-02-11 19:00:00,2017-02-11 20:00:00,h1,1,Beijing,Prophet,96.333333,74.37506407615803,test
2017-02-11 20:00:00,2017-02-11 21:00:00,h1,1,Beijing,Prophet,139.5,115.48001477777694,test
2017-02-11 21:00:00,2017-02-11 22:00:00,h1,1,Beijing,Prophet,191.125,160.33911056402238,test
2017-02-11 22:00:00,2017-02-11 23:00:00,h1,1,Beijing,Prophet,193.75,209.66370199993256,test
2017-02-11 23:00:00,2017-02-12 00:00:00,h1,1,Beijing,Prophet,180.791667,198.13331174145827,test
2017-02-12 00:00:00,2017-02-12 01:00:00,h1,1,Beijing,Prophet,161.583333,178.45238918707028,test
2017-02-12 01:00:00,2017-02-12 02:00:00,h1,1,Beijing,Prophet,138.416667,156.28681083105727,test
2017-02-12 02:00:00,2017-02-12 03:00:00,h1,1,Beijing,Prophet,120.083333,136.18275278608374,test
2017-02-12 03:00:00,2017-02-12 04:00:00,h1,1,Beijing,Prophet,86.0,115.02599921800874,test
2017-02-12 04:00:00,2017-02-12 05:00:00,h1,1,Beijing,Prophet,59.583333,78.55815279109946,test
2017-02-12 05:00:00,2017-02-12 06:00:00,h1,1,Beijing,Prophet,48.166667,55.870343208839174,test
2017-02-12 06:00:00,2017-02-12 07:00:00,h1,1,Beijing,Prophet,49.833333,49.90003465879098,test
2017-02-12 07:00:00,2017-02-12 08:00:00,h1,1,Beijing,Prophet,66.083333,58.66609864785417,test
2017-02-12 08:00:00,2017-02-12 09:00:00,h1,1,Beijing,Prophet,86.25,78.43681276338324,test
2017-02-12 09:00:00,2017-02-12 10:00:00,h1,1,Beijing,Prophet,93.416667,96.85048456967104,test
2017-02-12 10:00:00,2017-02-12 11:00:00,h1,1,Beijing,Prophet,105.75,97.39495206109515,test
2017-02-12 11:00:00,2017-02-12 12:00:00,h1,1,Beijing,Prophet,103.083333,112.06030281628497,test
2017-02-12 12:00:00,2017-02-12 13:00:00,h1,1,Beijing,Prophet,98.5,106.3248540090315,test
2017-02-12 13:00:00,2017-02-12 14:00:00,h1,1,Beijing,Prophet,98.833333,101.25637011661064,test
2017-02-12 14:00:00,2017-02-12 15:00:00,h1,1,Beijing,Prophet,96.25,102.50350408658478,test
2017-02-12 15:00:00,2017-02-12 16:00:00,h1,1,Beijing,Prophet,91.5,99.5425598268616,test
2017-02-12 16:00:00,2017-02-12 17:00:00,h1,1,Beijing,Prophet,97.666667,94.05621775474967,test
2017-02-12 17:00:00,2017-02-12 18:00:00,h1,1,Beijing,Prophet,107.083333,104.40891703467736,test
2017-02-12 18:00:00,2017-02-12 19:00:00,h1,1,Beijing,Prophet,112.333333,116.4621641030657,test
2017-02-12 19:00:00,2017-02-12 20:00:00,h1,1,Beijing,Prophet,115.083333,122.41582154493463,test
2017-02-12 20:00:00,2017-02-12 21:00:00,h1,1,Beijing,Prophet,124.916667,124.99757575167978,test
2017-02-12 21:00:00,2017-02-12 22:00:00,h1,1,Beijing,Prophet,130.333333,134.08797302276855,test
2017-02-12 22:00:00,2017-02-12 23:00:00,h1,1,Beijing,Prophet,140.0,135.1301775421167,test
2017-02-12 23:00:00,2017-02-13 00:00:00,h1,1,Beijing,Prophet,141.5,144.44472706405665,test
2017-02-13 00:00:00,2017-02-13 01:00:00,h1,1,Beijing,Prophet,137.75,142.48255032012747,test
2017-02-13 01:00:00,2017-02-13 02:00:00,h1,1,Beijing,Prophet,146.416667,139.22242301904188,test
2017-02-13 02:00:00,2017-02-13 03:00:00,h1,1,Beijing,Prophet,146.5,149.7184801168815,test
2017-02-13 03:00:00,2017-02-13 04:00:00,h1,1,Beijing,Prophet,142.833333,146.44852569545068,test
2017-02-13 04:00:00,2017-02-13 05:00:00,h1,1,Beijing,Prophet,123.75,143.67035373161525,test
2017-02-13 05:00:00,2017-02-13 06:00:00,h1,1,Beijing,Prophet,110.583333,121.1165685357436,test
2017-02-13 06:00:00,2017-02-13 07:00:00,h1,1,Beijing,Prophet,93.25,110.91995449906779,test
2017-02-13 07:00:00,2017-02-13 08:00:00,h1,1,Beijing,Prophet,80.333333,95.57955068236888,test
2017-02-13 08:00:00,2017-02-13 09:00:00,h1,1,Beijing,Prophet,66.75,83.87576061859353,test
2017-02-13 09:00:00,2017-02-13 10:00:00,h1,1,Beijing,Prophet,50.583333,68.0475565242925,test
2017-02-13 10:00:00,2017-02-13 11:00:00,h1,1,Beijing,Prophet,36.083333,49.061480611927216,test
2017-02-13 11:00:00,2017-02-13 12:00:00,h1,1,Beijing,Prophet,22.75,35.60096996859723,test
2017-02-13 12:00:00,2017-02-13 13:00:00,h1,1,Beijing,Prophet,16.5,24.85086888649165,test
2017-02-13 13:00:00,2017-02-13 14:00:00,h1,1,Beijing,Prophet,14.833333,23.032193718294938,test
2017-02-13 14:00:00,2017-02-13 15:00:00,h1,1,Beijing,Prophet,14.916667,23.2983631783102,test
2017-02-13 15:00:00,2017-02-13 16:00:00,h1,1,Beijing,Prophet,17.333333,23.9811668044032,test
2017-02-13 16:00:00,2017-02-13 17:00:00,h1,1,Beijing,Prophet,18.916667,26.694826416365697,test
2017-02-13 17:00:00,2017-02-13 18:00:00,h1,1,Beijing,Prophet,23.5,29.420221562844098,test
2017-02-13 18:00:00,2017-02-13 19:00:00,h1,1,Beijing,Prophet,43.083333,36.492598442373264,test
2017-02-13 19:00:00,2017-02-13 20:00:00,h1,1,Beijing,Prophet,81.75,61.581614252959184,test
2017-02-13 20:00:00,2017-02-13 21:00:00,h1,1,Beijing,Prophet,102.083333,102.82354704258677,test
2017-02-13 21:00:00,2017-02-13 22:00:00,h1,1,Beijing,Prophet,137.333333,117.71187284700632,test
2017-02-13 22:00:00,2017-02-13 23:00:00,h1,1,Beijing,Prophet,158.666667,150.42036576190083,test
2017-02-13 23:00:00,2017-02-14 00:00:00,h1,1,Beijing,Prophet,151.083333,165.39243492838247,test
2017-02-14 00:00:00,2017-02-14 01:00:00,h1,1,Beijing,Prophet,136.416667,152.13242462054134,test
2017-02-14 01:00:00,2017-02-14 02:00:00,h1,1,Beijing,Prophet,137.166667,134.0721265899262,test
2017-02-14 02:00:00,2017-02-14 03:00:00,h1,1,Beijing,Prophet,142.916667,138.46961496015754,test
2017-02-14 03:00:00,2017-02-14 04:00:00,h1,1,Beijing,Prophet,142.333333,145.3148434502338,test
2017-02-14 04:00:00,2017-02-14 05:00:00,h1,1,Beijing,Prophet,139.666667,142.4586010100013,test
2017-02-14 05:00:00,2017-02-14 06:00:00,h1,1,Beijing,Prophet,135.0,138.93850143878896,test
2017-02-14 06:00:00,2017-02-14 07:00:00,h1,1,Beijing,Prophet,137.25,138.3256029067198,test
2017-02-14 07:00:00,2017-02-14 08:00:00,h1,1,Beijing,Prophet,141.416667,140.8724257695594,test
2017-02-14 08:00:00,2017-02-14 09:00:00,h1,1,Beijing,Prophet,147.833333,146.0178455226823,test
2017-02-14 09:00:00,2017-02-14 10:00:00,h1,1,Beijing,Prophet,163.833333,152.74725434247952,test
2017-02-14 10:00:00,2017-02-14 11:00:00,h1,1,Beijing,Prophet,179.5,170.25081896677014,test
2017-02-14 11:00:00,2017-02-14 12:00:00,h1,1,Beijing,Prophet,187.916667,186.15907601105937,test
2017-02-14 12:00:00,2017-02-14 13:00:00,h1,1,Beijing,Prophet,177.583333,190.3179973429978,test
2017-02-14 13:00:00,2017-02-14 14:00:00,h1,1,Beijing,Prophet,181.333333,177.89900864062022,test
2017-02-14 14:00:00,2017-02-14 15:00:00,h1,1,Beijing,Prophet,188.166667,184.56285742458405,test
2017-02-14 15:00:00,2017-02-14 16:00:00,h1,1,Beijing,Prophet,208.5,192.66676659309738,test
2017-02-14 16:00:00,2017-02-14 17:00:00,h1,1,Beijing,Prophet,213.5,214.74961105241312,test
2017-02-14 17:00:00,2017-02-14 18:00:00,h1,1,Beijing,Prophet,210.166667,216.35497951811794,test
2017-02-14 18:00:00,2017-02-14 19:00:00,h1,1,Beijing,Prophet,215.833333,213.83016220860355,test
2017-02-14 19:00:00,2017-02-14 20:00:00,h1,1,Beijing,Prophet,221.25,222.75244964960143,test
2017-02-14 20:00:00,2017-02-14 21:00:00,h1,1,Beijing,Prophet,227.5,228.11250540771755,test
2017-02-14 21:00:00,2017-02-14 22:00:00,h1,1,Beijing,Prophet,227.75,232.00985451972622,test
2017-02-14 22:00:00,2017-02-14 23:00:00,h1,1,Beijing,Prophet,236.166667,225.70362966562035,test
2017-02-14 23:00:00,2017-02-15 00:00:00,h1,1,Beijing,Prophet,243.833333,235.9281118482391,test
2017-02-15 00:00:00,2017-02-15 01:00:00,h1,1,Beijing,Prophet,243.083333,247.46027684680558,test
2017-02-15 01:00:00,2017-02-15 02:00:00,h1,1,Beijing,Prophet,238.416667,242.60830050571877,test
2017-02-15 02:00:00,2017-02-15 03:00:00,h1,1,Beijing,Prophet,229.75,237.380421812059,test
2017-02-15 03:00:00,2017-02-15 04:00:00,h1,1,Beijing,Prophet,226.5,221.92556864490012,test
2017-02-15 04:00:00,2017-02-15 05:00:00,h1,1,Beijing,Prophet,227.166667,221.5464850739824,test
2017-02-15 05:00:00,2017-02-15 06:00:00,h1,1,Beijing,Prophet,229.666667,227.80658018227317,test
2017-02-15 06:00:00,2017-02-15 07:00:00,h1,1,Beijing,Prophet,226.083333,231.97493976710192,test
2017-02-15 07:00:00,2017-02-15 08:00:00,h1,1,Beijing,Prophet,224.25,228.45132817193203,test
2017-02-15 08:00:00,2017-02-15 09:00:00,h1,1,Beijing,Prophet,229.75,227.84649816711845,test
2017-02-15 09:00:00,2017-02-15 10:00:00,h1,1,Beijing,Prophet,214.666667,230.75871549275485,test
2017-02-15 10:00:00,2017-02-15 11:00:00,h1,1,Beijing,Prophet,223.833333,207.03266826716433,test
2017-02-15 11:00:00,2017-02-15 12:00:00,h1,1,Beijing,Prophet,241.166667,225.75636172262364,test
2017-02-15 12:00:00,2017-02-15 13:00:00,h1,1,Beijing,Prophet,208.0,246.14322412222614,test
2017-02-15 13:00:00,2017-02-15 14:00:00,h1,1,Beijing,Prophet,184.416667,202.49369166645303,test
2017-02-15 14:00:00,2017-02-15 15:00:00,h1,1,Beijing,Prophet,169.416667,180.0194285731562,test
2017-02-15 15:00:00,2017-02-15 16:00:00,h1,1,Beijing,Prophet,187.75,163.978732450668,test
2017-02-15 16:00:00,2017-02-15 17:00:00,h1,1,Beijing,Prophet,235.166667,193.59356338292469,test
2017-02-15 17:00:00,2017-02-15 18:00:00,h1,1,Beijing,Prophet,250.166667,248.06661641861388,test
2017-02-15 18:00:00,2017-02-15 19:00:00,h1,1,Beijing,Prophet,256.75,265.51316876807965,test
2017-02-15 19:00:00,2017-02-15 20:00:00,h1,1,Beijing,Prophet,261.916667,266.62159510728696,test
2017-02-15 20:00:00,2017-02-15 21:00:00,h1,1,Beijing,Prophet,261.666667,264.05588903375053,test
2017-02-15 21:00:00,2017-02-15 22:00:00,h1,1,Beijing,Prophet,267.166667,263.5160105948596,test
2017-02-15 22:00:00,2017-02-15 23:00:00,h1,1,Beijing,Prophet,265.861111,270.7557070594525,test
2017-02-15 23:00:00,2017-02-16 00:00:00,h1,1,Beijing,Prophet,263.555556,263.3291942121625,test
2017-02-16 00:00:00,2017-02-16 01:00:00,h1,1,Beijing,Prophet,261.916667,260.51251667437,test
2017-02-16 01:00:00,2017-02-16 02:00:00,h1,1,Beijing,Prophet,266.333333,256.1569970134644,test
2017-02-16 02:00:00,2017-02-16 03:00:00,h1,1,Beijing,Prophet,260.083333,260.7803750114005,test
2017-02-16 03:00:00,2017-02-16 04:00:00,h1,1,Beijing,Prophet,258.541667,252.25873485772493,test
2017-02-16 04:00:00,2017-02-16 05:00:00,h1,1,Beijing,Prophet,254.0,248.99384581880682,test
2017-02-16 05:00:00,2017-02-16 06:00:00,h1,1,Beijing,Prophet,246.25,244.94132029900476,test
2017-02-16 06:00:00,2017-02-16 07:00:00,h1,1,Beijing,Prophet,232.833333,237.8720777560685,test
2017-02-16 07:00:00,2017-02-16 08:00:00,h1,1,Beijing,Prophet,187.5,219.16525666309414,test
2017-02-16 08:00:00,2017-02-16 09:00:00,h1,1,Beijing,Prophet,137.583333,168.9039041763295,test
2017-02-16 09:00:00,2017-02-16 10:00:00,h1,1,Beijing,Prophet,70.25,117.00219365191153,test
2017-02-16 10:00:00,2017-02-16 11:00:00,h1,1,Beijing,Prophet,31.916667,41.91155626839152,test
2017-02-16 11:00:00,2017-02-16 12:00:00,h1,1,Beijing,Prophet,17.333333,20.2136472571769,test
2017-02-16 12:00:00,2017-02-16 13:00:00,h1,1,Beijing,Prophet,13.5,19.249858134795538,test
2017-02-16 13:00:00,2017-02-16 14:00:00,h1,1,Beijing,Prophet,11.916667,19.93504299658578,test
2017-02-16 14:00:00,2017-02-16 15:00:00,h1,1,Beijing,Prophet,8.833333,19.193964823726184,test
2017-02-16 15:00:00,2017-02-16 16:00:00,h1,1,Beijing,Prophet,7.416667,15.884597433700804,test
2017-02-16 16:00:00,2017-02-16 17:00:00,h1,1,Beijing,Prophet,9.583333,14.453450277060426,test
2017-02-16 17:00:00,2017-02-16 18:00:00,h1,1,Beijing,Prophet,9.416667,18.5679528001168,test
2017-02-16 18:00:00,2017-02-16 19:00:00,h1,1,Beijing,Prophet,10.75,18.021266510909506,test
2017-02-16 19:00:00,2017-02-16 20:00:00,h1,1,Beijing,Prophet,9.583333,20.003266928797572,test
2017-02-16 20:00:00,2017-02-16 21:00:00,h1,1,Beijing,Prophet,7.333333,17.090477681820275,test
2017-02-16 21:00:00,2017-02-16 22:00:00,h1,1,Beijing,Prophet,7.75,13.153979205680436,test
2017-02-16 22:00:00,2017-02-16 23:00:00,h1,1,Beijing,Prophet,6.416667,12.363557967001977,test
2017-02-16 23:00:00,2017-02-17 00:00:00,h1,1,Beijing,Prophet,6.0,9.520466105848634,test
2017-02-17 00:00:00,2017-02-17 01:00:00,h1,1,Beijing,Prophet,6.5,9.996593353263592,test
2017-02-17 01:00:00,2017-02-17 02:00:00,h1,1,Beijing,Prophet,6.333333,11.183284554382833,test
2017-02-17 02:00:00,2017-02-17 03:00:00,h1,1,Beijing,Prophet,6.833333,9.953469647636688,test
2017-02-17 03:00:00,2017-02-17 04:00:00,h1,1,Beijing,Prophet,8.166667,9.870675802246602,test
2017-02-17 04:00:00,2017-02-17 05:00:00,h1,1,Beijing,Prophet,7.666667,11.999685682895937,test
2017-02-17 05:00:00,2017-02-17 06:00:00,h1,1,Beijing,Prophet,7.833333,10.957046299047349,test
2017-02-17 06:00:00,2017-02-17 07:00:00,h1,1,Beijing,Prophet,9.333333,12.228926951751383,test
2017-02-17 07:00:00,2017-02-17 08:00:00,h1,1,Beijing,Prophet,9.583333,16.181218088073344,test
2017-02-17 08:00:00,2017-02-17 09:00:00,h1,1,Beijing,Prophet,9.916667,17.516414936221256,test
2017-02-17 09:00:00,2017-02-17 10:00:00,h1,1,Beijing,Prophet,6.916667,16.430821045168756,test
2017-02-17 10:00:00,2017-02-17 11:00:00,h1,1,Beijing,Prophet,6.75,11.661486678744769,test
2017-02-17 11:00:00,2017-02-17 12:00:00,h1,1,Beijing,Prophet,7.083333,11.541903600465066,test
2017-02-17 12:00:00,2017-02-17 13:00:00,h1,1,Beijing,Prophet,6.166667,13.540511676446549,test
2017-02-17 13:00:00,2017-02-17 14:00:00,h1,1,Beijing,Prophet,5.833333,12.763003279585753,test
2017-02-17 14:00:00,2017-02-17 15:00:00,h1,1,Beijing,Prophet,11.583333,13.418370811516542,test
2017-02-17 15:00:00,2017-02-17 16:00:00,h1,1,Beijing,Prophet,19.75,21.100090847183143,test
2017-02-17 16:00:00,2017-02-17 17:00:00,h1,1,Beijing,Prophet,33.416667,29.517978374262498,test
2017-02-17 17:00:00,2017-02-17 18:00:00,h1,1,Beijing,Prophet,44.333333,45.886051742707586,test
2017-02-17 18:00:00,2017-02-17 19:00:00,h1,1,Beijing,Prophet,57.25,57.26715659469117,test
2017-02-17 19:00:00,2017-02-17 20:00:00,h1,1,Beijing,Prophet,57.75,70.57725566036724,test
2017-02-17 20:00:00,2017-02-17 21:00:00,h1,1,Beijing,Prophet,58.333333,64.91782624183946,test
2017-02-17 21:00:00,2017-02-17 22:00:00,h1,1,Beijing,Prophet,57.833333,63.39052928175603,test
2017-02-17 22:00:00,2017-02-17 23:00:00,h1,1,Beijing,Prophet,58.0,60.481343174873395,test
2017-02-17 23:00:00,2017-02-18 00:00:00,h1,1,Beijing,Prophet,60.916667,59.850377667770374,test
2017-02-18 00:00:00,2017-02-18 01:00:00,h1,1,Beijing,Prophet,66.166667,64.02868321546991,test
2017-02-18 01:00:00,2017-02-18 02:00:00,h1,1,Beijing,Prophet,75.166667,70.8064324816485,test
2017-02-18 02:00:00,2017-02-18 03:00:00,h1,1,Beijing,Prophet,77.0,80.5305595753393,test
2017-02-18 03:00:00,2017-02-18 04:00:00,h1,1,Beijing,Prophet,79.666667,81.19180927048771,test
2017-02-18 04:00:00,2017-02-18 05:00:00,h1,1,Beijing,Prophet,72.5,84.2538261860988,test
2017-02-18 05:00:00,2017-02-18 06:00:00,h1,1,Beijing,Prophet,68.333333,74.87310815873059,test
2017-02-18 06:00:00,2017-02-18 07:00:00,h1,1,Beijing,Prophet,65.333333,73.90976546880798,test
2017-02-18 07:00:00,2017-02-18 08:00:00,h1,1,Beijing,Prophet,64.333333,72.80536823281616,test
2017-02-18 08:00:00,2017-02-18 09:00:00,h1,1,Beijing,Prophet,67.916667,72.22201601442025,test
2017-02-18 09:00:00,2017-02-18 10:00:00,h1,1,Beijing,Prophet,78.166667,75.36380802485793,test
2017-02-18 10:00:00,2017-02-18 11:00:00,h1,1,Beijing,Prophet,89.25,84.43705003379716,test
2017-02-18 11:00:00,2017-02-18 12:00:00,h1,1,Beijing,Prophet,91.0,95.96403284374838,test
2017-02-18 12:00:00,2017-02-18 13:00:00,h1,1,Beijing,Prophet,83.583333,95.33070094117289,test
2017-02-18 13:00:00,2017-02-18 14:00:00,h1,1,Beijing,Prophet,84.083333,85.2789247047303,test
2017-02-18 14:00:00,2017-02-18 15:00:00,h1,1,Beijing,Prophet,85.583333,86.62135048230746,test
2017-02-18 15:00:00,2017-02-18 16:00:00,h1,1,Beijing,Prophet,87.0,87.79925795499942,test
2017-02-18 16:00:00,2017-02-18 17:00:00,h1,1,Beijing,Prophet,79.0,88.19910421113738,test
2017-02-18 17:00:00,2017-02-18 18:00:00,h1,1,Beijing,Prophet,76.25,80.43892093743779,test
2017-02-18 18:00:00,2017-02-18 19:00:00,h1,1,Beijing,Prophet,95.25,82.00150765472927,test
2017-02-18 19:00:00,2017-02-18 20:00:00,h1,1,Beijing,Prophet,107.333333,109.30205622283326,test
2017-02-18 20:00:00,2017-02-18 21:00:00,h1,1,Beijing,Prophet,120.083333,116.45815130973597,test
2017-02-18 21:00:00,2017-02-18 22:00:00,h1,1,Beijing,Prophet,117.333333,125.09333147415096,test
2017-02-18 22:00:00,2017-02-18 23:00:00,h1,1,Beijing,Prophet,123.25,114.92798226283742,test
2017-02-18 23:00:00,2017-02-19 00:00:00,h1,1,Beijing,Prophet,129.666667,123.36427166582754,test
2017-02-19 00:00:00,2017-02-19 01:00:00,h1,1,Beijing,Prophet,133.0,130.8434293443002,test
2017-02-19 01:00:00,2017-02-19 02:00:00,h1,1,Beijing,Prophet,136.5,135.93851799943573,test
2017-02-19 02:00:00,2017-02-19 03:00:00,h1,1,Beijing,Prophet,142.666667,138.84008110360065,test
2017-02-19 03:00:00,2017-02-19 04:00:00,h1,1,Beijing,Prophet,146.583333,144.98478631479537,test
2017-02-19 04:00:00,2017-02-19 05:00:00,h1,1,Beijing,Prophet,151.25,150.4547445963651,test
2017-02-19 05:00:00,2017-02-19 06:00:00,h1,1,Beijing,Prophet,152.0,157.3569421352912,test
2017-02-19 06:00:00,2017-02-19 07:00:00,h1,1,Beijing,Prophet,152.583333,157.6572506179239,test
2017-02-19 07:00:00,2017-02-19 08:00:00,h1,1,Beijing,Prophet,149.25,159.22773076950125,test
2017-02-19 08:00:00,2017-02-19 09:00:00,h1,1,Beijing,Prophet,153.0,156.9882583091134,test
2017-02-19 09:00:00,2017-02-19 10:00:00,h1,1,Beijing,Prophet,155.75,161.75457197284237,test
2017-02-19 10:00:00,2017-02-19 11:00:00,h1,1,Beijing,Prophet,157.833333,156.8405327210031,test
2017-02-19 11:00:00,2017-02-19 12:00:00,h1,1,Beijing,Prophet,163.416667,152.81799990085324,test
2017-02-19 12:00:00,2017-02-19 13:00:00,h1,1,Beijing,Prophet,165.916667,160.78439677571612,test
2017-02-19 13:00:00,2017-02-19 14:00:00,h1,1,Beijing,Prophet,127.166667,165.4309904388158,test
2017-02-19 14:00:00,2017-02-19 15:00:00,h1,1,Beijing,Prophet,51.75,111.51903200677526,test
2017-02-19 15:00:00,2017-02-19 16:00:00,h1,1,Beijing,Prophet,13.333333,21.536778581075428,test
2017-02-19 16:00:00,2017-02-19 17:00:00,h1,1,Beijing,Prophet,9.416667,4.532677511617614,test
2017-02-19 17:00:00,2017-02-19 18:00:00,h1,1,Beijing,Prophet,9.25,16.86324102772306,test
2017-02-19 18:00:00,2017-02-19 19:00:00,h1,1,Beijing,Prophet,8.666667,18.31006604917337,test
2017-02-19 19:00:00,2017-02-19 20:00:00,h1,1,Beijing,Prophet,10.416667,16.49155799103883,test
2017-02-19 20:00:00,2017-02-19 21:00:00,h1,1,Beijing,Prophet,8.666667,16.37435705276322,test
2017-02-19 21:00:00,2017-02-19 22:00:00,h1,1,Beijing,Prophet,7.833333,12.45993767067819,test
2017-02-19 22:00:00,2017-02-19 23:00:00,h1,1,Beijing,Prophet,6.75,9.92942290435763,test
2017-02-19 23:00:00,2017-02-20 00:00:00,h1,1,Beijing,Prophet,6.25,8.336312368371068,test
2017-02-20 00:00:00,2017-02-20 01:00:00,h1,1,Beijing,Prophet,4.833333,8.921576926574474,test
2017-02-20 01:00:00,2017-02-20 02:00:00,h1,1,Beijing,Prophet,7.0,8.268196517781377,test
2017-02-20 02:00:00,2017-02-20 03:00:00,h1,1,Beijing,Prophet,6.0,10.979617177536174,test
2017-02-20 03:00:00,2017-02-20 04:00:00,h1,1,Beijing,Prophet,5.0,9.436695549139628,test
2017-02-20 04:00:00,2017-02-20 05:00:00,h1,1,Beijing,Prophet,6.083333,7.49093621730205,test
2017-02-20 05:00:00,2017-02-20 06:00:00,h1,1,Beijing,Prophet,5.583333,11.323895924512705,test
2017-02-20 06:00:00,2017-02-20 07:00:00,h1,1,Beijing,Prophet,4.75,11.813570743738303,test
2017-02-20 07:00:00,2017-02-20 08:00:00,h1,1,Beijing,Prophet,6.916667,11.872740746863844,test
2017-02-20 08:00:00,2017-02-20 09:00:00,h1,1,Beijing,Prophet,6.916667,16.23646239422741,test
2017-02-20 09:00:00,2017-02-20 10:00:00,h1,1,Beijing,Prophet,7.333333,14.58356786292384,test
2017-02-20 10:00:00,2017-02-20 11:00:00,h1,1,Beijing,Prophet,6.75,14.287128546427034,test
2017-02-20 11:00:00,2017-02-20 12:00:00,h1,1,Beijing,Prophet,8.5,11.856573594245411,test
2017-02-20 12:00:00,2017-02-20 13:00:00,h1,1,Beijing,Prophet,9.0,13.96958761062195,test
2017-02-20 13:00:00,2017-02-20 14:00:00,h1,1,Beijing,Prophet,9.75,15.35528273006489,test
2017-02-20 14:00:00,2017-02-20 15:00:00,h1,1,Beijing,Prophet,9.75,16.56732506392513,test
2017-02-20 15:00:00,2017-02-20 16:00:00,h1,1,Beijing,Prophet,9.75,18.17422930786174,test
2017-02-20 16:00:00,2017-02-20 17:00:00,h1,1,Beijing,Prophet,9.75,18.750891485391254,test
2017-02-20 17:00:00,2017-02-20 18:00:00,h1,1,Beijing,Prophet,13.625,18.775728736711045,test
2017-02-20 18:00:00,2017-02-20 19:00:00,h1,1,Beijing,Prophet,17.5,25.98555216126853,test
2017-02-20 19:00:00,2017-02-20 20:00:00,h1,1,Beijing,Prophet,21.333333,31.503832551042514,test
2017-02-20 20:00:00,2017-02-20 21:00:00,h1,1,Beijing,Prophet,25.583333,33.633290948801665,test
2017-02-20 21:00:00,2017-02-20 22:00:00,h1,1,Beijing,Prophet,29.583333,34.06239253267579,test
2017-02-20 22:00:00,2017-02-20 23:00:00,h1,1,Beijing,Prophet,39.25,36.21259117834459,test
2017-02-20 23:00:00,2017-02-21 00:00:00,h1,1,Beijing,Prophet,42.527778,45.56922910122782,test
2017-02-21 00:00:00,2017-02-21 01:00:00,h1,1,Beijing,Prophet,44.805556,49.67149234694602,test
2017-02-21 01:00:00,2017-02-21 02:00:00,h1,1,Beijing,Prophet,45.583333,51.97434218669812,test
2017-02-21 02:00:00,2017-02-21 03:00:00,h1,1,Beijing,Prophet,46.75,51.40941107178324,test
2017-02-21 03:00:00,2017-02-21 04:00:00,h1,1,Beijing,Prophet,55.583333,53.522190345613936,test
2017-02-21 04:00:00,2017-02-21 05:00:00,h1,1,Beijing,Prophet,64.833333,62.85203430629267,test
2017-02-21 05:00:00,2017-02-21 06:00:00,h1,1,Beijing,Prophet,74.083333,72.0090988056127,test
2017-02-21 06:00:00,2017-02-21 07:00:00,h1,1,Beijing,Prophet,73.472222,82.92284802344813,test
2017-02-21 07:00:00,2017-02-21 08:00:00,h1,1,Beijing,Prophet,75.694444,81.2110528107602,test
2017-02-21 08:00:00,2017-02-21 09:00:00,h1,1,Beijing,Prophet,78.25,84.75426562864169,test
2017-02-21 09:00:00,2017-02-21 10:00:00,h1,1,Beijing,Prophet,79.916667,85.14043799434131,test
2017-02-21 10:00:00,2017-02-21 11:00:00,h1,1,Beijing,Prophet,80.416667,86.00306592921746,test
2017-02-21 11:00:00,2017-02-21 12:00:00,h1,1,Beijing,Prophet,80.916667,85.83028270993206,test
2017-02-21 12:00:00,2017-02-21 13:00:00,h1,1,Beijing,Prophet,66.916667,85.52535428594219,test
2017-02-21 13:00:00,2017-02-21 14:00:00,h1,1,Beijing,Prophet,52.916667,64.99294539473553,test
2017-02-21 14:00:00,2017-02-21 15:00:00,h1,1,Beijing,Prophet,51.958333,56.139022583751455,test
2017-02-21 15:00:00,2017-02-21 16:00:00,h1,1,Beijing,Prophet,47.5,59.1004040247856,test
2017-02-21 16:00:00,2017-02-21 17:00:00,h1,1,Beijing,Prophet,47.791667,53.37381028579347,test
2017-02-21 17:00:00,2017-02-21 18:00:00,h1,1,Beijing,Prophet,46.916667,55.42454138955376,test
2017-02-21 18:00:00,2017-02-21 19:00:00,h1,1,Beijing,Prophet,52.416667,53.95821615304932,test
2017-02-21 19:00:00,2017-02-21 20:00:00,h1,1,Beijing,Prophet,62.583333,61.04703306771432,test
2017-02-21 20:00:00,2017-02-21 21:00:00,h1,1,Beijing,Prophet,66.75,70.37768089767215,test
2017-02-21 21:00:00,2017-02-21 22:00:00,h1,1,Beijing,Prophet,65.25,70.33672340407085,test
2017-02-21 22:00:00,2017-02-21 23:00:00,h1,1,Beijing,Prophet,67.666667,66.28663883174269,test
2017-02-21 23:00:00,2017-02-22 00:00:00,h1,1,Beijing,Prophet,10.916667,68.86380049336199,test
2017-02-23 00:00:00,2017-02-23 01:00:00,h1,1,Beijing,Prophet,11.666667,0.0,test
2017-02-23 01:00:00,2017-02-23 02:00:00,h1,1,Beijing,Prophet,11.083333,13.069359598534348,test
2017-02-23 02:00:00,2017-02-23 03:00:00,h1,1,Beijing,Prophet,10.25,18.71921894288576,test
2017-02-23 03:00:00,2017-02-23 04:00:00,h1,1,Beijing,Prophet,11.416667,17.435664344389373,test
2017-02-23 04:00:00,2017-02-23 05:00:00,h1,1,Beijing,Prophet,12.0,17.831509914886624,test
2017-02-23 05:00:00,2017-02-23 06:00:00,h1,1,Beijing,Prophet,12.083333,18.786497386603386,test
2017-02-23 06:00:00,2017-02-23 07:00:00,h1,1,Beijing,Prophet,11.25,20.594564226259887,test
2017-02-23 07:00:00,2017-02-23 08:00:00,h1,1,Beijing,Prophet,14.166667,21.31519220767881,test
2017-02-23 08:00:00,2017-02-23 09:00:00,h1,1,Beijing,Prophet,15.166667,26.542851711036224,test
2017-02-23 09:00:00,2017-02-23 10:00:00,h1,1,Beijing,Prophet,13.666667,24.742476404301435,test
2017-02-23 10:00:00,2017-02-23 11:00:00,h1,1,Beijing,Prophet,11.75,21.007529060187867,test
2017-02-23 11:00:00,2017-02-23 12:00:00,h1,1,Beijing,Prophet,10.5,19.353749092996782,test
2017-02-23 12:00:00,2017-02-23 13:00:00,h1,1,Beijing,Prophet,10.75,18.86984669958266,test
2017-02-23 13:00:00,2017-02-23 14:00:00,h1,1,Beijing,Prophet,8.666667,19.98682152596686,test
2017-02-23 14:00:00,2017-02-23 15:00:00,h1,1,Beijing,Prophet,15.5,17.16871947468731,test
2017-02-23 15:00:00,2017-02-23 16:00:00,h1,1,Beijing,Prophet,23.222222,26.67265026851564,test
2017-02-23 16:00:00,2017-02-23 17:00:00,h1,1,Beijing,Prophet,21.277778,34.34224783589928,test
2017-02-23 17:00:00,2017-02-23 18:00:00,h1,1,Beijing,Prophet,20.0,29.35764950361399,test
2017-02-23 18:00:00,2017-02-23 19:00:00,h1,1,Beijing,Prophet,21.416667,30.515609604289082,test
2017-02-23 19:00:00,2017-02-23 20:00:00,h1,1,Beijing,Prophet,31.416667,34.14000507616208,test
2017-02-23 20:00:00,2017-02-23 21:00:00,h1,1,Beijing,Prophet,32.333333,44.301034900014606,test
2017-02-23 21:00:00,2017-02-23 22:00:00,h1,1,Beijing,Prophet,34.25,39.6514643196722,test
2017-02-23 22:00:00,2017-02-23 23:00:00,h1,1,Beijing,Prophet,41.333333,40.00709467745716,test
2017-02-23 23:00:00,2017-02-24 00:00:00,h1,1,Beijing,Prophet,46.666667,48.106745976871764,test
2017-02-24 00:00:00,2017-02-24 01:00:00,h1,1,Beijing,Prophet,49.333333,55.82831668307342,test
2017-02-24 01:00:00,2017-02-24 02:00:00,h1,1,Beijing,Prophet,52.0,58.86471100792236,test
2017-02-24 02:00:00,2017-02-24 03:00:00,h1,1,Beijing,Prophet,52.416667,59.35485126842214,test
2017-02-24 03:00:00,2017-02-24 04:00:00,h1,1,Beijing,Prophet,49.5,59.008095796529915,test
2017-02-24 04:00:00,2017-02-24 05:00:00,h1,1,Beijing,Prophet,44.416667,53.96994730500802,test
2017-02-24 05:00:00,2017-02-24 06:00:00,h1,1,Beijing,Prophet,34.416667,49.680427425853296,test
2017-02-24 06:00:00,2017-02-24 07:00:00,h1,1,Beijing,Prophet,26.583333,39.51828318269776,test
2017-02-24 07:00:00,2017-02-24 08:00:00,h1,1,Beijing,Prophet,23.583333,34.38278992324324,test
2017-02-24 08:00:00,2017-02-24 09:00:00,h1,1,Beijing,Prophet,20.75,33.74485476815953,test
2017-02-24 09:00:00,2017-02-24 10:00:00,h1,1,Beijing,Prophet,19.25,27.9095233798648,test
2017-02-24 10:00:00,2017-02-24 11:00:00,h1,1,Beijing,Prophet,15.5,25.200695931245946,test
2017-02-24 11:00:00,2017-02-24 12:00:00,h1,1,Beijing,Prophet,15.25,22.018210791499648,test
2017-02-24 12:00:00,2017-02-24 13:00:00,h1,1,Beijing,Prophet,14.416667,23.38367231362838,test
2017-02-24 13:00:00,2017-02-24 14:00:00,h1,1,Beijing,Prophet,17.458333,22.816794648581723,test
2017-02-24 14:00:00,2017-02-24 15:00:00,h1,1,Beijing,Prophet,18.583333,27.51500810856121,test
2017-02-24 15:00:00,2017-02-24 16:00:00,h1,1,Beijing,Prophet,17.166667,27.80340305988435,test
2017-02-24 16:00:00,2017-02-24 17:00:00,h1,1,Beijing,Prophet,14.916667,25.6291902978034,test
2017-02-24 17:00:00,2017-02-24 18:00:00,h1,1,Beijing,Prophet,13.916667,23.785392557955685,test
2017-02-24 18:00:00,2017-02-24 19:00:00,h1,1,Beijing,Prophet,15.75,25.03304500726557,test
2017-02-24 19:00:00,2017-02-24 20:00:00,h1,1,Beijing,Prophet,12.5,27.217837421551273,test
2017-02-24 20:00:00,2017-02-24 21:00:00,h1,1,Beijing,Prophet,10.5,21.335814070413814,test
2017-02-24 21:00:00,2017-02-24 22:00:00,h1,1,Beijing,Prophet,12.083333,18.222348617028747,test
2017-02-24 22:00:00,2017-02-24 23:00:00,h1,1,Beijing,Prophet,13.25,19.83387850655446,test
2017-02-24 23:00:00,2017-02-25 00:00:00,h1,1,Beijing,Prophet,12.833333,21.091238142275927,test
2017-02-25 00:00:00,2017-02-25 01:00:00,h1,1,Beijing,Prophet,10.416667,19.27868896450722,test
2017-02-25 01:00:00,2017-02-25 02:00:00,h1,1,Beijing,Prophet,8.916667,16.17779385984161,test
2017-02-25 02:00:00,2017-02-25 03:00:00,h1,1,Beijing,Prophet,7.75,15.27391010546311,test
2017-02-25 03:00:00,2017-02-25 04:00:00,h1,1,Beijing,Prophet,7.916667,14.565562748515699,test
2017-02-25 04:00:00,2017-02-25 05:00:00,h1,1,Beijing,Prophet,7.166667,14.960288001952367,test
2017-02-25 05:00:00,2017-02-25 06:00:00,h1,1,Beijing,Prophet,6.0,14.829777027062452,test
2017-02-25 06:00:00,2017-02-25 07:00:00,h1,1,Beijing,Prophet,8.5,14.936787901270549,test
2017-02-25 07:00:00,2017-02-25 08:00:00,h1,1,Beijing,Prophet,12.75,20.483538048482053,test
2017-02-25 08:00:00,2017-02-25 09:00:00,h1,1,Beijing,Prophet,12.666667,26.599471696432396,test
2017-02-25 09:00:00,2017-02-25 10:00:00,h1,1,Beijing,Prophet,12.5,20.38910697343253,test
2017-02-25 10:00:00,2017-02-25 11:00:00,h1,1,Beijing,Prophet,12.083333,19.620896607732796,test
2017-02-25 11:00:00,2017-02-25 12:00:00,h1,1,Beijing,Prophet,9.916667,19.912582481593493,test
2017-02-25 12:00:00,2017-02-25 13:00:00,h1,1,Beijing,Prophet,10.5,17.670666376766533,test
2017-02-25 13:00:00,2017-02-25 14:00:00,h1,1,Beijing,Prophet,10.916667,19.014434760943672,test
2017-02-25 14:00:00,2017-02-25 15:00:00,h1,1,Beijing,Prophet,9.166667,19.886716646066617,test
2017-02-25 15:00:00,2017-02-25 16:00:00,h1,1,Beijing,Prophet,9.916667,17.810914349201227,test
2017-02-25 16:00:00,2017-02-25 17:00:00,h1,1,Beijing,Prophet,11.458333,19.315842904713893,test
2017-02-25 17:00:00,2017-02-25 18:00:00,h1,1,Beijing,Prophet,11.708333,22.525868372888304,test
2017-02-25 18:00:00,2017-02-25 19:00:00,h1,1,Beijing,Prophet,13.666667,24.087737678970722,test
2017-02-25 19:00:00,2017-02-25 20:00:00,h1,1,Beijing,Prophet,17.5,26.825869965272304,test
2017-02-25 20:00:00,2017-02-25 21:00:00,h1,1,Beijing,Prophet,16.75,30.216746569293626,test
2017-02-25 21:00:00,2017-02-25 22:00:00,h1,1,Beijing,Prophet,17.0,24.590100628805907,test
2017-02-25 22:00:00,2017-02-25 23:00:00,h1,1,Beijing,Prophet,14.583333,24.04008491489135,test
2017-02-25 23:00:00,2017-02-26 00:00:00,h1,1,Beijing,Prophet,16.875,21.40725625400915,test
2017-02-26 00:00:00,2017-02-26 01:00:00,h1,1,Beijing,Prophet,19.75,26.934672660033154,test
2017-02-26 01:00:00,2017-02-26 02:00:00,h1,1,Beijing,Prophet,18.333333,29.34026214069651,test
2017-02-26 02:00:00,2017-02-26 03:00:00,h1,1,Beijing,Prophet,18.666667,26.674308083741213,test
2017-02-26 03:00:00,2017-02-26 04:00:00,h1,1,Beijing,Prophet,17.333333,26.535975837016288,test
2017-02-26 04:00:00,2017-02-26 05:00:00,h1,1,Beijing,Prophet,19.416667,24.733748953659134,test
2017-02-26 05:00:00,2017-02-26 06:00:00,h1,1,Beijing,Prophet,20.916667,28.397659332407482,test
2017-02-26 06:00:00,2017-02-26 07:00:00,h1,1,Beijing,Prophet,21.583333,29.481785124090884,test
2017-02-26 07:00:00,2017-02-26 08:00:00,h1,1,Beijing,Prophet,23.75,32.722129143196256,test
2017-02-26 08:00:00,2017-02-26 09:00:00,h1,1,Beijing,Prophet,23.166667,36.970214388835466,test
2017-02-26 09:00:00,2017-02-26 10:00:00,h1,1,Beijing,Prophet,24.916667,31.640592567301532,test
2017-02-26 10:00:00,2017-02-26 11:00:00,h1,1,Beijing,Prophet,24.583333,33.24890198323418,test
2017-02-26 11:00:00,2017-02-26 12:00:00,h1,1,Beijing,Prophet,22.25,32.88600887559168,test
2017-02-26 12:00:00,2017-02-26 13:00:00,h1,1,Beijing,Prophet,22.583333,30.648962354899478,test
2017-02-26 13:00:00,2017-02-26 14:00:00,h1,1,Beijing,Prophet,23.958333,32.2451606812868,test
2017-02-26 14:00:00,2017-02-26 15:00:00,h1,1,Beijing,Prophet,23.666667,34.25826271098902,test
2017-02-26 15:00:00,2017-02-26 16:00:00,h1,1,Beijing,Prophet,27.0,33.53126853514621,test
2017-02-26 16:00:00,2017-02-26 17:00:00,h1,1,Beijing,Prophet,27.25,36.59645600640411,test
2017-02-26 17:00:00,2017-02-26 18:00:00,h1,1,Beijing,Prophet,29.5,36.78150368436297,test
2017-02-26 18:00:00,2017-02-26 19:00:00,h1,1,Beijing,Prophet,35.75,40.885380321569876,test
2017-02-26 19:00:00,2017-02-26 20:00:00,h1,1,Beijing,Prophet,42.25,48.276718081613474,test
2017-02-26 20:00:00,2017-02-26 21:00:00,h1,1,Beijing,Prophet,52.5,53.81907328047005,test
2017-02-26 21:00:00,2017-02-26 22:00:00,h1,1,Beijing,Prophet,54.083333,63.27938487241254,test
2017-02-26 22:00:00,2017-02-26 23:00:00,h1,1,Beijing,Prophet,54.833333,60.564160046935996,test
