forecast_origin_time,target_time,task,horizon_hours,city,model,y_true,y_pred,split
2016-05-13 04:00:00,2016-05-13 05:00:00,h1,1,Beijing,XGBoost,20.25,21.249908447265625,test
2016-05-13 05:00:00,2016-05-13 06:00:00,h1,1,Beijing,XGBoost,18.055556,20.846269607543945,test
2016-05-13 06:00:00,2016-05-13 07:00:00,h1,1,Beijing,XGBoost,25.027778,18.782371520996094,test
2016-05-13 07:00:00,2016-05-13 08:00:00,h1,1,Beijing,XGBoost,31.083333,27.17246437072754,test
2016-05-13 08:00:00,2016-05-13 09:00:00,h1,1,Beijing,XGBoost,37.25,35.81826400756836,test
2016-05-13 09:00:00,2016-05-13 10:00:00,h1,1,Beijing,XGBoost,38.583333,42.195640563964844,test
2016-05-13 10:00:00,2016-05-13 11:00:00,h1,1,Beijing,XGBoost,36.583333,39.868343353271484,test
2016-05-13 11:00:00,2016-05-13 12:00:00,h1,1,Beijing,XGBoost,31.333333,34.71665954589844,test
2016-05-13 12:00:00,2016-05-13 13:00:00,h1,1,Beijing,XGBoost,30.333333,27.67969512939453,test
2016-05-13 13:00:00,2016-05-13 14:00:00,h1,1,Beijing,XGBoost,39.25,29.53315544128418,test
2016-05-13 14:00:00,2016-05-13 15:00:00,h1,1,Beijing,XGBoost,40.083333,43.144832611083984,test
2016-05-13 15:00:00,2016-05-13 16:00:00,h1,1,Beijing,XGBoost,43.416667,42.293052673339844,test
2016-05-13 16:00:00,2016-05-13 17:00:00,h1,1,Beijing,XGBoost,42.416667,45.276283264160156,test
2016-05-13 17:00:00,2016-05-13 18:00:00,h1,1,Beijing,XGBoost,32.666667,43.17116165161133,test
2016-05-13 18:00:00,2016-05-13 19:00:00,h1,1,Beijing,XGBoost,29.25,32.77839660644531,test
2016-05-13 19:00:00,2016-05-13 20:00:00,h1,1,Beijing,XGBoost,27.833333,29.205610275268555,test
2016-05-13 20:00:00,2016-05-13 21:00:00,h1,1,Beijing,XGBoost,30.083333,28.284746170043945,test
2016-05-13 21:00:00,2016-05-13 22:00:00,h1,1,Beijing,XGBoost,34.25,32.13737106323242,test
2016-05-13 22:00:00,2016-05-13 23:00:00,h1,1,Beijing,XGBoost,35.916667,37.802818298339844,test
2016-05-13 23:00:00,2016-05-14 00:00:00,h1,1,Beijing,XGBoost,38.75,36.89562225341797,test
2016-05-14 00:00:00,2016-05-14 01:00:00,h1,1,Beijing,XGBoost,40.916667,40.8759651184082,test
2016-05-14 01:00:00,2016-05-14 02:00:00,h1,1,Beijing,XGBoost,45.5,41.30970764160156,test
2016-05-14 02:00:00,2016-05-14 03:00:00,h1,1,Beijing,XGBoost,39.833333,48.752708435058594,test
2016-05-14 03:00:00,2016-05-14 04:00:00,h1,1,Beijing,XGBoost,22.333333,37.69704818725586,test
2016-05-14 04:00:00,2016-05-14 05:00:00,h1,1,Beijing,XGBoost,21.583333,12.16094970703125,test
2016-05-14 05:00:00,2016-05-14 06:00:00,h1,1,Beijing,XGBoost,21.194444,19.91665267944336,test
2016-05-14 06:00:00,2016-05-14 07:00:00,h1,1,Beijing,XGBoost,25.347222,23.060293197631836,test
2016-05-14 07:00:00,2016-05-14 08:00:00,h1,1,Beijing,XGBoost,28.75,27.036479949951172,test
2016-05-14 08:00:00,2016-05-14 09:00:00,h1,1,Beijing,XGBoost,30.083333,32.40769958496094,test
2016-05-14 09:00:00,2016-05-14 10:00:00,h1,1,Beijing,XGBoost,34.083333,30.972713470458984,test
2016-05-14 10:00:00,2016-05-14 11:00:00,h1,1,Beijing,XGBoost,36.333333,37.05701446533203,test
2016-05-14 11:00:00,2016-05-14 12:00:00,h1,1,Beijing,XGBoost,36.333333,36.66241455078125,test
2016-05-14 12:00:00,2016-05-14 13:00:00,h1,1,Beijing,XGBoost,40.333333,38.086761474609375,test
2016-05-14 13:00:00,2016-05-14 14:00:00,h1,1,Beijing,XGBoost,39.916667,41.24761962890625,test
2016-05-14 14:00:00,2016-05-14 15:00:00,h1,1,Beijing,XGBoost,40.833333,40.53795623779297,test
2016-05-14 15:00:00,2016-05-14 16:00:00,h1,1,Beijing,XGBoost,40.333333,41.898719787597656,test
2016-05-14 16:00:00,2016-05-14 17:00:00,h1,1,Beijing,XGBoost,41.583333,41.5290641784668,test
2016-05-14 17:00:00,2016-05-14 18:00:00,h1,1,Beijing,XGBoost,44.5,44.35966491699219,test
2016-05-14 18:00:00,2016-05-14 19:00:00,h1,1,Beijing,XGBoost,47.416667,48.33693313598633,test
2016-05-14 19:00:00,2016-05-14 20:00:00,h1,1,Beijing,XGBoost,48.5,50.79506301879883,test
2016-05-14 20:00:00,2016-05-14 21:00:00,h1,1,Beijing,XGBoost,54.833333,51.284423828125,test
2016-05-14 21:00:00,2016-05-14 22:00:00,h1,1,Beijing,XGBoost,59.0,58.513614654541016,test
2016-05-14 22:00:00,2016-05-14 23:00:00,h1,1,Beijing,XGBoost,64.25,61.690067291259766,test
2016-05-14 23:00:00,2016-05-15 00:00:00,h1,1,Beijing,XGBoost,65.583333,67.73509979248047,test
2016-05-15 00:00:00,2016-05-15 01:00:00,h1,1,Beijing,XGBoost,68.083333,68.09888458251953,test
2016-05-15 01:00:00,2016-05-15 02:00:00,h1,1,Beijing,XGBoost,67.666667,69.82506561279297,test
2016-05-15 02:00:00,2016-05-15 03:00:00,h1,1,Beijing,XGBoost,66.416667,66.72058868408203,test
2016-05-15 03:00:00,2016-05-15 04:00:00,h1,1,Beijing,XGBoost,63.333333,64.01252746582031,test
2016-05-15 04:00:00,2016-05-15 05:00:00,h1,1,Beijing,XGBoost,63.583333,61.3206787109375,test
2016-05-15 05:00:00,2016-05-15 06:00:00,h1,1,Beijing,XGBoost,58.25,64.21514892578125,test
2016-05-15 06:00:00,2016-05-15 07:00:00,h1,1,Beijing,XGBoost,51.583333,55.95545959472656,test
2016-05-15 07:00:00,2016-05-15 08:00:00,h1,1,Beijing,XGBoost,36.666667,53.502655029296875,test
2016-05-15 08:00:00,2016-05-15 09:00:00,h1,1,Beijing,XGBoost,21.583333,31.668701171875,test
2016-05-15 09:00:00,2016-05-15 10:00:00,h1,1,Beijing,XGBoost,14.666667,15.206217765808105,test
2016-05-15 10:00:00,2016-05-15 11:00:00,h1,1,Beijing,XGBoost,13.791667,13.601546287536621,test
2016-05-15 11:00:00,2016-05-15 12:00:00,h1,1,Beijing,XGBoost,8.5,12.362955093383789,test
2016-05-15 12:00:00,2016-05-15 13:00:00,h1,1,Beijing,XGBoost,9.166667,11.592435836791992,test
2016-05-15 13:00:00,2016-05-15 14:00:00,h1,1,Beijing,XGBoost,12.333333,10.943233489990234,test
2016-05-15 14:00:00,2016-05-15 15:00:00,h1,1,Beijing,XGBoost,8.75,13.237932205200195,test
2016-05-15 15:00:00,2016-05-15 16:00:00,h1,1,Beijing,XGBoost,8.333333,10.633387565612793,test
2016-05-15 16:00:00,2016-05-15 17:00:00,h1,1,Beijing,XGBoost,7.833333,8.778690338134766,test
2016-05-15 17:00:00,2016-05-15 18:00:00,h1,1,Beijing,XGBoost,8.0,9.12783432006836,test
2016-05-15 18:00:00,2016-05-15 19:00:00,h1,1,Beijing,XGBoost,14.416667,10.323400497436523,test
2016-05-15 19:00:00,2016-05-15 20:00:00,h1,1,Beijing,XGBoost,15.833333,21.47201919555664,test
2016-05-15 20:00:00,2016-05-15 21:00:00,h1,1,Beijing,XGBoost,36.0,21.489225387573242,test
2016-05-15 21:00:00,2016-05-15 22:00:00,h1,1,Beijing,XGBoost,30.833333,42.88203048706055,test
2016-05-15 22:00:00,2016-05-15 23:00:00,h1,1,Beijing,XGBoost,42.416667,33.5140495300293,test
2016-05-15 23:00:00,2016-05-16 00:00:00,h1,1,Beijing,XGBoost,43.5,49.83448791503906,test
2016-05-16 00:00:00,2016-05-16 01:00:00,h1,1,Beijing,XGBoost,24.833333,47.396240234375,test
2016-05-16 01:00:00,2016-05-16 02:00:00,h1,1,Beijing,XGBoost,17.583333,19.195037841796875,test
2016-05-16 02:00:00,2016-05-16 03:00:00,h1,1,Beijing,XGBoost,14.333333,16.277095794677734,test
2016-05-16 03:00:00,2016-05-16 04:00:00,h1,1,Beijing,XGBoost,21.25,23.79180145263672,test
2016-05-16 04:00:00,2016-05-16 05:00:00,h1,1,Beijing,XGBoost,20.083333,27.081680297851562,test
2016-05-16 05:00:00,2016-05-16 06:00:00,h1,1,Beijing,XGBoost,24.666667,21.195476531982422,test
2016-05-16 06:00:00,2016-05-16 07:00:00,h1,1,Beijing,XGBoost,30.416667,28.559934616088867,test
2016-05-16 07:00:00,2016-05-16 08:00:00,h1,1,Beijing,XGBoost,37.25,34.683658599853516,test
2016-05-16 08:00:00,2016-05-16 09:00:00,h1,1,Beijing,XGBoost,28.666667,42.883243560791016,test
2016-05-16 09:00:00,2016-05-16 10:00:00,h1,1,Beijing,XGBoost,31.75,23.718843460083008,test
2016-05-16 10:00:00,2016-05-16 11:00:00,h1,1,Beijing,XGBoost,23.5,31.467300415039062,test
2016-05-16 11:00:00,2016-05-16 12:00:00,h1,1,Beijing,XGBoost,21.583333,20.369007110595703,test
2016-05-16 12:00:00,2016-05-16 13:00:00,h1,1,Beijing,XGBoost,22.25,19.93617820739746,test
2016-05-16 13:00:00,2016-05-16 14:00:00,h1,1,Beijing,XGBoost,19.666667,24.117765426635742,test
2016-05-16 14:00:00,2016-05-16 15:00:00,h1,1,Beijing,XGBoost,12.0,19.002107620239258,test
2016-05-16 15:00:00,2016-05-16 16:00:00,h1,1,Beijing,XGBoost,10.805556,13.48922061920166,test
2016-05-16 16:00:00,2016-05-16 17:00:00,h1,1,Beijing,XGBoost,10.527778,11.91784954071045,test
2016-05-16 17:00:00,2016-05-16 18:00:00,h1,1,Beijing,XGBoost,12.833333,11.024089813232422,test
2016-05-16 18:00:00,2016-05-16 19:00:00,h1,1,Beijing,XGBoost,17.666667,14.051993370056152,test
2016-05-16 19:00:00,2016-05-16 20:00:00,h1,1,Beijing,XGBoost,18.916667,22.29641342163086,test
2016-05-16 20:00:00,2016-05-16 21:00:00,h1,1,Beijing,XGBoost,23.916667,19.689674377441406,test
2016-05-16 21:00:00,2016-05-16 22:00:00,h1,1,Beijing,XGBoost,27.25,26.90665054321289,test
2016-05-16 22:00:00,2016-05-16 23:00:00,h1,1,Beijing,XGBoost,32.916667,30.609148025512695,test
2016-05-16 23:00:00,2016-05-17 00:00:00,h1,1,Beijing,XGBoost,34.083333,36.46187973022461,test
2016-05-17 00:00:00,2016-05-17 01:00:00,h1,1,Beijing,XGBoost,36.166667,36.665184020996094,test
2016-05-17 01:00:00,2016-05-17 02:00:00,h1,1,Beijing,XGBoost,37.416667,36.978946685791016,test
2016-05-17 02:00:00,2016-05-17 03:00:00,h1,1,Beijing,XGBoost,36.166667,39.28124237060547,test
2016-05-17 03:00:00,2016-05-17 04:00:00,h1,1,Beijing,XGBoost,32.416667,37.62899398803711,test
2016-05-17 04:00:00,2016-05-17 05:00:00,h1,1,Beijing,XGBoost,34.75,31.891468048095703,test
2016-05-17 05:00:00,2016-05-17 06:00:00,h1,1,Beijing,XGBoost,35.166667,36.729942321777344,test
2016-05-17 06:00:00,2016-05-17 07:00:00,h1,1,Beijing,XGBoost,40.25,36.455406188964844,test
2016-05-17 07:00:00,2016-05-17 08:00:00,h1,1,Beijing,XGBoost,51.833333,43.70872497558594,test
2016-05-17 08:00:00,2016-05-17 09:00:00,h1,1,Beijing,XGBoost,57.5,57.93587112426758,test
2016-05-17 09:00:00,2016-05-17 10:00:00,h1,1,Beijing,XGBoost,63.75,60.41651916503906,test
2016-05-17 10:00:00,2016-05-17 11:00:00,h1,1,Beijing,XGBoost,70.583333,66.56637573242188,test
2016-05-17 11:00:00,2016-05-17 12:00:00,h1,1,Beijing,XGBoost,82.75,73.411865234375,test
2016-05-17 12:00:00,2016-05-17 13:00:00,h1,1,Beijing,XGBoost,89.916667,90.1913070678711,test
2016-05-17 13:00:00,2016-05-17 14:00:00,h1,1,Beijing,XGBoost,86.833333,85.55406951904297,test
2016-05-17 14:00:00,2016-05-17 15:00:00,h1,1,Beijing,XGBoost,82.083333,82.16669464111328,test
2016-05-17 15:00:00,2016-05-17 16:00:00,h1,1,Beijing,XGBoost,66.583333,74.57048034667969,test
2016-05-17 16:00:00,2016-05-17 17:00:00,h1,1,Beijing,XGBoost,58.083333,59.00999450683594,test
2016-05-17 17:00:00,2016-05-17 18:00:00,h1,1,Beijing,XGBoost,58.0,50.13764190673828,test
2016-05-17 18:00:00,2016-05-17 19:00:00,h1,1,Beijing,XGBoost,68.083333,56.99413299560547,test
2016-05-17 19:00:00,2016-05-17 20:00:00,h1,1,Beijing,XGBoost,64.75,74.33377838134766,test
2016-05-17 20:00:00,2016-05-17 21:00:00,h1,1,Beijing,XGBoost,60.833333,62.57973098754883,test
2016-05-17 21:00:00,2016-05-17 22:00:00,h1,1,Beijing,XGBoost,53.583333,55.81726837158203,test
2016-05-17 22:00:00,2016-05-17 23:00:00,h1,1,Beijing,XGBoost,48.916667,50.412994384765625,test
2016-05-17 23:00:00,2016-05-18 00:00:00,h1,1,Beijing,XGBoost,45.75,49.55837631225586,test
2016-05-18 00:00:00,2016-05-18 01:00:00,h1,1,Beijing,XGBoost,45.833333,44.58944320678711,test
2016-05-18 01:00:00,2016-05-18 02:00:00,h1,1,Beijing,XGBoost,49.083333,46.926292419433594,test
2016-05-18 02:00:00,2016-05-18 03:00:00,h1,1,Beijing,XGBoost,50.333333,51.877559661865234,test
2016-05-18 03:00:00,2016-05-18 04:00:00,h1,1,Beijing,XGBoost,50.75,51.83243942260742,test
2016-05-18 04:00:00,2016-05-18 05:00:00,h1,1,Beijing,XGBoost,55.0,50.2922248840332,test
2016-05-18 05:00:00,2016-05-18 06:00:00,h1,1,Beijing,XGBoost,56.333333,58.10083770751953,test
2016-05-18 06:00:00,2016-05-18 07:00:00,h1,1,Beijing,XGBoost,62.666667,59.931148529052734,test
2016-05-18 07:00:00,2016-05-18 08:00:00,h1,1,Beijing,XGBoost,71.833333,70.53484344482422,test
2016-05-18 08:00:00,2016-05-18 09:00:00,h1,1,Beijing,XGBoost,75.083333,76.46904754638672,test
2016-05-18 09:00:00,2016-05-18 10:00:00,h1,1,Beijing,XGBoost,78.75,76.21942901611328,test
2016-05-18 10:00:00,2016-05-18 11:00:00,h1,1,Beijing,XGBoost,82.083333,82.74517059326172,test
2016-05-18 11:00:00,2016-05-18 12:00:00,h1,1,Beijing,XGBoost,73.0,81.35819244384766,test
2016-05-18 12:00:00,2016-05-18 13:00:00,h1,1,Beijing,XGBoost,58.416667,62.65457534790039,test
2016-05-18 13:00:00,2016-05-18 14:00:00,h1,1,Beijing,XGBoost,51.083333,48.086307525634766,test
2016-05-18 14:00:00,2016-05-18 15:00:00,h1,1,Beijing,XGBoost,49.583333,45.80376434326172,test
2016-05-18 15:00:00,2016-05-18 16:00:00,h1,1,Beijing,XGBoost,49.083333,47.39570617675781,test
2016-05-18 16:00:00,2016-05-18 17:00:00,h1,1,Beijing,XGBoost,47.75,49.10826110839844,test
2016-05-18 17:00:00,2016-05-18 18:00:00,h1,1,Beijing,XGBoost,51.0,48.03962707519531,test
2016-05-18 18:00:00,2016-05-18 19:00:00,h1,1,Beijing,XGBoost,54.416667,54.0225715637207,test
2016-05-18 19:00:00,2016-05-18 20:00:00,h1,1,Beijing,XGBoost,56.416667,56.929447174072266,test
2016-05-18 20:00:00,2016-05-18 21:00:00,h1,1,Beijing,XGBoost,61.666667,60.311153411865234,test
2016-05-18 21:00:00,2016-05-18 22:00:00,h1,1,Beijing,XGBoost,66.75,67.88700103759766,test
2016-05-18 22:00:00,2016-05-18 23:00:00,h1,1,Beijing,XGBoost,72.583333,69.53837585449219,test
2016-05-18 23:00:00,2016-05-19 00:00:00,h1,1,Beijing,XGBoost,78.083333,74.55654907226562,test
2016-05-19 00:00:00,2016-05-19 01:00:00,h1,1,Beijing,XGBoost,78.5,80.05399322509766,test
2016-05-19 01:00:00,2016-05-19 02:00:00,h1,1,Beijing,XGBoost,82.5,79.61003875732422,test
2016-05-19 02:00:00,2016-05-19 03:00:00,h1,1,Beijing,XGBoost,82.666667,84.7773208618164,test
2016-05-19 03:00:00,2016-05-19 04:00:00,h1,1,Beijing,XGBoost,87.083333,85.0767822265625,test
2016-05-19 04:00:00,2016-05-19 05:00:00,h1,1,Beijing,XGBoost,90.583333,90.61260986328125,test
2016-05-19 05:00:00,2016-05-19 06:00:00,h1,1,Beijing,XGBoost,97.916667,92.4210205078125,test
2016-05-19 06:00:00,2016-05-19 07:00:00,h1,1,Beijing,XGBoost,104.833333,103.01884460449219,test
2016-05-19 07:00:00,2016-05-19 08:00:00,h1,1,Beijing,XGBoost,115.416667,110.81709289550781,test
2016-05-19 08:00:00,2016-05-19 09:00:00,h1,1,Beijing,XGBoost,116.5,126.4840087890625,test
2016-05-19 09:00:00,2016-05-19 10:00:00,h1,1,Beijing,XGBoost,113.833333,115.91959381103516,test
2016-05-19 10:00:00,2016-05-19 11:00:00,h1,1,Beijing,XGBoost,108.416667,106.07047271728516,test
2016-05-19 11:00:00,2016-05-19 12:00:00,h1,1,Beijing,XGBoost,94.0,93.97786712646484,test
2016-05-19 12:00:00,2016-05-19 13:00:00,h1,1,Beijing,XGBoost,84.111111,80.66201782226562,test
2016-05-19 13:00:00,2016-05-19 14:00:00,h1,1,Beijing,XGBoost,76.638889,78.34430694580078,test
2016-05-19 14:00:00,2016-05-19 15:00:00,h1,1,Beijing,XGBoost,68.833333,75.37821197509766,test
2016-05-19 15:00:00,2016-05-19 16:00:00,h1,1,Beijing,XGBoost,64.666667,63.411285400390625,test
2016-05-19 16:00:00,2016-05-19 17:00:00,h1,1,Beijing,XGBoost,60.416667,62.87320327758789,test
2016-05-19 17:00:00,2016-05-19 18:00:00,h1,1,Beijing,XGBoost,59.166667,57.51089859008789,test
2016-05-19 18:00:00,2016-05-19 19:00:00,h1,1,Beijing,XGBoost,61.083333,57.977046966552734,test
2016-05-19 19:00:00,2016-05-19 20:00:00,h1,1,Beijing,XGBoost,67.75,65.25396728515625,test
2016-05-19 20:00:00,2016-05-19 21:00:00,h1,1,Beijing,XGBoost,71.583333,72.86965942382812,test
2016-05-19 21:00:00,2016-05-19 22:00:00,h1,1,Beijing,XGBoost,82.166667,75.28727722167969,test
2016-05-19 22:00:00,2016-05-19 23:00:00,h1,1,Beijing,XGBoost,86.083333,90.86673736572266,test
2016-05-19 23:00:00,2016-05-20 00:00:00,h1,1,Beijing,XGBoost,82.333333,89.24496459960938,test
2016-05-20 00:00:00,2016-05-20 01:00:00,h1,1,Beijing,XGBoost,79.583333,76.82857513427734,test
2016-05-20 01:00:00,2016-05-20 02:00:00,h1,1,Beijing,XGBoost,83.666667,77.7795639038086,test
2016-05-20 02:00:00,2016-05-20 03:00:00,h1,1,Beijing,XGBoost,99.75,85.77809143066406,test
2016-05-20 03:00:00,2016-05-20 04:00:00,h1,1,Beijing,XGBoost,103.416667,105.59813690185547,test
2016-05-20 04:00:00,2016-05-20 05:00:00,h1,1,Beijing,XGBoost,99.916667,102.1035385131836,test
2016-05-20 05:00:00,2016-05-20 06:00:00,h1,1,Beijing,XGBoost,105.5,98.57779693603516,test
2016-05-20 06:00:00,2016-05-20 07:00:00,h1,1,Beijing,XGBoost,107.083333,111.13487243652344,test
2016-05-20 07:00:00,2016-05-20 08:00:00,h1,1,Beijing,XGBoost,114.416667,114.04841613769531,test
2016-05-20 08:00:00,2016-05-20 09:00:00,h1,1,Beijing,XGBoost,113.75,119.6714859008789,test
2016-05-20 09:00:00,2016-05-20 10:00:00,h1,1,Beijing,XGBoost,111.75,112.93729400634766,test
2016-05-20 10:00:00,2016-05-20 11:00:00,h1,1,Beijing,XGBoost,109.083333,110.21943664550781,test
2016-05-20 11:00:00,2016-05-20 12:00:00,h1,1,Beijing,XGBoost,105.166667,107.61676025390625,test
2016-05-20 12:00:00,2016-05-20 13:00:00,h1,1,Beijing,XGBoost,98.416667,100.77095031738281,test
2016-05-20 13:00:00,2016-05-20 14:00:00,h1,1,Beijing,XGBoost,90.583333,94.36099243164062,test
2016-05-20 14:00:00,2016-05-20 15:00:00,h1,1,Beijing,XGBoost,89.916667,85.44562530517578,test
2016-05-20 15:00:00,2016-05-20 16:00:00,h1,1,Beijing,XGBoost,81.416667,89.81233215332031,test
2016-05-20 16:00:00,2016-05-20 17:00:00,h1,1,Beijing,XGBoost,72.5,80.55509185791016,test
2016-05-20 17:00:00,2016-05-20 18:00:00,h1,1,Beijing,XGBoost,60.083333,67.57464599609375,test
2016-05-20 18:00:00,2016-05-20 19:00:00,h1,1,Beijing,XGBoost,50.0,54.947479248046875,test
2016-05-20 19:00:00,2016-05-20 20:00:00,h1,1,Beijing,XGBoost,48.0625,47.265960693359375,test
2016-05-20 20:00:00,2016-05-20 21:00:00,h1,1,Beijing,XGBoost,57.875,45.16790008544922,test
2016-05-20 21:00:00,2016-05-20 22:00:00,h1,1,Beijing,XGBoost,69.1875,65.04622650146484,test
2016-05-20 22:00:00,2016-05-20 23:00:00,h1,1,Beijing,XGBoost,74.25,75.28712463378906,test
2016-05-20 23:00:00,2016-05-21 00:00:00,h1,1,Beijing,XGBoost,74.333333,75.02537536621094,test
2016-05-21 00:00:00,2016-05-21 01:00:00,h1,1,Beijing,XGBoost,73.5,76.2789306640625,test
2016-05-21 01:00:00,2016-05-21 02:00:00,h1,1,Beijing,XGBoost,77.166667,75.98892211914062,test
2016-05-21 02:00:00,2016-05-21 03:00:00,h1,1,Beijing,XGBoost,76.0,79.90120697021484,test
2016-05-21 03:00:00,2016-05-21 04:00:00,h1,1,Beijing,XGBoost,77.5,75.70387268066406,test
2016-05-21 04:00:00,2016-05-21 05:00:00,h1,1,Beijing,XGBoost,81.916667,79.42855834960938,test
2016-05-21 05:00:00,2016-05-21 06:00:00,h1,1,Beijing,XGBoost,88.333333,86.06707000732422,test
2016-05-21 06:00:00,2016-05-21 07:00:00,h1,1,Beijing,XGBoost,91.0,91.9227294921875,test
2016-05-21 07:00:00,2016-05-21 08:00:00,h1,1,Beijing,XGBoost,90.0,93.16475677490234,test
2016-05-21 08:00:00,2016-05-21 09:00:00,h1,1,Beijing,XGBoost,83.416667,92.4278335571289,test
2016-05-21 09:00:00,2016-05-21 10:00:00,h1,1,Beijing,XGBoost,82.083333,83.40946960449219,test
2016-05-21 10:00:00,2016-05-21 11:00:00,h1,1,Beijing,XGBoost,79.5,79.64137268066406,test
2016-05-21 11:00:00,2016-05-21 12:00:00,h1,1,Beijing,XGBoost,79.25,76.81381225585938,test
2016-05-21 12:00:00,2016-05-21 13:00:00,h1,1,Beijing,XGBoost,80.166667,77.37287139892578,test
2016-05-21 13:00:00,2016-05-21 14:00:00,h1,1,Beijing,XGBoost,79.666667,81.31541442871094,test
2016-05-21 14:00:00,2016-05-21 15:00:00,h1,1,Beijing,XGBoost,69.0,77.04792785644531,test
2016-05-21 15:00:00,2016-05-21 16:00:00,h1,1,Beijing,XGBoost,64.416667,63.87783432006836,test
2016-05-21 16:00:00,2016-05-21 17:00:00,h1,1,Beijing,XGBoost,50.333333,59.39967346191406,test
2016-05-21 17:00:00,2016-05-21 18:00:00,h1,1,Beijing,XGBoost,38.5,41.9205436706543,test
2016-05-21 18:00:00,2016-05-21 19:00:00,h1,1,Beijing,XGBoost,33.083333,32.88808059692383,test
2016-05-21 19:00:00,2016-05-21 20:00:00,h1,1,Beijing,XGBoost,37.083333,32.76686477661133,test
2016-05-21 20:00:00,2016-05-21 21:00:00,h1,1,Beijing,XGBoost,46.75,40.53974914550781,test
2016-05-21 21:00:00,2016-05-21 22:00:00,h1,1,Beijing,XGBoost,47.75,51.03129959106445,test
2016-05-21 22:00:00,2016-05-21 23:00:00,h1,1,Beijing,XGBoost,44.083333,49.3411979675293,test
2016-05-21 23:00:00,2016-05-22 00:00:00,h1,1,Beijing,XGBoost,45.0,47.84558868408203,test
2016-05-22 00:00:00,2016-05-22 01:00:00,h1,1,Beijing,XGBoost,49.25,47.631202697753906,test
2016-05-22 01:00:00,2016-05-22 02:00:00,h1,1,Beijing,XGBoost,49.5,52.98883819580078,test
2016-05-22 02:00:00,2016-05-22 03:00:00,h1,1,Beijing,XGBoost,50.416667,50.00897979736328,test
2016-05-22 03:00:00,2016-05-22 04:00:00,h1,1,Beijing,XGBoost,53.208333,51.77267837524414,test
2016-05-22 04:00:00,2016-05-22 05:00:00,h1,1,Beijing,XGBoost,55.666667,54.95760726928711,test
2016-05-22 05:00:00,2016-05-22 06:00:00,h1,1,Beijing,XGBoost,51.166667,59.48044967651367,test
2016-05-22 06:00:00,2016-05-22 07:00:00,h1,1,Beijing,XGBoost,46.583333,52.104496002197266,test
2016-05-22 07:00:00,2016-05-22 08:00:00,h1,1,Beijing,XGBoost,46.083333,48.044921875,test
2016-05-22 08:00:00,2016-05-22 09:00:00,h1,1,Beijing,XGBoost,48.5,45.349098205566406,test
2016-05-22 09:00:00,2016-05-22 10:00:00,h1,1,Beijing,XGBoost,42.916667,49.56071853637695,test
2016-05-22 10:00:00,2016-05-22 11:00:00,h1,1,Beijing,XGBoost,42.416667,41.48149871826172,test
2016-05-22 11:00:00,2016-05-22 12:00:00,h1,1,Beijing,XGBoost,41.583333,43.36256408691406,test
2016-05-22 12:00:00,2016-05-22 13:00:00,h1,1,Beijing,XGBoost,44.25,42.78756332397461,test
2016-05-22 13:00:00,2016-05-22 14:00:00,h1,1,Beijing,XGBoost,42.666667,46.66963577270508,test
2016-05-22 14:00:00,2016-05-22 15:00:00,h1,1,Beijing,XGBoost,43.333333,43.851356506347656,test
2016-05-22 15:00:00,2016-05-22 16:00:00,h1,1,Beijing,XGBoost,44.583333,45.081722259521484,test
2016-05-22 16:00:00,2016-05-22 17:00:00,h1,1,Beijing,XGBoost,44.75,45.687625885009766,test
2016-05-22 17:00:00,2016-05-22 18:00:00,h1,1,Beijing,XGBoost,44.75,46.175567626953125,test
2016-05-22 18:00:00,2016-05-22 19:00:00,h1,1,Beijing,XGBoost,41.166667,45.96220016479492,test
2016-05-22 19:00:00,2016-05-22 20:00:00,h1,1,Beijing,XGBoost,40.083333,45.439056396484375,test
2016-05-22 20:00:00,2016-05-22 21:00:00,h1,1,Beijing,XGBoost,47.583333,41.46900177001953,test
2016-05-22 21:00:00,2016-05-22 22:00:00,h1,1,Beijing,XGBoost,52.833333,51.01533126831055,test
2016-05-22 22:00:00,2016-05-22 23:00:00,h1,1,Beijing,XGBoost,60.166667,56.22871398925781,test
2016-05-22 23:00:00,2016-05-23 00:00:00,h1,1,Beijing,XGBoost,62.333333,63.28905487060547,test
2016-05-23 00:00:00,2016-05-23 01:00:00,h1,1,Beijing,XGBoost,57.25,63.857521057128906,test
2016-05-23 01:00:00,2016-05-23 02:00:00,h1,1,Beijing,XGBoost,55.583333,55.234718322753906,test
2016-05-23 02:00:00,2016-05-23 03:00:00,h1,1,Beijing,XGBoost,60.583333,57.18057632446289,test
2016-05-23 03:00:00,2016-05-23 04:00:00,h1,1,Beijing,XGBoost,67.833333,63.314022064208984,test
2016-05-23 04:00:00,2016-05-23 05:00:00,h1,1,Beijing,XGBoost,71.833333,70.51398468017578,test
2016-05-23 05:00:00,2016-05-23 06:00:00,h1,1,Beijing,XGBoost,75.333333,74.79975891113281,test
2016-05-23 06:00:00,2016-05-23 07:00:00,h1,1,Beijing,XGBoost,80.666667,78.67424011230469,test
2016-05-23 07:00:00,2016-05-23 08:00:00,h1,1,Beijing,XGBoost,84.166667,88.4599838256836,test
2016-05-23 08:00:00,2016-05-23 09:00:00,h1,1,Beijing,XGBoost,88.458333,88.32638549804688,test
2016-05-23 09:00:00,2016-05-23 10:00:00,h1,1,Beijing,XGBoost,86.166667,92.88935089111328,test
2016-05-23 10:00:00,2016-05-23 11:00:00,h1,1,Beijing,XGBoost,86.25,83.8195571899414,test
2016-05-23 11:00:00,2016-05-23 12:00:00,h1,1,Beijing,XGBoost,88.75,83.96842193603516,test
2016-05-23 12:00:00,2016-05-23 13:00:00,h1,1,Beijing,XGBoost,97.833333,88.94161224365234,test
2016-05-23 13:00:00,2016-05-23 14:00:00,h1,1,Beijing,XGBoost,90.0,103.51726531982422,test
2016-05-23 14:00:00,2016-05-23 15:00:00,h1,1,Beijing,XGBoost,79.333333,85.52252197265625,test
2016-05-23 15:00:00,2016-05-23 16:00:00,h1,1,Beijing,XGBoost,68.0,66.44404602050781,test
2016-05-23 16:00:00,2016-05-23 17:00:00,h1,1,Beijing,XGBoost,61.666667,51.6628532409668,test
2016-05-23 17:00:00,2016-05-23 18:00:00,h1,1,Beijing,XGBoost,56.75,54.29979705810547,test
2016-05-23 18:00:00,2016-05-23 19:00:00,h1,1,Beijing,XGBoost,41.25,52.443668365478516,test
2016-05-23 19:00:00,2016-05-23 20:00:00,h1,1,Beijing,XGBoost,14.833333,32.151649475097656,test
2016-05-23 20:00:00,2016-05-23 21:00:00,h1,1,Beijing,XGBoost,7.25,16.130186080932617,test
2016-05-23 21:00:00,2016-05-23 22:00:00,h1,1,Beijing,XGBoost,6.666667,12.259538650512695,test
2016-05-23 22:00:00,2016-05-23 23:00:00,h1,1,Beijing,XGBoost,6.416667,8.958434104919434,test
2016-05-23 23:00:00,2016-05-24 00:00:00,h1,1,Beijing,XGBoost,6.75,9.476308822631836,test
2016-05-24 00:00:00,2016-05-24 01:00:00,h1,1,Beijing,XGBoost,9.583333,9.502544403076172,test
2016-05-24 01:00:00,2016-05-24 02:00:00,h1,1,Beijing,XGBoost,11.0,11.760621070861816,test
2016-05-24 02:00:00,2016-05-24 03:00:00,h1,1,Beijing,XGBoost,8.25,13.219475746154785,test
2016-05-24 03:00:00,2016-05-24 04:00:00,h1,1,Beijing,XGBoost,14.416667,9.672086715698242,test
2016-05-24 04:00:00,2016-05-24 05:00:00,h1,1,Beijing,XGBoost,22.0,16.91510581970215,test
2016-05-24 05:00:00,2016-05-24 06:00:00,h1,1,Beijing,XGBoost,31.833333,26.311647415161133,test
2016-05-24 06:00:00,2016-05-24 07:00:00,h1,1,Beijing,XGBoost,38.25,39.15146255493164,test
2016-05-24 07:00:00,2016-05-24 08:00:00,h1,1,Beijing,XGBoost,36.5,44.19580841064453,test
2016-05-24 08:00:00,2016-05-24 09:00:00,h1,1,Beijing,XGBoost,29.875,36.96036911010742,test
2016-05-24 09:00:00,2016-05-24 10:00:00,h1,1,Beijing,XGBoost,20.5,27.189441680908203,test
2016-05-24 10:00:00,2016-05-24 11:00:00,h1,1,Beijing,XGBoost,17.770833,16.127729415893555,test
2016-05-24 11:00:00,2016-05-24 12:00:00,h1,1,Beijing,XGBoost,16.375,14.79655647277832,test
2016-05-24 12:00:00,2016-05-24 13:00:00,h1,1,Beijing,XGBoost,16.479167,15.312748908996582,test
2016-05-24 13:00:00,2016-05-24 14:00:00,h1,1,Beijing,XGBoost,13.416667,16.86663055419922,test
2016-05-24 14:00:00,2016-05-24 15:00:00,h1,1,Beijing,XGBoost,12.333333,13.201078414916992,test
2016-05-24 15:00:00,2016-05-24 16:00:00,h1,1,Beijing,XGBoost,11.583333,12.592283248901367,test
2016-05-24 16:00:00,2016-05-24 17:00:00,h1,1,Beijing,XGBoost,13.833333,12.334981918334961,test
2016-05-24 17:00:00,2016-05-24 18:00:00,h1,1,Beijing,XGBoost,19.0,14.310498237609863,test
2016-05-24 18:00:00,2016-05-24 19:00:00,h1,1,Beijing,XGBoost,24.0,23.88361167907715,test
2016-05-24 19:00:00,2016-05-24 20:00:00,h1,1,Beijing,XGBoost,22.666667,29.51274299621582,test
2016-05-24 20:00:00,2016-05-24 21:00:00,h1,1,Beijing,XGBoost,22.375,24.029504776000977,test
2016-05-24 21:00:00,2016-05-24 22:00:00,h1,1,Beijing,XGBoost,13.916667,24.935001373291016,test
2016-05-24 22:00:00,2016-05-24 23:00:00,h1,1,Beijing,XGBoost,7.583333,16.362993240356445,test
2016-05-24 23:00:00,2016-05-25 00:00:00,h1,1,Beijing,XGBoost,5.833333,13.023529052734375,test
2016-05-25 00:00:00,2016-05-25 01:00:00,h1,1,Beijing,XGBoost,8.416667,8.909809112548828,test
2016-05-25 01:00:00,2016-05-25 02:00:00,h1,1,Beijing,XGBoost,5.5,8.97174072265625,test
2016-05-25 02:00:00,2016-05-25 03:00:00,h1,1,Beijing,XGBoost,7.083333,7.768586158752441,test
2016-05-25 03:00:00,2016-05-25 04:00:00,h1,1,Beijing,XGBoost,8.916667,8.57221508026123,test
2016-05-25 04:00:00,2016-05-25 05:00:00,h1,1,Beijing,XGBoost,10.75,10.209749221801758,test
2016-05-25 05:00:00,2016-05-25 06:00:00,h1,1,Beijing,XGBoost,8.333333,11.550796508789062,test
2016-05-25 06:00:00,2016-05-25 07:00:00,h1,1,Beijing,XGBoost,8.083333,9.232383728027344,test
2016-05-25 07:00:00,2016-05-25 08:00:00,h1,1,Beijing,XGBoost,11.375,8.611696243286133,test
2016-05-25 08:00:00,2016-05-25 09:00:00,h1,1,Beijing,XGBoost,9.25,12.04039478302002,test
2016-05-25 09:00:00,2016-05-25 10:00:00,h1,1,Beijing,XGBoost,10.166667,9.842727661132812,test
2016-05-25 10:00:00,2016-05-25 11:00:00,h1,1,Beijing,XGBoost,12.583333,10.349159240722656,test
2016-05-25 11:00:00,2016-05-25 12:00:00,h1,1,Beijing,XGBoost,10.5,13.150256156921387,test
2016-05-25 12:00:00,2016-05-25 13:00:00,h1,1,Beijing,XGBoost,10.333333,11.171290397644043,test
2016-05-25 13:00:00,2016-05-25 14:00:00,h1,1,Beijing,XGBoost,11.583333,10.601994514465332,test
2016-05-25 14:00:00,2016-05-25 15:00:00,h1,1,Beijing,XGBoost,13.416667,11.445237159729004,test
2016-05-25 15:00:00,2016-05-25 16:00:00,h1,1,Beijing,XGBoost,12.0,14.40144157409668,test
2016-05-25 16:00:00,2016-05-25 17:00:00,h1,1,Beijing,XGBoost,14.25,12.277795791625977,test
2016-05-25 17:00:00,2016-05-25 18:00:00,h1,1,Beijing,XGBoost,15.75,16.03082275390625,test
2016-05-25 18:00:00,2016-05-25 19:00:00,h1,1,Beijing,XGBoost,14.833333,16.16310691833496,test
2016-05-25 19:00:00,2016-05-25 20:00:00,h1,1,Beijing,XGBoost,16.25,16.22933578491211,test
2016-05-25 20:00:00,2016-05-25 21:00:00,h1,1,Beijing,XGBoost,16.666667,17.59271812438965,test
2016-05-25 21:00:00,2016-05-25 22:00:00,h1,1,Beijing,XGBoost,18.75,19.10692596435547,test
2016-05-25 22:00:00,2016-05-25 23:00:00,h1,1,Beijing,XGBoost,22.5,20.729480743408203,test
2016-05-25 23:00:00,2016-05-26 00:00:00,h1,1,Beijing,XGBoost,20.833333,26.46849250793457,test
2016-05-26 00:00:00,2016-05-26 01:00:00,h1,1,Beijing,XGBoost,23.5,23.036399841308594,test
2016-05-26 01:00:00,2016-05-26 02:00:00,h1,1,Beijing,XGBoost,23.25,24.22772979736328,test
2016-05-26 02:00:00,2016-05-26 03:00:00,h1,1,Beijing,XGBoost,28.333333,23.61151123046875,test
2016-05-26 03:00:00,2016-05-26 04:00:00,h1,1,Beijing,XGBoost,40.625,31.54124641418457,test
2016-05-26 04:00:00,2016-05-26 05:00:00,h1,1,Beijing,XGBoost,41.5,48.71828079223633,test
2016-05-26 05:00:00,2016-05-26 06:00:00,h1,1,Beijing,XGBoost,37.916667,43.11012649536133,test
2016-05-26 06:00:00,2016-05-26 07:00:00,h1,1,Beijing,XGBoost,32.75,37.69760513305664,test
2016-05-26 07:00:00,2016-05-26 08:00:00,h1,1,Beijing,XGBoost,27.25,29.99891471862793,test
2016-05-26 08:00:00,2016-05-26 09:00:00,h1,1,Beijing,XGBoost,19.166667,22.315065383911133,test
2016-05-26 09:00:00,2016-05-26 10:00:00,h1,1,Beijing,XGBoost,15.166667,17.490314483642578,test
2016-05-26 10:00:00,2016-05-26 11:00:00,h1,1,Beijing,XGBoost,12.916667,14.20999526977539,test
2016-05-26 11:00:00,2016-05-26 12:00:00,h1,1,Beijing,XGBoost,13.333333,12.048920631408691,test
2016-05-26 12:00:00,2016-05-26 13:00:00,h1,1,Beijing,XGBoost,12.166667,13.720406532287598,test
2016-05-26 13:00:00,2016-05-26 14:00:00,h1,1,Beijing,XGBoost,11.666667,12.854626655578613,test
2016-05-26 14:00:00,2016-05-26 15:00:00,h1,1,Beijing,XGBoost,11.083333,12.725737571716309,test
2016-05-26 15:00:00,2016-05-26 16:00:00,h1,1,Beijing,XGBoost,13.166667,11.889394760131836,test
2016-05-26 16:00:00,2016-05-26 17:00:00,h1,1,Beijing,XGBoost,12.583333,13.114761352539062,test
2016-05-26 17:00:00,2016-05-26 18:00:00,h1,1,Beijing,XGBoost,14.416667,12.753413200378418,test
2016-05-26 18:00:00,2016-05-26 19:00:00,h1,1,Beijing,XGBoost,16.166667,16.31635284423828,test
2016-05-26 19:00:00,2016-05-26 20:00:00,h1,1,Beijing,XGBoost,21.833333,18.205446243286133,test
2016-05-26 20:00:00,2016-05-26 21:00:00,h1,1,Beijing,XGBoost,23.25,26.621471405029297,test
2016-05-26 21:00:00,2016-05-26 22:00:00,h1,1,Beijing,XGBoost,24.083333,25.251436233520508,test
2016-05-26 22:00:00,2016-05-26 23:00:00,h1,1,Beijing,XGBoost,26.0,24.9622802734375,test
2016-05-26 23:00:00,2016-05-27 00:00:00,h1,1,Beijing,XGBoost,25.333333,29.07766342163086,test
2016-05-27 00:00:00,2016-05-27 01:00:00,h1,1,Beijing,XGBoost,25.666667,25.83902359008789,test
2016-05-27 01:00:00,2016-05-27 02:00:00,h1,1,Beijing,XGBoost,25.5,26.751985549926758,test
2016-05-27 02:00:00,2016-05-27 03:00:00,h1,1,Beijing,XGBoost,26.083333,25.70926284790039,test
2016-05-27 03:00:00,2016-05-27 04:00:00,h1,1,Beijing,XGBoost,30.0,28.92677879333496,test
2016-05-27 04:00:00,2016-05-27 05:00:00,h1,1,Beijing,XGBoost,30.75,33.0647087097168,test
2016-05-27 05:00:00,2016-05-27 06:00:00,h1,1,Beijing,XGBoost,35.0,32.55638122558594,test
2016-05-27 06:00:00,2016-05-27 07:00:00,h1,1,Beijing,XGBoost,33.416667,37.820186614990234,test
2016-05-27 07:00:00,2016-05-27 08:00:00,h1,1,Beijing,XGBoost,41.75,34.905723571777344,test
2016-05-27 08:00:00,2016-05-27 09:00:00,h1,1,Beijing,XGBoost,52.5,45.69010925292969,test
2016-05-27 09:00:00,2016-05-27 10:00:00,h1,1,Beijing,XGBoost,61.333333,58.95273971557617,test
2016-05-27 10:00:00,2016-05-27 11:00:00,h1,1,Beijing,XGBoost,55.833333,69.31964874267578,test
2016-05-27 11:00:00,2016-05-27 12:00:00,h1,1,Beijing,XGBoost,52.763889,50.56208038330078,test
2016-05-27 12:00:00,2016-05-27 13:00:00,h1,1,Beijing,XGBoost,52.694444,52.58153533935547,test
2016-05-27 13:00:00,2016-05-27 14:00:00,h1,1,Beijing,XGBoost,49.75,53.37035369873047,test
2016-05-27 14:00:00,2016-05-27 15:00:00,h1,1,Beijing,XGBoost,61.472222,50.37333679199219,test
2016-05-27 15:00:00,2016-05-27 16:00:00,h1,1,Beijing,XGBoost,64.652778,67.32506561279297,test
2016-05-27 16:00:00,2016-05-27 17:00:00,h1,1,Beijing,XGBoost,59.833333,60.342105865478516,test
2016-05-27 17:00:00,2016-05-27 18:00:00,h1,1,Beijing,XGBoost,53.083333,56.55125045776367,test
2016-05-27 18:00:00,2016-05-27 19:00:00,h1,1,Beijing,XGBoost,71.0,51.78701400756836,test
2016-05-27 19:00:00,2016-05-27 20:00:00,h1,1,Beijing,XGBoost,74.416667,78.44837951660156,test
2016-05-27 20:00:00,2016-05-27 21:00:00,h1,1,Beijing,XGBoost,57.166667,76.17572021484375,test
2016-05-27 21:00:00,2016-05-27 22:00:00,h1,1,Beijing,XGBoost,44.75,50.329402923583984,test
2016-05-27 22:00:00,2016-05-27 23:00:00,h1,1,Beijing,XGBoost,41.0,37.444210052490234,test
2016-05-27 23:00:00,2016-05-28 00:00:00,h1,1,Beijing,XGBoost,36.833333,39.100128173828125,test
2016-05-28 00:00:00,2016-05-28 01:00:00,h1,1,Beijing,XGBoost,37.083333,36.21800231933594,test
2016-05-28 01:00:00,2016-05-28 02:00:00,h1,1,Beijing,XGBoost,36.083333,38.59946060180664,test
2016-05-28 02:00:00,2016-05-28 03:00:00,h1,1,Beijing,XGBoost,41.666667,37.046356201171875,test
2016-05-28 03:00:00,2016-05-28 04:00:00,h1,1,Beijing,XGBoost,44.916667,44.18767547607422,test
2016-05-28 04:00:00,2016-05-28 05:00:00,h1,1,Beijing,XGBoost,52.666667,48.87067413330078,test
2016-05-28 05:00:00,2016-05-28 06:00:00,h1,1,Beijing,XGBoost,53.083333,56.041011810302734,test
2016-05-28 06:00:00,2016-05-28 07:00:00,h1,1,Beijing,XGBoost,63.583333,56.096473693847656,test
2016-05-28 07:00:00,2016-05-28 08:00:00,h1,1,Beijing,XGBoost,65.083333,74.172119140625,test
2016-05-28 08:00:00,2016-05-28 09:00:00,h1,1,Beijing,XGBoost,65.166667,67.9520263671875,test
2016-05-28 09:00:00,2016-05-28 10:00:00,h1,1,Beijing,XGBoost,62.0,62.63212203979492,test
2016-05-28 10:00:00,2016-05-28 11:00:00,h1,1,Beijing,XGBoost,52.708333,56.82646560668945,test
2016-05-28 11:00:00,2016-05-28 12:00:00,h1,1,Beijing,XGBoost,47.333333,46.243858337402344,test
2016-05-28 12:00:00,2016-05-28 13:00:00,h1,1,Beijing,XGBoost,47.166667,45.67428970336914,test
2016-05-28 13:00:00,2016-05-28 14:00:00,h1,1,Beijing,XGBoost,42.666667,45.31705093383789,test
2016-05-28 14:00:00,2016-05-28 15:00:00,h1,1,Beijing,XGBoost,42.166667,42.2271842956543,test
2016-05-28 15:00:00,2016-05-28 16:00:00,h1,1,Beijing,XGBoost,40.25,43.69841384887695,test
2016-05-28 16:00:00,2016-05-28 17:00:00,h1,1,Beijing,XGBoost,44.166667,41.672786712646484,test
2016-05-28 17:00:00,2016-05-28 18:00:00,h1,1,Beijing,XGBoost,45.416667,46.970252990722656,test
2016-05-28 18:00:00,2016-05-28 19:00:00,h1,1,Beijing,XGBoost,42.75,47.957542419433594,test
2016-05-28 19:00:00,2016-05-28 20:00:00,h1,1,Beijing,XGBoost,46.25,43.84834671020508,test
2016-05-28 20:00:00,2016-05-28 21:00:00,h1,1,Beijing,XGBoost,48.166667,50.14451599121094,test
2016-05-28 21:00:00,2016-05-28 22:00:00,h1,1,Beijing,XGBoost,50.75,50.4198112487793,test
2016-05-28 22:00:00,2016-05-28 23:00:00,h1,1,Beijing,XGBoost,51.833333,53.11215591430664,test
2016-05-28 23:00:00,2016-05-29 00:00:00,h1,1,Beijing,XGBoost,56.666667,53.95315170288086,test
2016-05-29 00:00:00,2016-05-29 01:00:00,h1,1,Beijing,XGBoost,60.583333,60.79140090942383,test
2016-05-29 01:00:00,2016-05-29 02:00:00,h1,1,Beijing,XGBoost,61.75,65.93270874023438,test
2016-05-29 02:00:00,2016-05-29 03:00:00,h1,1,Beijing,XGBoost,57.25,63.71778869628906,test
2016-05-29 03:00:00,2016-05-29 04:00:00,h1,1,Beijing,XGBoost,56.666667,57.492828369140625,test
2016-05-29 04:00:00,2016-05-29 05:00:00,h1,1,Beijing,XGBoost,54.166667,57.47189712524414,test
2016-05-29 05:00:00,2016-05-29 06:00:00,h1,1,Beijing,XGBoost,42.0,54.57317352294922,test
2016-05-29 06:00:00,2016-05-29 07:00:00,h1,1,Beijing,XGBoost,22.5,33.72456741333008,test
2016-05-29 07:00:00,2016-05-29 08:00:00,h1,1,Beijing,XGBoost,15.833333,11.256450653076172,test
2016-05-29 08:00:00,2016-05-29 09:00:00,h1,1,Beijing,XGBoost,10.333333,13.952864646911621,test
2016-05-29 09:00:00,2016-05-29 10:00:00,h1,1,Beijing,XGBoost,14.208333,11.00717830657959,test
2016-05-29 10:00:00,2016-05-29 11:00:00,h1,1,Beijing,XGBoost,11.583333,15.767439842224121,test
2016-05-29 11:00:00,2016-05-29 12:00:00,h1,1,Beijing,XGBoost,11.5,10.727762222290039,test
2016-05-29 12:00:00,2016-05-29 13:00:00,h1,1,Beijing,XGBoost,9.583333,11.844549179077148,test
2016-05-29 13:00:00,2016-05-29 14:00:00,h1,1,Beijing,XGBoost,17.666667,10.247279167175293,test
2016-05-29 14:00:00,2016-05-29 15:00:00,h1,1,Beijing,XGBoost,17.333333,19.622821807861328,test
2016-05-29 15:00:00,2016-05-29 16:00:00,h1,1,Beijing,XGBoost,19.083333,19.182823181152344,test
2016-05-29 16:00:00,2016-05-29 17:00:00,h1,1,Beijing,XGBoost,17.333333,19.889427185058594,test
2016-05-29 17:00:00,2016-05-29 18:00:00,h1,1,Beijing,XGBoost,19.666667,17.691518783569336,test
2016-05-29 18:00:00,2016-05-29 19:00:00,h1,1,Beijing,XGBoost,22.083333,21.29078483581543,test
2016-05-29 19:00:00,2016-05-29 20:00:00,h1,1,Beijing,XGBoost,25.666667,25.065078735351562,test
2016-05-29 20:00:00,2016-05-29 21:00:00,h1,1,Beijing,XGBoost,39.833333,30.757783889770508,test
2016-05-29 21:00:00,2016-05-29 22:00:00,h1,1,Beijing,XGBoost,49.833333,47.01446533203125,test
2016-05-29 22:00:00,2016-05-29 23:00:00,h1,1,Beijing,XGBoost,50.083333,52.055118560791016,test
2016-05-29 23:00:00,2016-05-30 00:00:00,h1,1,Beijing,XGBoost,51.5,50.5544548034668,test
2016-05-30 00:00:00,2016-05-30 01:00:00,h1,1,Beijing,XGBoost,54.083333,52.32347869873047,test
2016-05-30 01:00:00,2016-05-30 02:00:00,h1,1,Beijing,XGBoost,53.0,56.42845916748047,test
2016-05-30 02:00:00,2016-05-30 03:00:00,h1,1,Beijing,XGBoost,51.833333,54.669097900390625,test
2016-05-30 03:00:00,2016-05-30 04:00:00,h1,1,Beijing,XGBoost,46.583333,53.64002990722656,test
2016-05-30 04:00:00,2016-05-30 05:00:00,h1,1,Beijing,XGBoost,44.916667,46.72115707397461,test
2016-05-30 05:00:00,2016-05-30 06:00:00,h1,1,Beijing,XGBoost,47.166667,43.84355163574219,test
2016-05-30 06:00:00,2016-05-30 07:00:00,h1,1,Beijing,XGBoost,46.75,50.11712646484375,test
2016-05-30 07:00:00,2016-05-30 08:00:00,h1,1,Beijing,XGBoost,52.833333,47.69618606567383,test
2016-05-30 08:00:00,2016-05-30 09:00:00,h1,1,Beijing,XGBoost,59.833333,56.09217834472656,test
2016-05-30 09:00:00,2016-05-30 10:00:00,h1,1,Beijing,XGBoost,70.083333,64.77066040039062,test
2016-05-30 10:00:00,2016-05-30 11:00:00,h1,1,Beijing,XGBoost,77.583333,73.7794418334961,test
2016-05-30 11:00:00,2016-05-30 12:00:00,h1,1,Beijing,XGBoost,79.25,79.07633209228516,test
2016-05-30 12:00:00,2016-05-30 13:00:00,h1,1,Beijing,XGBoost,85.416667,79.42613983154297,test
2016-05-30 13:00:00,2016-05-30 14:00:00,h1,1,Beijing,XGBoost,92.5,87.97393798828125,test
2016-05-30 14:00:00,2016-05-30 15:00:00,h1,1,Beijing,XGBoost,96.083333,93.26212310791016,test
2016-05-30 15:00:00,2016-05-30 16:00:00,h1,1,Beijing,XGBoost,107.833333,94.6629638671875,test
2016-05-30 16:00:00,2016-05-30 17:00:00,h1,1,Beijing,XGBoost,112.75,113.8646240234375,test
2016-05-30 17:00:00,2016-05-30 18:00:00,h1,1,Beijing,XGBoost,111.25,117.70171356201172,test
2016-05-30 18:00:00,2016-05-30 19:00:00,h1,1,Beijing,XGBoost,114.916667,109.71234130859375,test
2016-05-30 19:00:00,2016-05-30 20:00:00,h1,1,Beijing,XGBoost,122.666667,118.0121078491211,test
2016-05-30 20:00:00,2016-05-30 21:00:00,h1,1,Beijing,XGBoost,120.5,125.70372772216797,test
2016-05-30 21:00:00,2016-05-30 22:00:00,h1,1,Beijing,XGBoost,110.25,117.63677978515625,test
2016-05-30 22:00:00,2016-05-30 23:00:00,h1,1,Beijing,XGBoost,102.0,103.5890121459961,test
2016-05-30 23:00:00,2016-05-31 00:00:00,h1,1,Beijing,XGBoost,89.75,100.32521057128906,test
2016-05-31 00:00:00,2016-05-31 01:00:00,h1,1,Beijing,XGBoost,82.833333,84.07455444335938,test
2016-05-31 01:00:00,2016-05-31 02:00:00,h1,1,Beijing,XGBoost,77.666667,82.83636474609375,test
2016-05-31 02:00:00,2016-05-31 03:00:00,h1,1,Beijing,XGBoost,78.583333,75.81485748291016,test
2016-05-31 03:00:00,2016-05-31 04:00:00,h1,1,Beijing,XGBoost,82.333333,78.63001251220703,test
2016-05-31 04:00:00,2016-05-31 05:00:00,h1,1,Beijing,XGBoost,91.416667,81.54851531982422,test
2016-05-31 05:00:00,2016-05-31 06:00:00,h1,1,Beijing,XGBoost,96.75,90.1443099975586,test
2016-05-31 06:00:00,2016-05-31 07:00:00,h1,1,Beijing,XGBoost,63.083333,88.41996002197266,test
2016-05-31 07:00:00,2016-05-31 08:00:00,h1,1,Beijing,XGBoost,45.416667,46.748294830322266,test
2016-05-31 08:00:00,2016-05-31 09:00:00,h1,1,Beijing,XGBoost,36.666667,38.98069381713867,test
2016-05-31 09:00:00,2016-05-31 10:00:00,h1,1,Beijing,XGBoost,36.833333,33.725379943847656,test
2016-05-31 10:00:00,2016-05-31 11:00:00,h1,1,Beijing,XGBoost,35.25,37.26491165161133,test
2016-05-31 11:00:00,2016-05-31 12:00:00,h1,1,Beijing,XGBoost,34.5,35.10820007324219,test
2016-05-31 12:00:00,2016-05-31 13:00:00,h1,1,Beijing,XGBoost,31.027778,35.631683349609375,test
2016-05-31 13:00:00,2016-05-31 14:00:00,h1,1,Beijing,XGBoost,33.659722,29.246063232421875,test
2016-05-31 14:00:00,2016-05-31 15:00:00,h1,1,Beijing,XGBoost,32.875,36.400020599365234,test
2016-05-31 15:00:00,2016-05-31 16:00:00,h1,1,Beijing,XGBoost,30.729167,33.752933502197266,test
2016-05-31 16:00:00,2016-05-31 17:00:00,h1,1,Beijing,XGBoost,31.041667,31.844884872436523,test
2016-05-31 17:00:00,2016-05-31 18:00:00,h1,1,Beijing,XGBoost,28.416667,34.085453033447266,test
2016-05-31 18:00:00,2016-05-31 19:00:00,h1,1,Beijing,XGBoost,31.125,29.896875381469727,test
2016-05-31 19:00:00,2016-05-31 20:00:00,h1,1,Beijing,XGBoost,33.388889,35.951847076416016,test
2016-05-31 20:00:00,2016-05-31 21:00:00,h1,1,Beijing,XGBoost,37.327778,35.503753662109375,test
2016-05-31 21:00:00,2016-05-31 22:00:00,h1,1,Beijing,XGBoost,37.1,39.312252044677734,test
2016-05-31 22:00:00,2016-05-31 23:00:00,h1,1,Beijing,XGBoost,34.205556,37.45451736450195,test
2016-05-31 23:00:00,2016-06-01 00:00:00,h1,1,Beijing,XGBoost,27.227778,31.881399154663086,test
2016-06-01 00:00:00,2016-06-01 01:00:00,h1,1,Beijing,XGBoost,26.25,23.09514617919922,test
2016-06-01 01:00:00,2016-06-01 02:00:00,h1,1,Beijing,XGBoost,24.583333,24.771331787109375,test
2016-06-01 02:00:00,2016-06-01 03:00:00,h1,1,Beijing,XGBoost,26.083333,23.211029052734375,test
2016-06-01 03:00:00,2016-06-01 04:00:00,h1,1,Beijing,XGBoost,25.0,27.33864974975586,test
2016-06-01 04:00:00,2016-06-01 05:00:00,h1,1,Beijing,XGBoost,24.583333,25.139625549316406,test
2016-06-01 05:00:00,2016-06-01 06:00:00,h1,1,Beijing,XGBoost,27.916667,25.836076736450195,test
2016-06-01 06:00:00,2016-06-01 07:00:00,h1,1,Beijing,XGBoost,31.333333,31.220531463623047,test
2016-06-01 07:00:00,2016-06-01 08:00:00,h1,1,Beijing,XGBoost,38.916667,34.94473648071289,test
2016-06-01 08:00:00,2016-06-01 09:00:00,h1,1,Beijing,XGBoost,37.583333,44.74473190307617,test
2016-06-01 09:00:00,2016-06-01 10:00:00,h1,1,Beijing,XGBoost,37.583333,38.59173583984375,test
2016-06-01 10:00:00,2016-06-01 11:00:00,h1,1,Beijing,XGBoost,41.333333,37.688297271728516,test
2016-06-01 11:00:00,2016-06-01 12:00:00,h1,1,Beijing,XGBoost,37.166667,41.486595153808594,test
2016-06-01 12:00:00,2016-06-01 13:00:00,h1,1,Beijing,XGBoost,34.833333,36.956520080566406,test
2016-06-01 13:00:00,2016-06-01 14:00:00,h1,1,Beijing,XGBoost,36.583333,34.20845413208008,test
2016-06-01 14:00:00,2016-06-01 15:00:00,h1,1,Beijing,XGBoost,39.166667,37.809242248535156,test
2016-06-01 15:00:00,2016-06-01 16:00:00,h1,1,Beijing,XGBoost,35.833333,41.138648986816406,test
2016-06-01 16:00:00,2016-06-01 17:00:00,h1,1,Beijing,XGBoost,47.166667,36.37864685058594,test
2016-06-01 17:00:00,2016-06-01 18:00:00,h1,1,Beijing,XGBoost,43.0,54.3701286315918,test
2016-06-01 18:00:00,2016-06-01 19:00:00,h1,1,Beijing,XGBoost,41.0,42.935577392578125,test
2016-06-01 19:00:00,2016-06-01 20:00:00,h1,1,Beijing,XGBoost,41.25,42.384395599365234,test
2016-06-01 20:00:00,2016-06-01 21:00:00,h1,1,Beijing,XGBoost,43.333333,42.58842468261719,test
2016-06-01 21:00:00,2016-06-01 22:00:00,h1,1,Beijing,XGBoost,44.25,45.17650604248047,test
2016-06-01 22:00:00,2016-06-01 23:00:00,h1,1,Beijing,XGBoost,44.333333,45.98525619506836,test
2016-06-01 23:00:00,2016-06-02 00:00:00,h1,1,Beijing,XGBoost,42.25,45.57462692260742,test
2016-06-02 00:00:00,2016-06-02 01:00:00,h1,1,Beijing,XGBoost,42.0,43.43657302856445,test
2016-06-02 01:00:00,2016-06-02 02:00:00,h1,1,Beijing,XGBoost,40.833333,43.34505844116211,test
2016-06-02 02:00:00,2016-06-02 03:00:00,h1,1,Beijing,XGBoost,39.083333,40.46306228637695,test
2016-06-02 03:00:00,2016-06-02 04:00:00,h1,1,Beijing,XGBoost,41.166667,39.08245086669922,test
2016-06-02 04:00:00,2016-06-02 05:00:00,h1,1,Beijing,XGBoost,45.416667,44.259342193603516,test
2016-06-02 05:00:00,2016-06-02 06:00:00,h1,1,Beijing,XGBoost,50.5,48.46394348144531,test
2016-06-02 06:00:00,2016-06-02 07:00:00,h1,1,Beijing,XGBoost,54.416667,53.439449310302734,test
2016-06-02 07:00:00,2016-06-02 08:00:00,h1,1,Beijing,XGBoost,69.083333,56.846702575683594,test
2016-06-02 08:00:00,2016-06-02 09:00:00,h1,1,Beijing,XGBoost,74.333333,75.31065368652344,test
2016-06-02 09:00:00,2016-06-02 10:00:00,h1,1,Beijing,XGBoost,78.375,76.19679260253906,test
2016-06-02 10:00:00,2016-06-02 11:00:00,h1,1,Beijing,XGBoost,79.0,80.4828872680664,test
2016-06-02 11:00:00,2016-06-02 12:00:00,h1,1,Beijing,XGBoost,60.361111,73.14754486083984,test
2016-06-02 12:00:00,2016-06-02 13:00:00,h1,1,Beijing,XGBoost,55.430556,48.84965133666992,test
2016-06-02 13:00:00,2016-06-02 14:00:00,h1,1,Beijing,XGBoost,50.916667,47.850677490234375,test
2016-06-02 14:00:00,2016-06-02 15:00:00,h1,1,Beijing,XGBoost,44.166667,51.09977340698242,test
2016-06-02 15:00:00,2016-06-02 16:00:00,h1,1,Beijing,XGBoost,47.25,41.19468688964844,test
2016-06-02 16:00:00,2016-06-02 17:00:00,h1,1,Beijing,XGBoost,47.583333,50.105857849121094,test
2016-06-02 17:00:00,2016-06-02 18:00:00,h1,1,Beijing,XGBoost,46.833333,47.50059509277344,test
2016-06-02 18:00:00,2016-06-02 19:00:00,h1,1,Beijing,XGBoost,41.5,48.91865539550781,test
2016-06-02 19:00:00,2016-06-02 20:00:00,h1,1,Beijing,XGBoost,40.833333,42.41568374633789,test
2016-06-02 20:00:00,2016-06-02 21:00:00,h1,1,Beijing,XGBoost,47.583333,42.48093795776367,test
2016-06-02 21:00:00,2016-06-02 22:00:00,h1,1,Beijing,XGBoost,51.75,51.119197845458984,test
2016-06-02 22:00:00,2016-06-02 23:00:00,h1,1,Beijing,XGBoost,55.666667,55.37150192260742,test
2016-06-02 23:00:00,2016-06-03 00:00:00,h1,1,Beijing,XGBoost,55.166667,60.096981048583984,test
2016-06-03 00:00:00,2016-06-03 01:00:00,h1,1,Beijing,XGBoost,54.0,57.53580093383789,test
2016-06-03 01:00:00,2016-06-03 02:00:00,h1,1,Beijing,XGBoost,55.833333,55.745662689208984,test
2016-06-03 02:00:00,2016-06-03 03:00:00,h1,1,Beijing,XGBoost,57.083333,57.024898529052734,test
2016-06-03 03:00:00,2016-06-03 04:00:00,h1,1,Beijing,XGBoost,58.166667,58.690025329589844,test
2016-06-03 04:00:00,2016-06-03 05:00:00,h1,1,Beijing,XGBoost,59.166667,60.11012268066406,test
2016-06-03 05:00:00,2016-06-03 06:00:00,h1,1,Beijing,XGBoost,64.833333,59.6138916015625,test
2016-06-03 06:00:00,2016-06-03 07:00:00,h1,1,Beijing,XGBoost,70.75,68.27257537841797,test
2016-06-03 07:00:00,2016-06-03 08:00:00,h1,1,Beijing,XGBoost,76.583333,73.7488021850586,test
2016-06-03 08:00:00,2016-06-03 09:00:00,h1,1,Beijing,XGBoost,88.166667,79.54766082763672,test
2016-06-03 09:00:00,2016-06-03 10:00:00,h1,1,Beijing,XGBoost,90.416667,99.42991638183594,test
2016-06-03 10:00:00,2016-06-03 11:00:00,h1,1,Beijing,XGBoost,92.666667,89.36302185058594,test
2016-06-03 11:00:00,2016-06-03 12:00:00,h1,1,Beijing,XGBoost,95.944444,92.3516845703125,test
2016-06-03 12:00:00,2016-06-03 13:00:00,h1,1,Beijing,XGBoost,93.805556,96.07426452636719,test
2016-06-03 13:00:00,2016-06-03 14:00:00,h1,1,Beijing,XGBoost,90.666667,93.2049331665039,test
2016-06-03 14:00:00,2016-06-03 15:00:00,h1,1,Beijing,XGBoost,86.5,88.70170593261719,test
2016-06-03 15:00:00,2016-06-03 16:00:00,h1,1,Beijing,XGBoost,73.083333,86.2254409790039,test
2016-06-03 16:00:00,2016-06-03 17:00:00,h1,1,Beijing,XGBoost,72.583333,69.81715393066406,test
2016-06-03 17:00:00,2016-06-03 18:00:00,h1,1,Beijing,XGBoost,78.166667,71.55866241455078,test
2016-06-03 18:00:00,2016-06-03 19:00:00,h1,1,Beijing,XGBoost,89.583333,84.09304809570312,test
2016-06-03 19:00:00,2016-06-03 20:00:00,h1,1,Beijing,XGBoost,106.416667,100.2536392211914,test
2016-06-03 20:00:00,2016-06-03 21:00:00,h1,1,Beijing,XGBoost,108.583333,113.3852310180664,test
2016-06-03 21:00:00,2016-06-03 22:00:00,h1,1,Beijing,XGBoost,101.166667,111.47686767578125,test
2016-06-03 22:00:00,2016-06-03 23:00:00,h1,1,Beijing,XGBoost,92.75,98.38892364501953,test
2016-06-03 23:00:00,2016-06-04 00:00:00,h1,1,Beijing,XGBoost,50.333333,86.47693634033203,test
2016-06-07 00:00:00,2016-06-07 01:00:00,h1,1,Beijing,XGBoost,54.75,20.29932975769043,test
2016-06-07 01:00:00,2016-06-07 02:00:00,h1,1,Beijing,XGBoost,56.083333,51.4734001159668,test
2016-06-07 02:00:00,2016-06-07 03:00:00,h1,1,Beijing,XGBoost,59.333333,62.89240646362305,test
2016-06-07 03:00:00,2016-06-07 04:00:00,h1,1,Beijing,XGBoost,59.833333,64.08148193359375,test
2016-06-07 04:00:00,2016-06-07 05:00:00,h1,1,Beijing,XGBoost,58.583333,60.438377380371094,test
2016-06-07 05:00:00,2016-06-07 06:00:00,h1,1,Beijing,XGBoost,53.416667,57.34486770629883,test
2016-06-07 06:00:00,2016-06-07 07:00:00,h1,1,Beijing,XGBoost,45.583333,50.83012771606445,test
2016-06-07 07:00:00,2016-06-07 08:00:00,h1,1,Beijing,XGBoost,41.166667,43.21952819824219,test
2016-06-07 08:00:00,2016-06-07 09:00:00,h1,1,Beijing,XGBoost,40.666667,40.66993713378906,test
2016-06-07 09:00:00,2016-06-07 10:00:00,h1,1,Beijing,XGBoost,41.916667,41.90693283081055,test
2016-06-07 10:00:00,2016-06-07 11:00:00,h1,1,Beijing,XGBoost,45.0,43.47702407836914,test
2016-06-07 11:00:00,2016-06-07 12:00:00,h1,1,Beijing,XGBoost,46.916667,47.071041107177734,test
2016-06-07 12:00:00,2016-06-07 13:00:00,h1,1,Beijing,XGBoost,56.333333,48.74995803833008,test
2016-06-07 13:00:00,2016-06-07 14:00:00,h1,1,Beijing,XGBoost,61.0,61.73936080932617,test
2016-06-07 14:00:00,2016-06-07 15:00:00,h1,1,Beijing,XGBoost,61.75,65.14996337890625,test
2016-06-07 15:00:00,2016-06-07 16:00:00,h1,1,Beijing,XGBoost,62.333333,62.83655548095703,test
2016-06-07 16:00:00,2016-06-07 17:00:00,h1,1,Beijing,XGBoost,61.833333,64.40493774414062,test
2016-06-07 17:00:00,2016-06-07 18:00:00,h1,1,Beijing,XGBoost,57.583333,62.461978912353516,test
2016-06-07 18:00:00,2016-06-07 19:00:00,h1,1,Beijing,XGBoost,61.916667,55.49309539794922,test
2016-06-07 19:00:00,2016-06-07 20:00:00,h1,1,Beijing,XGBoost,66.333333,66.49516296386719,test
2016-06-07 20:00:00,2016-06-07 21:00:00,h1,1,Beijing,XGBoost,77.166667,69.39990234375,test
2016-06-07 21:00:00,2016-06-07 22:00:00,h1,1,Beijing,XGBoost,83.333333,84.39192199707031,test
2016-06-07 22:00:00,2016-06-07 23:00:00,h1,1,Beijing,XGBoost,86.666667,86.82270050048828,test
2016-06-07 23:00:00,2016-06-08 00:00:00,h1,1,Beijing,XGBoost,86.083333,87.07049560546875,test
2016-06-08 00:00:00,2016-06-08 01:00:00,h1,1,Beijing,XGBoost,83.416667,85.3991928100586,test
2016-06-08 01:00:00,2016-06-08 02:00:00,h1,1,Beijing,XGBoost,88.583333,83.12591552734375,test
2016-06-08 02:00:00,2016-06-08 03:00:00,h1,1,Beijing,XGBoost,98.166667,90.56568908691406,test
2016-06-08 03:00:00,2016-06-08 04:00:00,h1,1,Beijing,XGBoost,100.75,101.62973022460938,test
2016-06-08 04:00:00,2016-06-08 05:00:00,h1,1,Beijing,XGBoost,103.583333,100.4761962890625,test
2016-06-08 05:00:00,2016-06-08 06:00:00,h1,1,Beijing,XGBoost,111.166667,104.08976745605469,test
2016-06-08 06:00:00,2016-06-08 07:00:00,h1,1,Beijing,XGBoost,117.666667,117.00434112548828,test
2016-06-08 07:00:00,2016-06-08 08:00:00,h1,1,Beijing,XGBoost,129.916667,124.74819946289062,test
2016-06-08 08:00:00,2016-06-08 09:00:00,h1,1,Beijing,XGBoost,134.083333,136.74179077148438,test
2016-06-08 09:00:00,2016-06-08 10:00:00,h1,1,Beijing,XGBoost,125.333333,138.38478088378906,test
2016-06-08 10:00:00,2016-06-08 11:00:00,h1,1,Beijing,XGBoost,119.333333,120.75086212158203,test
2016-06-08 11:00:00,2016-06-08 12:00:00,h1,1,Beijing,XGBoost,113.416667,112.46479034423828,test
2016-06-08 12:00:00,2016-06-08 13:00:00,h1,1,Beijing,XGBoost,107.833333,105.01598358154297,test
2016-06-08 13:00:00,2016-06-08 14:00:00,h1,1,Beijing,XGBoost,102.138889,102.84993743896484,test
2016-06-08 14:00:00,2016-06-08 15:00:00,h1,1,Beijing,XGBoost,110.861111,98.25987243652344,test
2016-06-08 15:00:00,2016-06-08 16:00:00,h1,1,Beijing,XGBoost,103.083333,117.89238739013672,test
2016-06-08 16:00:00,2016-06-08 17:00:00,h1,1,Beijing,XGBoost,113.75,101.53865814208984,test
2016-06-08 17:00:00,2016-06-08 18:00:00,h1,1,Beijing,XGBoost,115.25,120.58049774169922,test
2016-06-08 18:00:00,2016-06-08 19:00:00,h1,1,Beijing,XGBoost,154.166667,117.96543884277344,test
2016-06-08 19:00:00,2016-06-08 20:00:00,h1,1,Beijing,XGBoost,183.416667,174.50045776367188,test
2016-06-08 20:00:00,2016-06-08 21:00:00,h1,1,Beijing,XGBoost,182.666667,179.8439483642578,test
2016-06-08 21:00:00,2016-06-08 22:00:00,h1,1,Beijing,XGBoost,178.916667,180.3629913330078,test
2016-06-08 22:00:00,2016-06-08 23:00:00,h1,1,Beijing,XGBoost,178.166667,176.81787109375,test
2016-06-08 23:00:00,2016-06-09 00:00:00,h1,1,Beijing,XGBoost,177.0,167.4415283203125,test
2016-06-09 00:00:00,2016-06-09 01:00:00,h1,1,Beijing,XGBoost,158.916667,171.2285614013672,test
2016-06-09 01:00:00,2016-06-09 02:00:00,h1,1,Beijing,XGBoost,153.333333,152.8548583984375,test
2016-06-09 02:00:00,2016-06-09 03:00:00,h1,1,Beijing,XGBoost,145.583333,152.75599670410156,test
2016-06-09 03:00:00,2016-06-09 04:00:00,h1,1,Beijing,XGBoost,142.5,143.30799865722656,test
2016-06-09 04:00:00,2016-06-09 05:00:00,h1,1,Beijing,XGBoost,142.083333,137.5625,test
2016-06-09 05:00:00,2016-06-09 06:00:00,h1,1,Beijing,XGBoost,142.333333,142.65130615234375,test
2016-06-09 06:00:00,2016-06-09 07:00:00,h1,1,Beijing,XGBoost,150.166667,144.71981811523438,test
2016-06-09 07:00:00,2016-06-09 08:00:00,h1,1,Beijing,XGBoost,161.416667,157.05860900878906,test
2016-06-09 08:00:00,2016-06-09 09:00:00,h1,1,Beijing,XGBoost,165.5,172.347900390625,test
2016-06-09 09:00:00,2016-06-09 10:00:00,h1,1,Beijing,XGBoost,172.083333,165.78831481933594,test
2016-06-09 10:00:00,2016-06-09 11:00:00,h1,1,Beijing,XGBoost,162.916667,173.5500946044922,test
2016-06-09 11:00:00,2016-06-09 12:00:00,h1,1,Beijing,XGBoost,128.0,143.1187286376953,test
2016-06-09 12:00:00,2016-06-09 13:00:00,h1,1,Beijing,XGBoost,106.083333,91.43885040283203,test
2016-06-09 13:00:00,2016-06-09 14:00:00,h1,1,Beijing,XGBoost,75.833333,79.33174896240234,test
2016-06-09 14:00:00,2016-06-09 15:00:00,h1,1,Beijing,XGBoost,68.916667,71.1354751586914,test
2016-06-09 15:00:00,2016-06-09 16:00:00,h1,1,Beijing,XGBoost,59.083333,60.84636306762695,test
2016-06-09 16:00:00,2016-06-09 17:00:00,h1,1,Beijing,XGBoost,54.833333,55.7779426574707,test
2016-06-09 17:00:00,2016-06-09 18:00:00,h1,1,Beijing,XGBoost,52.583333,54.33095932006836,test
2016-06-09 18:00:00,2016-06-09 19:00:00,h1,1,Beijing,XGBoost,47.083333,55.63468933105469,test
2016-06-09 19:00:00,2016-06-09 20:00:00,h1,1,Beijing,XGBoost,47.333333,45.45419692993164,test
2016-06-09 20:00:00,2016-06-09 21:00:00,h1,1,Beijing,XGBoost,52.416667,45.53931427001953,test
2016-06-09 21:00:00,2016-06-09 22:00:00,h1,1,Beijing,XGBoost,57.166667,55.240814208984375,test
2016-06-09 22:00:00,2016-06-09 23:00:00,h1,1,Beijing,XGBoost,57.916667,45.649932861328125,test
2016-06-09 23:00:00,2016-06-10 00:00:00,h1,1,Beijing,XGBoost,58.916667,56.698883056640625,test
2016-06-10 00:00:00,2016-06-10 01:00:00,h1,1,Beijing,XGBoost,57.916667,56.68789291381836,test
2016-06-10 01:00:00,2016-06-10 02:00:00,h1,1,Beijing,XGBoost,57.666667,53.78068923950195,test
2016-06-10 02:00:00,2016-06-10 03:00:00,h1,1,Beijing,XGBoost,59.0,57.29123306274414,test
2016-06-10 03:00:00,2016-06-10 04:00:00,h1,1,Beijing,XGBoost,55.333333,58.74571228027344,test
2016-06-10 04:00:00,2016-06-10 05:00:00,h1,1,Beijing,XGBoost,50.083333,52.43320083618164,test
2016-06-10 05:00:00,2016-06-10 06:00:00,h1,1,Beijing,XGBoost,48.083333,49.79454803466797,test
2016-06-10 06:00:00,2016-06-10 07:00:00,h1,1,Beijing,XGBoost,50.25,47.96275329589844,test
2016-06-10 07:00:00,2016-06-10 08:00:00,h1,1,Beijing,XGBoost,52.666667,54.10264205932617,test
2016-06-10 08:00:00,2016-06-10 09:00:00,h1,1,Beijing,XGBoost,54.0,57.56565475463867,test
2016-06-10 09:00:00,2016-06-10 10:00:00,h1,1,Beijing,XGBoost,64.166667,59.41826629638672,test
2016-06-10 10:00:00,2016-06-10 11:00:00,h1,1,Beijing,XGBoost,73.083333,72.23399353027344,test
2016-06-10 11:00:00,2016-06-10 12:00:00,h1,1,Beijing,XGBoost,90.166667,78.08900451660156,test
2016-06-10 12:00:00,2016-06-10 13:00:00,h1,1,Beijing,XGBoost,99.75,101.04009246826172,test
2016-06-10 13:00:00,2016-06-10 14:00:00,h1,1,Beijing,XGBoost,101.25,105.55842590332031,test
2016-06-10 14:00:00,2016-06-10 15:00:00,h1,1,Beijing,XGBoost,96.083333,97.87849426269531,test
2016-06-10 15:00:00,2016-06-10 16:00:00,h1,1,Beijing,XGBoost,67.041667,92.85604095458984,test
2016-06-10 16:00:00,2016-06-10 17:00:00,h1,1,Beijing,XGBoost,39.083333,26.311735153198242,test
2016-06-10 17:00:00,2016-06-10 18:00:00,h1,1,Beijing,XGBoost,17.45,29.656902313232422,test
2016-06-10 18:00:00,2016-06-10 19:00:00,h1,1,Beijing,XGBoost,10.316667,14.450028419494629,test
2016-06-10 19:00:00,2016-06-10 20:00:00,h1,1,Beijing,XGBoost,8.766667,13.403088569641113,test
2016-06-10 20:00:00,2016-06-10 21:00:00,h1,1,Beijing,XGBoost,8.425,11.62188720703125,test
2016-06-10 21:00:00,2016-06-10 22:00:00,h1,1,Beijing,XGBoost,9.583333,11.892080307006836,test
2016-06-10 22:00:00,2016-06-10 23:00:00,h1,1,Beijing,XGBoost,11.166667,9.374329566955566,test
2016-06-10 23:00:00,2016-06-11 00:00:00,h1,1,Beijing,XGBoost,9.75,13.332429885864258,test
2016-06-11 00:00:00,2016-06-11 01:00:00,h1,1,Beijing,XGBoost,10.333333,10.686617851257324,test
2016-06-11 01:00:00,2016-06-11 02:00:00,h1,1,Beijing,XGBoost,7.0,9.650455474853516,test
2016-06-11 02:00:00,2016-06-11 03:00:00,h1,1,Beijing,XGBoost,4.75,8.429349899291992,test
2016-06-11 03:00:00,2016-06-11 04:00:00,h1,1,Beijing,XGBoost,5.5,6.800004959106445,test
2016-06-11 04:00:00,2016-06-11 05:00:00,h1,1,Beijing,XGBoost,5.166667,7.3490166664123535,test
2016-06-11 05:00:00,2016-06-11 06:00:00,h1,1,Beijing,XGBoost,9.083333,6.7929253578186035,test
2016-06-11 06:00:00,2016-06-11 07:00:00,h1,1,Beijing,XGBoost,9.333333,12.947897911071777,test
2016-06-11 07:00:00,2016-06-11 08:00:00,h1,1,Beijing,XGBoost,9.75,10.346497535705566,test
2016-06-11 08:00:00,2016-06-11 09:00:00,h1,1,Beijing,XGBoost,8.166667,9.33732795715332,test
2016-06-11 09:00:00,2016-06-11 10:00:00,h1,1,Beijing,XGBoost,7.916667,7.908206462860107,test
2016-06-11 10:00:00,2016-06-11 11:00:00,h1,1,Beijing,XGBoost,6.916667,7.768009662628174,test
2016-06-11 11:00:00,2016-06-11 12:00:00,h1,1,Beijing,XGBoost,7.916667,7.202921390533447,test
2016-06-11 12:00:00,2016-06-11 13:00:00,h1,1,Beijing,XGBoost,7.583333,8.533082008361816,test
2016-06-11 13:00:00,2016-06-11 14:00:00,h1,1,Beijing,XGBoost,8.083333,8.138116836547852,test
2016-06-11 14:00:00,2016-06-11 15:00:00,h1,1,Beijing,XGBoost,6.416667,8.373122215270996,test
2016-06-11 15:00:00,2016-06-11 16:00:00,h1,1,Beijing,XGBoost,9.083333,7.714671611785889,test
2016-06-11 16:00:00,2016-06-11 17:00:00,h1,1,Beijing,XGBoost,7.166667,9.478667259216309,test
2016-06-11 17:00:00,2016-06-11 18:00:00,h1,1,Beijing,XGBoost,8.666667,9.046025276184082,test
2016-06-11 18:00:00,2016-06-11 19:00:00,h1,1,Beijing,XGBoost,10.916667,10.6989164352417,test
2016-06-11 19:00:00,2016-06-11 20:00:00,h1,1,Beijing,XGBoost,14.5,13.2306547164917,test
2016-06-11 20:00:00,2016-06-11 21:00:00,h1,1,Beijing,XGBoost,20.25,15.78066349029541,test
2016-06-11 21:00:00,2016-06-11 22:00:00,h1,1,Beijing,XGBoost,22.0,26.87916374206543,test
2016-06-11 22:00:00,2016-06-11 23:00:00,h1,1,Beijing,XGBoost,27.0,25.186336517333984,test
2016-06-11 23:00:00,2016-06-12 00:00:00,h1,1,Beijing,XGBoost,31.166667,28.88333511352539,test
2016-06-12 00:00:00,2016-06-12 01:00:00,h1,1,Beijing,XGBoost,49.5,35.08834457397461,test
2016-06-12 01:00:00,2016-06-12 02:00:00,h1,1,Beijing,XGBoost,68.666667,55.20331954956055,test
2016-06-12 02:00:00,2016-06-12 03:00:00,h1,1,Beijing,XGBoost,74.583333,78.32809448242188,test
2016-06-12 03:00:00,2016-06-12 04:00:00,h1,1,Beijing,XGBoost,77.333333,77.41763305664062,test
2016-06-12 04:00:00,2016-06-12 05:00:00,h1,1,Beijing,XGBoost,78.833333,78.38468170166016,test
2016-06-12 05:00:00,2016-06-12 06:00:00,h1,1,Beijing,XGBoost,80.083333,81.13159942626953,test
2016-06-12 06:00:00,2016-06-12 07:00:00,h1,1,Beijing,XGBoost,83.583333,80.64128112792969,test
2016-06-12 07:00:00,2016-06-12 08:00:00,h1,1,Beijing,XGBoost,91.416667,89.51602935791016,test
2016-06-12 08:00:00,2016-06-12 09:00:00,h1,1,Beijing,XGBoost,98.75,95.75081634521484,test
2016-06-12 09:00:00,2016-06-12 10:00:00,h1,1,Beijing,XGBoost,102.083333,102.05518341064453,test
2016-06-12 10:00:00,2016-06-12 11:00:00,h1,1,Beijing,XGBoost,101.416667,102.34956359863281,test
2016-06-12 11:00:00,2016-06-12 12:00:00,h1,1,Beijing,XGBoost,97.75,103.68952941894531,test
2016-06-12 12:00:00,2016-06-12 13:00:00,h1,1,Beijing,XGBoost,79.5,95.06306457519531,test
2016-06-12 13:00:00,2016-06-12 14:00:00,h1,1,Beijing,XGBoost,63.166667,71.17230987548828,test
2016-06-12 14:00:00,2016-06-12 15:00:00,h1,1,Beijing,XGBoost,54.583333,53.94261932373047,test
2016-06-12 15:00:00,2016-06-12 16:00:00,h1,1,Beijing,XGBoost,52.416667,49.966426849365234,test
2016-06-12 16:00:00,2016-06-12 17:00:00,h1,1,Beijing,XGBoost,43.75,55.28104019165039,test
2016-06-12 17:00:00,2016-06-12 18:00:00,h1,1,Beijing,XGBoost,52.5,43.770381927490234,test
2016-06-12 18:00:00,2016-06-12 19:00:00,h1,1,Beijing,XGBoost,41.666667,57.50483703613281,test
2016-06-12 19:00:00,2016-06-12 20:00:00,h1,1,Beijing,XGBoost,39.5,45.03817367553711,test
2016-06-12 20:00:00,2016-06-12 21:00:00,h1,1,Beijing,XGBoost,54.583333,39.66122055053711,test
2016-06-12 21:00:00,2016-06-12 22:00:00,h1,1,Beijing,XGBoost,64.583333,59.7830696105957,test
2016-06-12 22:00:00,2016-06-12 23:00:00,h1,1,Beijing,XGBoost,57.416667,71.90198516845703,test
2016-06-12 23:00:00,2016-06-13 00:00:00,h1,1,Beijing,XGBoost,52.75,52.4928092956543,test
2016-06-13 00:00:00,2016-06-13 01:00:00,h1,1,Beijing,XGBoost,67.75,48.00101089477539,test
2016-06-13 01:00:00,2016-06-13 02:00:00,h1,1,Beijing,XGBoost,54.583333,71.59019470214844,test
2016-06-13 02:00:00,2016-06-13 03:00:00,h1,1,Beijing,XGBoost,47.0,46.41877746582031,test
2016-06-13 03:00:00,2016-06-13 04:00:00,h1,1,Beijing,XGBoost,45.083333,44.266357421875,test
2016-06-13 04:00:00,2016-06-13 05:00:00,h1,1,Beijing,XGBoost,44.25,42.07786178588867,test
2016-06-13 05:00:00,2016-06-13 06:00:00,h1,1,Beijing,XGBoost,39.583333,44.50501251220703,test
2016-06-13 06:00:00,2016-06-13 07:00:00,h1,1,Beijing,XGBoost,34.833333,39.731109619140625,test
2016-06-13 07:00:00,2016-06-13 08:00:00,h1,1,Beijing,XGBoost,37.5,35.1680908203125,test
2016-06-13 08:00:00,2016-06-13 09:00:00,h1,1,Beijing,XGBoost,38.833333,39.829124450683594,test
2016-06-13 09:00:00,2016-06-13 10:00:00,h1,1,Beijing,XGBoost,37.645833,38.68915939331055,test
2016-06-13 10:00:00,2016-06-13 11:00:00,h1,1,Beijing,XGBoost,36.069444,34.95359802246094,test
2016-06-13 11:00:00,2016-06-13 12:00:00,h1,1,Beijing,XGBoost,35.326389,34.53969955444336,test
2016-06-13 12:00:00,2016-06-13 13:00:00,h1,1,Beijing,XGBoost,37.833333,35.2956428527832,test
2016-06-13 13:00:00,2016-06-13 14:00:00,h1,1,Beijing,XGBoost,39.333333,38.2172966003418,test
2016-06-13 14:00:00,2016-06-13 15:00:00,h1,1,Beijing,XGBoost,36.916667,38.48219680786133,test
2016-06-13 15:00:00,2016-06-13 16:00:00,h1,1,Beijing,XGBoost,41.5,37.40381622314453,test
2016-06-13 16:00:00,2016-06-13 17:00:00,h1,1,Beijing,XGBoost,43.75,42.08616256713867,test
2016-06-13 17:00:00,2016-06-13 18:00:00,h1,1,Beijing,XGBoost,47.25,46.370521545410156,test
2016-06-13 18:00:00,2016-06-13 19:00:00,h1,1,Beijing,XGBoost,50.5,51.243255615234375,test
2016-06-13 19:00:00,2016-06-13 20:00:00,h1,1,Beijing,XGBoost,53.75,54.39337921142578,test
2016-06-13 20:00:00,2016-06-13 21:00:00,h1,1,Beijing,XGBoost,53.416667,55.96001052856445,test
2016-06-13 21:00:00,2016-06-13 22:00:00,h1,1,Beijing,XGBoost,53.0,54.679527282714844,test
2016-06-13 22:00:00,2016-06-13 23:00:00,h1,1,Beijing,XGBoost,55.25,53.75447463989258,test
2016-06-13 23:00:00,2016-06-14 00:00:00,h1,1,Beijing,XGBoost,55.75,57.98131561279297,test
2016-06-14 00:00:00,2016-06-14 01:00:00,h1,1,Beijing,XGBoost,54.416667,56.364990234375,test
2016-06-14 01:00:00,2016-06-14 02:00:00,h1,1,Beijing,XGBoost,53.083333,54.518653869628906,test
2016-06-14 02:00:00,2016-06-14 03:00:00,h1,1,Beijing,XGBoost,53.25,54.98487091064453,test
2016-06-14 03:00:00,2016-06-14 04:00:00,h1,1,Beijing,XGBoost,55.0,55.12194061279297,test
2016-06-14 04:00:00,2016-06-14 05:00:00,h1,1,Beijing,XGBoost,51.25,57.152252197265625,test
2016-06-14 05:00:00,2016-06-14 06:00:00,h1,1,Beijing,XGBoost,47.75,51.84239959716797,test
2016-06-14 06:00:00,2016-06-14 07:00:00,h1,1,Beijing,XGBoost,43.916667,49.026390075683594,test
2016-06-14 07:00:00,2016-06-14 08:00:00,h1,1,Beijing,XGBoost,40.916667,42.82942581176758,test
2016-06-14 08:00:00,2016-06-14 09:00:00,h1,1,Beijing,XGBoost,37.833333,41.17779541015625,test
2016-06-14 09:00:00,2016-06-14 10:00:00,h1,1,Beijing,XGBoost,31.0,36.55110168457031,test
2016-06-14 10:00:00,2016-06-14 11:00:00,h1,1,Beijing,XGBoost,29.833333,26.943359375,test
2016-06-14 11:00:00,2016-06-14 12:00:00,h1,1,Beijing,XGBoost,32.5,29.27334213256836,test
2016-06-14 12:00:00,2016-06-14 13:00:00,h1,1,Beijing,XGBoost,30.833333,35.604312896728516,test
2016-06-14 13:00:00,2016-06-14 14:00:00,h1,1,Beijing,XGBoost,28.166667,32.347381591796875,test
2016-06-14 14:00:00,2016-06-14 15:00:00,h1,1,Beijing,XGBoost,20.75,26.102807998657227,test
2016-06-14 15:00:00,2016-06-14 16:00:00,h1,1,Beijing,XGBoost,22.5,19.776973724365234,test
2016-06-14 16:00:00,2016-06-14 17:00:00,h1,1,Beijing,XGBoost,22.833333,23.18132972717285,test
2016-06-14 17:00:00,2016-06-14 18:00:00,h1,1,Beijing,XGBoost,23.25,25.049938201904297,test
2016-06-14 18:00:00,2016-06-14 19:00:00,h1,1,Beijing,XGBoost,22.5,23.682628631591797,test
2016-06-14 19:00:00,2016-06-14 20:00:00,h1,1,Beijing,XGBoost,23.166667,24.050601959228516,test
2016-06-14 20:00:00,2016-06-14 21:00:00,h1,1,Beijing,XGBoost,22.916667,24.86088752746582,test
2016-06-14 21:00:00,2016-06-14 22:00:00,h1,1,Beijing,XGBoost,21.166667,23.092140197753906,test
2016-06-14 22:00:00,2016-06-14 23:00:00,h1,1,Beijing,XGBoost,21.0,21.673431396484375,test
2016-06-14 23:00:00,2016-06-15 00:00:00,h1,1,Beijing,XGBoost,23.833333,21.152624130249023,test
2016-06-15 00:00:00,2016-06-15 01:00:00,h1,1,Beijing,XGBoost,19.916667,24.469423294067383,test
2016-06-15 01:00:00,2016-06-15 02:00:00,h1,1,Beijing,XGBoost,15.166667,19.164514541625977,test
2016-06-15 02:00:00,2016-06-15 03:00:00,h1,1,Beijing,XGBoost,13.333333,15.847203254699707,test
2016-06-15 03:00:00,2016-06-15 04:00:00,h1,1,Beijing,XGBoost,12.416667,14.010234832763672,test
2016-06-15 04:00:00,2016-06-15 05:00:00,h1,1,Beijing,XGBoost,13.25,12.959785461425781,test
2016-06-15 05:00:00,2016-06-15 06:00:00,h1,1,Beijing,XGBoost,12.916667,14.347589492797852,test
2016-06-15 06:00:00,2016-06-15 07:00:00,h1,1,Beijing,XGBoost,17.083333,14.095370292663574,test
2016-06-15 07:00:00,2016-06-15 08:00:00,h1,1,Beijing,XGBoost,16.583333,21.15892219543457,test
2016-06-15 08:00:00,2016-06-15 09:00:00,h1,1,Beijing,XGBoost,18.166667,17.348527908325195,test
2016-06-15 09:00:00,2016-06-15 10:00:00,h1,1,Beijing,XGBoost,16.75,18.710844039916992,test
2016-06-15 10:00:00,2016-06-15 11:00:00,h1,1,Beijing,XGBoost,13.777778,17.364608764648438,test
2016-06-15 11:00:00,2016-06-15 12:00:00,h1,1,Beijing,XGBoost,14.472222,12.550265312194824,test
2016-06-15 12:00:00,2016-06-15 13:00:00,h1,1,Beijing,XGBoost,13.583333,14.101034164428711,test
2016-06-15 13:00:00,2016-06-15 14:00:00,h1,1,Beijing,XGBoost,17.083333,14.478403091430664,test
2016-06-15 14:00:00,2016-06-15 15:00:00,h1,1,Beijing,XGBoost,16.416667,18.49212646484375,test
2016-06-15 15:00:00,2016-06-15 16:00:00,h1,1,Beijing,XGBoost,17.833333,17.512495040893555,test
2016-06-15 16:00:00,2016-06-15 17:00:00,h1,1,Beijing,XGBoost,19.833333,18.776325225830078,test
2016-06-15 17:00:00,2016-06-15 18:00:00,h1,1,Beijing,XGBoost,21.833333,20.59743309020996,test
2016-06-15 18:00:00,2016-06-15 19:00:00,h1,1,Beijing,XGBoost,24.166667,23.585588455200195,test
2016-06-15 19:00:00,2016-06-15 20:00:00,h1,1,Beijing,XGBoost,26.333333,28.193361282348633,test
2016-06-15 20:00:00,2016-06-15 21:00:00,h1,1,Beijing,XGBoost,28.0,29.151716232299805,test
2016-06-15 21:00:00,2016-06-15 22:00:00,h1,1,Beijing,XGBoost,23.25,27.615081787109375,test
2016-06-15 22:00:00,2016-06-15 23:00:00,h1,1,Beijing,XGBoost,23.333333,23.50047492980957,test
2016-06-15 23:00:00,2016-06-16 00:00:00,h1,1,Beijing,XGBoost,25.5,23.44304084777832,test
2016-06-16 00:00:00,2016-06-16 01:00:00,h1,1,Beijing,XGBoost,23.583333,27.800161361694336,test
2016-06-16 01:00:00,2016-06-16 02:00:00,h1,1,Beijing,XGBoost,21.638889,24.030887603759766,test
2016-06-16 02:00:00,2016-06-16 03:00:00,h1,1,Beijing,XGBoost,22.361111,22.027294158935547,test
2016-06-16 03:00:00,2016-06-16 04:00:00,h1,1,Beijing,XGBoost,24.083333,24.190231323242188,test
2016-06-16 04:00:00,2016-06-16 05:00:00,h1,1,Beijing,XGBoost,32.25,25.04768180847168,test
2016-06-16 05:00:00,2016-06-16 06:00:00,h1,1,Beijing,XGBoost,25.333333,39.21995544433594,test
2016-06-16 06:00:00,2016-06-16 07:00:00,h1,1,Beijing,XGBoost,25.416667,25.3758487701416,test
2016-06-16 07:00:00,2016-06-16 08:00:00,h1,1,Beijing,XGBoost,25.75,25.637569427490234,test
2016-06-16 08:00:00,2016-06-16 09:00:00,h1,1,Beijing,XGBoost,30.333333,26.90609359741211,test
2016-06-16 09:00:00,2016-06-16 10:00:00,h1,1,Beijing,XGBoost,28.25,33.54701614379883,test
2016-06-16 10:00:00,2016-06-16 11:00:00,h1,1,Beijing,XGBoost,27.0,29.01243782043457,test
2016-06-16 11:00:00,2016-06-16 12:00:00,h1,1,Beijing,XGBoost,25.333333,26.32477378845215,test
2016-06-16 12:00:00,2016-06-16 13:00:00,h1,1,Beijing,XGBoost,29.083333,25.013809204101562,test
2016-06-16 13:00:00,2016-06-16 14:00:00,h1,1,Beijing,XGBoost,22.555556,31.79878807067871,test
2016-06-16 14:00:00,2016-06-16 15:00:00,h1,1,Beijing,XGBoost,20.027778,22.761398315429688,test
2016-06-16 15:00:00,2016-06-16 16:00:00,h1,1,Beijing,XGBoost,17.875,19.985271453857422,test
2016-06-16 16:00:00,2016-06-16 17:00:00,h1,1,Beijing,XGBoost,14.333333,17.284420013427734,test
2016-06-16 17:00:00,2016-06-16 18:00:00,h1,1,Beijing,XGBoost,17.5,13.983380317687988,test
2016-06-16 18:00:00,2016-06-16 19:00:00,h1,1,Beijing,XGBoost,24.125,19.926897048950195,test
2016-06-16 19:00:00,2016-06-16 20:00:00,h1,1,Beijing,XGBoost,24.166667,28.826133728027344,test
2016-06-16 20:00:00,2016-06-16 21:00:00,h1,1,Beijing,XGBoost,28.083333,26.990079879760742,test
2016-06-16 21:00:00,2016-06-16 22:00:00,h1,1,Beijing,XGBoost,28.083333,32.38322448730469,test
2016-06-16 22:00:00,2016-06-16 23:00:00,h1,1,Beijing,XGBoost,30.083333,29.810014724731445,test
2016-06-16 23:00:00,2016-06-17 00:00:00,h1,1,Beijing,XGBoost,35.416667,33.49880599975586,test
2016-06-17 00:00:00,2016-06-17 01:00:00,h1,1,Beijing,XGBoost,34.666667,40.9013671875,test
2016-06-17 01:00:00,2016-06-17 02:00:00,h1,1,Beijing,XGBoost,33.5,36.48109817504883,test
2016-06-17 02:00:00,2016-06-17 03:00:00,h1,1,Beijing,XGBoost,26.083333,32.35929489135742,test
2016-06-17 03:00:00,2016-06-17 04:00:00,h1,1,Beijing,XGBoost,23.5,23.527103424072266,test
2016-06-17 04:00:00,2016-06-17 05:00:00,h1,1,Beijing,XGBoost,21.916667,21.76213264465332,test
2016-06-17 05:00:00,2016-06-17 06:00:00,h1,1,Beijing,XGBoost,24.583333,21.519359588623047,test
2016-06-17 06:00:00,2016-06-17 07:00:00,h1,1,Beijing,XGBoost,23.083333,29.171337127685547,test
2016-06-17 07:00:00,2016-06-17 08:00:00,h1,1,Beijing,XGBoost,21.166667,23.23564910888672,test
2016-06-17 08:00:00,2016-06-17 09:00:00,h1,1,Beijing,XGBoost,26.083333,21.370729446411133,test
2016-06-17 09:00:00,2016-06-17 10:00:00,h1,1,Beijing,XGBoost,20.833333,27.951126098632812,test
2016-06-17 10:00:00,2016-06-17 11:00:00,h1,1,Beijing,XGBoost,17.25,16.726150512695312,test
2016-06-17 11:00:00,2016-06-17 12:00:00,h1,1,Beijing,XGBoost,16.916667,15.796093940734863,test
2016-06-17 12:00:00,2016-06-17 13:00:00,h1,1,Beijing,XGBoost,15.916667,16.168920516967773,test
2016-06-17 13:00:00,2016-06-17 14:00:00,h1,1,Beijing,XGBoost,18.75,15.996923446655273,test
2016-06-17 14:00:00,2016-06-17 15:00:00,h1,1,Beijing,XGBoost,15.0,21.287742614746094,test
2016-06-17 15:00:00,2016-06-17 16:00:00,h1,1,Beijing,XGBoost,17.5,15.156452178955078,test
2016-06-17 16:00:00,2016-06-17 17:00:00,h1,1,Beijing,XGBoost,22.166667,16.947452545166016,test
2016-06-17 17:00:00,2016-06-17 18:00:00,h1,1,Beijing,XGBoost,18.666667,24.80337905883789,test
2016-06-17 18:00:00,2016-06-17 19:00:00,h1,1,Beijing,XGBoost,18.625,19.448652267456055,test
2016-06-17 19:00:00,2016-06-17 20:00:00,h1,1,Beijing,XGBoost,23.5,19.418153762817383,test
2016-06-17 20:00:00,2016-06-17 21:00:00,h1,1,Beijing,XGBoost,27.125,26.061180114746094,test
2016-06-17 21:00:00,2016-06-17 22:00:00,h1,1,Beijing,XGBoost,24.75,31.088987350463867,test
2016-06-17 22:00:00,2016-06-17 23:00:00,h1,1,Beijing,XGBoost,28.416667,27.259323120117188,test
2016-06-17 23:00:00,2016-06-18 00:00:00,h1,1,Beijing,XGBoost,30.083333,32.848453521728516,test
2016-06-18 00:00:00,2016-06-18 01:00:00,h1,1,Beijing,XGBoost,30.166667,31.86539649963379,test
2016-06-18 01:00:00,2016-06-18 02:00:00,h1,1,Beijing,XGBoost,30.0,30.894611358642578,test
2016-06-18 02:00:00,2016-06-18 03:00:00,h1,1,Beijing,XGBoost,28.75,31.657054901123047,test
2016-06-18 03:00:00,2016-06-18 04:00:00,h1,1,Beijing,XGBoost,26.875,32.835147857666016,test
2016-06-18 04:00:00,2016-06-18 05:00:00,h1,1,Beijing,XGBoost,29.166667,26.6809139251709,test
2016-06-18 05:00:00,2016-06-18 06:00:00,h1,1,Beijing,XGBoost,28.25,30.506826400756836,test
2016-06-18 06:00:00,2016-06-18 07:00:00,h1,1,Beijing,XGBoost,30.583333,29.67841339111328,test
2016-06-18 07:00:00,2016-06-18 08:00:00,h1,1,Beijing,XGBoost,32.75,33.08196258544922,test
2016-06-18 08:00:00,2016-06-18 09:00:00,h1,1,Beijing,XGBoost,35.75,34.41949462890625,test
2016-06-18 09:00:00,2016-06-18 10:00:00,h1,1,Beijing,XGBoost,36.75,37.20071029663086,test
2016-06-18 10:00:00,2016-06-18 11:00:00,h1,1,Beijing,XGBoost,44.833333,36.97389221191406,test
2016-06-18 11:00:00,2016-06-18 12:00:00,h1,1,Beijing,XGBoost,47.083333,48.6764030456543,test
2016-06-18 12:00:00,2016-06-18 13:00:00,h1,1,Beijing,XGBoost,37.75,48.74755859375,test
2016-06-18 13:00:00,2016-06-18 14:00:00,h1,1,Beijing,XGBoost,36.333333,35.8828239440918,test
2016-06-18 14:00:00,2016-06-18 15:00:00,h1,1,Beijing,XGBoost,38.0,35.55377960205078,test
2016-06-18 15:00:00,2016-06-18 16:00:00,h1,1,Beijing,XGBoost,42.583333,39.705142974853516,test
2016-06-18 16:00:00,2016-06-18 17:00:00,h1,1,Beijing,XGBoost,43.75,44.967124938964844,test
2016-06-18 17:00:00,2016-06-18 18:00:00,h1,1,Beijing,XGBoost,45.833333,45.47603225708008,test
2016-06-18 18:00:00,2016-06-18 19:00:00,h1,1,Beijing,XGBoost,43.166667,48.181087493896484,test
2016-06-18 19:00:00,2016-06-18 20:00:00,h1,1,Beijing,XGBoost,47.916667,43.47111892700195,test
2016-06-18 20:00:00,2016-06-18 21:00:00,h1,1,Beijing,XGBoost,51.166667,51.153106689453125,test
2016-06-18 21:00:00,2016-06-18 22:00:00,h1,1,Beijing,XGBoost,57.416667,54.039833068847656,test
2016-06-18 22:00:00,2016-06-18 23:00:00,h1,1,Beijing,XGBoost,68.083333,59.1107292175293,test
2016-06-18 23:00:00,2016-06-19 00:00:00,h1,1,Beijing,XGBoost,65.333333,72.17015838623047,test
2016-06-19 00:00:00,2016-06-19 01:00:00,h1,1,Beijing,XGBoost,59.666667,64.03096771240234,test
2016-06-19 01:00:00,2016-06-19 02:00:00,h1,1,Beijing,XGBoost,57.5,55.79658889770508,test
2016-06-19 02:00:00,2016-06-19 03:00:00,h1,1,Beijing,XGBoost,58.083333,57.0151481628418,test
2016-06-19 03:00:00,2016-06-19 04:00:00,h1,1,Beijing,XGBoost,57.416667,58.82972717285156,test
2016-06-19 04:00:00,2016-06-19 05:00:00,h1,1,Beijing,XGBoost,59.0,56.39321517944336,test
2016-06-19 05:00:00,2016-06-19 06:00:00,h1,1,Beijing,XGBoost,57.916667,59.95130157470703,test
2016-06-19 06:00:00,2016-06-19 07:00:00,h1,1,Beijing,XGBoost,68.583333,57.82257080078125,test
2016-06-19 07:00:00,2016-06-19 08:00:00,h1,1,Beijing,XGBoost,84.333333,76.46556091308594,test
2016-06-19 08:00:00,2016-06-19 09:00:00,h1,1,Beijing,XGBoost,89.333333,96.48212432861328,test
2016-06-19 09:00:00,2016-06-19 10:00:00,h1,1,Beijing,XGBoost,83.5,90.38605499267578,test
2016-06-19 10:00:00,2016-06-19 11:00:00,h1,1,Beijing,XGBoost,71.5,77.10802459716797,test
2016-06-19 11:00:00,2016-06-19 12:00:00,h1,1,Beijing,XGBoost,57.166667,62.57571792602539,test
2016-06-19 12:00:00,2016-06-19 13:00:00,h1,1,Beijing,XGBoost,54.833333,49.46727752685547,test
2016-06-19 13:00:00,2016-06-19 14:00:00,h1,1,Beijing,XGBoost,42.333333,53.769554138183594,test
2016-06-19 14:00:00,2016-06-19 15:00:00,h1,1,Beijing,XGBoost,30.416667,35.257080078125,test
2016-06-19 15:00:00,2016-06-19 16:00:00,h1,1,Beijing,XGBoost,31.0,23.132774353027344,test
2016-06-19 16:00:00,2016-06-19 17:00:00,h1,1,Beijing,XGBoost,28.25,33.43745040893555,test
2016-06-19 17:00:00,2016-06-19 18:00:00,h1,1,Beijing,XGBoost,32.416667,28.710124969482422,test
2016-06-19 18:00:00,2016-06-19 19:00:00,h1,1,Beijing,XGBoost,33.583333,36.56937026977539,test
2016-06-19 19:00:00,2016-06-19 20:00:00,h1,1,Beijing,XGBoost,38.666667,35.824581146240234,test
2016-06-19 20:00:00,2016-06-19 21:00:00,h1,1,Beijing,XGBoost,43.25,40.5985107421875,test
2016-06-19 21:00:00,2016-06-19 22:00:00,h1,1,Beijing,XGBoost,81.833333,47.012752532958984,test
2016-06-19 22:00:00,2016-06-19 23:00:00,h1,1,Beijing,XGBoost,121.416667,99.39861297607422,test
2016-06-19 23:00:00,2016-06-20 00:00:00,h1,1,Beijing,XGBoost,38.833333,123.94764709472656,test
2016-06-22 00:00:00,2016-06-22 01:00:00,h1,1,Beijing,XGBoost,40.25,26.392797470092773,test
2016-06-22 01:00:00,2016-06-22 02:00:00,h1,1,Beijing,XGBoost,33.916667,42.869319915771484,test
2016-06-22 02:00:00,2016-06-22 03:00:00,h1,1,Beijing,XGBoost,31.5,31.901721954345703,test
2016-06-22 03:00:00,2016-06-22 04:00:00,h1,1,Beijing,XGBoost,32.583333,34.527122497558594,test
2016-06-22 04:00:00,2016-06-22 05:00:00,h1,1,Beijing,XGBoost,34.583333,33.438232421875,test
2016-06-22 05:00:00,2016-06-22 06:00:00,h1,1,Beijing,XGBoost,37.916667,36.488677978515625,test
2016-06-22 06:00:00,2016-06-22 07:00:00,h1,1,Beijing,XGBoost,39.333333,39.29787826538086,test
2016-06-22 07:00:00,2016-06-22 08:00:00,h1,1,Beijing,XGBoost,39.166667,42.16116714477539,test
2016-06-22 08:00:00,2016-06-22 09:00:00,h1,1,Beijing,XGBoost,42.666667,42.06264877319336,test
2016-06-22 09:00:00,2016-06-22 10:00:00,h1,1,Beijing,XGBoost,42.75,45.81087112426758,test
2016-06-22 10:00:00,2016-06-22 11:00:00,h1,1,Beijing,XGBoost,54.666667,44.53931427001953,test
2016-06-22 11:00:00,2016-06-22 12:00:00,h1,1,Beijing,XGBoost,68.083333,63.172306060791016,test
2016-06-22 12:00:00,2016-06-22 13:00:00,h1,1,Beijing,XGBoost,77.333333,79.36254119873047,test
2016-06-22 13:00:00,2016-06-22 14:00:00,h1,1,Beijing,XGBoost,77.75,84.21546173095703,test
2016-06-22 14:00:00,2016-06-22 15:00:00,h1,1,Beijing,XGBoost,74.083333,74.03203582763672,test
2016-06-22 15:00:00,2016-06-22 16:00:00,h1,1,Beijing,XGBoost,71.0,64.93595886230469,test
2016-06-22 16:00:00,2016-06-22 17:00:00,h1,1,Beijing,XGBoost,72.333333,68.2525634765625,test
2016-06-22 17:00:00,2016-06-22 18:00:00,h1,1,Beijing,XGBoost,72.333333,76.36369323730469,test
2016-06-22 18:00:00,2016-06-22 19:00:00,h1,1,Beijing,XGBoost,57.083333,70.9713134765625,test
2016-06-22 19:00:00,2016-06-22 20:00:00,h1,1,Beijing,XGBoost,49.75,52.17063903808594,test
2016-06-22 20:00:00,2016-06-22 21:00:00,h1,1,Beijing,XGBoost,53.333333,48.50727844238281,test
2016-06-22 21:00:00,2016-06-22 22:00:00,h1,1,Beijing,XGBoost,77.666667,58.03094482421875,test
2016-06-22 22:00:00,2016-06-22 23:00:00,h1,1,Beijing,XGBoost,88.916667,90.13917541503906,test
2016-06-22 23:00:00,2016-06-23 00:00:00,h1,1,Beijing,XGBoost,74.916667,94.33649444580078,test
2016-06-23 00:00:00,2016-06-23 01:00:00,h1,1,Beijing,XGBoost,70.916667,70.92577362060547,test
2016-06-23 01:00:00,2016-06-23 02:00:00,h1,1,Beijing,XGBoost,71.916667,70.2076644897461,test
2016-06-23 02:00:00,2016-06-23 03:00:00,h1,1,Beijing,XGBoost,76.0,75.18701171875,test
2016-06-23 03:00:00,2016-06-23 04:00:00,h1,1,Beijing,XGBoost,86.583333,81.33686065673828,test
2016-06-23 04:00:00,2016-06-23 05:00:00,h1,1,Beijing,XGBoost,108.916667,97.2101058959961,test
2016-06-23 05:00:00,2016-06-23 06:00:00,h1,1,Beijing,XGBoost,127.0,116.7647705078125,test
2016-06-23 06:00:00,2016-06-23 07:00:00,h1,1,Beijing,XGBoost,121.333333,136.83827209472656,test
2016-06-23 07:00:00,2016-06-23 08:00:00,h1,1,Beijing,XGBoost,105.333333,117.71879577636719,test
2016-06-23 08:00:00,2016-06-23 09:00:00,h1,1,Beijing,XGBoost,74.666667,97.31678009033203,test
2016-06-23 09:00:00,2016-06-23 10:00:00,h1,1,Beijing,XGBoost,47.416667,63.65757751464844,test
2016-06-23 10:00:00,2016-06-23 11:00:00,h1,1,Beijing,XGBoost,44.083333,37.308502197265625,test
2016-06-23 11:00:00,2016-06-23 12:00:00,h1,1,Beijing,XGBoost,76.0,41.33020782470703,test
2016-06-23 12:00:00,2016-06-23 13:00:00,h1,1,Beijing,XGBoost,102.916667,85.37016296386719,test
2016-06-23 13:00:00,2016-06-23 14:00:00,h1,1,Beijing,XGBoost,91.833333,109.07299041748047,test
2016-06-23 14:00:00,2016-06-23 15:00:00,h1,1,Beijing,XGBoost,79.333333,84.32613372802734,test
2016-06-23 15:00:00,2016-06-23 16:00:00,h1,1,Beijing,XGBoost,66.333333,72.615478515625,test
2016-06-23 16:00:00,2016-06-23 17:00:00,h1,1,Beijing,XGBoost,59.5,58.4439697265625,test
2016-06-23 17:00:00,2016-06-23 18:00:00,h1,1,Beijing,XGBoost,67.583333,57.29597091674805,test
2016-06-23 18:00:00,2016-06-23 19:00:00,h1,1,Beijing,XGBoost,70.583333,72.1554183959961,test
2016-06-23 19:00:00,2016-06-23 20:00:00,h1,1,Beijing,XGBoost,75.791667,75.28268432617188,test
2016-06-23 20:00:00,2016-06-23 21:00:00,h1,1,Beijing,XGBoost,64.888889,72.69920349121094,test
2016-06-23 21:00:00,2016-06-23 22:00:00,h1,1,Beijing,XGBoost,42.944444,53.38848114013672,test
2016-06-23 22:00:00,2016-06-23 23:00:00,h1,1,Beijing,XGBoost,33.833333,32.02790832519531,test
2016-06-23 23:00:00,2016-06-24 00:00:00,h1,1,Beijing,XGBoost,34.208333,31.470142364501953,test
2016-06-24 00:00:00,2016-06-24 01:00:00,h1,1,Beijing,XGBoost,35.25,35.13240432739258,test
2016-06-24 01:00:00,2016-06-24 02:00:00,h1,1,Beijing,XGBoost,34.416667,36.20371627807617,test
2016-06-24 02:00:00,2016-06-24 03:00:00,h1,1,Beijing,XGBoost,32.333333,36.126914978027344,test
2016-06-24 03:00:00,2016-06-24 04:00:00,h1,1,Beijing,XGBoost,26.5,31.68197250366211,test
2016-06-24 04:00:00,2016-06-24 05:00:00,h1,1,Beijing,XGBoost,19.5,24.172534942626953,test
2016-06-24 05:00:00,2016-06-24 06:00:00,h1,1,Beijing,XGBoost,10.333333,16.512237548828125,test
2016-06-24 06:00:00,2016-06-24 07:00:00,h1,1,Beijing,XGBoost,10.5,12.851225852966309,test
2016-06-24 07:00:00,2016-06-24 08:00:00,h1,1,Beijing,XGBoost,9.666667,13.23658275604248,test
2016-06-24 08:00:00,2016-06-24 09:00:00,h1,1,Beijing,XGBoost,8.5,8.686646461486816,test
2016-06-24 09:00:00,2016-06-24 10:00:00,h1,1,Beijing,XGBoost,8.388889,8.235307693481445,test
2016-06-24 10:00:00,2016-06-24 11:00:00,h1,1,Beijing,XGBoost,10.444444,8.156455039978027,test
2016-06-24 11:00:00,2016-06-24 12:00:00,h1,1,Beijing,XGBoost,6.625,10.187291145324707,test
2016-06-24 12:00:00,2016-06-24 13:00:00,h1,1,Beijing,XGBoost,6.833333,8.508066177368164,test
2016-06-24 13:00:00,2016-06-24 14:00:00,h1,1,Beijing,XGBoost,8.708333,7.773283004760742,test
2016-06-24 14:00:00,2016-06-24 15:00:00,h1,1,Beijing,XGBoost,6.666667,9.458789825439453,test
2016-06-24 15:00:00,2016-06-24 16:00:00,h1,1,Beijing,XGBoost,8.75,7.46372127532959,test
2016-06-24 16:00:00,2016-06-24 17:00:00,h1,1,Beijing,XGBoost,11.916667,9.321712493896484,test
2016-06-24 17:00:00,2016-06-24 18:00:00,h1,1,Beijing,XGBoost,7.75,12.85682487487793,test
2016-06-24 18:00:00,2016-06-24 19:00:00,h1,1,Beijing,XGBoost,8.416667,10.48851490020752,test
2016-06-24 19:00:00,2016-06-24 20:00:00,h1,1,Beijing,XGBoost,9.75,9.676427841186523,test
2016-06-24 20:00:00,2016-06-24 21:00:00,h1,1,Beijing,XGBoost,9.0,11.797403335571289,test
2016-06-24 21:00:00,2016-06-24 22:00:00,h1,1,Beijing,XGBoost,8.583333,9.900887489318848,test
2016-06-24 22:00:00,2016-06-24 23:00:00,h1,1,Beijing,XGBoost,7.083333,8.437226295471191,test
2016-06-24 23:00:00,2016-06-25 00:00:00,h1,1,Beijing,XGBoost,56.916667,8.15003776550293,test
2016-06-28 00:00:00,2016-06-28 01:00:00,h1,1,Beijing,XGBoost,58.666667,84.76569366455078,test
2016-06-28 01:00:00,2016-06-28 02:00:00,h1,1,Beijing,XGBoost,63.083333,62.056610107421875,test
2016-06-28 02:00:00,2016-06-28 03:00:00,h1,1,Beijing,XGBoost,63.0,61.3605842590332,test
2016-06-28 03:00:00,2016-06-28 04:00:00,h1,1,Beijing,XGBoost,62.583333,57.88016891479492,test
2016-06-28 04:00:00,2016-06-28 05:00:00,h1,1,Beijing,XGBoost,62.333333,55.068443298339844,test
2016-06-28 05:00:00,2016-06-28 06:00:00,h1,1,Beijing,XGBoost,59.416667,59.82950973510742,test
2016-06-28 06:00:00,2016-06-28 07:00:00,h1,1,Beijing,XGBoost,50.083333,58.15287399291992,test
2016-06-28 07:00:00,2016-06-28 08:00:00,h1,1,Beijing,XGBoost,33.416667,48.01011657714844,test
2016-06-28 08:00:00,2016-06-28 09:00:00,h1,1,Beijing,XGBoost,30.083333,28.796024322509766,test
2016-06-28 09:00:00,2016-06-28 10:00:00,h1,1,Beijing,XGBoost,29.25,29.252277374267578,test
2016-06-28 10:00:00,2016-06-28 11:00:00,h1,1,Beijing,XGBoost,38.416667,29.72010612487793,test
2016-06-28 11:00:00,2016-06-28 12:00:00,h1,1,Beijing,XGBoost,47.166667,42.893638610839844,test
2016-06-28 12:00:00,2016-06-28 13:00:00,h1,1,Beijing,XGBoost,54.416667,50.53639602661133,test
2016-06-28 13:00:00,2016-06-28 14:00:00,h1,1,Beijing,XGBoost,60.583333,55.01816177368164,test
2016-06-28 14:00:00,2016-06-28 15:00:00,h1,1,Beijing,XGBoost,66.25,63.17306137084961,test
2016-06-28 15:00:00,2016-06-28 16:00:00,h1,1,Beijing,XGBoost,75.666667,68.42276763916016,test
2016-06-28 16:00:00,2016-06-28 17:00:00,h1,1,Beijing,XGBoost,87.0,77.14269256591797,test
2016-06-28 17:00:00,2016-06-28 18:00:00,h1,1,Beijing,XGBoost,94.333333,100.2774429321289,test
2016-06-28 18:00:00,2016-06-28 19:00:00,h1,1,Beijing,XGBoost,96.583333,99.90974426269531,test
2016-06-28 19:00:00,2016-06-28 20:00:00,h1,1,Beijing,XGBoost,102.0,98.22158813476562,test
2016-06-28 20:00:00,2016-06-28 21:00:00,h1,1,Beijing,XGBoost,108.166667,104.4546127319336,test
2016-06-28 21:00:00,2016-06-28 22:00:00,h1,1,Beijing,XGBoost,111.416667,109.88399505615234,test
2016-06-28 22:00:00,2016-06-28 23:00:00,h1,1,Beijing,XGBoost,111.833333,112.99701690673828,test
2016-06-28 23:00:00,2016-06-29 00:00:00,h1,1,Beijing,XGBoost,106.916667,113.07769012451172,test
2016-06-29 00:00:00,2016-06-29 01:00:00,h1,1,Beijing,XGBoost,101.166667,106.11164855957031,test
2016-06-29 01:00:00,2016-06-29 02:00:00,h1,1,Beijing,XGBoost,98.0,97.61831665039062,test
2016-06-29 02:00:00,2016-06-29 03:00:00,h1,1,Beijing,XGBoost,98.833333,95.2580337524414,test
2016-06-29 03:00:00,2016-06-29 04:00:00,h1,1,Beijing,XGBoost,102.0,100.37850189208984,test
2016-06-29 04:00:00,2016-06-29 05:00:00,h1,1,Beijing,XGBoost,106.5,103.4974594116211,test
2016-06-29 05:00:00,2016-06-29 06:00:00,h1,1,Beijing,XGBoost,106.0,110.04918670654297,test
2016-06-29 06:00:00,2016-06-29 07:00:00,h1,1,Beijing,XGBoost,108.583333,109.48538208007812,test
2016-06-29 07:00:00,2016-06-29 08:00:00,h1,1,Beijing,XGBoost,117.166667,114.45755004882812,test
2016-06-29 08:00:00,2016-06-29 09:00:00,h1,1,Beijing,XGBoost,119.833333,125.39500427246094,test
2016-06-29 09:00:00,2016-06-29 10:00:00,h1,1,Beijing,XGBoost,114.75,126.23582458496094,test
2016-06-29 10:00:00,2016-06-29 11:00:00,h1,1,Beijing,XGBoost,105.416667,112.53218078613281,test
2016-06-29 11:00:00,2016-06-29 12:00:00,h1,1,Beijing,XGBoost,110.083333,100.27337646484375,test
2016-06-29 12:00:00,2016-06-29 13:00:00,h1,1,Beijing,XGBoost,115.583333,118.30155944824219,test
2016-06-29 13:00:00,2016-06-29 14:00:00,h1,1,Beijing,XGBoost,113.75,120.5347671508789,test
2016-06-29 14:00:00,2016-06-29 15:00:00,h1,1,Beijing,XGBoost,110.25,109.08340454101562,test
2016-06-29 15:00:00,2016-06-29 16:00:00,h1,1,Beijing,XGBoost,106.583333,105.04730224609375,test
2016-06-29 16:00:00,2016-06-29 17:00:00,h1,1,Beijing,XGBoost,113.916667,104.0971450805664,test
2016-06-29 17:00:00,2016-06-29 18:00:00,h1,1,Beijing,XGBoost,116.75,119.96186065673828,test
2016-06-29 18:00:00,2016-06-29 19:00:00,h1,1,Beijing,XGBoost,122.583333,115.49054718017578,test
2016-06-29 19:00:00,2016-06-29 20:00:00,h1,1,Beijing,XGBoost,120.416667,123.15470886230469,test
2016-06-29 20:00:00,2016-06-29 21:00:00,h1,1,Beijing,XGBoost,123.083333,121.08290100097656,test
2016-06-29 21:00:00,2016-06-29 22:00:00,h1,1,Beijing,XGBoost,115.083333,125.93425750732422,test
2016-06-29 22:00:00,2016-06-29 23:00:00,h1,1,Beijing,XGBoost,106.666667,113.22283935546875,test
2016-06-29 23:00:00,2016-06-30 00:00:00,h1,1,Beijing,XGBoost,89.333333,102.61673736572266,test
2016-06-30 00:00:00,2016-06-30 01:00:00,h1,1,Beijing,XGBoost,80.583333,78.44877624511719,test
2016-06-30 01:00:00,2016-06-30 02:00:00,h1,1,Beijing,XGBoost,82.166667,75.35667419433594,test
2016-06-30 02:00:00,2016-06-30 03:00:00,h1,1,Beijing,XGBoost,67.0,80.73057556152344,test
2016-06-30 03:00:00,2016-06-30 04:00:00,h1,1,Beijing,XGBoost,57.0,60.12875747680664,test
2016-06-30 04:00:00,2016-06-30 05:00:00,h1,1,Beijing,XGBoost,56.25,50.54467010498047,test
2016-06-30 05:00:00,2016-06-30 06:00:00,h1,1,Beijing,XGBoost,61.916667,57.73091506958008,test
2016-06-30 06:00:00,2016-06-30 07:00:00,h1,1,Beijing,XGBoost,61.833333,68.17727661132812,test
2016-06-30 07:00:00,2016-06-30 08:00:00,h1,1,Beijing,XGBoost,69.75,66.46541595458984,test
2016-06-30 08:00:00,2016-06-30 09:00:00,h1,1,Beijing,XGBoost,71.583333,76.67029571533203,test
2016-06-30 09:00:00,2016-06-30 10:00:00,h1,1,Beijing,XGBoost,67.0,74.55323028564453,test
2016-06-30 10:00:00,2016-06-30 11:00:00,h1,1,Beijing,XGBoost,66.5,65.7734375,test
2016-06-30 11:00:00,2016-06-30 12:00:00,h1,1,Beijing,XGBoost,56.75,64.03941345214844,test
2016-06-30 12:00:00,2016-06-30 13:00:00,h1,1,Beijing,XGBoost,51.0,52.073490142822266,test
2016-06-30 13:00:00,2016-06-30 14:00:00,h1,1,Beijing,XGBoost,48.25,50.19465637207031,test
2016-06-30 14:00:00,2016-06-30 15:00:00,h1,1,Beijing,XGBoost,41.083333,46.97207260131836,test
2016-06-30 15:00:00,2016-06-30 16:00:00,h1,1,Beijing,XGBoost,34.25,39.58943557739258,test
2016-06-30 16:00:00,2016-06-30 17:00:00,h1,1,Beijing,XGBoost,30.25,32.35615158081055,test
2016-06-30 17:00:00,2016-06-30 18:00:00,h1,1,Beijing,XGBoost,30.083333,30.649999618530273,test
2016-06-30 18:00:00,2016-06-30 19:00:00,h1,1,Beijing,XGBoost,39.75,31.82832145690918,test
2016-06-30 19:00:00,2016-06-30 20:00:00,h1,1,Beijing,XGBoost,56.75,48.59624099731445,test
2016-06-30 20:00:00,2016-06-30 21:00:00,h1,1,Beijing,XGBoost,69.166667,60.40171813964844,test
2016-06-30 21:00:00,2016-06-30 22:00:00,h1,1,Beijing,XGBoost,85.416667,77.96805572509766,test
2016-06-30 22:00:00,2016-06-30 23:00:00,h1,1,Beijing,XGBoost,90.166667,92.81208801269531,test
2016-06-30 23:00:00,2016-07-01 00:00:00,h1,1,Beijing,XGBoost,26.666667,83.05121612548828,test
2016-07-01 00:00:00,2016-07-01 01:00:00,h1,1,Beijing,XGBoost,8.416667,23.809812545776367,test
2016-07-01 01:00:00,2016-07-01 02:00:00,h1,1,Beijing,XGBoost,9.5,14.390730857849121,test
2016-07-01 02:00:00,2016-07-01 03:00:00,h1,1,Beijing,XGBoost,9.583333,10.827630996704102,test
2016-07-01 03:00:00,2016-07-01 04:00:00,h1,1,Beijing,XGBoost,10.916667,10.321232795715332,test
2016-07-01 04:00:00,2016-07-01 05:00:00,h1,1,Beijing,XGBoost,10.75,11.97880744934082,test
2016-07-01 05:00:00,2016-07-01 06:00:00,h1,1,Beijing,XGBoost,10.666667,11.141654968261719,test
2016-07-01 06:00:00,2016-07-01 07:00:00,h1,1,Beijing,XGBoost,11.5,10.823023796081543,test
2016-07-01 07:00:00,2016-07-01 08:00:00,h1,1,Beijing,XGBoost,10.416667,11.27547550201416,test
2016-07-01 08:00:00,2016-07-01 09:00:00,h1,1,Beijing,XGBoost,8.333333,9.844266891479492,test
2016-07-01 09:00:00,2016-07-01 10:00:00,h1,1,Beijing,XGBoost,6.666667,7.610214710235596,test
2016-07-01 10:00:00,2016-07-01 11:00:00,h1,1,Beijing,XGBoost,7.666667,6.58592414855957,test
2016-07-01 11:00:00,2016-07-01 12:00:00,h1,1,Beijing,XGBoost,6.833333,7.681233882904053,test
2016-07-01 12:00:00,2016-07-01 13:00:00,h1,1,Beijing,XGBoost,8.833333,7.387973308563232,test
2016-07-01 13:00:00,2016-07-01 14:00:00,h1,1,Beijing,XGBoost,9.138889,8.855385780334473,test
2016-07-01 14:00:00,2016-07-01 15:00:00,h1,1,Beijing,XGBoost,9.194444,9.5257568359375,test
2016-07-01 15:00:00,2016-07-01 16:00:00,h1,1,Beijing,XGBoost,7.333333,9.23101806640625,test
2016-07-01 16:00:00,2016-07-01 17:00:00,h1,1,Beijing,XGBoost,10.083333,8.480378150939941,test
2016-07-01 17:00:00,2016-07-01 18:00:00,h1,1,Beijing,XGBoost,15.25,10.773137092590332,test
2016-07-01 18:00:00,2016-07-01 19:00:00,h1,1,Beijing,XGBoost,19.333333,20.370180130004883,test
2016-07-01 19:00:00,2016-07-01 20:00:00,h1,1,Beijing,XGBoost,20.25,22.972333908081055,test
2016-07-01 20:00:00,2016-07-01 21:00:00,h1,1,Beijing,XGBoost,23.25,22.12485122680664,test
2016-07-01 21:00:00,2016-07-01 22:00:00,h1,1,Beijing,XGBoost,28.25,24.33539390563965,test
2016-07-01 22:00:00,2016-07-01 23:00:00,h1,1,Beijing,XGBoost,27.583333,30.827150344848633,test
2016-07-01 23:00:00,2016-07-02 00:00:00,h1,1,Beijing,XGBoost,27.583333,28.345890045166016,test
2016-07-02 00:00:00,2016-07-02 01:00:00,h1,1,Beijing,XGBoost,31.166667,29.350561141967773,test
2016-07-02 01:00:00,2016-07-02 02:00:00,h1,1,Beijing,XGBoost,35.5,33.823089599609375,test
2016-07-02 02:00:00,2016-07-02 03:00:00,h1,1,Beijing,XGBoost,41.666667,38.781044006347656,test
2016-07-02 03:00:00,2016-07-02 04:00:00,h1,1,Beijing,XGBoost,46.5,43.72027587890625,test
2016-07-02 04:00:00,2016-07-02 05:00:00,h1,1,Beijing,XGBoost,49.416667,49.26081466674805,test
2016-07-02 05:00:00,2016-07-02 06:00:00,h1,1,Beijing,XGBoost,58.5,50.041221618652344,test
2016-07-02 06:00:00,2016-07-02 07:00:00,h1,1,Beijing,XGBoost,74.083333,63.549293518066406,test
2016-07-02 07:00:00,2016-07-02 08:00:00,h1,1,Beijing,XGBoost,88.0,84.85294342041016,test
2016-07-02 08:00:00,2016-07-02 09:00:00,h1,1,Beijing,XGBoost,84.541667,100.38248443603516,test
2016-07-02 09:00:00,2016-07-02 10:00:00,h1,1,Beijing,XGBoost,71.583333,78.8499984741211,test
2016-07-02 10:00:00,2016-07-02 11:00:00,h1,1,Beijing,XGBoost,64.041667,63.457767486572266,test
2016-07-02 11:00:00,2016-07-02 12:00:00,h1,1,Beijing,XGBoost,58.083333,58.27534484863281,test
2016-07-02 12:00:00,2016-07-02 13:00:00,h1,1,Beijing,XGBoost,43.375,51.39113235473633,test
2016-07-02 13:00:00,2016-07-02 14:00:00,h1,1,Beijing,XGBoost,30.583333,34.18464660644531,test
2016-07-02 14:00:00,2016-07-02 15:00:00,h1,1,Beijing,XGBoost,25.25,23.26643180847168,test
2016-07-02 15:00:00,2016-07-02 16:00:00,h1,1,Beijing,XGBoost,22.75,23.0030574798584,test
2016-07-02 16:00:00,2016-07-02 17:00:00,h1,1,Beijing,XGBoost,24.75,22.000972747802734,test
2016-07-02 17:00:00,2016-07-02 18:00:00,h1,1,Beijing,XGBoost,26.666667,28.1784725189209,test
2016-07-02 18:00:00,2016-07-02 19:00:00,h1,1,Beijing,XGBoost,24.625,28.935068130493164,test
2016-07-02 19:00:00,2016-07-02 20:00:00,h1,1,Beijing,XGBoost,24.666667,26.706432342529297,test
2016-07-02 20:00:00,2016-07-02 21:00:00,h1,1,Beijing,XGBoost,32.75,25.493574142456055,test
2016-07-02 21:00:00,2016-07-02 22:00:00,h1,1,Beijing,XGBoost,38.958333,39.46875762939453,test
2016-07-02 22:00:00,2016-07-02 23:00:00,h1,1,Beijing,XGBoost,43.75,40.8189811706543,test
2016-07-02 23:00:00,2016-07-03 00:00:00,h1,1,Beijing,XGBoost,43.666667,48.839542388916016,test
2016-07-03 00:00:00,2016-07-03 01:00:00,h1,1,Beijing,XGBoost,51.166667,44.386390686035156,test
2016-07-03 01:00:00,2016-07-03 02:00:00,h1,1,Beijing,XGBoost,56.0,54.6461067199707,test
2016-07-03 02:00:00,2016-07-03 03:00:00,h1,1,Beijing,XGBoost,59.416667,57.176124572753906,test
2016-07-03 03:00:00,2016-07-03 04:00:00,h1,1,Beijing,XGBoost,61.333333,63.41415023803711,test
2016-07-03 04:00:00,2016-07-03 05:00:00,h1,1,Beijing,XGBoost,57.666667,63.460750579833984,test
2016-07-03 05:00:00,2016-07-03 06:00:00,h1,1,Beijing,XGBoost,59.416667,56.945884704589844,test
2016-07-03 06:00:00,2016-07-03 07:00:00,h1,1,Beijing,XGBoost,64.25,62.6906623840332,test
2016-07-03 07:00:00,2016-07-03 08:00:00,h1,1,Beijing,XGBoost,79.0,69.41818237304688,test
2016-07-03 08:00:00,2016-07-03 09:00:00,h1,1,Beijing,XGBoost,89.833333,86.4367904663086,test
2016-07-03 09:00:00,2016-07-03 10:00:00,h1,1,Beijing,XGBoost,91.833333,98.87374877929688,test
2016-07-03 10:00:00,2016-07-03 11:00:00,h1,1,Beijing,XGBoost,89.333333,90.57675170898438,test
2016-07-03 11:00:00,2016-07-03 12:00:00,h1,1,Beijing,XGBoost,89.333333,85.76604461669922,test
2016-07-03 12:00:00,2016-07-03 13:00:00,h1,1,Beijing,XGBoost,83.166667,89.87236785888672,test
2016-07-03 13:00:00,2016-07-03 14:00:00,h1,1,Beijing,XGBoost,76.416667,79.0364761352539,test
2016-07-03 14:00:00,2016-07-03 15:00:00,h1,1,Beijing,XGBoost,75.833333,73.16194152832031,test
2016-07-03 15:00:00,2016-07-03 16:00:00,h1,1,Beijing,XGBoost,76.166667,74.95445251464844,test
2016-07-03 16:00:00,2016-07-03 17:00:00,h1,1,Beijing,XGBoost,78.25,77.49755859375,test
2016-07-03 17:00:00,2016-07-03 18:00:00,h1,1,Beijing,XGBoost,81.25,80.53471374511719,test
2016-07-03 18:00:00,2016-07-03 19:00:00,h1,1,Beijing,XGBoost,92.0,82.89647674560547,test
2016-07-03 19:00:00,2016-07-03 20:00:00,h1,1,Beijing,XGBoost,93.166667,100.27568817138672,test
2016-07-03 20:00:00,2016-07-03 21:00:00,h1,1,Beijing,XGBoost,97.75,91.36419677734375,test
2016-07-03 21:00:00,2016-07-03 22:00:00,h1,1,Beijing,XGBoost,107.083333,102.13189697265625,test
2016-07-03 22:00:00,2016-07-03 23:00:00,h1,1,Beijing,XGBoost,115.666667,112.0718994140625,test
2016-07-03 23:00:00,2016-07-04 00:00:00,h1,1,Beijing,XGBoost,128.25,118.3375244140625,test
2016-07-04 00:00:00,2016-07-04 01:00:00,h1,1,Beijing,XGBoost,137.583333,126.52311706542969,test
2016-07-04 01:00:00,2016-07-04 02:00:00,h1,1,Beijing,XGBoost,145.166667,138.83795166015625,test
2016-07-04 02:00:00,2016-07-04 03:00:00,h1,1,Beijing,XGBoost,163.916667,151.14254760742188,test
2016-07-04 03:00:00,2016-07-04 04:00:00,h1,1,Beijing,XGBoost,200.583333,174.92239379882812,test
2016-07-04 04:00:00,2016-07-04 05:00:00,h1,1,Beijing,XGBoost,208.666667,200.64132690429688,test
2016-07-04 05:00:00,2016-07-04 06:00:00,h1,1,Beijing,XGBoost,202.0,213.29220581054688,test
2016-07-04 06:00:00,2016-07-04 07:00:00,h1,1,Beijing,XGBoost,197.25,185.914306640625,test
2016-07-04 07:00:00,2016-07-04 08:00:00,h1,1,Beijing,XGBoost,185.166667,195.71090698242188,test
2016-07-04 08:00:00,2016-07-04 09:00:00,h1,1,Beijing,XGBoost,172.083333,176.50778198242188,test
2016-07-04 09:00:00,2016-07-04 10:00:00,h1,1,Beijing,XGBoost,150.25,160.23602294921875,test
2016-07-04 10:00:00,2016-07-04 11:00:00,h1,1,Beijing,XGBoost,126.916667,126.42438507080078,test
2016-07-04 11:00:00,2016-07-04 12:00:00,h1,1,Beijing,XGBoost,112.333333,105.88847351074219,test
2016-07-04 12:00:00,2016-07-04 13:00:00,h1,1,Beijing,XGBoost,103.75,97.53067016601562,test
2016-07-04 13:00:00,2016-07-04 14:00:00,h1,1,Beijing,XGBoost,108.083333,101.03173065185547,test
2016-07-04 14:00:00,2016-07-04 15:00:00,h1,1,Beijing,XGBoost,108.208333,114.5013427734375,test
2016-07-04 15:00:00,2016-07-04 16:00:00,h1,1,Beijing,XGBoost,101.916667,109.94381713867188,test
2016-07-04 16:00:00,2016-07-04 17:00:00,h1,1,Beijing,XGBoost,100.916667,99.8143310546875,test
2016-07-04 17:00:00,2016-07-04 18:00:00,h1,1,Beijing,XGBoost,103.166667,99.95125579833984,test
2016-07-04 18:00:00,2016-07-04 19:00:00,h1,1,Beijing,XGBoost,102.333333,105.116943359375,test
2016-07-04 19:00:00,2016-07-04 20:00:00,h1,1,Beijing,XGBoost,99.25,100.75981140136719,test
2016-07-04 20:00:00,2016-07-04 21:00:00,h1,1,Beijing,XGBoost,71.583333,93.90300750732422,test
2016-07-04 21:00:00,2016-07-04 22:00:00,h1,1,Beijing,XGBoost,56.916667,53.894126892089844,test
2016-07-04 22:00:00,2016-07-04 23:00:00,h1,1,Beijing,XGBoost,49.944444,52.99972915649414,test
2016-07-04 23:00:00,2016-07-05 00:00:00,h1,1,Beijing,XGBoost,60.138889,43.53659439086914,test
2016-07-05 00:00:00,2016-07-05 01:00:00,h1,1,Beijing,XGBoost,80.833333,66.86224365234375,test
2016-07-05 01:00:00,2016-07-05 02:00:00,h1,1,Beijing,XGBoost,100.666667,91.97900390625,test
2016-07-05 02:00:00,2016-07-05 03:00:00,h1,1,Beijing,XGBoost,110.0,105.00625610351562,test
2016-07-05 03:00:00,2016-07-05 04:00:00,h1,1,Beijing,XGBoost,112.75,113.8718032836914,test
2016-07-05 04:00:00,2016-07-05 05:00:00,h1,1,Beijing,XGBoost,115.75,116.14572143554688,test
2016-07-05 05:00:00,2016-07-05 06:00:00,h1,1,Beijing,XGBoost,113.0,118.52035522460938,test
2016-07-05 06:00:00,2016-07-05 07:00:00,h1,1,Beijing,XGBoost,110.583333,111.00794982910156,test
2016-07-05 07:00:00,2016-07-05 08:00:00,h1,1,Beijing,XGBoost,109.666667,112.51190948486328,test
2016-07-05 08:00:00,2016-07-05 09:00:00,h1,1,Beijing,XGBoost,101.583333,112.98985290527344,test
2016-07-05 09:00:00,2016-07-05 10:00:00,h1,1,Beijing,XGBoost,98.25,95.28691101074219,test
2016-07-05 10:00:00,2016-07-05 11:00:00,h1,1,Beijing,XGBoost,91.416667,92.93915557861328,test
2016-07-05 11:00:00,2016-07-05 12:00:00,h1,1,Beijing,XGBoost,88.166667,79.73799896240234,test
2016-07-05 12:00:00,2016-07-05 13:00:00,h1,1,Beijing,XGBoost,88.083333,76.92047882080078,test
2016-07-05 13:00:00,2016-07-05 14:00:00,h1,1,Beijing,XGBoost,87.416667,88.80233764648438,test
2016-07-05 14:00:00,2016-07-05 15:00:00,h1,1,Beijing,XGBoost,83.583333,88.66995239257812,test
2016-07-05 15:00:00,2016-07-05 16:00:00,h1,1,Beijing,XGBoost,85.333333,82.13458251953125,test
2016-07-05 16:00:00,2016-07-05 17:00:00,h1,1,Beijing,XGBoost,81.916667,87.68700408935547,test
2016-07-05 17:00:00,2016-07-05 18:00:00,h1,1,Beijing,XGBoost,79.166667,76.49275970458984,test
2016-07-05 18:00:00,2016-07-05 19:00:00,h1,1,Beijing,XGBoost,79.833333,75.77161407470703,test
2016-07-05 19:00:00,2016-07-05 20:00:00,h1,1,Beijing,XGBoost,81.333333,81.1332015991211,test
2016-07-05 20:00:00,2016-07-05 21:00:00,h1,1,Beijing,XGBoost,85.25,82.41896057128906,test
2016-07-05 21:00:00,2016-07-05 22:00:00,h1,1,Beijing,XGBoost,92.5,88.518310546875,test
2016-07-05 22:00:00,2016-07-05 23:00:00,h1,1,Beijing,XGBoost,99.833333,94.4007797241211,test
2016-07-05 23:00:00,2016-07-06 00:00:00,h1,1,Beijing,XGBoost,95.583333,99.85133361816406,test
2016-07-06 00:00:00,2016-07-06 01:00:00,h1,1,Beijing,XGBoost,83.25,94.19041442871094,test
2016-07-06 01:00:00,2016-07-06 02:00:00,h1,1,Beijing,XGBoost,73.083333,75.19586181640625,test
2016-07-06 02:00:00,2016-07-06 03:00:00,h1,1,Beijing,XGBoost,64.5,63.06766128540039,test
2016-07-06 03:00:00,2016-07-06 04:00:00,h1,1,Beijing,XGBoost,62.166667,58.73818588256836,test
2016-07-06 04:00:00,2016-07-06 05:00:00,h1,1,Beijing,XGBoost,72.666667,61.1849365234375,test
2016-07-06 05:00:00,2016-07-06 06:00:00,h1,1,Beijing,XGBoost,76.083333,81.2230453491211,test
2016-07-06 06:00:00,2016-07-06 07:00:00,h1,1,Beijing,XGBoost,87.0,79.80411529541016,test
2016-07-06 07:00:00,2016-07-06 08:00:00,h1,1,Beijing,XGBoost,99.0,100.50281524658203,test
2016-07-06 08:00:00,2016-07-06 09:00:00,h1,1,Beijing,XGBoost,102.75,108.7421646118164,test
2016-07-06 09:00:00,2016-07-06 10:00:00,h1,1,Beijing,XGBoost,104.666667,103.94285583496094,test
2016-07-06 10:00:00,2016-07-06 11:00:00,h1,1,Beijing,XGBoost,102.666667,106.50189971923828,test
2016-07-06 11:00:00,2016-07-06 12:00:00,h1,1,Beijing,XGBoost,95.25,99.883056640625,test
2016-07-06 12:00:00,2016-07-06 13:00:00,h1,1,Beijing,XGBoost,81.833333,85.44538116455078,test
2016-07-06 13:00:00,2016-07-06 14:00:00,h1,1,Beijing,XGBoost,73.333333,74.25088500976562,test
2016-07-06 14:00:00,2016-07-06 15:00:00,h1,1,Beijing,XGBoost,66.0,65.05888366699219,test
2016-07-06 15:00:00,2016-07-06 16:00:00,h1,1,Beijing,XGBoost,53.083333,61.544803619384766,test
2016-07-06 16:00:00,2016-07-06 17:00:00,h1,1,Beijing,XGBoost,45.833333,45.12723159790039,test
2016-07-06 17:00:00,2016-07-06 18:00:00,h1,1,Beijing,XGBoost,43.916667,44.445228576660156,test
2016-07-06 18:00:00,2016-07-06 19:00:00,h1,1,Beijing,XGBoost,47.583333,41.94797897338867,test
2016-07-06 19:00:00,2016-07-06 20:00:00,h1,1,Beijing,XGBoost,54.416667,50.66225814819336,test
2016-07-06 20:00:00,2016-07-06 21:00:00,h1,1,Beijing,XGBoost,63.25,57.67573165893555,test
2016-07-06 21:00:00,2016-07-06 22:00:00,h1,1,Beijing,XGBoost,73.0,66.80364990234375,test
2016-07-06 22:00:00,2016-07-06 23:00:00,h1,1,Beijing,XGBoost,80.666667,78.31961822509766,test
2016-07-06 23:00:00,2016-07-07 00:00:00,h1,1,Beijing,XGBoost,85.666667,80.76060485839844,test
2016-07-07 00:00:00,2016-07-07 01:00:00,h1,1,Beijing,XGBoost,87.916667,86.79351806640625,test
2016-07-07 01:00:00,2016-07-07 02:00:00,h1,1,Beijing,XGBoost,92.333333,86.9410400390625,test
2016-07-07 02:00:00,2016-07-07 03:00:00,h1,1,Beijing,XGBoost,92.416667,94.337646484375,test
2016-07-07 03:00:00,2016-07-07 04:00:00,h1,1,Beijing,XGBoost,97.166667,91.2092056274414,test
2016-07-07 04:00:00,2016-07-07 05:00:00,h1,1,Beijing,XGBoost,104.916667,99.50704956054688,test
2016-07-07 05:00:00,2016-07-07 06:00:00,h1,1,Beijing,XGBoost,120.583333,108.19483184814453,test
2016-07-07 06:00:00,2016-07-07 07:00:00,h1,1,Beijing,XGBoost,116.916667,133.5478515625,test
2016-07-07 07:00:00,2016-07-07 08:00:00,h1,1,Beijing,XGBoost,119.75,114.00093841552734,test
2016-07-07 08:00:00,2016-07-07 09:00:00,h1,1,Beijing,XGBoost,121.083333,123.05331420898438,test
2016-07-07 09:00:00,2016-07-07 10:00:00,h1,1,Beijing,XGBoost,125.916667,125.5732650756836,test
2016-07-07 10:00:00,2016-07-07 11:00:00,h1,1,Beijing,XGBoost,128.916667,127.6121826171875,test
2016-07-07 11:00:00,2016-07-07 12:00:00,h1,1,Beijing,XGBoost,128.666667,129.86849975585938,test
2016-07-07 12:00:00,2016-07-07 13:00:00,h1,1,Beijing,XGBoost,126.75,127.03038787841797,test
2016-07-07 13:00:00,2016-07-07 14:00:00,h1,1,Beijing,XGBoost,118.666667,123.69500732421875,test
2016-07-07 14:00:00,2016-07-07 15:00:00,h1,1,Beijing,XGBoost,113.5,111.7737045288086,test
2016-07-07 15:00:00,2016-07-07 16:00:00,h1,1,Beijing,XGBoost,110.083333,108.30769348144531,test
2016-07-07 16:00:00,2016-07-07 17:00:00,h1,1,Beijing,XGBoost,110.916667,105.6584243774414,test
2016-07-07 17:00:00,2016-07-07 18:00:00,h1,1,Beijing,XGBoost,112.916667,111.850341796875,test
2016-07-07 18:00:00,2016-07-07 19:00:00,h1,1,Beijing,XGBoost,121.416667,114.35126495361328,test
2016-07-07 19:00:00,2016-07-07 20:00:00,h1,1,Beijing,XGBoost,120.583333,125.78860473632812,test
2016-07-07 20:00:00,2016-07-07 21:00:00,h1,1,Beijing,XGBoost,103.583333,119.67402648925781,test
2016-07-07 21:00:00,2016-07-07 22:00:00,h1,1,Beijing,XGBoost,91.333333,91.92186737060547,test
2016-07-07 22:00:00,2016-07-07 23:00:00,h1,1,Beijing,XGBoost,82.75,85.4218521118164,test
2016-07-07 23:00:00,2016-07-08 00:00:00,h1,1,Beijing,XGBoost,74.333333,78.90069580078125,test
2016-07-08 00:00:00,2016-07-08 01:00:00,h1,1,Beijing,XGBoost,65.25,72.14501953125,test
2016-07-08 01:00:00,2016-07-08 02:00:00,h1,1,Beijing,XGBoost,63.916667,59.90948486328125,test
2016-07-08 02:00:00,2016-07-08 03:00:00,h1,1,Beijing,XGBoost,61.0,61.777225494384766,test
2016-07-08 03:00:00,2016-07-08 04:00:00,h1,1,Beijing,XGBoost,62.083333,58.2501106262207,test
2016-07-08 04:00:00,2016-07-08 05:00:00,h1,1,Beijing,XGBoost,64.583333,62.291961669921875,test
2016-07-08 05:00:00,2016-07-08 06:00:00,h1,1,Beijing,XGBoost,65.166667,67.496826171875,test
2016-07-08 06:00:00,2016-07-08 07:00:00,h1,1,Beijing,XGBoost,68.75,65.92105102539062,test
2016-07-08 07:00:00,2016-07-08 08:00:00,h1,1,Beijing,XGBoost,71.0,73.79791259765625,test
2016-07-08 08:00:00,2016-07-08 09:00:00,h1,1,Beijing,XGBoost,79.416667,75.0348129272461,test
2016-07-08 09:00:00,2016-07-08 10:00:00,h1,1,Beijing,XGBoost,88.083333,85.56002044677734,test
2016-07-08 10:00:00,2016-07-08 11:00:00,h1,1,Beijing,XGBoost,98.083333,94.12350463867188,test
2016-07-08 11:00:00,2016-07-08 12:00:00,h1,1,Beijing,XGBoost,108.833333,104.24883270263672,test
2016-07-08 12:00:00,2016-07-08 13:00:00,h1,1,Beijing,XGBoost,122.0,112.61740112304688,test
2016-07-08 13:00:00,2016-07-08 14:00:00,h1,1,Beijing,XGBoost,130.166667,127.33854675292969,test
2016-07-08 14:00:00,2016-07-08 15:00:00,h1,1,Beijing,XGBoost,131.583333,133.1212158203125,test
2016-07-08 15:00:00,2016-07-08 16:00:00,h1,1,Beijing,XGBoost,125.416667,131.6154327392578,test
2016-07-08 16:00:00,2016-07-08 17:00:00,h1,1,Beijing,XGBoost,117.5,119.63766479492188,test
2016-07-08 17:00:00,2016-07-08 18:00:00,h1,1,Beijing,XGBoost,111.666667,112.56327819824219,test
2016-07-08 18:00:00,2016-07-08 19:00:00,h1,1,Beijing,XGBoost,105.166667,107.56023406982422,test
2016-07-08 19:00:00,2016-07-08 20:00:00,h1,1,Beijing,XGBoost,110.5,99.95861053466797,test
2016-07-08 20:00:00,2016-07-08 21:00:00,h1,1,Beijing,XGBoost,119.583333,117.06712341308594,test
2016-07-08 21:00:00,2016-07-08 22:00:00,h1,1,Beijing,XGBoost,96.166667,123.01612854003906,test
2016-07-08 22:00:00,2016-07-08 23:00:00,h1,1,Beijing,XGBoost,69.833333,79.83200073242188,test
2016-07-08 23:00:00,2016-07-09 00:00:00,h1,1,Beijing,XGBoost,61.0,58.055763244628906,test
2016-07-09 00:00:00,2016-07-09 01:00:00,h1,1,Beijing,XGBoost,56.333333,56.22843551635742,test
2016-07-09 01:00:00,2016-07-09 02:00:00,h1,1,Beijing,XGBoost,56.333333,55.72869873046875,test
2016-07-09 02:00:00,2016-07-09 03:00:00,h1,1,Beijing,XGBoost,62.333333,58.8905143737793,test
2016-07-09 03:00:00,2016-07-09 04:00:00,h1,1,Beijing,XGBoost,65.583333,69.76221466064453,test
2016-07-09 04:00:00,2016-07-09 05:00:00,h1,1,Beijing,XGBoost,64.416667,69.89387512207031,test
2016-07-09 05:00:00,2016-07-09 06:00:00,h1,1,Beijing,XGBoost,65.333333,65.1337890625,test
2016-07-09 06:00:00,2016-07-09 07:00:00,h1,1,Beijing,XGBoost,68.166667,68.41482543945312,test
2016-07-09 07:00:00,2016-07-09 08:00:00,h1,1,Beijing,XGBoost,75.5,73.45887756347656,test
2016-07-09 08:00:00,2016-07-09 09:00:00,h1,1,Beijing,XGBoost,82.583333,81.08468627929688,test
2016-07-09 09:00:00,2016-07-09 10:00:00,h1,1,Beijing,XGBoost,89.666667,89.95291900634766,test
2016-07-09 10:00:00,2016-07-09 11:00:00,h1,1,Beijing,XGBoost,98.333333,92.86274719238281,test
2016-07-09 11:00:00,2016-07-09 12:00:00,h1,1,Beijing,XGBoost,106.0,104.98863983154297,test
2016-07-09 12:00:00,2016-07-09 13:00:00,h1,1,Beijing,XGBoost,107.833333,106.84978485107422,test
2016-07-09 13:00:00,2016-07-09 14:00:00,h1,1,Beijing,XGBoost,95.25,107.84390258789062,test
2016-07-09 14:00:00,2016-07-09 15:00:00,h1,1,Beijing,XGBoost,84.333333,83.58076477050781,test
2016-07-09 15:00:00,2016-07-09 16:00:00,h1,1,Beijing,XGBoost,82.416667,78.36837005615234,test
2016-07-09 16:00:00,2016-07-09 17:00:00,h1,1,Beijing,XGBoost,83.166667,79.43465423583984,test
2016-07-09 17:00:00,2016-07-09 18:00:00,h1,1,Beijing,XGBoost,82.916667,83.82158660888672,test
2016-07-09 18:00:00,2016-07-09 19:00:00,h1,1,Beijing,XGBoost,80.333333,81.8654556274414,test
2016-07-09 19:00:00,2016-07-09 20:00:00,h1,1,Beijing,XGBoost,85.0,79.6027603149414,test
2016-07-09 20:00:00,2016-07-09 21:00:00,h1,1,Beijing,XGBoost,92.0,87.03211212158203,test
2016-07-09 21:00:00,2016-07-09 22:00:00,h1,1,Beijing,XGBoost,104.583333,90.84820556640625,test
2016-07-09 22:00:00,2016-07-09 23:00:00,h1,1,Beijing,XGBoost,97.833333,106.58208465576172,test
2016-07-09 23:00:00,2016-07-10 00:00:00,h1,1,Beijing,XGBoost,95.25,97.60176086425781,test
2016-07-10 00:00:00,2016-07-10 01:00:00,h1,1,Beijing,XGBoost,98.083333,90.62957000732422,test
2016-07-10 01:00:00,2016-07-10 02:00:00,h1,1,Beijing,XGBoost,104.583333,100.51192474365234,test
2016-07-10 02:00:00,2016-07-10 03:00:00,h1,1,Beijing,XGBoost,108.916667,106.95989990234375,test
2016-07-10 03:00:00,2016-07-10 04:00:00,h1,1,Beijing,XGBoost,115.25,113.7626724243164,test
2016-07-10 04:00:00,2016-07-10 05:00:00,h1,1,Beijing,XGBoost,119.916667,117.79088592529297,test
2016-07-10 05:00:00,2016-07-10 06:00:00,h1,1,Beijing,XGBoost,126.166667,122.77578735351562,test
2016-07-10 06:00:00,2016-07-10 07:00:00,h1,1,Beijing,XGBoost,135.25,130.70855712890625,test
2016-07-10 07:00:00,2016-07-10 08:00:00,h1,1,Beijing,XGBoost,139.0,143.575439453125,test
2016-07-10 08:00:00,2016-07-10 09:00:00,h1,1,Beijing,XGBoost,146.25,143.1077880859375,test
2016-07-10 09:00:00,2016-07-10 10:00:00,h1,1,Beijing,XGBoost,147.5,151.67308044433594,test
2016-07-10 10:00:00,2016-07-10 11:00:00,h1,1,Beijing,XGBoost,133.75,146.03562927246094,test
2016-07-10 11:00:00,2016-07-10 12:00:00,h1,1,Beijing,XGBoost,98.0,116.81077575683594,test
2016-07-10 12:00:00,2016-07-10 13:00:00,h1,1,Beijing,XGBoost,77.666667,80.70980834960938,test
2016-07-10 13:00:00,2016-07-10 14:00:00,h1,1,Beijing,XGBoost,65.5,62.95811462402344,test
2016-07-10 14:00:00,2016-07-10 15:00:00,h1,1,Beijing,XGBoost,52.666667,60.35919189453125,test
2016-07-10 15:00:00,2016-07-10 16:00:00,h1,1,Beijing,XGBoost,60.333333,45.48118591308594,test
2016-07-10 16:00:00,2016-07-10 17:00:00,h1,1,Beijing,XGBoost,61.0,64.71094512939453,test
2016-07-10 17:00:00,2016-07-10 18:00:00,h1,1,Beijing,XGBoost,63.666667,63.505958557128906,test
2016-07-10 18:00:00,2016-07-10 19:00:00,h1,1,Beijing,XGBoost,61.666667,65.12397766113281,test
2016-07-10 19:00:00,2016-07-10 20:00:00,h1,1,Beijing,XGBoost,58.416667,61.747215270996094,test
2016-07-10 20:00:00,2016-07-10 21:00:00,h1,1,Beijing,XGBoost,53.833333,56.260833740234375,test
2016-07-10 21:00:00,2016-07-10 22:00:00,h1,1,Beijing,XGBoost,57.5,52.68268966674805,test
2016-07-10 22:00:00,2016-07-10 23:00:00,h1,1,Beijing,XGBoost,53.583333,60.0965576171875,test
2016-07-10 23:00:00,2016-07-11 00:00:00,h1,1,Beijing,XGBoost,11.083333,52.791053771972656,test
2016-07-13 00:00:00,2016-07-13 01:00:00,h1,1,Beijing,XGBoost,12.583333,19.468074798583984,test
2016-07-13 01:00:00,2016-07-13 02:00:00,h1,1,Beijing,XGBoost,12.083333,16.494129180908203,test
2016-07-13 02:00:00,2016-07-13 03:00:00,h1,1,Beijing,XGBoost,16.083333,13.904346466064453,test
2016-07-13 03:00:00,2016-07-13 04:00:00,h1,1,Beijing,XGBoost,19.333333,19.243587493896484,test
2016-07-13 04:00:00,2016-07-13 05:00:00,h1,1,Beijing,XGBoost,17.833333,21.074132919311523,test
2016-07-13 05:00:00,2016-07-13 06:00:00,h1,1,Beijing,XGBoost,18.916667,19.01490020751953,test
2016-07-13 06:00:00,2016-07-13 07:00:00,h1,1,Beijing,XGBoost,18.25,20.15361213684082,test
2016-07-13 07:00:00,2016-07-13 08:00:00,h1,1,Beijing,XGBoost,21.833333,19.69430923461914,test
2016-07-13 08:00:00,2016-07-13 09:00:00,h1,1,Beijing,XGBoost,25.083333,24.487716674804688,test
2016-07-13 09:00:00,2016-07-13 10:00:00,h1,1,Beijing,XGBoost,17.75,28.102157592773438,test
2016-07-13 10:00:00,2016-07-13 11:00:00,h1,1,Beijing,XGBoost,10.666667,15.944782257080078,test
2016-07-13 11:00:00,2016-07-13 12:00:00,h1,1,Beijing,XGBoost,11.75,10.496150970458984,test
2016-07-13 12:00:00,2016-07-13 13:00:00,h1,1,Beijing,XGBoost,14.25,12.143026351928711,test
2016-07-13 13:00:00,2016-07-13 14:00:00,h1,1,Beijing,XGBoost,12.583333,15.25402545928955,test
2016-07-13 14:00:00,2016-07-13 15:00:00,h1,1,Beijing,XGBoost,16.166667,12.139139175415039,test
2016-07-13 15:00:00,2016-07-13 16:00:00,h1,1,Beijing,XGBoost,18.333333,18.038026809692383,test
2016-07-13 16:00:00,2016-07-13 17:00:00,h1,1,Beijing,XGBoost,17.833333,19.013608932495117,test
2016-07-13 17:00:00,2016-07-13 18:00:00,h1,1,Beijing,XGBoost,19.666667,19.055734634399414,test
2016-07-13 18:00:00,2016-07-13 19:00:00,h1,1,Beijing,XGBoost,20.458333,20.01262092590332,test
2016-07-13 19:00:00,2016-07-13 20:00:00,h1,1,Beijing,XGBoost,24.916667,23.110898971557617,test
2016-07-13 20:00:00,2016-07-13 21:00:00,h1,1,Beijing,XGBoost,29.083333,27.50579833984375,test
2016-07-13 21:00:00,2016-07-13 22:00:00,h1,1,Beijing,XGBoost,30.083333,31.727781295776367,test
2016-07-13 22:00:00,2016-07-13 23:00:00,h1,1,Beijing,XGBoost,31.0,31.67264747619629,test
2016-07-13 23:00:00,2016-07-14 00:00:00,h1,1,Beijing,XGBoost,35.5,31.7719669342041,test
2016-07-14 00:00:00,2016-07-14 01:00:00,h1,1,Beijing,XGBoost,35.166667,37.958335876464844,test
2016-07-14 01:00:00,2016-07-14 02:00:00,h1,1,Beijing,XGBoost,30.583333,35.433773040771484,test
2016-07-14 02:00:00,2016-07-14 03:00:00,h1,1,Beijing,XGBoost,29.75,27.268159866333008,test
2016-07-14 03:00:00,2016-07-14 04:00:00,h1,1,Beijing,XGBoost,31.666667,27.774290084838867,test
2016-07-14 04:00:00,2016-07-14 05:00:00,h1,1,Beijing,XGBoost,30.666667,33.804359436035156,test
2016-07-14 05:00:00,2016-07-14 06:00:00,h1,1,Beijing,XGBoost,33.25,30.92690086364746,test
2016-07-14 06:00:00,2016-07-14 07:00:00,h1,1,Beijing,XGBoost,36.25,35.56640625,test
2016-07-14 07:00:00,2016-07-14 08:00:00,h1,1,Beijing,XGBoost,41.5,38.47723388671875,test
2016-07-14 08:00:00,2016-07-14 09:00:00,h1,1,Beijing,XGBoost,42.25,45.444488525390625,test
2016-07-14 09:00:00,2016-07-14 10:00:00,h1,1,Beijing,XGBoost,37.208333,43.20386505126953,test
2016-07-14 10:00:00,2016-07-14 11:00:00,h1,1,Beijing,XGBoost,37.083333,36.41094970703125,test
2016-07-14 11:00:00,2016-07-14 12:00:00,h1,1,Beijing,XGBoost,31.166667,37.0107307434082,test
2016-07-14 12:00:00,2016-07-14 13:00:00,h1,1,Beijing,XGBoost,27.083333,27.841205596923828,test
2016-07-14 13:00:00,2016-07-14 14:00:00,h1,1,Beijing,XGBoost,28.333333,24.641733169555664,test
2016-07-14 14:00:00,2016-07-14 15:00:00,h1,1,Beijing,XGBoost,26.333333,29.625444412231445,test
2016-07-14 15:00:00,2016-07-14 16:00:00,h1,1,Beijing,XGBoost,25.0,27.648706436157227,test
2016-07-14 16:00:00,2016-07-14 17:00:00,h1,1,Beijing,XGBoost,27.666667,23.833059310913086,test
2016-07-14 17:00:00,2016-07-14 18:00:00,h1,1,Beijing,XGBoost,34.416667,30.736835479736328,test
2016-07-14 18:00:00,2016-07-14 19:00:00,h1,1,Beijing,XGBoost,31.833333,42.254058837890625,test
2016-07-14 19:00:00,2016-07-14 20:00:00,h1,1,Beijing,XGBoost,31.75,32.65809631347656,test
2016-07-14 20:00:00,2016-07-14 21:00:00,h1,1,Beijing,XGBoost,40.583333,31.27666473388672,test
2016-07-14 21:00:00,2016-07-14 22:00:00,h1,1,Beijing,XGBoost,52.333333,40.16432571411133,test
2016-07-14 22:00:00,2016-07-14 23:00:00,h1,1,Beijing,XGBoost,51.833333,55.15531921386719,test
2016-07-14 23:00:00,2016-07-15 00:00:00,h1,1,Beijing,XGBoost,51.25,52.16716384887695,test
2016-07-15 00:00:00,2016-07-15 01:00:00,h1,1,Beijing,XGBoost,57.166667,51.92061996459961,test
2016-07-15 01:00:00,2016-07-15 02:00:00,h1,1,Beijing,XGBoost,56.5,57.175575256347656,test
2016-07-15 02:00:00,2016-07-15 03:00:00,h1,1,Beijing,XGBoost,45.666667,57.78923797607422,test
2016-07-15 03:00:00,2016-07-15 04:00:00,h1,1,Beijing,XGBoost,35.416667,44.113487243652344,test
2016-07-15 04:00:00,2016-07-15 05:00:00,h1,1,Beijing,XGBoost,33.416667,31.462682723999023,test
2016-07-15 05:00:00,2016-07-15 06:00:00,h1,1,Beijing,XGBoost,28.416667,32.80854034423828,test
2016-07-15 06:00:00,2016-07-15 07:00:00,h1,1,Beijing,XGBoost,24.583333,27.199838638305664,test
2016-07-15 07:00:00,2016-07-15 08:00:00,h1,1,Beijing,XGBoost,24.583333,24.747051239013672,test
2016-07-15 08:00:00,2016-07-15 09:00:00,h1,1,Beijing,XGBoost,28.75,25.500547409057617,test
2016-07-15 09:00:00,2016-07-15 10:00:00,h1,1,Beijing,XGBoost,31.25,33.47808837890625,test
2016-07-15 10:00:00,2016-07-15 11:00:00,h1,1,Beijing,XGBoost,29.583333,34.925418853759766,test
2016-07-15 11:00:00,2016-07-15 12:00:00,h1,1,Beijing,XGBoost,32.25,30.74959945678711,test
2016-07-15 12:00:00,2016-07-15 13:00:00,h1,1,Beijing,XGBoost,33.866667,35.274654388427734,test
2016-07-15 13:00:00,2016-07-15 14:00:00,h1,1,Beijing,XGBoost,34.983333,35.69554138183594,test
2016-07-15 14:00:00,2016-07-15 15:00:00,h1,1,Beijing,XGBoost,34.1,34.663658142089844,test
2016-07-15 15:00:00,2016-07-15 16:00:00,h1,1,Beijing,XGBoost,33.05,33.54879379272461,test
2016-07-15 16:00:00,2016-07-15 17:00:00,h1,1,Beijing,XGBoost,31.666667,32.55144119262695,test
2016-07-15 17:00:00,2016-07-15 18:00:00,h1,1,Beijing,XGBoost,30.583333,33.43656539916992,test
2016-07-15 18:00:00,2016-07-15 19:00:00,h1,1,Beijing,XGBoost,31.5,30.577274322509766,test
2016-07-15 19:00:00,2016-07-15 20:00:00,h1,1,Beijing,XGBoost,32.083333,34.07362365722656,test
2016-07-15 20:00:00,2016-07-15 21:00:00,h1,1,Beijing,XGBoost,34.0,33.35890197753906,test
2016-07-15 21:00:00,2016-07-15 22:00:00,h1,1,Beijing,XGBoost,32.666667,36.00433349609375,test
2016-07-15 22:00:00,2016-07-15 23:00:00,h1,1,Beijing,XGBoost,33.833333,32.784400939941406,test
2016-07-15 23:00:00,2016-07-16 00:00:00,h1,1,Beijing,XGBoost,33.916667,35.30962371826172,test
2016-07-16 00:00:00,2016-07-16 01:00:00,h1,1,Beijing,XGBoost,32.0,33.92904281616211,test
2016-07-16 01:00:00,2016-07-16 02:00:00,h1,1,Beijing,XGBoost,30.75,31.85529136657715,test
2016-07-16 02:00:00,2016-07-16 03:00:00,h1,1,Beijing,XGBoost,29.25,30.176448822021484,test
2016-07-16 03:00:00,2016-07-16 04:00:00,h1,1,Beijing,XGBoost,28.833333,28.96953010559082,test
2016-07-16 04:00:00,2016-07-16 05:00:00,h1,1,Beijing,XGBoost,29.416667,29.417736053466797,test
2016-07-16 05:00:00,2016-07-16 06:00:00,h1,1,Beijing,XGBoost,31.166667,30.623117446899414,test
2016-07-16 06:00:00,2016-07-16 07:00:00,h1,1,Beijing,XGBoost,29.333333,32.65128707885742,test
2016-07-16 07:00:00,2016-07-16 08:00:00,h1,1,Beijing,XGBoost,29.666667,31.297758102416992,test
2016-07-16 08:00:00,2016-07-16 09:00:00,h1,1,Beijing,XGBoost,28.166667,32.429447174072266,test
2016-07-16 09:00:00,2016-07-16 10:00:00,h1,1,Beijing,XGBoost,30.5,30.1593017578125,test
2016-07-16 10:00:00,2016-07-16 11:00:00,h1,1,Beijing,XGBoost,31.75,33.0425910949707,test
2016-07-16 11:00:00,2016-07-16 12:00:00,h1,1,Beijing,XGBoost,35.333333,32.46453094482422,test
2016-07-16 12:00:00,2016-07-16 13:00:00,h1,1,Beijing,XGBoost,37.583333,36.23875045776367,test
2016-07-16 13:00:00,2016-07-16 14:00:00,h1,1,Beijing,XGBoost,38.916667,38.53993225097656,test
2016-07-16 14:00:00,2016-07-16 15:00:00,h1,1,Beijing,XGBoost,41.166667,39.38393020629883,test
2016-07-16 15:00:00,2016-07-16 16:00:00,h1,1,Beijing,XGBoost,38.083333,43.389400482177734,test
2016-07-16 16:00:00,2016-07-16 17:00:00,h1,1,Beijing,XGBoost,38.666667,38.00432586669922,test
2016-07-16 17:00:00,2016-07-16 18:00:00,h1,1,Beijing,XGBoost,39.833333,41.107418060302734,test
2016-07-16 18:00:00,2016-07-16 19:00:00,h1,1,Beijing,XGBoost,40.583333,41.29857635498047,test
2016-07-16 19:00:00,2016-07-16 20:00:00,h1,1,Beijing,XGBoost,42.833333,42.454490661621094,test
2016-07-16 20:00:00,2016-07-16 21:00:00,h1,1,Beijing,XGBoost,45.0,44.9874382019043,test
2016-07-16 21:00:00,2016-07-16 22:00:00,h1,1,Beijing,XGBoost,46.5,46.57014083862305,test
2016-07-16 22:00:00,2016-07-16 23:00:00,h1,1,Beijing,XGBoost,47.666667,48.95227813720703,test
2016-07-16 23:00:00,2016-07-17 00:00:00,h1,1,Beijing,XGBoost,51.416667,48.50620651245117,test
2016-07-17 00:00:00,2016-07-17 01:00:00,h1,1,Beijing,XGBoost,48.75,54.260398864746094,test
2016-07-17 01:00:00,2016-07-17 02:00:00,h1,1,Beijing,XGBoost,49.416667,49.441627502441406,test
2016-07-17 02:00:00,2016-07-17 03:00:00,h1,1,Beijing,XGBoost,49.583333,50.13043975830078,test
2016-07-17 03:00:00,2016-07-17 04:00:00,h1,1,Beijing,XGBoost,50.25,48.96044921875,test
2016-07-17 04:00:00,2016-07-17 05:00:00,h1,1,Beijing,XGBoost,52.0,50.77458572387695,test
2016-07-17 05:00:00,2016-07-17 06:00:00,h1,1,Beijing,XGBoost,53.083333,51.941619873046875,test
2016-07-17 06:00:00,2016-07-17 07:00:00,h1,1,Beijing,XGBoost,54.25,56.22624206542969,test
2016-07-17 07:00:00,2016-07-17 08:00:00,h1,1,Beijing,XGBoost,61.25,57.75511169433594,test
2016-07-17 08:00:00,2016-07-17 09:00:00,h1,1,Beijing,XGBoost,73.166667,68.3665542602539,test
2016-07-17 09:00:00,2016-07-17 10:00:00,h1,1,Beijing,XGBoost,82.25,83.08518981933594,test
2016-07-17 10:00:00,2016-07-17 11:00:00,h1,1,Beijing,XGBoost,85.166667,87.6877670288086,test
2016-07-17 11:00:00,2016-07-17 12:00:00,h1,1,Beijing,XGBoost,89.083333,85.52896118164062,test
2016-07-17 12:00:00,2016-07-17 13:00:00,h1,1,Beijing,XGBoost,90.541667,90.6298828125,test
2016-07-17 13:00:00,2016-07-17 14:00:00,h1,1,Beijing,XGBoost,94.916667,91.3809585571289,test
2016-07-17 14:00:00,2016-07-17 15:00:00,h1,1,Beijing,XGBoost,99.666667,98.23280334472656,test
2016-07-17 15:00:00,2016-07-17 16:00:00,h1,1,Beijing,XGBoost,98.083333,101.98053741455078,test
2016-07-17 16:00:00,2016-07-17 17:00:00,h1,1,Beijing,XGBoost,86.625,97.91239929199219,test
2016-07-17 17:00:00,2016-07-17 18:00:00,h1,1,Beijing,XGBoost,76.333333,79.33367156982422,test
2016-07-17 18:00:00,2016-07-17 19:00:00,h1,1,Beijing,XGBoost,81.0,71.34089660644531,test
2016-07-17 19:00:00,2016-07-17 20:00:00,h1,1,Beijing,XGBoost,89.333333,85.30309295654297,test
2016-07-17 20:00:00,2016-07-17 21:00:00,h1,1,Beijing,XGBoost,99.916667,94.21870422363281,test
2016-07-17 21:00:00,2016-07-17 22:00:00,h1,1,Beijing,XGBoost,103.083333,104.77741241455078,test
2016-07-17 22:00:00,2016-07-17 23:00:00,h1,1,Beijing,XGBoost,102.416667,104.6869125366211,test
2016-07-17 23:00:00,2016-07-18 00:00:00,h1,1,Beijing,XGBoost,73.416667,105.59002685546875,test
2016-07-19 00:00:00,2016-07-19 01:00:00,h1,1,Beijing,XGBoost,77.5,63.78333282470703,test
2016-07-19 01:00:00,2016-07-19 02:00:00,h1,1,Beijing,XGBoost,80.416667,76.68110656738281,test
2016-07-19 02:00:00,2016-07-19 03:00:00,h1,1,Beijing,XGBoost,93.666667,84.5443344116211,test
2016-07-19 03:00:00,2016-07-19 04:00:00,h1,1,Beijing,XGBoost,104.416667,103.07386779785156,test
2016-07-19 04:00:00,2016-07-19 05:00:00,h1,1,Beijing,XGBoost,111.916667,110.31597137451172,test
2016-07-19 05:00:00,2016-07-19 06:00:00,h1,1,Beijing,XGBoost,134.333333,118.8022689819336,test
2016-07-19 06:00:00,2016-07-19 07:00:00,h1,1,Beijing,XGBoost,144.0,138.77322387695312,test
2016-07-19 07:00:00,2016-07-19 08:00:00,h1,1,Beijing,XGBoost,144.25,150.80833435058594,test
2016-07-19 08:00:00,2016-07-19 09:00:00,h1,1,Beijing,XGBoost,132.583333,134.43601989746094,test
2016-07-19 09:00:00,2016-07-19 10:00:00,h1,1,Beijing,XGBoost,125.083333,93.64634704589844,test
2016-07-19 10:00:00,2016-07-19 11:00:00,h1,1,Beijing,XGBoost,103.833333,114.57608795166016,test
2016-07-19 11:00:00,2016-07-19 12:00:00,h1,1,Beijing,XGBoost,83.583333,85.63134765625,test
2016-07-19 12:00:00,2016-07-19 13:00:00,h1,1,Beijing,XGBoost,76.0,53.322662353515625,test
2016-07-19 13:00:00,2016-07-19 14:00:00,h1,1,Beijing,XGBoost,75.416667,70.21849822998047,test
2016-07-19 14:00:00,2016-07-19 15:00:00,h1,1,Beijing,XGBoost,73.166667,72.73619842529297,test
2016-07-19 15:00:00,2016-07-19 16:00:00,h1,1,Beijing,XGBoost,73.916667,74.4757308959961,test
2016-07-19 16:00:00,2016-07-19 17:00:00,h1,1,Beijing,XGBoost,78.916667,76.65104675292969,test
2016-07-19 17:00:00,2016-07-19 18:00:00,h1,1,Beijing,XGBoost,78.333333,85.32920837402344,test
2016-07-19 18:00:00,2016-07-19 19:00:00,h1,1,Beijing,XGBoost,90.0,81.95401763916016,test
2016-07-19 19:00:00,2016-07-19 20:00:00,h1,1,Beijing,XGBoost,94.055556,101.13571166992188,test
2016-07-19 20:00:00,2016-07-19 21:00:00,h1,1,Beijing,XGBoost,92.027778,96.49345397949219,test
2016-07-19 21:00:00,2016-07-19 22:00:00,h1,1,Beijing,XGBoost,89.583333,91.66963958740234,test
2016-07-19 22:00:00,2016-07-19 23:00:00,h1,1,Beijing,XGBoost,95.0,88.74243927001953,test
2016-07-19 23:00:00,2016-07-20 00:00:00,h1,1,Beijing,XGBoost,92.5,98.92618560791016,test
2016-07-20 00:00:00,2016-07-20 01:00:00,h1,1,Beijing,XGBoost,91.416667,91.66890716552734,test
2016-07-20 01:00:00,2016-07-20 02:00:00,h1,1,Beijing,XGBoost,89.0,89.7413330078125,test
2016-07-20 02:00:00,2016-07-20 03:00:00,h1,1,Beijing,XGBoost,83.083333,87.4749526977539,test
2016-07-20 03:00:00,2016-07-20 04:00:00,h1,1,Beijing,XGBoost,75.833333,78.23543548583984,test
2016-07-20 04:00:00,2016-07-20 05:00:00,h1,1,Beijing,XGBoost,69.583333,67.12448120117188,test
2016-07-20 05:00:00,2016-07-20 06:00:00,h1,1,Beijing,XGBoost,61.666667,62.72624206542969,test
2016-07-20 06:00:00,2016-07-20 07:00:00,h1,1,Beijing,XGBoost,56.083333,52.83394241333008,test
2016-07-20 07:00:00,2016-07-20 08:00:00,h1,1,Beijing,XGBoost,52.583333,48.85260772705078,test
2016-07-20 08:00:00,2016-07-20 09:00:00,h1,1,Beijing,XGBoost,43.333333,45.226173400878906,test
2016-07-20 09:00:00,2016-07-20 10:00:00,h1,1,Beijing,XGBoost,32.333333,35.320335388183594,test
2016-07-20 10:00:00,2016-07-20 11:00:00,h1,1,Beijing,XGBoost,23.666667,25.96529769897461,test
2016-07-20 11:00:00,2016-07-20 12:00:00,h1,1,Beijing,XGBoost,15.416667,19.821626663208008,test
2016-07-20 12:00:00,2016-07-20 13:00:00,h1,1,Beijing,XGBoost,11.333333,13.173192977905273,test
2016-07-20 13:00:00,2016-07-20 14:00:00,h1,1,Beijing,XGBoost,9.5,9.755431175231934,test
2016-07-20 14:00:00,2016-07-20 15:00:00,h1,1,Beijing,XGBoost,8.416667,8.7056245803833,test
2016-07-20 15:00:00,2016-07-20 16:00:00,h1,1,Beijing,XGBoost,6.416667,7.103130340576172,test
2016-07-20 16:00:00,2016-07-20 17:00:00,h1,1,Beijing,XGBoost,5.916667,6.122076034545898,test
2016-07-20 17:00:00,2016-07-20 18:00:00,h1,1,Beijing,XGBoost,6.333333,6.733495235443115,test
2016-07-20 18:00:00,2016-07-20 19:00:00,h1,1,Beijing,XGBoost,5.916667,7.510857105255127,test
2016-07-20 19:00:00,2016-07-20 20:00:00,h1,1,Beijing,XGBoost,6.75,5.827478885650635,test
2016-07-20 20:00:00,2016-07-20 21:00:00,h1,1,Beijing,XGBoost,5.833333,2.9425783157348633,test
2016-07-20 21:00:00,2016-07-20 22:00:00,h1,1,Beijing,XGBoost,6.833333,5.198339939117432,test
2016-07-20 22:00:00,2016-07-20 23:00:00,h1,1,Beijing,XGBoost,6.833333,4.607610702514648,test
2016-07-20 23:00:00,2016-07-21 00:00:00,h1,1,Beijing,XGBoost,6.916667,6.218747138977051,test
2016-07-21 00:00:00,2016-07-21 01:00:00,h1,1,Beijing,XGBoost,6.666667,6.9834089279174805,test
2016-07-21 01:00:00,2016-07-21 02:00:00,h1,1,Beijing,XGBoost,6.5,7.434165954589844,test
2016-07-21 02:00:00,2016-07-21 03:00:00,h1,1,Beijing,XGBoost,6.75,7.350142955780029,test
2016-07-21 03:00:00,2016-07-21 04:00:00,h1,1,Beijing,XGBoost,6.083333,7.274179935455322,test
2016-07-21 04:00:00,2016-07-21 05:00:00,h1,1,Beijing,XGBoost,6.5,6.565505504608154,test
2016-07-21 05:00:00,2016-07-21 06:00:00,h1,1,Beijing,XGBoost,8.0,5.595963954925537,test
2016-07-21 06:00:00,2016-07-21 07:00:00,h1,1,Beijing,XGBoost,9.333333,8.759212493896484,test
2016-07-21 07:00:00,2016-07-21 08:00:00,h1,1,Beijing,XGBoost,11.333333,11.036593437194824,test
2016-07-21 08:00:00,2016-07-21 09:00:00,h1,1,Beijing,XGBoost,12.083333,12.448920249938965,test
2016-07-21 09:00:00,2016-07-21 10:00:00,h1,1,Beijing,XGBoost,13.0,13.37692928314209,test
2016-07-21 10:00:00,2016-07-21 11:00:00,h1,1,Beijing,XGBoost,13.416667,11.591350555419922,test
2016-07-21 11:00:00,2016-07-21 12:00:00,h1,1,Beijing,XGBoost,18.5,12.68647575378418,test
2016-07-21 12:00:00,2016-07-21 13:00:00,h1,1,Beijing,XGBoost,25.666667,21.578636169433594,test
2016-07-21 13:00:00,2016-07-21 14:00:00,h1,1,Beijing,XGBoost,27.583333,29.529407501220703,test
2016-07-21 14:00:00,2016-07-21 15:00:00,h1,1,Beijing,XGBoost,27.75,27.046586990356445,test
2016-07-21 15:00:00,2016-07-21 16:00:00,h1,1,Beijing,XGBoost,34.583333,32.88888168334961,test
2016-07-21 16:00:00,2016-07-21 17:00:00,h1,1,Beijing,XGBoost,37.833333,38.70308303833008,test
2016-07-21 17:00:00,2016-07-21 18:00:00,h1,1,Beijing,XGBoost,45.083333,40.58575439453125,test
2016-07-21 18:00:00,2016-07-21 19:00:00,h1,1,Beijing,XGBoost,47.833333,48.687496185302734,test
2016-07-21 19:00:00,2016-07-21 20:00:00,h1,1,Beijing,XGBoost,49.75,52.03652572631836,test
2016-07-21 20:00:00,2016-07-21 21:00:00,h1,1,Beijing,XGBoost,51.166667,53.2296028137207,test
2016-07-21 21:00:00,2016-07-21 22:00:00,h1,1,Beijing,XGBoost,55.0,54.98362350463867,test
2016-07-21 22:00:00,2016-07-21 23:00:00,h1,1,Beijing,XGBoost,58.75,57.70396041870117,test
2016-07-21 23:00:00,2016-07-22 00:00:00,h1,1,Beijing,XGBoost,134.5,62.68928146362305,test
2016-07-30 00:00:00,2016-07-30 01:00:00,h1,1,Beijing,XGBoost,133.333333,147.66102600097656,test
2016-07-30 01:00:00,2016-07-30 02:00:00,h1,1,Beijing,XGBoost,130.833333,115.46075439453125,test
2016-07-30 02:00:00,2016-07-30 03:00:00,h1,1,Beijing,XGBoost,129.416667,127.3315200805664,test
2016-07-30 03:00:00,2016-07-30 04:00:00,h1,1,Beijing,XGBoost,128.0,126.97246551513672,test
2016-07-30 04:00:00,2016-07-30 05:00:00,h1,1,Beijing,XGBoost,93.833333,121.36312866210938,test
2016-07-30 05:00:00,2016-07-30 06:00:00,h1,1,Beijing,XGBoost,95.416667,71.07136535644531,test
2016-07-30 06:00:00,2016-07-30 07:00:00,h1,1,Beijing,XGBoost,107.083333,99.01338195800781,test
2016-07-30 07:00:00,2016-07-30 08:00:00,h1,1,Beijing,XGBoost,137.5,118.48279571533203,test
2016-07-30 08:00:00,2016-07-30 09:00:00,h1,1,Beijing,XGBoost,167.166667,157.0563201904297,test
2016-07-30 09:00:00,2016-07-30 10:00:00,h1,1,Beijing,XGBoost,177.875,169.2927703857422,test
2016-07-30 10:00:00,2016-07-30 11:00:00,h1,1,Beijing,XGBoost,188.583333,182.37261962890625,test
2016-07-30 11:00:00,2016-07-30 12:00:00,h1,1,Beijing,XGBoost,191.75,196.0828857421875,test
2016-07-30 12:00:00,2016-07-30 13:00:00,h1,1,Beijing,XGBoost,215.166667,193.32901000976562,test
2016-07-30 13:00:00,2016-07-30 14:00:00,h1,1,Beijing,XGBoost,221.416667,220.04200744628906,test
2016-07-30 14:00:00,2016-07-30 15:00:00,h1,1,Beijing,XGBoost,223.583333,232.31813049316406,test
2016-07-30 15:00:00,2016-07-30 16:00:00,h1,1,Beijing,XGBoost,213.333333,228.7711639404297,test
2016-07-30 16:00:00,2016-07-30 17:00:00,h1,1,Beijing,XGBoost,193.083333,206.27822875976562,test
2016-07-30 17:00:00,2016-07-30 18:00:00,h1,1,Beijing,XGBoost,111.75,190.85775756835938,test
2016-07-30 18:00:00,2016-07-30 19:00:00,h1,1,Beijing,XGBoost,50.25,72.90079498291016,test
2016-07-30 19:00:00,2016-07-30 20:00:00,h1,1,Beijing,XGBoost,44.0,53.65317916870117,test
2016-07-30 20:00:00,2016-07-30 21:00:00,h1,1,Beijing,XGBoost,37.416667,47.07776641845703,test
2016-07-30 21:00:00,2016-07-30 22:00:00,h1,1,Beijing,XGBoost,41.666667,34.05767059326172,test
2016-07-30 22:00:00,2016-07-30 23:00:00,h1,1,Beijing,XGBoost,47.083333,42.244991302490234,test
2016-07-30 23:00:00,2016-07-31 00:00:00,h1,1,Beijing,XGBoost,42.25,49.642433166503906,test
2016-07-31 00:00:00,2016-07-31 01:00:00,h1,1,Beijing,XGBoost,39.583333,41.29686737060547,test
2016-07-31 01:00:00,2016-07-31 02:00:00,h1,1,Beijing,XGBoost,37.916667,37.61893844604492,test
2016-07-31 02:00:00,2016-07-31 03:00:00,h1,1,Beijing,XGBoost,40.416667,39.11728286743164,test
2016-07-31 03:00:00,2016-07-31 04:00:00,h1,1,Beijing,XGBoost,46.583333,43.39570999145508,test
2016-07-31 04:00:00,2016-07-31 05:00:00,h1,1,Beijing,XGBoost,49.25,50.49120330810547,test
2016-07-31 05:00:00,2016-07-31 06:00:00,h1,1,Beijing,XGBoost,53.583333,51.17869186401367,test
2016-07-31 06:00:00,2016-07-31 07:00:00,h1,1,Beijing,XGBoost,57.5,55.990665435791016,test
2016-07-31 07:00:00,2016-07-31 08:00:00,h1,1,Beijing,XGBoost,57.5,63.27246856689453,test
2016-07-31 08:00:00,2016-07-31 09:00:00,h1,1,Beijing,XGBoost,59.25,60.07743453979492,test
2016-07-31 09:00:00,2016-07-31 10:00:00,h1,1,Beijing,XGBoost,54.75,62.5060920715332,test
2016-07-31 10:00:00,2016-07-31 11:00:00,h1,1,Beijing,XGBoost,56.583333,54.66279602050781,test
2016-07-31 11:00:00,2016-07-31 12:00:00,h1,1,Beijing,XGBoost,58.333333,60.432273864746094,test
2016-07-31 12:00:00,2016-07-31 13:00:00,h1,1,Beijing,XGBoost,62.833333,62.7446403503418,test
2016-07-31 13:00:00,2016-07-31 14:00:00,h1,1,Beijing,XGBoost,60.333333,67.06794738769531,test
2016-07-31 14:00:00,2016-07-31 15:00:00,h1,1,Beijing,XGBoost,47.166667,58.691856384277344,test
2016-07-31 15:00:00,2016-07-31 16:00:00,h1,1,Beijing,XGBoost,44.666667,40.258201599121094,test
2016-07-31 16:00:00,2016-07-31 17:00:00,h1,1,Beijing,XGBoost,45.666667,41.84230041503906,test
2016-07-31 17:00:00,2016-07-31 18:00:00,h1,1,Beijing,XGBoost,53.0,49.034034729003906,test
2016-07-31 18:00:00,2016-07-31 19:00:00,h1,1,Beijing,XGBoost,59.666667,58.294734954833984,test
2016-07-31 19:00:00,2016-07-31 20:00:00,h1,1,Beijing,XGBoost,62.75,65.33948516845703,test
2016-07-31 20:00:00,2016-07-31 21:00:00,h1,1,Beijing,XGBoost,66.916667,66.26040649414062,test
2016-07-31 21:00:00,2016-07-31 22:00:00,h1,1,Beijing,XGBoost,67.083333,70.67972564697266,test
2016-07-31 22:00:00,2016-07-31 23:00:00,h1,1,Beijing,XGBoost,61.166667,69.90103149414062,test
2016-07-31 23:00:00,2016-08-01 00:00:00,h1,1,Beijing,XGBoost,59.166667,60.72331237792969,test
2016-08-01 00:00:00,2016-08-01 01:00:00,h1,1,Beijing,XGBoost,58.416667,60.75470733642578,test
2016-08-01 01:00:00,2016-08-01 02:00:00,h1,1,Beijing,XGBoost,56.333333,60.568023681640625,test
2016-08-01 02:00:00,2016-08-01 03:00:00,h1,1,Beijing,XGBoost,57.0,58.606258392333984,test
2016-08-01 03:00:00,2016-08-01 04:00:00,h1,1,Beijing,XGBoost,59.333333,59.64842224121094,test
2016-08-01 04:00:00,2016-08-01 05:00:00,h1,1,Beijing,XGBoost,59.333333,62.53024673461914,test
2016-08-01 05:00:00,2016-08-01 06:00:00,h1,1,Beijing,XGBoost,63.083333,59.63810348510742,test
2016-08-01 06:00:00,2016-08-01 07:00:00,h1,1,Beijing,XGBoost,67.25,68.07852172851562,test
2016-08-01 07:00:00,2016-08-01 08:00:00,h1,1,Beijing,XGBoost,65.5,73.33078002929688,test
2016-08-01 08:00:00,2016-08-01 09:00:00,h1,1,Beijing,XGBoost,51.916667,66.55033111572266,test
2016-08-01 09:00:00,2016-08-01 10:00:00,h1,1,Beijing,XGBoost,52.166667,47.67112350463867,test
2016-08-01 10:00:00,2016-08-01 11:00:00,h1,1,Beijing,XGBoost,54.416667,55.02345275878906,test
2016-08-01 11:00:00,2016-08-01 12:00:00,h1,1,Beijing,XGBoost,53.5,58.48751449584961,test
2016-08-01 12:00:00,2016-08-01 13:00:00,h1,1,Beijing,XGBoost,57.583333,56.308753967285156,test
2016-08-01 13:00:00,2016-08-01 14:00:00,h1,1,Beijing,XGBoost,61.75,59.062644958496094,test
2016-08-01 14:00:00,2016-08-01 15:00:00,h1,1,Beijing,XGBoost,68.75,66.05160522460938,test
2016-08-01 15:00:00,2016-08-01 16:00:00,h1,1,Beijing,XGBoost,67.277778,71.2686767578125,test
2016-08-01 16:00:00,2016-08-01 17:00:00,h1,1,Beijing,XGBoost,63.472222,66.67869567871094,test
2016-08-01 17:00:00,2016-08-01 18:00:00,h1,1,Beijing,XGBoost,65.166667,60.35160827636719,test
2016-08-01 18:00:00,2016-08-01 19:00:00,h1,1,Beijing,XGBoost,73.583333,68.55858612060547,test
2016-08-01 19:00:00,2016-08-01 20:00:00,h1,1,Beijing,XGBoost,85.25,79.13115692138672,test
2016-08-01 20:00:00,2016-08-01 21:00:00,h1,1,Beijing,XGBoost,87.833333,92.3154296875,test
2016-08-01 21:00:00,2016-08-01 22:00:00,h1,1,Beijing,XGBoost,100.25,88.76942443847656,test
2016-08-01 22:00:00,2016-08-01 23:00:00,h1,1,Beijing,XGBoost,108.75,105.71622467041016,test
2016-08-01 23:00:00,2016-08-02 00:00:00,h1,1,Beijing,XGBoost,117.083333,115.123291015625,test
2016-08-02 00:00:00,2016-08-02 01:00:00,h1,1,Beijing,XGBoost,119.583333,119.0823745727539,test
2016-08-02 01:00:00,2016-08-02 02:00:00,h1,1,Beijing,XGBoost,114.0,119.0091552734375,test
2016-08-02 02:00:00,2016-08-02 03:00:00,h1,1,Beijing,XGBoost,99.916667,111.94100952148438,test
2016-08-02 03:00:00,2016-08-02 04:00:00,h1,1,Beijing,XGBoost,83.166667,95.07556915283203,test
2016-08-02 04:00:00,2016-08-02 05:00:00,h1,1,Beijing,XGBoost,65.75,76.3711166381836,test
2016-08-02 05:00:00,2016-08-02 06:00:00,h1,1,Beijing,XGBoost,59.416667,59.747161865234375,test
2016-08-02 06:00:00,2016-08-02 07:00:00,h1,1,Beijing,XGBoost,51.833333,56.27698516845703,test
2016-08-02 07:00:00,2016-08-02 08:00:00,h1,1,Beijing,XGBoost,45.166667,53.98627471923828,test
2016-08-02 08:00:00,2016-08-02 09:00:00,h1,1,Beijing,XGBoost,51.625,45.745033264160156,test
2016-08-02 09:00:00,2016-08-02 10:00:00,h1,1,Beijing,XGBoost,36.333333,55.77933883666992,test
2016-08-02 10:00:00,2016-08-02 11:00:00,h1,1,Beijing,XGBoost,24.333333,28.323471069335938,test
2016-08-02 11:00:00,2016-08-02 12:00:00,h1,1,Beijing,XGBoost,22.277778,16.716114044189453,test
2016-08-02 12:00:00,2016-08-02 13:00:00,h1,1,Beijing,XGBoost,19.805556,21.73780059814453,test
2016-08-02 13:00:00,2016-08-02 14:00:00,h1,1,Beijing,XGBoost,19.25,20.35340118408203,test
2016-08-02 14:00:00,2016-08-02 15:00:00,h1,1,Beijing,XGBoost,21.583333,18.972393035888672,test
2016-08-02 15:00:00,2016-08-02 16:00:00,h1,1,Beijing,XGBoost,22.25,23.32268714904785,test
2016-08-02 16:00:00,2016-08-02 17:00:00,h1,1,Beijing,XGBoost,24.916667,24.2133846282959,test
2016-08-02 17:00:00,2016-08-02 18:00:00,h1,1,Beijing,XGBoost,29.333333,28.993162155151367,test
2016-08-02 18:00:00,2016-08-02 19:00:00,h1,1,Beijing,XGBoost,32.083333,35.3883056640625,test
2016-08-02 19:00:00,2016-08-02 20:00:00,h1,1,Beijing,XGBoost,33.666667,38.747947692871094,test
2016-08-02 20:00:00,2016-08-02 21:00:00,h1,1,Beijing,XGBoost,35.0,36.84505081176758,test
2016-08-02 21:00:00,2016-08-02 22:00:00,h1,1,Beijing,XGBoost,37.166667,36.27295684814453,test
2016-08-02 22:00:00,2016-08-02 23:00:00,h1,1,Beijing,XGBoost,39.916667,37.656497955322266,test
2016-08-02 23:00:00,2016-08-03 00:00:00,h1,1,Beijing,XGBoost,45.083333,39.94393539428711,test
2016-08-03 00:00:00,2016-08-03 01:00:00,h1,1,Beijing,XGBoost,55.25,48.54994201660156,test
2016-08-03 01:00:00,2016-08-03 02:00:00,h1,1,Beijing,XGBoost,59.333333,60.38991928100586,test
2016-08-03 02:00:00,2016-08-03 03:00:00,h1,1,Beijing,XGBoost,61.5,62.10763168334961,test
2016-08-03 03:00:00,2016-08-03 04:00:00,h1,1,Beijing,XGBoost,67.166667,63.72412109375,test
2016-08-03 04:00:00,2016-08-03 05:00:00,h1,1,Beijing,XGBoost,64.333333,70.67721557617188,test
2016-08-03 05:00:00,2016-08-03 06:00:00,h1,1,Beijing,XGBoost,56.583333,62.74184799194336,test
2016-08-03 06:00:00,2016-08-03 07:00:00,h1,1,Beijing,XGBoost,61.666667,55.46105194091797,test
2016-08-03 07:00:00,2016-08-03 08:00:00,h1,1,Beijing,XGBoost,83.416667,70.09784698486328,test
2016-08-03 08:00:00,2016-08-03 09:00:00,h1,1,Beijing,XGBoost,79.583333,92.61759948730469,test
2016-08-03 09:00:00,2016-08-03 10:00:00,h1,1,Beijing,XGBoost,62.75,76.5933609008789,test
2016-08-03 10:00:00,2016-08-03 11:00:00,h1,1,Beijing,XGBoost,52.883333,53.98048782348633,test
2016-08-03 11:00:00,2016-08-03 12:00:00,h1,1,Beijing,XGBoost,42.183333,47.82565689086914,test
2016-08-03 12:00:00,2016-08-03 13:00:00,h1,1,Beijing,XGBoost,35.4,45.61141586303711,test
2016-08-03 13:00:00,2016-08-03 14:00:00,h1,1,Beijing,XGBoost,33.533333,33.822486877441406,test
2016-08-03 14:00:00,2016-08-03 15:00:00,h1,1,Beijing,XGBoost,33.416667,34.444618225097656,test
2016-08-03 15:00:00,2016-08-03 16:00:00,h1,1,Beijing,XGBoost,38.75,34.258155822753906,test
2016-08-03 16:00:00,2016-08-03 17:00:00,h1,1,Beijing,XGBoost,48.083333,39.61089324951172,test
2016-08-03 17:00:00,2016-08-03 18:00:00,h1,1,Beijing,XGBoost,46.916667,51.33055877685547,test
2016-08-03 18:00:00,2016-08-03 19:00:00,h1,1,Beijing,XGBoost,44.0,50.48402404785156,test
2016-08-03 19:00:00,2016-08-03 20:00:00,h1,1,Beijing,XGBoost,44.0,46.17026901245117,test
2016-08-03 20:00:00,2016-08-03 21:00:00,h1,1,Beijing,XGBoost,50.75,47.10500717163086,test
2016-08-03 21:00:00,2016-08-03 22:00:00,h1,1,Beijing,XGBoost,54.083333,54.19432830810547,test
2016-08-03 22:00:00,2016-08-03 23:00:00,h1,1,Beijing,XGBoost,57.291667,56.702362060546875,test
2016-08-03 23:00:00,2016-08-04 00:00:00,h1,1,Beijing,XGBoost,67.25,61.85444259643555,test
2016-08-04 00:00:00,2016-08-04 01:00:00,h1,1,Beijing,XGBoost,72.666667,74.07441711425781,test
2016-08-04 01:00:00,2016-08-04 02:00:00,h1,1,Beijing,XGBoost,76.75,74.89081573486328,test
2016-08-04 02:00:00,2016-08-04 03:00:00,h1,1,Beijing,XGBoost,74.416667,79.55227661132812,test
2016-08-04 03:00:00,2016-08-04 04:00:00,h1,1,Beijing,XGBoost,78.25,74.22320556640625,test
2016-08-04 04:00:00,2016-08-04 05:00:00,h1,1,Beijing,XGBoost,83.75,81.0748519897461,test
2016-08-04 05:00:00,2016-08-04 06:00:00,h1,1,Beijing,XGBoost,88.583333,86.6228256225586,test
2016-08-04 06:00:00,2016-08-04 07:00:00,h1,1,Beijing,XGBoost,93.5,91.6470947265625,test
2016-08-04 07:00:00,2016-08-04 08:00:00,h1,1,Beijing,XGBoost,105.5,97.54619598388672,test
2016-08-04 08:00:00,2016-08-04 09:00:00,h1,1,Beijing,XGBoost,116.333333,115.81776428222656,test
2016-08-04 09:00:00,2016-08-04 10:00:00,h1,1,Beijing,XGBoost,122.75,127.96106719970703,test
2016-08-04 10:00:00,2016-08-04 11:00:00,h1,1,Beijing,XGBoost,124.75,124.7919692993164,test
2016-08-04 11:00:00,2016-08-04 12:00:00,h1,1,Beijing,XGBoost,123.791667,126.6066665649414,test
2016-08-04 12:00:00,2016-08-04 13:00:00,h1,1,Beijing,XGBoost,119.75,128.1125030517578,test
2016-08-04 13:00:00,2016-08-04 14:00:00,h1,1,Beijing,XGBoost,111.972222,116.02407836914062,test
2016-08-04 14:00:00,2016-08-04 15:00:00,h1,1,Beijing,XGBoost,105.194444,105.30200958251953,test
2016-08-04 15:00:00,2016-08-04 16:00:00,h1,1,Beijing,XGBoost,100.916667,102.75276184082031,test
2016-08-04 16:00:00,2016-08-04 17:00:00,h1,1,Beijing,XGBoost,101.708333,97.83914947509766,test
2016-08-04 17:00:00,2016-08-04 18:00:00,h1,1,Beijing,XGBoost,96.666667,102.54434204101562,test
2016-08-04 18:00:00,2016-08-04 19:00:00,h1,1,Beijing,XGBoost,94.708333,97.47986602783203,test
2016-08-04 19:00:00,2016-08-04 20:00:00,h1,1,Beijing,XGBoost,97.166667,94.67989349365234,test
2016-08-04 20:00:00,2016-08-04 21:00:00,h1,1,Beijing,XGBoost,109.5,97.85311889648438,test
2016-08-04 21:00:00,2016-08-04 22:00:00,h1,1,Beijing,XGBoost,102.833333,117.01575469970703,test
2016-08-04 22:00:00,2016-08-04 23:00:00,h1,1,Beijing,XGBoost,83.0,98.63883209228516,test
2016-08-04 23:00:00,2016-08-05 00:00:00,h1,1,Beijing,XGBoost,70.083333,70.88542175292969,test
2016-08-05 00:00:00,2016-08-05 01:00:00,h1,1,Beijing,XGBoost,57.833333,63.23932647705078,test
2016-08-05 01:00:00,2016-08-05 02:00:00,h1,1,Beijing,XGBoost,55.5,49.288578033447266,test
2016-08-05 02:00:00,2016-08-05 03:00:00,h1,1,Beijing,XGBoost,59.666667,56.06875991821289,test
2016-08-05 03:00:00,2016-08-05 04:00:00,h1,1,Beijing,XGBoost,64.916667,63.08360290527344,test
2016-08-05 04:00:00,2016-08-05 05:00:00,h1,1,Beijing,XGBoost,67.666667,69.10655975341797,test
2016-08-05 05:00:00,2016-08-05 06:00:00,h1,1,Beijing,XGBoost,68.083333,69.97588348388672,test
2016-08-05 06:00:00,2016-08-05 07:00:00,h1,1,Beijing,XGBoost,69.916667,69.19591522216797,test
2016-08-05 07:00:00,2016-08-05 08:00:00,h1,1,Beijing,XGBoost,76.25,73.61917114257812,test
2016-08-05 08:00:00,2016-08-05 09:00:00,h1,1,Beijing,XGBoost,75.5,82.14876556396484,test
2016-08-05 09:00:00,2016-08-05 10:00:00,h1,1,Beijing,XGBoost,70.583333,80.03473663330078,test
2016-08-05 10:00:00,2016-08-05 11:00:00,h1,1,Beijing,XGBoost,61.916667,67.23059844970703,test
2016-08-05 11:00:00,2016-08-05 12:00:00,h1,1,Beijing,XGBoost,58.0,56.685909271240234,test
2016-08-05 12:00:00,2016-08-05 13:00:00,h1,1,Beijing,XGBoost,57.333333,55.643829345703125,test
2016-08-05 13:00:00,2016-08-05 14:00:00,h1,1,Beijing,XGBoost,54.75,58.35529327392578,test
2016-08-05 14:00:00,2016-08-05 15:00:00,h1,1,Beijing,XGBoost,47.166667,55.687034606933594,test
2016-08-05 15:00:00,2016-08-05 16:00:00,h1,1,Beijing,XGBoost,49.083333,46.258323669433594,test
2016-08-05 16:00:00,2016-08-05 17:00:00,h1,1,Beijing,XGBoost,49.333333,49.33298873901367,test
2016-08-05 17:00:00,2016-08-05 18:00:00,h1,1,Beijing,XGBoost,52.583333,50.45025634765625,test
2016-08-05 18:00:00,2016-08-05 19:00:00,h1,1,Beijing,XGBoost,57.25,56.687259674072266,test
2016-08-05 19:00:00,2016-08-05 20:00:00,h1,1,Beijing,XGBoost,63.5,63.08903503417969,test
2016-08-05 20:00:00,2016-08-05 21:00:00,h1,1,Beijing,XGBoost,79.083333,68.07864379882812,test
2016-08-05 21:00:00,2016-08-05 22:00:00,h1,1,Beijing,XGBoost,88.333333,85.90266418457031,test
2016-08-05 22:00:00,2016-08-05 23:00:00,h1,1,Beijing,XGBoost,92.833333,92.47351837158203,test
2016-08-05 23:00:00,2016-08-06 00:00:00,h1,1,Beijing,XGBoost,95.5,92.40898895263672,test
2016-08-06 00:00:00,2016-08-06 01:00:00,h1,1,Beijing,XGBoost,99.583333,95.45199584960938,test
2016-08-06 01:00:00,2016-08-06 02:00:00,h1,1,Beijing,XGBoost,100.833333,100.94872283935547,test
2016-08-06 02:00:00,2016-08-06 03:00:00,h1,1,Beijing,XGBoost,101.333333,101.55380249023438,test
2016-08-06 03:00:00,2016-08-06 04:00:00,h1,1,Beijing,XGBoost,106.833333,102.33634185791016,test
2016-08-06 04:00:00,2016-08-06 05:00:00,h1,1,Beijing,XGBoost,108.25,104.23239135742188,test
2016-08-06 05:00:00,2016-08-06 06:00:00,h1,1,Beijing,XGBoost,108.5,109.33567810058594,test
2016-08-06 06:00:00,2016-08-06 07:00:00,h1,1,Beijing,XGBoost,108.75,110.47462463378906,test
2016-08-06 07:00:00,2016-08-06 08:00:00,h1,1,Beijing,XGBoost,120.0,112.86246490478516,test
2016-08-06 08:00:00,2016-08-06 09:00:00,h1,1,Beijing,XGBoost,128.0,123.2813949584961,test
2016-08-06 09:00:00,2016-08-06 10:00:00,h1,1,Beijing,XGBoost,125.0,133.23245239257812,test
2016-08-06 10:00:00,2016-08-06 11:00:00,h1,1,Beijing,XGBoost,111.5,125.49813079833984,test
2016-08-06 11:00:00,2016-08-06 12:00:00,h1,1,Beijing,XGBoost,100.583333,100.09941864013672,test
2016-08-06 12:00:00,2016-08-06 13:00:00,h1,1,Beijing,XGBoost,96.666667,89.48783111572266,test
2016-08-06 13:00:00,2016-08-06 14:00:00,h1,1,Beijing,XGBoost,92.333333,89.37763214111328,test
2016-08-06 14:00:00,2016-08-06 15:00:00,h1,1,Beijing,XGBoost,92.333333,89.05290985107422,test
2016-08-06 15:00:00,2016-08-06 16:00:00,h1,1,Beijing,XGBoost,96.0,94.65410614013672,test
2016-08-06 16:00:00,2016-08-06 17:00:00,h1,1,Beijing,XGBoost,94.083333,98.85992431640625,test
2016-08-06 17:00:00,2016-08-06 18:00:00,h1,1,Beijing,XGBoost,94.0,94.96675109863281,test
2016-08-06 18:00:00,2016-08-06 19:00:00,h1,1,Beijing,XGBoost,89.833333,94.99459838867188,test
2016-08-06 19:00:00,2016-08-06 20:00:00,h1,1,Beijing,XGBoost,94.416667,90.07354736328125,test
2016-08-06 20:00:00,2016-08-06 21:00:00,h1,1,Beijing,XGBoost,100.833333,98.93598937988281,test
2016-08-06 21:00:00,2016-08-06 22:00:00,h1,1,Beijing,XGBoost,90.666667,104.18541717529297,test
2016-08-06 22:00:00,2016-08-06 23:00:00,h1,1,Beijing,XGBoost,52.416667,81.9718246459961,test
2016-08-06 23:00:00,2016-08-07 00:00:00,h1,1,Beijing,XGBoost,26.333333,23.669967651367188,test
2016-08-07 00:00:00,2016-08-07 01:00:00,h1,1,Beijing,XGBoost,17.75,25.24994659423828,test
2016-08-07 01:00:00,2016-08-07 02:00:00,h1,1,Beijing,XGBoost,19.833333,17.195669174194336,test
2016-08-07 02:00:00,2016-08-07 03:00:00,h1,1,Beijing,XGBoost,20.666667,19.836769104003906,test
2016-08-07 03:00:00,2016-08-07 04:00:00,h1,1,Beijing,XGBoost,19.0,21.80441665649414,test
2016-08-07 04:00:00,2016-08-07 05:00:00,h1,1,Beijing,XGBoost,18.25,18.649328231811523,test
2016-08-07 05:00:00,2016-08-07 06:00:00,h1,1,Beijing,XGBoost,17.75,17.49821662902832,test
2016-08-07 06:00:00,2016-08-07 07:00:00,h1,1,Beijing,XGBoost,17.5,18.057567596435547,test
2016-08-07 07:00:00,2016-08-07 08:00:00,h1,1,Beijing,XGBoost,19.833333,18.106082916259766,test
2016-08-07 08:00:00,2016-08-07 09:00:00,h1,1,Beijing,XGBoost,15.916667,20.413402557373047,test
2016-08-07 09:00:00,2016-08-07 10:00:00,h1,1,Beijing,XGBoost,16.416667,15.912914276123047,test
2016-08-07 10:00:00,2016-08-07 11:00:00,h1,1,Beijing,XGBoost,16.333333,17.800434112548828,test
2016-08-07 11:00:00,2016-08-07 12:00:00,h1,1,Beijing,XGBoost,19.0,18.100046157836914,test
2016-08-07 12:00:00,2016-08-07 13:00:00,h1,1,Beijing,XGBoost,19.583333,19.91207504272461,test
2016-08-07 13:00:00,2016-08-07 14:00:00,h1,1,Beijing,XGBoost,16.5,19.98117446899414,test
2016-08-07 14:00:00,2016-08-07 15:00:00,h1,1,Beijing,XGBoost,15.5,15.337925910949707,test
2016-08-07 15:00:00,2016-08-07 16:00:00,h1,1,Beijing,XGBoost,12.5,16.05833625793457,test
2016-08-07 16:00:00,2016-08-07 17:00:00,h1,1,Beijing,XGBoost,14.166667,13.277288436889648,test
2016-08-07 17:00:00,2016-08-07 18:00:00,h1,1,Beijing,XGBoost,15.0,15.102355003356934,test
2016-08-07 18:00:00,2016-08-07 19:00:00,h1,1,Beijing,XGBoost,19.416667,16.38976287841797,test
2016-08-07 19:00:00,2016-08-07 20:00:00,h1,1,Beijing,XGBoost,23.666667,22.22990608215332,test
2016-08-07 20:00:00,2016-08-07 21:00:00,h1,1,Beijing,XGBoost,27.666667,26.492860794067383,test
2016-08-07 21:00:00,2016-08-07 22:00:00,h1,1,Beijing,XGBoost,25.75,31.003114700317383,test
2016-08-07 22:00:00,2016-08-07 23:00:00,h1,1,Beijing,XGBoost,27.333333,27.138572692871094,test
2016-08-07 23:00:00,2016-08-08 00:00:00,h1,1,Beijing,XGBoost,26.5,25.672557830810547,test
2016-08-08 00:00:00,2016-08-08 01:00:00,h1,1,Beijing,XGBoost,33.666667,26.498144149780273,test
2016-08-08 01:00:00,2016-08-08 02:00:00,h1,1,Beijing,XGBoost,38.166667,35.590389251708984,test
2016-08-08 02:00:00,2016-08-08 03:00:00,h1,1,Beijing,XGBoost,44.5,37.96440124511719,test
2016-08-08 03:00:00,2016-08-08 04:00:00,h1,1,Beijing,XGBoost,47.416667,46.27479934692383,test
2016-08-08 04:00:00,2016-08-08 05:00:00,h1,1,Beijing,XGBoost,42.166667,49.306053161621094,test
2016-08-08 05:00:00,2016-08-08 06:00:00,h1,1,Beijing,XGBoost,37.916667,42.959739685058594,test
2016-08-08 06:00:00,2016-08-08 07:00:00,h1,1,Beijing,XGBoost,38.666667,39.772674560546875,test
2016-08-08 07:00:00,2016-08-08 08:00:00,h1,1,Beijing,XGBoost,43.0,40.78925323486328,test
2016-08-08 08:00:00,2016-08-08 09:00:00,h1,1,Beijing,XGBoost,39.5,45.23103332519531,test
2016-08-08 09:00:00,2016-08-08 10:00:00,h1,1,Beijing,XGBoost,26.25,37.53916931152344,test
2016-08-08 10:00:00,2016-08-08 11:00:00,h1,1,Beijing,XGBoost,18.0,21.85829734802246,test
2016-08-08 11:00:00,2016-08-08 12:00:00,h1,1,Beijing,XGBoost,17.0,15.579233169555664,test
2016-08-08 12:00:00,2016-08-08 13:00:00,h1,1,Beijing,XGBoost,15.75,16.318702697753906,test
2016-08-08 13:00:00,2016-08-08 14:00:00,h1,1,Beijing,XGBoost,18.083333,15.771961212158203,test
2016-08-08 14:00:00,2016-08-08 15:00:00,h1,1,Beijing,XGBoost,19.416667,19.470439910888672,test
2016-08-08 15:00:00,2016-08-08 16:00:00,h1,1,Beijing,XGBoost,20.25,21.143423080444336,test
2016-08-08 16:00:00,2016-08-08 17:00:00,h1,1,Beijing,XGBoost,18.166667,21.934934616088867,test
2016-08-08 17:00:00,2016-08-08 18:00:00,h1,1,Beijing,XGBoost,21.083333,18.30815887451172,test
2016-08-08 18:00:00,2016-08-08 19:00:00,h1,1,Beijing,XGBoost,23.583333,23.06725311279297,test
2016-08-08 19:00:00,2016-08-08 20:00:00,h1,1,Beijing,XGBoost,29.916667,27.043195724487305,test
2016-08-08 20:00:00,2016-08-08 21:00:00,h1,1,Beijing,XGBoost,37.0,35.56785202026367,test
2016-08-08 21:00:00,2016-08-08 22:00:00,h1,1,Beijing,XGBoost,39.583333,43.026397705078125,test
2016-08-08 22:00:00,2016-08-08 23:00:00,h1,1,Beijing,XGBoost,38.666667,42.789039611816406,test
2016-08-08 23:00:00,2016-08-09 00:00:00,h1,1,Beijing,XGBoost,36.333333,39.95003128051758,test
2016-08-09 00:00:00,2016-08-09 01:00:00,h1,1,Beijing,XGBoost,37.833333,36.29228973388672,test
2016-08-09 01:00:00,2016-08-09 02:00:00,h1,1,Beijing,XGBoost,38.583333,38.972747802734375,test
2016-08-09 02:00:00,2016-08-09 03:00:00,h1,1,Beijing,XGBoost,38.833333,39.69978332519531,test
2016-08-09 03:00:00,2016-08-09 04:00:00,h1,1,Beijing,XGBoost,36.833333,39.741756439208984,test
2016-08-09 04:00:00,2016-08-09 05:00:00,h1,1,Beijing,XGBoost,39.0,35.73175048828125,test
2016-08-09 05:00:00,2016-08-09 06:00:00,h1,1,Beijing,XGBoost,39.25,40.18769454956055,test
2016-08-09 06:00:00,2016-08-09 07:00:00,h1,1,Beijing,XGBoost,42.416667,41.904884338378906,test
2016-08-09 07:00:00,2016-08-09 08:00:00,h1,1,Beijing,XGBoost,47.916667,46.93902587890625,test
2016-08-09 08:00:00,2016-08-09 09:00:00,h1,1,Beijing,XGBoost,48.083333,52.845794677734375,test
2016-08-09 09:00:00,2016-08-09 10:00:00,h1,1,Beijing,XGBoost,40.833333,49.106746673583984,test
2016-08-09 10:00:00,2016-08-09 11:00:00,h1,1,Beijing,XGBoost,39.958333,39.031131744384766,test
2016-08-09 11:00:00,2016-08-09 12:00:00,h1,1,Beijing,XGBoost,36.5,38.917945861816406,test
2016-08-09 12:00:00,2016-08-09 13:00:00,h1,1,Beijing,XGBoost,36.916667,35.41789627075195,test
2016-08-09 13:00:00,2016-08-09 14:00:00,h1,1,Beijing,XGBoost,38.583333,37.81357192993164,test
2016-08-09 14:00:00,2016-08-09 15:00:00,h1,1,Beijing,XGBoost,44.833333,39.51900100708008,test
2016-08-09 15:00:00,2016-08-09 16:00:00,h1,1,Beijing,XGBoost,53.333333,46.58250045776367,test
2016-08-09 16:00:00,2016-08-09 17:00:00,h1,1,Beijing,XGBoost,59.75,56.78814697265625,test
2016-08-09 17:00:00,2016-08-09 18:00:00,h1,1,Beijing,XGBoost,51.0,63.80067825317383,test
2016-08-09 18:00:00,2016-08-09 19:00:00,h1,1,Beijing,XGBoost,45.916667,50.88766860961914,test
2016-08-09 19:00:00,2016-08-09 20:00:00,h1,1,Beijing,XGBoost,46.916667,43.556087493896484,test
2016-08-09 20:00:00,2016-08-09 21:00:00,h1,1,Beijing,XGBoost,54.166667,49.39833450317383,test
2016-08-09 21:00:00,2016-08-09 22:00:00,h1,1,Beijing,XGBoost,60.0,56.02994155883789,test
2016-08-09 22:00:00,2016-08-09 23:00:00,h1,1,Beijing,XGBoost,61.0,62.83940887451172,test
2016-08-09 23:00:00,2016-08-10 00:00:00,h1,1,Beijing,XGBoost,62.666667,63.64231491088867,test
2016-08-10 00:00:00,2016-08-10 01:00:00,h1,1,Beijing,XGBoost,67.416667,64.19745635986328,test
2016-08-10 01:00:00,2016-08-10 02:00:00,h1,1,Beijing,XGBoost,71.75,71.3045883178711,test
2016-08-10 02:00:00,2016-08-10 03:00:00,h1,1,Beijing,XGBoost,77.833333,74.93341827392578,test
2016-08-10 03:00:00,2016-08-10 04:00:00,h1,1,Beijing,XGBoost,84.75,79.45674896240234,test
2016-08-10 04:00:00,2016-08-10 05:00:00,h1,1,Beijing,XGBoost,96.083333,87.02388763427734,test
2016-08-10 05:00:00,2016-08-10 06:00:00,h1,1,Beijing,XGBoost,99.916667,103.64666748046875,test
2016-08-10 06:00:00,2016-08-10 07:00:00,h1,1,Beijing,XGBoost,100.25,101.35759735107422,test
2016-08-10 07:00:00,2016-08-10 08:00:00,h1,1,Beijing,XGBoost,106.166667,102.64391326904297,test
2016-08-10 08:00:00,2016-08-10 09:00:00,h1,1,Beijing,XGBoost,99.0,111.2589111328125,test
2016-08-10 09:00:00,2016-08-10 10:00:00,h1,1,Beijing,XGBoost,86.916667,93.95499420166016,test
2016-08-10 10:00:00,2016-08-10 11:00:00,h1,1,Beijing,XGBoost,74.083333,78.170166015625,test
2016-08-10 11:00:00,2016-08-10 12:00:00,h1,1,Beijing,XGBoost,70.166667,68.78054809570312,test
2016-08-10 12:00:00,2016-08-10 13:00:00,h1,1,Beijing,XGBoost,67.25,67.9098892211914,test
2016-08-10 13:00:00,2016-08-10 14:00:00,h1,1,Beijing,XGBoost,64.25,64.18873596191406,test
2016-08-10 14:00:00,2016-08-10 15:00:00,h1,1,Beijing,XGBoost,69.111111,60.045066833496094,test
2016-08-10 15:00:00,2016-08-10 16:00:00,h1,1,Beijing,XGBoost,72.222222,71.72991943359375,test
2016-08-10 16:00:00,2016-08-10 17:00:00,h1,1,Beijing,XGBoost,73.666667,75.9927749633789,test
2016-08-10 17:00:00,2016-08-10 18:00:00,h1,1,Beijing,XGBoost,85.5,76.07154083251953,test
2016-08-10 18:00:00,2016-08-10 19:00:00,h1,1,Beijing,XGBoost,93.083333,94.48477935791016,test
2016-08-10 19:00:00,2016-08-10 20:00:00,h1,1,Beijing,XGBoost,94.291667,93.89139556884766,test
2016-08-10 20:00:00,2016-08-10 21:00:00,h1,1,Beijing,XGBoost,91.0,92.42028045654297,test
2016-08-10 21:00:00,2016-08-10 22:00:00,h1,1,Beijing,XGBoost,84.333333,89.24298095703125,test
2016-08-10 22:00:00,2016-08-10 23:00:00,h1,1,Beijing,XGBoost,79.5,82.1961441040039,test
2016-08-10 23:00:00,2016-08-11 00:00:00,h1,1,Beijing,XGBoost,75.833333,75.60985565185547,test
2016-08-11 00:00:00,2016-08-11 01:00:00,h1,1,Beijing,XGBoost,73.666667,72.21539306640625,test
2016-08-11 01:00:00,2016-08-11 02:00:00,h1,1,Beijing,XGBoost,74.083333,72.9460678100586,test
2016-08-11 02:00:00,2016-08-11 03:00:00,h1,1,Beijing,XGBoost,75.166667,75.07836151123047,test
2016-08-11 03:00:00,2016-08-11 04:00:00,h1,1,Beijing,XGBoost,75.75,78.0950698852539,test
2016-08-11 04:00:00,2016-08-11 05:00:00,h1,1,Beijing,XGBoost,78.75,77.91893768310547,test
2016-08-11 05:00:00,2016-08-11 06:00:00,h1,1,Beijing,XGBoost,83.666667,83.15263366699219,test
2016-08-11 06:00:00,2016-08-11 07:00:00,h1,1,Beijing,XGBoost,86.166667,87.59754943847656,test
2016-08-11 07:00:00,2016-08-11 08:00:00,h1,1,Beijing,XGBoost,90.916667,89.91329193115234,test
2016-08-11 08:00:00,2016-08-11 09:00:00,h1,1,Beijing,XGBoost,96.666667,94.049072265625,test
2016-08-11 09:00:00,2016-08-11 10:00:00,h1,1,Beijing,XGBoost,99.25,101.73883819580078,test
2016-08-11 10:00:00,2016-08-11 11:00:00,h1,1,Beijing,XGBoost,98.666667,101.94884490966797,test
2016-08-11 11:00:00,2016-08-11 12:00:00,h1,1,Beijing,XGBoost,89.208333,95.7570571899414,test
2016-08-11 12:00:00,2016-08-11 13:00:00,h1,1,Beijing,XGBoost,86.25,83.50728607177734,test
2016-08-11 13:00:00,2016-08-11 14:00:00,h1,1,Beijing,XGBoost,87.25,83.81486511230469,test
2016-08-11 14:00:00,2016-08-11 15:00:00,h1,1,Beijing,XGBoost,91.0,89.64952850341797,test
2016-08-11 15:00:00,2016-08-11 16:00:00,h1,1,Beijing,XGBoost,93.125,93.09268951416016,test
2016-08-11 16:00:00,2016-08-11 17:00:00,h1,1,Beijing,XGBoost,98.25,94.88847351074219,test
2016-08-11 17:00:00,2016-08-11 18:00:00,h1,1,Beijing,XGBoost,95.416667,101.75142669677734,test
2016-08-11 18:00:00,2016-08-11 19:00:00,h1,1,Beijing,XGBoost,84.666667,95.52216339111328,test
2016-08-11 19:00:00,2016-08-11 20:00:00,h1,1,Beijing,XGBoost,78.416667,81.03311920166016,test
2016-08-11 20:00:00,2016-08-11 21:00:00,h1,1,Beijing,XGBoost,83.375,75.29492950439453,test
2016-08-11 21:00:00,2016-08-11 22:00:00,h1,1,Beijing,XGBoost,87.166667,85.6695556640625,test
2016-08-11 22:00:00,2016-08-11 23:00:00,h1,1,Beijing,XGBoost,87.916667,90.51156616210938,test
2016-08-11 23:00:00,2016-08-12 00:00:00,h1,1,Beijing,XGBoost,88.583333,90.37269592285156,test
2016-08-12 00:00:00,2016-08-12 01:00:00,h1,1,Beijing,XGBoost,87.416667,90.97368621826172,test
2016-08-12 01:00:00,2016-08-12 02:00:00,h1,1,Beijing,XGBoost,85.25,88.22400665283203,test
2016-08-12 02:00:00,2016-08-12 03:00:00,h1,1,Beijing,XGBoost,85.166667,86.052001953125,test
2016-08-12 03:00:00,2016-08-12 04:00:00,h1,1,Beijing,XGBoost,88.083333,86.74285125732422,test
2016-08-12 04:00:00,2016-08-12 05:00:00,h1,1,Beijing,XGBoost,90.166667,86.69790649414062,test
2016-08-12 05:00:00,2016-08-12 06:00:00,h1,1,Beijing,XGBoost,96.416667,90.11355590820312,test
2016-08-12 06:00:00,2016-08-12 07:00:00,h1,1,Beijing,XGBoost,106.5,101.5564956665039,test
2016-08-12 07:00:00,2016-08-12 08:00:00,h1,1,Beijing,XGBoost,109.666667,116.12713623046875,test
2016-08-12 08:00:00,2016-08-12 09:00:00,h1,1,Beijing,XGBoost,115.75,114.3501205444336,test
2016-08-12 09:00:00,2016-08-12 10:00:00,h1,1,Beijing,XGBoost,114.166667,119.8466796875,test
2016-08-12 10:00:00,2016-08-12 11:00:00,h1,1,Beijing,XGBoost,98.472222,111.74376678466797,test
2016-08-12 11:00:00,2016-08-12 12:00:00,h1,1,Beijing,XGBoost,63.069444,53.70522689819336,test
2016-08-12 12:00:00,2016-08-12 13:00:00,h1,1,Beijing,XGBoost,26.5,32.4897346496582,test
2016-08-12 13:00:00,2016-08-12 14:00:00,h1,1,Beijing,XGBoost,16.833333,22.816333770751953,test
2016-08-12 14:00:00,2016-08-12 15:00:00,h1,1,Beijing,XGBoost,14.25,19.247455596923828,test
2016-08-12 15:00:00,2016-08-12 16:00:00,h1,1,Beijing,XGBoost,15.916667,15.672506332397461,test
2016-08-12 16:00:00,2016-08-12 17:00:00,h1,1,Beijing,XGBoost,15.833333,17.689720153808594,test
2016-08-12 17:00:00,2016-08-12 18:00:00,h1,1,Beijing,XGBoost,20.583333,19.787860870361328,test
2016-08-12 18:00:00,2016-08-12 19:00:00,h1,1,Beijing,XGBoost,21.666667,26.36615562438965,test
2016-08-12 19:00:00,2016-08-12 20:00:00,h1,1,Beijing,XGBoost,23.916667,24.487735748291016,test
2016-08-12 20:00:00,2016-08-12 21:00:00,h1,1,Beijing,XGBoost,21.75,26.925485610961914,test
2016-08-12 21:00:00,2016-08-12 22:00:00,h1,1,Beijing,XGBoost,23.666667,22.373884201049805,test
2016-08-12 22:00:00,2016-08-12 23:00:00,h1,1,Beijing,XGBoost,25.25,26.458650588989258,test
2016-08-12 23:00:00,2016-08-13 00:00:00,h1,1,Beijing,XGBoost,27.75,23.047462463378906,test
2016-08-13 00:00:00,2016-08-13 01:00:00,h1,1,Beijing,XGBoost,26.166667,26.82796859741211,test
2016-08-13 01:00:00,2016-08-13 02:00:00,h1,1,Beijing,XGBoost,25.083333,27.596576690673828,test
2016-08-13 02:00:00,2016-08-13 03:00:00,h1,1,Beijing,XGBoost,23.333333,25.2913818359375,test
2016-08-13 03:00:00,2016-08-13 04:00:00,h1,1,Beijing,XGBoost,25.166667,24.622713088989258,test
2016-08-13 04:00:00,2016-08-13 05:00:00,h1,1,Beijing,XGBoost,24.166667,26.20815658569336,test
2016-08-13 05:00:00,2016-08-13 06:00:00,h1,1,Beijing,XGBoost,25.75,25.13060760498047,test
2016-08-13 06:00:00,2016-08-13 07:00:00,h1,1,Beijing,XGBoost,24.833333,27.995208740234375,test
2016-08-13 07:00:00,2016-08-13 08:00:00,h1,1,Beijing,XGBoost,24.166667,25.836219787597656,test
2016-08-13 08:00:00,2016-08-13 09:00:00,h1,1,Beijing,XGBoost,22.916667,27.244470596313477,test
2016-08-13 09:00:00,2016-08-13 10:00:00,h1,1,Beijing,XGBoost,21.666667,26.214521408081055,test
2016-08-13 10:00:00,2016-08-13 11:00:00,h1,1,Beijing,XGBoost,22.166667,23.60049819946289,test
2016-08-13 11:00:00,2016-08-13 12:00:00,h1,1,Beijing,XGBoost,27.25,23.959901809692383,test
2016-08-13 12:00:00,2016-08-13 13:00:00,h1,1,Beijing,XGBoost,27.416667,30.03630828857422,test
2016-08-13 13:00:00,2016-08-13 14:00:00,h1,1,Beijing,XGBoost,28.416667,27.45786476135254,test
2016-08-13 14:00:00,2016-08-13 15:00:00,h1,1,Beijing,XGBoost,25.833333,28.67439079284668,test
2016-08-13 15:00:00,2016-08-13 16:00:00,h1,1,Beijing,XGBoost,20.583333,26.815736770629883,test
2016-08-13 16:00:00,2016-08-13 17:00:00,h1,1,Beijing,XGBoost,18.5,20.184057235717773,test
2016-08-13 17:00:00,2016-08-13 18:00:00,h1,1,Beijing,XGBoost,17.0,19.1623592376709,test
2016-08-13 18:00:00,2016-08-13 19:00:00,h1,1,Beijing,XGBoost,16.416667,17.95515251159668,test
2016-08-13 19:00:00,2016-08-13 20:00:00,h1,1,Beijing,XGBoost,16.0,16.62452507019043,test
2016-08-13 20:00:00,2016-08-13 21:00:00,h1,1,Beijing,XGBoost,16.666667,17.045787811279297,test
2016-08-13 21:00:00,2016-08-13 22:00:00,h1,1,Beijing,XGBoost,15.583333,16.76511573791504,test
2016-08-13 22:00:00,2016-08-13 23:00:00,h1,1,Beijing,XGBoost,14.0,16.2027530670166,test
2016-08-13 23:00:00,2016-08-14 00:00:00,h1,1,Beijing,XGBoost,13.583333,13.323548316955566,test
2016-08-14 00:00:00,2016-08-14 01:00:00,h1,1,Beijing,XGBoost,12.75,12.955881118774414,test
2016-08-14 01:00:00,2016-08-14 02:00:00,h1,1,Beijing,XGBoost,7.833333,11.834136009216309,test
2016-08-14 02:00:00,2016-08-14 03:00:00,h1,1,Beijing,XGBoost,10.25,10.378071784973145,test
2016-08-14 03:00:00,2016-08-14 04:00:00,h1,1,Beijing,XGBoost,10.583333,10.349157333374023,test
2016-08-14 04:00:00,2016-08-14 05:00:00,h1,1,Beijing,XGBoost,10.5,11.014668464660645,test
2016-08-14 05:00:00,2016-08-14 06:00:00,h1,1,Beijing,XGBoost,14.416667,10.176793098449707,test
2016-08-14 06:00:00,2016-08-14 07:00:00,h1,1,Beijing,XGBoost,15.166667,15.969932556152344,test
2016-08-14 07:00:00,2016-08-14 08:00:00,h1,1,Beijing,XGBoost,15.75,16.856718063354492,test
2016-08-14 08:00:00,2016-08-14 09:00:00,h1,1,Beijing,XGBoost,14.75,16.26155662536621,test
2016-08-14 09:00:00,2016-08-14 10:00:00,h1,1,Beijing,XGBoost,15.416667,15.027189254760742,test
2016-08-14 10:00:00,2016-08-14 11:00:00,h1,1,Beijing,XGBoost,14.416667,13.631003379821777,test
2016-08-14 11:00:00,2016-08-14 12:00:00,h1,1,Beijing,XGBoost,13.333333,14.170500755310059,test
2016-08-14 12:00:00,2016-08-14 13:00:00,h1,1,Beijing,XGBoost,14.25,12.648747444152832,test
2016-08-14 13:00:00,2016-08-14 14:00:00,h1,1,Beijing,XGBoost,14.166667,14.395824432373047,test
2016-08-14 14:00:00,2016-08-14 15:00:00,h1,1,Beijing,XGBoost,15.5,13.7809476852417,test
2016-08-14 15:00:00,2016-08-14 16:00:00,h1,1,Beijing,XGBoost,20.5,15.432368278503418,test
2016-08-14 16:00:00,2016-08-14 17:00:00,h1,1,Beijing,XGBoost,21.666667,22.982450485229492,test
2016-08-14 17:00:00,2016-08-14 18:00:00,h1,1,Beijing,XGBoost,26.333333,23.933839797973633,test
2016-08-14 18:00:00,2016-08-14 19:00:00,h1,1,Beijing,XGBoost,29.666667,31.69684600830078,test
2016-08-14 19:00:00,2016-08-14 20:00:00,h1,1,Beijing,XGBoost,33.416667,34.66664123535156,test
2016-08-14 20:00:00,2016-08-14 21:00:00,h1,1,Beijing,XGBoost,38.5,39.75315856933594,test
2016-08-14 21:00:00,2016-08-14 22:00:00,h1,1,Beijing,XGBoost,40.583333,38.992034912109375,test
2016-08-14 22:00:00,2016-08-14 23:00:00,h1,1,Beijing,XGBoost,42.833333,39.737701416015625,test
2016-08-14 23:00:00,2016-08-15 00:00:00,h1,1,Beijing,XGBoost,47.416667,43.92177200317383,test
2016-08-15 00:00:00,2016-08-15 01:00:00,h1,1,Beijing,XGBoost,44.5,50.47612762451172,test
2016-08-15 01:00:00,2016-08-15 02:00:00,h1,1,Beijing,XGBoost,48.75,45.28760528564453,test
2016-08-15 02:00:00,2016-08-15 03:00:00,h1,1,Beijing,XGBoost,54.75,51.7440185546875,test
2016-08-15 03:00:00,2016-08-15 04:00:00,h1,1,Beijing,XGBoost,49.166667,56.012351989746094,test
2016-08-15 04:00:00,2016-08-15 05:00:00,h1,1,Beijing,XGBoost,19.083333,44.44923782348633,test
2016-08-15 05:00:00,2016-08-15 06:00:00,h1,1,Beijing,XGBoost,13.166667,9.672380447387695,test
2016-08-15 06:00:00,2016-08-15 07:00:00,h1,1,Beijing,XGBoost,14.333333,10.740196228027344,test
2016-08-15 07:00:00,2016-08-15 08:00:00,h1,1,Beijing,XGBoost,13.25,14.642541885375977,test
2016-08-15 08:00:00,2016-08-15 09:00:00,h1,1,Beijing,XGBoost,13.166667,13.52867317199707,test
2016-08-15 09:00:00,2016-08-15 10:00:00,h1,1,Beijing,XGBoost,11.458333,13.0670166015625,test
2016-08-15 10:00:00,2016-08-15 11:00:00,h1,1,Beijing,XGBoost,12.666667,11.029086112976074,test
2016-08-15 11:00:00,2016-08-15 12:00:00,h1,1,Beijing,XGBoost,12.375,12.712347030639648,test
2016-08-15 12:00:00,2016-08-15 13:00:00,h1,1,Beijing,XGBoost,12.25,13.098312377929688,test
2016-08-15 13:00:00,2016-08-15 14:00:00,h1,1,Beijing,XGBoost,13.0,13.33538818359375,test
2016-08-15 14:00:00,2016-08-15 15:00:00,h1,1,Beijing,XGBoost,10.25,13.720873832702637,test
2016-08-15 15:00:00,2016-08-15 16:00:00,h1,1,Beijing,XGBoost,9.75,10.795088768005371,test
2016-08-15 16:00:00,2016-08-15 17:00:00,h1,1,Beijing,XGBoost,10.333333,10.744181632995605,test
2016-08-15 17:00:00,2016-08-15 18:00:00,h1,1,Beijing,XGBoost,11.166667,11.254171371459961,test
2016-08-15 18:00:00,2016-08-15 19:00:00,h1,1,Beijing,XGBoost,12.25,11.870826721191406,test
2016-08-15 19:00:00,2016-08-15 20:00:00,h1,1,Beijing,XGBoost,16.25,13.775566101074219,test
2016-08-15 20:00:00,2016-08-15 21:00:00,h1,1,Beijing,XGBoost,17.75,19.572750091552734,test
2016-08-15 21:00:00,2016-08-15 22:00:00,h1,1,Beijing,XGBoost,16.416667,17.877315521240234,test
2016-08-15 22:00:00,2016-08-15 23:00:00,h1,1,Beijing,XGBoost,18.083333,15.736641883850098,test
2016-08-15 23:00:00,2016-08-16 00:00:00,h1,1,Beijing,XGBoost,18.333333,18.99309730529785,test
2016-08-16 00:00:00,2016-08-16 01:00:00,h1,1,Beijing,XGBoost,20.0,19.75455665588379,test
2016-08-16 01:00:00,2016-08-16 02:00:00,h1,1,Beijing,XGBoost,19.833333,20.814083099365234,test
2016-08-16 02:00:00,2016-08-16 03:00:00,h1,1,Beijing,XGBoost,19.333333,19.699899673461914,test
2016-08-16 03:00:00,2016-08-16 04:00:00,h1,1,Beijing,XGBoost,20.083333,18.38809585571289,test
2016-08-16 04:00:00,2016-08-16 05:00:00,h1,1,Beijing,XGBoost,18.0,21.051179885864258,test
2016-08-16 05:00:00,2016-08-16 06:00:00,h1,1,Beijing,XGBoost,17.666667,17.735628128051758,test
2016-08-16 06:00:00,2016-08-16 07:00:00,h1,1,Beijing,XGBoost,18.333333,17.02216339111328,test
2016-08-16 07:00:00,2016-08-16 08:00:00,h1,1,Beijing,XGBoost,19.416667,18.711984634399414,test
2016-08-16 08:00:00,2016-08-16 09:00:00,h1,1,Beijing,XGBoost,19.666667,21.14937973022461,test
2016-08-16 09:00:00,2016-08-16 10:00:00,h1,1,Beijing,XGBoost,21.416667,20.415891647338867,test
2016-08-16 10:00:00,2016-08-16 11:00:00,h1,1,Beijing,XGBoost,22.083333,22.199106216430664,test
2016-08-16 11:00:00,2016-08-16 12:00:00,h1,1,Beijing,XGBoost,23.0,21.40876007080078,test
2016-08-16 12:00:00,2016-08-16 13:00:00,h1,1,Beijing,XGBoost,23.0,23.299209594726562,test
2016-08-16 13:00:00,2016-08-16 14:00:00,h1,1,Beijing,XGBoost,22.0,22.71204948425293,test
2016-08-16 14:00:00,2016-08-16 15:00:00,h1,1,Beijing,XGBoost,22.25,22.819047927856445,test
2016-08-16 15:00:00,2016-08-16 16:00:00,h1,1,Beijing,XGBoost,24.833333,23.532333374023438,test
2016-08-16 16:00:00,2016-08-16 17:00:00,h1,1,Beijing,XGBoost,26.916667,27.724468231201172,test
2016-08-16 17:00:00,2016-08-16 18:00:00,h1,1,Beijing,XGBoost,29.666667,28.760604858398438,test
2016-08-16 18:00:00,2016-08-16 19:00:00,h1,1,Beijing,XGBoost,32.0,32.705604553222656,test
2016-08-16 19:00:00,2016-08-16 20:00:00,h1,1,Beijing,XGBoost,30.916667,35.299774169921875,test
2016-08-16 20:00:00,2016-08-16 21:00:00,h1,1,Beijing,XGBoost,32.0,32.76288604736328,test
2016-08-16 21:00:00,2016-08-16 22:00:00,h1,1,Beijing,XGBoost,29.25,32.70695114135742,test
2016-08-16 22:00:00,2016-08-16 23:00:00,h1,1,Beijing,XGBoost,28.666667,29.407432556152344,test
2016-08-16 23:00:00,2016-08-17 00:00:00,h1,1,Beijing,XGBoost,32.666667,27.18144416809082,test
2016-08-17 00:00:00,2016-08-17 01:00:00,h1,1,Beijing,XGBoost,34.333333,35.367496490478516,test
2016-08-17 01:00:00,2016-08-17 02:00:00,h1,1,Beijing,XGBoost,34.5,35.313682556152344,test
2016-08-17 02:00:00,2016-08-17 03:00:00,h1,1,Beijing,XGBoost,34.25,34.743186950683594,test
2016-08-17 03:00:00,2016-08-17 04:00:00,h1,1,Beijing,XGBoost,33.916667,34.88129806518555,test
2016-08-17 04:00:00,2016-08-17 05:00:00,h1,1,Beijing,XGBoost,34.416667,35.066280364990234,test
2016-08-17 05:00:00,2016-08-17 06:00:00,h1,1,Beijing,XGBoost,38.083333,35.357547760009766,test
2016-08-17 06:00:00,2016-08-17 07:00:00,h1,1,Beijing,XGBoost,41.25,38.74068069458008,test
2016-08-17 07:00:00,2016-08-17 08:00:00,h1,1,Beijing,XGBoost,44.5,43.725650787353516,test
2016-08-17 08:00:00,2016-08-17 09:00:00,h1,1,Beijing,XGBoost,52.25,47.6627311706543,test
2016-08-17 09:00:00,2016-08-17 10:00:00,h1,1,Beijing,XGBoost,57.333333,56.79536437988281,test
2016-08-17 10:00:00,2016-08-17 11:00:00,h1,1,Beijing,XGBoost,61.083333,61.187870025634766,test
2016-08-17 11:00:00,2016-08-17 12:00:00,h1,1,Beijing,XGBoost,62.333333,65.66484832763672,test
2016-08-17 12:00:00,2016-08-17 13:00:00,h1,1,Beijing,XGBoost,63.666667,64.5697021484375,test
2016-08-17 13:00:00,2016-08-17 14:00:00,h1,1,Beijing,XGBoost,66.833333,64.56007385253906,test
2016-08-17 14:00:00,2016-08-17 15:00:00,h1,1,Beijing,XGBoost,69.666667,70.2457504272461,test
2016-08-17 15:00:00,2016-08-17 16:00:00,h1,1,Beijing,XGBoost,71.333333,71.86434936523438,test
2016-08-17 16:00:00,2016-08-17 17:00:00,h1,1,Beijing,XGBoost,76.5,74.42936706542969,test
2016-08-17 17:00:00,2016-08-17 18:00:00,h1,1,Beijing,XGBoost,79.916667,81.40632629394531,test
2016-08-17 18:00:00,2016-08-17 19:00:00,h1,1,Beijing,XGBoost,80.166667,86.07447052001953,test
2016-08-17 19:00:00,2016-08-17 20:00:00,h1,1,Beijing,XGBoost,82.583333,82.58191680908203,test
2016-08-17 20:00:00,2016-08-17 21:00:00,h1,1,Beijing,XGBoost,88.833333,82.5877914428711,test
2016-08-17 21:00:00,2016-08-17 22:00:00,h1,1,Beijing,XGBoost,93.916667,91.07794189453125,test
2016-08-17 22:00:00,2016-08-17 23:00:00,h1,1,Beijing,XGBoost,100.166667,92.64962005615234,test
2016-08-17 23:00:00,2016-08-18 00:00:00,h1,1,Beijing,XGBoost,104.166667,102.68281555175781,test
2016-08-18 00:00:00,2016-08-18 01:00:00,h1,1,Beijing,XGBoost,104.75,104.78379821777344,test
2016-08-18 01:00:00,2016-08-18 02:00:00,h1,1,Beijing,XGBoost,107.916667,108.01524353027344,test
2016-08-18 02:00:00,2016-08-18 03:00:00,h1,1,Beijing,XGBoost,110.5,112.33789825439453,test
2016-08-18 03:00:00,2016-08-18 04:00:00,h1,1,Beijing,XGBoost,110.0,112.2992172241211,test
2016-08-18 04:00:00,2016-08-18 05:00:00,h1,1,Beijing,XGBoost,108.0,111.2192611694336,test
2016-08-18 05:00:00,2016-08-18 06:00:00,h1,1,Beijing,XGBoost,104.833333,106.92134094238281,test
2016-08-18 06:00:00,2016-08-18 07:00:00,h1,1,Beijing,XGBoost,99.416667,104.4704818725586,test
2016-08-18 07:00:00,2016-08-18 08:00:00,h1,1,Beijing,XGBoost,84.916667,93.36031341552734,test
2016-08-18 08:00:00,2016-08-18 09:00:00,h1,1,Beijing,XGBoost,74.75,65.13630676269531,test
2016-08-18 09:00:00,2016-08-18 10:00:00,h1,1,Beijing,XGBoost,73.166667,61.059669494628906,test
2016-08-18 10:00:00,2016-08-18 11:00:00,h1,1,Beijing,XGBoost,62.833333,71.79725646972656,test
2016-08-18 11:00:00,2016-08-18 12:00:00,h1,1,Beijing,XGBoost,56.416667,55.69937515258789,test
2016-08-18 12:00:00,2016-08-18 13:00:00,h1,1,Beijing,XGBoost,56.833333,53.403648376464844,test
2016-08-18 13:00:00,2016-08-18 14:00:00,h1,1,Beijing,XGBoost,59.75,59.42427444458008,test
2016-08-18 14:00:00,2016-08-18 15:00:00,h1,1,Beijing,XGBoost,61.083333,63.6621208190918,test
2016-08-18 15:00:00,2016-08-18 16:00:00,h1,1,Beijing,XGBoost,56.916667,65.11100769042969,test
2016-08-18 16:00:00,2016-08-18 17:00:00,h1,1,Beijing,XGBoost,53.583333,55.70179748535156,test
2016-08-18 17:00:00,2016-08-18 18:00:00,h1,1,Beijing,XGBoost,56.333333,56.924251556396484,test
2016-08-18 18:00:00,2016-08-18 19:00:00,h1,1,Beijing,XGBoost,52.75,60.139976501464844,test
2016-08-18 19:00:00,2016-08-18 20:00:00,h1,1,Beijing,XGBoost,43.416667,54.596351623535156,test
2016-08-18 20:00:00,2016-08-18 21:00:00,h1,1,Beijing,XGBoost,48.416667,43.06427764892578,test
2016-08-18 21:00:00,2016-08-18 22:00:00,h1,1,Beijing,XGBoost,53.083333,50.7809944152832,test
2016-08-18 22:00:00,2016-08-18 23:00:00,h1,1,Beijing,XGBoost,45.916667,55.93521499633789,test
2016-08-18 23:00:00,2016-08-19 00:00:00,h1,1,Beijing,XGBoost,35.75,49.38626480102539,test
2016-08-19 00:00:00,2016-08-19 01:00:00,h1,1,Beijing,XGBoost,27.75,35.73287582397461,test
2016-08-19 01:00:00,2016-08-19 02:00:00,h1,1,Beijing,XGBoost,23.333333,24.425739288330078,test
2016-08-19 02:00:00,2016-08-19 03:00:00,h1,1,Beijing,XGBoost,17.5,23.181949615478516,test
2016-08-19 03:00:00,2016-08-19 04:00:00,h1,1,Beijing,XGBoost,14.083333,16.925657272338867,test
2016-08-19 04:00:00,2016-08-19 05:00:00,h1,1,Beijing,XGBoost,12.416667,13.672663688659668,test
2016-08-19 05:00:00,2016-08-19 06:00:00,h1,1,Beijing,XGBoost,11.416667,12.561004638671875,test
2016-08-19 06:00:00,2016-08-19 07:00:00,h1,1,Beijing,XGBoost,12.25,13.873525619506836,test
2016-08-19 07:00:00,2016-08-19 08:00:00,h1,1,Beijing,XGBoost,11.5,14.135969161987305,test
2016-08-19 08:00:00,2016-08-19 09:00:00,h1,1,Beijing,XGBoost,11.5,12.412281036376953,test
2016-08-19 09:00:00,2016-08-19 10:00:00,h1,1,Beijing,XGBoost,10.5,11.225663185119629,test
2016-08-19 10:00:00,2016-08-19 11:00:00,h1,1,Beijing,XGBoost,10.416667,9.670161247253418,test
2016-08-19 11:00:00,2016-08-19 12:00:00,h1,1,Beijing,XGBoost,10.5,9.713886260986328,test
2016-08-19 12:00:00,2016-08-19 13:00:00,h1,1,Beijing,XGBoost,9.916667,10.103466987609863,test
2016-08-19 13:00:00,2016-08-19 14:00:00,h1,1,Beijing,XGBoost,10.416667,9.606708526611328,test
2016-08-19 14:00:00,2016-08-19 15:00:00,h1,1,Beijing,XGBoost,10.583333,10.17010498046875,test
2016-08-19 15:00:00,2016-08-19 16:00:00,h1,1,Beijing,XGBoost,11.083333,10.376405715942383,test
2016-08-19 16:00:00,2016-08-19 17:00:00,h1,1,Beijing,XGBoost,11.666667,10.984660148620605,test
2016-08-19 17:00:00,2016-08-19 18:00:00,h1,1,Beijing,XGBoost,14.333333,12.023139953613281,test
2016-08-19 18:00:00,2016-08-19 19:00:00,h1,1,Beijing,XGBoost,18.0,16.414302825927734,test
2016-08-19 19:00:00,2016-08-19 20:00:00,h1,1,Beijing,XGBoost,29.583333,19.54427719116211,test
2016-08-19 20:00:00,2016-08-19 21:00:00,h1,1,Beijing,XGBoost,34.916667,35.569358825683594,test
2016-08-19 21:00:00,2016-08-19 22:00:00,h1,1,Beijing,XGBoost,35.083333,36.36713790893555,test
2016-08-19 22:00:00,2016-08-19 23:00:00,h1,1,Beijing,XGBoost,36.416667,36.043025970458984,test
2016-08-19 23:00:00,2016-08-20 00:00:00,h1,1,Beijing,XGBoost,39.333333,36.406150817871094,test
2016-08-20 00:00:00,2016-08-20 01:00:00,h1,1,Beijing,XGBoost,42.166667,39.440040588378906,test
2016-08-20 01:00:00,2016-08-20 02:00:00,h1,1,Beijing,XGBoost,44.916667,44.680145263671875,test
2016-08-20 02:00:00,2016-08-20 03:00:00,h1,1,Beijing,XGBoost,45.166667,45.677040100097656,test
2016-08-20 03:00:00,2016-08-20 04:00:00,h1,1,Beijing,XGBoost,48.583333,45.890960693359375,test
2016-08-20 04:00:00,2016-08-20 05:00:00,h1,1,Beijing,XGBoost,45.916667,51.3244743347168,test
2016-08-20 05:00:00,2016-08-20 06:00:00,h1,1,Beijing,XGBoost,47.25,46.412628173828125,test
2016-08-20 06:00:00,2016-08-20 07:00:00,h1,1,Beijing,XGBoost,48.5,49.78336715698242,test
2016-08-20 07:00:00,2016-08-20 08:00:00,h1,1,Beijing,XGBoost,55.583333,50.58015441894531,test
2016-08-20 08:00:00,2016-08-20 09:00:00,h1,1,Beijing,XGBoost,62.666667,61.24283218383789,test
2016-08-20 09:00:00,2016-08-20 10:00:00,h1,1,Beijing,XGBoost,71.083333,66.82862091064453,test
2016-08-20 10:00:00,2016-08-20 11:00:00,h1,1,Beijing,XGBoost,69.583333,75.51850128173828,test
2016-08-20 11:00:00,2016-08-20 12:00:00,h1,1,Beijing,XGBoost,65.166667,68.1208267211914,test
2016-08-20 12:00:00,2016-08-20 13:00:00,h1,1,Beijing,XGBoost,58.5,61.14875793457031,test
2016-08-20 13:00:00,2016-08-20 14:00:00,h1,1,Beijing,XGBoost,51.833333,56.09685134887695,test
2016-08-20 14:00:00,2016-08-20 15:00:00,h1,1,Beijing,XGBoost,46.583333,50.57265090942383,test
2016-08-20 15:00:00,2016-08-20 16:00:00,h1,1,Beijing,XGBoost,46.583333,44.48003005981445,test
2016-08-20 16:00:00,2016-08-20 17:00:00,h1,1,Beijing,XGBoost,49.875,45.86819839477539,test
2016-08-20 17:00:00,2016-08-20 18:00:00,h1,1,Beijing,XGBoost,53.25,53.558265686035156,test
2016-08-20 18:00:00,2016-08-20 19:00:00,h1,1,Beijing,XGBoost,52.166667,57.030174255371094,test
2016-08-20 19:00:00,2016-08-20 20:00:00,h1,1,Beijing,XGBoost,51.666667,55.52040100097656,test
2016-08-20 20:00:00,2016-08-20 21:00:00,h1,1,Beijing,XGBoost,54.0,52.99830627441406,test
2016-08-20 21:00:00,2016-08-20 22:00:00,h1,1,Beijing,XGBoost,55.75,56.66497802734375,test
2016-08-20 22:00:00,2016-08-20 23:00:00,h1,1,Beijing,XGBoost,53.666667,59.059661865234375,test
2016-08-20 23:00:00,2016-08-21 00:00:00,h1,1,Beijing,XGBoost,53.5,55.017845153808594,test
2016-08-21 00:00:00,2016-08-21 01:00:00,h1,1,Beijing,XGBoost,54.833333,55.26669692993164,test
2016-08-21 01:00:00,2016-08-21 02:00:00,h1,1,Beijing,XGBoost,53.083333,56.74089813232422,test
2016-08-21 02:00:00,2016-08-21 03:00:00,h1,1,Beijing,XGBoost,53.75,54.16015625,test
2016-08-21 03:00:00,2016-08-21 04:00:00,h1,1,Beijing,XGBoost,53.0,56.34685516357422,test
2016-08-21 04:00:00,2016-08-21 05:00:00,h1,1,Beijing,XGBoost,51.083333,54.01768112182617,test
2016-08-21 05:00:00,2016-08-21 06:00:00,h1,1,Beijing,XGBoost,52.583333,52.92072296142578,test
2016-08-21 06:00:00,2016-08-21 07:00:00,h1,1,Beijing,XGBoost,47.666667,52.83594512939453,test
2016-08-21 07:00:00,2016-08-21 08:00:00,h1,1,Beijing,XGBoost,45.75,51.01626205444336,test
2016-08-21 08:00:00,2016-08-21 09:00:00,h1,1,Beijing,XGBoost,45.166667,46.97142028808594,test
2016-08-21 09:00:00,2016-08-21 10:00:00,h1,1,Beijing,XGBoost,45.416667,45.76973342895508,test
2016-08-21 10:00:00,2016-08-21 11:00:00,h1,1,Beijing,XGBoost,47.75,45.029300689697266,test
2016-08-21 11:00:00,2016-08-21 12:00:00,h1,1,Beijing,XGBoost,49.166667,48.6585578918457,test
2016-08-21 12:00:00,2016-08-21 13:00:00,h1,1,Beijing,XGBoost,49.333333,50.75316619873047,test
2016-08-21 13:00:00,2016-08-21 14:00:00,h1,1,Beijing,XGBoost,54.416667,48.81006622314453,test
2016-08-21 14:00:00,2016-08-21 15:00:00,h1,1,Beijing,XGBoost,57.916667,56.4803352355957,test
2016-08-21 15:00:00,2016-08-21 16:00:00,h1,1,Beijing,XGBoost,50.833333,61.425106048583984,test
2016-08-21 16:00:00,2016-08-21 17:00:00,h1,1,Beijing,XGBoost,45.916667,48.55485153198242,test
2016-08-21 17:00:00,2016-08-21 18:00:00,h1,1,Beijing,XGBoost,44.583333,41.82282257080078,test
2016-08-21 18:00:00,2016-08-21 19:00:00,h1,1,Beijing,XGBoost,47.75,44.53399658203125,test
2016-08-21 19:00:00,2016-08-21 20:00:00,h1,1,Beijing,XGBoost,53.083333,51.48746109008789,test
2016-08-21 20:00:00,2016-08-21 21:00:00,h1,1,Beijing,XGBoost,57.416667,55.616668701171875,test
2016-08-21 21:00:00,2016-08-21 22:00:00,h1,1,Beijing,XGBoost,63.916667,60.55841827392578,test
2016-08-21 22:00:00,2016-08-21 23:00:00,h1,1,Beijing,XGBoost,74.0,68.18798828125,test
2016-08-21 23:00:00,2016-08-22 00:00:00,h1,1,Beijing,XGBoost,74.666667,76.8983154296875,test
2016-08-22 00:00:00,2016-08-22 01:00:00,h1,1,Beijing,XGBoost,73.5,76.30208587646484,test
2016-08-22 01:00:00,2016-08-22 02:00:00,h1,1,Beijing,XGBoost,75.833333,73.98077392578125,test
2016-08-22 02:00:00,2016-08-22 03:00:00,h1,1,Beijing,XGBoost,78.75,75.2772445678711,test
2016-08-22 03:00:00,2016-08-22 04:00:00,h1,1,Beijing,XGBoost,78.083333,81.91111755371094,test
2016-08-22 04:00:00,2016-08-22 05:00:00,h1,1,Beijing,XGBoost,74.166667,76.8600845336914,test
2016-08-22 05:00:00,2016-08-22 06:00:00,h1,1,Beijing,XGBoost,73.5,69.71841430664062,test
2016-08-22 06:00:00,2016-08-22 07:00:00,h1,1,Beijing,XGBoost,77.25,76.25435638427734,test
2016-08-22 07:00:00,2016-08-22 08:00:00,h1,1,Beijing,XGBoost,80.833333,81.72269439697266,test
2016-08-22 08:00:00,2016-08-22 09:00:00,h1,1,Beijing,XGBoost,70.166667,86.9619140625,test
2016-08-22 09:00:00,2016-08-22 10:00:00,h1,1,Beijing,XGBoost,52.166667,62.40504837036133,test
2016-08-22 10:00:00,2016-08-22 11:00:00,h1,1,Beijing,XGBoost,42.083333,43.004180908203125,test
2016-08-22 11:00:00,2016-08-22 12:00:00,h1,1,Beijing,XGBoost,37.583333,37.99834060668945,test
2016-08-22 12:00:00,2016-08-22 13:00:00,h1,1,Beijing,XGBoost,38.583333,35.85722351074219,test
2016-08-22 13:00:00,2016-08-22 14:00:00,h1,1,Beijing,XGBoost,33.25,40.265140533447266,test
2016-08-22 14:00:00,2016-08-22 15:00:00,h1,1,Beijing,XGBoost,29.916667,29.926551818847656,test
2016-08-22 15:00:00,2016-08-22 16:00:00,h1,1,Beijing,XGBoost,29.75,28.867277145385742,test
2016-08-22 16:00:00,2016-08-22 17:00:00,h1,1,Beijing,XGBoost,27.833333,30.82073402404785,test
2016-08-22 17:00:00,2016-08-22 18:00:00,h1,1,Beijing,XGBoost,30.916667,29.67983055114746,test
2016-08-22 18:00:00,2016-08-22 19:00:00,h1,1,Beijing,XGBoost,32.166667,34.822139739990234,test
2016-08-22 19:00:00,2016-08-22 20:00:00,h1,1,Beijing,XGBoost,36.166667,34.560585021972656,test
2016-08-22 20:00:00,2016-08-22 21:00:00,h1,1,Beijing,XGBoost,39.916667,38.66961669921875,test
2016-08-22 21:00:00,2016-08-22 22:00:00,h1,1,Beijing,XGBoost,39.666667,42.82441329956055,test
2016-08-22 22:00:00,2016-08-22 23:00:00,h1,1,Beijing,XGBoost,43.666667,41.003990173339844,test
2016-08-22 23:00:00,2016-08-23 00:00:00,h1,1,Beijing,XGBoost,46.833333,46.450965881347656,test
2016-08-23 00:00:00,2016-08-23 01:00:00,h1,1,Beijing,XGBoost,50.916667,49.33097457885742,test
2016-08-23 01:00:00,2016-08-23 02:00:00,h1,1,Beijing,XGBoost,55.833333,53.91653823852539,test
2016-08-23 02:00:00,2016-08-23 03:00:00,h1,1,Beijing,XGBoost,60.416667,56.99823760986328,test
2016-08-23 03:00:00,2016-08-23 04:00:00,h1,1,Beijing,XGBoost,63.916667,61.939388275146484,test
2016-08-23 04:00:00,2016-08-23 05:00:00,h1,1,Beijing,XGBoost,66.416667,66.11572265625,test
2016-08-23 05:00:00,2016-08-23 06:00:00,h1,1,Beijing,XGBoost,68.666667,68.6417007446289,test
2016-08-23 06:00:00,2016-08-23 07:00:00,h1,1,Beijing,XGBoost,74.166667,71.75016784667969,test
2016-08-23 07:00:00,2016-08-23 08:00:00,h1,1,Beijing,XGBoost,80.5,79.31533813476562,test
2016-08-23 08:00:00,2016-08-23 09:00:00,h1,1,Beijing,XGBoost,76.833333,86.56046295166016,test
2016-08-23 09:00:00,2016-08-23 10:00:00,h1,1,Beijing,XGBoost,56.583333,70.34310913085938,test
2016-08-23 10:00:00,2016-08-23 11:00:00,h1,1,Beijing,XGBoost,55.666667,42.923797607421875,test
2016-08-23 11:00:00,2016-08-23 12:00:00,h1,1,Beijing,XGBoost,59.166667,53.93770217895508,test
2016-08-23 12:00:00,2016-08-23 13:00:00,h1,1,Beijing,XGBoost,62.5,61.77457046508789,test
2016-08-23 13:00:00,2016-08-23 14:00:00,h1,1,Beijing,XGBoost,62.5,65.87590789794922,test
2016-08-23 14:00:00,2016-08-23 15:00:00,h1,1,Beijing,XGBoost,66.833333,63.563011169433594,test
2016-08-23 15:00:00,2016-08-23 16:00:00,h1,1,Beijing,XGBoost,75.333333,70.25932312011719,test
2016-08-23 16:00:00,2016-08-23 17:00:00,h1,1,Beijing,XGBoost,74.166667,78.27580261230469,test
2016-08-23 17:00:00,2016-08-23 18:00:00,h1,1,Beijing,XGBoost,80.166667,77.09066009521484,test
2016-08-23 18:00:00,2016-08-23 19:00:00,h1,1,Beijing,XGBoost,82.416667,87.08368682861328,test
2016-08-23 19:00:00,2016-08-23 20:00:00,h1,1,Beijing,XGBoost,86.416667,85.40135955810547,test
2016-08-23 20:00:00,2016-08-23 21:00:00,h1,1,Beijing,XGBoost,91.583333,89.61287689208984,test
2016-08-23 21:00:00,2016-08-23 22:00:00,h1,1,Beijing,XGBoost,85.5,91.53954315185547,test
2016-08-23 22:00:00,2016-08-23 23:00:00,h1,1,Beijing,XGBoost,85.916667,83.17832946777344,test
2016-08-23 23:00:00,2016-08-24 00:00:00,h1,1,Beijing,XGBoost,83.0,84.5727767944336,test
2016-08-24 00:00:00,2016-08-24 01:00:00,h1,1,Beijing,XGBoost,85.583333,79.25505065917969,test
2016-08-24 01:00:00,2016-08-24 02:00:00,h1,1,Beijing,XGBoost,88.5,86.42060852050781,test
2016-08-24 02:00:00,2016-08-24 03:00:00,h1,1,Beijing,XGBoost,84.166667,89.12386322021484,test
2016-08-24 03:00:00,2016-08-24 04:00:00,h1,1,Beijing,XGBoost,83.166667,78.80886840820312,test
2016-08-24 04:00:00,2016-08-24 05:00:00,h1,1,Beijing,XGBoost,81.75,81.4760971069336,test
2016-08-24 05:00:00,2016-08-24 06:00:00,h1,1,Beijing,XGBoost,78.25,80.30535888671875,test
2016-08-24 06:00:00,2016-08-24 07:00:00,h1,1,Beijing,XGBoost,71.75,74.30094146728516,test
2016-08-24 07:00:00,2016-08-24 08:00:00,h1,1,Beijing,XGBoost,72.166667,70.258056640625,test
2016-08-24 08:00:00,2016-08-24 09:00:00,h1,1,Beijing,XGBoost,71.833333,75.02152252197266,test
2016-08-24 09:00:00,2016-08-24 10:00:00,h1,1,Beijing,XGBoost,73.666667,73.39405059814453,test
2016-08-24 10:00:00,2016-08-24 11:00:00,h1,1,Beijing,XGBoost,74.333333,75.78239440917969,test
2016-08-24 11:00:00,2016-08-24 12:00:00,h1,1,Beijing,XGBoost,74.916667,75.3460464477539,test
2016-08-24 12:00:00,2016-08-24 13:00:00,h1,1,Beijing,XGBoost,75.583333,77.8402328491211,test
2016-08-24 13:00:00,2016-08-24 14:00:00,h1,1,Beijing,XGBoost,72.375,80.10348510742188,test
2016-08-24 14:00:00,2016-08-24 15:00:00,h1,1,Beijing,XGBoost,64.666667,71.68314361572266,test
2016-08-24 15:00:00,2016-08-24 16:00:00,h1,1,Beijing,XGBoost,69.916667,64.19060516357422,test
2016-08-24 16:00:00,2016-08-24 17:00:00,h1,1,Beijing,XGBoost,73.75,71.90888977050781,test
2016-08-24 17:00:00,2016-08-24 18:00:00,h1,1,Beijing,XGBoost,73.583333,76.3139877319336,test
2016-08-24 18:00:00,2016-08-24 19:00:00,h1,1,Beijing,XGBoost,76.416667,74.50350189208984,test
2016-08-24 19:00:00,2016-08-24 20:00:00,h1,1,Beijing,XGBoost,83.083333,78.0668716430664,test
2016-08-24 20:00:00,2016-08-24 21:00:00,h1,1,Beijing,XGBoost,94.166667,86.36814880371094,test
2016-08-24 21:00:00,2016-08-24 22:00:00,h1,1,Beijing,XGBoost,100.75,101.16583251953125,test
2016-08-24 22:00:00,2016-08-24 23:00:00,h1,1,Beijing,XGBoost,104.5,100.51741790771484,test
2016-08-24 23:00:00,2016-08-25 00:00:00,h1,1,Beijing,XGBoost,104.333333,102.28695678710938,test
2016-08-25 00:00:00,2016-08-25 01:00:00,h1,1,Beijing,XGBoost,86.916667,106.72254943847656,test
2016-08-25 01:00:00,2016-08-25 02:00:00,h1,1,Beijing,XGBoost,65.333333,77.60923767089844,test
2016-08-25 02:00:00,2016-08-25 03:00:00,h1,1,Beijing,XGBoost,31.416667,42.754905700683594,test
2016-08-25 03:00:00,2016-08-25 04:00:00,h1,1,Beijing,XGBoost,18.833333,17.743955612182617,test
2016-08-25 04:00:00,2016-08-25 05:00:00,h1,1,Beijing,XGBoost,9.0,13.566980361938477,test
2016-08-25 05:00:00,2016-08-25 06:00:00,h1,1,Beijing,XGBoost,5.916667,9.178977012634277,test
2016-08-25 06:00:00,2016-08-25 07:00:00,h1,1,Beijing,XGBoost,7.333333,6.696137428283691,test
2016-08-25 07:00:00,2016-08-25 08:00:00,h1,1,Beijing,XGBoost,8.166667,7.36959171295166,test
2016-08-25 08:00:00,2016-08-25 09:00:00,h1,1,Beijing,XGBoost,8.166667,7.818039417266846,test
2016-08-25 09:00:00,2016-08-25 10:00:00,h1,1,Beijing,XGBoost,7.166667,7.528859615325928,test
2016-08-25 10:00:00,2016-08-25 11:00:00,h1,1,Beijing,XGBoost,6.083333,6.6710205078125,test
2016-08-25 11:00:00,2016-08-25 12:00:00,h1,1,Beijing,XGBoost,6.916667,5.8349127769470215,test
2016-08-25 12:00:00,2016-08-25 13:00:00,h1,1,Beijing,XGBoost,6.916667,6.5686516761779785,test
2016-08-25 13:00:00,2016-08-25 14:00:00,h1,1,Beijing,XGBoost,5.583333,6.954947471618652,test
2016-08-25 14:00:00,2016-08-25 15:00:00,h1,1,Beijing,XGBoost,6.833333,6.240468502044678,test
2016-08-25 15:00:00,2016-08-25 16:00:00,h1,1,Beijing,XGBoost,5.583333,6.950075626373291,test
2016-08-25 16:00:00,2016-08-25 17:00:00,h1,1,Beijing,XGBoost,6.75,6.328904628753662,test
2016-08-25 17:00:00,2016-08-25 18:00:00,h1,1,Beijing,XGBoost,5.916667,7.033949375152588,test
2016-08-25 18:00:00,2016-08-25 19:00:00,h1,1,Beijing,XGBoost,8.583333,7.268372058868408,test
2016-08-25 19:00:00,2016-08-25 20:00:00,h1,1,Beijing,XGBoost,11.583333,10.545916557312012,test
2016-08-25 20:00:00,2016-08-25 21:00:00,h1,1,Beijing,XGBoost,12.166667,13.793477058410645,test
2016-08-25 21:00:00,2016-08-25 22:00:00,h1,1,Beijing,XGBoost,13.583333,12.6968412399292,test
2016-08-25 22:00:00,2016-08-25 23:00:00,h1,1,Beijing,XGBoost,12.416667,14.080482482910156,test
2016-08-25 23:00:00,2016-08-26 00:00:00,h1,1,Beijing,XGBoost,9.5,11.97201156616211,test
2016-08-26 00:00:00,2016-08-26 01:00:00,h1,1,Beijing,XGBoost,7.0,10.396647453308105,test
2016-08-26 01:00:00,2016-08-26 02:00:00,h1,1,Beijing,XGBoost,7.166667,7.17362642288208,test
2016-08-26 02:00:00,2016-08-26 03:00:00,h1,1,Beijing,XGBoost,6.25,6.9350690841674805,test
2016-08-26 03:00:00,2016-08-26 04:00:00,h1,1,Beijing,XGBoost,9.083333,7.521416187286377,test
2016-08-26 04:00:00,2016-08-26 05:00:00,h1,1,Beijing,XGBoost,7.5,8.835671424865723,test
2016-08-26 05:00:00,2016-08-26 06:00:00,h1,1,Beijing,XGBoost,6.75,7.266494274139404,test
2016-08-26 06:00:00,2016-08-26 07:00:00,h1,1,Beijing,XGBoost,7.25,7.70635461807251,test
2016-08-26 07:00:00,2016-08-26 08:00:00,h1,1,Beijing,XGBoost,8.583333,8.674945831298828,test
2016-08-26 08:00:00,2016-08-26 09:00:00,h1,1,Beijing,XGBoost,7.666667,8.559599876403809,test
2016-08-26 09:00:00,2016-08-26 10:00:00,h1,1,Beijing,XGBoost,7.583333,7.364692211151123,test
2016-08-26 10:00:00,2016-08-26 11:00:00,h1,1,Beijing,XGBoost,7.25,7.150724411010742,test
2016-08-26 11:00:00,2016-08-26 12:00:00,h1,1,Beijing,XGBoost,7.833333,7.2726263999938965,test
2016-08-26 12:00:00,2016-08-26 13:00:00,h1,1,Beijing,XGBoost,8.083333,7.857961654663086,test
2016-08-26 13:00:00,2016-08-26 14:00:00,h1,1,Beijing,XGBoost,8.5,8.812278747558594,test
2016-08-26 14:00:00,2016-08-26 15:00:00,h1,1,Beijing,XGBoost,5.833333,9.150004386901855,test
2016-08-26 15:00:00,2016-08-26 16:00:00,h1,1,Beijing,XGBoost,5.666667,7.697592735290527,test
2016-08-26 16:00:00,2016-08-26 17:00:00,h1,1,Beijing,XGBoost,8.25,7.218576431274414,test
2016-08-26 17:00:00,2016-08-26 18:00:00,h1,1,Beijing,XGBoost,9.166667,10.081352233886719,test
2016-08-26 18:00:00,2016-08-26 19:00:00,h1,1,Beijing,XGBoost,12.0,11.667462348937988,test
2016-08-26 19:00:00,2016-08-26 20:00:00,h1,1,Beijing,XGBoost,15.833333,15.63536548614502,test
2016-08-26 20:00:00,2016-08-26 21:00:00,h1,1,Beijing,XGBoost,20.25,19.198360443115234,test
2016-08-26 21:00:00,2016-08-26 22:00:00,h1,1,Beijing,XGBoost,24.166667,22.318199157714844,test
2016-08-26 22:00:00,2016-08-26 23:00:00,h1,1,Beijing,XGBoost,23.666667,26.731483459472656,test
2016-08-26 23:00:00,2016-08-27 00:00:00,h1,1,Beijing,XGBoost,22.666667,26.771846771240234,test
2016-08-27 00:00:00,2016-08-27 01:00:00,h1,1,Beijing,XGBoost,21.583333,25.658214569091797,test
2016-08-27 01:00:00,2016-08-27 02:00:00,h1,1,Beijing,XGBoost,21.0,22.35431480407715,test
2016-08-27 02:00:00,2016-08-27 03:00:00,h1,1,Beijing,XGBoost,19.333333,22.083656311035156,test
2016-08-27 03:00:00,2016-08-27 04:00:00,h1,1,Beijing,XGBoost,17.166667,16.182790756225586,test
2016-08-27 04:00:00,2016-08-27 05:00:00,h1,1,Beijing,XGBoost,15.333333,15.195537567138672,test
2016-08-27 05:00:00,2016-08-27 06:00:00,h1,1,Beijing,XGBoost,13.833333,13.759919166564941,test
2016-08-27 06:00:00,2016-08-27 07:00:00,h1,1,Beijing,XGBoost,14.5,14.3723726272583,test
2016-08-27 07:00:00,2016-08-27 08:00:00,h1,1,Beijing,XGBoost,16.416667,15.010416984558105,test
2016-08-27 08:00:00,2016-08-27 09:00:00,h1,1,Beijing,XGBoost,15.583333,17.453571319580078,test
2016-08-27 09:00:00,2016-08-27 10:00:00,h1,1,Beijing,XGBoost,12.75,14.829156875610352,test
2016-08-27 10:00:00,2016-08-27 11:00:00,h1,1,Beijing,XGBoost,11.0,11.81425952911377,test
2016-08-27 11:00:00,2016-08-27 12:00:00,h1,1,Beijing,XGBoost,10.333333,10.429993629455566,test
2016-08-27 12:00:00,2016-08-27 13:00:00,h1,1,Beijing,XGBoost,10.0,10.615438461303711,test
2016-08-27 13:00:00,2016-08-27 14:00:00,h1,1,Beijing,XGBoost,8.208333,10.17629337310791,test
2016-08-27 14:00:00,2016-08-27 15:00:00,h1,1,Beijing,XGBoost,6.916667,8.934582710266113,test
2016-08-27 15:00:00,2016-08-27 16:00:00,h1,1,Beijing,XGBoost,5.5,7.79010534286499,test
2016-08-27 16:00:00,2016-08-27 17:00:00,h1,1,Beijing,XGBoost,10.083333,7.465160846710205,test
2016-08-27 17:00:00,2016-08-27 18:00:00,h1,1,Beijing,XGBoost,9.25,17.69825553894043,test
2016-08-27 18:00:00,2016-08-27 19:00:00,h1,1,Beijing,XGBoost,12.916667,11.607057571411133,test
2016-08-27 19:00:00,2016-08-27 20:00:00,h1,1,Beijing,XGBoost,20.0,15.15490436553955,test
2016-08-27 20:00:00,2016-08-27 21:00:00,h1,1,Beijing,XGBoost,22.083333,25.234703063964844,test
2016-08-27 21:00:00,2016-08-27 22:00:00,h1,1,Beijing,XGBoost,19.0,24.60059928894043,test
2016-08-27 22:00:00,2016-08-27 23:00:00,h1,1,Beijing,XGBoost,12.416667,16.867780685424805,test
2016-08-27 23:00:00,2016-08-28 00:00:00,h1,1,Beijing,XGBoost,12.666667,11.241201400756836,test
2016-08-28 00:00:00,2016-08-28 01:00:00,h1,1,Beijing,XGBoost,9.833333,12.806286811828613,test
2016-08-28 01:00:00,2016-08-28 02:00:00,h1,1,Beijing,XGBoost,8.166667,10.678789138793945,test
2016-08-28 02:00:00,2016-08-28 03:00:00,h1,1,Beijing,XGBoost,8.666667,9.897241592407227,test
2016-08-28 03:00:00,2016-08-28 04:00:00,h1,1,Beijing,XGBoost,8.5,8.962206840515137,test
2016-08-28 04:00:00,2016-08-28 05:00:00,h1,1,Beijing,XGBoost,8.833333,8.205023765563965,test
2016-08-28 05:00:00,2016-08-28 06:00:00,h1,1,Beijing,XGBoost,10.75,8.562361717224121,test
2016-08-28 06:00:00,2016-08-28 07:00:00,h1,1,Beijing,XGBoost,8.75,10.940747261047363,test
2016-08-28 07:00:00,2016-08-28 08:00:00,h1,1,Beijing,XGBoost,10.25,10.155193328857422,test
2016-08-28 08:00:00,2016-08-28 09:00:00,h1,1,Beijing,XGBoost,10.666667,8.807469367980957,test
2016-08-28 09:00:00,2016-08-28 10:00:00,h1,1,Beijing,XGBoost,7.5,9.718062400817871,test
2016-08-28 10:00:00,2016-08-28 11:00:00,h1,1,Beijing,XGBoost,9.333333,7.851467132568359,test
2016-08-28 11:00:00,2016-08-28 12:00:00,h1,1,Beijing,XGBoost,7.666667,8.344358444213867,test
2016-08-28 12:00:00,2016-08-28 13:00:00,h1,1,Beijing,XGBoost,8.666667,8.023269653320312,test
2016-08-28 13:00:00,2016-08-28 14:00:00,h1,1,Beijing,XGBoost,6.416667,8.755216598510742,test
2016-08-28 14:00:00,2016-08-28 15:00:00,h1,1,Beijing,XGBoost,7.833333,7.594857215881348,test
2016-08-28 15:00:00,2016-08-28 16:00:00,h1,1,Beijing,XGBoost,7.5,8.094403266906738,test
2016-08-28 16:00:00,2016-08-28 17:00:00,h1,1,Beijing,XGBoost,8.875,8.336644172668457,test
2016-08-28 17:00:00,2016-08-28 18:00:00,h1,1,Beijing,XGBoost,7.916667,9.597390174865723,test
2016-08-28 18:00:00,2016-08-28 19:00:00,h1,1,Beijing,XGBoost,11.166667,9.923632621765137,test
2016-08-28 19:00:00,2016-08-28 20:00:00,h1,1,Beijing,XGBoost,18.916667,15.156898498535156,test
2016-08-28 20:00:00,2016-08-28 21:00:00,h1,1,Beijing,XGBoost,21.25,25.495176315307617,test
2016-08-28 21:00:00,2016-08-28 22:00:00,h1,1,Beijing,XGBoost,21.083333,23.318267822265625,test
2016-08-28 22:00:00,2016-08-28 23:00:00,h1,1,Beijing,XGBoost,23.333333,21.447969436645508,test
2016-08-28 23:00:00,2016-08-29 00:00:00,h1,1,Beijing,XGBoost,20.0,24.361719131469727,test
2016-08-29 00:00:00,2016-08-29 01:00:00,h1,1,Beijing,XGBoost,19.333333,18.47372055053711,test
2016-08-29 01:00:00,2016-08-29 02:00:00,h1,1,Beijing,XGBoost,19.333333,19.51095199584961,test
2016-08-29 02:00:00,2016-08-29 03:00:00,h1,1,Beijing,XGBoost,20.75,18.94931411743164,test
2016-08-29 03:00:00,2016-08-29 04:00:00,h1,1,Beijing,XGBoost,19.416667,20.92084503173828,test
2016-08-29 04:00:00,2016-08-29 05:00:00,h1,1,Beijing,XGBoost,14.166667,18.539710998535156,test
2016-08-29 05:00:00,2016-08-29 06:00:00,h1,1,Beijing,XGBoost,13.166667,12.463814735412598,test
2016-08-29 06:00:00,2016-08-29 07:00:00,h1,1,Beijing,XGBoost,14.083333,12.758052825927734,test
2016-08-29 07:00:00,2016-08-29 08:00:00,h1,1,Beijing,XGBoost,14.25,15.115096092224121,test
2016-08-29 08:00:00,2016-08-29 09:00:00,h1,1,Beijing,XGBoost,14.583333,13.837485313415527,test
2016-08-29 09:00:00,2016-08-29 10:00:00,h1,1,Beijing,XGBoost,15.444444,12.655740737915039,test
2016-08-29 10:00:00,2016-08-29 11:00:00,h1,1,Beijing,XGBoost,13.638889,14.242332458496094,test
2016-08-29 11:00:00,2016-08-29 12:00:00,h1,1,Beijing,XGBoost,14.666667,12.473034858703613,test
2016-08-29 12:00:00,2016-08-29 13:00:00,h1,1,Beijing,XGBoost,12.541667,14.224507331848145,test
2016-08-29 13:00:00,2016-08-29 14:00:00,h1,1,Beijing,XGBoost,12.166667,12.192404747009277,test
2016-08-29 14:00:00,2016-08-29 15:00:00,h1,1,Beijing,XGBoost,10.833333,12.4111909866333,test
2016-08-29 15:00:00,2016-08-29 16:00:00,h1,1,Beijing,XGBoost,14.833333,11.313624382019043,test
2016-08-29 16:00:00,2016-08-29 17:00:00,h1,1,Beijing,XGBoost,13.916667,16.940006256103516,test
2016-08-29 17:00:00,2016-08-29 18:00:00,h1,1,Beijing,XGBoost,18.25,15.545581817626953,test
2016-08-29 18:00:00,2016-08-29 19:00:00,h1,1,Beijing,XGBoost,19.583333,21.266590118408203,test
2016-08-29 19:00:00,2016-08-29 20:00:00,h1,1,Beijing,XGBoost,23.25,22.82936668395996,test
2016-08-29 20:00:00,2016-08-29 21:00:00,h1,1,Beijing,XGBoost,30.75,25.114070892333984,test
2016-08-29 21:00:00,2016-08-29 22:00:00,h1,1,Beijing,XGBoost,31.416667,36.59601593017578,test
2016-08-29 22:00:00,2016-08-29 23:00:00,h1,1,Beijing,XGBoost,29.583333,34.639869689941406,test
2016-08-29 23:00:00,2016-08-30 00:00:00,h1,1,Beijing,XGBoost,31.583333,30.498165130615234,test
2016-08-30 00:00:00,2016-08-30 01:00:00,h1,1,Beijing,XGBoost,32.916667,33.438575744628906,test
2016-08-30 01:00:00,2016-08-30 02:00:00,h1,1,Beijing,XGBoost,32.833333,33.503074645996094,test
2016-08-30 02:00:00,2016-08-30 03:00:00,h1,1,Beijing,XGBoost,32.166667,33.05974578857422,test
2016-08-30 03:00:00,2016-08-30 04:00:00,h1,1,Beijing,XGBoost,31.5,31.787837982177734,test
2016-08-30 04:00:00,2016-08-30 05:00:00,h1,1,Beijing,XGBoost,29.0,32.088157653808594,test
2016-08-30 05:00:00,2016-08-30 06:00:00,h1,1,Beijing,XGBoost,23.416667,27.59608268737793,test
2016-08-30 06:00:00,2016-08-30 07:00:00,h1,1,Beijing,XGBoost,21.583333,22.903196334838867,test
2016-08-30 07:00:00,2016-08-30 08:00:00,h1,1,Beijing,XGBoost,21.416667,21.831796646118164,test
2016-08-30 08:00:00,2016-08-30 09:00:00,h1,1,Beijing,XGBoost,22.833333,22.34073257446289,test
2016-08-30 09:00:00,2016-08-30 10:00:00,h1,1,Beijing,XGBoost,23.25,22.054393768310547,test
2016-08-30 10:00:00,2016-08-30 11:00:00,h1,1,Beijing,XGBoost,26.5,23.166536331176758,test
2016-08-30 11:00:00,2016-08-30 12:00:00,h1,1,Beijing,XGBoost,25.583333,28.911596298217773,test
2016-08-30 12:00:00,2016-08-30 13:00:00,h1,1,Beijing,XGBoost,26.833333,24.34876823425293,test
2016-08-30 13:00:00,2016-08-30 14:00:00,h1,1,Beijing,XGBoost,27.416667,26.567665100097656,test
2016-08-30 14:00:00,2016-08-30 15:00:00,h1,1,Beijing,XGBoost,28.5,27.703664779663086,test
2016-08-30 15:00:00,2016-08-30 16:00:00,h1,1,Beijing,XGBoost,27.583333,28.6012020111084,test
2016-08-30 16:00:00,2016-08-30 17:00:00,h1,1,Beijing,XGBoost,23.583333,28.670740127563477,test
2016-08-30 17:00:00,2016-08-30 18:00:00,h1,1,Beijing,XGBoost,25.0,24.13605308532715,test
2016-08-30 18:00:00,2016-08-30 19:00:00,h1,1,Beijing,XGBoost,31.75,26.701261520385742,test
2016-08-30 19:00:00,2016-08-30 20:00:00,h1,1,Beijing,XGBoost,35.333333,39.905357360839844,test
2016-08-30 20:00:00,2016-08-30 21:00:00,h1,1,Beijing,XGBoost,38.916667,39.60114288330078,test
2016-08-30 21:00:00,2016-08-30 22:00:00,h1,1,Beijing,XGBoost,38.5,41.647560119628906,test
2016-08-30 22:00:00,2016-08-30 23:00:00,h1,1,Beijing,XGBoost,42.0,40.75333786010742,test
2016-08-30 23:00:00,2016-08-31 00:00:00,h1,1,Beijing,XGBoost,34.75,42.53778839111328,test
2016-08-31 00:00:00,2016-08-31 01:00:00,h1,1,Beijing,XGBoost,33.5,31.244384765625,test
2016-08-31 01:00:00,2016-08-31 02:00:00,h1,1,Beijing,XGBoost,34.916667,32.661903381347656,test
2016-08-31 02:00:00,2016-08-31 03:00:00,h1,1,Beijing,XGBoost,34.083333,36.02487564086914,test
2016-08-31 03:00:00,2016-08-31 04:00:00,h1,1,Beijing,XGBoost,29.0,34.50028610229492,test
2016-08-31 04:00:00,2016-08-31 05:00:00,h1,1,Beijing,XGBoost,22.416667,24.792470932006836,test
2016-08-31 05:00:00,2016-08-31 06:00:00,h1,1,Beijing,XGBoost,21.5,20.88269805908203,test
2016-08-31 06:00:00,2016-08-31 07:00:00,h1,1,Beijing,XGBoost,21.5,22.058584213256836,test
2016-08-31 07:00:00,2016-08-31 08:00:00,h1,1,Beijing,XGBoost,20.0,21.841529846191406,test
2016-08-31 08:00:00,2016-08-31 09:00:00,h1,1,Beijing,XGBoost,17.0,18.103639602661133,test
2016-08-31 09:00:00,2016-08-31 10:00:00,h1,1,Beijing,XGBoost,16.25,14.095602035522461,test
2016-08-31 10:00:00,2016-08-31 11:00:00,h1,1,Beijing,XGBoost,14.375,13.757952690124512,test
2016-08-31 11:00:00,2016-08-31 12:00:00,h1,1,Beijing,XGBoost,10.0,11.953178405761719,test
2016-08-31 12:00:00,2016-08-31 13:00:00,h1,1,Beijing,XGBoost,10.666667,11.032837867736816,test
2016-08-31 13:00:00,2016-08-31 14:00:00,h1,1,Beijing,XGBoost,12.5,10.70848560333252,test
2016-08-31 14:00:00,2016-08-31 15:00:00,h1,1,Beijing,XGBoost,9.75,12.5587158203125,test
2016-08-31 15:00:00,2016-08-31 16:00:00,h1,1,Beijing,XGBoost,7.416667,10.095561981201172,test
2016-08-31 16:00:00,2016-08-31 17:00:00,h1,1,Beijing,XGBoost,6.5,8.617385864257812,test
2016-08-31 17:00:00,2016-08-31 18:00:00,h1,1,Beijing,XGBoost,7.75,7.195131301879883,test
2016-08-31 18:00:00,2016-08-31 19:00:00,h1,1,Beijing,XGBoost,8.333333,9.157973289489746,test
2016-08-31 19:00:00,2016-08-31 20:00:00,h1,1,Beijing,XGBoost,9.0,9.959619522094727,test
2016-08-31 20:00:00,2016-08-31 21:00:00,h1,1,Beijing,XGBoost,7.916667,8.362261772155762,test
2016-08-31 21:00:00,2016-08-31 22:00:00,h1,1,Beijing,XGBoost,6.583333,8.239398002624512,test
2016-08-31 22:00:00,2016-08-31 23:00:00,h1,1,Beijing,XGBoost,7.166667,7.649665355682373,test
2016-08-31 23:00:00,2016-09-01 00:00:00,h1,1,Beijing,XGBoost,9.916667,8.039525032043457,test
2016-09-01 00:00:00,2016-09-01 01:00:00,h1,1,Beijing,XGBoost,7.583333,10.2410306930542,test
2016-09-01 01:00:00,2016-09-01 02:00:00,h1,1,Beijing,XGBoost,6.666667,7.144506454467773,test
2016-09-01 02:00:00,2016-09-01 03:00:00,h1,1,Beijing,XGBoost,9.416667,6.708373546600342,test
2016-09-01 03:00:00,2016-09-01 04:00:00,h1,1,Beijing,XGBoost,8.666667,8.609586715698242,test
2016-09-01 04:00:00,2016-09-01 05:00:00,h1,1,Beijing,XGBoost,8.25,8.18519401550293,test
2016-09-01 05:00:00,2016-09-01 06:00:00,h1,1,Beijing,XGBoost,6.916667,7.267921447753906,test
2016-09-01 06:00:00,2016-09-01 07:00:00,h1,1,Beijing,XGBoost,7.25,6.8121256828308105,test
2016-09-01 07:00:00,2016-09-01 08:00:00,h1,1,Beijing,XGBoost,6.083333,7.674108505249023,test
2016-09-01 08:00:00,2016-09-01 09:00:00,h1,1,Beijing,XGBoost,6.333333,6.535735607147217,test
2016-09-01 09:00:00,2016-09-01 10:00:00,h1,1,Beijing,XGBoost,7.083333,6.269114017486572,test
2016-09-01 10:00:00,2016-09-01 11:00:00,h1,1,Beijing,XGBoost,4.916667,5.965115547180176,test
2016-09-01 11:00:00,2016-09-01 12:00:00,h1,1,Beijing,XGBoost,5.5,5.562548637390137,test
2016-09-01 12:00:00,2016-09-01 13:00:00,h1,1,Beijing,XGBoost,6.166667,6.314319133758545,test
2016-09-01 13:00:00,2016-09-01 14:00:00,h1,1,Beijing,XGBoost,5.0,6.4840779304504395,test
2016-09-01 14:00:00,2016-09-01 15:00:00,h1,1,Beijing,XGBoost,5.5,6.169815540313721,test
2016-09-01 15:00:00,2016-09-01 16:00:00,h1,1,Beijing,XGBoost,5.583333,9.64950942993164,test
2016-09-01 16:00:00,2016-09-01 17:00:00,h1,1,Beijing,XGBoost,7.083333,6.752297878265381,test
2016-09-01 17:00:00,2016-09-01 18:00:00,h1,1,Beijing,XGBoost,6.75,8.0405912399292,test
2016-09-01 18:00:00,2016-09-01 19:00:00,h1,1,Beijing,XGBoost,8.916667,9.284526824951172,test
2016-09-01 19:00:00,2016-09-01 20:00:00,h1,1,Beijing,XGBoost,11.833333,10.24692440032959,test
2016-09-01 20:00:00,2016-09-01 21:00:00,h1,1,Beijing,XGBoost,8.166667,11.445477485656738,test
2016-09-01 21:00:00,2016-09-01 22:00:00,h1,1,Beijing,XGBoost,7.5,11.53602123260498,test
2016-09-01 22:00:00,2016-09-01 23:00:00,h1,1,Beijing,XGBoost,11.833333,10.673035621643066,test
2016-09-01 23:00:00,2016-09-02 00:00:00,h1,1,Beijing,XGBoost,13.25,14.22516918182373,test
2016-09-02 00:00:00,2016-09-02 01:00:00,h1,1,Beijing,XGBoost,15.083333,13.489598274230957,test
2016-09-02 01:00:00,2016-09-02 02:00:00,h1,1,Beijing,XGBoost,15.5,15.132420539855957,test
2016-09-02 02:00:00,2016-09-02 03:00:00,h1,1,Beijing,XGBoost,16.833333,15.702866554260254,test
2016-09-02 03:00:00,2016-09-02 04:00:00,h1,1,Beijing,XGBoost,17.0,16.49403190612793,test
2016-09-02 04:00:00,2016-09-02 05:00:00,h1,1,Beijing,XGBoost,15.666667,16.626628875732422,test
2016-09-02 05:00:00,2016-09-02 06:00:00,h1,1,Beijing,XGBoost,15.0,15.216769218444824,test
2016-09-02 06:00:00,2016-09-02 07:00:00,h1,1,Beijing,XGBoost,13.416667,15.183428764343262,test
2016-09-02 07:00:00,2016-09-02 08:00:00,h1,1,Beijing,XGBoost,14.5,13.946680068969727,test
2016-09-02 08:00:00,2016-09-02 09:00:00,h1,1,Beijing,XGBoost,12.166667,15.054734230041504,test
2016-09-02 09:00:00,2016-09-02 10:00:00,h1,1,Beijing,XGBoost,10.75,11.184776306152344,test
2016-09-02 10:00:00,2016-09-02 11:00:00,h1,1,Beijing,XGBoost,10.333333,11.097159385681152,test
2016-09-02 11:00:00,2016-09-02 12:00:00,h1,1,Beijing,XGBoost,7.583333,10.27147388458252,test
2016-09-02 12:00:00,2016-09-02 13:00:00,h1,1,Beijing,XGBoost,9.666667,8.62641429901123,test
2016-09-02 13:00:00,2016-09-02 14:00:00,h1,1,Beijing,XGBoost,10.333333,9.665793418884277,test
2016-09-02 14:00:00,2016-09-02 15:00:00,h1,1,Beijing,XGBoost,8.75,10.849193572998047,test
2016-09-02 15:00:00,2016-09-02 16:00:00,h1,1,Beijing,XGBoost,9.5,8.889960289001465,test
2016-09-02 16:00:00,2016-09-02 17:00:00,h1,1,Beijing,XGBoost,9.166667,9.548663139343262,test
2016-09-02 17:00:00,2016-09-02 18:00:00,h1,1,Beijing,XGBoost,9.083333,10.006765365600586,test
2016-09-02 18:00:00,2016-09-02 19:00:00,h1,1,Beijing,XGBoost,8.833333,9.280659675598145,test
2016-09-02 19:00:00,2016-09-02 20:00:00,h1,1,Beijing,XGBoost,9.5,8.96837043762207,test
2016-09-02 20:00:00,2016-09-02 21:00:00,h1,1,Beijing,XGBoost,8.333333,9.75125789642334,test
2016-09-02 21:00:00,2016-09-02 22:00:00,h1,1,Beijing,XGBoost,10.583333,8.3999662399292,test
2016-09-02 22:00:00,2016-09-02 23:00:00,h1,1,Beijing,XGBoost,10.916667,9.6431245803833,test
2016-09-02 23:00:00,2016-09-03 00:00:00,h1,1,Beijing,XGBoost,9.916667,11.871883392333984,test
2016-09-03 00:00:00,2016-09-03 01:00:00,h1,1,Beijing,XGBoost,9.666667,9.519137382507324,test
2016-09-03 01:00:00,2016-09-03 02:00:00,h1,1,Beijing,XGBoost,9.25,9.200563430786133,test
2016-09-03 02:00:00,2016-09-03 03:00:00,h1,1,Beijing,XGBoost,9.25,9.045841217041016,test
2016-09-03 03:00:00,2016-09-03 04:00:00,h1,1,Beijing,XGBoost,10.0,8.95358943939209,test
2016-09-03 04:00:00,2016-09-03 05:00:00,h1,1,Beijing,XGBoost,10.25,9.79765510559082,test
2016-09-03 05:00:00,2016-09-03 06:00:00,h1,1,Beijing,XGBoost,11.5,9.799199104309082,test
2016-09-03 06:00:00,2016-09-03 07:00:00,h1,1,Beijing,XGBoost,12.666667,11.578227996826172,test
2016-09-03 07:00:00,2016-09-03 08:00:00,h1,1,Beijing,XGBoost,13.333333,14.403182983398438,test
2016-09-03 08:00:00,2016-09-03 09:00:00,h1,1,Beijing,XGBoost,15.666667,14.46212387084961,test
2016-09-03 09:00:00,2016-09-03 10:00:00,h1,1,Beijing,XGBoost,11.916667,16.509418487548828,test
2016-09-03 10:00:00,2016-09-03 11:00:00,h1,1,Beijing,XGBoost,12.583333,12.007855415344238,test
2016-09-03 11:00:00,2016-09-03 12:00:00,h1,1,Beijing,XGBoost,12.5,12.436660766601562,test
2016-09-03 12:00:00,2016-09-03 13:00:00,h1,1,Beijing,XGBoost,15.666667,12.529186248779297,test
2016-09-03 13:00:00,2016-09-03 14:00:00,h1,1,Beijing,XGBoost,19.25,16.659793853759766,test
2016-09-03 14:00:00,2016-09-03 15:00:00,h1,1,Beijing,XGBoost,20.833333,19.786184310913086,test
2016-09-03 15:00:00,2016-09-03 16:00:00,h1,1,Beijing,XGBoost,20.75,22.230398178100586,test
2016-09-03 16:00:00,2016-09-03 17:00:00,h1,1,Beijing,XGBoost,23.083333,20.95033836364746,test
2016-09-03 17:00:00,2016-09-03 18:00:00,h1,1,Beijing,XGBoost,25.0,25.3970890045166,test
2016-09-03 18:00:00,2016-09-03 19:00:00,h1,1,Beijing,XGBoost,26.833333,27.941455841064453,test
2016-09-03 19:00:00,2016-09-03 20:00:00,h1,1,Beijing,XGBoost,30.916667,28.5438232421875,test
2016-09-03 20:00:00,2016-09-03 21:00:00,h1,1,Beijing,XGBoost,36.25,33.83476257324219,test
2016-09-03 21:00:00,2016-09-03 22:00:00,h1,1,Beijing,XGBoost,42.583333,39.26727294921875,test
2016-09-03 22:00:00,2016-09-03 23:00:00,h1,1,Beijing,XGBoost,42.083333,46.3902702331543,test
2016-09-03 23:00:00,2016-09-04 00:00:00,h1,1,Beijing,XGBoost,34.416667,44.32505798339844,test
2016-09-05 00:00:00,2016-09-05 01:00:00,h1,1,Beijing,XGBoost,29.416667,35.21595764160156,test
2016-09-05 01:00:00,2016-09-05 02:00:00,h1,1,Beijing,XGBoost,31.0,26.83835792541504,test
2016-09-05 02:00:00,2016-09-05 03:00:00,h1,1,Beijing,XGBoost,30.083333,29.92638397216797,test
2016-09-05 03:00:00,2016-09-05 04:00:00,h1,1,Beijing,XGBoost,30.166667,29.759843826293945,test
2016-09-05 04:00:00,2016-09-05 05:00:00,h1,1,Beijing,XGBoost,29.25,30.875307083129883,test
2016-09-05 05:00:00,2016-09-05 06:00:00,h1,1,Beijing,XGBoost,33.5,29.414508819580078,test
2016-09-05 06:00:00,2016-09-05 07:00:00,h1,1,Beijing,XGBoost,38.666667,35.88805389404297,test
2016-09-05 07:00:00,2016-09-05 08:00:00,h1,1,Beijing,XGBoost,37.25,41.04478073120117,test
2016-09-05 08:00:00,2016-09-05 09:00:00,h1,1,Beijing,XGBoost,36.916667,36.385929107666016,test
2016-09-05 09:00:00,2016-09-05 10:00:00,h1,1,Beijing,XGBoost,39.666667,38.1324462890625,test
2016-09-05 10:00:00,2016-09-05 11:00:00,h1,1,Beijing,XGBoost,34.388889,40.70731735229492,test
2016-09-05 11:00:00,2016-09-05 12:00:00,h1,1,Beijing,XGBoost,21.833333,33.09640121459961,test
2016-09-05 12:00:00,2016-09-05 13:00:00,h1,1,Beijing,XGBoost,16.277778,16.922239303588867,test
2016-09-05 13:00:00,2016-09-05 14:00:00,h1,1,Beijing,XGBoost,10.666667,14.563329696655273,test
2016-09-05 14:00:00,2016-09-05 15:00:00,h1,1,Beijing,XGBoost,11.5,11.649280548095703,test
2016-09-05 15:00:00,2016-09-05 16:00:00,h1,1,Beijing,XGBoost,10.333333,12.232391357421875,test
2016-09-05 16:00:00,2016-09-05 17:00:00,h1,1,Beijing,XGBoost,8.916667,10.566254615783691,test
2016-09-05 17:00:00,2016-09-05 18:00:00,h1,1,Beijing,XGBoost,12.958333,10.20188045501709,test
2016-09-05 18:00:00,2016-09-05 19:00:00,h1,1,Beijing,XGBoost,20.5,16.156078338623047,test
2016-09-05 19:00:00,2016-09-05 20:00:00,h1,1,Beijing,XGBoost,32.083333,29.0647029876709,test
2016-09-05 20:00:00,2016-09-05 21:00:00,h1,1,Beijing,XGBoost,38.0,39.22124481201172,test
2016-09-05 21:00:00,2016-09-05 22:00:00,h1,1,Beijing,XGBoost,37.833333,39.23777770996094,test
2016-09-05 22:00:00,2016-09-05 23:00:00,h1,1,Beijing,XGBoost,35.5,39.00328826904297,test
2016-09-05 23:00:00,2016-09-06 00:00:00,h1,1,Beijing,XGBoost,20.166667,35.981197357177734,test
2016-09-08 00:00:00,2016-09-08 01:00:00,h1,1,Beijing,XGBoost,21.166667,17.185016632080078,test
2016-09-08 01:00:00,2016-09-08 02:00:00,h1,1,Beijing,XGBoost,19.833333,28.758586883544922,test
2016-09-08 02:00:00,2016-09-08 03:00:00,h1,1,Beijing,XGBoost,21.0,18.907629013061523,test
2016-09-08 03:00:00,2016-09-08 04:00:00,h1,1,Beijing,XGBoost,21.833333,20.680849075317383,test
2016-09-08 04:00:00,2016-09-08 05:00:00,h1,1,Beijing,XGBoost,21.166667,21.956783294677734,test
2016-09-08 05:00:00,2016-09-08 06:00:00,h1,1,Beijing,XGBoost,20.833333,20.90203094482422,test
2016-09-08 06:00:00,2016-09-08 07:00:00,h1,1,Beijing,XGBoost,22.166667,19.832603454589844,test
2016-09-08 07:00:00,2016-09-08 08:00:00,h1,1,Beijing,XGBoost,24.0,23.11406135559082,test
2016-09-08 08:00:00,2016-09-08 09:00:00,h1,1,Beijing,XGBoost,25.0,25.490049362182617,test
2016-09-08 09:00:00,2016-09-08 10:00:00,h1,1,Beijing,XGBoost,23.75,26.5161190032959,test
2016-09-08 10:00:00,2016-09-08 11:00:00,h1,1,Beijing,XGBoost,23.716667,23.440479278564453,test
2016-09-08 11:00:00,2016-09-08 12:00:00,h1,1,Beijing,XGBoost,19.016667,23.23969078063965,test
2016-09-08 12:00:00,2016-09-08 13:00:00,h1,1,Beijing,XGBoost,16.816667,18.5130615234375,test
2016-09-08 13:00:00,2016-09-08 14:00:00,h1,1,Beijing,XGBoost,13.783333,16.143930435180664,test
2016-09-08 14:00:00,2016-09-08 15:00:00,h1,1,Beijing,XGBoost,9.083333,12.777587890625,test
2016-09-08 15:00:00,2016-09-08 16:00:00,h1,1,Beijing,XGBoost,12.166667,10.963902473449707,test
2016-09-08 16:00:00,2016-09-08 17:00:00,h1,1,Beijing,XGBoost,13.25,13.053006172180176,test
2016-09-08 17:00:00,2016-09-08 18:00:00,h1,1,Beijing,XGBoost,15.333333,14.90479850769043,test
2016-09-08 18:00:00,2016-09-08 19:00:00,h1,1,Beijing,XGBoost,19.666667,17.474456787109375,test
2016-09-08 19:00:00,2016-09-08 20:00:00,h1,1,Beijing,XGBoost,24.25,25.297977447509766,test
2016-09-08 20:00:00,2016-09-08 21:00:00,h1,1,Beijing,XGBoost,27.833333,29.544166564941406,test
2016-09-08 21:00:00,2016-09-08 22:00:00,h1,1,Beijing,XGBoost,31.416667,31.81346321105957,test
2016-09-08 22:00:00,2016-09-08 23:00:00,h1,1,Beijing,XGBoost,29.75,35.60551834106445,test
2016-09-08 23:00:00,2016-09-09 00:00:00,h1,1,Beijing,XGBoost,27.416667,30.11039161682129,test
2016-09-09 00:00:00,2016-09-09 01:00:00,h1,1,Beijing,XGBoost,26.333333,27.453454971313477,test
2016-09-09 01:00:00,2016-09-09 02:00:00,h1,1,Beijing,XGBoost,25.416667,25.028900146484375,test
2016-09-09 02:00:00,2016-09-09 03:00:00,h1,1,Beijing,XGBoost,24.583333,24.075031280517578,test
2016-09-09 03:00:00,2016-09-09 04:00:00,h1,1,Beijing,XGBoost,19.833333,24.46101951599121,test
2016-09-09 04:00:00,2016-09-09 05:00:00,h1,1,Beijing,XGBoost,17.583333,19.36954689025879,test
2016-09-09 05:00:00,2016-09-09 06:00:00,h1,1,Beijing,XGBoost,17.75,16.516279220581055,test
2016-09-09 06:00:00,2016-09-09 07:00:00,h1,1,Beijing,XGBoost,19.916667,17.18423843383789,test
2016-09-09 07:00:00,2016-09-09 08:00:00,h1,1,Beijing,XGBoost,20.916667,21.62740135192871,test
2016-09-09 08:00:00,2016-09-09 09:00:00,h1,1,Beijing,XGBoost,19.25,22.258289337158203,test
2016-09-09 09:00:00,2016-09-09 10:00:00,h1,1,Beijing,XGBoost,18.75,16.544401168823242,test
2016-09-09 10:00:00,2016-09-09 11:00:00,h1,1,Beijing,XGBoost,13.666667,16.568450927734375,test
2016-09-09 11:00:00,2016-09-09 12:00:00,h1,1,Beijing,XGBoost,9.833333,12.066146850585938,test
2016-09-09 12:00:00,2016-09-09 13:00:00,h1,1,Beijing,XGBoost,10.416667,11.489446640014648,test
2016-09-09 13:00:00,2016-09-09 14:00:00,h1,1,Beijing,XGBoost,9.416667,10.957952499389648,test
2016-09-09 14:00:00,2016-09-09 15:00:00,h1,1,Beijing,XGBoost,8.833333,9.256006240844727,test
2016-09-09 15:00:00,2016-09-09 16:00:00,h1,1,Beijing,XGBoost,9.666667,9.034687042236328,test
2016-09-09 16:00:00,2016-09-09 17:00:00,h1,1,Beijing,XGBoost,10.666667,9.178370475769043,test
2016-09-09 17:00:00,2016-09-09 18:00:00,h1,1,Beijing,XGBoost,11.333333,11.936394691467285,test
2016-09-09 18:00:00,2016-09-09 19:00:00,h1,1,Beijing,XGBoost,16.333333,12.83044147491455,test
2016-09-09 19:00:00,2016-09-09 20:00:00,h1,1,Beijing,XGBoost,21.625,23.52586555480957,test
2016-09-09 20:00:00,2016-09-09 21:00:00,h1,1,Beijing,XGBoost,24.416667,27.720993041992188,test
2016-09-09 21:00:00,2016-09-09 22:00:00,h1,1,Beijing,XGBoost,25.5,27.745262145996094,test
2016-09-09 22:00:00,2016-09-09 23:00:00,h1,1,Beijing,XGBoost,23.166667,25.86827850341797,test
2016-09-09 23:00:00,2016-09-10 00:00:00,h1,1,Beijing,XGBoost,20.916667,25.21076011657715,test
2016-09-10 00:00:00,2016-09-10 01:00:00,h1,1,Beijing,XGBoost,16.083333,20.309160232543945,test
2016-09-10 01:00:00,2016-09-10 02:00:00,h1,1,Beijing,XGBoost,12.75,15.362800598144531,test
2016-09-10 02:00:00,2016-09-10 03:00:00,h1,1,Beijing,XGBoost,12.083333,12.30913257598877,test
2016-09-10 03:00:00,2016-09-10 04:00:00,h1,1,Beijing,XGBoost,11.25,11.586926460266113,test
2016-09-10 04:00:00,2016-09-10 05:00:00,h1,1,Beijing,XGBoost,9.666667,11.25703239440918,test
2016-09-10 05:00:00,2016-09-10 06:00:00,h1,1,Beijing,XGBoost,10.666667,9.461896896362305,test
2016-09-10 06:00:00,2016-09-10 07:00:00,h1,1,Beijing,XGBoost,10.25,10.930231094360352,test
2016-09-10 07:00:00,2016-09-10 08:00:00,h1,1,Beijing,XGBoost,9.833333,11.525151252746582,test
2016-09-10 08:00:00,2016-09-10 09:00:00,h1,1,Beijing,XGBoost,11.083333,10.41488265991211,test
2016-09-10 09:00:00,2016-09-10 10:00:00,h1,1,Beijing,XGBoost,13.5,9.78231430053711,test
2016-09-10 10:00:00,2016-09-10 11:00:00,h1,1,Beijing,XGBoost,11.583333,12.89783763885498,test
2016-09-10 11:00:00,2016-09-10 12:00:00,h1,1,Beijing,XGBoost,9.75,10.242098808288574,test
2016-09-10 12:00:00,2016-09-10 13:00:00,h1,1,Beijing,XGBoost,7.916667,10.488958358764648,test
2016-09-10 13:00:00,2016-09-10 14:00:00,h1,1,Beijing,XGBoost,9.916667,8.991755485534668,test
2016-09-10 14:00:00,2016-09-10 15:00:00,h1,1,Beijing,XGBoost,11.5,9.970144271850586,test
2016-09-10 15:00:00,2016-09-10 16:00:00,h1,1,Beijing,XGBoost,10.0,12.638984680175781,test
2016-09-10 16:00:00,2016-09-10 17:00:00,h1,1,Beijing,XGBoost,15.166667,10.330608367919922,test
2016-09-10 17:00:00,2016-09-10 18:00:00,h1,1,Beijing,XGBoost,17.166667,19.921995162963867,test
2016-09-10 18:00:00,2016-09-10 19:00:00,h1,1,Beijing,XGBoost,21.583333,20.194622039794922,test
2016-09-10 19:00:00,2016-09-10 20:00:00,h1,1,Beijing,XGBoost,25.75,25.218931198120117,test
2016-09-10 20:00:00,2016-09-10 21:00:00,h1,1,Beijing,XGBoost,31.166667,29.332189559936523,test
2016-09-10 21:00:00,2016-09-10 22:00:00,h1,1,Beijing,XGBoost,32.5,32.84611892700195,test
2016-09-10 22:00:00,2016-09-10 23:00:00,h1,1,Beijing,XGBoost,36.25,34.62662887573242,test
2016-09-10 23:00:00,2016-09-11 00:00:00,h1,1,Beijing,XGBoost,47.333333,37.69157409667969,test
2016-09-11 00:00:00,2016-09-11 01:00:00,h1,1,Beijing,XGBoost,72.083333,53.34972381591797,test
2016-09-11 01:00:00,2016-09-11 02:00:00,h1,1,Beijing,XGBoost,85.083333,82.50362396240234,test
2016-09-11 02:00:00,2016-09-11 03:00:00,h1,1,Beijing,XGBoost,53.583333,88.11648559570312,test
2016-09-11 03:00:00,2016-09-11 04:00:00,h1,1,Beijing,XGBoost,23.25,24.64006805419922,test
2016-09-11 04:00:00,2016-09-11 05:00:00,h1,1,Beijing,XGBoost,20.333333,16.255632400512695,test
2016-09-11 05:00:00,2016-09-11 06:00:00,h1,1,Beijing,XGBoost,24.25,18.686620712280273,test
2016-09-11 06:00:00,2016-09-11 07:00:00,h1,1,Beijing,XGBoost,29.25,25.898075103759766,test
2016-09-11 07:00:00,2016-09-11 08:00:00,h1,1,Beijing,XGBoost,29.583333,32.89397048950195,test
2016-09-11 08:00:00,2016-09-11 09:00:00,h1,1,Beijing,XGBoost,28.666667,33.08928680419922,test
2016-09-11 09:00:00,2016-09-11 10:00:00,h1,1,Beijing,XGBoost,25.0,30.595172882080078,test
2016-09-11 10:00:00,2016-09-11 11:00:00,h1,1,Beijing,XGBoost,21.0,24.24774169921875,test
2016-09-11 11:00:00,2016-09-11 12:00:00,h1,1,Beijing,XGBoost,20.166667,20.03802490234375,test
2016-09-11 12:00:00,2016-09-11 13:00:00,h1,1,Beijing,XGBoost,19.75,19.315027236938477,test
2016-09-11 13:00:00,2016-09-11 14:00:00,h1,1,Beijing,XGBoost,20.166667,19.53169059753418,test
2016-09-11 14:00:00,2016-09-11 15:00:00,h1,1,Beijing,XGBoost,23.25,20.748764038085938,test
2016-09-11 15:00:00,2016-09-11 16:00:00,h1,1,Beijing,XGBoost,24.083333,25.883201599121094,test
2016-09-11 16:00:00,2016-09-11 17:00:00,h1,1,Beijing,XGBoost,26.5,23.673940658569336,test
2016-09-11 17:00:00,2016-09-11 18:00:00,h1,1,Beijing,XGBoost,28.166667,30.14619255065918,test
2016-09-11 18:00:00,2016-09-11 19:00:00,h1,1,Beijing,XGBoost,30.833333,28.72354507446289,test
2016-09-11 19:00:00,2016-09-11 20:00:00,h1,1,Beijing,XGBoost,34.166667,35.2545166015625,test
2016-09-11 20:00:00,2016-09-11 21:00:00,h1,1,Beijing,XGBoost,32.0,36.332462310791016,test
2016-09-11 21:00:00,2016-09-11 22:00:00,h1,1,Beijing,XGBoost,30.083333,32.050785064697266,test
2016-09-11 22:00:00,2016-09-11 23:00:00,h1,1,Beijing,XGBoost,27.083333,30.269067764282227,test
2016-09-11 23:00:00,2016-09-12 00:00:00,h1,1,Beijing,XGBoost,50.833333,26.144132614135742,test
2016-09-13 00:00:00,2016-09-13 01:00:00,h1,1,Beijing,XGBoost,49.916667,62.23146438598633,test
2016-09-13 01:00:00,2016-09-13 02:00:00,h1,1,Beijing,XGBoost,54.5,50.63788986206055,test
2016-09-13 02:00:00,2016-09-13 03:00:00,h1,1,Beijing,XGBoost,59.333333,55.94480514526367,test
2016-09-13 03:00:00,2016-09-13 04:00:00,h1,1,Beijing,XGBoost,60.916667,62.061744689941406,test
2016-09-13 04:00:00,2016-09-13 05:00:00,h1,1,Beijing,XGBoost,63.583333,62.92384719848633,test
2016-09-13 05:00:00,2016-09-13 06:00:00,h1,1,Beijing,XGBoost,63.083333,65.06686401367188,test
2016-09-13 06:00:00,2016-09-13 07:00:00,h1,1,Beijing,XGBoost,67.083333,63.650543212890625,test
2016-09-13 07:00:00,2016-09-13 08:00:00,h1,1,Beijing,XGBoost,79.666667,72.51875305175781,test
2016-09-13 08:00:00,2016-09-13 09:00:00,h1,1,Beijing,XGBoost,98.0,89.85399627685547,test
2016-09-13 09:00:00,2016-09-13 10:00:00,h1,1,Beijing,XGBoost,109.416667,111.32344055175781,test
2016-09-13 10:00:00,2016-09-13 11:00:00,h1,1,Beijing,XGBoost,117.166667,114.70404815673828,test
2016-09-13 11:00:00,2016-09-13 12:00:00,h1,1,Beijing,XGBoost,121.416667,122.605224609375,test
2016-09-13 12:00:00,2016-09-13 13:00:00,h1,1,Beijing,XGBoost,125.916667,124.9081802368164,test
2016-09-13 13:00:00,2016-09-13 14:00:00,h1,1,Beijing,XGBoost,115.25,128.7919158935547,test
2016-09-13 14:00:00,2016-09-13 15:00:00,h1,1,Beijing,XGBoost,109.666667,110.26957702636719,test
2016-09-13 15:00:00,2016-09-13 16:00:00,h1,1,Beijing,XGBoost,100.75,106.59952545166016,test
2016-09-13 16:00:00,2016-09-13 17:00:00,h1,1,Beijing,XGBoost,97.666667,93.4310531616211,test
2016-09-13 17:00:00,2016-09-13 18:00:00,h1,1,Beijing,XGBoost,88.0,95.1426773071289,test
2016-09-13 18:00:00,2016-09-13 19:00:00,h1,1,Beijing,XGBoost,84.666667,84.04243469238281,test
2016-09-13 19:00:00,2016-09-13 20:00:00,h1,1,Beijing,XGBoost,85.666667,83.68055725097656,test
2016-09-13 20:00:00,2016-09-13 21:00:00,h1,1,Beijing,XGBoost,89.25,89.78475189208984,test
2016-09-13 21:00:00,2016-09-13 22:00:00,h1,1,Beijing,XGBoost,94.083333,91.01799011230469,test
2016-09-13 22:00:00,2016-09-13 23:00:00,h1,1,Beijing,XGBoost,96.0,96.75923156738281,test
2016-09-13 23:00:00,2016-09-14 00:00:00,h1,1,Beijing,XGBoost,54.166667,96.52094268798828,test
2016-09-17 00:00:00,2016-09-17 01:00:00,h1,1,Beijing,XGBoost,62.833333,43.95907974243164,test
2016-09-17 01:00:00,2016-09-17 02:00:00,h1,1,Beijing,XGBoost,66.0,66.48648834228516,test
2016-09-17 02:00:00,2016-09-17 03:00:00,h1,1,Beijing,XGBoost,64.583333,69.7707748413086,test
2016-09-17 03:00:00,2016-09-17 04:00:00,h1,1,Beijing,XGBoost,62.5,62.686798095703125,test
2016-09-17 04:00:00,2016-09-17 05:00:00,h1,1,Beijing,XGBoost,64.25,61.8229866027832,test
2016-09-17 05:00:00,2016-09-17 06:00:00,h1,1,Beijing,XGBoost,68.166667,66.48661041259766,test
2016-09-17 06:00:00,2016-09-17 07:00:00,h1,1,Beijing,XGBoost,67.333333,71.52015686035156,test
2016-09-17 07:00:00,2016-09-17 08:00:00,h1,1,Beijing,XGBoost,49.166667,67.89176940917969,test
2016-09-17 08:00:00,2016-09-17 09:00:00,h1,1,Beijing,XGBoost,37.583333,44.466983795166016,test
2016-09-17 09:00:00,2016-09-17 10:00:00,h1,1,Beijing,XGBoost,36.666667,34.484832763671875,test
2016-09-17 10:00:00,2016-09-17 11:00:00,h1,1,Beijing,XGBoost,34.416667,36.002647399902344,test
2016-09-17 11:00:00,2016-09-17 12:00:00,h1,1,Beijing,XGBoost,29.583333,33.36039733886719,test
2016-09-17 12:00:00,2016-09-17 13:00:00,h1,1,Beijing,XGBoost,26.083333,27.609664916992188,test
2016-09-17 13:00:00,2016-09-17 14:00:00,h1,1,Beijing,XGBoost,24.5,25.067167282104492,test
2016-09-17 14:00:00,2016-09-17 15:00:00,h1,1,Beijing,XGBoost,23.25,23.323606491088867,test
2016-09-17 15:00:00,2016-09-17 16:00:00,h1,1,Beijing,XGBoost,26.083333,24.473051071166992,test
2016-09-17 16:00:00,2016-09-17 17:00:00,h1,1,Beijing,XGBoost,28.75,29.621658325195312,test
2016-09-17 17:00:00,2016-09-17 18:00:00,h1,1,Beijing,XGBoost,27.25,32.65580749511719,test
2016-09-17 18:00:00,2016-09-17 19:00:00,h1,1,Beijing,XGBoost,28.833333,30.449865341186523,test
2016-09-17 19:00:00,2016-09-17 20:00:00,h1,1,Beijing,XGBoost,28.166667,32.215980529785156,test
2016-09-17 20:00:00,2016-09-17 21:00:00,h1,1,Beijing,XGBoost,28.333333,28.433752059936523,test
2016-09-17 21:00:00,2016-09-17 22:00:00,h1,1,Beijing,XGBoost,28.75,29.253873825073242,test
2016-09-17 22:00:00,2016-09-17 23:00:00,h1,1,Beijing,XGBoost,28.916667,29.820026397705078,test
2016-09-17 23:00:00,2016-09-18 00:00:00,h1,1,Beijing,XGBoost,92.833333,29.425399780273438,test
2016-09-22 00:00:00,2016-09-22 01:00:00,h1,1,Beijing,XGBoost,95.5,103.28858184814453,test
2016-09-22 01:00:00,2016-09-22 02:00:00,h1,1,Beijing,XGBoost,95.166667,94.84190368652344,test
2016-09-22 02:00:00,2016-09-22 03:00:00,h1,1,Beijing,XGBoost,92.041667,92.36409759521484,test
2016-09-22 03:00:00,2016-09-22 04:00:00,h1,1,Beijing,XGBoost,88.416667,88.3653335571289,test
2016-09-22 04:00:00,2016-09-22 05:00:00,h1,1,Beijing,XGBoost,84.666667,85.23587036132812,test
2016-09-22 05:00:00,2016-09-22 06:00:00,h1,1,Beijing,XGBoost,85.833333,81.46224212646484,test
2016-09-22 06:00:00,2016-09-22 07:00:00,h1,1,Beijing,XGBoost,85.333333,87.17317962646484,test
2016-09-22 07:00:00,2016-09-22 08:00:00,h1,1,Beijing,XGBoost,86.583333,84.49932098388672,test
2016-09-22 08:00:00,2016-09-22 09:00:00,h1,1,Beijing,XGBoost,82.986111,89.21944427490234,test
2016-09-22 09:00:00,2016-09-22 10:00:00,h1,1,Beijing,XGBoost,80.638889,80.82720947265625,test
2016-09-22 10:00:00,2016-09-22 11:00:00,h1,1,Beijing,XGBoost,84.841667,77.6102523803711,test
2016-09-22 11:00:00,2016-09-22 12:00:00,h1,1,Beijing,XGBoost,88.6,88.03480529785156,test
2016-09-22 12:00:00,2016-09-22 13:00:00,h1,1,Beijing,XGBoost,97.316667,91.98247528076172,test
2016-09-22 13:00:00,2016-09-22 14:00:00,h1,1,Beijing,XGBoost,100.95,102.73429107666016,test
2016-09-22 14:00:00,2016-09-22 15:00:00,h1,1,Beijing,XGBoost,103.083333,101.46862030029297,test
2016-09-22 15:00:00,2016-09-22 16:00:00,h1,1,Beijing,XGBoost,109.666667,103.73638153076172,test
2016-09-22 16:00:00,2016-09-22 17:00:00,h1,1,Beijing,XGBoost,115.583333,114.06061553955078,test
2016-09-22 17:00:00,2016-09-22 18:00:00,h1,1,Beijing,XGBoost,116.166667,122.74964141845703,test
2016-09-22 18:00:00,2016-09-22 19:00:00,h1,1,Beijing,XGBoost,117.75,118.2386245727539,test
2016-09-22 19:00:00,2016-09-22 20:00:00,h1,1,Beijing,XGBoost,122.666667,121.25811004638672,test
2016-09-22 20:00:00,2016-09-22 21:00:00,h1,1,Beijing,XGBoost,123.916667,126.1072769165039,test
2016-09-22 21:00:00,2016-09-22 22:00:00,h1,1,Beijing,XGBoost,126.791667,124.1621322631836,test
2016-09-22 22:00:00,2016-09-22 23:00:00,h1,1,Beijing,XGBoost,126.333333,129.23802185058594,test
2016-09-22 23:00:00,2016-09-23 00:00:00,h1,1,Beijing,XGBoost,156.083333,125.83177947998047,test
2016-09-24 00:00:00,2016-09-24 01:00:00,h1,1,Beijing,XGBoost,137.75,163.0315704345703,test
2016-09-24 01:00:00,2016-09-24 02:00:00,h1,1,Beijing,XGBoost,77.916667,126.13603210449219,test
2016-09-24 02:00:00,2016-09-24 03:00:00,h1,1,Beijing,XGBoost,35.083333,36.27275085449219,test
2016-09-24 03:00:00,2016-09-24 04:00:00,h1,1,Beijing,XGBoost,34.5,23.83182716369629,test
2016-09-24 04:00:00,2016-09-24 05:00:00,h1,1,Beijing,XGBoost,32.5,33.807655334472656,test
2016-09-24 05:00:00,2016-09-24 06:00:00,h1,1,Beijing,XGBoost,30.666667,32.8372917175293,test
2016-09-24 06:00:00,2016-09-24 07:00:00,h1,1,Beijing,XGBoost,30.666667,30.488258361816406,test
2016-09-24 07:00:00,2016-09-24 08:00:00,h1,1,Beijing,XGBoost,32.666667,33.18082046508789,test
2016-09-24 08:00:00,2016-09-24 09:00:00,h1,1,Beijing,XGBoost,42.916667,37.10972213745117,test
2016-09-24 09:00:00,2016-09-24 10:00:00,h1,1,Beijing,XGBoost,49.666667,50.96726608276367,test
2016-09-24 10:00:00,2016-09-24 11:00:00,h1,1,Beijing,XGBoost,63.666667,54.14570617675781,test
2016-09-24 11:00:00,2016-09-24 12:00:00,h1,1,Beijing,XGBoost,87.166667,75.97965240478516,test
2016-09-24 12:00:00,2016-09-24 13:00:00,h1,1,Beijing,XGBoost,108.625,90.79790496826172,test
2016-09-24 13:00:00,2016-09-24 14:00:00,h1,1,Beijing,XGBoost,128.583333,118.49234771728516,test
2016-09-24 14:00:00,2016-09-24 15:00:00,h1,1,Beijing,XGBoost,142.416667,137.4453125,test
2016-09-24 15:00:00,2016-09-24 16:00:00,h1,1,Beijing,XGBoost,153.583333,146.0598602294922,test
2016-09-24 16:00:00,2016-09-24 17:00:00,h1,1,Beijing,XGBoost,164.666667,163.13522338867188,test
2016-09-24 17:00:00,2016-09-24 18:00:00,h1,1,Beijing,XGBoost,174.833333,175.97787475585938,test
2016-09-24 18:00:00,2016-09-24 19:00:00,h1,1,Beijing,XGBoost,187.833333,176.05096435546875,test
2016-09-24 19:00:00,2016-09-24 20:00:00,h1,1,Beijing,XGBoost,200.666667,196.6890411376953,test
2016-09-24 20:00:00,2016-09-24 21:00:00,h1,1,Beijing,XGBoost,206.333333,212.04859924316406,test
2016-09-24 21:00:00,2016-09-24 22:00:00,h1,1,Beijing,XGBoost,206.333333,203.5635986328125,test
2016-09-24 22:00:00,2016-09-24 23:00:00,h1,1,Beijing,XGBoost,212.583333,194.94053649902344,test
2016-09-24 23:00:00,2016-09-25 00:00:00,h1,1,Beijing,XGBoost,93.0,167.7751007080078,test
2016-09-26 00:00:00,2016-09-26 01:00:00,h1,1,Beijing,XGBoost,88.0,58.15913391113281,test
2016-09-26 01:00:00,2016-09-26 02:00:00,h1,1,Beijing,XGBoost,83.833333,66.51677703857422,test
2016-09-26 02:00:00,2016-09-26 03:00:00,h1,1,Beijing,XGBoost,49.833333,77.19615936279297,test
2016-09-26 03:00:00,2016-09-26 04:00:00,h1,1,Beijing,XGBoost,30.166667,33.9118537902832,test
2016-09-26 04:00:00,2016-09-26 05:00:00,h1,1,Beijing,XGBoost,20.666667,21.54397201538086,test
2016-09-26 05:00:00,2016-09-26 06:00:00,h1,1,Beijing,XGBoost,24.333333,16.726266860961914,test
2016-09-26 06:00:00,2016-09-26 07:00:00,h1,1,Beijing,XGBoost,29.333333,23.551860809326172,test
2016-09-26 07:00:00,2016-09-26 08:00:00,h1,1,Beijing,XGBoost,33.5,33.112876892089844,test
2016-09-26 08:00:00,2016-09-26 09:00:00,h1,1,Beijing,XGBoost,34.0,35.25960922241211,test
2016-09-26 09:00:00,2016-09-26 10:00:00,h1,1,Beijing,XGBoost,35.666667,35.20765686035156,test
2016-09-26 10:00:00,2016-09-26 11:00:00,h1,1,Beijing,XGBoost,40.416667,34.82023620605469,test
2016-09-26 11:00:00,2016-09-26 12:00:00,h1,1,Beijing,XGBoost,44.791667,41.16592025756836,test
2016-09-26 12:00:00,2016-09-26 13:00:00,h1,1,Beijing,XGBoost,48.5,47.739463806152344,test
2016-09-26 13:00:00,2016-09-26 14:00:00,h1,1,Beijing,XGBoost,52.25,53.354888916015625,test
2016-09-26 14:00:00,2016-09-26 15:00:00,h1,1,Beijing,XGBoost,53.416667,54.65115737915039,test
2016-09-26 15:00:00,2016-09-26 16:00:00,h1,1,Beijing,XGBoost,64.583333,56.13508605957031,test
2016-09-26 16:00:00,2016-09-26 17:00:00,h1,1,Beijing,XGBoost,73.916667,72.25241088867188,test
2016-09-26 17:00:00,2016-09-26 18:00:00,h1,1,Beijing,XGBoost,73.5,82.49345397949219,test
2016-09-26 18:00:00,2016-09-26 19:00:00,h1,1,Beijing,XGBoost,77.75,73.73890686035156,test
2016-09-26 19:00:00,2016-09-26 20:00:00,h1,1,Beijing,XGBoost,85.083333,81.93824768066406,test
2016-09-26 20:00:00,2016-09-26 21:00:00,h1,1,Beijing,XGBoost,88.833333,84.1249008178711,test
2016-09-26 21:00:00,2016-09-26 22:00:00,h1,1,Beijing,XGBoost,94.583333,85.41703033447266,test
2016-09-26 22:00:00,2016-09-26 23:00:00,h1,1,Beijing,XGBoost,88.75,93.99076080322266,test
2016-09-26 23:00:00,2016-09-27 00:00:00,h1,1,Beijing,XGBoost,83.666667,84.85029602050781,test
2016-09-27 00:00:00,2016-09-27 01:00:00,h1,1,Beijing,XGBoost,85.25,75.56745910644531,test
2016-09-27 01:00:00,2016-09-27 02:00:00,h1,1,Beijing,XGBoost,83.166667,86.44178009033203,test
2016-09-27 02:00:00,2016-09-27 03:00:00,h1,1,Beijing,XGBoost,78.666667,80.31382751464844,test
2016-09-27 03:00:00,2016-09-27 04:00:00,h1,1,Beijing,XGBoost,62.833333,70.93018341064453,test
2016-09-27 04:00:00,2016-09-27 05:00:00,h1,1,Beijing,XGBoost,29.75,43.21870040893555,test
2016-09-27 05:00:00,2016-09-27 06:00:00,h1,1,Beijing,XGBoost,16.833333,12.470620155334473,test
2016-09-27 06:00:00,2016-09-27 07:00:00,h1,1,Beijing,XGBoost,12.083333,13.362090110778809,test
2016-09-27 07:00:00,2016-09-27 08:00:00,h1,1,Beijing,XGBoost,11.916667,11.855079650878906,test
2016-09-27 08:00:00,2016-09-27 09:00:00,h1,1,Beijing,XGBoost,8.75,11.116119384765625,test
2016-09-27 09:00:00,2016-09-27 10:00:00,h1,1,Beijing,XGBoost,7.916667,8.592103004455566,test
2016-09-27 10:00:00,2016-09-27 11:00:00,h1,1,Beijing,XGBoost,6.75,7.922843933105469,test
2016-09-27 11:00:00,2016-09-27 12:00:00,h1,1,Beijing,XGBoost,7.25,6.779649257659912,test
2016-09-27 12:00:00,2016-09-27 13:00:00,h1,1,Beijing,XGBoost,7.25,7.604072570800781,test
2016-09-27 13:00:00,2016-09-27 14:00:00,h1,1,Beijing,XGBoost,6.666667,7.181692123413086,test
2016-09-27 14:00:00,2016-09-27 15:00:00,h1,1,Beijing,XGBoost,6.75,6.771003246307373,test
2016-09-27 15:00:00,2016-09-27 16:00:00,h1,1,Beijing,XGBoost,9.625,7.1778106689453125,test
2016-09-27 16:00:00,2016-09-27 17:00:00,h1,1,Beijing,XGBoost,11.75,10.593022346496582,test
2016-09-27 17:00:00,2016-09-27 18:00:00,h1,1,Beijing,XGBoost,12.75,12.3116455078125,test
2016-09-27 18:00:00,2016-09-27 19:00:00,h1,1,Beijing,XGBoost,10.583333,13.782693862915039,test
2016-09-27 19:00:00,2016-09-27 20:00:00,h1,1,Beijing,XGBoost,10.083333,9.88880443572998,test
2016-09-27 20:00:00,2016-09-27 21:00:00,h1,1,Beijing,XGBoost,12.083333,9.27359390258789,test
2016-09-27 21:00:00,2016-09-27 22:00:00,h1,1,Beijing,XGBoost,12.833333,10.553701400756836,test
2016-09-27 22:00:00,2016-09-27 23:00:00,h1,1,Beijing,XGBoost,10.5,13.15677261352539,test
2016-09-27 23:00:00,2016-09-28 00:00:00,h1,1,Beijing,XGBoost,11.333333,10.114476203918457,test
2016-09-28 00:00:00,2016-09-28 01:00:00,h1,1,Beijing,XGBoost,12.0,11.172285079956055,test
2016-09-28 01:00:00,2016-09-28 02:00:00,h1,1,Beijing,XGBoost,9.5,11.547450065612793,test
2016-09-28 02:00:00,2016-09-28 03:00:00,h1,1,Beijing,XGBoost,9.75,8.941922187805176,test
2016-09-28 03:00:00,2016-09-28 04:00:00,h1,1,Beijing,XGBoost,9.333333,8.348360061645508,test
2016-09-28 04:00:00,2016-09-28 05:00:00,h1,1,Beijing,XGBoost,8.333333,8.568330764770508,test
2016-09-28 05:00:00,2016-09-28 06:00:00,h1,1,Beijing,XGBoost,8.916667,8.244483947753906,test
2016-09-28 06:00:00,2016-09-28 07:00:00,h1,1,Beijing,XGBoost,10.416667,9.026164054870605,test
2016-09-28 07:00:00,2016-09-28 08:00:00,h1,1,Beijing,XGBoost,10.833333,11.470843315124512,test
2016-09-28 08:00:00,2016-09-28 09:00:00,h1,1,Beijing,XGBoost,10.666667,10.25361442565918,test
2016-09-28 09:00:00,2016-09-28 10:00:00,h1,1,Beijing,XGBoost,8.361111,9.167749404907227,test
2016-09-28 10:00:00,2016-09-28 11:00:00,h1,1,Beijing,XGBoost,9.680556,7.664727687835693,test
2016-09-28 11:00:00,2016-09-28 12:00:00,h1,1,Beijing,XGBoost,9.833333,8.440864562988281,test
2016-09-28 12:00:00,2016-09-28 13:00:00,h1,1,Beijing,XGBoost,10.791667,11.524794578552246,test
2016-09-28 13:00:00,2016-09-28 14:00:00,h1,1,Beijing,XGBoost,10.583333,10.52184009552002,test
2016-09-28 14:00:00,2016-09-28 15:00:00,h1,1,Beijing,XGBoost,11.25,10.50989055633545,test
2016-09-28 15:00:00,2016-09-28 16:00:00,h1,1,Beijing,XGBoost,11.625,10.771062850952148,test
2016-09-28 16:00:00,2016-09-28 17:00:00,h1,1,Beijing,XGBoost,9.333333,12.148011207580566,test
2016-09-28 17:00:00,2016-09-28 18:00:00,h1,1,Beijing,XGBoost,11.916667,10.492192268371582,test
2016-09-28 18:00:00,2016-09-28 19:00:00,h1,1,Beijing,XGBoost,19.166667,12.840997695922852,test
2016-09-28 19:00:00,2016-09-28 20:00:00,h1,1,Beijing,XGBoost,25.083333,26.116662979125977,test
2016-09-28 20:00:00,2016-09-28 21:00:00,h1,1,Beijing,XGBoost,30.75,31.162992477416992,test
2016-09-28 21:00:00,2016-09-28 22:00:00,h1,1,Beijing,XGBoost,33.083333,32.86311340332031,test
2016-09-28 22:00:00,2016-09-28 23:00:00,h1,1,Beijing,XGBoost,39.5,36.03447723388672,test
2016-09-28 23:00:00,2016-09-29 00:00:00,h1,1,Beijing,XGBoost,133.583333,42.56608963012695,test
2016-10-01 00:00:00,2016-10-01 01:00:00,h1,1,Beijing,XGBoost,134.166667,161.53213500976562,test
2016-10-01 01:00:00,2016-10-01 02:00:00,h1,1,Beijing,XGBoost,137.0,129.1538848876953,test
2016-10-01 02:00:00,2016-10-01 03:00:00,h1,1,Beijing,XGBoost,144.5,126.29566192626953,test
2016-10-01 03:00:00,2016-10-01 04:00:00,h1,1,Beijing,XGBoost,150.833333,148.04379272460938,test
2016-10-01 04:00:00,2016-10-01 05:00:00,h1,1,Beijing,XGBoost,145.916667,163.07485961914062,test
2016-10-01 05:00:00,2016-10-01 06:00:00,h1,1,Beijing,XGBoost,146.666667,145.43753051757812,test
2016-10-01 06:00:00,2016-10-01 07:00:00,h1,1,Beijing,XGBoost,144.416667,149.2208251953125,test
2016-10-01 07:00:00,2016-10-01 08:00:00,h1,1,Beijing,XGBoost,147.416667,146.64239501953125,test
2016-10-01 08:00:00,2016-10-01 09:00:00,h1,1,Beijing,XGBoost,160.833333,152.77212524414062,test
2016-10-01 09:00:00,2016-10-01 10:00:00,h1,1,Beijing,XGBoost,180.333333,172.04928588867188,test
2016-10-01 10:00:00,2016-10-01 11:00:00,h1,1,Beijing,XGBoost,191.166667,189.41937255859375,test
2016-10-01 11:00:00,2016-10-01 12:00:00,h1,1,Beijing,XGBoost,198.75,195.9980010986328,test
2016-10-01 12:00:00,2016-10-01 13:00:00,h1,1,Beijing,XGBoost,201.333333,203.72850036621094,test
2016-10-01 13:00:00,2016-10-01 14:00:00,h1,1,Beijing,XGBoost,178.0,196.4628143310547,test
2016-10-01 14:00:00,2016-10-01 15:00:00,h1,1,Beijing,XGBoost,165.416667,138.7271270751953,test
2016-10-01 15:00:00,2016-10-01 16:00:00,h1,1,Beijing,XGBoost,167.083333,147.50119018554688,test
2016-10-01 16:00:00,2016-10-01 17:00:00,h1,1,Beijing,XGBoost,167.25,169.69752502441406,test
2016-10-01 17:00:00,2016-10-01 18:00:00,h1,1,Beijing,XGBoost,159.833333,168.65843200683594,test
2016-10-01 18:00:00,2016-10-01 19:00:00,h1,1,Beijing,XGBoost,164.75,161.14987182617188,test
2016-10-01 19:00:00,2016-10-01 20:00:00,h1,1,Beijing,XGBoost,179.666667,166.49888610839844,test
2016-10-01 20:00:00,2016-10-01 21:00:00,h1,1,Beijing,XGBoost,189.5,187.93218994140625,test
2016-10-01 21:00:00,2016-10-01 22:00:00,h1,1,Beijing,XGBoost,193.75,192.35043334960938,test
2016-10-01 22:00:00,2016-10-01 23:00:00,h1,1,Beijing,XGBoost,198.25,195.76275634765625,test
2016-10-01 23:00:00,2016-10-02 00:00:00,h1,1,Beijing,XGBoost,202.0,178.04197692871094,test
2016-10-02 00:00:00,2016-10-02 01:00:00,h1,1,Beijing,XGBoost,200.333333,191.25074768066406,test
2016-10-02 01:00:00,2016-10-02 02:00:00,h1,1,Beijing,XGBoost,199.083333,191.12808227539062,test
2016-10-02 02:00:00,2016-10-02 03:00:00,h1,1,Beijing,XGBoost,194.166667,196.93807983398438,test
2016-10-02 03:00:00,2016-10-02 04:00:00,h1,1,Beijing,XGBoost,187.75,189.7505645751953,test
2016-10-02 04:00:00,2016-10-02 05:00:00,h1,1,Beijing,XGBoost,177.5,177.74375915527344,test
2016-10-02 05:00:00,2016-10-02 06:00:00,h1,1,Beijing,XGBoost,171.416667,176.2322540283203,test
2016-10-02 06:00:00,2016-10-02 07:00:00,h1,1,Beijing,XGBoost,169.5,168.4158172607422,test
2016-10-02 07:00:00,2016-10-02 08:00:00,h1,1,Beijing,XGBoost,183.333333,173.3328094482422,test
2016-10-02 08:00:00,2016-10-02 09:00:00,h1,1,Beijing,XGBoost,187.833333,190.2830352783203,test
2016-10-02 09:00:00,2016-10-02 10:00:00,h1,1,Beijing,XGBoost,183.583333,189.2351837158203,test
2016-10-02 10:00:00,2016-10-02 11:00:00,h1,1,Beijing,XGBoost,184.75,182.76547241210938,test
2016-10-02 11:00:00,2016-10-02 12:00:00,h1,1,Beijing,XGBoost,184.166667,180.5216064453125,test
2016-10-02 12:00:00,2016-10-02 13:00:00,h1,1,Beijing,XGBoost,176.666667,182.93869018554688,test
2016-10-02 13:00:00,2016-10-02 14:00:00,h1,1,Beijing,XGBoost,175.666667,172.16038513183594,test
2016-10-02 14:00:00,2016-10-02 15:00:00,h1,1,Beijing,XGBoost,164.833333,177.95993041992188,test
2016-10-02 15:00:00,2016-10-02 16:00:00,h1,1,Beijing,XGBoost,159.083333,163.3101806640625,test
2016-10-02 16:00:00,2016-10-02 17:00:00,h1,1,Beijing,XGBoost,161.833333,158.320068359375,test
2016-10-02 17:00:00,2016-10-02 18:00:00,h1,1,Beijing,XGBoost,170.75,164.60487365722656,test
2016-10-02 18:00:00,2016-10-02 19:00:00,h1,1,Beijing,XGBoost,186.083333,182.0230712890625,test
2016-10-02 19:00:00,2016-10-02 20:00:00,h1,1,Beijing,XGBoost,201.583333,194.7685546875,test
2016-10-02 20:00:00,2016-10-02 21:00:00,h1,1,Beijing,XGBoost,211.25,204.58741760253906,test
2016-10-02 21:00:00,2016-10-02 22:00:00,h1,1,Beijing,XGBoost,210.333333,213.17820739746094,test
2016-10-02 22:00:00,2016-10-02 23:00:00,h1,1,Beijing,XGBoost,167.083333,206.5282745361328,test
2016-10-02 23:00:00,2016-10-03 00:00:00,h1,1,Beijing,XGBoost,136.333333,125.20944213867188,test
2016-10-03 00:00:00,2016-10-03 01:00:00,h1,1,Beijing,XGBoost,123.833333,120.27519226074219,test
2016-10-03 01:00:00,2016-10-03 02:00:00,h1,1,Beijing,XGBoost,119.0,113.114501953125,test
2016-10-03 02:00:00,2016-10-03 03:00:00,h1,1,Beijing,XGBoost,120.5,114.4970703125,test
2016-10-03 03:00:00,2016-10-03 04:00:00,h1,1,Beijing,XGBoost,123.333333,122.20711517333984,test
2016-10-03 04:00:00,2016-10-03 05:00:00,h1,1,Beijing,XGBoost,130.666667,125.89583587646484,test
2016-10-03 05:00:00,2016-10-03 06:00:00,h1,1,Beijing,XGBoost,132.666667,138.5120391845703,test
2016-10-03 06:00:00,2016-10-03 07:00:00,h1,1,Beijing,XGBoost,132.75,137.38291931152344,test
2016-10-03 07:00:00,2016-10-03 08:00:00,h1,1,Beijing,XGBoost,127.666667,135.18252563476562,test
2016-10-03 08:00:00,2016-10-03 09:00:00,h1,1,Beijing,XGBoost,134.5,126.26518249511719,test
2016-10-03 09:00:00,2016-10-03 10:00:00,h1,1,Beijing,XGBoost,153.083333,141.5400390625,test
2016-10-03 10:00:00,2016-10-03 11:00:00,h1,1,Beijing,XGBoost,158.666667,170.14889526367188,test
2016-10-03 11:00:00,2016-10-03 12:00:00,h1,1,Beijing,XGBoost,155.25,158.7757110595703,test
2016-10-03 12:00:00,2016-10-03 13:00:00,h1,1,Beijing,XGBoost,127.25,142.36203002929688,test
2016-10-03 13:00:00,2016-10-03 14:00:00,h1,1,Beijing,XGBoost,106.833333,101.65980529785156,test
2016-10-03 14:00:00,2016-10-03 15:00:00,h1,1,Beijing,XGBoost,80.333333,86.69529724121094,test
2016-10-03 15:00:00,2016-10-03 16:00:00,h1,1,Beijing,XGBoost,61.666667,67.91922760009766,test
2016-10-03 16:00:00,2016-10-03 17:00:00,h1,1,Beijing,XGBoost,63.666667,53.608680725097656,test
2016-10-03 17:00:00,2016-10-03 18:00:00,h1,1,Beijing,XGBoost,87.0,69.00565338134766,test
2016-10-03 18:00:00,2016-10-03 19:00:00,h1,1,Beijing,XGBoost,108.666667,103.04963684082031,test
2016-10-03 19:00:00,2016-10-03 20:00:00,h1,1,Beijing,XGBoost,114.25,126.03836822509766,test
2016-10-03 20:00:00,2016-10-03 21:00:00,h1,1,Beijing,XGBoost,121.583333,119.59170532226562,test
2016-10-03 21:00:00,2016-10-03 22:00:00,h1,1,Beijing,XGBoost,130.0,125.37120056152344,test
2016-10-03 22:00:00,2016-10-03 23:00:00,h1,1,Beijing,XGBoost,158.666667,131.66146850585938,test
2016-10-03 23:00:00,2016-10-04 00:00:00,h1,1,Beijing,XGBoost,88.166667,163.01832580566406,test
2016-10-06 00:00:00,2016-10-06 01:00:00,h1,1,Beijing,XGBoost,86.583333,63.281089782714844,test
2016-10-06 01:00:00,2016-10-06 02:00:00,h1,1,Beijing,XGBoost,85.25,71.7156982421875,test
2016-10-06 02:00:00,2016-10-06 03:00:00,h1,1,Beijing,XGBoost,80.5,89.81090545654297,test
2016-10-06 03:00:00,2016-10-06 04:00:00,h1,1,Beijing,XGBoost,83.666667,74.70247650146484,test
2016-10-06 04:00:00,2016-10-06 05:00:00,h1,1,Beijing,XGBoost,84.0,84.30917358398438,test
2016-10-06 05:00:00,2016-10-06 06:00:00,h1,1,Beijing,XGBoost,82.5,85.10334014892578,test
2016-10-06 06:00:00,2016-10-06 07:00:00,h1,1,Beijing,XGBoost,87.75,81.09906005859375,test
2016-10-06 07:00:00,2016-10-06 08:00:00,h1,1,Beijing,XGBoost,88.0,93.3792724609375,test
2016-10-06 08:00:00,2016-10-06 09:00:00,h1,1,Beijing,XGBoost,85.083333,88.95233917236328,test
2016-10-06 09:00:00,2016-10-06 10:00:00,h1,1,Beijing,XGBoost,77.916667,84.37503814697266,test
2016-10-06 10:00:00,2016-10-06 11:00:00,h1,1,Beijing,XGBoost,71.0,73.36117553710938,test
2016-10-06 11:00:00,2016-10-06 12:00:00,h1,1,Beijing,XGBoost,64.583333,64.77981567382812,test
2016-10-06 12:00:00,2016-10-06 13:00:00,h1,1,Beijing,XGBoost,60.25,59.938716888427734,test
2016-10-06 13:00:00,2016-10-06 14:00:00,h1,1,Beijing,XGBoost,58.583333,56.386695861816406,test
2016-10-06 14:00:00,2016-10-06 15:00:00,h1,1,Beijing,XGBoost,59.083333,57.25544357299805,test
2016-10-06 15:00:00,2016-10-06 16:00:00,h1,1,Beijing,XGBoost,56.75,60.53333282470703,test
2016-10-06 16:00:00,2016-10-06 17:00:00,h1,1,Beijing,XGBoost,59.416667,57.124691009521484,test
2016-10-06 17:00:00,2016-10-06 18:00:00,h1,1,Beijing,XGBoost,66.666667,63.58622360229492,test
2016-10-06 18:00:00,2016-10-06 19:00:00,h1,1,Beijing,XGBoost,71.833333,68.15744018554688,test
2016-10-06 19:00:00,2016-10-06 20:00:00,h1,1,Beijing,XGBoost,73.416667,70.36540222167969,test
2016-10-06 20:00:00,2016-10-06 21:00:00,h1,1,Beijing,XGBoost,67.0,73.28155517578125,test
2016-10-06 21:00:00,2016-10-06 22:00:00,h1,1,Beijing,XGBoost,52.75,58.7740478515625,test
2016-10-06 22:00:00,2016-10-06 23:00:00,h1,1,Beijing,XGBoost,48.583333,35.87434768676758,test
2016-10-06 23:00:00,2016-10-07 00:00:00,h1,1,Beijing,XGBoost,44.25,41.68750762939453,test
2016-10-07 00:00:00,2016-10-07 01:00:00,h1,1,Beijing,XGBoost,43.75,36.042510986328125,test
2016-10-07 01:00:00,2016-10-07 02:00:00,h1,1,Beijing,XGBoost,43.166667,40.71318435668945,test
2016-10-07 02:00:00,2016-10-07 03:00:00,h1,1,Beijing,XGBoost,40.583333,40.458316802978516,test
2016-10-07 03:00:00,2016-10-07 04:00:00,h1,1,Beijing,XGBoost,38.75,38.71324920654297,test
2016-10-07 04:00:00,2016-10-07 05:00:00,h1,1,Beijing,XGBoost,37.916667,36.874122619628906,test
2016-10-07 05:00:00,2016-10-07 06:00:00,h1,1,Beijing,XGBoost,36.916667,36.29307556152344,test
2016-10-07 06:00:00,2016-10-07 07:00:00,h1,1,Beijing,XGBoost,38.0,35.85702896118164,test
2016-10-07 07:00:00,2016-10-07 08:00:00,h1,1,Beijing,XGBoost,38.75,38.432315826416016,test
2016-10-07 08:00:00,2016-10-07 09:00:00,h1,1,Beijing,XGBoost,38.583333,39.9043083190918,test
2016-10-07 09:00:00,2016-10-07 10:00:00,h1,1,Beijing,XGBoost,40.5,39.09326171875,test
2016-10-07 10:00:00,2016-10-07 11:00:00,h1,1,Beijing,XGBoost,42.166667,39.689292907714844,test
2016-10-07 11:00:00,2016-10-07 12:00:00,h1,1,Beijing,XGBoost,40.5,41.66682434082031,test
2016-10-07 12:00:00,2016-10-07 13:00:00,h1,1,Beijing,XGBoost,38.833333,41.20892333984375,test
2016-10-07 13:00:00,2016-10-07 14:00:00,h1,1,Beijing,XGBoost,38.083333,38.264076232910156,test
2016-10-07 14:00:00,2016-10-07 15:00:00,h1,1,Beijing,XGBoost,39.333333,36.98296356201172,test
2016-10-07 15:00:00,2016-10-07 16:00:00,h1,1,Beijing,XGBoost,44.416667,40.5609016418457,test
2016-10-07 16:00:00,2016-10-07 17:00:00,h1,1,Beijing,XGBoost,42.5,47.52312088012695,test
2016-10-07 17:00:00,2016-10-07 18:00:00,h1,1,Beijing,XGBoost,45.0,44.521812438964844,test
2016-10-07 18:00:00,2016-10-07 19:00:00,h1,1,Beijing,XGBoost,47.75,48.314605712890625,test
2016-10-07 19:00:00,2016-10-07 20:00:00,h1,1,Beijing,XGBoost,49.25,51.779544830322266,test
2016-10-07 20:00:00,2016-10-07 21:00:00,h1,1,Beijing,XGBoost,43.583333,50.69605255126953,test
2016-10-07 21:00:00,2016-10-07 22:00:00,h1,1,Beijing,XGBoost,25.75,41.02240753173828,test
2016-10-07 22:00:00,2016-10-07 23:00:00,h1,1,Beijing,XGBoost,14.666667,16.731571197509766,test
2016-10-07 23:00:00,2016-10-08 00:00:00,h1,1,Beijing,XGBoost,250.333333,12.442874908447266,test
2016-10-15 00:00:00,2016-10-15 01:00:00,h1,1,Beijing,XGBoost,228.416667,148.46275329589844,test
2016-10-15 01:00:00,2016-10-15 02:00:00,h1,1,Beijing,XGBoost,221.291667,158.28750610351562,test
2016-10-15 02:00:00,2016-10-15 03:00:00,h1,1,Beijing,XGBoost,214.166667,195.5832977294922,test
2016-10-15 03:00:00,2016-10-15 04:00:00,h1,1,Beijing,XGBoost,210.5,189.69309997558594,test
2016-10-15 04:00:00,2016-10-15 05:00:00,h1,1,Beijing,XGBoost,204.666667,202.38832092285156,test
2016-10-15 05:00:00,2016-10-15 06:00:00,h1,1,Beijing,XGBoost,194.125,182.3855438232422,test
2016-10-15 06:00:00,2016-10-15 07:00:00,h1,1,Beijing,XGBoost,178.5,177.37643432617188,test
2016-10-15 07:00:00,2016-10-15 08:00:00,h1,1,Beijing,XGBoost,160.416667,166.8469696044922,test
2016-10-15 08:00:00,2016-10-15 09:00:00,h1,1,Beijing,XGBoost,161.166667,148.05712890625,test
2016-10-15 09:00:00,2016-10-15 10:00:00,h1,1,Beijing,XGBoost,172.416667,162.69822692871094,test
2016-10-15 10:00:00,2016-10-15 11:00:00,h1,1,Beijing,XGBoost,183.666667,178.29638671875,test
2016-10-15 11:00:00,2016-10-15 12:00:00,h1,1,Beijing,XGBoost,182.5,191.4253692626953,test
2016-10-15 12:00:00,2016-10-15 13:00:00,h1,1,Beijing,XGBoost,183.708333,184.6732635498047,test
2016-10-15 13:00:00,2016-10-15 14:00:00,h1,1,Beijing,XGBoost,188.916667,183.4712371826172,test
2016-10-15 14:00:00,2016-10-15 15:00:00,h1,1,Beijing,XGBoost,189.0,191.6904754638672,test
2016-10-15 15:00:00,2016-10-15 16:00:00,h1,1,Beijing,XGBoost,185.333333,191.6959228515625,test
2016-10-15 16:00:00,2016-10-15 17:00:00,h1,1,Beijing,XGBoost,184.916667,185.98133850097656,test
2016-10-15 17:00:00,2016-10-15 18:00:00,h1,1,Beijing,XGBoost,183.416667,187.65052795410156,test
2016-10-15 18:00:00,2016-10-15 19:00:00,h1,1,Beijing,XGBoost,186.75,188.77783203125,test
2016-10-15 19:00:00,2016-10-15 20:00:00,h1,1,Beijing,XGBoost,187.25,191.5565948486328,test
2016-10-15 20:00:00,2016-10-15 21:00:00,h1,1,Beijing,XGBoost,183.833333,188.67721557617188,test
2016-10-15 21:00:00,2016-10-15 22:00:00,h1,1,Beijing,XGBoost,179.583333,182.18699645996094,test
2016-10-15 22:00:00,2016-10-15 23:00:00,h1,1,Beijing,XGBoost,173.25,177.44129943847656,test
2016-10-15 23:00:00,2016-10-16 00:00:00,h1,1,Beijing,XGBoost,170.75,157.24270629882812,test
2016-10-16 00:00:00,2016-10-16 01:00:00,h1,1,Beijing,XGBoost,150.416667,157.47032165527344,test
2016-10-16 01:00:00,2016-10-16 02:00:00,h1,1,Beijing,XGBoost,139.333333,141.31796264648438,test
2016-10-16 02:00:00,2016-10-16 03:00:00,h1,1,Beijing,XGBoost,127.083333,126.86455535888672,test
2016-10-16 03:00:00,2016-10-16 04:00:00,h1,1,Beijing,XGBoost,120.5,107.9144515991211,test
2016-10-16 04:00:00,2016-10-16 05:00:00,h1,1,Beijing,XGBoost,118.166667,110.83865356445312,test
2016-10-16 05:00:00,2016-10-16 06:00:00,h1,1,Beijing,XGBoost,117.166667,112.07490539550781,test
2016-10-16 06:00:00,2016-10-16 07:00:00,h1,1,Beijing,XGBoost,115.916667,119.38936614990234,test
2016-10-16 07:00:00,2016-10-16 08:00:00,h1,1,Beijing,XGBoost,117.083333,120.50150299072266,test
2016-10-16 08:00:00,2016-10-16 09:00:00,h1,1,Beijing,XGBoost,123.916667,120.05242919921875,test
2016-10-16 09:00:00,2016-10-16 10:00:00,h1,1,Beijing,XGBoost,136.583333,132.28521728515625,test
2016-10-16 10:00:00,2016-10-16 11:00:00,h1,1,Beijing,XGBoost,141.666667,148.75778198242188,test
2016-10-16 11:00:00,2016-10-16 12:00:00,h1,1,Beijing,XGBoost,135.916667,148.00135803222656,test
2016-10-16 12:00:00,2016-10-16 13:00:00,h1,1,Beijing,XGBoost,125.583333,133.2686309814453,test
2016-10-16 13:00:00,2016-10-16 14:00:00,h1,1,Beijing,XGBoost,110.75,121.26940155029297,test
2016-10-16 14:00:00,2016-10-16 15:00:00,h1,1,Beijing,XGBoost,99.083333,105.20307922363281,test
2016-10-16 15:00:00,2016-10-16 16:00:00,h1,1,Beijing,XGBoost,93.583333,92.67877960205078,test
2016-10-16 16:00:00,2016-10-16 17:00:00,h1,1,Beijing,XGBoost,90.75,90.62084197998047,test
2016-10-16 17:00:00,2016-10-16 18:00:00,h1,1,Beijing,XGBoost,93.75,91.16507720947266,test
2016-10-16 18:00:00,2016-10-16 19:00:00,h1,1,Beijing,XGBoost,100.916667,100.96687316894531,test
2016-10-16 19:00:00,2016-10-16 20:00:00,h1,1,Beijing,XGBoost,107.833333,110.88214111328125,test
2016-10-16 20:00:00,2016-10-16 21:00:00,h1,1,Beijing,XGBoost,113.166667,111.15480041503906,test
2016-10-16 21:00:00,2016-10-16 22:00:00,h1,1,Beijing,XGBoost,119.75,117.20875549316406,test
2016-10-16 22:00:00,2016-10-16 23:00:00,h1,1,Beijing,XGBoost,118.416667,123.72919464111328,test
2016-10-16 23:00:00,2016-10-17 00:00:00,h1,1,Beijing,XGBoost,118.583333,116.21170806884766,test
2016-10-17 00:00:00,2016-10-17 01:00:00,h1,1,Beijing,XGBoost,113.0,117.7442398071289,test
2016-10-17 01:00:00,2016-10-17 02:00:00,h1,1,Beijing,XGBoost,105.25,108.1225814819336,test
2016-10-17 02:00:00,2016-10-17 03:00:00,h1,1,Beijing,XGBoost,94.916667,100.85543060302734,test
2016-10-17 03:00:00,2016-10-17 04:00:00,h1,1,Beijing,XGBoost,84.916667,89.85968017578125,test
2016-10-17 04:00:00,2016-10-17 05:00:00,h1,1,Beijing,XGBoost,69.166667,80.1507797241211,test
2016-10-17 05:00:00,2016-10-17 06:00:00,h1,1,Beijing,XGBoost,48.083333,56.27949905395508,test
2016-10-17 06:00:00,2016-10-17 07:00:00,h1,1,Beijing,XGBoost,51.083333,33.08547592163086,test
2016-10-17 07:00:00,2016-10-17 08:00:00,h1,1,Beijing,XGBoost,54.833333,54.083282470703125,test
2016-10-17 08:00:00,2016-10-17 09:00:00,h1,1,Beijing,XGBoost,53.25,58.907466888427734,test
2016-10-17 09:00:00,2016-10-17 10:00:00,h1,1,Beijing,XGBoost,39.541667,51.92136001586914,test
2016-10-17 10:00:00,2016-10-17 11:00:00,h1,1,Beijing,XGBoost,26.5,29.235912322998047,test
2016-10-17 11:00:00,2016-10-17 12:00:00,h1,1,Beijing,XGBoost,27.25,17.601205825805664,test
2016-10-17 12:00:00,2016-10-17 13:00:00,h1,1,Beijing,XGBoost,25.5,26.148475646972656,test
2016-10-17 13:00:00,2016-10-17 14:00:00,h1,1,Beijing,XGBoost,24.5,26.722118377685547,test
2016-10-17 14:00:00,2016-10-17 15:00:00,h1,1,Beijing,XGBoost,25.916667,24.038619995117188,test
2016-10-17 15:00:00,2016-10-17 16:00:00,h1,1,Beijing,XGBoost,32.833333,26.862972259521484,test
2016-10-17 16:00:00,2016-10-17 17:00:00,h1,1,Beijing,XGBoost,40.166667,38.793190002441406,test
2016-10-17 17:00:00,2016-10-17 18:00:00,h1,1,Beijing,XGBoost,43.5,47.637088775634766,test
2016-10-17 18:00:00,2016-10-17 19:00:00,h1,1,Beijing,XGBoost,52.416667,51.560935974121094,test
2016-10-17 19:00:00,2016-10-17 20:00:00,h1,1,Beijing,XGBoost,57.083333,62.48365783691406,test
2016-10-17 20:00:00,2016-10-17 21:00:00,h1,1,Beijing,XGBoost,70.583333,61.452659606933594,test
2016-10-17 21:00:00,2016-10-17 22:00:00,h1,1,Beijing,XGBoost,90.333333,78.37430572509766,test
2016-10-17 22:00:00,2016-10-17 23:00:00,h1,1,Beijing,XGBoost,95.916667,95.09525299072266,test
2016-10-17 23:00:00,2016-10-18 00:00:00,h1,1,Beijing,XGBoost,100.75,95.30016326904297,test
2016-10-18 00:00:00,2016-10-18 01:00:00,h1,1,Beijing,XGBoost,96.916667,102.3760986328125,test
2016-10-18 01:00:00,2016-10-18 02:00:00,h1,1,Beijing,XGBoost,91.583333,94.82077026367188,test
2016-10-18 02:00:00,2016-10-18 03:00:00,h1,1,Beijing,XGBoost,84.166667,86.27066040039062,test
2016-10-18 03:00:00,2016-10-18 04:00:00,h1,1,Beijing,XGBoost,70.75,80.02113342285156,test
2016-10-18 04:00:00,2016-10-18 05:00:00,h1,1,Beijing,XGBoost,64.0,63.953121185302734,test
2016-10-18 05:00:00,2016-10-18 06:00:00,h1,1,Beijing,XGBoost,65.833333,58.571449279785156,test
2016-10-18 06:00:00,2016-10-18 07:00:00,h1,1,Beijing,XGBoost,68.0,66.99813079833984,test
2016-10-18 07:00:00,2016-10-18 08:00:00,h1,1,Beijing,XGBoost,72.666667,72.90718078613281,test
2016-10-18 08:00:00,2016-10-18 09:00:00,h1,1,Beijing,XGBoost,77.0,78.8814926147461,test
2016-10-18 09:00:00,2016-10-18 10:00:00,h1,1,Beijing,XGBoost,87.583333,82.23255157470703,test
2016-10-18 10:00:00,2016-10-18 11:00:00,h1,1,Beijing,XGBoost,98.083333,97.96851348876953,test
2016-10-18 11:00:00,2016-10-18 12:00:00,h1,1,Beijing,XGBoost,111.416667,106.7301254272461,test
2016-10-18 12:00:00,2016-10-18 13:00:00,h1,1,Beijing,XGBoost,121.916667,118.03077697753906,test
2016-10-18 13:00:00,2016-10-18 14:00:00,h1,1,Beijing,XGBoost,132.833333,133.13882446289062,test
2016-10-18 14:00:00,2016-10-18 15:00:00,h1,1,Beijing,XGBoost,141.361111,139.16622924804688,test
2016-10-18 15:00:00,2016-10-18 16:00:00,h1,1,Beijing,XGBoost,142.388889,148.0361785888672,test
2016-10-18 16:00:00,2016-10-18 17:00:00,h1,1,Beijing,XGBoost,146.333333,143.95835876464844,test
2016-10-18 17:00:00,2016-10-18 18:00:00,h1,1,Beijing,XGBoost,157.166667,149.7447052001953,test
2016-10-18 18:00:00,2016-10-18 19:00:00,h1,1,Beijing,XGBoost,167.333333,165.80172729492188,test
2016-10-18 19:00:00,2016-10-18 20:00:00,h1,1,Beijing,XGBoost,173.666667,172.7902374267578,test
2016-10-18 20:00:00,2016-10-18 21:00:00,h1,1,Beijing,XGBoost,178.833333,178.17799377441406,test
2016-10-18 21:00:00,2016-10-18 22:00:00,h1,1,Beijing,XGBoost,183.166667,185.20111083984375,test
2016-10-18 22:00:00,2016-10-18 23:00:00,h1,1,Beijing,XGBoost,189.166667,182.7377471923828,test
2016-10-18 23:00:00,2016-10-19 00:00:00,h1,1,Beijing,XGBoost,185.166667,174.29148864746094,test
2016-10-19 00:00:00,2016-10-19 01:00:00,h1,1,Beijing,XGBoost,188.75,180.983154296875,test
2016-10-19 01:00:00,2016-10-19 02:00:00,h1,1,Beijing,XGBoost,186.166667,182.30618286132812,test
2016-10-19 02:00:00,2016-10-19 03:00:00,h1,1,Beijing,XGBoost,189.0,185.67266845703125,test
2016-10-19 03:00:00,2016-10-19 04:00:00,h1,1,Beijing,XGBoost,191.291667,186.6672821044922,test
2016-10-19 04:00:00,2016-10-19 05:00:00,h1,1,Beijing,XGBoost,185.25,189.3807373046875,test
2016-10-19 05:00:00,2016-10-19 06:00:00,h1,1,Beijing,XGBoost,176.666667,178.2163848876953,test
2016-10-19 06:00:00,2016-10-19 07:00:00,h1,1,Beijing,XGBoost,173.166667,174.3408966064453,test
2016-10-19 07:00:00,2016-10-19 08:00:00,h1,1,Beijing,XGBoost,172.25,176.0931854248047,test
2016-10-19 08:00:00,2016-10-19 09:00:00,h1,1,Beijing,XGBoost,195.5,176.85321044921875,test
2016-10-19 09:00:00,2016-10-19 10:00:00,h1,1,Beijing,XGBoost,218.083333,206.43255615234375,test
2016-10-19 10:00:00,2016-10-19 11:00:00,h1,1,Beijing,XGBoost,230.25,224.22402954101562,test
2016-10-19 11:00:00,2016-10-19 12:00:00,h1,1,Beijing,XGBoost,237.916667,242.25697326660156,test
2016-10-19 12:00:00,2016-10-19 13:00:00,h1,1,Beijing,XGBoost,249.416667,244.75111389160156,test
2016-10-19 13:00:00,2016-10-19 14:00:00,h1,1,Beijing,XGBoost,272.958333,249.32757568359375,test
2016-10-19 14:00:00,2016-10-19 15:00:00,h1,1,Beijing,XGBoost,270.083333,272.6861877441406,test
2016-10-19 15:00:00,2016-10-19 16:00:00,h1,1,Beijing,XGBoost,257.541667,251.68643188476562,test
2016-10-19 16:00:00,2016-10-19 17:00:00,h1,1,Beijing,XGBoost,266.416667,247.17567443847656,test
2016-10-19 17:00:00,2016-10-19 18:00:00,h1,1,Beijing,XGBoost,261.083333,268.81048583984375,test
2016-10-19 18:00:00,2016-10-19 19:00:00,h1,1,Beijing,XGBoost,255.166667,259.3093566894531,test
2016-10-19 19:00:00,2016-10-19 20:00:00,h1,1,Beijing,XGBoost,247.916667,253.83114624023438,test
2016-10-19 20:00:00,2016-10-19 21:00:00,h1,1,Beijing,XGBoost,235.75,253.73252868652344,test
2016-10-19 21:00:00,2016-10-19 22:00:00,h1,1,Beijing,XGBoost,231.666667,243.6365203857422,test
2016-10-19 22:00:00,2016-10-19 23:00:00,h1,1,Beijing,XGBoost,228.583333,227.37229919433594,test
2016-10-19 23:00:00,2016-10-20 00:00:00,h1,1,Beijing,XGBoost,225.5,201.00759887695312,test
2016-10-20 00:00:00,2016-10-20 01:00:00,h1,1,Beijing,XGBoost,223.416667,236.8241729736328,test
2016-10-20 01:00:00,2016-10-20 02:00:00,h1,1,Beijing,XGBoost,232.416667,224.29208374023438,test
2016-10-20 02:00:00,2016-10-20 03:00:00,h1,1,Beijing,XGBoost,241.0,239.53562927246094,test
2016-10-20 03:00:00,2016-10-20 04:00:00,h1,1,Beijing,XGBoost,241.75,240.3366241455078,test
2016-10-20 04:00:00,2016-10-20 05:00:00,h1,1,Beijing,XGBoost,235.75,197.2682342529297,test
2016-10-20 05:00:00,2016-10-20 06:00:00,h1,1,Beijing,XGBoost,140.25,181.30209350585938,test
2016-10-20 06:00:00,2016-10-20 07:00:00,h1,1,Beijing,XGBoost,70.5,45.470340728759766,test
2016-10-20 07:00:00,2016-10-20 08:00:00,h1,1,Beijing,XGBoost,51.333333,37.65485382080078,test
2016-10-20 08:00:00,2016-10-20 09:00:00,h1,1,Beijing,XGBoost,44.583333,32.775020599365234,test
2016-10-20 09:00:00,2016-10-20 10:00:00,h1,1,Beijing,XGBoost,43.833333,33.82260513305664,test
2016-10-20 10:00:00,2016-10-20 11:00:00,h1,1,Beijing,XGBoost,39.416667,39.27820587158203,test
2016-10-20 11:00:00,2016-10-20 12:00:00,h1,1,Beijing,XGBoost,38.833333,36.014434814453125,test
2016-10-20 12:00:00,2016-10-20 13:00:00,h1,1,Beijing,XGBoost,39.416667,39.950775146484375,test
2016-10-20 13:00:00,2016-10-20 14:00:00,h1,1,Beijing,XGBoost,40.5,41.82645797729492,test
2016-10-20 14:00:00,2016-10-20 15:00:00,h1,1,Beijing,XGBoost,39.833333,41.63498306274414,test
2016-10-20 15:00:00,2016-10-20 16:00:00,h1,1,Beijing,XGBoost,39.416667,41.793575286865234,test
2016-10-20 16:00:00,2016-10-20 17:00:00,h1,1,Beijing,XGBoost,41.583333,40.67255783081055,test
2016-10-20 17:00:00,2016-10-20 18:00:00,h1,1,Beijing,XGBoost,46.25,44.38570785522461,test
2016-10-20 18:00:00,2016-10-20 19:00:00,h1,1,Beijing,XGBoost,45.333333,50.50533676147461,test
2016-10-20 19:00:00,2016-10-20 20:00:00,h1,1,Beijing,XGBoost,45.0,40.061256408691406,test
2016-10-20 20:00:00,2016-10-20 21:00:00,h1,1,Beijing,XGBoost,41.5,41.10881042480469,test
2016-10-20 21:00:00,2016-10-20 22:00:00,h1,1,Beijing,XGBoost,40.25,36.527774810791016,test
2016-10-20 22:00:00,2016-10-20 23:00:00,h1,1,Beijing,XGBoost,38.833333,35.14445495605469,test
2016-10-20 23:00:00,2016-10-21 00:00:00,h1,1,Beijing,XGBoost,36.833333,38.248878479003906,test
2016-10-21 00:00:00,2016-10-21 01:00:00,h1,1,Beijing,XGBoost,36.583333,32.89402770996094,test
2016-10-21 01:00:00,2016-10-21 02:00:00,h1,1,Beijing,XGBoost,36.166667,34.68021774291992,test
2016-10-21 02:00:00,2016-10-21 03:00:00,h1,1,Beijing,XGBoost,38.333333,35.346248626708984,test
2016-10-21 03:00:00,2016-10-21 04:00:00,h1,1,Beijing,XGBoost,40.833333,37.560638427734375,test
2016-10-21 04:00:00,2016-10-21 05:00:00,h1,1,Beijing,XGBoost,41.5,38.977928161621094,test
2016-10-21 05:00:00,2016-10-21 06:00:00,h1,1,Beijing,XGBoost,41.5,39.93043518066406,test
2016-10-21 06:00:00,2016-10-21 07:00:00,h1,1,Beijing,XGBoost,41.333333,42.01830291748047,test
2016-10-21 07:00:00,2016-10-21 08:00:00,h1,1,Beijing,XGBoost,40.583333,43.02363586425781,test
2016-10-21 08:00:00,2016-10-21 09:00:00,h1,1,Beijing,XGBoost,41.75,43.004432678222656,test
2016-10-21 09:00:00,2016-10-21 10:00:00,h1,1,Beijing,XGBoost,46.333333,43.605899810791016,test
2016-10-21 10:00:00,2016-10-21 11:00:00,h1,1,Beijing,XGBoost,49.416667,48.818756103515625,test
2016-10-21 11:00:00,2016-10-21 12:00:00,h1,1,Beijing,XGBoost,51.25,52.03091049194336,test
2016-10-21 12:00:00,2016-10-21 13:00:00,h1,1,Beijing,XGBoost,54.5,52.59017562866211,test
2016-10-21 13:00:00,2016-10-21 14:00:00,h1,1,Beijing,XGBoost,56.583333,58.16996765136719,test
2016-10-21 14:00:00,2016-10-21 15:00:00,h1,1,Beijing,XGBoost,57.5,60.030921936035156,test
2016-10-21 15:00:00,2016-10-21 16:00:00,h1,1,Beijing,XGBoost,54.75,59.69663619995117,test
2016-10-21 16:00:00,2016-10-21 17:00:00,h1,1,Beijing,XGBoost,48.333333,55.61811065673828,test
2016-10-21 17:00:00,2016-10-21 18:00:00,h1,1,Beijing,XGBoost,42.833333,47.73591232299805,test
2016-10-21 18:00:00,2016-10-21 19:00:00,h1,1,Beijing,XGBoost,39.75,42.15252685546875,test
2016-10-21 19:00:00,2016-10-21 20:00:00,h1,1,Beijing,XGBoost,40.083333,42.46512222290039,test
2016-10-21 20:00:00,2016-10-21 21:00:00,h1,1,Beijing,XGBoost,34.166667,41.18056106567383,test
2016-10-21 21:00:00,2016-10-21 22:00:00,h1,1,Beijing,XGBoost,32.75,32.58662033081055,test
2016-10-21 22:00:00,2016-10-21 23:00:00,h1,1,Beijing,XGBoost,31.5,32.60527801513672,test
2016-10-21 23:00:00,2016-10-22 00:00:00,h1,1,Beijing,XGBoost,29.083333,32.52558517456055,test
2016-10-22 00:00:00,2016-10-22 01:00:00,h1,1,Beijing,XGBoost,27.666667,27.916196823120117,test
2016-10-22 01:00:00,2016-10-22 02:00:00,h1,1,Beijing,XGBoost,25.666667,27.104476928710938,test
2016-10-22 02:00:00,2016-10-22 03:00:00,h1,1,Beijing,XGBoost,22.833333,24.98419189453125,test
2016-10-22 03:00:00,2016-10-22 04:00:00,h1,1,Beijing,XGBoost,19.083333,21.082286834716797,test
2016-10-22 04:00:00,2016-10-22 05:00:00,h1,1,Beijing,XGBoost,16.083333,17.489566802978516,test
2016-10-22 05:00:00,2016-10-22 06:00:00,h1,1,Beijing,XGBoost,16.333333,14.772899627685547,test
2016-10-22 06:00:00,2016-10-22 07:00:00,h1,1,Beijing,XGBoost,11.333333,15.734710693359375,test
2016-10-22 07:00:00,2016-10-22 08:00:00,h1,1,Beijing,XGBoost,9.666667,11.880352020263672,test
2016-10-22 08:00:00,2016-10-22 09:00:00,h1,1,Beijing,XGBoost,10.833333,10.308084487915039,test
2016-10-22 09:00:00,2016-10-22 10:00:00,h1,1,Beijing,XGBoost,8.5,10.176466941833496,test
2016-10-22 10:00:00,2016-10-22 11:00:00,h1,1,Beijing,XGBoost,6.416667,8.338275909423828,test
2016-10-22 11:00:00,2016-10-22 12:00:00,h1,1,Beijing,XGBoost,5.916667,7.05308723449707,test
2016-10-22 12:00:00,2016-10-22 13:00:00,h1,1,Beijing,XGBoost,7.916667,6.698483943939209,test
2016-10-22 13:00:00,2016-10-22 14:00:00,h1,1,Beijing,XGBoost,9.916667,8.345076560974121,test
2016-10-22 14:00:00,2016-10-22 15:00:00,h1,1,Beijing,XGBoost,7.083333,11.064379692077637,test
2016-10-22 15:00:00,2016-10-22 16:00:00,h1,1,Beijing,XGBoost,10.0,8.536796569824219,test
2016-10-22 16:00:00,2016-10-22 17:00:00,h1,1,Beijing,XGBoost,9.25,10.557686805725098,test
2016-10-22 17:00:00,2016-10-22 18:00:00,h1,1,Beijing,XGBoost,11.0,10.064380645751953,test
2016-10-22 18:00:00,2016-10-22 19:00:00,h1,1,Beijing,XGBoost,13.833333,12.807937622070312,test
2016-10-22 19:00:00,2016-10-22 20:00:00,h1,1,Beijing,XGBoost,14.25,15.441858291625977,test
2016-10-22 20:00:00,2016-10-22 21:00:00,h1,1,Beijing,XGBoost,15.666667,14.48818302154541,test
2016-10-22 21:00:00,2016-10-22 22:00:00,h1,1,Beijing,XGBoost,17.75,16.46941566467285,test
2016-10-22 22:00:00,2016-10-22 23:00:00,h1,1,Beijing,XGBoost,21.5,18.988571166992188,test
2016-10-22 23:00:00,2016-10-23 00:00:00,h1,1,Beijing,XGBoost,21.833333,24.780242919921875,test
2016-10-23 00:00:00,2016-10-23 01:00:00,h1,1,Beijing,XGBoost,21.416667,20.958072662353516,test
2016-10-23 01:00:00,2016-10-23 02:00:00,h1,1,Beijing,XGBoost,23.583333,21.15268898010254,test
2016-10-23 02:00:00,2016-10-23 03:00:00,h1,1,Beijing,XGBoost,26.25,24.34400177001953,test
2016-10-23 03:00:00,2016-10-23 04:00:00,h1,1,Beijing,XGBoost,22.166667,27.007375717163086,test
2016-10-23 04:00:00,2016-10-23 05:00:00,h1,1,Beijing,XGBoost,23.5,20.007577896118164,test
2016-10-23 05:00:00,2016-10-23 06:00:00,h1,1,Beijing,XGBoost,22.416667,23.885236740112305,test
2016-10-23 06:00:00,2016-10-23 07:00:00,h1,1,Beijing,XGBoost,22.833333,22.617942810058594,test
2016-10-23 07:00:00,2016-10-23 08:00:00,h1,1,Beijing,XGBoost,23.416667,26.001476287841797,test
2016-10-23 08:00:00,2016-10-23 09:00:00,h1,1,Beijing,XGBoost,22.0,24.758424758911133,test
2016-10-23 09:00:00,2016-10-23 10:00:00,h1,1,Beijing,XGBoost,21.333333,22.484609603881836,test
2016-10-23 10:00:00,2016-10-23 11:00:00,h1,1,Beijing,XGBoost,21.333333,21.268512725830078,test
2016-10-23 11:00:00,2016-10-23 12:00:00,h1,1,Beijing,XGBoost,21.583333,20.547504425048828,test
2016-10-23 12:00:00,2016-10-23 13:00:00,h1,1,Beijing,XGBoost,23.25,20.608524322509766,test
2016-10-23 13:00:00,2016-10-23 14:00:00,h1,1,Beijing,XGBoost,23.5,26.130098342895508,test
2016-10-23 14:00:00,2016-10-23 15:00:00,h1,1,Beijing,XGBoost,25.0,23.899229049682617,test
2016-10-23 15:00:00,2016-10-23 16:00:00,h1,1,Beijing,XGBoost,26.75,25.687400817871094,test
2016-10-23 16:00:00,2016-10-23 17:00:00,h1,1,Beijing,XGBoost,27.416667,27.824371337890625,test
2016-10-23 17:00:00,2016-10-23 18:00:00,h1,1,Beijing,XGBoost,27.75,29.852575302124023,test
2016-10-23 18:00:00,2016-10-23 19:00:00,h1,1,Beijing,XGBoost,33.083333,30.49667739868164,test
2016-10-23 19:00:00,2016-10-23 20:00:00,h1,1,Beijing,XGBoost,35.416667,36.926300048828125,test
2016-10-23 20:00:00,2016-10-23 21:00:00,h1,1,Beijing,XGBoost,37.333333,38.923973083496094,test
2016-10-23 21:00:00,2016-10-23 22:00:00,h1,1,Beijing,XGBoost,42.166667,37.72844696044922,test
2016-10-23 22:00:00,2016-10-23 23:00:00,h1,1,Beijing,XGBoost,42.25,43.55031967163086,test
2016-10-23 23:00:00,2016-10-24 00:00:00,h1,1,Beijing,XGBoost,45.25,42.944671630859375,test
2016-10-24 00:00:00,2016-10-24 01:00:00,h1,1,Beijing,XGBoost,47.916667,47.1379508972168,test
2016-10-24 01:00:00,2016-10-24 02:00:00,h1,1,Beijing,XGBoost,45.083333,50.09169387817383,test
2016-10-24 02:00:00,2016-10-24 03:00:00,h1,1,Beijing,XGBoost,42.833333,45.13884735107422,test
2016-10-24 03:00:00,2016-10-24 04:00:00,h1,1,Beijing,XGBoost,43.416667,42.172576904296875,test
2016-10-24 04:00:00,2016-10-24 05:00:00,h1,1,Beijing,XGBoost,41.666667,42.79141616821289,test
2016-10-24 05:00:00,2016-10-24 06:00:00,h1,1,Beijing,XGBoost,37.333333,41.07378005981445,test
2016-10-24 06:00:00,2016-10-24 07:00:00,h1,1,Beijing,XGBoost,33.5,37.276329040527344,test
2016-10-24 07:00:00,2016-10-24 08:00:00,h1,1,Beijing,XGBoost,30.5,33.762210845947266,test
2016-10-24 08:00:00,2016-10-24 09:00:00,h1,1,Beijing,XGBoost,34.583333,30.538476943969727,test
2016-10-24 09:00:00,2016-10-24 10:00:00,h1,1,Beijing,XGBoost,42.333333,38.11618423461914,test
2016-10-24 10:00:00,2016-10-24 11:00:00,h1,1,Beijing,XGBoost,49.0,47.06338882446289,test
2016-10-24 11:00:00,2016-10-24 12:00:00,h1,1,Beijing,XGBoost,56.666667,53.62318420410156,test
2016-10-24 12:00:00,2016-10-24 13:00:00,h1,1,Beijing,XGBoost,66.583333,60.37227249145508,test
2016-10-24 13:00:00,2016-10-24 14:00:00,h1,1,Beijing,XGBoost,74.416667,73.80274963378906,test
2016-10-24 14:00:00,2016-10-24 15:00:00,h1,1,Beijing,XGBoost,78.333333,78.46321105957031,test
2016-10-24 15:00:00,2016-10-24 16:00:00,h1,1,Beijing,XGBoost,78.0,82.97119140625,test
2016-10-24 16:00:00,2016-10-24 17:00:00,h1,1,Beijing,XGBoost,84.583333,79.0771713256836,test
2016-10-24 17:00:00,2016-10-24 18:00:00,h1,1,Beijing,XGBoost,81.916667,90.06734466552734,test
2016-10-24 18:00:00,2016-10-24 19:00:00,h1,1,Beijing,XGBoost,85.5,84.81643676757812,test
2016-10-24 19:00:00,2016-10-24 20:00:00,h1,1,Beijing,XGBoost,93.333333,88.2700424194336,test
2016-10-24 20:00:00,2016-10-24 21:00:00,h1,1,Beijing,XGBoost,95.583333,93.90525817871094,test
2016-10-24 21:00:00,2016-10-24 22:00:00,h1,1,Beijing,XGBoost,92.25,94.14696502685547,test
2016-10-24 22:00:00,2016-10-24 23:00:00,h1,1,Beijing,XGBoost,89.666667,91.75555419921875,test
2016-10-24 23:00:00,2016-10-25 00:00:00,h1,1,Beijing,XGBoost,87.833333,87.18142700195312,test
2016-10-25 00:00:00,2016-10-25 01:00:00,h1,1,Beijing,XGBoost,86.083333,90.0351333618164,test
2016-10-25 01:00:00,2016-10-25 02:00:00,h1,1,Beijing,XGBoost,82.75,85.94406127929688,test
2016-10-25 02:00:00,2016-10-25 03:00:00,h1,1,Beijing,XGBoost,78.916667,77.9024887084961,test
2016-10-25 03:00:00,2016-10-25 04:00:00,h1,1,Beijing,XGBoost,74.916667,74.77251434326172,test
2016-10-25 04:00:00,2016-10-25 05:00:00,h1,1,Beijing,XGBoost,70.5,70.30728912353516,test
2016-10-25 05:00:00,2016-10-25 06:00:00,h1,1,Beijing,XGBoost,63.166667,68.42156982421875,test
2016-10-25 06:00:00,2016-10-25 07:00:00,h1,1,Beijing,XGBoost,62.833333,60.3714599609375,test
2016-10-25 07:00:00,2016-10-25 08:00:00,h1,1,Beijing,XGBoost,65.666667,63.7977180480957,test
2016-10-25 08:00:00,2016-10-25 09:00:00,h1,1,Beijing,XGBoost,76.0,70.71299743652344,test
2016-10-25 09:00:00,2016-10-25 10:00:00,h1,1,Beijing,XGBoost,86.166667,83.81462860107422,test
2016-10-25 10:00:00,2016-10-25 11:00:00,h1,1,Beijing,XGBoost,94.694444,93.12840270996094,test
2016-10-25 11:00:00,2016-10-25 12:00:00,h1,1,Beijing,XGBoost,95.180556,97.4302749633789,test
2016-10-25 12:00:00,2016-10-25 13:00:00,h1,1,Beijing,XGBoost,106.0,94.65052795410156,test
2016-10-25 13:00:00,2016-10-25 14:00:00,h1,1,Beijing,XGBoost,125.833333,114.72816467285156,test
2016-10-25 14:00:00,2016-10-25 15:00:00,h1,1,Beijing,XGBoost,126.75,138.5236053466797,test
2016-10-25 15:00:00,2016-10-25 16:00:00,h1,1,Beijing,XGBoost,106.0,127.24976348876953,test
2016-10-25 16:00:00,2016-10-25 17:00:00,h1,1,Beijing,XGBoost,108.583333,78.40676879882812,test
2016-10-25 17:00:00,2016-10-25 18:00:00,h1,1,Beijing,XGBoost,106.416667,112.06204223632812,test
2016-10-25 18:00:00,2016-10-25 19:00:00,h1,1,Beijing,XGBoost,112.5,109.3467025756836,test
2016-10-25 19:00:00,2016-10-25 20:00:00,h1,1,Beijing,XGBoost,122.833333,115.96044158935547,test
2016-10-25 20:00:00,2016-10-25 21:00:00,h1,1,Beijing,XGBoost,130.666667,128.3841094970703,test
2016-10-25 21:00:00,2016-10-25 22:00:00,h1,1,Beijing,XGBoost,129.166667,137.2908172607422,test
2016-10-25 22:00:00,2016-10-25 23:00:00,h1,1,Beijing,XGBoost,125.083333,131.3596954345703,test
2016-10-25 23:00:00,2016-10-26 00:00:00,h1,1,Beijing,XGBoost,22.916667,118.00353240966797,test
2016-10-29 00:00:00,2016-10-29 01:00:00,h1,1,Beijing,XGBoost,21.666667,23.845468521118164,test
2016-10-29 01:00:00,2016-10-29 02:00:00,h1,1,Beijing,XGBoost,17.333333,20.781185150146484,test
2016-10-29 02:00:00,2016-10-29 03:00:00,h1,1,Beijing,XGBoost,12.916667,18.431230545043945,test
2016-10-29 03:00:00,2016-10-29 04:00:00,h1,1,Beijing,XGBoost,14.25,11.81008243560791,test
2016-10-29 04:00:00,2016-10-29 05:00:00,h1,1,Beijing,XGBoost,11.916667,13.94775676727295,test
2016-10-29 05:00:00,2016-10-29 06:00:00,h1,1,Beijing,XGBoost,13.5,11.865778923034668,test
2016-10-29 06:00:00,2016-10-29 07:00:00,h1,1,Beijing,XGBoost,13.916667,14.937675476074219,test
2016-10-29 07:00:00,2016-10-29 08:00:00,h1,1,Beijing,XGBoost,15.0,15.917461395263672,test
2016-10-29 08:00:00,2016-10-29 09:00:00,h1,1,Beijing,XGBoost,16.833333,17.178815841674805,test
2016-10-29 09:00:00,2016-10-29 10:00:00,h1,1,Beijing,XGBoost,17.333333,19.254505157470703,test
2016-10-29 10:00:00,2016-10-29 11:00:00,h1,1,Beijing,XGBoost,19.416667,18.632749557495117,test
2016-10-29 11:00:00,2016-10-29 12:00:00,h1,1,Beijing,XGBoost,20.5,20.37908172607422,test
2016-10-29 12:00:00,2016-10-29 13:00:00,h1,1,Beijing,XGBoost,25.0,20.303264617919922,test
2016-10-29 13:00:00,2016-10-29 14:00:00,h1,1,Beijing,XGBoost,24.416667,27.42120361328125,test
2016-10-29 14:00:00,2016-10-29 15:00:00,h1,1,Beijing,XGBoost,26.916667,23.822721481323242,test
2016-10-29 15:00:00,2016-10-29 16:00:00,h1,1,Beijing,XGBoost,25.25,29.31064796447754,test
2016-10-29 16:00:00,2016-10-29 17:00:00,h1,1,Beijing,XGBoost,24.75,25.39314842224121,test
2016-10-29 17:00:00,2016-10-29 18:00:00,h1,1,Beijing,XGBoost,28.166667,24.36199951171875,test
2016-10-29 18:00:00,2016-10-29 19:00:00,h1,1,Beijing,XGBoost,34.833333,31.43791961669922,test
2016-10-29 19:00:00,2016-10-29 20:00:00,h1,1,Beijing,XGBoost,41.666667,42.78546905517578,test
2016-10-29 20:00:00,2016-10-29 21:00:00,h1,1,Beijing,XGBoost,42.083333,47.67765808105469,test
2016-10-29 21:00:00,2016-10-29 22:00:00,h1,1,Beijing,XGBoost,43.833333,42.45357894897461,test
2016-10-29 22:00:00,2016-10-29 23:00:00,h1,1,Beijing,XGBoost,45.5,45.8369255065918,test
2016-10-29 23:00:00,2016-10-30 00:00:00,h1,1,Beijing,XGBoost,48.0,49.2110481262207,test
2016-10-30 00:00:00,2016-10-30 01:00:00,h1,1,Beijing,XGBoost,47.333333,49.50608444213867,test
2016-10-30 01:00:00,2016-10-30 02:00:00,h1,1,Beijing,XGBoost,50.708333,46.92416000366211,test
2016-10-30 02:00:00,2016-10-30 03:00:00,h1,1,Beijing,XGBoost,51.583333,52.43569564819336,test
2016-10-30 03:00:00,2016-10-30 04:00:00,h1,1,Beijing,XGBoost,52.25,52.67375183105469,test
2016-10-30 04:00:00,2016-10-30 05:00:00,h1,1,Beijing,XGBoost,54.5,52.47346115112305,test
2016-10-30 05:00:00,2016-10-30 06:00:00,h1,1,Beijing,XGBoost,58.916667,56.39344024658203,test
2016-10-30 06:00:00,2016-10-30 07:00:00,h1,1,Beijing,XGBoost,60.416667,62.232181549072266,test
2016-10-30 07:00:00,2016-10-30 08:00:00,h1,1,Beijing,XGBoost,63.833333,59.678688049316406,test
2016-10-30 08:00:00,2016-10-30 09:00:00,h1,1,Beijing,XGBoost,72.583333,68.36405181884766,test
2016-10-30 09:00:00,2016-10-30 10:00:00,h1,1,Beijing,XGBoost,74.5,78.54373931884766,test
2016-10-30 10:00:00,2016-10-30 11:00:00,h1,1,Beijing,XGBoost,81.166667,75.29147338867188,test
2016-10-30 11:00:00,2016-10-30 12:00:00,h1,1,Beijing,XGBoost,84.708333,86.8836898803711,test
2016-10-30 12:00:00,2016-10-30 13:00:00,h1,1,Beijing,XGBoost,87.083333,87.67667388916016,test
2016-10-30 13:00:00,2016-10-30 14:00:00,h1,1,Beijing,XGBoost,77.75,87.32819366455078,test
2016-10-30 14:00:00,2016-10-30 15:00:00,h1,1,Beijing,XGBoost,39.083333,69.29524230957031,test
2016-10-30 15:00:00,2016-10-30 16:00:00,h1,1,Beijing,XGBoost,11.416667,20.817607879638672,test
2016-10-30 16:00:00,2016-10-30 17:00:00,h1,1,Beijing,XGBoost,7.25,11.652304649353027,test
2016-10-30 17:00:00,2016-10-30 18:00:00,h1,1,Beijing,XGBoost,7.333333,8.213226318359375,test
2016-10-30 18:00:00,2016-10-30 19:00:00,h1,1,Beijing,XGBoost,6.583333,7.146913051605225,test
2016-10-30 19:00:00,2016-10-30 20:00:00,h1,1,Beijing,XGBoost,6.333333,5.783015727996826,test
2016-10-30 20:00:00,2016-10-30 21:00:00,h1,1,Beijing,XGBoost,6.583333,5.525813102722168,test
2016-10-30 21:00:00,2016-10-30 22:00:00,h1,1,Beijing,XGBoost,3.666667,6.391357898712158,test
2016-10-30 22:00:00,2016-10-30 23:00:00,h1,1,Beijing,XGBoost,4.333333,5.483719348907471,test
2016-10-30 23:00:00,2016-10-31 00:00:00,h1,1,Beijing,XGBoost,4.25,6.563138008117676,test
2016-10-31 00:00:00,2016-10-31 01:00:00,h1,1,Beijing,XGBoost,3.25,6.248539924621582,test
2016-10-31 01:00:00,2016-10-31 02:00:00,h1,1,Beijing,XGBoost,3.666667,5.11100959777832,test
2016-10-31 02:00:00,2016-10-31 03:00:00,h1,1,Beijing,XGBoost,4.0,5.840684413909912,test
2016-10-31 03:00:00,2016-10-31 04:00:00,h1,1,Beijing,XGBoost,4.0,5.132009983062744,test
2016-10-31 04:00:00,2016-10-31 05:00:00,h1,1,Beijing,XGBoost,3.5,5.210447788238525,test
2016-10-31 05:00:00,2016-10-31 06:00:00,h1,1,Beijing,XGBoost,3.333333,5.446455955505371,test
2016-10-31 06:00:00,2016-10-31 07:00:00,h1,1,Beijing,XGBoost,4.0,5.705873012542725,test
2016-10-31 07:00:00,2016-10-31 08:00:00,h1,1,Beijing,XGBoost,5.583333,6.580533027648926,test
2016-10-31 08:00:00,2016-10-31 09:00:00,h1,1,Beijing,XGBoost,6.166667,7.778882026672363,test
2016-10-31 09:00:00,2016-10-31 10:00:00,h1,1,Beijing,XGBoost,5.666667,6.662676811218262,test
2016-10-31 10:00:00,2016-10-31 11:00:00,h1,1,Beijing,XGBoost,7.416667,5.790956974029541,test
2016-10-31 11:00:00,2016-10-31 12:00:00,h1,1,Beijing,XGBoost,7.479167,7.210893630981445,test
2016-10-31 12:00:00,2016-10-31 13:00:00,h1,1,Beijing,XGBoost,6.041667,6.9659881591796875,test
2016-10-31 13:00:00,2016-10-31 14:00:00,h1,1,Beijing,XGBoost,5.6875,6.3852858543396,test
2016-10-31 14:00:00,2016-10-31 15:00:00,h1,1,Beijing,XGBoost,7.583333,6.39504861831665,test
2016-10-31 15:00:00,2016-10-31 16:00:00,h1,1,Beijing,XGBoost,8.791667,7.5995941162109375,test
2016-10-31 16:00:00,2016-10-31 17:00:00,h1,1,Beijing,XGBoost,9.916667,9.364692687988281,test
2016-10-31 17:00:00,2016-10-31 18:00:00,h1,1,Beijing,XGBoost,11.666667,11.123113632202148,test
2016-10-31 18:00:00,2016-10-31 19:00:00,h1,1,Beijing,XGBoost,15.166667,14.433236122131348,test
2016-10-31 19:00:00,2016-10-31 20:00:00,h1,1,Beijing,XGBoost,19.0,17.135334014892578,test
2016-10-31 20:00:00,2016-10-31 21:00:00,h1,1,Beijing,XGBoost,18.916667,25.245378494262695,test
2016-10-31 21:00:00,2016-10-31 22:00:00,h1,1,Beijing,XGBoost,21.5,29.204504013061523,test
2016-10-31 22:00:00,2016-10-31 23:00:00,h1,1,Beijing,XGBoost,20.416667,34.41441345214844,test
2016-10-31 23:00:00,2016-11-01 00:00:00,h1,1,Beijing,XGBoost,19.916667,18.975120544433594,test
2016-11-01 00:00:00,2016-11-01 01:00:00,h1,1,Beijing,XGBoost,19.583333,18.790403366088867,test
2016-11-01 01:00:00,2016-11-01 02:00:00,h1,1,Beijing,XGBoost,17.166667,21.69436264038086,test
2016-11-01 02:00:00,2016-11-01 03:00:00,h1,1,Beijing,XGBoost,18.0,16.727046966552734,test
2016-11-01 03:00:00,2016-11-01 04:00:00,h1,1,Beijing,XGBoost,17.5,17.218618392944336,test
2016-11-01 04:00:00,2016-11-01 05:00:00,h1,1,Beijing,XGBoost,19.666667,15.688691139221191,test
2016-11-01 05:00:00,2016-11-01 06:00:00,h1,1,Beijing,XGBoost,18.916667,20.620969772338867,test
2016-11-01 06:00:00,2016-11-01 07:00:00,h1,1,Beijing,XGBoost,19.833333,19.474031448364258,test
2016-11-01 07:00:00,2016-11-01 08:00:00,h1,1,Beijing,XGBoost,24.166667,22.306991577148438,test
2016-11-01 08:00:00,2016-11-01 09:00:00,h1,1,Beijing,XGBoost,23.083333,27.33488655090332,test
2016-11-01 09:00:00,2016-11-01 10:00:00,h1,1,Beijing,XGBoost,22.916667,23.72542381286621,test
2016-11-01 10:00:00,2016-11-01 11:00:00,h1,1,Beijing,XGBoost,31.75,24.139551162719727,test
2016-11-01 11:00:00,2016-11-01 12:00:00,h1,1,Beijing,XGBoost,40.0,38.800270080566406,test
2016-11-01 12:00:00,2016-11-01 13:00:00,h1,1,Beijing,XGBoost,47.5,45.87986373901367,test
2016-11-01 13:00:00,2016-11-01 14:00:00,h1,1,Beijing,XGBoost,51.583333,49.874427795410156,test
2016-11-01 14:00:00,2016-11-01 15:00:00,h1,1,Beijing,XGBoost,53.916667,52.8942985534668,test
2016-11-01 15:00:00,2016-11-01 16:00:00,h1,1,Beijing,XGBoost,57.333333,55.131439208984375,test
2016-11-01 16:00:00,2016-11-01 17:00:00,h1,1,Beijing,XGBoost,56.75,61.5676155090332,test
2016-11-01 17:00:00,2016-11-01 18:00:00,h1,1,Beijing,XGBoost,62.583333,58.895084381103516,test
2016-11-01 18:00:00,2016-11-01 19:00:00,h1,1,Beijing,XGBoost,68.333333,72.02027130126953,test
2016-11-01 19:00:00,2016-11-01 20:00:00,h1,1,Beijing,XGBoost,67.583333,73.06737518310547,test
2016-11-01 20:00:00,2016-11-01 21:00:00,h1,1,Beijing,XGBoost,72.0,67.63164520263672,test
2016-11-01 21:00:00,2016-11-01 22:00:00,h1,1,Beijing,XGBoost,76.833333,75.31918334960938,test
2016-11-01 22:00:00,2016-11-01 23:00:00,h1,1,Beijing,XGBoost,81.166667,79.30481719970703,test
2016-11-01 23:00:00,2016-11-02 00:00:00,h1,1,Beijing,XGBoost,85.666667,84.28543853759766,test
2016-11-02 00:00:00,2016-11-02 01:00:00,h1,1,Beijing,XGBoost,87.25,88.46150970458984,test
2016-11-02 01:00:00,2016-11-02 02:00:00,h1,1,Beijing,XGBoost,86.5,88.82334899902344,test
2016-11-02 02:00:00,2016-11-02 03:00:00,h1,1,Beijing,XGBoost,88.833333,84.85975646972656,test
2016-11-02 03:00:00,2016-11-02 04:00:00,h1,1,Beijing,XGBoost,88.583333,89.7221450805664,test
2016-11-02 04:00:00,2016-11-02 05:00:00,h1,1,Beijing,XGBoost,87.0,88.59640502929688,test
2016-11-02 05:00:00,2016-11-02 06:00:00,h1,1,Beijing,XGBoost,85.916667,85.92265319824219,test
2016-11-02 06:00:00,2016-11-02 07:00:00,h1,1,Beijing,XGBoost,81.416667,88.21827697753906,test
2016-11-02 07:00:00,2016-11-02 08:00:00,h1,1,Beijing,XGBoost,81.666667,78.22442626953125,test
2016-11-02 08:00:00,2016-11-02 09:00:00,h1,1,Beijing,XGBoost,88.666667,83.96144104003906,test
2016-11-02 09:00:00,2016-11-02 10:00:00,h1,1,Beijing,XGBoost,87.666667,93.80335235595703,test
2016-11-02 10:00:00,2016-11-02 11:00:00,h1,1,Beijing,XGBoost,91.666667,87.82962036132812,test
2016-11-02 11:00:00,2016-11-02 12:00:00,h1,1,Beijing,XGBoost,99.0,94.19893646240234,test
2016-11-02 12:00:00,2016-11-02 13:00:00,h1,1,Beijing,XGBoost,99.916667,103.89439392089844,test
2016-11-02 13:00:00,2016-11-02 14:00:00,h1,1,Beijing,XGBoost,90.75,97.02288818359375,test
2016-11-02 14:00:00,2016-11-02 15:00:00,h1,1,Beijing,XGBoost,91.0,77.05736541748047,test
2016-11-02 15:00:00,2016-11-02 16:00:00,h1,1,Beijing,XGBoost,93.666667,88.20873260498047,test
2016-11-02 16:00:00,2016-11-02 17:00:00,h1,1,Beijing,XGBoost,99.027778,95.31752014160156,test
2016-11-02 17:00:00,2016-11-02 18:00:00,h1,1,Beijing,XGBoost,105.888889,106.3263931274414,test
2016-11-02 18:00:00,2016-11-02 19:00:00,h1,1,Beijing,XGBoost,114.083333,115.09776306152344,test
2016-11-02 19:00:00,2016-11-02 20:00:00,h1,1,Beijing,XGBoost,135.916667,124.44430541992188,test
2016-11-02 20:00:00,2016-11-02 21:00:00,h1,1,Beijing,XGBoost,143.083333,140.38613891601562,test
2016-11-02 21:00:00,2016-11-02 22:00:00,h1,1,Beijing,XGBoost,144.416667,147.88600158691406,test
2016-11-02 22:00:00,2016-11-02 23:00:00,h1,1,Beijing,XGBoost,144.0,141.51463317871094,test
2016-11-02 23:00:00,2016-11-03 00:00:00,h1,1,Beijing,XGBoost,138.833333,143.93516540527344,test
2016-11-03 00:00:00,2016-11-03 01:00:00,h1,1,Beijing,XGBoost,132.25,133.998046875,test
2016-11-03 01:00:00,2016-11-03 02:00:00,h1,1,Beijing,XGBoost,128.416667,124.5672607421875,test
2016-11-03 02:00:00,2016-11-03 03:00:00,h1,1,Beijing,XGBoost,127.666667,115.19568634033203,test
2016-11-03 03:00:00,2016-11-03 04:00:00,h1,1,Beijing,XGBoost,127.666667,129.33108520507812,test
2016-11-03 04:00:00,2016-11-03 05:00:00,h1,1,Beijing,XGBoost,125.666667,128.46420288085938,test
2016-11-03 05:00:00,2016-11-03 06:00:00,h1,1,Beijing,XGBoost,120.083333,125.2936782836914,test
2016-11-03 06:00:00,2016-11-03 07:00:00,h1,1,Beijing,XGBoost,110.25,116.8088150024414,test
2016-11-03 07:00:00,2016-11-03 08:00:00,h1,1,Beijing,XGBoost,104.833333,106.2458267211914,test
2016-11-03 08:00:00,2016-11-03 09:00:00,h1,1,Beijing,XGBoost,103.166667,105.7672348022461,test
2016-11-03 09:00:00,2016-11-03 10:00:00,h1,1,Beijing,XGBoost,120.166667,107.18016815185547,test
2016-11-03 10:00:00,2016-11-03 11:00:00,h1,1,Beijing,XGBoost,148.583333,129.33326721191406,test
2016-11-03 11:00:00,2016-11-03 12:00:00,h1,1,Beijing,XGBoost,175.583333,172.2410125732422,test
2016-11-03 12:00:00,2016-11-03 13:00:00,h1,1,Beijing,XGBoost,193.25,190.4033660888672,test
2016-11-03 13:00:00,2016-11-03 14:00:00,h1,1,Beijing,XGBoost,224.75,202.45086669921875,test
2016-11-03 14:00:00,2016-11-03 15:00:00,h1,1,Beijing,XGBoost,265.416667,236.83303833007812,test
2016-11-03 15:00:00,2016-11-03 16:00:00,h1,1,Beijing,XGBoost,251.416667,263.2926025390625,test
2016-11-03 16:00:00,2016-11-03 17:00:00,h1,1,Beijing,XGBoost,243.597222,232.86422729492188,test
2016-11-03 17:00:00,2016-11-03 18:00:00,h1,1,Beijing,XGBoost,253.277778,219.98388671875,test
2016-11-03 18:00:00,2016-11-03 19:00:00,h1,1,Beijing,XGBoost,262.375,241.7532196044922,test
2016-11-03 19:00:00,2016-11-03 20:00:00,h1,1,Beijing,XGBoost,264.972222,258.05194091796875,test
2016-11-03 20:00:00,2016-11-03 21:00:00,h1,1,Beijing,XGBoost,261.902778,266.5586242675781,test
2016-11-03 21:00:00,2016-11-03 22:00:00,h1,1,Beijing,XGBoost,248.583333,267.2816162109375,test
2016-11-03 22:00:00,2016-11-03 23:00:00,h1,1,Beijing,XGBoost,240.666667,240.95159912109375,test
2016-11-03 23:00:00,2016-11-04 00:00:00,h1,1,Beijing,XGBoost,207.083333,219.1951141357422,test
2016-11-05 00:00:00,2016-11-05 01:00:00,h1,1,Beijing,XGBoost,209.583333,167.5436553955078,test
2016-11-05 01:00:00,2016-11-05 02:00:00,h1,1,Beijing,XGBoost,202.666667,177.9925079345703,test
2016-11-05 02:00:00,2016-11-05 03:00:00,h1,1,Beijing,XGBoost,189.916667,191.26226806640625,test
2016-11-05 03:00:00,2016-11-05 04:00:00,h1,1,Beijing,XGBoost,176.833333,181.12185668945312,test
2016-11-05 04:00:00,2016-11-05 05:00:00,h1,1,Beijing,XGBoost,161.083333,163.07489013671875,test
2016-11-05 05:00:00,2016-11-05 06:00:00,h1,1,Beijing,XGBoost,151.833333,153.5758819580078,test
2016-11-05 06:00:00,2016-11-05 07:00:00,h1,1,Beijing,XGBoost,141.75,152.39324951171875,test
2016-11-05 07:00:00,2016-11-05 08:00:00,h1,1,Beijing,XGBoost,141.75,143.9837646484375,test
2016-11-05 08:00:00,2016-11-05 09:00:00,h1,1,Beijing,XGBoost,162.25,133.74435424804688,test
2016-11-05 09:00:00,2016-11-05 10:00:00,h1,1,Beijing,XGBoost,200.166667,170.85549926757812,test
2016-11-05 10:00:00,2016-11-05 11:00:00,h1,1,Beijing,XGBoost,206.5,209.5520782470703,test
2016-11-05 11:00:00,2016-11-05 12:00:00,h1,1,Beijing,XGBoost,177.25,205.9853057861328,test
2016-11-05 12:00:00,2016-11-05 13:00:00,h1,1,Beijing,XGBoost,195.166667,103.42020416259766,test
2016-11-05 13:00:00,2016-11-05 14:00:00,h1,1,Beijing,XGBoost,187.833333,184.06434631347656,test
2016-11-05 14:00:00,2016-11-05 15:00:00,h1,1,Beijing,XGBoost,196.75,180.7186737060547,test
2016-11-05 15:00:00,2016-11-05 16:00:00,h1,1,Beijing,XGBoost,198.916667,191.78944396972656,test
2016-11-05 16:00:00,2016-11-05 17:00:00,h1,1,Beijing,XGBoost,199.25,200.85511779785156,test
2016-11-05 17:00:00,2016-11-05 18:00:00,h1,1,Beijing,XGBoost,200.083333,199.77194213867188,test
2016-11-05 18:00:00,2016-11-05 19:00:00,h1,1,Beijing,XGBoost,200.0,197.41461181640625,test
2016-11-05 19:00:00,2016-11-05 20:00:00,h1,1,Beijing,XGBoost,184.666667,199.07411193847656,test
2016-11-05 20:00:00,2016-11-05 21:00:00,h1,1,Beijing,XGBoost,150.833333,143.39634704589844,test
2016-11-05 21:00:00,2016-11-05 22:00:00,h1,1,Beijing,XGBoost,147.25,93.10587310791016,test
2016-11-05 22:00:00,2016-11-05 23:00:00,h1,1,Beijing,XGBoost,131.333333,132.52296447753906,test
2016-11-05 23:00:00,2016-11-06 00:00:00,h1,1,Beijing,XGBoost,129.916667,115.35895538330078,test
2016-11-06 00:00:00,2016-11-06 01:00:00,h1,1,Beijing,XGBoost,132.083333,125.537841796875,test
2016-11-06 01:00:00,2016-11-06 02:00:00,h1,1,Beijing,XGBoost,118.416667,130.2721710205078,test
2016-11-06 02:00:00,2016-11-06 03:00:00,h1,1,Beijing,XGBoost,101.666667,106.59144592285156,test
2016-11-06 03:00:00,2016-11-06 04:00:00,h1,1,Beijing,XGBoost,89.416667,90.18586730957031,test
2016-11-06 04:00:00,2016-11-06 05:00:00,h1,1,Beijing,XGBoost,77.083333,83.16209411621094,test
2016-11-06 05:00:00,2016-11-06 06:00:00,h1,1,Beijing,XGBoost,64.083333,68.5597152709961,test
2016-11-06 06:00:00,2016-11-06 07:00:00,h1,1,Beijing,XGBoost,56.666667,54.84090042114258,test
2016-11-06 07:00:00,2016-11-06 08:00:00,h1,1,Beijing,XGBoost,52.0,50.502899169921875,test
2016-11-06 08:00:00,2016-11-06 09:00:00,h1,1,Beijing,XGBoost,49.916667,51.126197814941406,test
2016-11-06 09:00:00,2016-11-06 10:00:00,h1,1,Beijing,XGBoost,49.666667,49.57627868652344,test
2016-11-06 10:00:00,2016-11-06 11:00:00,h1,1,Beijing,XGBoost,50.166667,47.76286697387695,test
2016-11-06 11:00:00,2016-11-06 12:00:00,h1,1,Beijing,XGBoost,49.583333,46.265933990478516,test
2016-11-06 12:00:00,2016-11-06 13:00:00,h1,1,Beijing,XGBoost,48.25,48.16972351074219,test
2016-11-06 13:00:00,2016-11-06 14:00:00,h1,1,Beijing,XGBoost,45.166667,46.715877532958984,test
2016-11-06 14:00:00,2016-11-06 15:00:00,h1,1,Beijing,XGBoost,45.416667,45.00104522705078,test
2016-11-06 15:00:00,2016-11-06 16:00:00,h1,1,Beijing,XGBoost,44.916667,46.0589599609375,test
2016-11-06 16:00:00,2016-11-06 17:00:00,h1,1,Beijing,XGBoost,46.0,45.040077209472656,test
2016-11-06 17:00:00,2016-11-06 18:00:00,h1,1,Beijing,XGBoost,54.666667,49.31851577758789,test
2016-11-06 18:00:00,2016-11-06 19:00:00,h1,1,Beijing,XGBoost,63.75,63.444461822509766,test
2016-11-06 19:00:00,2016-11-06 20:00:00,h1,1,Beijing,XGBoost,78.916667,68.98946380615234,test
2016-11-06 20:00:00,2016-11-06 21:00:00,h1,1,Beijing,XGBoost,86.666667,87.12137603759766,test
2016-11-06 21:00:00,2016-11-06 22:00:00,h1,1,Beijing,XGBoost,91.25,89.12451171875,test
2016-11-06 22:00:00,2016-11-06 23:00:00,h1,1,Beijing,XGBoost,98.0,92.26630401611328,test
2016-11-06 23:00:00,2016-11-07 00:00:00,h1,1,Beijing,XGBoost,105.166667,99.37224578857422,test
2016-11-07 00:00:00,2016-11-07 01:00:00,h1,1,Beijing,XGBoost,95.25,106.5281753540039,test
2016-11-07 01:00:00,2016-11-07 02:00:00,h1,1,Beijing,XGBoost,89.666667,91.15550231933594,test
2016-11-07 02:00:00,2016-11-07 03:00:00,h1,1,Beijing,XGBoost,82.333333,83.29975128173828,test
2016-11-07 03:00:00,2016-11-07 04:00:00,h1,1,Beijing,XGBoost,75.833333,79.88611602783203,test
2016-11-07 04:00:00,2016-11-07 05:00:00,h1,1,Beijing,XGBoost,73.75,70.72807312011719,test
2016-11-07 05:00:00,2016-11-07 06:00:00,h1,1,Beijing,XGBoost,69.5,72.57831573486328,test
2016-11-07 06:00:00,2016-11-07 07:00:00,h1,1,Beijing,XGBoost,67.416667,67.9095458984375,test
2016-11-07 07:00:00,2016-11-07 08:00:00,h1,1,Beijing,XGBoost,63.25,66.53248596191406,test
2016-11-07 08:00:00,2016-11-07 09:00:00,h1,1,Beijing,XGBoost,58.916667,59.95698165893555,test
2016-11-07 09:00:00,2016-11-07 10:00:00,h1,1,Beijing,XGBoost,39.666667,53.23318862915039,test
2016-11-07 10:00:00,2016-11-07 11:00:00,h1,1,Beijing,XGBoost,19.0,16.908370971679688,test
2016-11-07 11:00:00,2016-11-07 12:00:00,h1,1,Beijing,XGBoost,12.25,9.96047306060791,test
2016-11-07 12:00:00,2016-11-07 13:00:00,h1,1,Beijing,XGBoost,8.583333,11.602593421936035,test
2016-11-07 13:00:00,2016-11-07 14:00:00,h1,1,Beijing,XGBoost,7.666667,10.728401184082031,test
2016-11-07 14:00:00,2016-11-07 15:00:00,h1,1,Beijing,XGBoost,7.333333,8.363651275634766,test
2016-11-07 15:00:00,2016-11-07 16:00:00,h1,1,Beijing,XGBoost,8.5,7.668149471282959,test
2016-11-07 16:00:00,2016-11-07 17:00:00,h1,1,Beijing,XGBoost,6.583333,8.763795852661133,test
2016-11-07 17:00:00,2016-11-07 18:00:00,h1,1,Beijing,XGBoost,8.166667,8.04351806640625,test
2016-11-07 18:00:00,2016-11-07 19:00:00,h1,1,Beijing,XGBoost,10.166667,9.100785255432129,test
2016-11-07 19:00:00,2016-11-07 20:00:00,h1,1,Beijing,XGBoost,12.333333,11.488543510437012,test
2016-11-07 20:00:00,2016-11-07 21:00:00,h1,1,Beijing,XGBoost,11.0,12.769442558288574,test
2016-11-07 21:00:00,2016-11-07 22:00:00,h1,1,Beijing,XGBoost,9.583333,10.349506378173828,test
2016-11-07 22:00:00,2016-11-07 23:00:00,h1,1,Beijing,XGBoost,9.5,9.046613693237305,test
2016-11-07 23:00:00,2016-11-08 00:00:00,h1,1,Beijing,XGBoost,11.166667,9.65264892578125,test
2016-11-08 00:00:00,2016-11-08 01:00:00,h1,1,Beijing,XGBoost,14.333333,16.0186824798584,test
2016-11-08 01:00:00,2016-11-08 02:00:00,h1,1,Beijing,XGBoost,11.583333,18.35633087158203,test
2016-11-08 02:00:00,2016-11-08 03:00:00,h1,1,Beijing,XGBoost,11.333333,10.978095054626465,test
2016-11-08 03:00:00,2016-11-08 04:00:00,h1,1,Beijing,XGBoost,12.916667,10.72425365447998,test
2016-11-08 04:00:00,2016-11-08 05:00:00,h1,1,Beijing,XGBoost,12.833333,12.20107364654541,test
2016-11-08 05:00:00,2016-11-08 06:00:00,h1,1,Beijing,XGBoost,13.666667,12.077712059020996,test
2016-11-08 06:00:00,2016-11-08 07:00:00,h1,1,Beijing,XGBoost,17.75,15.102031707763672,test
2016-11-08 07:00:00,2016-11-08 08:00:00,h1,1,Beijing,XGBoost,20.0,20.63152313232422,test
2016-11-08 08:00:00,2016-11-08 09:00:00,h1,1,Beijing,XGBoost,23.833333,22.021690368652344,test
2016-11-08 09:00:00,2016-11-08 10:00:00,h1,1,Beijing,XGBoost,23.25,25.52248191833496,test
2016-11-08 10:00:00,2016-11-08 11:00:00,h1,1,Beijing,XGBoost,23.5,21.799732208251953,test
2016-11-08 11:00:00,2016-11-08 12:00:00,h1,1,Beijing,XGBoost,24.208333,24.08420753479004,test
2016-11-08 12:00:00,2016-11-08 13:00:00,h1,1,Beijing,XGBoost,25.25,24.297767639160156,test
2016-11-08 13:00:00,2016-11-08 14:00:00,h1,1,Beijing,XGBoost,30.083333,25.861591339111328,test
2016-11-08 14:00:00,2016-11-08 15:00:00,h1,1,Beijing,XGBoost,34.0,32.6634521484375,test
2016-11-08 15:00:00,2016-11-08 16:00:00,h1,1,Beijing,XGBoost,37.611111,38.068050384521484,test
2016-11-08 16:00:00,2016-11-08 17:00:00,h1,1,Beijing,XGBoost,53.138889,39.54653549194336,test
2016-11-08 17:00:00,2016-11-08 18:00:00,h1,1,Beijing,XGBoost,58.25,59.200706481933594,test
2016-11-08 18:00:00,2016-11-08 19:00:00,h1,1,Beijing,XGBoost,63.166667,63.924644470214844,test
2016-11-08 19:00:00,2016-11-08 20:00:00,h1,1,Beijing,XGBoost,72.333333,68.80403900146484,test
2016-11-08 20:00:00,2016-11-08 21:00:00,h1,1,Beijing,XGBoost,79.166667,77.08010864257812,test
2016-11-08 21:00:00,2016-11-08 22:00:00,h1,1,Beijing,XGBoost,82.833333,82.27532958984375,test
2016-11-08 22:00:00,2016-11-08 23:00:00,h1,1,Beijing,XGBoost,85.583333,84.66184997558594,test
2016-11-08 23:00:00,2016-11-09 00:00:00,h1,1,Beijing,XGBoost,84.25,86.64981079101562,test
2016-11-09 00:00:00,2016-11-09 01:00:00,h1,1,Beijing,XGBoost,83.333333,81.17619323730469,test
2016-11-09 01:00:00,2016-11-09 02:00:00,h1,1,Beijing,XGBoost,85.75,80.17119598388672,test
2016-11-09 02:00:00,2016-11-09 03:00:00,h1,1,Beijing,XGBoost,89.666667,84.97013092041016,test
2016-11-09 03:00:00,2016-11-09 04:00:00,h1,1,Beijing,XGBoost,90.75,89.15824127197266,test
2016-11-09 04:00:00,2016-11-09 05:00:00,h1,1,Beijing,XGBoost,89.0,91.31067657470703,test
2016-11-09 05:00:00,2016-11-09 06:00:00,h1,1,Beijing,XGBoost,91.916667,89.06714630126953,test
2016-11-09 06:00:00,2016-11-09 07:00:00,h1,1,Beijing,XGBoost,98.25,94.91948699951172,test
2016-11-09 07:00:00,2016-11-09 08:00:00,h1,1,Beijing,XGBoost,105.416667,104.3002700805664,test
2016-11-09 08:00:00,2016-11-09 09:00:00,h1,1,Beijing,XGBoost,115.416667,110.0718765258789,test
2016-11-09 09:00:00,2016-11-09 10:00:00,h1,1,Beijing,XGBoost,129.75,125.76669311523438,test
2016-11-09 10:00:00,2016-11-09 11:00:00,h1,1,Beijing,XGBoost,145.75,135.273681640625,test
2016-11-09 11:00:00,2016-11-09 12:00:00,h1,1,Beijing,XGBoost,164.75,161.64105224609375,test
2016-11-09 12:00:00,2016-11-09 13:00:00,h1,1,Beijing,XGBoost,177.083333,179.3626708984375,test
2016-11-09 13:00:00,2016-11-09 14:00:00,h1,1,Beijing,XGBoost,181.083333,186.1960906982422,test
2016-11-09 14:00:00,2016-11-09 15:00:00,h1,1,Beijing,XGBoost,189.5,185.66323852539062,test
2016-11-09 15:00:00,2016-11-09 16:00:00,h1,1,Beijing,XGBoost,195.75,197.42745971679688,test
2016-11-09 16:00:00,2016-11-09 17:00:00,h1,1,Beijing,XGBoost,198.472222,204.3299560546875,test
2016-11-09 17:00:00,2016-11-09 18:00:00,h1,1,Beijing,XGBoost,200.944444,200.91036987304688,test
2016-11-09 18:00:00,2016-11-09 19:00:00,h1,1,Beijing,XGBoost,190.416667,200.5903778076172,test
2016-11-09 19:00:00,2016-11-09 20:00:00,h1,1,Beijing,XGBoost,200.416667,187.47357177734375,test
2016-11-09 20:00:00,2016-11-09 21:00:00,h1,1,Beijing,XGBoost,208.833333,199.5321044921875,test
2016-11-09 21:00:00,2016-11-09 22:00:00,h1,1,Beijing,XGBoost,215.833333,214.6937713623047,test
2016-11-09 22:00:00,2016-11-09 23:00:00,h1,1,Beijing,XGBoost,224.333333,218.6855926513672,test
2016-11-09 23:00:00,2016-11-10 00:00:00,h1,1,Beijing,XGBoost,232.416667,200.8921661376953,test
2016-11-10 00:00:00,2016-11-10 01:00:00,h1,1,Beijing,XGBoost,221.25,220.8898162841797,test
2016-11-10 01:00:00,2016-11-10 02:00:00,h1,1,Beijing,XGBoost,209.833333,200.46572875976562,test
2016-11-10 02:00:00,2016-11-10 03:00:00,h1,1,Beijing,XGBoost,192.25,206.60647583007812,test
2016-11-10 03:00:00,2016-11-10 04:00:00,h1,1,Beijing,XGBoost,178.083333,180.54257202148438,test
2016-11-10 04:00:00,2016-11-10 05:00:00,h1,1,Beijing,XGBoost,166.416667,170.56167602539062,test
2016-11-10 05:00:00,2016-11-10 06:00:00,h1,1,Beijing,XGBoost,161.25,159.35076904296875,test
2016-11-10 06:00:00,2016-11-10 07:00:00,h1,1,Beijing,XGBoost,159.916667,160.41700744628906,test
2016-11-10 07:00:00,2016-11-10 08:00:00,h1,1,Beijing,XGBoost,155.583333,162.42787170410156,test
2016-11-10 08:00:00,2016-11-10 09:00:00,h1,1,Beijing,XGBoost,158.833333,154.2790985107422,test
2016-11-10 09:00:00,2016-11-10 10:00:00,h1,1,Beijing,XGBoost,163.0,163.58143615722656,test
2016-11-10 10:00:00,2016-11-10 11:00:00,h1,1,Beijing,XGBoost,182.25,165.8165740966797,test
2016-11-10 11:00:00,2016-11-10 12:00:00,h1,1,Beijing,XGBoost,178.25,197.66390991210938,test
2016-11-10 12:00:00,2016-11-10 13:00:00,h1,1,Beijing,XGBoost,187.75,180.8212127685547,test
2016-11-10 13:00:00,2016-11-10 14:00:00,h1,1,Beijing,XGBoost,186.416667,186.8054656982422,test
2016-11-10 14:00:00,2016-11-10 15:00:00,h1,1,Beijing,XGBoost,160.708333,184.4874267578125,test
2016-11-10 15:00:00,2016-11-10 16:00:00,h1,1,Beijing,XGBoost,135.25,129.3673858642578,test
2016-11-10 16:00:00,2016-11-10 17:00:00,h1,1,Beijing,XGBoost,107.0,117.23654174804688,test
2016-11-10 17:00:00,2016-11-10 18:00:00,h1,1,Beijing,XGBoost,133.25,88.60614776611328,test
2016-11-10 18:00:00,2016-11-10 19:00:00,h1,1,Beijing,XGBoost,169.583333,141.7913055419922,test
2016-11-10 19:00:00,2016-11-10 20:00:00,h1,1,Beijing,XGBoost,130.25,192.08546447753906,test
2016-11-10 20:00:00,2016-11-10 21:00:00,h1,1,Beijing,XGBoost,69.75,108.82328796386719,test
2016-11-10 21:00:00,2016-11-10 22:00:00,h1,1,Beijing,XGBoost,54.083333,51.9671516418457,test
2016-11-10 22:00:00,2016-11-10 23:00:00,h1,1,Beijing,XGBoost,48.583333,45.463172912597656,test
2016-11-10 23:00:00,2016-11-11 00:00:00,h1,1,Beijing,XGBoost,45.5,50.71547317504883,test
2016-11-11 00:00:00,2016-11-11 01:00:00,h1,1,Beijing,XGBoost,41.75,44.95075225830078,test
2016-11-11 01:00:00,2016-11-11 02:00:00,h1,1,Beijing,XGBoost,57.666667,40.82283020019531,test
2016-11-11 02:00:00,2016-11-11 03:00:00,h1,1,Beijing,XGBoost,73.25,66.17958068847656,test
2016-11-11 03:00:00,2016-11-11 04:00:00,h1,1,Beijing,XGBoost,90.5,82.68879699707031,test
2016-11-11 04:00:00,2016-11-11 05:00:00,h1,1,Beijing,XGBoost,100.0,98.98004913330078,test
2016-11-11 05:00:00,2016-11-11 06:00:00,h1,1,Beijing,XGBoost,99.833333,107.11317443847656,test
2016-11-11 06:00:00,2016-11-11 07:00:00,h1,1,Beijing,XGBoost,103.666667,101.75352478027344,test
2016-11-11 07:00:00,2016-11-11 08:00:00,h1,1,Beijing,XGBoost,115.833333,109.23486328125,test
2016-11-11 08:00:00,2016-11-11 09:00:00,h1,1,Beijing,XGBoost,116.583333,126.41357421875,test
2016-11-11 09:00:00,2016-11-11 10:00:00,h1,1,Beijing,XGBoost,114.166667,121.34391021728516,test
2016-11-11 10:00:00,2016-11-11 11:00:00,h1,1,Beijing,XGBoost,107.0,113.18904113769531,test
2016-11-11 11:00:00,2016-11-11 12:00:00,h1,1,Beijing,XGBoost,99.583333,101.24760437011719,test
2016-11-11 12:00:00,2016-11-11 13:00:00,h1,1,Beijing,XGBoost,88.25,91.69113159179688,test
2016-11-11 13:00:00,2016-11-11 14:00:00,h1,1,Beijing,XGBoost,68.833333,79.49664306640625,test
2016-11-11 14:00:00,2016-11-11 15:00:00,h1,1,Beijing,XGBoost,58.0,57.060585021972656,test
2016-11-11 15:00:00,2016-11-11 16:00:00,h1,1,Beijing,XGBoost,53.083333,53.45558547973633,test
2016-11-11 16:00:00,2016-11-11 17:00:00,h1,1,Beijing,XGBoost,52.083333,52.82563018798828,test
2016-11-11 17:00:00,2016-11-11 18:00:00,h1,1,Beijing,XGBoost,51.166667,57.392601013183594,test
2016-11-11 18:00:00,2016-11-11 19:00:00,h1,1,Beijing,XGBoost,62.583333,60.28767013549805,test
2016-11-11 19:00:00,2016-11-11 20:00:00,h1,1,Beijing,XGBoost,68.5,73.88838958740234,test
2016-11-11 20:00:00,2016-11-11 21:00:00,h1,1,Beijing,XGBoost,67.25,70.216552734375,test
2016-11-11 21:00:00,2016-11-11 22:00:00,h1,1,Beijing,XGBoost,69.5,64.81392669677734,test
2016-11-11 22:00:00,2016-11-11 23:00:00,h1,1,Beijing,XGBoost,72.583333,70.84381103515625,test
2016-11-11 23:00:00,2016-11-12 00:00:00,h1,1,Beijing,XGBoost,68.5,76.2081527709961,test
2016-11-12 00:00:00,2016-11-12 01:00:00,h1,1,Beijing,XGBoost,70.083333,65.67854309082031,test
2016-11-12 01:00:00,2016-11-12 02:00:00,h1,1,Beijing,XGBoost,70.416667,65.05155944824219,test
2016-11-12 02:00:00,2016-11-12 03:00:00,h1,1,Beijing,XGBoost,70.333333,69.88967895507812,test
2016-11-12 03:00:00,2016-11-12 04:00:00,h1,1,Beijing,XGBoost,64.25,66.52047729492188,test
2016-11-12 04:00:00,2016-11-12 05:00:00,h1,1,Beijing,XGBoost,65.25,58.65306854248047,test
2016-11-12 05:00:00,2016-11-12 06:00:00,h1,1,Beijing,XGBoost,63.583333,64.35284423828125,test
2016-11-12 06:00:00,2016-11-12 07:00:00,h1,1,Beijing,XGBoost,63.166667,62.14532470703125,test
2016-11-12 07:00:00,2016-11-12 08:00:00,h1,1,Beijing,XGBoost,61.75,65.1031265258789,test
2016-11-12 08:00:00,2016-11-12 09:00:00,h1,1,Beijing,XGBoost,57.75,62.89055252075195,test
2016-11-12 09:00:00,2016-11-12 10:00:00,h1,1,Beijing,XGBoost,49.416667,57.1747932434082,test
2016-11-12 10:00:00,2016-11-12 11:00:00,h1,1,Beijing,XGBoost,55.916667,47.35107421875,test
2016-11-12 11:00:00,2016-11-12 12:00:00,h1,1,Beijing,XGBoost,62.0,58.74845504760742,test
2016-11-12 12:00:00,2016-11-12 13:00:00,h1,1,Beijing,XGBoost,74.583333,65.83624267578125,test
2016-11-12 13:00:00,2016-11-12 14:00:00,h1,1,Beijing,XGBoost,77.416667,84.14140319824219,test
2016-11-12 14:00:00,2016-11-12 15:00:00,h1,1,Beijing,XGBoost,81.0,80.15834045410156,test
2016-11-12 15:00:00,2016-11-12 16:00:00,h1,1,Beijing,XGBoost,86.75,84.03337097167969,test
2016-11-12 16:00:00,2016-11-12 17:00:00,h1,1,Beijing,XGBoost,90.25,89.81782531738281,test
2016-11-12 17:00:00,2016-11-12 18:00:00,h1,1,Beijing,XGBoost,96.583333,95.91390991210938,test
2016-11-12 18:00:00,2016-11-12 19:00:00,h1,1,Beijing,XGBoost,104.083333,108.4433364868164,test
2016-11-12 19:00:00,2016-11-12 20:00:00,h1,1,Beijing,XGBoost,103.916667,110.22151184082031,test
2016-11-12 20:00:00,2016-11-12 21:00:00,h1,1,Beijing,XGBoost,102.916667,106.94750213623047,test
2016-11-12 21:00:00,2016-11-12 22:00:00,h1,1,Beijing,XGBoost,88.166667,103.11673736572266,test
2016-11-12 22:00:00,2016-11-12 23:00:00,h1,1,Beijing,XGBoost,65.666667,74.94757080078125,test
2016-11-12 23:00:00,2016-11-13 00:00:00,h1,1,Beijing,XGBoost,54.916667,51.78362274169922,test
2016-11-13 00:00:00,2016-11-13 01:00:00,h1,1,Beijing,XGBoost,51.583333,49.09726333618164,test
2016-11-13 01:00:00,2016-11-13 02:00:00,h1,1,Beijing,XGBoost,49.916667,52.44982147216797,test
2016-11-13 02:00:00,2016-11-13 03:00:00,h1,1,Beijing,XGBoost,47.416667,47.993614196777344,test
2016-11-13 03:00:00,2016-11-13 04:00:00,h1,1,Beijing,XGBoost,49.0,46.309608459472656,test
2016-11-13 04:00:00,2016-11-13 05:00:00,h1,1,Beijing,XGBoost,52.166667,49.92168045043945,test
2016-11-13 05:00:00,2016-11-13 06:00:00,h1,1,Beijing,XGBoost,53.5,54.37976837158203,test
2016-11-13 06:00:00,2016-11-13 07:00:00,h1,1,Beijing,XGBoost,56.833333,58.118858337402344,test
2016-11-13 07:00:00,2016-11-13 08:00:00,h1,1,Beijing,XGBoost,59.583333,62.741905212402344,test
2016-11-13 08:00:00,2016-11-13 09:00:00,h1,1,Beijing,XGBoost,63.333333,64.97554016113281,test
2016-11-13 09:00:00,2016-11-13 10:00:00,h1,1,Beijing,XGBoost,69.0,67.91519165039062,test
2016-11-13 10:00:00,2016-11-13 11:00:00,h1,1,Beijing,XGBoost,78.083333,73.44768524169922,test
2016-11-13 11:00:00,2016-11-13 12:00:00,h1,1,Beijing,XGBoost,89.5,83.5952377319336,test
2016-11-13 12:00:00,2016-11-13 13:00:00,h1,1,Beijing,XGBoost,98.166667,101.08450317382812,test
2016-11-13 13:00:00,2016-11-13 14:00:00,h1,1,Beijing,XGBoost,108.166667,105.7467269897461,test
2016-11-13 14:00:00,2016-11-13 15:00:00,h1,1,Beijing,XGBoost,115.916667,115.04451751708984,test
2016-11-13 15:00:00,2016-11-13 16:00:00,h1,1,Beijing,XGBoost,124.083333,125.19244384765625,test
2016-11-13 16:00:00,2016-11-13 17:00:00,h1,1,Beijing,XGBoost,132.25,128.1273193359375,test
2016-11-13 17:00:00,2016-11-13 18:00:00,h1,1,Beijing,XGBoost,137.75,145.3174285888672,test
2016-11-13 18:00:00,2016-11-13 19:00:00,h1,1,Beijing,XGBoost,143.833333,142.177490234375,test
2016-11-13 19:00:00,2016-11-13 20:00:00,h1,1,Beijing,XGBoost,146.5,144.6631622314453,test
2016-11-13 20:00:00,2016-11-13 21:00:00,h1,1,Beijing,XGBoost,153.333333,149.9430389404297,test
2016-11-13 21:00:00,2016-11-13 22:00:00,h1,1,Beijing,XGBoost,162.083333,156.4147491455078,test
2016-11-13 22:00:00,2016-11-13 23:00:00,h1,1,Beijing,XGBoost,159.25,167.96084594726562,test
2016-11-13 23:00:00,2016-11-14 00:00:00,h1,1,Beijing,XGBoost,155.333333,149.06781005859375,test
2016-11-14 00:00:00,2016-11-14 01:00:00,h1,1,Beijing,XGBoost,146.166667,151.06922912597656,test
2016-11-14 01:00:00,2016-11-14 02:00:00,h1,1,Beijing,XGBoost,141.416667,143.0015869140625,test
2016-11-14 02:00:00,2016-11-14 03:00:00,h1,1,Beijing,XGBoost,133.25,129.936767578125,test
2016-11-14 03:00:00,2016-11-14 04:00:00,h1,1,Beijing,XGBoost,127.833333,121.0428237915039,test
2016-11-14 04:00:00,2016-11-14 05:00:00,h1,1,Beijing,XGBoost,94.0,118.06420135498047,test
2016-11-14 05:00:00,2016-11-14 06:00:00,h1,1,Beijing,XGBoost,49.333333,73.33753204345703,test
2016-11-14 06:00:00,2016-11-14 07:00:00,h1,1,Beijing,XGBoost,23.833333,35.642574310302734,test
2016-11-14 07:00:00,2016-11-14 08:00:00,h1,1,Beijing,XGBoost,13.333333,18.47342300415039,test
2016-11-14 08:00:00,2016-11-14 09:00:00,h1,1,Beijing,XGBoost,12.083333,11.517712593078613,test
2016-11-14 09:00:00,2016-11-14 10:00:00,h1,1,Beijing,XGBoost,9.916667,11.74626636505127,test
2016-11-14 10:00:00,2016-11-14 11:00:00,h1,1,Beijing,XGBoost,8.25,9.29027271270752,test
2016-11-14 11:00:00,2016-11-14 12:00:00,h1,1,Beijing,XGBoost,9.333333,7.1812028884887695,test
2016-11-14 12:00:00,2016-11-14 13:00:00,h1,1,Beijing,XGBoost,7.166667,8.848045349121094,test
2016-11-14 13:00:00,2016-11-14 14:00:00,h1,1,Beijing,XGBoost,9.75,7.728593349456787,test
2016-11-14 14:00:00,2016-11-14 15:00:00,h1,1,Beijing,XGBoost,6.333333,9.245949745178223,test
2016-11-14 15:00:00,2016-11-14 16:00:00,h1,1,Beijing,XGBoost,6.916667,7.392709732055664,test
2016-11-14 16:00:00,2016-11-14 17:00:00,h1,1,Beijing,XGBoost,6.083333,6.7019877433776855,test
2016-11-14 17:00:00,2016-11-14 18:00:00,h1,1,Beijing,XGBoost,7.333333,6.93666410446167,test
2016-11-14 18:00:00,2016-11-14 19:00:00,h1,1,Beijing,XGBoost,11.916667,8.932503700256348,test
2016-11-14 19:00:00,2016-11-14 20:00:00,h1,1,Beijing,XGBoost,14.416667,18.26475715637207,test
2016-11-14 20:00:00,2016-11-14 21:00:00,h1,1,Beijing,XGBoost,15.916667,16.468891143798828,test
2016-11-14 21:00:00,2016-11-14 22:00:00,h1,1,Beijing,XGBoost,14.416667,16.502870559692383,test
2016-11-14 22:00:00,2016-11-14 23:00:00,h1,1,Beijing,XGBoost,12.333333,14.170337677001953,test
2016-11-14 23:00:00,2016-11-15 00:00:00,h1,1,Beijing,XGBoost,11.666667,11.790948867797852,test
2016-11-15 00:00:00,2016-11-15 01:00:00,h1,1,Beijing,XGBoost,11.5,12.412059783935547,test
2016-11-15 01:00:00,2016-11-15 02:00:00,h1,1,Beijing,XGBoost,13.75,11.342142105102539,test
2016-11-15 02:00:00,2016-11-15 03:00:00,h1,1,Beijing,XGBoost,14.416667,13.214141845703125,test
2016-11-15 03:00:00,2016-11-15 04:00:00,h1,1,Beijing,XGBoost,11.416667,13.566191673278809,test
2016-11-15 04:00:00,2016-11-15 05:00:00,h1,1,Beijing,XGBoost,8.75,10.802999496459961,test
2016-11-15 05:00:00,2016-11-15 06:00:00,h1,1,Beijing,XGBoost,10.416667,9.600290298461914,test
2016-11-15 06:00:00,2016-11-15 07:00:00,h1,1,Beijing,XGBoost,14.5,10.886907577514648,test
2016-11-15 07:00:00,2016-11-15 08:00:00,h1,1,Beijing,XGBoost,21.916667,16.8109073638916,test
2016-11-15 08:00:00,2016-11-15 09:00:00,h1,1,Beijing,XGBoost,20.083333,27.173675537109375,test
2016-11-15 09:00:00,2016-11-15 10:00:00,h1,1,Beijing,XGBoost,32.0,21.08318328857422,test
2016-11-15 10:00:00,2016-11-15 11:00:00,h1,1,Beijing,XGBoost,33.25,37.48171615600586,test
2016-11-15 11:00:00,2016-11-15 12:00:00,h1,1,Beijing,XGBoost,29.25,35.560386657714844,test
2016-11-15 12:00:00,2016-11-15 13:00:00,h1,1,Beijing,XGBoost,30.25,27.666860580444336,test
2016-11-15 13:00:00,2016-11-15 14:00:00,h1,1,Beijing,XGBoost,38.5,31.539424896240234,test
2016-11-15 14:00:00,2016-11-15 15:00:00,h1,1,Beijing,XGBoost,46.583333,43.715667724609375,test
2016-11-15 15:00:00,2016-11-15 16:00:00,h1,1,Beijing,XGBoost,47.916667,50.898860931396484,test
2016-11-15 16:00:00,2016-11-15 17:00:00,h1,1,Beijing,XGBoost,48.833333,49.61742401123047,test
2016-11-15 17:00:00,2016-11-15 18:00:00,h1,1,Beijing,XGBoost,58.166667,55.206459045410156,test
2016-11-15 18:00:00,2016-11-15 19:00:00,h1,1,Beijing,XGBoost,65.75,72.86726379394531,test
2016-11-15 19:00:00,2016-11-15 20:00:00,h1,1,Beijing,XGBoost,76.083333,72.07630920410156,test
2016-11-15 20:00:00,2016-11-15 21:00:00,h1,1,Beijing,XGBoost,83.166667,79.16252136230469,test
2016-11-15 21:00:00,2016-11-15 22:00:00,h1,1,Beijing,XGBoost,94.833333,84.19961547851562,test
2016-11-15 22:00:00,2016-11-15 23:00:00,h1,1,Beijing,XGBoost,119.166667,101.4526138305664,test
2016-11-15 23:00:00,2016-11-16 00:00:00,h1,1,Beijing,XGBoost,126.5,129.1622314453125,test
2016-11-16 00:00:00,2016-11-16 01:00:00,h1,1,Beijing,XGBoost,110.583333,123.27386474609375,test
2016-11-16 01:00:00,2016-11-16 02:00:00,h1,1,Beijing,XGBoost,103.583333,94.8649673461914,test
2016-11-16 02:00:00,2016-11-16 03:00:00,h1,1,Beijing,XGBoost,92.916667,99.94825744628906,test
2016-11-16 03:00:00,2016-11-16 04:00:00,h1,1,Beijing,XGBoost,83.416667,87.97211456298828,test
2016-11-16 04:00:00,2016-11-16 05:00:00,h1,1,Beijing,XGBoost,74.75,71.90414428710938,test
2016-11-16 05:00:00,2016-11-16 06:00:00,h1,1,Beijing,XGBoost,70.833333,66.17200469970703,test
2016-11-16 06:00:00,2016-11-16 07:00:00,h1,1,Beijing,XGBoost,72.333333,69.0131607055664,test
2016-11-16 07:00:00,2016-11-16 08:00:00,h1,1,Beijing,XGBoost,75.416667,78.24970245361328,test
2016-11-16 08:00:00,2016-11-16 09:00:00,h1,1,Beijing,XGBoost,78.416667,82.32459259033203,test
2016-11-16 09:00:00,2016-11-16 10:00:00,h1,1,Beijing,XGBoost,77.483333,87.47940826416016,test
2016-11-16 10:00:00,2016-11-16 11:00:00,h1,1,Beijing,XGBoost,84.216667,77.14451599121094,test
2016-11-16 11:00:00,2016-11-16 12:00:00,h1,1,Beijing,XGBoost,85.283333,85.13069915771484,test
2016-11-16 12:00:00,2016-11-16 13:00:00,h1,1,Beijing,XGBoost,89.1,86.60690307617188,test
2016-11-16 13:00:00,2016-11-16 14:00:00,h1,1,Beijing,XGBoost,92.583333,92.41272735595703,test
2016-11-16 14:00:00,2016-11-16 15:00:00,h1,1,Beijing,XGBoost,93.472222,95.22504425048828,test
2016-11-16 15:00:00,2016-11-16 16:00:00,h1,1,Beijing,XGBoost,91.611111,95.01195526123047,test
2016-11-16 16:00:00,2016-11-16 17:00:00,h1,1,Beijing,XGBoost,90.333333,93.9206771850586,test
2016-11-16 17:00:00,2016-11-16 18:00:00,h1,1,Beijing,XGBoost,97.0,95.25597381591797,test
2016-11-16 18:00:00,2016-11-16 19:00:00,h1,1,Beijing,XGBoost,110.083333,110.13086700439453,test
2016-11-16 19:00:00,2016-11-16 20:00:00,h1,1,Beijing,XGBoost,124.166667,119.79615020751953,test
2016-11-16 20:00:00,2016-11-16 21:00:00,h1,1,Beijing,XGBoost,130.833333,129.07704162597656,test
2016-11-16 21:00:00,2016-11-16 22:00:00,h1,1,Beijing,XGBoost,133.583333,134.41603088378906,test
2016-11-16 22:00:00,2016-11-16 23:00:00,h1,1,Beijing,XGBoost,149.166667,134.63845825195312,test
2016-11-16 23:00:00,2016-11-17 00:00:00,h1,1,Beijing,XGBoost,154.083333,157.32322692871094,test
2016-11-17 00:00:00,2016-11-17 01:00:00,h1,1,Beijing,XGBoost,151.75,152.3367919921875,test
2016-11-17 01:00:00,2016-11-17 02:00:00,h1,1,Beijing,XGBoost,153.166667,145.7762908935547,test
2016-11-17 02:00:00,2016-11-17 03:00:00,h1,1,Beijing,XGBoost,152.833333,155.81764221191406,test
2016-11-17 03:00:00,2016-11-17 04:00:00,h1,1,Beijing,XGBoost,136.333333,149.96961975097656,test
2016-11-17 04:00:00,2016-11-17 05:00:00,h1,1,Beijing,XGBoost,113.5,118.99712371826172,test
2016-11-17 05:00:00,2016-11-17 06:00:00,h1,1,Beijing,XGBoost,93.833333,86.51617431640625,test
2016-11-17 06:00:00,2016-11-17 07:00:00,h1,1,Beijing,XGBoost,89.583333,82.08549499511719,test
2016-11-17 07:00:00,2016-11-17 08:00:00,h1,1,Beijing,XGBoost,81.75,87.10771942138672,test
2016-11-17 08:00:00,2016-11-17 09:00:00,h1,1,Beijing,XGBoost,81.833333,82.20926666259766,test
2016-11-17 09:00:00,2016-11-17 10:00:00,h1,1,Beijing,XGBoost,82.833333,83.902587890625,test
2016-11-17 10:00:00,2016-11-17 11:00:00,h1,1,Beijing,XGBoost,84.166667,85.76420593261719,test
2016-11-17 11:00:00,2016-11-17 12:00:00,h1,1,Beijing,XGBoost,85.0,87.3990478515625,test
2016-11-17 12:00:00,2016-11-17 13:00:00,h1,1,Beijing,XGBoost,88.166667,87.70491027832031,test
2016-11-17 13:00:00,2016-11-17 14:00:00,h1,1,Beijing,XGBoost,89.416667,92.49064636230469,test
2016-11-17 14:00:00,2016-11-17 15:00:00,h1,1,Beijing,XGBoost,94.0,92.14966583251953,test
2016-11-17 15:00:00,2016-11-17 16:00:00,h1,1,Beijing,XGBoost,101.333333,101.7386474609375,test
2016-11-17 16:00:00,2016-11-17 17:00:00,h1,1,Beijing,XGBoost,107.0,107.39351654052734,test
2016-11-17 17:00:00,2016-11-17 18:00:00,h1,1,Beijing,XGBoost,115.083333,113.41620635986328,test
2016-11-17 18:00:00,2016-11-17 19:00:00,h1,1,Beijing,XGBoost,122.333333,123.45339965820312,test
2016-11-17 19:00:00,2016-11-17 20:00:00,h1,1,Beijing,XGBoost,133.166667,126.60962677001953,test
2016-11-17 20:00:00,2016-11-17 21:00:00,h1,1,Beijing,XGBoost,141.083333,139.7598419189453,test
2016-11-17 21:00:00,2016-11-17 22:00:00,h1,1,Beijing,XGBoost,146.416667,151.18821716308594,test
2016-11-17 22:00:00,2016-11-17 23:00:00,h1,1,Beijing,XGBoost,149.583333,147.0372772216797,test
2016-11-17 23:00:00,2016-11-18 00:00:00,h1,1,Beijing,XGBoost,155.25,142.5170440673828,test
2016-11-18 00:00:00,2016-11-18 01:00:00,h1,1,Beijing,XGBoost,164.083333,150.26849365234375,test
2016-11-18 01:00:00,2016-11-18 02:00:00,h1,1,Beijing,XGBoost,164.916667,161.7729949951172,test
2016-11-18 02:00:00,2016-11-18 03:00:00,h1,1,Beijing,XGBoost,164.75,160.4084014892578,test
2016-11-18 03:00:00,2016-11-18 04:00:00,h1,1,Beijing,XGBoost,162.75,159.3659210205078,test
2016-11-18 04:00:00,2016-11-18 05:00:00,h1,1,Beijing,XGBoost,159.75,155.4147491455078,test
2016-11-18 05:00:00,2016-11-18 06:00:00,h1,1,Beijing,XGBoost,162.083333,154.81011962890625,test
2016-11-18 06:00:00,2016-11-18 07:00:00,h1,1,Beijing,XGBoost,163.833333,163.23912048339844,test
2016-11-18 07:00:00,2016-11-18 08:00:00,h1,1,Beijing,XGBoost,163.583333,164.58602905273438,test
2016-11-18 08:00:00,2016-11-18 09:00:00,h1,1,Beijing,XGBoost,169.166667,159.75917053222656,test
2016-11-18 09:00:00,2016-11-18 10:00:00,h1,1,Beijing,XGBoost,175.75,170.3980255126953,test
2016-11-18 10:00:00,2016-11-18 11:00:00,h1,1,Beijing,XGBoost,188.916667,182.11289978027344,test
2016-11-18 11:00:00,2016-11-18 12:00:00,h1,1,Beijing,XGBoost,201.083333,199.82398986816406,test
2016-11-18 12:00:00,2016-11-18 13:00:00,h1,1,Beijing,XGBoost,213.166667,215.02194213867188,test
2016-11-18 13:00:00,2016-11-18 14:00:00,h1,1,Beijing,XGBoost,221.166667,226.22076416015625,test
2016-11-18 14:00:00,2016-11-18 15:00:00,h1,1,Beijing,XGBoost,223.0,230.15896606445312,test
2016-11-18 15:00:00,2016-11-18 16:00:00,h1,1,Beijing,XGBoost,221.916667,223.07225036621094,test
2016-11-18 16:00:00,2016-11-18 17:00:00,h1,1,Beijing,XGBoost,220.583333,218.3841552734375,test
2016-11-18 17:00:00,2016-11-18 18:00:00,h1,1,Beijing,XGBoost,214.416667,225.2797393798828,test
2016-11-18 18:00:00,2016-11-18 19:00:00,h1,1,Beijing,XGBoost,205.166667,221.48785400390625,test
2016-11-18 19:00:00,2016-11-18 20:00:00,h1,1,Beijing,XGBoost,206.666667,202.5917205810547,test
2016-11-18 20:00:00,2016-11-18 21:00:00,h1,1,Beijing,XGBoost,205.916667,202.03402709960938,test
2016-11-18 21:00:00,2016-11-18 22:00:00,h1,1,Beijing,XGBoost,206.583333,201.78677368164062,test
2016-11-18 22:00:00,2016-11-18 23:00:00,h1,1,Beijing,XGBoost,202.25,203.75242614746094,test
2016-11-18 23:00:00,2016-11-19 00:00:00,h1,1,Beijing,XGBoost,212.083333,155.25494384765625,test
2016-11-19 00:00:00,2016-11-19 01:00:00,h1,1,Beijing,XGBoost,221.333333,187.74081420898438,test
2016-11-19 01:00:00,2016-11-19 02:00:00,h1,1,Beijing,XGBoost,219.416667,198.44102478027344,test
2016-11-19 02:00:00,2016-11-19 03:00:00,h1,1,Beijing,XGBoost,213.583333,216.34046936035156,test
2016-11-19 03:00:00,2016-11-19 04:00:00,h1,1,Beijing,XGBoost,200.75,211.8878173828125,test
2016-11-19 04:00:00,2016-11-19 05:00:00,h1,1,Beijing,XGBoost,189.0,191.92843627929688,test
2016-11-19 05:00:00,2016-11-19 06:00:00,h1,1,Beijing,XGBoost,177.083333,160.5771942138672,test
2016-11-19 06:00:00,2016-11-19 07:00:00,h1,1,Beijing,XGBoost,124.916667,147.0229034423828,test
2016-11-19 07:00:00,2016-11-19 08:00:00,h1,1,Beijing,XGBoost,79.5,78.05624389648438,test
2016-11-19 08:00:00,2016-11-19 09:00:00,h1,1,Beijing,XGBoost,48.75,47.84794998168945,test
2016-11-19 09:00:00,2016-11-19 10:00:00,h1,1,Beijing,XGBoost,43.416667,29.052366256713867,test
2016-11-19 10:00:00,2016-11-19 11:00:00,h1,1,Beijing,XGBoost,35.916667,31.83737564086914,test
2016-11-19 11:00:00,2016-11-19 12:00:00,h1,1,Beijing,XGBoost,31.75,31.490026473999023,test
2016-11-19 12:00:00,2016-11-19 13:00:00,h1,1,Beijing,XGBoost,28.25,31.341398239135742,test
2016-11-19 13:00:00,2016-11-19 14:00:00,h1,1,Beijing,XGBoost,22.75,26.098047256469727,test
2016-11-19 14:00:00,2016-11-19 15:00:00,h1,1,Beijing,XGBoost,24.25,20.955284118652344,test
2016-11-19 15:00:00,2016-11-19 16:00:00,h1,1,Beijing,XGBoost,47.75,25.096866607666016,test
2016-11-19 16:00:00,2016-11-19 17:00:00,h1,1,Beijing,XGBoost,116.916667,61.704261779785156,test
2016-11-19 17:00:00,2016-11-19 18:00:00,h1,1,Beijing,XGBoost,155.083333,137.2520294189453,test
2016-11-19 18:00:00,2016-11-19 19:00:00,h1,1,Beijing,XGBoost,177.75,199.4949188232422,test
2016-11-19 19:00:00,2016-11-19 20:00:00,h1,1,Beijing,XGBoost,192.583333,183.966796875,test
2016-11-19 20:00:00,2016-11-19 21:00:00,h1,1,Beijing,XGBoost,169.916667,199.28648376464844,test
2016-11-19 21:00:00,2016-11-19 22:00:00,h1,1,Beijing,XGBoost,135.0,116.40190124511719,test
2016-11-19 22:00:00,2016-11-19 23:00:00,h1,1,Beijing,XGBoost,112.666667,103.23741149902344,test
2016-11-19 23:00:00,2016-11-20 00:00:00,h1,1,Beijing,XGBoost,109.583333,91.73207092285156,test
2016-11-20 00:00:00,2016-11-20 01:00:00,h1,1,Beijing,XGBoost,102.416667,101.71125793457031,test
2016-11-20 01:00:00,2016-11-20 02:00:00,h1,1,Beijing,XGBoost,89.666667,93.1864013671875,test
2016-11-20 02:00:00,2016-11-20 03:00:00,h1,1,Beijing,XGBoost,76.333333,77.67847442626953,test
2016-11-20 03:00:00,2016-11-20 04:00:00,h1,1,Beijing,XGBoost,64.25,67.69839477539062,test
2016-11-20 04:00:00,2016-11-20 05:00:00,h1,1,Beijing,XGBoost,58.583333,53.614253997802734,test
2016-11-20 05:00:00,2016-11-20 06:00:00,h1,1,Beijing,XGBoost,51.25,49.579185485839844,test
2016-11-20 06:00:00,2016-11-20 07:00:00,h1,1,Beijing,XGBoost,49.5,44.94636535644531,test
2016-11-20 07:00:00,2016-11-20 08:00:00,h1,1,Beijing,XGBoost,47.916667,45.49246597290039,test
2016-11-20 08:00:00,2016-11-20 09:00:00,h1,1,Beijing,XGBoost,52.666667,44.35831069946289,test
2016-11-20 09:00:00,2016-11-20 10:00:00,h1,1,Beijing,XGBoost,57.25,54.68950653076172,test
2016-11-20 10:00:00,2016-11-20 11:00:00,h1,1,Beijing,XGBoost,57.75,57.81205368041992,test
2016-11-20 11:00:00,2016-11-20 12:00:00,h1,1,Beijing,XGBoost,63.916667,57.83467483520508,test
2016-11-20 12:00:00,2016-11-20 13:00:00,h1,1,Beijing,XGBoost,68.666667,68.2706298828125,test
2016-11-20 13:00:00,2016-11-20 14:00:00,h1,1,Beijing,XGBoost,68.416667,70.48180389404297,test
2016-11-20 14:00:00,2016-11-20 15:00:00,h1,1,Beijing,XGBoost,67.0,66.51210021972656,test
2016-11-20 15:00:00,2016-11-20 16:00:00,h1,1,Beijing,XGBoost,56.5,64.04747772216797,test
2016-11-20 16:00:00,2016-11-20 17:00:00,h1,1,Beijing,XGBoost,52.0,50.41035842895508,test
2016-11-20 17:00:00,2016-11-20 18:00:00,h1,1,Beijing,XGBoost,35.333333,51.03086471557617,test
2016-11-20 18:00:00,2016-11-20 19:00:00,h1,1,Beijing,XGBoost,29.0,29.090421676635742,test
2016-11-20 19:00:00,2016-11-20 20:00:00,h1,1,Beijing,XGBoost,21.416667,22.745485305786133,test
2016-11-20 20:00:00,2016-11-20 21:00:00,h1,1,Beijing,XGBoost,14.916667,10.809708595275879,test
2016-11-20 21:00:00,2016-11-20 22:00:00,h1,1,Beijing,XGBoost,13.166667,12.08454418182373,test
2016-11-20 22:00:00,2016-11-20 23:00:00,h1,1,Beijing,XGBoost,12.0,11.317630767822266,test
2016-11-20 23:00:00,2016-11-21 00:00:00,h1,1,Beijing,XGBoost,11.166667,11.701266288757324,test
2016-11-21 00:00:00,2016-11-21 01:00:00,h1,1,Beijing,XGBoost,13.416667,10.82525634765625,test
2016-11-21 01:00:00,2016-11-21 02:00:00,h1,1,Beijing,XGBoost,12.416667,12.867737770080566,test
2016-11-21 02:00:00,2016-11-21 03:00:00,h1,1,Beijing,XGBoost,10.333333,10.140901565551758,test
2016-11-21 03:00:00,2016-11-21 04:00:00,h1,1,Beijing,XGBoost,9.583333,9.133277893066406,test
2016-11-21 04:00:00,2016-11-21 05:00:00,h1,1,Beijing,XGBoost,11.083333,8.323153495788574,test
2016-11-21 05:00:00,2016-11-21 06:00:00,h1,1,Beijing,XGBoost,6.916667,9.863001823425293,test
2016-11-21 06:00:00,2016-11-21 07:00:00,h1,1,Beijing,XGBoost,9.5,7.790603160858154,test
2016-11-21 07:00:00,2016-11-21 08:00:00,h1,1,Beijing,XGBoost,7.333333,8.491069793701172,test
2016-11-21 08:00:00,2016-11-21 09:00:00,h1,1,Beijing,XGBoost,8.5,6.388497829437256,test
2016-11-21 09:00:00,2016-11-21 10:00:00,h1,1,Beijing,XGBoost,9.583333,7.038150310516357,test
2016-11-21 10:00:00,2016-11-21 11:00:00,h1,1,Beijing,XGBoost,9.416667,8.65774917602539,test
2016-11-21 11:00:00,2016-11-21 12:00:00,h1,1,Beijing,XGBoost,9.666667,9.493021011352539,test
2016-11-21 12:00:00,2016-11-21 13:00:00,h1,1,Beijing,XGBoost,11.0,9.399578094482422,test
2016-11-21 13:00:00,2016-11-21 14:00:00,h1,1,Beijing,XGBoost,9.25,10.492477416992188,test
2016-11-21 14:00:00,2016-11-21 15:00:00,h1,1,Beijing,XGBoost,8.75,8.373258590698242,test
2016-11-21 15:00:00,2016-11-21 16:00:00,h1,1,Beijing,XGBoost,9.583333,8.360648155212402,test
2016-11-21 16:00:00,2016-11-21 17:00:00,h1,1,Beijing,XGBoost,8.166667,9.17951488494873,test
2016-11-21 17:00:00,2016-11-21 18:00:00,h1,1,Beijing,XGBoost,9.416667,8.299489974975586,test
2016-11-21 18:00:00,2016-11-21 19:00:00,h1,1,Beijing,XGBoost,11.0,8.642995834350586,test
2016-11-21 19:00:00,2016-11-21 20:00:00,h1,1,Beijing,XGBoost,10.833333,11.404815673828125,test
2016-11-21 20:00:00,2016-11-21 21:00:00,h1,1,Beijing,XGBoost,9.083333,9.5756254196167,test
2016-11-21 21:00:00,2016-11-21 22:00:00,h1,1,Beijing,XGBoost,8.416667,8.260741233825684,test
2016-11-21 22:00:00,2016-11-21 23:00:00,h1,1,Beijing,XGBoost,7.083333,7.616864204406738,test
2016-11-21 23:00:00,2016-11-22 00:00:00,h1,1,Beijing,XGBoost,8.25,7.0720415115356445,test
2016-11-22 00:00:00,2016-11-22 01:00:00,h1,1,Beijing,XGBoost,7.25,7.542699337005615,test
2016-11-22 01:00:00,2016-11-22 02:00:00,h1,1,Beijing,XGBoost,5.333333,6.249180793762207,test
2016-11-22 02:00:00,2016-11-22 03:00:00,h1,1,Beijing,XGBoost,5.916667,5.371532440185547,test
2016-11-22 03:00:00,2016-11-22 04:00:00,h1,1,Beijing,XGBoost,6.0,5.472161769866943,test
2016-11-22 04:00:00,2016-11-22 05:00:00,h1,1,Beijing,XGBoost,5.75,4.913415908813477,test
2016-11-22 05:00:00,2016-11-22 06:00:00,h1,1,Beijing,XGBoost,4.666667,5.196335315704346,test
2016-11-22 06:00:00,2016-11-22 07:00:00,h1,1,Beijing,XGBoost,6.5,5.215404510498047,test
2016-11-22 07:00:00,2016-11-22 08:00:00,h1,1,Beijing,XGBoost,7.5,7.4567484855651855,test
2016-11-22 08:00:00,2016-11-22 09:00:00,h1,1,Beijing,XGBoost,7.833333,7.8470282554626465,test
2016-11-22 09:00:00,2016-11-22 10:00:00,h1,1,Beijing,XGBoost,8.083333,6.938657760620117,test
2016-11-22 10:00:00,2016-11-22 11:00:00,h1,1,Beijing,XGBoost,7.75,7.132469177246094,test
2016-11-22 11:00:00,2016-11-22 12:00:00,h1,1,Beijing,XGBoost,6.5,6.891293048858643,test
2016-11-22 12:00:00,2016-11-22 13:00:00,h1,1,Beijing,XGBoost,6.0,6.846197128295898,test
2016-11-22 13:00:00,2016-11-22 14:00:00,h1,1,Beijing,XGBoost,7.583333,6.460172653198242,test
2016-11-22 14:00:00,2016-11-22 15:00:00,h1,1,Beijing,XGBoost,6.583333,7.968545913696289,test
2016-11-22 15:00:00,2016-11-22 16:00:00,h1,1,Beijing,XGBoost,7.166667,7.005466938018799,test
2016-11-22 16:00:00,2016-11-22 17:00:00,h1,1,Beijing,XGBoost,7.333333,7.522632122039795,test
2016-11-22 17:00:00,2016-11-22 18:00:00,h1,1,Beijing,XGBoost,9.416667,7.7744011878967285,test
2016-11-22 18:00:00,2016-11-22 19:00:00,h1,1,Beijing,XGBoost,14.083333,9.89764404296875,test
2016-11-22 19:00:00,2016-11-22 20:00:00,h1,1,Beijing,XGBoost,13.666667,19.627670288085938,test
2016-11-22 20:00:00,2016-11-22 21:00:00,h1,1,Beijing,XGBoost,13.416667,13.80544662475586,test
2016-11-22 21:00:00,2016-11-22 22:00:00,h1,1,Beijing,XGBoost,12.25,13.095784187316895,test
2016-11-22 22:00:00,2016-11-22 23:00:00,h1,1,Beijing,XGBoost,11.333333,11.98157024383545,test
2016-11-22 23:00:00,2016-11-23 00:00:00,h1,1,Beijing,XGBoost,11.333333,11.830506324768066,test
2016-11-23 00:00:00,2016-11-23 01:00:00,h1,1,Beijing,XGBoost,11.0,11.18230152130127,test
2016-11-23 01:00:00,2016-11-23 02:00:00,h1,1,Beijing,XGBoost,10.5,10.229304313659668,test
2016-11-23 02:00:00,2016-11-23 03:00:00,h1,1,Beijing,XGBoost,10.333333,9.177361488342285,test
2016-11-23 03:00:00,2016-11-23 04:00:00,h1,1,Beijing,XGBoost,8.666667,8.607869148254395,test
2016-11-23 04:00:00,2016-11-23 05:00:00,h1,1,Beijing,XGBoost,8.416667,7.789194583892822,test
2016-11-23 05:00:00,2016-11-23 06:00:00,h1,1,Beijing,XGBoost,9.25,8.02402400970459,test
2016-11-23 06:00:00,2016-11-23 07:00:00,h1,1,Beijing,XGBoost,12.166667,8.924972534179688,test
2016-11-23 07:00:00,2016-11-23 08:00:00,h1,1,Beijing,XGBoost,15.583333,15.022799491882324,test
2016-11-23 08:00:00,2016-11-23 09:00:00,h1,1,Beijing,XGBoost,24.75,17.842390060424805,test
2016-11-23 09:00:00,2016-11-23 10:00:00,h1,1,Beijing,XGBoost,33.333333,30.64143943786621,test
2016-11-23 10:00:00,2016-11-23 11:00:00,h1,1,Beijing,XGBoost,32.027778,37.595088958740234,test
2016-11-23 11:00:00,2016-11-23 12:00:00,h1,1,Beijing,XGBoost,35.055556,32.19056701660156,test
2016-11-23 12:00:00,2016-11-23 13:00:00,h1,1,Beijing,XGBoost,31.5,36.322731018066406,test
2016-11-23 13:00:00,2016-11-23 14:00:00,h1,1,Beijing,XGBoost,31.416667,29.842138290405273,test
2016-11-23 14:00:00,2016-11-23 15:00:00,h1,1,Beijing,XGBoost,18.666667,30.144533157348633,test
2016-11-23 15:00:00,2016-11-23 16:00:00,h1,1,Beijing,XGBoost,10.416667,14.787779808044434,test
2016-11-23 16:00:00,2016-11-23 17:00:00,h1,1,Beijing,XGBoost,16.333333,11.425191879272461,test
2016-11-23 17:00:00,2016-11-23 18:00:00,h1,1,Beijing,XGBoost,23.333333,24.68889045715332,test
2016-11-23 18:00:00,2016-11-23 19:00:00,h1,1,Beijing,XGBoost,29.25,27.4365234375,test
2016-11-23 19:00:00,2016-11-23 20:00:00,h1,1,Beijing,XGBoost,22.416667,37.11064529418945,test
2016-11-23 20:00:00,2016-11-23 21:00:00,h1,1,Beijing,XGBoost,23.75,22.477087020874023,test
2016-11-23 21:00:00,2016-11-23 22:00:00,h1,1,Beijing,XGBoost,14.416667,23.19822120666504,test
2016-11-23 22:00:00,2016-11-23 23:00:00,h1,1,Beijing,XGBoost,10.5,14.389415740966797,test
2016-11-23 23:00:00,2016-11-24 00:00:00,h1,1,Beijing,XGBoost,12.583333,13.030363082885742,test
2016-11-24 00:00:00,2016-11-24 01:00:00,h1,1,Beijing,XGBoost,11.583333,13.303726196289062,test
2016-11-24 01:00:00,2016-11-24 02:00:00,h1,1,Beijing,XGBoost,14.75,11.360274314880371,test
2016-11-24 02:00:00,2016-11-24 03:00:00,h1,1,Beijing,XGBoost,11.333333,14.702823638916016,test
2016-11-24 03:00:00,2016-11-24 04:00:00,h1,1,Beijing,XGBoost,11.916667,10.460502624511719,test
2016-11-24 04:00:00,2016-11-24 05:00:00,h1,1,Beijing,XGBoost,12.666667,11.04051685333252,test
2016-11-24 05:00:00,2016-11-24 06:00:00,h1,1,Beijing,XGBoost,16.666667,12.674275398254395,test
2016-11-24 06:00:00,2016-11-24 07:00:00,h1,1,Beijing,XGBoost,17.916667,19.392311096191406,test
2016-11-24 07:00:00,2016-11-24 08:00:00,h1,1,Beijing,XGBoost,31.333333,20.173696517944336,test
2016-11-24 08:00:00,2016-11-24 09:00:00,h1,1,Beijing,XGBoost,54.0,38.83351516723633,test
2016-11-24 09:00:00,2016-11-24 10:00:00,h1,1,Beijing,XGBoost,54.666667,78.86103820800781,test
2016-11-24 10:00:00,2016-11-24 11:00:00,h1,1,Beijing,XGBoost,60.583333,54.1007194519043,test
2016-11-24 11:00:00,2016-11-24 12:00:00,h1,1,Beijing,XGBoost,67.0,62.46718978881836,test
2016-11-24 12:00:00,2016-11-24 13:00:00,h1,1,Beijing,XGBoost,68.5,70.07342529296875,test
2016-11-24 13:00:00,2016-11-24 14:00:00,h1,1,Beijing,XGBoost,70.208333,69.96675109863281,test
2016-11-24 14:00:00,2016-11-24 15:00:00,h1,1,Beijing,XGBoost,74.916667,71.43061828613281,test
2016-11-24 15:00:00,2016-11-24 16:00:00,h1,1,Beijing,XGBoost,79.916667,78.58949279785156,test
2016-11-24 16:00:00,2016-11-24 17:00:00,h1,1,Beijing,XGBoost,88.333333,83.7831802368164,test
2016-11-24 17:00:00,2016-11-24 18:00:00,h1,1,Beijing,XGBoost,109.25,97.43488311767578,test
2016-11-24 18:00:00,2016-11-24 19:00:00,h1,1,Beijing,XGBoost,136.166667,122.37460327148438,test
2016-11-24 19:00:00,2016-11-24 20:00:00,h1,1,Beijing,XGBoost,152.333333,148.1165313720703,test
2016-11-24 20:00:00,2016-11-24 21:00:00,h1,1,Beijing,XGBoost,157.5,159.74205017089844,test
2016-11-24 21:00:00,2016-11-24 22:00:00,h1,1,Beijing,XGBoost,151.75,160.17596435546875,test
2016-11-24 22:00:00,2016-11-24 23:00:00,h1,1,Beijing,XGBoost,152.75,143.05279541015625,test
2016-11-24 23:00:00,2016-11-25 00:00:00,h1,1,Beijing,XGBoost,155.083333,144.19537353515625,test
2016-11-25 00:00:00,2016-11-25 01:00:00,h1,1,Beijing,XGBoost,150.0,149.3225860595703,test
2016-11-25 01:00:00,2016-11-25 02:00:00,h1,1,Beijing,XGBoost,143.5,144.8699188232422,test
2016-11-25 02:00:00,2016-11-25 03:00:00,h1,1,Beijing,XGBoost,140.166667,135.368896484375,test
2016-11-25 03:00:00,2016-11-25 04:00:00,h1,1,Beijing,XGBoost,129.666667,132.70631408691406,test
2016-11-25 04:00:00,2016-11-25 05:00:00,h1,1,Beijing,XGBoost,110.083333,119.4977035522461,test
2016-11-25 05:00:00,2016-11-25 06:00:00,h1,1,Beijing,XGBoost,99.583333,92.00381469726562,test
2016-11-25 06:00:00,2016-11-25 07:00:00,h1,1,Beijing,XGBoost,95.75,92.24042510986328,test
2016-11-25 07:00:00,2016-11-25 08:00:00,h1,1,Beijing,XGBoost,91.583333,95.11802673339844,test
2016-11-25 08:00:00,2016-11-25 09:00:00,h1,1,Beijing,XGBoost,92.5,90.96940612792969,test
2016-11-25 09:00:00,2016-11-25 10:00:00,h1,1,Beijing,XGBoost,98.0,96.7026138305664,test
2016-11-25 10:00:00,2016-11-25 11:00:00,h1,1,Beijing,XGBoost,103.0,103.54267883300781,test
2016-11-25 11:00:00,2016-11-25 12:00:00,h1,1,Beijing,XGBoost,105.833333,106.11286163330078,test
2016-11-25 12:00:00,2016-11-25 13:00:00,h1,1,Beijing,XGBoost,110.666667,111.15081024169922,test
2016-11-25 13:00:00,2016-11-25 14:00:00,h1,1,Beijing,XGBoost,112.166667,116.9987564086914,test
2016-11-25 14:00:00,2016-11-25 15:00:00,h1,1,Beijing,XGBoost,119.25,115.63338470458984,test
2016-11-25 15:00:00,2016-11-25 16:00:00,h1,1,Beijing,XGBoost,139.666667,125.50535583496094,test
2016-11-25 16:00:00,2016-11-25 17:00:00,h1,1,Beijing,XGBoost,160.666667,151.95265197753906,test
2016-11-25 17:00:00,2016-11-25 18:00:00,h1,1,Beijing,XGBoost,191.583333,175.87034606933594,test
2016-11-25 18:00:00,2016-11-25 19:00:00,h1,1,Beijing,XGBoost,236.5,203.8503875732422,test
2016-11-25 19:00:00,2016-11-25 20:00:00,h1,1,Beijing,XGBoost,246.152381,238.68161010742188,test
2016-11-25 20:00:00,2016-11-25 21:00:00,h1,1,Beijing,XGBoost,256.054762,241.5658721923828,test
2016-11-25 21:00:00,2016-11-25 22:00:00,h1,1,Beijing,XGBoost,255.547421,258.867919921875,test
2016-11-25 22:00:00,2016-11-25 23:00:00,h1,1,Beijing,XGBoost,259.706746,262.172119140625,test
2016-11-25 23:00:00,2016-11-26 00:00:00,h1,1,Beijing,XGBoost,264.366071,245.30099487304688,test
2016-11-26 00:00:00,2016-11-26 01:00:00,h1,1,Beijing,XGBoost,258.047619,250.228759765625,test
2016-11-26 01:00:00,2016-11-26 02:00:00,h1,1,Beijing,XGBoost,247.0,241.76377868652344,test
2016-11-26 02:00:00,2016-11-26 03:00:00,h1,1,Beijing,XGBoost,250.833333,251.73829650878906,test
2016-11-26 03:00:00,2016-11-26 04:00:00,h1,1,Beijing,XGBoost,236.166667,251.45169067382812,test
2016-11-26 04:00:00,2016-11-26 05:00:00,h1,1,Beijing,XGBoost,246.65,225.45700073242188,test
2016-11-26 05:00:00,2016-11-26 06:00:00,h1,1,Beijing,XGBoost,252.55,232.84764099121094,test
2016-11-26 06:00:00,2016-11-26 07:00:00,h1,1,Beijing,XGBoost,241.95,250.00643920898438,test
2016-11-26 07:00:00,2016-11-26 08:00:00,h1,1,Beijing,XGBoost,241.683333,235.83172607421875,test
2016-11-26 08:00:00,2016-11-26 09:00:00,h1,1,Beijing,XGBoost,261.666667,232.78614807128906,test
2016-11-26 09:00:00,2016-11-26 10:00:00,h1,1,Beijing,XGBoost,275.930556,256.9528503417969,test
2016-11-26 10:00:00,2016-11-26 11:00:00,h1,1,Beijing,XGBoost,285.194444,261.67462158203125,test
2016-11-26 11:00:00,2016-11-26 12:00:00,h1,1,Beijing,XGBoost,235.0,258.5309143066406,test
2016-11-26 12:00:00,2016-11-26 13:00:00,h1,1,Beijing,XGBoost,217.333333,141.6912841796875,test
2016-11-26 13:00:00,2016-11-26 14:00:00,h1,1,Beijing,XGBoost,203.083333,165.34910583496094,test
2016-11-26 14:00:00,2016-11-26 15:00:00,h1,1,Beijing,XGBoost,188.5,193.84390258789062,test
2016-11-26 15:00:00,2016-11-26 16:00:00,h1,1,Beijing,XGBoost,189.119048,173.64468383789062,test
2016-11-26 16:00:00,2016-11-26 17:00:00,h1,1,Beijing,XGBoost,230.154762,183.03065490722656,test
2016-11-26 17:00:00,2016-11-26 18:00:00,h1,1,Beijing,XGBoost,257.02381,164.7489471435547,test
2016-11-26 18:00:00,2016-11-26 19:00:00,h1,1,Beijing,XGBoost,267.214286,265.30078125,test
2016-11-26 19:00:00,2016-11-26 20:00:00,h1,1,Beijing,XGBoost,273.501984,274.87152099609375,test
2016-11-26 20:00:00,2016-11-26 21:00:00,h1,1,Beijing,XGBoost,266.706349,263.67327880859375,test
2016-11-26 21:00:00,2016-11-26 22:00:00,h1,1,Beijing,XGBoost,260.882937,254.75924682617188,test
2016-11-26 22:00:00,2016-11-26 23:00:00,h1,1,Beijing,XGBoost,261.579365,265.6629943847656,test
2016-11-26 23:00:00,2016-11-27 00:00:00,h1,1,Beijing,XGBoost,253.609127,255.6444091796875,test
2016-11-27 00:00:00,2016-11-27 01:00:00,h1,1,Beijing,XGBoost,240.805556,251.36895751953125,test
2016-11-27 01:00:00,2016-11-27 02:00:00,h1,1,Beijing,XGBoost,212.361111,228.11920166015625,test
2016-11-27 02:00:00,2016-11-27 03:00:00,h1,1,Beijing,XGBoost,115.5,174.10848999023438,test
2016-11-27 03:00:00,2016-11-27 04:00:00,h1,1,Beijing,XGBoost,88.916667,54.707088470458984,test
2016-11-27 04:00:00,2016-11-27 05:00:00,h1,1,Beijing,XGBoost,65.333333,66.1993179321289,test
2016-11-27 05:00:00,2016-11-27 06:00:00,h1,1,Beijing,XGBoost,47.666667,56.98703384399414,test
2016-11-27 06:00:00,2016-11-27 07:00:00,h1,1,Beijing,XGBoost,37.583333,40.61716079711914,test
2016-11-27 07:00:00,2016-11-27 08:00:00,h1,1,Beijing,XGBoost,20.333333,33.14273452758789,test
2016-11-27 08:00:00,2016-11-27 09:00:00,h1,1,Beijing,XGBoost,12.833333,13.13484001159668,test
2016-11-27 09:00:00,2016-11-27 10:00:00,h1,1,Beijing,XGBoost,13.333333,10.692288398742676,test
2016-11-27 10:00:00,2016-11-27 11:00:00,h1,1,Beijing,XGBoost,11.083333,10.911459922790527,test
2016-11-27 11:00:00,2016-11-27 12:00:00,h1,1,Beijing,XGBoost,9.833333,8.556925773620605,test
2016-11-27 12:00:00,2016-11-27 13:00:00,h1,1,Beijing,XGBoost,9.333333,9.362060546875,test
2016-11-27 13:00:00,2016-11-27 14:00:00,h1,1,Beijing,XGBoost,9.5,8.533696174621582,test
2016-11-27 14:00:00,2016-11-27 15:00:00,h1,1,Beijing,XGBoost,11.0,8.97537899017334,test
2016-11-27 15:00:00,2016-11-27 16:00:00,h1,1,Beijing,XGBoost,8.333333,10.494889259338379,test
2016-11-27 16:00:00,2016-11-27 17:00:00,h1,1,Beijing,XGBoost,10.083333,8.334268569946289,test
2016-11-27 17:00:00,2016-11-27 18:00:00,h1,1,Beijing,XGBoost,12.5,11.262227058410645,test
2016-11-27 18:00:00,2016-11-27 19:00:00,h1,1,Beijing,XGBoost,16.916667,16.24004554748535,test
2016-11-27 19:00:00,2016-11-27 20:00:00,h1,1,Beijing,XGBoost,19.833333,20.79522705078125,test
2016-11-27 20:00:00,2016-11-27 21:00:00,h1,1,Beijing,XGBoost,23.083333,22.75043487548828,test
2016-11-27 21:00:00,2016-11-27 22:00:00,h1,1,Beijing,XGBoost,30.416667,24.69798469543457,test
2016-11-27 22:00:00,2016-11-27 23:00:00,h1,1,Beijing,XGBoost,25.5,35.82874298095703,test
2016-11-27 23:00:00,2016-11-28 00:00:00,h1,1,Beijing,XGBoost,24.25,25.409067153930664,test
2016-11-28 00:00:00,2016-11-28 01:00:00,h1,1,Beijing,XGBoost,28.666667,22.77418327331543,test
2016-11-28 01:00:00,2016-11-28 02:00:00,h1,1,Beijing,XGBoost,41.333333,31.132492065429688,test
2016-11-28 02:00:00,2016-11-28 03:00:00,h1,1,Beijing,XGBoost,47.333333,46.99408721923828,test
2016-11-28 03:00:00,2016-11-28 04:00:00,h1,1,Beijing,XGBoost,49.916667,48.30535888671875,test
2016-11-28 04:00:00,2016-11-28 05:00:00,h1,1,Beijing,XGBoost,50.166667,50.10438919067383,test
2016-11-28 05:00:00,2016-11-28 06:00:00,h1,1,Beijing,XGBoost,47.25,49.332969665527344,test
2016-11-28 06:00:00,2016-11-28 07:00:00,h1,1,Beijing,XGBoost,47.5,47.23091506958008,test
2016-11-28 07:00:00,2016-11-28 08:00:00,h1,1,Beijing,XGBoost,47.25,49.06194305419922,test
2016-11-28 08:00:00,2016-11-28 09:00:00,h1,1,Beijing,XGBoost,46.5,49.757972717285156,test
2016-11-28 09:00:00,2016-11-28 10:00:00,h1,1,Beijing,XGBoost,44.166667,47.8347282409668,test
2016-11-28 10:00:00,2016-11-28 11:00:00,h1,1,Beijing,XGBoost,47.166667,43.924354553222656,test
2016-11-28 11:00:00,2016-11-28 12:00:00,h1,1,Beijing,XGBoost,48.416667,49.19758605957031,test
2016-11-28 12:00:00,2016-11-28 13:00:00,h1,1,Beijing,XGBoost,54.583333,49.77267837524414,test
2016-11-28 13:00:00,2016-11-28 14:00:00,h1,1,Beijing,XGBoost,64.333333,57.7053108215332,test
2016-11-28 14:00:00,2016-11-28 15:00:00,h1,1,Beijing,XGBoost,66.958333,69.66608428955078,test
2016-11-28 15:00:00,2016-11-28 16:00:00,h1,1,Beijing,XGBoost,67.833333,69.67447662353516,test
2016-11-28 16:00:00,2016-11-28 17:00:00,h1,1,Beijing,XGBoost,72.75,71.59329223632812,test
2016-11-28 17:00:00,2016-11-28 18:00:00,h1,1,Beijing,XGBoost,80.333333,82.47100830078125,test
2016-11-28 18:00:00,2016-11-28 19:00:00,h1,1,Beijing,XGBoost,94.166667,90.82267761230469,test
2016-11-28 19:00:00,2016-11-28 20:00:00,h1,1,Beijing,XGBoost,95.0,111.80423736572266,test
2016-11-28 20:00:00,2016-11-28 21:00:00,h1,1,Beijing,XGBoost,86.333333,94.98176574707031,test
2016-11-28 21:00:00,2016-11-28 22:00:00,h1,1,Beijing,XGBoost,85.166667,81.13848876953125,test
2016-11-28 22:00:00,2016-11-28 23:00:00,h1,1,Beijing,XGBoost,82.833333,81.59288024902344,test
2016-11-28 23:00:00,2016-11-29 00:00:00,h1,1,Beijing,XGBoost,85.25,83.33451843261719,test
2016-11-29 00:00:00,2016-11-29 01:00:00,h1,1,Beijing,XGBoost,86.0,84.89098358154297,test
2016-11-29 01:00:00,2016-11-29 02:00:00,h1,1,Beijing,XGBoost,79.833333,85.544677734375,test
2016-11-29 02:00:00,2016-11-29 03:00:00,h1,1,Beijing,XGBoost,75.666667,73.15728759765625,test
2016-11-29 03:00:00,2016-11-29 04:00:00,h1,1,Beijing,XGBoost,71.75,70.23809814453125,test
2016-11-29 04:00:00,2016-11-29 05:00:00,h1,1,Beijing,XGBoost,68.25,67.26473236083984,test
2016-11-29 05:00:00,2016-11-29 06:00:00,h1,1,Beijing,XGBoost,61.0,66.13653564453125,test
2016-11-29 06:00:00,2016-11-29 07:00:00,h1,1,Beijing,XGBoost,50.833333,57.48443603515625,test
2016-11-29 07:00:00,2016-11-29 08:00:00,h1,1,Beijing,XGBoost,48.0,50.50785827636719,test
2016-11-29 08:00:00,2016-11-29 09:00:00,h1,1,Beijing,XGBoost,58.833333,48.49757766723633,test
2016-11-29 09:00:00,2016-11-29 10:00:00,h1,1,Beijing,XGBoost,72.5,69.36011505126953,test
2016-11-29 10:00:00,2016-11-29 11:00:00,h1,1,Beijing,XGBoost,97.25,79.30268096923828,test
2016-11-29 11:00:00,2016-11-29 12:00:00,h1,1,Beijing,XGBoost,130.583333,105.87646484375,test
2016-11-29 12:00:00,2016-11-29 13:00:00,h1,1,Beijing,XGBoost,139.25,163.46728515625,test
2016-11-29 13:00:00,2016-11-29 14:00:00,h1,1,Beijing,XGBoost,137.833333,152.12725830078125,test
2016-11-29 14:00:00,2016-11-29 15:00:00,h1,1,Beijing,XGBoost,124.0,134.483642578125,test
2016-11-29 15:00:00,2016-11-29 16:00:00,h1,1,Beijing,XGBoost,117.583333,115.95606994628906,test
2016-11-29 16:00:00,2016-11-29 17:00:00,h1,1,Beijing,XGBoost,108.166667,117.51444244384766,test
2016-11-29 17:00:00,2016-11-29 18:00:00,h1,1,Beijing,XGBoost,112.25,108.07337188720703,test
2016-11-29 18:00:00,2016-11-29 19:00:00,h1,1,Beijing,XGBoost,112.75,119.91880798339844,test
2016-11-29 19:00:00,2016-11-29 20:00:00,h1,1,Beijing,XGBoost,124.833333,115.62044525146484,test
2016-11-29 20:00:00,2016-11-29 21:00:00,h1,1,Beijing,XGBoost,126.25,130.10769653320312,test
2016-11-29 21:00:00,2016-11-29 22:00:00,h1,1,Beijing,XGBoost,118.666667,129.336181640625,test
2016-11-29 22:00:00,2016-11-29 23:00:00,h1,1,Beijing,XGBoost,114.0,114.23555755615234,test
2016-11-29 23:00:00,2016-11-30 00:00:00,h1,1,Beijing,XGBoost,107.416667,109.58358764648438,test
2016-11-30 00:00:00,2016-11-30 01:00:00,h1,1,Beijing,XGBoost,102.833333,104.36895751953125,test
2016-11-30 01:00:00,2016-11-30 02:00:00,h1,1,Beijing,XGBoost,102.083333,99.315185546875,test
2016-11-30 02:00:00,2016-11-30 03:00:00,h1,1,Beijing,XGBoost,102.833333,103.4874496459961,test
2016-11-30 03:00:00,2016-11-30 04:00:00,h1,1,Beijing,XGBoost,103.083333,104.731689453125,test
2016-11-30 04:00:00,2016-11-30 05:00:00,h1,1,Beijing,XGBoost,107.0,104.31063079833984,test
2016-11-30 05:00:00,2016-11-30 06:00:00,h1,1,Beijing,XGBoost,115.083333,108.42555236816406,test
2016-11-30 06:00:00,2016-11-30 07:00:00,h1,1,Beijing,XGBoost,113.5,122.69461059570312,test
2016-11-30 07:00:00,2016-11-30 08:00:00,h1,1,Beijing,XGBoost,116.583333,115.38920593261719,test
2016-11-30 08:00:00,2016-11-30 09:00:00,h1,1,Beijing,XGBoost,118.833333,121.99504089355469,test
2016-11-30 09:00:00,2016-11-30 10:00:00,h1,1,Beijing,XGBoost,134.916667,121.29151916503906,test
2016-11-30 10:00:00,2016-11-30 11:00:00,h1,1,Beijing,XGBoost,155.5,147.08872985839844,test
2016-11-30 11:00:00,2016-11-30 12:00:00,h1,1,Beijing,XGBoost,175.666667,172.62034606933594,test
2016-11-30 12:00:00,2016-11-30 13:00:00,h1,1,Beijing,XGBoost,156.666667,181.05575561523438,test
2016-11-30 13:00:00,2016-11-30 14:00:00,h1,1,Beijing,XGBoost,129.916667,132.39414978027344,test
2016-11-30 14:00:00,2016-11-30 15:00:00,h1,1,Beijing,XGBoost,105.916667,91.23807525634766,test
2016-11-30 15:00:00,2016-11-30 16:00:00,h1,1,Beijing,XGBoost,87.166667,84.64690399169922,test
2016-11-30 16:00:00,2016-11-30 17:00:00,h1,1,Beijing,XGBoost,51.416667,74.01941680908203,test
2016-11-30 17:00:00,2016-11-30 18:00:00,h1,1,Beijing,XGBoost,30.333333,32.79368209838867,test
2016-11-30 18:00:00,2016-11-30 19:00:00,h1,1,Beijing,XGBoost,10.0,20.628339767456055,test
2016-11-30 19:00:00,2016-11-30 20:00:00,h1,1,Beijing,XGBoost,9.583333,12.423781394958496,test
2016-11-30 20:00:00,2016-11-30 21:00:00,h1,1,Beijing,XGBoost,7.416667,8.87115478515625,test
2016-11-30 21:00:00,2016-11-30 22:00:00,h1,1,Beijing,XGBoost,8.083333,7.841710090637207,test
2016-11-30 22:00:00,2016-11-30 23:00:00,h1,1,Beijing,XGBoost,9.25,7.230528831481934,test
2016-11-30 23:00:00,2016-12-01 00:00:00,h1,1,Beijing,XGBoost,8.583333,8.414360046386719,test
2016-12-01 00:00:00,2016-12-01 01:00:00,h1,1,Beijing,XGBoost,11.833333,10.021575927734375,test
2016-12-01 01:00:00,2016-12-01 02:00:00,h1,1,Beijing,XGBoost,11.916667,12.05075740814209,test
2016-12-01 02:00:00,2016-12-01 03:00:00,h1,1,Beijing,XGBoost,9.75,13.016054153442383,test
2016-12-01 03:00:00,2016-12-01 04:00:00,h1,1,Beijing,XGBoost,9.583333,10.934610366821289,test
2016-12-01 04:00:00,2016-12-01 05:00:00,h1,1,Beijing,XGBoost,7.583333,9.626755714416504,test
2016-12-01 05:00:00,2016-12-01 06:00:00,h1,1,Beijing,XGBoost,8.416667,8.805892944335938,test
2016-12-01 06:00:00,2016-12-01 07:00:00,h1,1,Beijing,XGBoost,8.166667,9.194815635681152,test
2016-12-01 07:00:00,2016-12-01 08:00:00,h1,1,Beijing,XGBoost,10.416667,8.70333194732666,test
2016-12-01 08:00:00,2016-12-01 09:00:00,h1,1,Beijing,XGBoost,11.25,10.800621032714844,test
2016-12-01 09:00:00,2016-12-01 10:00:00,h1,1,Beijing,XGBoost,10.333333,12.074707984924316,test
2016-12-01 10:00:00,2016-12-01 11:00:00,h1,1,Beijing,XGBoost,8.75,9.393911361694336,test
2016-12-01 11:00:00,2016-12-01 12:00:00,h1,1,Beijing,XGBoost,8.916667,7.844253063201904,test
2016-12-01 12:00:00,2016-12-01 13:00:00,h1,1,Beijing,XGBoost,10.833333,8.944686889648438,test
2016-12-01 13:00:00,2016-12-01 14:00:00,h1,1,Beijing,XGBoost,10.833333,11.123623847961426,test
2016-12-01 14:00:00,2016-12-01 15:00:00,h1,1,Beijing,XGBoost,10.833333,11.581624031066895,test
2016-12-01 15:00:00,2016-12-01 16:00:00,h1,1,Beijing,XGBoost,13.333333,11.078142166137695,test
2016-12-01 16:00:00,2016-12-01 17:00:00,h1,1,Beijing,XGBoost,25.0,14.462328910827637,test
2016-12-01 17:00:00,2016-12-01 18:00:00,h1,1,Beijing,XGBoost,50.0,37.758548736572266,test
2016-12-01 18:00:00,2016-12-01 19:00:00,h1,1,Beijing,XGBoost,69.25,88.42632293701172,test
2016-12-01 19:00:00,2016-12-01 20:00:00,h1,1,Beijing,XGBoost,86.25,85.35441589355469,test
2016-12-01 20:00:00,2016-12-01 21:00:00,h1,1,Beijing,XGBoost,85.75,95.28726196289062,test
2016-12-01 21:00:00,2016-12-01 22:00:00,h1,1,Beijing,XGBoost,87.583333,81.34933471679688,test
2016-12-01 22:00:00,2016-12-01 23:00:00,h1,1,Beijing,XGBoost,93.083333,87.46047973632812,test
2016-12-01 23:00:00,2016-12-02 00:00:00,h1,1,Beijing,XGBoost,95.583333,91.952392578125,test
2016-12-02 00:00:00,2016-12-02 01:00:00,h1,1,Beijing,XGBoost,95.166667,94.40441131591797,test
2016-12-02 01:00:00,2016-12-02 02:00:00,h1,1,Beijing,XGBoost,97.333333,96.31973266601562,test
2016-12-02 02:00:00,2016-12-02 03:00:00,h1,1,Beijing,XGBoost,87.916667,96.50403594970703,test
2016-12-02 03:00:00,2016-12-02 04:00:00,h1,1,Beijing,XGBoost,73.083333,83.4034423828125,test
2016-12-02 04:00:00,2016-12-02 05:00:00,h1,1,Beijing,XGBoost,53.166667,66.14234924316406,test
2016-12-02 05:00:00,2016-12-02 06:00:00,h1,1,Beijing,XGBoost,46.25,42.98570251464844,test
2016-12-02 06:00:00,2016-12-02 07:00:00,h1,1,Beijing,XGBoost,47.083333,45.83598709106445,test
2016-12-02 07:00:00,2016-12-02 08:00:00,h1,1,Beijing,XGBoost,40.916667,50.12318420410156,test
2016-12-02 08:00:00,2016-12-02 09:00:00,h1,1,Beijing,XGBoost,42.416667,40.4472770690918,test
2016-12-02 09:00:00,2016-12-02 10:00:00,h1,1,Beijing,XGBoost,47.0,46.351985931396484,test
2016-12-02 10:00:00,2016-12-02 11:00:00,h1,1,Beijing,XGBoost,52.166667,49.853851318359375,test
2016-12-02 11:00:00,2016-12-02 12:00:00,h1,1,Beijing,XGBoost,58.083333,54.00780487060547,test
2016-12-02 12:00:00,2016-12-02 13:00:00,h1,1,Beijing,XGBoost,58.083333,62.254669189453125,test
2016-12-02 13:00:00,2016-12-02 14:00:00,h1,1,Beijing,XGBoost,64.770833,59.19960403442383,test
2016-12-02 14:00:00,2016-12-02 15:00:00,h1,1,Beijing,XGBoost,75.958333,70.96406555175781,test
2016-12-02 15:00:00,2016-12-02 16:00:00,h1,1,Beijing,XGBoost,88.395833,81.46757507324219,test
2016-12-02 16:00:00,2016-12-02 17:00:00,h1,1,Beijing,XGBoost,113.916667,103.3214340209961,test
2016-12-02 17:00:00,2016-12-02 18:00:00,h1,1,Beijing,XGBoost,135.333333,127.37054443359375,test
2016-12-02 18:00:00,2016-12-02 19:00:00,h1,1,Beijing,XGBoost,147.833333,147.97862243652344,test
2016-12-02 19:00:00,2016-12-02 20:00:00,h1,1,Beijing,XGBoost,162.416667,156.17068481445312,test
2016-12-02 20:00:00,2016-12-02 21:00:00,h1,1,Beijing,XGBoost,176.75,168.39393615722656,test
2016-12-02 21:00:00,2016-12-02 22:00:00,h1,1,Beijing,XGBoost,185.25,186.79727172851562,test
2016-12-02 22:00:00,2016-12-02 23:00:00,h1,1,Beijing,XGBoost,180.333333,191.92953491210938,test
2016-12-02 23:00:00,2016-12-03 00:00:00,h1,1,Beijing,XGBoost,194.277778,163.9900665283203,test
2016-12-05 00:00:00,2016-12-05 01:00:00,h1,1,Beijing,XGBoost,136.388889,191.08432006835938,test
2016-12-05 01:00:00,2016-12-05 02:00:00,h1,1,Beijing,XGBoost,124.75,105.41675567626953,test
2016-12-05 02:00:00,2016-12-05 03:00:00,h1,1,Beijing,XGBoost,110.916667,109.11585235595703,test
2016-12-05 03:00:00,2016-12-05 04:00:00,h1,1,Beijing,XGBoost,104.0,100.10694122314453,test
2016-12-05 04:00:00,2016-12-05 05:00:00,h1,1,Beijing,XGBoost,101.333333,101.39830017089844,test
2016-12-05 05:00:00,2016-12-05 06:00:00,h1,1,Beijing,XGBoost,91.0,97.3847427368164,test
2016-12-05 06:00:00,2016-12-05 07:00:00,h1,1,Beijing,XGBoost,74.916667,85.28627014160156,test
2016-12-05 07:00:00,2016-12-05 08:00:00,h1,1,Beijing,XGBoost,66.416667,69.3043441772461,test
2016-12-05 08:00:00,2016-12-05 09:00:00,h1,1,Beijing,XGBoost,39.083333,48.28858184814453,test
2016-12-05 09:00:00,2016-12-05 10:00:00,h1,1,Beijing,XGBoost,15.916667,18.836349487304688,test
2016-12-05 10:00:00,2016-12-05 11:00:00,h1,1,Beijing,XGBoost,11.333333,11.91019344329834,test
2016-12-05 11:00:00,2016-12-05 12:00:00,h1,1,Beijing,XGBoost,6.083333,10.312520027160645,test
2016-12-05 12:00:00,2016-12-05 13:00:00,h1,1,Beijing,XGBoost,7.5,9.135950088500977,test
2016-12-05 13:00:00,2016-12-05 14:00:00,h1,1,Beijing,XGBoost,8.083333,9.041321754455566,test
2016-12-05 14:00:00,2016-12-05 15:00:00,h1,1,Beijing,XGBoost,6.75,8.651080131530762,test
2016-12-05 15:00:00,2016-12-05 16:00:00,h1,1,Beijing,XGBoost,6.375,7.220706939697266,test
2016-12-05 16:00:00,2016-12-05 17:00:00,h1,1,Beijing,XGBoost,5.833333,7.094370365142822,test
2016-12-05 17:00:00,2016-12-05 18:00:00,h1,1,Beijing,XGBoost,6.416667,6.787270545959473,test
2016-12-05 18:00:00,2016-12-05 19:00:00,h1,1,Beijing,XGBoost,9.25,9.68238353729248,test
2016-12-05 19:00:00,2016-12-05 20:00:00,h1,1,Beijing,XGBoost,11.833333,12.682231903076172,test
2016-12-05 20:00:00,2016-12-05 21:00:00,h1,1,Beijing,XGBoost,15.416667,15.2260160446167,test
2016-12-05 21:00:00,2016-12-05 22:00:00,h1,1,Beijing,XGBoost,18.416667,16.251083374023438,test
2016-12-05 22:00:00,2016-12-05 23:00:00,h1,1,Beijing,XGBoost,22.416667,21.190183639526367,test
2016-12-05 23:00:00,2016-12-06 00:00:00,h1,1,Beijing,XGBoost,28.583333,25.683204650878906,test
2016-12-06 00:00:00,2016-12-06 01:00:00,h1,1,Beijing,XGBoost,35.583333,31.27707862854004,test
2016-12-06 01:00:00,2016-12-06 02:00:00,h1,1,Beijing,XGBoost,39.916667,41.215843200683594,test
2016-12-06 02:00:00,2016-12-06 03:00:00,h1,1,Beijing,XGBoost,38.333333,41.33175277709961,test
2016-12-06 03:00:00,2016-12-06 04:00:00,h1,1,Beijing,XGBoost,38.25,38.96014404296875,test
2016-12-06 04:00:00,2016-12-06 05:00:00,h1,1,Beijing,XGBoost,40.333333,40.29591751098633,test
2016-12-06 05:00:00,2016-12-06 06:00:00,h1,1,Beijing,XGBoost,39.25,41.249515533447266,test
2016-12-06 06:00:00,2016-12-06 07:00:00,h1,1,Beijing,XGBoost,45.75,39.10142517089844,test
2016-12-06 07:00:00,2016-12-06 08:00:00,h1,1,Beijing,XGBoost,56.75,54.97124481201172,test
2016-12-06 08:00:00,2016-12-06 09:00:00,h1,1,Beijing,XGBoost,59.583333,65.01004028320312,test
2016-12-06 09:00:00,2016-12-06 10:00:00,h1,1,Beijing,XGBoost,63.5,64.38331604003906,test
2016-12-06 10:00:00,2016-12-06 11:00:00,h1,1,Beijing,XGBoost,70.083333,64.3504867553711,test
2016-12-06 11:00:00,2016-12-06 12:00:00,h1,1,Beijing,XGBoost,71.708333,73.95498657226562,test
2016-12-06 12:00:00,2016-12-06 13:00:00,h1,1,Beijing,XGBoost,77.666667,74.74758911132812,test
2016-12-06 13:00:00,2016-12-06 14:00:00,h1,1,Beijing,XGBoost,82.694444,81.70855712890625,test
2016-12-06 14:00:00,2016-12-06 15:00:00,h1,1,Beijing,XGBoost,89.0,88.00056457519531,test
2016-12-06 15:00:00,2016-12-06 16:00:00,h1,1,Beijing,XGBoost,92.861111,93.68548583984375,test
2016-12-06 16:00:00,2016-12-06 17:00:00,h1,1,Beijing,XGBoost,99.486111,95.87455749511719,test
2016-12-06 17:00:00,2016-12-06 18:00:00,h1,1,Beijing,XGBoost,115.416667,110.57179260253906,test
2016-12-06 18:00:00,2016-12-06 19:00:00,h1,1,Beijing,XGBoost,117.583333,139.00836181640625,test
2016-12-06 19:00:00,2016-12-06 20:00:00,h1,1,Beijing,XGBoost,128.083333,113.4283218383789,test
2016-12-06 20:00:00,2016-12-06 21:00:00,h1,1,Beijing,XGBoost,142.083333,130.17428588867188,test
2016-12-06 21:00:00,2016-12-06 22:00:00,h1,1,Beijing,XGBoost,130.083333,151.7110137939453,test
2016-12-06 22:00:00,2016-12-06 23:00:00,h1,1,Beijing,XGBoost,130.083333,119.37555694580078,test
2016-12-06 23:00:00,2016-12-07 00:00:00,h1,1,Beijing,XGBoost,141.916667,124.85997772216797,test
2016-12-07 00:00:00,2016-12-07 01:00:00,h1,1,Beijing,XGBoost,122.25,139.80966186523438,test
2016-12-07 01:00:00,2016-12-07 02:00:00,h1,1,Beijing,XGBoost,113.0,101.3267822265625,test
2016-12-07 02:00:00,2016-12-07 03:00:00,h1,1,Beijing,XGBoost,112.916667,103.82160949707031,test
2016-12-07 03:00:00,2016-12-07 04:00:00,h1,1,Beijing,XGBoost,107.916667,112.26729583740234,test
2016-12-07 04:00:00,2016-12-07 05:00:00,h1,1,Beijing,XGBoost,95.75,105.64664459228516,test
2016-12-07 05:00:00,2016-12-07 06:00:00,h1,1,Beijing,XGBoost,72.25,87.22750854492188,test
2016-12-07 06:00:00,2016-12-07 07:00:00,h1,1,Beijing,XGBoost,51.833333,61.02570343017578,test
2016-12-07 07:00:00,2016-12-07 08:00:00,h1,1,Beijing,XGBoost,45.833333,44.367069244384766,test
2016-12-07 08:00:00,2016-12-07 09:00:00,h1,1,Beijing,XGBoost,53.916667,44.57914352416992,test
2016-12-07 09:00:00,2016-12-07 10:00:00,h1,1,Beijing,XGBoost,86.583333,60.16440200805664,test
2016-12-07 10:00:00,2016-12-07 11:00:00,h1,1,Beijing,XGBoost,119.583333,94.99322509765625,test
2016-12-07 11:00:00,2016-12-07 12:00:00,h1,1,Beijing,XGBoost,112.75,147.93544006347656,test
2016-12-07 12:00:00,2016-12-07 13:00:00,h1,1,Beijing,XGBoost,102.75,106.7120132446289,test
2016-12-07 13:00:00,2016-12-07 14:00:00,h1,1,Beijing,XGBoost,108.416667,94.3978500366211,test
2016-12-07 14:00:00,2016-12-07 15:00:00,h1,1,Beijing,XGBoost,124.25,111.141845703125,test
2016-12-07 15:00:00,2016-12-07 16:00:00,h1,1,Beijing,XGBoost,158.25,133.245849609375,test
2016-12-07 16:00:00,2016-12-07 17:00:00,h1,1,Beijing,XGBoost,162.166667,188.7644500732422,test
2016-12-07 17:00:00,2016-12-07 18:00:00,h1,1,Beijing,XGBoost,165.416667,160.2491912841797,test
2016-12-07 18:00:00,2016-12-07 19:00:00,h1,1,Beijing,XGBoost,162.5,163.6856689453125,test
2016-12-07 19:00:00,2016-12-07 20:00:00,h1,1,Beijing,XGBoost,169.166667,160.56373596191406,test
2016-12-07 20:00:00,2016-12-07 21:00:00,h1,1,Beijing,XGBoost,167.833333,168.90000915527344,test
2016-12-07 21:00:00,2016-12-07 22:00:00,h1,1,Beijing,XGBoost,166.25,159.33775329589844,test
2016-12-07 22:00:00,2016-12-07 23:00:00,h1,1,Beijing,XGBoost,183.25,162.07666015625,test
2016-12-07 23:00:00,2016-12-08 00:00:00,h1,1,Beijing,XGBoost,189.75,179.79058837890625,test
2016-12-08 00:00:00,2016-12-08 01:00:00,h1,1,Beijing,XGBoost,204.166667,188.04627990722656,test
2016-12-08 01:00:00,2016-12-08 02:00:00,h1,1,Beijing,XGBoost,198.166667,191.9155731201172,test
2016-12-08 02:00:00,2016-12-08 03:00:00,h1,1,Beijing,XGBoost,199.166667,190.4505615234375,test
2016-12-08 03:00:00,2016-12-08 04:00:00,h1,1,Beijing,XGBoost,196.833333,191.8118896484375,test
2016-12-08 04:00:00,2016-12-08 05:00:00,h1,1,Beijing,XGBoost,190.5,191.1886749267578,test
2016-12-08 05:00:00,2016-12-08 06:00:00,h1,1,Beijing,XGBoost,183.166667,187.8561553955078,test
2016-12-08 06:00:00,2016-12-08 07:00:00,h1,1,Beijing,XGBoost,178.0,175.81973266601562,test
2016-12-08 07:00:00,2016-12-08 08:00:00,h1,1,Beijing,XGBoost,175.583333,177.3430938720703,test
2016-12-08 08:00:00,2016-12-08 09:00:00,h1,1,Beijing,XGBoost,181.416667,178.3999786376953,test
2016-12-08 09:00:00,2016-12-08 10:00:00,h1,1,Beijing,XGBoost,153.5,187.5117645263672,test
2016-12-08 10:00:00,2016-12-08 11:00:00,h1,1,Beijing,XGBoost,55.333333,92.82305908203125,test
2016-12-08 11:00:00,2016-12-08 12:00:00,h1,1,Beijing,XGBoost,21.166667,21.130504608154297,test
2016-12-08 12:00:00,2016-12-08 13:00:00,h1,1,Beijing,XGBoost,8.833333,14.15047550201416,test
2016-12-08 13:00:00,2016-12-08 14:00:00,h1,1,Beijing,XGBoost,6.166667,12.974720001220703,test
2016-12-08 14:00:00,2016-12-08 15:00:00,h1,1,Beijing,XGBoost,7.083333,8.781296730041504,test
2016-12-08 15:00:00,2016-12-08 16:00:00,h1,1,Beijing,XGBoost,5.583333,8.209359169006348,test
2016-12-08 16:00:00,2016-12-08 17:00:00,h1,1,Beijing,XGBoost,6.75,5.43524694442749,test
2016-12-08 17:00:00,2016-12-08 18:00:00,h1,1,Beijing,XGBoost,9.75,7.054687976837158,test
2016-12-08 18:00:00,2016-12-08 19:00:00,h1,1,Beijing,XGBoost,10.0,13.250267028808594,test
2016-12-08 19:00:00,2016-12-08 20:00:00,h1,1,Beijing,XGBoost,10.0,11.639608383178711,test
2016-12-08 20:00:00,2016-12-08 21:00:00,h1,1,Beijing,XGBoost,7.833333,9.123810768127441,test
2016-12-08 21:00:00,2016-12-08 22:00:00,h1,1,Beijing,XGBoost,7.333333,8.116052627563477,test
2016-12-08 22:00:00,2016-12-08 23:00:00,h1,1,Beijing,XGBoost,6.25,7.6486005783081055,test
2016-12-08 23:00:00,2016-12-09 00:00:00,h1,1,Beijing,XGBoost,6.916667,7.396732807159424,test
2016-12-09 00:00:00,2016-12-09 01:00:00,h1,1,Beijing,XGBoost,7.5,6.819185733795166,test
2016-12-09 01:00:00,2016-12-09 02:00:00,h1,1,Beijing,XGBoost,9.083333,7.19327449798584,test
2016-12-09 02:00:00,2016-12-09 03:00:00,h1,1,Beijing,XGBoost,9.333333,9.73143482208252,test
2016-12-09 03:00:00,2016-12-09 04:00:00,h1,1,Beijing,XGBoost,10.333333,8.97986125946045,test
2016-12-09 04:00:00,2016-12-09 05:00:00,h1,1,Beijing,XGBoost,10.416667,9.954378128051758,test
2016-12-09 05:00:00,2016-12-09 06:00:00,h1,1,Beijing,XGBoost,9.333333,9.578811645507812,test
2016-12-09 06:00:00,2016-12-09 07:00:00,h1,1,Beijing,XGBoost,10.833333,8.948638916015625,test
2016-12-09 07:00:00,2016-12-09 08:00:00,h1,1,Beijing,XGBoost,12.75,10.944993019104004,test
2016-12-09 08:00:00,2016-12-09 09:00:00,h1,1,Beijing,XGBoost,13.416667,13.332589149475098,test
2016-12-09 09:00:00,2016-12-09 10:00:00,h1,1,Beijing,XGBoost,13.166667,13.97512435913086,test
2016-12-09 10:00:00,2016-12-09 11:00:00,h1,1,Beijing,XGBoost,13.166667,12.839933395385742,test
2016-12-09 11:00:00,2016-12-09 12:00:00,h1,1,Beijing,XGBoost,11.0,13.41165828704834,test
2016-12-09 12:00:00,2016-12-09 13:00:00,h1,1,Beijing,XGBoost,10.666667,11.790745735168457,test
2016-12-09 13:00:00,2016-12-09 14:00:00,h1,1,Beijing,XGBoost,11.416667,12.109408378601074,test
2016-12-09 14:00:00,2016-12-09 15:00:00,h1,1,Beijing,XGBoost,15.083333,12.36225700378418,test
2016-12-09 15:00:00,2016-12-09 16:00:00,h1,1,Beijing,XGBoost,22.5,16.726390838623047,test
2016-12-09 16:00:00,2016-12-09 17:00:00,h1,1,Beijing,XGBoost,30.416667,29.003215789794922,test
2016-12-09 17:00:00,2016-12-09 18:00:00,h1,1,Beijing,XGBoost,36.583333,42.40076446533203,test
2016-12-09 18:00:00,2016-12-09 19:00:00,h1,1,Beijing,XGBoost,45.5,47.008460998535156,test
2016-12-09 19:00:00,2016-12-09 20:00:00,h1,1,Beijing,XGBoost,52.916667,55.736419677734375,test
2016-12-09 20:00:00,2016-12-09 21:00:00,h1,1,Beijing,XGBoost,53.75,56.917762756347656,test
2016-12-09 21:00:00,2016-12-09 22:00:00,h1,1,Beijing,XGBoost,54.833333,60.39448547363281,test
2016-12-09 22:00:00,2016-12-09 23:00:00,h1,1,Beijing,XGBoost,56.333333,58.06553268432617,test
2016-12-09 23:00:00,2016-12-10 00:00:00,h1,1,Beijing,XGBoost,53.75,59.56452560424805,test
2016-12-10 00:00:00,2016-12-10 01:00:00,h1,1,Beijing,XGBoost,52.333333,55.92274475097656,test
2016-12-10 01:00:00,2016-12-10 02:00:00,h1,1,Beijing,XGBoost,52.416667,53.00752639770508,test
2016-12-10 02:00:00,2016-12-10 03:00:00,h1,1,Beijing,XGBoost,50.916667,53.09750747680664,test
2016-12-10 03:00:00,2016-12-10 04:00:00,h1,1,Beijing,XGBoost,41.333333,50.970428466796875,test
2016-12-10 04:00:00,2016-12-10 05:00:00,h1,1,Beijing,XGBoost,35.083333,36.960262298583984,test
2016-12-10 05:00:00,2016-12-10 06:00:00,h1,1,Beijing,XGBoost,32.916667,30.40347671508789,test
2016-12-10 06:00:00,2016-12-10 07:00:00,h1,1,Beijing,XGBoost,26.5,33.897586822509766,test
2016-12-10 07:00:00,2016-12-10 08:00:00,h1,1,Beijing,XGBoost,22.833333,26.00385284423828,test
2016-12-10 08:00:00,2016-12-10 09:00:00,h1,1,Beijing,XGBoost,26.666667,23.644123077392578,test
2016-12-10 09:00:00,2016-12-10 10:00:00,h1,1,Beijing,XGBoost,34.25,32.052791595458984,test
2016-12-10 10:00:00,2016-12-10 11:00:00,h1,1,Beijing,XGBoost,41.416667,40.890804290771484,test
2016-12-10 11:00:00,2016-12-10 12:00:00,h1,1,Beijing,XGBoost,44.666667,47.58049011230469,test
2016-12-10 12:00:00,2016-12-10 13:00:00,h1,1,Beijing,XGBoost,43.916667,47.21868133544922,test
2016-12-10 13:00:00,2016-12-10 14:00:00,h1,1,Beijing,XGBoost,41.666667,45.94293975830078,test
2016-12-10 14:00:00,2016-12-10 15:00:00,h1,1,Beijing,XGBoost,39.333333,43.11872100830078,test
2016-12-10 15:00:00,2016-12-10 16:00:00,h1,1,Beijing,XGBoost,39.166667,40.06487274169922,test
2016-12-10 16:00:00,2016-12-10 17:00:00,h1,1,Beijing,XGBoost,41.666667,42.36761474609375,test
2016-12-10 17:00:00,2016-12-10 18:00:00,h1,1,Beijing,XGBoost,49.75,49.23018264770508,test
2016-12-10 18:00:00,2016-12-10 19:00:00,h1,1,Beijing,XGBoost,61.666667,62.1151237487793,test
2016-12-10 19:00:00,2016-12-10 20:00:00,h1,1,Beijing,XGBoost,64.25,75.0265884399414,test
2016-12-10 20:00:00,2016-12-10 21:00:00,h1,1,Beijing,XGBoost,76.416667,65.97557067871094,test
2016-12-10 21:00:00,2016-12-10 22:00:00,h1,1,Beijing,XGBoost,79.416667,82.74717712402344,test
2016-12-10 22:00:00,2016-12-10 23:00:00,h1,1,Beijing,XGBoost,87.166667,80.93252563476562,test
2016-12-10 23:00:00,2016-12-11 00:00:00,h1,1,Beijing,XGBoost,100.583333,84.54495239257812,test
2016-12-11 00:00:00,2016-12-11 01:00:00,h1,1,Beijing,XGBoost,114.666667,103.50269317626953,test
2016-12-11 01:00:00,2016-12-11 02:00:00,h1,1,Beijing,XGBoost,109.583333,116.3602523803711,test
2016-12-11 02:00:00,2016-12-11 03:00:00,h1,1,Beijing,XGBoost,109.666667,103.76564025878906,test
2016-12-11 03:00:00,2016-12-11 04:00:00,h1,1,Beijing,XGBoost,114.833333,109.80783081054688,test
2016-12-11 04:00:00,2016-12-11 05:00:00,h1,1,Beijing,XGBoost,119.75,117.66519165039062,test
2016-12-11 05:00:00,2016-12-11 06:00:00,h1,1,Beijing,XGBoost,123.416667,120.77957153320312,test
2016-12-11 06:00:00,2016-12-11 07:00:00,h1,1,Beijing,XGBoost,126.583333,125.19314575195312,test
2016-12-11 07:00:00,2016-12-11 08:00:00,h1,1,Beijing,XGBoost,125.333333,131.64266967773438,test
2016-12-11 08:00:00,2016-12-11 09:00:00,h1,1,Beijing,XGBoost,133.0,128.81497192382812,test
2016-12-11 09:00:00,2016-12-11 10:00:00,h1,1,Beijing,XGBoost,140.416667,141.26327514648438,test
2016-12-11 10:00:00,2016-12-11 11:00:00,h1,1,Beijing,XGBoost,144.166667,145.03636169433594,test
2016-12-11 11:00:00,2016-12-11 12:00:00,h1,1,Beijing,XGBoost,160.75,145.1544952392578,test
2016-12-11 12:00:00,2016-12-11 13:00:00,h1,1,Beijing,XGBoost,180.583333,172.65289306640625,test
2016-12-11 13:00:00,2016-12-11 14:00:00,h1,1,Beijing,XGBoost,194.166667,191.2412109375,test
2016-12-11 14:00:00,2016-12-11 15:00:00,h1,1,Beijing,XGBoost,187.75,197.2476043701172,test
2016-12-11 15:00:00,2016-12-11 16:00:00,h1,1,Beijing,XGBoost,184.166667,178.7949981689453,test
2016-12-11 16:00:00,2016-12-11 17:00:00,h1,1,Beijing,XGBoost,193.0,183.88658142089844,test
2016-12-11 17:00:00,2016-12-11 18:00:00,h1,1,Beijing,XGBoost,205.833333,192.11920166015625,test
2016-12-11 18:00:00,2016-12-11 19:00:00,h1,1,Beijing,XGBoost,209.083333,216.60064697265625,test
2016-12-11 19:00:00,2016-12-11 20:00:00,h1,1,Beijing,XGBoost,208.166667,206.4202117919922,test
2016-12-11 20:00:00,2016-12-11 21:00:00,h1,1,Beijing,XGBoost,213.333333,206.16929626464844,test
2016-12-11 21:00:00,2016-12-11 22:00:00,h1,1,Beijing,XGBoost,224.916667,202.5986328125,test
2016-12-11 22:00:00,2016-12-11 23:00:00,h1,1,Beijing,XGBoost,225.916667,234.51942443847656,test
2016-12-11 23:00:00,2016-12-12 00:00:00,h1,1,Beijing,XGBoost,227.5,202.8723602294922,test
2016-12-12 00:00:00,2016-12-12 01:00:00,h1,1,Beijing,XGBoost,223.75,199.5052032470703,test
2016-12-12 01:00:00,2016-12-12 02:00:00,h1,1,Beijing,XGBoost,222.166667,203.97283935546875,test
2016-12-12 02:00:00,2016-12-12 03:00:00,h1,1,Beijing,XGBoost,214.25,223.36154174804688,test
2016-12-12 03:00:00,2016-12-12 04:00:00,h1,1,Beijing,XGBoost,214.333333,208.0262908935547,test
2016-12-12 04:00:00,2016-12-12 05:00:00,h1,1,Beijing,XGBoost,213.416667,207.26083374023438,test
2016-12-12 05:00:00,2016-12-12 06:00:00,h1,1,Beijing,XGBoost,216.416667,211.53341674804688,test
2016-12-12 06:00:00,2016-12-12 07:00:00,h1,1,Beijing,XGBoost,219.083333,211.50787353515625,test
2016-12-12 07:00:00,2016-12-12 08:00:00,h1,1,Beijing,XGBoost,221.166667,216.5027313232422,test
2016-12-12 08:00:00,2016-12-12 09:00:00,h1,1,Beijing,XGBoost,219.25,195.89675903320312,test
2016-12-12 09:00:00,2016-12-12 10:00:00,h1,1,Beijing,XGBoost,223.583333,195.37840270996094,test
2016-12-12 10:00:00,2016-12-12 11:00:00,h1,1,Beijing,XGBoost,226.166667,204.94863891601562,test
2016-12-12 11:00:00,2016-12-12 12:00:00,h1,1,Beijing,XGBoost,232.333333,194.1687774658203,test
2016-12-12 12:00:00,2016-12-12 13:00:00,h1,1,Beijing,XGBoost,226.666667,191.07525634765625,test
2016-12-12 13:00:00,2016-12-12 14:00:00,h1,1,Beijing,XGBoost,223.166667,218.07284545898438,test
2016-12-12 14:00:00,2016-12-12 15:00:00,h1,1,Beijing,XGBoost,210.75,213.2726287841797,test
2016-12-12 15:00:00,2016-12-12 16:00:00,h1,1,Beijing,XGBoost,200.083333,196.5989227294922,test
2016-12-12 16:00:00,2016-12-12 17:00:00,h1,1,Beijing,XGBoost,212.0,199.8477783203125,test
2016-12-12 17:00:00,2016-12-12 18:00:00,h1,1,Beijing,XGBoost,238.816667,218.96299743652344,test
2016-12-12 18:00:00,2016-12-12 19:00:00,h1,1,Beijing,XGBoost,242.3,249.84762573242188,test
2016-12-12 19:00:00,2016-12-12 20:00:00,h1,1,Beijing,XGBoost,234.866667,241.49314880371094,test
2016-12-12 20:00:00,2016-12-12 21:00:00,h1,1,Beijing,XGBoost,226.183333,217.55409240722656,test
2016-12-12 21:00:00,2016-12-12 22:00:00,h1,1,Beijing,XGBoost,218.583333,218.654052734375,test
2016-12-12 22:00:00,2016-12-12 23:00:00,h1,1,Beijing,XGBoost,210.75,213.763427734375,test
2016-12-12 23:00:00,2016-12-13 00:00:00,h1,1,Beijing,XGBoost,201.666667,174.44236755371094,test
2016-12-13 00:00:00,2016-12-13 01:00:00,h1,1,Beijing,XGBoost,179.083333,191.6165771484375,test
2016-12-13 01:00:00,2016-12-13 02:00:00,h1,1,Beijing,XGBoost,150.583333,166.75914001464844,test
2016-12-13 02:00:00,2016-12-13 03:00:00,h1,1,Beijing,XGBoost,141.166667,131.50328063964844,test
2016-12-13 03:00:00,2016-12-13 04:00:00,h1,1,Beijing,XGBoost,124.333333,130.85801696777344,test
2016-12-13 04:00:00,2016-12-13 05:00:00,h1,1,Beijing,XGBoost,77.5,102.41414642333984,test
2016-12-13 05:00:00,2016-12-13 06:00:00,h1,1,Beijing,XGBoost,32.5,42.74585723876953,test
2016-12-13 06:00:00,2016-12-13 07:00:00,h1,1,Beijing,XGBoost,23.666667,18.38909339904785,test
2016-12-13 07:00:00,2016-12-13 08:00:00,h1,1,Beijing,XGBoost,17.583333,21.604753494262695,test
2016-12-13 08:00:00,2016-12-13 09:00:00,h1,1,Beijing,XGBoost,19.666667,16.888370513916016,test
2016-12-13 09:00:00,2016-12-13 10:00:00,h1,1,Beijing,XGBoost,19.916667,19.6903018951416,test
2016-12-13 10:00:00,2016-12-13 11:00:00,h1,1,Beijing,XGBoost,16.916667,19.113094329833984,test
2016-12-13 11:00:00,2016-12-13 12:00:00,h1,1,Beijing,XGBoost,14.666667,14.39731216430664,test
2016-12-13 12:00:00,2016-12-13 13:00:00,h1,1,Beijing,XGBoost,18.333333,14.31047534942627,test
2016-12-13 13:00:00,2016-12-13 14:00:00,h1,1,Beijing,XGBoost,17.416667,20.188573837280273,test
2016-12-13 14:00:00,2016-12-13 15:00:00,h1,1,Beijing,XGBoost,18.5,19.436676025390625,test
2016-12-13 15:00:00,2016-12-13 16:00:00,h1,1,Beijing,XGBoost,18.666667,19.217483520507812,test
2016-12-13 16:00:00,2016-12-13 17:00:00,h1,1,Beijing,XGBoost,22.916667,20.64599609375,test
2016-12-13 17:00:00,2016-12-13 18:00:00,h1,1,Beijing,XGBoost,33.0,28.13615608215332,test
2016-12-13 18:00:00,2016-12-13 19:00:00,h1,1,Beijing,XGBoost,38.75,45.58808135986328,test
2016-12-13 19:00:00,2016-12-13 20:00:00,h1,1,Beijing,XGBoost,34.0,45.65390396118164,test
2016-12-13 20:00:00,2016-12-13 21:00:00,h1,1,Beijing,XGBoost,20.416667,31.89061737060547,test
2016-12-13 21:00:00,2016-12-13 22:00:00,h1,1,Beijing,XGBoost,22.916667,14.538445472717285,test
2016-12-13 22:00:00,2016-12-13 23:00:00,h1,1,Beijing,XGBoost,18.416667,23.187471389770508,test
2016-12-13 23:00:00,2016-12-14 00:00:00,h1,1,Beijing,XGBoost,11.333333,17.317846298217773,test
2016-12-14 00:00:00,2016-12-14 01:00:00,h1,1,Beijing,XGBoost,10.833333,12.125426292419434,test
2016-12-14 01:00:00,2016-12-14 02:00:00,h1,1,Beijing,XGBoost,7.583333,10.92438793182373,test
2016-12-14 02:00:00,2016-12-14 03:00:00,h1,1,Beijing,XGBoost,6.416667,8.437348365783691,test
2016-12-14 03:00:00,2016-12-14 04:00:00,h1,1,Beijing,XGBoost,6.333333,6.471127033233643,test
2016-12-14 04:00:00,2016-12-14 05:00:00,h1,1,Beijing,XGBoost,5.0,6.246928691864014,test
2016-12-14 05:00:00,2016-12-14 06:00:00,h1,1,Beijing,XGBoost,7.25,6.161004066467285,test
2016-12-14 06:00:00,2016-12-14 07:00:00,h1,1,Beijing,XGBoost,8.166667,8.916849136352539,test
2016-12-14 07:00:00,2016-12-14 08:00:00,h1,1,Beijing,XGBoost,10.333333,10.787160873413086,test
2016-12-14 08:00:00,2016-12-14 09:00:00,h1,1,Beijing,XGBoost,13.416667,11.837079048156738,test
2016-12-14 09:00:00,2016-12-14 10:00:00,h1,1,Beijing,XGBoost,14.75,14.337862968444824,test
2016-12-14 10:00:00,2016-12-14 11:00:00,h1,1,Beijing,XGBoost,13.777778,14.592326164245605,test
2016-12-14 11:00:00,2016-12-14 12:00:00,h1,1,Beijing,XGBoost,12.972222,12.841669082641602,test
2016-12-14 12:00:00,2016-12-14 13:00:00,h1,1,Beijing,XGBoost,13.333333,12.607474327087402,test
2016-12-14 13:00:00,2016-12-14 14:00:00,h1,1,Beijing,XGBoost,14.916667,14.26917552947998,test
2016-12-14 14:00:00,2016-12-14 15:00:00,h1,1,Beijing,XGBoost,17.194444,16.3604736328125,test
2016-12-14 15:00:00,2016-12-14 16:00:00,h1,1,Beijing,XGBoost,22.305556,19.51064682006836,test
2016-12-14 16:00:00,2016-12-14 17:00:00,h1,1,Beijing,XGBoost,35.083333,26.36887550354004,test
2016-12-14 17:00:00,2016-12-14 18:00:00,h1,1,Beijing,XGBoost,48.583333,51.268272399902344,test
2016-12-14 18:00:00,2016-12-14 19:00:00,h1,1,Beijing,XGBoost,50.333333,66.58756256103516,test
2016-12-14 19:00:00,2016-12-14 20:00:00,h1,1,Beijing,XGBoost,59.083333,53.23489761352539,test
2016-12-14 20:00:00,2016-12-14 21:00:00,h1,1,Beijing,XGBoost,63.083333,64.7475814819336,test
2016-12-14 21:00:00,2016-12-14 22:00:00,h1,1,Beijing,XGBoost,67.166667,65.39881134033203,test
2016-12-14 22:00:00,2016-12-14 23:00:00,h1,1,Beijing,XGBoost,72.666667,72.11404418945312,test
2016-12-14 23:00:00,2016-12-15 00:00:00,h1,1,Beijing,XGBoost,74.416667,75.64334869384766,test
2016-12-15 00:00:00,2016-12-15 01:00:00,h1,1,Beijing,XGBoost,72.916667,77.70562744140625,test
2016-12-15 01:00:00,2016-12-15 02:00:00,h1,1,Beijing,XGBoost,67.666667,71.69310760498047,test
2016-12-15 02:00:00,2016-12-15 03:00:00,h1,1,Beijing,XGBoost,62.166667,64.89315032958984,test
2016-12-15 03:00:00,2016-12-15 04:00:00,h1,1,Beijing,XGBoost,57.25,57.67274475097656,test
2016-12-15 04:00:00,2016-12-15 05:00:00,h1,1,Beijing,XGBoost,45.25,53.98581314086914,test
2016-12-15 05:00:00,2016-12-15 06:00:00,h1,1,Beijing,XGBoost,22.5,40.383060455322266,test
2016-12-15 06:00:00,2016-12-15 07:00:00,h1,1,Beijing,XGBoost,10.25,13.3937349319458,test
2016-12-15 07:00:00,2016-12-15 08:00:00,h1,1,Beijing,XGBoost,12.75,10.176432609558105,test
2016-12-15 08:00:00,2016-12-15 09:00:00,h1,1,Beijing,XGBoost,11.333333,12.52499771118164,test
2016-12-15 09:00:00,2016-12-15 10:00:00,h1,1,Beijing,XGBoost,11.25,10.507529258728027,test
2016-12-15 10:00:00,2016-12-15 11:00:00,h1,1,Beijing,XGBoost,8.166667,10.086217880249023,test
2016-12-15 11:00:00,2016-12-15 12:00:00,h1,1,Beijing,XGBoost,7.25,8.479413032531738,test
2016-12-15 12:00:00,2016-12-15 13:00:00,h1,1,Beijing,XGBoost,7.916667,7.934898376464844,test
2016-12-15 13:00:00,2016-12-15 14:00:00,h1,1,Beijing,XGBoost,6.416667,8.467148780822754,test
2016-12-15 14:00:00,2016-12-15 15:00:00,h1,1,Beijing,XGBoost,7.666667,7.534318447113037,test
2016-12-15 15:00:00,2016-12-15 16:00:00,h1,1,Beijing,XGBoost,6.833333,7.9926910400390625,test
2016-12-15 16:00:00,2016-12-15 17:00:00,h1,1,Beijing,XGBoost,6.25,7.558894157409668,test
2016-12-15 17:00:00,2016-12-15 18:00:00,h1,1,Beijing,XGBoost,9.833333,7.368052005767822,test
2016-12-15 18:00:00,2016-12-15 19:00:00,h1,1,Beijing,XGBoost,17.5,13.432479858398438,test
2016-12-15 19:00:00,2016-12-15 20:00:00,h1,1,Beijing,XGBoost,24.333333,26.103206634521484,test
2016-12-15 20:00:00,2016-12-15 21:00:00,h1,1,Beijing,XGBoost,20.083333,30.319250106811523,test
2016-12-15 21:00:00,2016-12-15 22:00:00,h1,1,Beijing,XGBoost,20.833333,24.532243728637695,test
2016-12-15 22:00:00,2016-12-15 23:00:00,h1,1,Beijing,XGBoost,32.583333,23.288196563720703,test
2016-12-15 23:00:00,2016-12-16 00:00:00,h1,1,Beijing,XGBoost,63.333333,37.41259765625,test
2016-12-16 00:00:00,2016-12-16 01:00:00,h1,1,Beijing,XGBoost,80.916667,93.1441650390625,test
2016-12-16 01:00:00,2016-12-16 02:00:00,h1,1,Beijing,XGBoost,97.666667,89.14581298828125,test
2016-12-16 02:00:00,2016-12-16 03:00:00,h1,1,Beijing,XGBoost,112.833333,100.9173812866211,test
2016-12-16 03:00:00,2016-12-16 04:00:00,h1,1,Beijing,XGBoost,109.416667,115.56670379638672,test
2016-12-16 04:00:00,2016-12-16 05:00:00,h1,1,Beijing,XGBoost,73.833333,105.69075775146484,test
2016-12-16 05:00:00,2016-12-16 06:00:00,h1,1,Beijing,XGBoost,55.166667,55.29928970336914,test
2016-12-16 06:00:00,2016-12-16 07:00:00,h1,1,Beijing,XGBoost,33.75,46.34941482543945,test
2016-12-16 07:00:00,2016-12-16 08:00:00,h1,1,Beijing,XGBoost,30.583333,28.175464630126953,test
2016-12-16 08:00:00,2016-12-16 09:00:00,h1,1,Beijing,XGBoost,31.5,28.899127960205078,test
2016-12-16 09:00:00,2016-12-16 10:00:00,h1,1,Beijing,XGBoost,43.416667,33.491851806640625,test
2016-12-16 10:00:00,2016-12-16 11:00:00,h1,1,Beijing,XGBoost,50.0,50.24061584472656,test
2016-12-16 11:00:00,2016-12-16 12:00:00,h1,1,Beijing,XGBoost,70.583333,54.87493896484375,test
2016-12-16 12:00:00,2016-12-16 13:00:00,h1,1,Beijing,XGBoost,94.416667,86.25697326660156,test
2016-12-16 13:00:00,2016-12-16 14:00:00,h1,1,Beijing,XGBoost,114.916667,106.5985336303711,test
2016-12-16 14:00:00,2016-12-16 15:00:00,h1,1,Beijing,XGBoost,132.5,128.781005859375,test
2016-12-16 15:00:00,2016-12-16 16:00:00,h1,1,Beijing,XGBoost,140.166667,142.0799560546875,test
2016-12-16 16:00:00,2016-12-16 17:00:00,h1,1,Beijing,XGBoost,133.916667,150.2589111328125,test
2016-12-16 17:00:00,2016-12-16 18:00:00,h1,1,Beijing,XGBoost,166.916667,135.64744567871094,test
2016-12-16 18:00:00,2016-12-16 19:00:00,h1,1,Beijing,XGBoost,192.666667,196.41268920898438,test
2016-12-16 19:00:00,2016-12-16 20:00:00,h1,1,Beijing,XGBoost,195.333333,218.08592224121094,test
2016-12-16 20:00:00,2016-12-16 21:00:00,h1,1,Beijing,XGBoost,181.0,185.84375,test
2016-12-16 21:00:00,2016-12-16 22:00:00,h1,1,Beijing,XGBoost,172.666667,170.33770751953125,test
2016-12-16 22:00:00,2016-12-16 23:00:00,h1,1,Beijing,XGBoost,165.25,165.0882568359375,test
2016-12-16 23:00:00,2016-12-17 00:00:00,h1,1,Beijing,XGBoost,15.083333,162.19117736816406,test
2016-12-23 00:00:00,2016-12-23 01:00:00,h1,1,Beijing,XGBoost,17.833333,22.678007125854492,test
2016-12-23 01:00:00,2016-12-23 02:00:00,h1,1,Beijing,XGBoost,16.166667,19.123428344726562,test
2016-12-23 02:00:00,2016-12-23 03:00:00,h1,1,Beijing,XGBoost,17.0,15.151416778564453,test
2016-12-23 03:00:00,2016-12-23 04:00:00,h1,1,Beijing,XGBoost,14.916667,20.039348602294922,test
2016-12-23 04:00:00,2016-12-23 05:00:00,h1,1,Beijing,XGBoost,14.666667,13.989614486694336,test
2016-12-23 05:00:00,2016-12-23 06:00:00,h1,1,Beijing,XGBoost,14.388889,13.875542640686035,test
2016-12-23 06:00:00,2016-12-23 07:00:00,h1,1,Beijing,XGBoost,14.194444,15.318565368652344,test
2016-12-23 07:00:00,2016-12-23 08:00:00,h1,1,Beijing,XGBoost,17.083333,15.162701606750488,test
2016-12-23 08:00:00,2016-12-23 09:00:00,h1,1,Beijing,XGBoost,16.25,19.611469268798828,test
2016-12-23 09:00:00,2016-12-23 10:00:00,h1,1,Beijing,XGBoost,18.25,17.179941177368164,test
2016-12-23 10:00:00,2016-12-23 11:00:00,h1,1,Beijing,XGBoost,21.333333,17.992034912109375,test
2016-12-23 11:00:00,2016-12-23 12:00:00,h1,1,Beijing,XGBoost,20.638889,23.11467170715332,test
2016-12-23 12:00:00,2016-12-23 13:00:00,h1,1,Beijing,XGBoost,19.777778,20.474124908447266,test
2016-12-23 13:00:00,2016-12-23 14:00:00,h1,1,Beijing,XGBoost,24.083333,19.503311157226562,test
2016-12-23 14:00:00,2016-12-23 15:00:00,h1,1,Beijing,XGBoost,18.083333,26.719383239746094,test
2016-12-23 15:00:00,2016-12-23 16:00:00,h1,1,Beijing,XGBoost,20.833333,18.54414939880371,test
2016-12-23 16:00:00,2016-12-23 17:00:00,h1,1,Beijing,XGBoost,29.666667,23.177650451660156,test
2016-12-23 17:00:00,2016-12-23 18:00:00,h1,1,Beijing,XGBoost,47.416667,40.24353790283203,test
2016-12-23 18:00:00,2016-12-23 19:00:00,h1,1,Beijing,XGBoost,64.25,63.85382843017578,test
2016-12-23 19:00:00,2016-12-23 20:00:00,h1,1,Beijing,XGBoost,71.0,82.67430877685547,test
2016-12-23 20:00:00,2016-12-23 21:00:00,h1,1,Beijing,XGBoost,74.25,76.54943084716797,test
2016-12-23 21:00:00,2016-12-23 22:00:00,h1,1,Beijing,XGBoost,74.833333,76.76695251464844,test
2016-12-23 22:00:00,2016-12-23 23:00:00,h1,1,Beijing,XGBoost,78.416667,76.61949157714844,test
2016-12-23 23:00:00,2016-12-24 00:00:00,h1,1,Beijing,XGBoost,76.416667,77.34977722167969,test
2016-12-24 00:00:00,2016-12-24 01:00:00,h1,1,Beijing,XGBoost,79.333333,74.00975799560547,test
2016-12-24 01:00:00,2016-12-24 02:00:00,h1,1,Beijing,XGBoost,82.916667,79.09150695800781,test
2016-12-24 02:00:00,2016-12-24 03:00:00,h1,1,Beijing,XGBoost,84.083333,84.39897155761719,test
2016-12-24 03:00:00,2016-12-24 04:00:00,h1,1,Beijing,XGBoost,89.583333,84.69172668457031,test
2016-12-24 04:00:00,2016-12-24 05:00:00,h1,1,Beijing,XGBoost,89.416667,92.03292083740234,test
2016-12-24 05:00:00,2016-12-24 06:00:00,h1,1,Beijing,XGBoost,96.666667,93.14857482910156,test
2016-12-24 06:00:00,2016-12-24 07:00:00,h1,1,Beijing,XGBoost,100.166667,99.88977813720703,test
2016-12-24 07:00:00,2016-12-24 08:00:00,h1,1,Beijing,XGBoost,103.75,103.57613372802734,test
2016-12-24 08:00:00,2016-12-24 09:00:00,h1,1,Beijing,XGBoost,102.25,106.54174041748047,test
2016-12-24 09:00:00,2016-12-24 10:00:00,h1,1,Beijing,XGBoost,103.583333,108.91650390625,test
2016-12-24 10:00:00,2016-12-24 11:00:00,h1,1,Beijing,XGBoost,110.416667,106.4300765991211,test
2016-12-24 11:00:00,2016-12-24 12:00:00,h1,1,Beijing,XGBoost,120.416667,116.27661895751953,test
2016-12-24 12:00:00,2016-12-24 13:00:00,h1,1,Beijing,XGBoost,127.75,125.78327941894531,test
2016-12-24 13:00:00,2016-12-24 14:00:00,h1,1,Beijing,XGBoost,124.666667,130.74102783203125,test
2016-12-24 14:00:00,2016-12-24 15:00:00,h1,1,Beijing,XGBoost,125.916667,124.50426483154297,test
2016-12-24 15:00:00,2016-12-24 16:00:00,h1,1,Beijing,XGBoost,135.416667,130.73353576660156,test
2016-12-24 16:00:00,2016-12-24 17:00:00,h1,1,Beijing,XGBoost,146.166667,143.96791076660156,test
2016-12-24 17:00:00,2016-12-24 18:00:00,h1,1,Beijing,XGBoost,148.25,160.69688415527344,test
2016-12-24 18:00:00,2016-12-24 19:00:00,h1,1,Beijing,XGBoost,147.0,157.4448699951172,test
2016-12-24 19:00:00,2016-12-24 20:00:00,h1,1,Beijing,XGBoost,152.416667,151.95240783691406,test
2016-12-24 20:00:00,2016-12-24 21:00:00,h1,1,Beijing,XGBoost,157.0,157.3441925048828,test
2016-12-24 21:00:00,2016-12-24 22:00:00,h1,1,Beijing,XGBoost,156.083333,159.93687438964844,test
2016-12-24 22:00:00,2016-12-24 23:00:00,h1,1,Beijing,XGBoost,161.083333,154.1644744873047,test
2016-12-24 23:00:00,2016-12-25 00:00:00,h1,1,Beijing,XGBoost,171.333333,145.45701599121094,test
2016-12-26 00:00:00,2016-12-26 01:00:00,h1,1,Beijing,XGBoost,157.5,169.60037231445312,test
2016-12-26 01:00:00,2016-12-26 02:00:00,h1,1,Beijing,XGBoost,151.333333,149.7018280029297,test
2016-12-26 02:00:00,2016-12-26 03:00:00,h1,1,Beijing,XGBoost,135.666667,143.78749084472656,test
2016-12-26 03:00:00,2016-12-26 04:00:00,h1,1,Beijing,XGBoost,109.083333,115.49186706542969,test
2016-12-26 04:00:00,2016-12-26 05:00:00,h1,1,Beijing,XGBoost,58.0,82.98841857910156,test
2016-12-26 05:00:00,2016-12-26 06:00:00,h1,1,Beijing,XGBoost,34.333333,45.45735549926758,test
2016-12-26 06:00:00,2016-12-26 07:00:00,h1,1,Beijing,XGBoost,24.333333,24.279691696166992,test
2016-12-26 07:00:00,2016-12-26 08:00:00,h1,1,Beijing,XGBoost,22.333333,17.425189971923828,test
2016-12-26 08:00:00,2016-12-26 09:00:00,h1,1,Beijing,XGBoost,21.5,22.249130249023438,test
2016-12-26 09:00:00,2016-12-26 10:00:00,h1,1,Beijing,XGBoost,28.083333,21.822389602661133,test
2016-12-26 10:00:00,2016-12-26 11:00:00,h1,1,Beijing,XGBoost,18.5,30.947357177734375,test
2016-12-26 11:00:00,2016-12-26 12:00:00,h1,1,Beijing,XGBoost,17.75,14.719439506530762,test
2016-12-26 12:00:00,2016-12-26 13:00:00,h1,1,Beijing,XGBoost,15.5,17.883651733398438,test
2016-12-26 13:00:00,2016-12-26 14:00:00,h1,1,Beijing,XGBoost,13.916667,14.821318626403809,test
2016-12-26 14:00:00,2016-12-26 15:00:00,h1,1,Beijing,XGBoost,10.5,13.405170440673828,test
2016-12-26 15:00:00,2016-12-26 16:00:00,h1,1,Beijing,XGBoost,11.833333,11.217002868652344,test
2016-12-26 16:00:00,2016-12-26 17:00:00,h1,1,Beijing,XGBoost,11.416667,11.963323593139648,test
2016-12-26 17:00:00,2016-12-26 18:00:00,h1,1,Beijing,XGBoost,12.666667,13.746541976928711,test
2016-12-26 18:00:00,2016-12-26 19:00:00,h1,1,Beijing,XGBoost,14.083333,16.40622901916504,test
2016-12-26 19:00:00,2016-12-26 20:00:00,h1,1,Beijing,XGBoost,16.75,16.62436866760254,test
2016-12-26 20:00:00,2016-12-26 21:00:00,h1,1,Beijing,XGBoost,15.916667,17.96296501159668,test
2016-12-26 21:00:00,2016-12-26 22:00:00,h1,1,Beijing,XGBoost,16.083333,17.87116241455078,test
2016-12-26 22:00:00,2016-12-26 23:00:00,h1,1,Beijing,XGBoost,13.75,16.839622497558594,test
2016-12-26 23:00:00,2016-12-27 00:00:00,h1,1,Beijing,XGBoost,12.166667,13.579943656921387,test
2016-12-27 00:00:00,2016-12-27 01:00:00,h1,1,Beijing,XGBoost,13.916667,11.725472450256348,test
2016-12-27 01:00:00,2016-12-27 02:00:00,h1,1,Beijing,XGBoost,15.583333,14.867801666259766,test
2016-12-27 02:00:00,2016-12-27 03:00:00,h1,1,Beijing,XGBoost,18.0,14.97104263305664,test
2016-12-27 03:00:00,2016-12-27 04:00:00,h1,1,Beijing,XGBoost,16.166667,19.385761260986328,test
2016-12-27 04:00:00,2016-12-27 05:00:00,h1,1,Beijing,XGBoost,13.916667,13.782508850097656,test
2016-12-27 05:00:00,2016-12-27 06:00:00,h1,1,Beijing,XGBoost,14.166667,13.498820304870605,test
2016-12-27 06:00:00,2016-12-27 07:00:00,h1,1,Beijing,XGBoost,19.375,13.985404968261719,test
2016-12-27 07:00:00,2016-12-27 08:00:00,h1,1,Beijing,XGBoost,19.333333,24.708711624145508,test
2016-12-27 08:00:00,2016-12-27 09:00:00,h1,1,Beijing,XGBoost,17.916667,21.53896713256836,test
2016-12-27 09:00:00,2016-12-27 10:00:00,h1,1,Beijing,XGBoost,15.75,17.999637603759766,test
2016-12-27 10:00:00,2016-12-27 11:00:00,h1,1,Beijing,XGBoost,13.555556,12.833950996398926,test
2016-12-27 11:00:00,2016-12-27 12:00:00,h1,1,Beijing,XGBoost,13.444444,12.230042457580566,test
2016-12-27 12:00:00,2016-12-27 13:00:00,h1,1,Beijing,XGBoost,14.916667,13.25236701965332,test
2016-12-27 13:00:00,2016-12-27 14:00:00,h1,1,Beijing,XGBoost,15.083333,15.481581687927246,test
2016-12-27 14:00:00,2016-12-27 15:00:00,h1,1,Beijing,XGBoost,15.0,15.633502006530762,test
2016-12-27 15:00:00,2016-12-27 16:00:00,h1,1,Beijing,XGBoost,14.583333,15.29384708404541,test
2016-12-27 16:00:00,2016-12-27 17:00:00,h1,1,Beijing,XGBoost,22.333333,16.329442977905273,test
2016-12-27 17:00:00,2016-12-27 18:00:00,h1,1,Beijing,XGBoost,46.666667,30.763153076171875,test
2016-12-27 18:00:00,2016-12-27 19:00:00,h1,1,Beijing,XGBoost,74.833333,79.47682189941406,test
2016-12-27 19:00:00,2016-12-27 20:00:00,h1,1,Beijing,XGBoost,112.416667,95.29512023925781,test
2016-12-27 20:00:00,2016-12-27 21:00:00,h1,1,Beijing,XGBoost,102.083333,121.49663543701172,test
2016-12-27 21:00:00,2016-12-27 22:00:00,h1,1,Beijing,XGBoost,115.583333,91.88499450683594,test
2016-12-27 22:00:00,2016-12-27 23:00:00,h1,1,Beijing,XGBoost,124.166667,106.34709930419922,test
2016-12-27 23:00:00,2016-12-28 00:00:00,h1,1,Beijing,XGBoost,129.666667,116.98714447021484,test
2016-12-28 00:00:00,2016-12-28 01:00:00,h1,1,Beijing,XGBoost,135.166667,129.40814208984375,test
2016-12-28 01:00:00,2016-12-28 02:00:00,h1,1,Beijing,XGBoost,142.166667,129.1627655029297,test
2016-12-28 02:00:00,2016-12-28 03:00:00,h1,1,Beijing,XGBoost,151.0,141.95407104492188,test
2016-12-28 03:00:00,2016-12-28 04:00:00,h1,1,Beijing,XGBoost,149.333333,150.0487823486328,test
2016-12-28 04:00:00,2016-12-28 05:00:00,h1,1,Beijing,XGBoost,150.0,135.25076293945312,test
2016-12-28 05:00:00,2016-12-28 06:00:00,h1,1,Beijing,XGBoost,131.5,150.7758026123047,test
2016-12-28 06:00:00,2016-12-28 07:00:00,h1,1,Beijing,XGBoost,121.083333,118.46749877929688,test
2016-12-28 07:00:00,2016-12-28 08:00:00,h1,1,Beijing,XGBoost,112.666667,115.40052795410156,test
2016-12-28 08:00:00,2016-12-28 09:00:00,h1,1,Beijing,XGBoost,89.916667,109.4878921508789,test
2016-12-28 09:00:00,2016-12-28 10:00:00,h1,1,Beijing,XGBoost,56.833333,64.48391723632812,test
2016-12-28 10:00:00,2016-12-28 11:00:00,h1,1,Beijing,XGBoost,32.375,34.538978576660156,test
2016-12-28 11:00:00,2016-12-28 12:00:00,h1,1,Beijing,XGBoost,19.583333,19.55449867248535,test
2016-12-28 12:00:00,2016-12-28 13:00:00,h1,1,Beijing,XGBoost,14.833333,13.774173736572266,test
2016-12-28 13:00:00,2016-12-28 14:00:00,h1,1,Beijing,XGBoost,13.645833,15.437714576721191,test
2016-12-28 14:00:00,2016-12-28 15:00:00,h1,1,Beijing,XGBoost,9.458333,13.045430183410645,test
2016-12-28 15:00:00,2016-12-28 16:00:00,h1,1,Beijing,XGBoost,9.854167,10.68455982208252,test
2016-12-28 16:00:00,2016-12-28 17:00:00,h1,1,Beijing,XGBoost,9.770833,11.012676239013672,test
2016-12-28 17:00:00,2016-12-28 18:00:00,h1,1,Beijing,XGBoost,9.583333,10.381694793701172,test
2016-12-28 18:00:00,2016-12-28 19:00:00,h1,1,Beijing,XGBoost,8.895833,9.684154510498047,test
2016-12-28 19:00:00,2016-12-28 20:00:00,h1,1,Beijing,XGBoost,10.0,8.815142631530762,test
2016-12-28 20:00:00,2016-12-28 21:00:00,h1,1,Beijing,XGBoost,8.666667,9.778579711914062,test
2016-12-28 21:00:00,2016-12-28 22:00:00,h1,1,Beijing,XGBoost,9.0,9.245817184448242,test
2016-12-28 22:00:00,2016-12-28 23:00:00,h1,1,Beijing,XGBoost,10.0,9.548940658569336,test
2016-12-28 23:00:00,2016-12-29 00:00:00,h1,1,Beijing,XGBoost,184.75,9.797676086425781,test
2017-01-06 00:00:00,2017-01-06 01:00:00,h1,1,Beijing,XGBoost,183.166667,116.50260162353516,test
2017-01-06 01:00:00,2017-01-06 02:00:00,h1,1,Beijing,XGBoost,178.666667,165.28790283203125,test
2017-01-06 02:00:00,2017-01-06 03:00:00,h1,1,Beijing,XGBoost,178.0,174.93858337402344,test
2017-01-06 03:00:00,2017-01-06 04:00:00,h1,1,Beijing,XGBoost,176.416667,175.5360870361328,test
2017-01-06 04:00:00,2017-01-06 05:00:00,h1,1,Beijing,XGBoost,173.416667,174.6356964111328,test
2017-01-06 05:00:00,2017-01-06 06:00:00,h1,1,Beijing,XGBoost,166.083333,178.7643280029297,test
2017-01-06 06:00:00,2017-01-06 07:00:00,h1,1,Beijing,XGBoost,170.25,162.8571319580078,test
2017-01-06 07:00:00,2017-01-06 08:00:00,h1,1,Beijing,XGBoost,173.416667,167.7598419189453,test
2017-01-06 08:00:00,2017-01-06 09:00:00,h1,1,Beijing,XGBoost,180.166667,177.13449096679688,test
2017-01-06 09:00:00,2017-01-06 10:00:00,h1,1,Beijing,XGBoost,202.333333,188.77423095703125,test
2017-01-06 10:00:00,2017-01-06 11:00:00,h1,1,Beijing,XGBoost,201.833333,209.57620239257812,test
2017-01-06 11:00:00,2017-01-06 12:00:00,h1,1,Beijing,XGBoost,204.75,197.72203063964844,test
2017-01-06 12:00:00,2017-01-06 13:00:00,h1,1,Beijing,XGBoost,185.916667,194.00885009765625,test
2017-01-06 13:00:00,2017-01-06 14:00:00,h1,1,Beijing,XGBoost,194.833333,169.52415466308594,test
2017-01-06 14:00:00,2017-01-06 15:00:00,h1,1,Beijing,XGBoost,204.333333,202.5231170654297,test
2017-01-06 15:00:00,2017-01-06 16:00:00,h1,1,Beijing,XGBoost,204.666667,208.0170135498047,test
2017-01-06 16:00:00,2017-01-06 17:00:00,h1,1,Beijing,XGBoost,205.333333,204.99484252929688,test
2017-01-06 17:00:00,2017-01-06 18:00:00,h1,1,Beijing,XGBoost,204.916667,207.02915954589844,test
2017-01-06 18:00:00,2017-01-06 19:00:00,h1,1,Beijing,XGBoost,210.083333,210.14273071289062,test
2017-01-06 19:00:00,2017-01-06 20:00:00,h1,1,Beijing,XGBoost,212.0,214.24107360839844,test
2017-01-06 20:00:00,2017-01-06 21:00:00,h1,1,Beijing,XGBoost,216.166667,204.03372192382812,test
2017-01-06 21:00:00,2017-01-06 22:00:00,h1,1,Beijing,XGBoost,222.0,207.1105194091797,test
2017-01-06 22:00:00,2017-01-06 23:00:00,h1,1,Beijing,XGBoost,222.166667,226.42813110351562,test
2017-01-06 23:00:00,2017-01-07 00:00:00,h1,1,Beijing,XGBoost,221.0,174.55215454101562,test
2017-01-07 00:00:00,2017-01-07 01:00:00,h1,1,Beijing,XGBoost,220.416667,200.4042205810547,test
2017-01-07 01:00:00,2017-01-07 02:00:00,h1,1,Beijing,XGBoost,220.583333,193.57489013671875,test
2017-01-07 02:00:00,2017-01-07 03:00:00,h1,1,Beijing,XGBoost,210.583333,211.87693786621094,test
2017-01-07 03:00:00,2017-01-07 04:00:00,h1,1,Beijing,XGBoost,214.166667,195.9121856689453,test
2017-01-07 04:00:00,2017-01-07 05:00:00,h1,1,Beijing,XGBoost,215.416667,194.7367706298828,test
2017-01-07 05:00:00,2017-01-07 06:00:00,h1,1,Beijing,XGBoost,199.833333,208.94371032714844,test
2017-01-07 06:00:00,2017-01-07 07:00:00,h1,1,Beijing,XGBoost,192.916667,190.23655700683594,test
2017-01-07 07:00:00,2017-01-07 08:00:00,h1,1,Beijing,XGBoost,191.75,189.19589233398438,test
2017-01-07 08:00:00,2017-01-07 09:00:00,h1,1,Beijing,XGBoost,188.916667,188.5787353515625,test
2017-01-07 09:00:00,2017-01-07 10:00:00,h1,1,Beijing,XGBoost,187.166667,184.41058349609375,test
2017-01-07 10:00:00,2017-01-07 11:00:00,h1,1,Beijing,XGBoost,181.166667,185.41783142089844,test
2017-01-07 11:00:00,2017-01-07 12:00:00,h1,1,Beijing,XGBoost,187.416667,177.59869384765625,test
2017-01-07 12:00:00,2017-01-07 13:00:00,h1,1,Beijing,XGBoost,166.916667,197.0811004638672,test
2017-01-07 13:00:00,2017-01-07 14:00:00,h1,1,Beijing,XGBoost,139.333333,161.04180908203125,test
2017-01-07 14:00:00,2017-01-07 15:00:00,h1,1,Beijing,XGBoost,115.5,126.83839416503906,test
2017-01-07 15:00:00,2017-01-07 16:00:00,h1,1,Beijing,XGBoost,106.25,93.34858703613281,test
2017-01-07 16:00:00,2017-01-07 17:00:00,h1,1,Beijing,XGBoost,106.75,103.74649047851562,test
2017-01-07 17:00:00,2017-01-07 18:00:00,h1,1,Beijing,XGBoost,103.416667,111.165283203125,test
2017-01-07 18:00:00,2017-01-07 19:00:00,h1,1,Beijing,XGBoost,110.333333,107.14688110351562,test
2017-01-07 19:00:00,2017-01-07 20:00:00,h1,1,Beijing,XGBoost,117.25,117.78952026367188,test
2017-01-07 20:00:00,2017-01-07 21:00:00,h1,1,Beijing,XGBoost,121.416667,124.7547607421875,test
2017-01-07 21:00:00,2017-01-07 22:00:00,h1,1,Beijing,XGBoost,125.583333,125.50698852539062,test
2017-01-07 22:00:00,2017-01-07 23:00:00,h1,1,Beijing,XGBoost,139.583333,129.49794006347656,test
2017-01-07 23:00:00,2017-01-08 00:00:00,h1,1,Beijing,XGBoost,133.833333,146.71385192871094,test
2017-01-08 00:00:00,2017-01-08 01:00:00,h1,1,Beijing,XGBoost,113.0,123.61673736572266,test
2017-01-08 01:00:00,2017-01-08 02:00:00,h1,1,Beijing,XGBoost,72.666667,91.78541564941406,test
2017-01-08 02:00:00,2017-01-08 03:00:00,h1,1,Beijing,XGBoost,43.583333,57.085906982421875,test
2017-01-08 03:00:00,2017-01-08 04:00:00,h1,1,Beijing,XGBoost,31.083333,36.71470260620117,test
2017-01-08 04:00:00,2017-01-08 05:00:00,h1,1,Beijing,XGBoost,22.5,27.036157608032227,test
2017-01-08 05:00:00,2017-01-08 06:00:00,h1,1,Beijing,XGBoost,21.0,21.312734603881836,test
2017-01-08 06:00:00,2017-01-08 07:00:00,h1,1,Beijing,XGBoost,19.916667,21.783205032348633,test
2017-01-08 07:00:00,2017-01-08 08:00:00,h1,1,Beijing,XGBoost,20.75,19.777389526367188,test
2017-01-08 08:00:00,2017-01-08 09:00:00,h1,1,Beijing,XGBoost,23.583333,21.148059844970703,test
2017-01-08 09:00:00,2017-01-08 10:00:00,h1,1,Beijing,XGBoost,23.166667,24.939767837524414,test
2017-01-08 10:00:00,2017-01-08 11:00:00,h1,1,Beijing,XGBoost,24.25,22.91264533996582,test
2017-01-08 11:00:00,2017-01-08 12:00:00,h1,1,Beijing,XGBoost,26.833333,24.608694076538086,test
2017-01-08 12:00:00,2017-01-08 13:00:00,h1,1,Beijing,XGBoost,29.583333,29.660079956054688,test
2017-01-08 13:00:00,2017-01-08 14:00:00,h1,1,Beijing,XGBoost,30.25,32.210697174072266,test
2017-01-08 14:00:00,2017-01-08 15:00:00,h1,1,Beijing,XGBoost,38.166667,32.3121223449707,test
2017-01-08 15:00:00,2017-01-08 16:00:00,h1,1,Beijing,XGBoost,47.083333,44.45740509033203,test
2017-01-08 16:00:00,2017-01-08 17:00:00,h1,1,Beijing,XGBoost,43.5,51.013877868652344,test
2017-01-08 17:00:00,2017-01-08 18:00:00,h1,1,Beijing,XGBoost,41.666667,43.3271369934082,test
2017-01-08 18:00:00,2017-01-08 19:00:00,h1,1,Beijing,XGBoost,40.083333,43.96615219116211,test
2017-01-08 19:00:00,2017-01-08 20:00:00,h1,1,Beijing,XGBoost,17.833333,40.683719635009766,test
2017-01-08 20:00:00,2017-01-08 21:00:00,h1,1,Beijing,XGBoost,11.583333,14.837116241455078,test
2017-01-08 21:00:00,2017-01-08 22:00:00,h1,1,Beijing,XGBoost,10.166667,11.701645851135254,test
2017-01-08 22:00:00,2017-01-08 23:00:00,h1,1,Beijing,XGBoost,10.333333,10.646310806274414,test
2017-01-08 23:00:00,2017-01-09 00:00:00,h1,1,Beijing,XGBoost,11.0,10.470413208007812,test
2017-01-09 00:00:00,2017-01-09 01:00:00,h1,1,Beijing,XGBoost,7.583333,10.16009521484375,test
2017-01-09 01:00:00,2017-01-09 02:00:00,h1,1,Beijing,XGBoost,9.166667,8.093464851379395,test
2017-01-09 02:00:00,2017-01-09 03:00:00,h1,1,Beijing,XGBoost,9.583333,8.969926834106445,test
2017-01-09 03:00:00,2017-01-09 04:00:00,h1,1,Beijing,XGBoost,8.75,8.405659675598145,test
2017-01-09 04:00:00,2017-01-09 05:00:00,h1,1,Beijing,XGBoost,8.416667,8.16151237487793,test
2017-01-09 05:00:00,2017-01-09 06:00:00,h1,1,Beijing,XGBoost,9.083333,8.109796524047852,test
2017-01-09 06:00:00,2017-01-09 07:00:00,h1,1,Beijing,XGBoost,11.083333,8.805757522583008,test
2017-01-09 07:00:00,2017-01-09 08:00:00,h1,1,Beijing,XGBoost,11.666667,12.193970680236816,test
2017-01-09 08:00:00,2017-01-09 09:00:00,h1,1,Beijing,XGBoost,13.333333,12.675275802612305,test
2017-01-09 09:00:00,2017-01-09 10:00:00,h1,1,Beijing,XGBoost,13.0,13.784071922302246,test
2017-01-09 10:00:00,2017-01-09 11:00:00,h1,1,Beijing,XGBoost,12.416667,12.238354682922363,test
2017-01-09 11:00:00,2017-01-09 12:00:00,h1,1,Beijing,XGBoost,12.916667,12.010869979858398,test
2017-01-09 12:00:00,2017-01-09 13:00:00,h1,1,Beijing,XGBoost,13.916667,14.357246398925781,test
2017-01-09 13:00:00,2017-01-09 14:00:00,h1,1,Beijing,XGBoost,16.333333,14.987386703491211,test
2017-01-09 14:00:00,2017-01-09 15:00:00,h1,1,Beijing,XGBoost,19.75,17.312406539916992,test
2017-01-09 15:00:00,2017-01-09 16:00:00,h1,1,Beijing,XGBoost,28.041667,21.218711853027344,test
2017-01-09 16:00:00,2017-01-09 17:00:00,h1,1,Beijing,XGBoost,39.083333,34.1543083190918,test
2017-01-09 17:00:00,2017-01-09 18:00:00,h1,1,Beijing,XGBoost,49.958333,49.310791015625,test
2017-01-09 18:00:00,2017-01-09 19:00:00,h1,1,Beijing,XGBoost,64.583333,61.79372024536133,test
2017-01-09 19:00:00,2017-01-09 20:00:00,h1,1,Beijing,XGBoost,82.583333,73.8141098022461,test
2017-01-09 20:00:00,2017-01-09 21:00:00,h1,1,Beijing,XGBoost,102.166667,93.93866729736328,test
2017-01-09 21:00:00,2017-01-09 22:00:00,h1,1,Beijing,XGBoost,118.666667,106.72123718261719,test
2017-01-09 22:00:00,2017-01-09 23:00:00,h1,1,Beijing,XGBoost,110.25,125.76797485351562,test
2017-01-09 23:00:00,2017-01-10 00:00:00,h1,1,Beijing,XGBoost,65.416667,98.8092041015625,test
2017-01-10 00:00:00,2017-01-10 01:00:00,h1,1,Beijing,XGBoost,33.5,49.303863525390625,test
2017-01-10 01:00:00,2017-01-10 02:00:00,h1,1,Beijing,XGBoost,9.25,14.227893829345703,test
2017-01-10 02:00:00,2017-01-10 03:00:00,h1,1,Beijing,XGBoost,6.583333,12.932099342346191,test
2017-01-10 03:00:00,2017-01-10 04:00:00,h1,1,Beijing,XGBoost,5.833333,9.769098281860352,test
2017-01-10 04:00:00,2017-01-10 05:00:00,h1,1,Beijing,XGBoost,5.75,6.77669620513916,test
2017-01-10 05:00:00,2017-01-10 06:00:00,h1,1,Beijing,XGBoost,6.333333,6.253974914550781,test
2017-01-10 06:00:00,2017-01-10 07:00:00,h1,1,Beijing,XGBoost,8.083333,6.5839738845825195,test
2017-01-10 07:00:00,2017-01-10 08:00:00,h1,1,Beijing,XGBoost,8.0,9.434046745300293,test
2017-01-10 08:00:00,2017-01-10 09:00:00,h1,1,Beijing,XGBoost,12.416667,8.28310489654541,test
2017-01-10 09:00:00,2017-01-10 10:00:00,h1,1,Beijing,XGBoost,10.333333,14.699295043945312,test
2017-01-10 10:00:00,2017-01-10 11:00:00,h1,1,Beijing,XGBoost,7.583333,11.298169136047363,test
2017-01-10 11:00:00,2017-01-10 12:00:00,h1,1,Beijing,XGBoost,6.166667,8.191214561462402,test
2017-01-10 12:00:00,2017-01-10 13:00:00,h1,1,Beijing,XGBoost,7.416667,7.310000419616699,test
2017-01-10 13:00:00,2017-01-10 14:00:00,h1,1,Beijing,XGBoost,6.5,8.299539566040039,test
2017-01-10 14:00:00,2017-01-10 15:00:00,h1,1,Beijing,XGBoost,6.666667,7.307313442230225,test
2017-01-10 15:00:00,2017-01-10 16:00:00,h1,1,Beijing,XGBoost,7.333333,8.622852325439453,test
2017-01-10 16:00:00,2017-01-10 17:00:00,h1,1,Beijing,XGBoost,15.166667,8.051969528198242,test
2017-01-10 17:00:00,2017-01-10 18:00:00,h1,1,Beijing,XGBoost,27.5,30.81226921081543,test
2017-01-10 18:00:00,2017-01-10 19:00:00,h1,1,Beijing,XGBoost,49.833333,38.356143951416016,test
2017-01-10 19:00:00,2017-01-10 20:00:00,h1,1,Beijing,XGBoost,64.0,85.37462615966797,test
2017-01-10 20:00:00,2017-01-10 21:00:00,h1,1,Beijing,XGBoost,69.166667,73.94515228271484,test
2017-01-10 21:00:00,2017-01-10 22:00:00,h1,1,Beijing,XGBoost,68.916667,70.55384826660156,test
2017-01-10 22:00:00,2017-01-10 23:00:00,h1,1,Beijing,XGBoost,67.833333,69.59526824951172,test
2017-01-10 23:00:00,2017-01-11 00:00:00,h1,1,Beijing,XGBoost,63.083333,66.76204681396484,test
2017-01-11 00:00:00,2017-01-11 01:00:00,h1,1,Beijing,XGBoost,64.75,60.207847595214844,test
2017-01-11 01:00:00,2017-01-11 02:00:00,h1,1,Beijing,XGBoost,63.083333,72.01202392578125,test
2017-01-11 02:00:00,2017-01-11 03:00:00,h1,1,Beijing,XGBoost,64.583333,61.764801025390625,test
2017-01-11 03:00:00,2017-01-11 04:00:00,h1,1,Beijing,XGBoost,64.0,68.89485168457031,test
2017-01-11 04:00:00,2017-01-11 05:00:00,h1,1,Beijing,XGBoost,60.333333,61.661197662353516,test
2017-01-11 05:00:00,2017-01-11 06:00:00,h1,1,Beijing,XGBoost,53.333333,54.98089599609375,test
2017-01-11 06:00:00,2017-01-11 07:00:00,h1,1,Beijing,XGBoost,45.25,50.850955963134766,test
2017-01-11 07:00:00,2017-01-11 08:00:00,h1,1,Beijing,XGBoost,43.166667,45.56078338623047,test
2017-01-11 08:00:00,2017-01-11 09:00:00,h1,1,Beijing,XGBoost,46.916667,44.002079010009766,test
2017-01-11 09:00:00,2017-01-11 10:00:00,h1,1,Beijing,XGBoost,56.083333,50.66887664794922,test
2017-01-11 10:00:00,2017-01-11 11:00:00,h1,1,Beijing,XGBoost,59.583333,62.707862854003906,test
2017-01-11 11:00:00,2017-01-11 12:00:00,h1,1,Beijing,XGBoost,61.0,62.183837890625,test
2017-01-11 12:00:00,2017-01-11 13:00:00,h1,1,Beijing,XGBoost,67.583333,63.428714752197266,test
2017-01-11 13:00:00,2017-01-11 14:00:00,h1,1,Beijing,XGBoost,47.5,74.05137634277344,test
2017-01-11 14:00:00,2017-01-11 15:00:00,h1,1,Beijing,XGBoost,44.833333,33.04734802246094,test
2017-01-11 15:00:00,2017-01-11 16:00:00,h1,1,Beijing,XGBoost,65.0,43.59251403808594,test
2017-01-11 16:00:00,2017-01-11 17:00:00,h1,1,Beijing,XGBoost,74.25,74.08159637451172,test
2017-01-11 17:00:00,2017-01-11 18:00:00,h1,1,Beijing,XGBoost,77.5,82.13746643066406,test
2017-01-11 18:00:00,2017-01-11 19:00:00,h1,1,Beijing,XGBoost,75.333333,85.81532287597656,test
2017-01-11 19:00:00,2017-01-11 20:00:00,h1,1,Beijing,XGBoost,68.5,80.20846557617188,test
2017-01-11 20:00:00,2017-01-11 21:00:00,h1,1,Beijing,XGBoost,57.666667,67.70806121826172,test
2017-01-11 21:00:00,2017-01-11 22:00:00,h1,1,Beijing,XGBoost,38.0,52.203311920166016,test
2017-01-11 22:00:00,2017-01-11 23:00:00,h1,1,Beijing,XGBoost,27.0,28.10626792907715,test
2017-01-11 23:00:00,2017-01-12 00:00:00,h1,1,Beijing,XGBoost,27.083333,19.03032112121582,test
2017-01-12 00:00:00,2017-01-12 01:00:00,h1,1,Beijing,XGBoost,28.0,24.61161994934082,test
2017-01-12 01:00:00,2017-01-12 02:00:00,h1,1,Beijing,XGBoost,23.75,29.389095306396484,test
2017-01-12 02:00:00,2017-01-12 03:00:00,h1,1,Beijing,XGBoost,25.583333,24.570402145385742,test
2017-01-12 03:00:00,2017-01-12 04:00:00,h1,1,Beijing,XGBoost,22.916667,26.137344360351562,test
2017-01-12 04:00:00,2017-01-12 05:00:00,h1,1,Beijing,XGBoost,26.416667,23.119842529296875,test
2017-01-12 05:00:00,2017-01-12 06:00:00,h1,1,Beijing,XGBoost,22.75,29.002857208251953,test
2017-01-12 06:00:00,2017-01-12 07:00:00,h1,1,Beijing,XGBoost,26.166667,22.01272964477539,test
2017-01-12 07:00:00,2017-01-12 08:00:00,h1,1,Beijing,XGBoost,25.083333,31.3806095123291,test
2017-01-12 08:00:00,2017-01-12 09:00:00,h1,1,Beijing,XGBoost,25.416667,26.15564727783203,test
2017-01-12 09:00:00,2017-01-12 10:00:00,h1,1,Beijing,XGBoost,27.083333,27.221609115600586,test
2017-01-12 10:00:00,2017-01-12 11:00:00,h1,1,Beijing,XGBoost,24.833333,27.522354125976562,test
2017-01-12 11:00:00,2017-01-12 12:00:00,h1,1,Beijing,XGBoost,34.666667,25.554914474487305,test
2017-01-12 12:00:00,2017-01-12 13:00:00,h1,1,Beijing,XGBoost,54.083333,41.41802978515625,test
2017-01-12 13:00:00,2017-01-12 14:00:00,h1,1,Beijing,XGBoost,59.666667,56.2024040222168,test
2017-01-12 14:00:00,2017-01-12 15:00:00,h1,1,Beijing,XGBoost,66.083333,56.710975646972656,test
2017-01-12 15:00:00,2017-01-12 16:00:00,h1,1,Beijing,XGBoost,76.833333,66.50713348388672,test
2017-01-12 16:00:00,2017-01-12 17:00:00,h1,1,Beijing,XGBoost,82.333333,79.98865509033203,test
2017-01-12 17:00:00,2017-01-12 18:00:00,h1,1,Beijing,XGBoost,89.833333,86.55294799804688,test
2017-01-12 18:00:00,2017-01-12 19:00:00,h1,1,Beijing,XGBoost,103.916667,96.79747772216797,test
2017-01-12 19:00:00,2017-01-12 20:00:00,h1,1,Beijing,XGBoost,106.25,113.6054916381836,test
2017-01-12 20:00:00,2017-01-12 21:00:00,h1,1,Beijing,XGBoost,53.916667,110.72322082519531,test
2017-01-12 21:00:00,2017-01-12 22:00:00,h1,1,Beijing,XGBoost,13.083333,39.768829345703125,test
2017-01-12 22:00:00,2017-01-12 23:00:00,h1,1,Beijing,XGBoost,12.583333,14.709219932556152,test
2017-01-12 23:00:00,2017-01-13 00:00:00,h1,1,Beijing,XGBoost,12.5,10.726125717163086,test
2017-01-13 00:00:00,2017-01-13 01:00:00,h1,1,Beijing,XGBoost,12.5,12.222148895263672,test
2017-01-13 01:00:00,2017-01-13 02:00:00,h1,1,Beijing,XGBoost,14.75,12.849679946899414,test
2017-01-13 02:00:00,2017-01-13 03:00:00,h1,1,Beijing,XGBoost,11.75,15.414244651794434,test
2017-01-13 03:00:00,2017-01-13 04:00:00,h1,1,Beijing,XGBoost,8.583333,10.580826759338379,test
2017-01-13 04:00:00,2017-01-13 05:00:00,h1,1,Beijing,XGBoost,10.833333,10.114068031311035,test
2017-01-13 05:00:00,2017-01-13 06:00:00,h1,1,Beijing,XGBoost,13.25,11.353205680847168,test
2017-01-13 06:00:00,2017-01-13 07:00:00,h1,1,Beijing,XGBoost,13.583333,13.94028091430664,test
2017-01-13 07:00:00,2017-01-13 08:00:00,h1,1,Beijing,XGBoost,13.833333,15.000452041625977,test
2017-01-13 08:00:00,2017-01-13 09:00:00,h1,1,Beijing,XGBoost,16.0,13.684980392456055,test
2017-01-13 09:00:00,2017-01-13 10:00:00,h1,1,Beijing,XGBoost,11.916667,16.67817497253418,test
2017-01-13 10:00:00,2017-01-13 11:00:00,h1,1,Beijing,XGBoost,15.75,11.016189575195312,test
2017-01-13 11:00:00,2017-01-13 12:00:00,h1,1,Beijing,XGBoost,12.25,15.718727111816406,test
2017-01-13 12:00:00,2017-01-13 13:00:00,h1,1,Beijing,XGBoost,13.166667,11.711653709411621,test
2017-01-13 13:00:00,2017-01-13 14:00:00,h1,1,Beijing,XGBoost,12.25,14.0372953414917,test
2017-01-13 14:00:00,2017-01-13 15:00:00,h1,1,Beijing,XGBoost,11.333333,12.179197311401367,test
2017-01-13 15:00:00,2017-01-13 16:00:00,h1,1,Beijing,XGBoost,11.833333,11.903939247131348,test
2017-01-13 16:00:00,2017-01-13 17:00:00,h1,1,Beijing,XGBoost,10.25,11.755559921264648,test
2017-01-13 17:00:00,2017-01-13 18:00:00,h1,1,Beijing,XGBoost,12.916667,10.523894309997559,test
2017-01-13 18:00:00,2017-01-13 19:00:00,h1,1,Beijing,XGBoost,14.583333,13.965728759765625,test
2017-01-13 19:00:00,2017-01-13 20:00:00,h1,1,Beijing,XGBoost,16.75,15.506153106689453,test
2017-01-13 20:00:00,2017-01-13 21:00:00,h1,1,Beijing,XGBoost,15.25,18.036664962768555,test
2017-01-13 21:00:00,2017-01-13 22:00:00,h1,1,Beijing,XGBoost,14.916667,14.63511848449707,test
2017-01-13 22:00:00,2017-01-13 23:00:00,h1,1,Beijing,XGBoost,17.0,13.926664352416992,test
2017-01-13 23:00:00,2017-01-14 00:00:00,h1,1,Beijing,XGBoost,16.25,17.47433090209961,test
2017-01-14 00:00:00,2017-01-14 01:00:00,h1,1,Beijing,XGBoost,17.166667,16.227283477783203,test
2017-01-14 01:00:00,2017-01-14 02:00:00,h1,1,Beijing,XGBoost,14.5,16.388582229614258,test
2017-01-14 02:00:00,2017-01-14 03:00:00,h1,1,Beijing,XGBoost,15.583333,13.424964904785156,test
2017-01-14 03:00:00,2017-01-14 04:00:00,h1,1,Beijing,XGBoost,15.083333,14.490579605102539,test
2017-01-14 04:00:00,2017-01-14 05:00:00,h1,1,Beijing,XGBoost,14.5,14.07673168182373,test
2017-01-14 05:00:00,2017-01-14 06:00:00,h1,1,Beijing,XGBoost,11.166667,13.663247108459473,test
2017-01-14 06:00:00,2017-01-14 07:00:00,h1,1,Beijing,XGBoost,16.25,10.810385704040527,test
2017-01-14 07:00:00,2017-01-14 08:00:00,h1,1,Beijing,XGBoost,19.583333,28.27412223815918,test
2017-01-14 08:00:00,2017-01-14 09:00:00,h1,1,Beijing,XGBoost,18.166667,21.718250274658203,test
2017-01-14 09:00:00,2017-01-14 10:00:00,h1,1,Beijing,XGBoost,22.75,18.995424270629883,test
2017-01-14 10:00:00,2017-01-14 11:00:00,h1,1,Beijing,XGBoost,23.5,24.581159591674805,test
2017-01-14 11:00:00,2017-01-14 12:00:00,h1,1,Beijing,XGBoost,15.916667,22.920818328857422,test
2017-01-14 12:00:00,2017-01-14 13:00:00,h1,1,Beijing,XGBoost,16.25,16.418949127197266,test
2017-01-14 13:00:00,2017-01-14 14:00:00,h1,1,Beijing,XGBoost,18.416667,17.997312545776367,test
2017-01-14 14:00:00,2017-01-14 15:00:00,h1,1,Beijing,XGBoost,17.416667,21.255783081054688,test
2017-01-14 15:00:00,2017-01-14 16:00:00,h1,1,Beijing,XGBoost,18.25,18.666196823120117,test
2017-01-14 16:00:00,2017-01-14 17:00:00,h1,1,Beijing,XGBoost,21.666667,19.401702880859375,test
2017-01-14 17:00:00,2017-01-14 18:00:00,h1,1,Beijing,XGBoost,28.0,25.508859634399414,test
2017-01-14 18:00:00,2017-01-14 19:00:00,h1,1,Beijing,XGBoost,38.5,38.14412307739258,test
2017-01-14 19:00:00,2017-01-14 20:00:00,h1,1,Beijing,XGBoost,49.0,51.37929153442383,test
2017-01-14 20:00:00,2017-01-14 21:00:00,h1,1,Beijing,XGBoost,53.0,56.148250579833984,test
2017-01-14 21:00:00,2017-01-14 22:00:00,h1,1,Beijing,XGBoost,47.666667,55.21125411987305,test
2017-01-14 22:00:00,2017-01-14 23:00:00,h1,1,Beijing,XGBoost,42.583333,48.516727447509766,test
2017-01-14 23:00:00,2017-01-15 00:00:00,h1,1,Beijing,XGBoost,42.416667,40.00347900390625,test
2017-01-15 00:00:00,2017-01-15 01:00:00,h1,1,Beijing,XGBoost,43.25,43.97050094604492,test
2017-01-15 01:00:00,2017-01-15 02:00:00,h1,1,Beijing,XGBoost,42.333333,44.51949691772461,test
2017-01-15 02:00:00,2017-01-15 03:00:00,h1,1,Beijing,XGBoost,41.666667,42.41122817993164,test
2017-01-15 03:00:00,2017-01-15 04:00:00,h1,1,Beijing,XGBoost,43.5,42.630088806152344,test
2017-01-15 04:00:00,2017-01-15 05:00:00,h1,1,Beijing,XGBoost,38.916667,43.33272933959961,test
2017-01-15 05:00:00,2017-01-15 06:00:00,h1,1,Beijing,XGBoost,36.5,38.44530487060547,test
2017-01-15 06:00:00,2017-01-15 07:00:00,h1,1,Beijing,XGBoost,36.333333,37.91071319580078,test
2017-01-15 07:00:00,2017-01-15 08:00:00,h1,1,Beijing,XGBoost,36.583333,39.374237060546875,test
2017-01-15 08:00:00,2017-01-15 09:00:00,h1,1,Beijing,XGBoost,38.666667,40.4874267578125,test
2017-01-15 09:00:00,2017-01-15 10:00:00,h1,1,Beijing,XGBoost,42.416667,39.93919372558594,test
2017-01-15 10:00:00,2017-01-15 11:00:00,h1,1,Beijing,XGBoost,46.833333,44.104759216308594,test
2017-01-15 11:00:00,2017-01-15 12:00:00,h1,1,Beijing,XGBoost,49.666667,50.70907211303711,test
2017-01-15 12:00:00,2017-01-15 13:00:00,h1,1,Beijing,XGBoost,52.25,52.079734802246094,test
2017-01-15 13:00:00,2017-01-15 14:00:00,h1,1,Beijing,XGBoost,58.666667,54.93355941772461,test
2017-01-15 14:00:00,2017-01-15 15:00:00,h1,1,Beijing,XGBoost,64.0,65.40122985839844,test
2017-01-15 15:00:00,2017-01-15 16:00:00,h1,1,Beijing,XGBoost,67.25,68.27178955078125,test
2017-01-15 16:00:00,2017-01-15 17:00:00,h1,1,Beijing,XGBoost,74.083333,70.88103485107422,test
2017-01-15 17:00:00,2017-01-15 18:00:00,h1,1,Beijing,XGBoost,79.25,81.05442810058594,test
2017-01-15 18:00:00,2017-01-15 19:00:00,h1,1,Beijing,XGBoost,80.666667,87.06771850585938,test
2017-01-15 19:00:00,2017-01-15 20:00:00,h1,1,Beijing,XGBoost,83.5,86.86360931396484,test
2017-01-15 20:00:00,2017-01-15 21:00:00,h1,1,Beijing,XGBoost,85.666667,82.94294738769531,test
2017-01-15 21:00:00,2017-01-15 22:00:00,h1,1,Beijing,XGBoost,85.5,87.63345336914062,test
2017-01-15 22:00:00,2017-01-15 23:00:00,h1,1,Beijing,XGBoost,93.75,83.14502716064453,test
2017-01-15 23:00:00,2017-01-16 00:00:00,h1,1,Beijing,XGBoost,96.166667,97.19566345214844,test
2017-01-16 00:00:00,2017-01-16 01:00:00,h1,1,Beijing,XGBoost,94.166667,95.88526153564453,test
2017-01-16 01:00:00,2017-01-16 02:00:00,h1,1,Beijing,XGBoost,98.333333,93.26432800292969,test
2017-01-16 02:00:00,2017-01-16 03:00:00,h1,1,Beijing,XGBoost,96.333333,100.50186920166016,test
2017-01-16 03:00:00,2017-01-16 04:00:00,h1,1,Beijing,XGBoost,94.5,93.90758514404297,test
2017-01-16 04:00:00,2017-01-16 05:00:00,h1,1,Beijing,XGBoost,92.833333,95.08817291259766,test
2017-01-16 05:00:00,2017-01-16 06:00:00,h1,1,Beijing,XGBoost,96.166667,93.40457153320312,test
2017-01-16 06:00:00,2017-01-16 07:00:00,h1,1,Beijing,XGBoost,90.083333,100.455078125,test
2017-01-16 07:00:00,2017-01-16 08:00:00,h1,1,Beijing,XGBoost,89.833333,92.42875671386719,test
2017-01-16 08:00:00,2017-01-16 09:00:00,h1,1,Beijing,XGBoost,86.333333,93.51081085205078,test
2017-01-16 09:00:00,2017-01-16 10:00:00,h1,1,Beijing,XGBoost,77.416667,89.86852264404297,test
2017-01-16 10:00:00,2017-01-16 11:00:00,h1,1,Beijing,XGBoost,73.0,69.26826477050781,test
2017-01-16 11:00:00,2017-01-16 12:00:00,h1,1,Beijing,XGBoost,72.083333,68.18864440917969,test
2017-01-16 12:00:00,2017-01-16 13:00:00,h1,1,Beijing,XGBoost,83.416667,74.13522338867188,test
2017-01-16 13:00:00,2017-01-16 14:00:00,h1,1,Beijing,XGBoost,93.583333,93.50189208984375,test
2017-01-16 14:00:00,2017-01-16 15:00:00,h1,1,Beijing,XGBoost,95.333333,104.28815460205078,test
2017-01-16 15:00:00,2017-01-16 16:00:00,h1,1,Beijing,XGBoost,92.833333,98.14656066894531,test
2017-01-16 16:00:00,2017-01-16 17:00:00,h1,1,Beijing,XGBoost,112.5,93.55870819091797,test
2017-01-16 17:00:00,2017-01-16 18:00:00,h1,1,Beijing,XGBoost,111.833333,126.90628051757812,test
2017-01-16 18:00:00,2017-01-16 19:00:00,h1,1,Beijing,XGBoost,113.25,120.79324340820312,test
2017-01-16 19:00:00,2017-01-16 20:00:00,h1,1,Beijing,XGBoost,122.75,118.95856475830078,test
2017-01-16 20:00:00,2017-01-16 21:00:00,h1,1,Beijing,XGBoost,128.166667,129.15066528320312,test
2017-01-16 21:00:00,2017-01-16 22:00:00,h1,1,Beijing,XGBoost,126.916667,128.33181762695312,test
2017-01-16 22:00:00,2017-01-16 23:00:00,h1,1,Beijing,XGBoost,125.0,129.46173095703125,test
2017-01-16 23:00:00,2017-01-17 00:00:00,h1,1,Beijing,XGBoost,122.666667,124.73602294921875,test
2017-01-17 00:00:00,2017-01-17 01:00:00,h1,1,Beijing,XGBoost,126.333333,121.52916717529297,test
2017-01-17 01:00:00,2017-01-17 02:00:00,h1,1,Beijing,XGBoost,129.666667,127.80467987060547,test
2017-01-17 02:00:00,2017-01-17 03:00:00,h1,1,Beijing,XGBoost,127.083333,131.924560546875,test
2017-01-17 03:00:00,2017-01-17 04:00:00,h1,1,Beijing,XGBoost,128.916667,126.98773193359375,test
2017-01-17 04:00:00,2017-01-17 05:00:00,h1,1,Beijing,XGBoost,128.916667,129.70706176757812,test
2017-01-17 05:00:00,2017-01-17 06:00:00,h1,1,Beijing,XGBoost,121.833333,131.0426025390625,test
2017-01-17 06:00:00,2017-01-17 07:00:00,h1,1,Beijing,XGBoost,121.333333,119.92980194091797,test
2017-01-17 07:00:00,2017-01-17 08:00:00,h1,1,Beijing,XGBoost,128.333333,125.32809448242188,test
2017-01-17 08:00:00,2017-01-17 09:00:00,h1,1,Beijing,XGBoost,136.25,135.33778381347656,test
2017-01-17 09:00:00,2017-01-17 10:00:00,h1,1,Beijing,XGBoost,139.916667,142.13427734375,test
2017-01-17 10:00:00,2017-01-17 11:00:00,h1,1,Beijing,XGBoost,121.833333,140.92349243164062,test
2017-01-17 11:00:00,2017-01-17 12:00:00,h1,1,Beijing,XGBoost,135.75,107.87151336669922,test
2017-01-17 12:00:00,2017-01-17 13:00:00,h1,1,Beijing,XGBoost,151.25,141.98345947265625,test
2017-01-17 13:00:00,2017-01-17 14:00:00,h1,1,Beijing,XGBoost,142.541667,166.14227294921875,test
2017-01-17 14:00:00,2017-01-17 15:00:00,h1,1,Beijing,XGBoost,120.25,141.8312530517578,test
2017-01-17 15:00:00,2017-01-17 16:00:00,h1,1,Beijing,XGBoost,135.5,100.45331573486328,test
2017-01-17 16:00:00,2017-01-17 17:00:00,h1,1,Beijing,XGBoost,155.083333,138.16864013671875,test
2017-01-17 17:00:00,2017-01-17 18:00:00,h1,1,Beijing,XGBoost,165.166667,169.27749633789062,test
2017-01-17 18:00:00,2017-01-17 19:00:00,h1,1,Beijing,XGBoost,168.166667,175.1442413330078,test
2017-01-17 19:00:00,2017-01-17 20:00:00,h1,1,Beijing,XGBoost,170.583333,166.07713317871094,test
2017-01-17 20:00:00,2017-01-17 21:00:00,h1,1,Beijing,XGBoost,154.916667,169.27398681640625,test
2017-01-17 21:00:00,2017-01-17 22:00:00,h1,1,Beijing,XGBoost,142.5,149.49668884277344,test
2017-01-17 22:00:00,2017-01-17 23:00:00,h1,1,Beijing,XGBoost,134.75,130.5012969970703,test
2017-01-17 23:00:00,2017-01-18 00:00:00,h1,1,Beijing,XGBoost,99.583333,129.36976623535156,test
2017-01-18 00:00:00,2017-01-18 01:00:00,h1,1,Beijing,XGBoost,55.5,76.28121185302734,test
2017-01-18 01:00:00,2017-01-18 02:00:00,h1,1,Beijing,XGBoost,45.416667,49.10324478149414,test
2017-01-18 02:00:00,2017-01-18 03:00:00,h1,1,Beijing,XGBoost,39.75,53.08830642700195,test
2017-01-18 03:00:00,2017-01-18 04:00:00,h1,1,Beijing,XGBoost,31.25,36.59976577758789,test
2017-01-18 04:00:00,2017-01-18 05:00:00,h1,1,Beijing,XGBoost,31.083333,28.067773818969727,test
2017-01-18 05:00:00,2017-01-18 06:00:00,h1,1,Beijing,XGBoost,29.166667,32.24135208129883,test
2017-01-18 06:00:00,2017-01-18 07:00:00,h1,1,Beijing,XGBoost,27.25,30.467500686645508,test
2017-01-18 07:00:00,2017-01-18 08:00:00,h1,1,Beijing,XGBoost,29.0,28.618911743164062,test
2017-01-18 08:00:00,2017-01-18 09:00:00,h1,1,Beijing,XGBoost,26.666667,31.561092376708984,test
2017-01-18 09:00:00,2017-01-18 10:00:00,h1,1,Beijing,XGBoost,27.25,28.28797149658203,test
2017-01-18 10:00:00,2017-01-18 11:00:00,h1,1,Beijing,XGBoost,23.833333,27.63680076599121,test
2017-01-18 11:00:00,2017-01-18 12:00:00,h1,1,Beijing,XGBoost,22.666667,22.283111572265625,test
2017-01-18 12:00:00,2017-01-18 13:00:00,h1,1,Beijing,XGBoost,23.666667,22.424142837524414,test
2017-01-18 13:00:00,2017-01-18 14:00:00,h1,1,Beijing,XGBoost,22.5,25.86551856994629,test
2017-01-18 14:00:00,2017-01-18 15:00:00,h1,1,Beijing,XGBoost,30.0,24.375926971435547,test
2017-01-18 15:00:00,2017-01-18 16:00:00,h1,1,Beijing,XGBoost,46.0,37.878700256347656,test
2017-01-18 16:00:00,2017-01-18 17:00:00,h1,1,Beijing,XGBoost,49.75,57.56858825683594,test
2017-01-18 17:00:00,2017-01-18 18:00:00,h1,1,Beijing,XGBoost,42.75,54.173030853271484,test
2017-01-18 18:00:00,2017-01-18 19:00:00,h1,1,Beijing,XGBoost,43.75,44.920005798339844,test
2017-01-18 19:00:00,2017-01-18 20:00:00,h1,1,Beijing,XGBoost,48.833333,49.382225036621094,test
2017-01-18 20:00:00,2017-01-18 21:00:00,h1,1,Beijing,XGBoost,52.166667,54.23137283325195,test
2017-01-18 21:00:00,2017-01-18 22:00:00,h1,1,Beijing,XGBoost,58.583333,55.96978759765625,test
2017-01-18 22:00:00,2017-01-18 23:00:00,h1,1,Beijing,XGBoost,61.666667,63.25520706176758,test
2017-01-18 23:00:00,2017-01-19 00:00:00,h1,1,Beijing,XGBoost,73.0,65.66168212890625,test
2017-01-19 00:00:00,2017-01-19 01:00:00,h1,1,Beijing,XGBoost,85.416667,79.79170989990234,test
2017-01-19 01:00:00,2017-01-19 02:00:00,h1,1,Beijing,XGBoost,91.0,93.50535583496094,test
2017-01-19 02:00:00,2017-01-19 03:00:00,h1,1,Beijing,XGBoost,92.916667,92.41619873046875,test
2017-01-19 03:00:00,2017-01-19 04:00:00,h1,1,Beijing,XGBoost,99.583333,91.61579132080078,test
2017-01-19 04:00:00,2017-01-19 05:00:00,h1,1,Beijing,XGBoost,104.166667,102.38213348388672,test
2017-01-19 05:00:00,2017-01-19 06:00:00,h1,1,Beijing,XGBoost,101.166667,108.00818634033203,test
2017-01-19 06:00:00,2017-01-19 07:00:00,h1,1,Beijing,XGBoost,101.833333,103.20507049560547,test
2017-01-19 07:00:00,2017-01-19 08:00:00,h1,1,Beijing,XGBoost,98.916667,103.51486206054688,test
2017-01-19 08:00:00,2017-01-19 09:00:00,h1,1,Beijing,XGBoost,84.0,99.998046875,test
2017-01-19 09:00:00,2017-01-19 10:00:00,h1,1,Beijing,XGBoost,48.916667,69.64276123046875,test
2017-01-19 10:00:00,2017-01-19 11:00:00,h1,1,Beijing,XGBoost,16.0,29.886262893676758,test
2017-01-19 11:00:00,2017-01-19 12:00:00,h1,1,Beijing,XGBoost,11.5,12.9239501953125,test
2017-01-19 12:00:00,2017-01-19 13:00:00,h1,1,Beijing,XGBoost,10.666667,11.570874214172363,test
2017-01-19 13:00:00,2017-01-19 14:00:00,h1,1,Beijing,XGBoost,8.416667,11.546463966369629,test
2017-01-19 14:00:00,2017-01-19 15:00:00,h1,1,Beijing,XGBoost,8.916667,9.945773124694824,test
2017-01-19 15:00:00,2017-01-19 16:00:00,h1,1,Beijing,XGBoost,9.5,9.487625122070312,test
2017-01-19 16:00:00,2017-01-19 17:00:00,h1,1,Beijing,XGBoost,9.583333,9.435653686523438,test
2017-01-19 17:00:00,2017-01-19 18:00:00,h1,1,Beijing,XGBoost,9.666667,10.161672592163086,test
2017-01-19 18:00:00,2017-01-19 19:00:00,h1,1,Beijing,XGBoost,9.416667,10.520417213439941,test
2017-01-19 19:00:00,2017-01-19 20:00:00,h1,1,Beijing,XGBoost,8.666667,10.239968299865723,test
2017-01-19 20:00:00,2017-01-19 21:00:00,h1,1,Beijing,XGBoost,8.0,8.5476655960083,test
2017-01-19 21:00:00,2017-01-19 22:00:00,h1,1,Beijing,XGBoost,7.916667,8.021896362304688,test
2017-01-19 22:00:00,2017-01-19 23:00:00,h1,1,Beijing,XGBoost,6.833333,9.1137056350708,test
2017-01-19 23:00:00,2017-01-20 00:00:00,h1,1,Beijing,XGBoost,7.583333,7.743422985076904,test
2017-01-20 00:00:00,2017-01-20 01:00:00,h1,1,Beijing,XGBoost,9.583333,7.644366264343262,test
2017-01-20 01:00:00,2017-01-20 02:00:00,h1,1,Beijing,XGBoost,7.75,9.116888046264648,test
2017-01-20 02:00:00,2017-01-20 03:00:00,h1,1,Beijing,XGBoost,7.333333,7.1159281730651855,test
2017-01-20 03:00:00,2017-01-20 04:00:00,h1,1,Beijing,XGBoost,6.583333,7.90407133102417,test
2017-01-20 04:00:00,2017-01-20 05:00:00,h1,1,Beijing,XGBoost,6.25,7.146219730377197,test
2017-01-20 05:00:00,2017-01-20 06:00:00,h1,1,Beijing,XGBoost,6.166667,6.350436210632324,test
2017-01-20 06:00:00,2017-01-20 07:00:00,h1,1,Beijing,XGBoost,7.833333,6.577898979187012,test
2017-01-20 07:00:00,2017-01-20 08:00:00,h1,1,Beijing,XGBoost,9.083333,8.583907127380371,test
2017-01-20 08:00:00,2017-01-20 09:00:00,h1,1,Beijing,XGBoost,12.833333,10.80642318725586,test
2017-01-20 09:00:00,2017-01-20 10:00:00,h1,1,Beijing,XGBoost,14.916667,13.127753257751465,test
2017-01-20 10:00:00,2017-01-20 11:00:00,h1,1,Beijing,XGBoost,14.833333,14.431510925292969,test
2017-01-20 11:00:00,2017-01-20 12:00:00,h1,1,Beijing,XGBoost,14.0,14.85345458984375,test
2017-01-20 12:00:00,2017-01-20 13:00:00,h1,1,Beijing,XGBoost,15.916667,14.071561813354492,test
2017-01-20 13:00:00,2017-01-20 14:00:00,h1,1,Beijing,XGBoost,16.666667,16.17867660522461,test
2017-01-20 14:00:00,2017-01-20 15:00:00,h1,1,Beijing,XGBoost,19.166667,18.550426483154297,test
2017-01-20 15:00:00,2017-01-20 16:00:00,h1,1,Beijing,XGBoost,20.25,20.83627700805664,test
2017-01-20 16:00:00,2017-01-20 17:00:00,h1,1,Beijing,XGBoost,23.833333,22.050762176513672,test
2017-01-20 17:00:00,2017-01-20 18:00:00,h1,1,Beijing,XGBoost,28.583333,27.035945892333984,test
2017-01-20 18:00:00,2017-01-20 19:00:00,h1,1,Beijing,XGBoost,38.416667,37.05678176879883,test
2017-01-20 19:00:00,2017-01-20 20:00:00,h1,1,Beijing,XGBoost,46.666667,49.201011657714844,test
2017-01-20 20:00:00,2017-01-20 21:00:00,h1,1,Beijing,XGBoost,54.666667,52.1845817565918,test
2017-01-20 21:00:00,2017-01-20 22:00:00,h1,1,Beijing,XGBoost,63.166667,56.976348876953125,test
2017-01-20 22:00:00,2017-01-20 23:00:00,h1,1,Beijing,XGBoost,68.416667,67.5926284790039,test
2017-01-20 23:00:00,2017-01-21 00:00:00,h1,1,Beijing,XGBoost,71.666667,69.67269134521484,test
2017-01-21 00:00:00,2017-01-21 01:00:00,h1,1,Beijing,XGBoost,71.583333,75.23797607421875,test
2017-01-21 01:00:00,2017-01-21 02:00:00,h1,1,Beijing,XGBoost,72.916667,66.63876342773438,test
2017-01-21 02:00:00,2017-01-21 03:00:00,h1,1,Beijing,XGBoost,73.25,82.57872772216797,test
2017-01-21 03:00:00,2017-01-21 04:00:00,h1,1,Beijing,XGBoost,74.916667,69.9040298461914,test
2017-01-21 04:00:00,2017-01-21 05:00:00,h1,1,Beijing,XGBoost,66.75,74.03052520751953,test
2017-01-21 05:00:00,2017-01-21 06:00:00,h1,1,Beijing,XGBoost,42.666667,61.5294303894043,test
2017-01-21 06:00:00,2017-01-21 07:00:00,h1,1,Beijing,XGBoost,20.583333,23.7105712890625,test
2017-01-21 07:00:00,2017-01-21 08:00:00,h1,1,Beijing,XGBoost,11.666667,17.583602905273438,test
2017-01-21 08:00:00,2017-01-21 09:00:00,h1,1,Beijing,XGBoost,7.583333,11.25946044921875,test
2017-01-21 09:00:00,2017-01-21 10:00:00,h1,1,Beijing,XGBoost,5.833333,9.938312530517578,test
2017-01-21 10:00:00,2017-01-21 11:00:00,h1,1,Beijing,XGBoost,7.416667,6.831837177276611,test
2017-01-21 11:00:00,2017-01-21 12:00:00,h1,1,Beijing,XGBoost,8.083333,8.313389778137207,test
2017-01-21 12:00:00,2017-01-21 13:00:00,h1,1,Beijing,XGBoost,8.333333,8.668279647827148,test
2017-01-21 13:00:00,2017-01-21 14:00:00,h1,1,Beijing,XGBoost,8.583333,8.842243194580078,test
2017-01-21 14:00:00,2017-01-21 15:00:00,h1,1,Beijing,XGBoost,7.583333,9.142271041870117,test
2017-01-21 15:00:00,2017-01-21 16:00:00,h1,1,Beijing,XGBoost,7.25,8.43300724029541,test
2017-01-21 16:00:00,2017-01-21 17:00:00,h1,1,Beijing,XGBoost,6.75,7.82831335067749,test
2017-01-21 17:00:00,2017-01-21 18:00:00,h1,1,Beijing,XGBoost,8.333333,7.291611194610596,test
2017-01-21 18:00:00,2017-01-21 19:00:00,h1,1,Beijing,XGBoost,9.0,9.13841438293457,test
2017-01-21 19:00:00,2017-01-21 20:00:00,h1,1,Beijing,XGBoost,9.333333,9.276529312133789,test
2017-01-21 20:00:00,2017-01-21 21:00:00,h1,1,Beijing,XGBoost,11.75,10.002596855163574,test
2017-01-21 21:00:00,2017-01-21 22:00:00,h1,1,Beijing,XGBoost,9.666667,12.90157699584961,test
2017-01-21 22:00:00,2017-01-21 23:00:00,h1,1,Beijing,XGBoost,11.166667,10.362017631530762,test
2017-01-21 23:00:00,2017-01-22 00:00:00,h1,1,Beijing,XGBoost,11.833333,12.072588920593262,test
2017-01-22 00:00:00,2017-01-22 01:00:00,h1,1,Beijing,XGBoost,10.833333,11.927227973937988,test
2017-01-22 01:00:00,2017-01-22 02:00:00,h1,1,Beijing,XGBoost,12.833333,10.828420639038086,test
2017-01-22 02:00:00,2017-01-22 03:00:00,h1,1,Beijing,XGBoost,11.833333,11.740992546081543,test
2017-01-22 03:00:00,2017-01-22 04:00:00,h1,1,Beijing,XGBoost,12.0,11.180709838867188,test
2017-01-22 04:00:00,2017-01-22 05:00:00,h1,1,Beijing,XGBoost,11.25,11.887696266174316,test
2017-01-22 05:00:00,2017-01-22 06:00:00,h1,1,Beijing,XGBoost,10.416667,10.532296180725098,test
2017-01-22 06:00:00,2017-01-22 07:00:00,h1,1,Beijing,XGBoost,10.583333,10.531349182128906,test
2017-01-22 07:00:00,2017-01-22 08:00:00,h1,1,Beijing,XGBoost,11.666667,10.739302635192871,test
2017-01-22 08:00:00,2017-01-22 09:00:00,h1,1,Beijing,XGBoost,12.083333,11.715439796447754,test
2017-01-22 09:00:00,2017-01-22 10:00:00,h1,1,Beijing,XGBoost,14.083333,12.621496200561523,test
2017-01-22 10:00:00,2017-01-22 11:00:00,h1,1,Beijing,XGBoost,13.666667,14.609099388122559,test
2017-01-22 11:00:00,2017-01-22 12:00:00,h1,1,Beijing,XGBoost,13.583333,12.578089714050293,test
2017-01-22 12:00:00,2017-01-22 13:00:00,h1,1,Beijing,XGBoost,17.166667,14.01623249053955,test
2017-01-22 13:00:00,2017-01-22 14:00:00,h1,1,Beijing,XGBoost,18.583333,19.080272674560547,test
2017-01-22 14:00:00,2017-01-22 15:00:00,h1,1,Beijing,XGBoost,20.5,19.984806060791016,test
2017-01-22 15:00:00,2017-01-22 16:00:00,h1,1,Beijing,XGBoost,27.666667,22.980669021606445,test
2017-01-22 16:00:00,2017-01-22 17:00:00,h1,1,Beijing,XGBoost,43.833333,32.74673843383789,test
2017-01-22 17:00:00,2017-01-22 18:00:00,h1,1,Beijing,XGBoost,53.666667,55.61349105834961,test
2017-01-22 18:00:00,2017-01-22 19:00:00,h1,1,Beijing,XGBoost,60.583333,64.89399719238281,test
2017-01-22 19:00:00,2017-01-22 20:00:00,h1,1,Beijing,XGBoost,55.916667,68.49542236328125,test
2017-01-22 20:00:00,2017-01-22 21:00:00,h1,1,Beijing,XGBoost,42.25,52.38642883300781,test
2017-01-22 21:00:00,2017-01-22 22:00:00,h1,1,Beijing,XGBoost,38.416667,36.080657958984375,test
2017-01-22 22:00:00,2017-01-22 23:00:00,h1,1,Beijing,XGBoost,36.916667,37.47927474975586,test
2017-01-22 23:00:00,2017-01-23 00:00:00,h1,1,Beijing,XGBoost,28.25,37.708465576171875,test
2017-01-23 00:00:00,2017-01-23 01:00:00,h1,1,Beijing,XGBoost,25.75,29.450733184814453,test
2017-01-23 01:00:00,2017-01-23 02:00:00,h1,1,Beijing,XGBoost,23.083333,24.4587345123291,test
2017-01-23 02:00:00,2017-01-23 03:00:00,h1,1,Beijing,XGBoost,22.25,21.726165771484375,test
2017-01-23 03:00:00,2017-01-23 04:00:00,h1,1,Beijing,XGBoost,18.583333,21.655969619750977,test
2017-01-23 04:00:00,2017-01-23 05:00:00,h1,1,Beijing,XGBoost,16.416667,17.663530349731445,test
2017-01-23 05:00:00,2017-01-23 06:00:00,h1,1,Beijing,XGBoost,16.416667,15.637467384338379,test
2017-01-23 06:00:00,2017-01-23 07:00:00,h1,1,Beijing,XGBoost,17.666667,17.0242862701416,test
2017-01-23 07:00:00,2017-01-23 08:00:00,h1,1,Beijing,XGBoost,17.083333,20.639432907104492,test
2017-01-23 08:00:00,2017-01-23 09:00:00,h1,1,Beijing,XGBoost,17.75,17.669614791870117,test
2017-01-23 09:00:00,2017-01-23 10:00:00,h1,1,Beijing,XGBoost,20.583333,18.550491333007812,test
2017-01-23 10:00:00,2017-01-23 11:00:00,h1,1,Beijing,XGBoost,23.5,21.511117935180664,test
2017-01-23 11:00:00,2017-01-23 12:00:00,h1,1,Beijing,XGBoost,21.333333,24.496828079223633,test
2017-01-23 12:00:00,2017-01-23 13:00:00,h1,1,Beijing,XGBoost,22.75,21.78458595275879,test
2017-01-23 13:00:00,2017-01-23 14:00:00,h1,1,Beijing,XGBoost,22.5,24.454017639160156,test
2017-01-23 14:00:00,2017-01-23 15:00:00,h1,1,Beijing,XGBoost,28.5,23.665597915649414,test
2017-01-23 15:00:00,2017-01-23 16:00:00,h1,1,Beijing,XGBoost,34.333333,33.03485107421875,test
2017-01-23 16:00:00,2017-01-23 17:00:00,h1,1,Beijing,XGBoost,37.416667,40.776554107666016,test
2017-01-23 17:00:00,2017-01-23 18:00:00,h1,1,Beijing,XGBoost,38.25,42.7666015625,test
2017-01-23 18:00:00,2017-01-23 19:00:00,h1,1,Beijing,XGBoost,47.0,43.77009963989258,test
2017-01-23 19:00:00,2017-01-23 20:00:00,h1,1,Beijing,XGBoost,62.0,58.325321197509766,test
2017-01-23 20:00:00,2017-01-23 21:00:00,h1,1,Beijing,XGBoost,70.25,69.36539459228516,test
2017-01-23 21:00:00,2017-01-23 22:00:00,h1,1,Beijing,XGBoost,75.333333,91.53194427490234,test
2017-01-23 22:00:00,2017-01-23 23:00:00,h1,1,Beijing,XGBoost,83.666667,79.832275390625,test
2017-01-23 23:00:00,2017-01-24 00:00:00,h1,1,Beijing,XGBoost,88.333333,83.61805725097656,test
2017-01-24 00:00:00,2017-01-24 01:00:00,h1,1,Beijing,XGBoost,87.5,89.39128112792969,test
2017-01-24 01:00:00,2017-01-24 02:00:00,h1,1,Beijing,XGBoost,83.416667,85.24867248535156,test
2017-01-24 02:00:00,2017-01-24 03:00:00,h1,1,Beijing,XGBoost,80.583333,79.96546936035156,test
2017-01-24 03:00:00,2017-01-24 04:00:00,h1,1,Beijing,XGBoost,80.75,75.87086486816406,test
2017-01-24 04:00:00,2017-01-24 05:00:00,h1,1,Beijing,XGBoost,78.583333,77.43650817871094,test
2017-01-24 05:00:00,2017-01-24 06:00:00,h1,1,Beijing,XGBoost,76.833333,75.94950866699219,test
2017-01-24 06:00:00,2017-01-24 07:00:00,h1,1,Beijing,XGBoost,70.833333,75.08045196533203,test
2017-01-24 07:00:00,2017-01-24 08:00:00,h1,1,Beijing,XGBoost,56.666667,70.02308654785156,test
2017-01-24 08:00:00,2017-01-24 09:00:00,h1,1,Beijing,XGBoost,48.5,50.03712463378906,test
2017-01-24 09:00:00,2017-01-24 10:00:00,h1,1,Beijing,XGBoost,43.666667,47.24103546142578,test
2017-01-24 10:00:00,2017-01-24 11:00:00,h1,1,Beijing,XGBoost,47.25,42.210914611816406,test
2017-01-24 11:00:00,2017-01-24 12:00:00,h1,1,Beijing,XGBoost,60.75,49.73031234741211,test
2017-01-24 12:00:00,2017-01-24 13:00:00,h1,1,Beijing,XGBoost,66.083333,68.51351928710938,test
2017-01-24 13:00:00,2017-01-24 14:00:00,h1,1,Beijing,XGBoost,64.333333,70.24656677246094,test
2017-01-24 14:00:00,2017-01-24 15:00:00,h1,1,Beijing,XGBoost,73.666667,64.97395324707031,test
2017-01-24 15:00:00,2017-01-24 16:00:00,h1,1,Beijing,XGBoost,95.583333,78.37532043457031,test
2017-01-24 16:00:00,2017-01-24 17:00:00,h1,1,Beijing,XGBoost,106.333333,102.2826919555664,test
2017-01-24 17:00:00,2017-01-24 18:00:00,h1,1,Beijing,XGBoost,112.0,118.15655517578125,test
2017-01-24 18:00:00,2017-01-24 19:00:00,h1,1,Beijing,XGBoost,121.75,120.17913818359375,test
2017-01-24 19:00:00,2017-01-24 20:00:00,h1,1,Beijing,XGBoost,126.25,131.79537963867188,test
2017-01-24 20:00:00,2017-01-24 21:00:00,h1,1,Beijing,XGBoost,122.916667,129.36534118652344,test
2017-01-24 21:00:00,2017-01-24 22:00:00,h1,1,Beijing,XGBoost,126.666667,122.01325988769531,test
2017-01-24 22:00:00,2017-01-24 23:00:00,h1,1,Beijing,XGBoost,141.333333,130.2118682861328,test
2017-01-24 23:00:00,2017-01-25 00:00:00,h1,1,Beijing,XGBoost,150.583333,145.3037109375,test
2017-01-25 00:00:00,2017-01-25 01:00:00,h1,1,Beijing,XGBoost,151.25,152.11660766601562,test
2017-01-25 01:00:00,2017-01-25 02:00:00,h1,1,Beijing,XGBoost,154.833333,149.689453125,test
2017-01-25 02:00:00,2017-01-25 03:00:00,h1,1,Beijing,XGBoost,162.333333,157.20127868652344,test
2017-01-25 03:00:00,2017-01-25 04:00:00,h1,1,Beijing,XGBoost,164.833333,164.01353454589844,test
2017-01-25 04:00:00,2017-01-25 05:00:00,h1,1,Beijing,XGBoost,165.916667,155.58401489257812,test
2017-01-25 05:00:00,2017-01-25 06:00:00,h1,1,Beijing,XGBoost,165.25,159.94444274902344,test
2017-01-25 06:00:00,2017-01-25 07:00:00,h1,1,Beijing,XGBoost,160.916667,161.05987548828125,test
2017-01-25 07:00:00,2017-01-25 08:00:00,h1,1,Beijing,XGBoost,147.75,155.60369873046875,test
2017-01-25 08:00:00,2017-01-25 09:00:00,h1,1,Beijing,XGBoost,143.0,132.27845764160156,test
2017-01-25 09:00:00,2017-01-25 10:00:00,h1,1,Beijing,XGBoost,141.833333,139.85560607910156,test
2017-01-25 10:00:00,2017-01-25 11:00:00,h1,1,Beijing,XGBoost,140.916667,141.20877075195312,test
2017-01-25 11:00:00,2017-01-25 12:00:00,h1,1,Beijing,XGBoost,144.166667,130.8025665283203,test
2017-01-25 12:00:00,2017-01-25 13:00:00,h1,1,Beijing,XGBoost,148.166667,146.0142059326172,test
2017-01-25 13:00:00,2017-01-25 14:00:00,h1,1,Beijing,XGBoost,155.125,154.4691162109375,test
2017-01-25 14:00:00,2017-01-25 15:00:00,h1,1,Beijing,XGBoost,162.083333,160.16873168945312,test
2017-01-25 15:00:00,2017-01-25 16:00:00,h1,1,Beijing,XGBoost,169.5,165.09689331054688,test
2017-01-25 16:00:00,2017-01-25 17:00:00,h1,1,Beijing,XGBoost,181.583333,174.42115783691406,test
2017-01-25 17:00:00,2017-01-25 18:00:00,h1,1,Beijing,XGBoost,189.916667,192.71282958984375,test
2017-01-25 18:00:00,2017-01-25 19:00:00,h1,1,Beijing,XGBoost,197.916667,201.6721954345703,test
2017-01-25 19:00:00,2017-01-25 20:00:00,h1,1,Beijing,XGBoost,216.333333,207.7452392578125,test
2017-01-25 20:00:00,2017-01-25 21:00:00,h1,1,Beijing,XGBoost,220.916667,227.57168579101562,test
2017-01-25 21:00:00,2017-01-25 22:00:00,h1,1,Beijing,XGBoost,237.916667,219.95578002929688,test
2017-01-25 22:00:00,2017-01-25 23:00:00,h1,1,Beijing,XGBoost,242.8125,245.38426208496094,test
2017-01-25 23:00:00,2017-01-26 00:00:00,h1,1,Beijing,XGBoost,249.541667,176.8675994873047,test
2017-01-26 00:00:00,2017-01-26 01:00:00,h1,1,Beijing,XGBoost,260.9375,195.6016387939453,test
2017-01-26 01:00:00,2017-01-26 02:00:00,h1,1,Beijing,XGBoost,276.583333,202.72731018066406,test
2017-01-26 02:00:00,2017-01-26 03:00:00,h1,1,Beijing,XGBoost,280.777778,236.97579956054688,test
2017-01-26 03:00:00,2017-01-26 04:00:00,h1,1,Beijing,XGBoost,276.055556,267.1156921386719,test
2017-01-26 04:00:00,2017-01-26 05:00:00,h1,1,Beijing,XGBoost,276.333333,221.61424255371094,test
2017-01-26 05:00:00,2017-01-26 06:00:00,h1,1,Beijing,XGBoost,271.0,235.2449951171875,test
2017-01-26 06:00:00,2017-01-26 07:00:00,h1,1,Beijing,XGBoost,264.166667,222.19668579101562,test
2017-01-26 07:00:00,2017-01-26 08:00:00,h1,1,Beijing,XGBoost,255.416667,230.4512481689453,test
2017-01-26 08:00:00,2017-01-26 09:00:00,h1,1,Beijing,XGBoost,252.75,242.44627380371094,test
2017-01-26 09:00:00,2017-01-26 10:00:00,h1,1,Beijing,XGBoost,267.75,258.3865661621094,test
2017-01-26 10:00:00,2017-01-26 11:00:00,h1,1,Beijing,XGBoost,245.416667,256.75958251953125,test
2017-01-26 11:00:00,2017-01-26 12:00:00,h1,1,Beijing,XGBoost,213.75,194.13247680664062,test
2017-01-26 12:00:00,2017-01-26 13:00:00,h1,1,Beijing,XGBoost,165.791667,132.37986755371094,test
2017-01-26 13:00:00,2017-01-26 14:00:00,h1,1,Beijing,XGBoost,110.666667,79.70089721679688,test
2017-01-26 14:00:00,2017-01-26 15:00:00,h1,1,Beijing,XGBoost,47.166667,57.95621109008789,test
2017-01-26 15:00:00,2017-01-26 16:00:00,h1,1,Beijing,XGBoost,10.5,35.7572135925293,test
2017-01-26 16:00:00,2017-01-26 17:00:00,h1,1,Beijing,XGBoost,8.166667,14.220087051391602,test
2017-01-26 17:00:00,2017-01-26 18:00:00,h1,1,Beijing,XGBoost,9.666667,10.398277282714844,test
2017-01-26 18:00:00,2017-01-26 19:00:00,h1,1,Beijing,XGBoost,8.166667,14.660687446594238,test
2017-01-26 19:00:00,2017-01-26 20:00:00,h1,1,Beijing,XGBoost,9.0,10.426350593566895,test
2017-01-26 20:00:00,2017-01-26 21:00:00,h1,1,Beijing,XGBoost,8.25,9.373685836791992,test
2017-01-26 21:00:00,2017-01-26 22:00:00,h1,1,Beijing,XGBoost,5.916667,8.681225776672363,test
2017-01-26 22:00:00,2017-01-26 23:00:00,h1,1,Beijing,XGBoost,10.583333,7.728387355804443,test
2017-01-26 23:00:00,2017-01-27 00:00:00,h1,1,Beijing,XGBoost,256.75,19.10421371459961,test
2017-01-29 00:00:00,2017-01-29 01:00:00,h1,1,Beijing,XGBoost,238.25,117.24201202392578,test
2017-01-29 01:00:00,2017-01-29 02:00:00,h1,1,Beijing,XGBoost,180.5,199.43482971191406,test
2017-01-29 02:00:00,2017-01-29 03:00:00,h1,1,Beijing,XGBoost,45.833333,78.48286437988281,test
2017-01-29 03:00:00,2017-01-29 04:00:00,h1,1,Beijing,XGBoost,11.333333,44.55712890625,test
2017-01-29 04:00:00,2017-01-29 05:00:00,h1,1,Beijing,XGBoost,8.0,17.807920455932617,test
2017-01-29 05:00:00,2017-01-29 06:00:00,h1,1,Beijing,XGBoost,10.833333,13.521798133850098,test
2017-01-29 06:00:00,2017-01-29 07:00:00,h1,1,Beijing,XGBoost,9.75,13.944281578063965,test
2017-01-29 07:00:00,2017-01-29 08:00:00,h1,1,Beijing,XGBoost,9.833333,9.179181098937988,test
2017-01-29 08:00:00,2017-01-29 09:00:00,h1,1,Beijing,XGBoost,10.5,11.165373802185059,test
2017-01-29 09:00:00,2017-01-29 10:00:00,h1,1,Beijing,XGBoost,8.75,10.54741096496582,test
2017-01-29 10:00:00,2017-01-29 11:00:00,h1,1,Beijing,XGBoost,9.0,7.238718509674072,test
2017-01-29 11:00:00,2017-01-29 12:00:00,h1,1,Beijing,XGBoost,11.333333,8.187332153320312,test
2017-01-29 12:00:00,2017-01-29 13:00:00,h1,1,Beijing,XGBoost,11.583333,11.546481132507324,test
2017-01-29 13:00:00,2017-01-29 14:00:00,h1,1,Beijing,XGBoost,12.416667,12.455309867858887,test
2017-01-29 14:00:00,2017-01-29 15:00:00,h1,1,Beijing,XGBoost,11.916667,11.883206367492676,test
2017-01-29 15:00:00,2017-01-29 16:00:00,h1,1,Beijing,XGBoost,13.25,11.862192153930664,test
2017-01-29 16:00:00,2017-01-29 17:00:00,h1,1,Beijing,XGBoost,13.166667,13.179738998413086,test
2017-01-29 17:00:00,2017-01-29 18:00:00,h1,1,Beijing,XGBoost,11.916667,12.88181209564209,test
2017-01-29 18:00:00,2017-01-29 19:00:00,h1,1,Beijing,XGBoost,10.666667,11.992196083068848,test
2017-01-29 19:00:00,2017-01-29 20:00:00,h1,1,Beijing,XGBoost,8.583333,11.06651496887207,test
2017-01-29 20:00:00,2017-01-29 21:00:00,h1,1,Beijing,XGBoost,9.083333,9.278107643127441,test
2017-01-29 21:00:00,2017-01-29 22:00:00,h1,1,Beijing,XGBoost,8.833333,8.640597343444824,test
2017-01-29 22:00:00,2017-01-29 23:00:00,h1,1,Beijing,XGBoost,8.916667,8.207340240478516,test
2017-01-29 23:00:00,2017-01-30 00:00:00,h1,1,Beijing,XGBoost,8.25,8.734960556030273,test
2017-01-30 00:00:00,2017-01-30 01:00:00,h1,1,Beijing,XGBoost,8.333333,7.50492000579834,test
2017-01-30 01:00:00,2017-01-30 02:00:00,h1,1,Beijing,XGBoost,8.083333,7.472209930419922,test
2017-01-30 02:00:00,2017-01-30 03:00:00,h1,1,Beijing,XGBoost,6.666667,7.229887962341309,test
2017-01-30 03:00:00,2017-01-30 04:00:00,h1,1,Beijing,XGBoost,7.583333,6.141778945922852,test
2017-01-30 04:00:00,2017-01-30 05:00:00,h1,1,Beijing,XGBoost,7.416667,7.417229175567627,test
2017-01-30 05:00:00,2017-01-30 06:00:00,h1,1,Beijing,XGBoost,7.083333,7.342231750488281,test
2017-01-30 06:00:00,2017-01-30 07:00:00,h1,1,Beijing,XGBoost,8.666667,7.547297477722168,test
2017-01-30 07:00:00,2017-01-30 08:00:00,h1,1,Beijing,XGBoost,8.166667,9.894392013549805,test
2017-01-30 08:00:00,2017-01-30 09:00:00,h1,1,Beijing,XGBoost,9.25,9.324211120605469,test
2017-01-30 09:00:00,2017-01-30 10:00:00,h1,1,Beijing,XGBoost,12.0,9.788206100463867,test
2017-01-30 10:00:00,2017-01-30 11:00:00,h1,1,Beijing,XGBoost,8.666667,12.769567489624023,test
2017-01-30 11:00:00,2017-01-30 12:00:00,h1,1,Beijing,XGBoost,7.0,9.206265449523926,test
2017-01-30 12:00:00,2017-01-30 13:00:00,h1,1,Beijing,XGBoost,8.083333,8.476061820983887,test
2017-01-30 13:00:00,2017-01-30 14:00:00,h1,1,Beijing,XGBoost,10.25,9.507085800170898,test
2017-01-30 14:00:00,2017-01-30 15:00:00,h1,1,Beijing,XGBoost,9.916667,12.16215705871582,test
2017-01-30 15:00:00,2017-01-30 16:00:00,h1,1,Beijing,XGBoost,11.833333,11.279749870300293,test
2017-01-30 16:00:00,2017-01-30 17:00:00,h1,1,Beijing,XGBoost,39.666667,12.27915096282959,test
2017-01-30 17:00:00,2017-01-30 18:00:00,h1,1,Beijing,XGBoost,76.25,54.76970672607422,test
2017-01-30 18:00:00,2017-01-30 19:00:00,h1,1,Beijing,XGBoost,59.583333,136.45985412597656,test
2017-01-30 19:00:00,2017-01-30 20:00:00,h1,1,Beijing,XGBoost,62.666667,54.83332061767578,test
2017-01-30 20:00:00,2017-01-30 21:00:00,h1,1,Beijing,XGBoost,67.25,61.88833236694336,test
2017-01-30 21:00:00,2017-01-30 22:00:00,h1,1,Beijing,XGBoost,68.666667,71.94368743896484,test
2017-01-30 22:00:00,2017-01-30 23:00:00,h1,1,Beijing,XGBoost,73.166667,70.90205383300781,test
2017-01-30 23:00:00,2017-01-31 00:00:00,h1,1,Beijing,XGBoost,79.416667,75.57434844970703,test
2017-01-31 00:00:00,2017-01-31 01:00:00,h1,1,Beijing,XGBoost,89.333333,79.97923278808594,test
2017-01-31 01:00:00,2017-01-31 02:00:00,h1,1,Beijing,XGBoost,91.25,91.06072235107422,test
2017-01-31 02:00:00,2017-01-31 03:00:00,h1,1,Beijing,XGBoost,91.666667,88.71321105957031,test
2017-01-31 03:00:00,2017-01-31 04:00:00,h1,1,Beijing,XGBoost,91.833333,89.6601791381836,test
2017-01-31 04:00:00,2017-01-31 05:00:00,h1,1,Beijing,XGBoost,92.5,90.44026947021484,test
2017-01-31 05:00:00,2017-01-31 06:00:00,h1,1,Beijing,XGBoost,88.833333,93.24590301513672,test
2017-01-31 06:00:00,2017-01-31 07:00:00,h1,1,Beijing,XGBoost,93.333333,86.91775512695312,test
2017-01-31 07:00:00,2017-01-31 08:00:00,h1,1,Beijing,XGBoost,92.916667,100.93467712402344,test
2017-01-31 08:00:00,2017-01-31 09:00:00,h1,1,Beijing,XGBoost,89.916667,97.03144836425781,test
2017-01-31 09:00:00,2017-01-31 10:00:00,h1,1,Beijing,XGBoost,86.833333,90.8455581665039,test
2017-01-31 10:00:00,2017-01-31 11:00:00,h1,1,Beijing,XGBoost,84.333333,86.08033752441406,test
2017-01-31 11:00:00,2017-01-31 12:00:00,h1,1,Beijing,XGBoost,71.583333,83.92741394042969,test
2017-01-31 12:00:00,2017-01-31 13:00:00,h1,1,Beijing,XGBoost,66.333333,65.39851379394531,test
2017-01-31 13:00:00,2017-01-31 14:00:00,h1,1,Beijing,XGBoost,71.416667,62.56230545043945,test
2017-01-31 14:00:00,2017-01-31 15:00:00,h1,1,Beijing,XGBoost,68.166667,75.72191619873047,test
2017-01-31 15:00:00,2017-01-31 16:00:00,h1,1,Beijing,XGBoost,66.833333,66.8581771850586,test
2017-01-31 16:00:00,2017-01-31 17:00:00,h1,1,Beijing,XGBoost,59.083333,62.3432502746582,test
2017-01-31 17:00:00,2017-01-31 18:00:00,h1,1,Beijing,XGBoost,63.583333,54.987369537353516,test
2017-01-31 18:00:00,2017-01-31 19:00:00,h1,1,Beijing,XGBoost,78.916667,72.55440521240234,test
2017-01-31 19:00:00,2017-01-31 20:00:00,h1,1,Beijing,XGBoost,86.25,92.16317749023438,test
2017-01-31 20:00:00,2017-01-31 21:00:00,h1,1,Beijing,XGBoost,76.333333,90.25971984863281,test
2017-01-31 21:00:00,2017-01-31 22:00:00,h1,1,Beijing,XGBoost,23.333333,63.26192092895508,test
2017-01-31 22:00:00,2017-01-31 23:00:00,h1,1,Beijing,XGBoost,13.25,13.466423034667969,test
2017-01-31 23:00:00,2017-02-01 00:00:00,h1,1,Beijing,XGBoost,9.416667,13.239331245422363,test
2017-02-01 00:00:00,2017-02-01 01:00:00,h1,1,Beijing,XGBoost,10.25,9.467819213867188,test
2017-02-01 01:00:00,2017-02-01 02:00:00,h1,1,Beijing,XGBoost,9.75,12.483417510986328,test
2017-02-01 02:00:00,2017-02-01 03:00:00,h1,1,Beijing,XGBoost,9.0,9.105463027954102,test
2017-02-01 03:00:00,2017-02-01 04:00:00,h1,1,Beijing,XGBoost,7.75,8.433815956115723,test
2017-02-01 04:00:00,2017-02-01 05:00:00,h1,1,Beijing,XGBoost,8.125,7.437680721282959,test
2017-02-01 05:00:00,2017-02-01 06:00:00,h1,1,Beijing,XGBoost,7.333333,8.366294860839844,test
2017-02-01 06:00:00,2017-02-01 07:00:00,h1,1,Beijing,XGBoost,6.0,7.955498695373535,test
2017-02-01 07:00:00,2017-02-01 08:00:00,h1,1,Beijing,XGBoost,5.833333,7.864554405212402,test
2017-02-01 08:00:00,2017-02-01 09:00:00,h1,1,Beijing,XGBoost,7.0,7.422551155090332,test
2017-02-01 09:00:00,2017-02-01 10:00:00,h1,1,Beijing,XGBoost,7.083333,7.398900985717773,test
2017-02-01 10:00:00,2017-02-01 11:00:00,h1,1,Beijing,XGBoost,6.916667,7.216377258300781,test
2017-02-01 11:00:00,2017-02-01 12:00:00,h1,1,Beijing,XGBoost,8.5,6.6288676261901855,test
2017-02-01 12:00:00,2017-02-01 13:00:00,h1,1,Beijing,XGBoost,11.166667,8.87862491607666,test
2017-02-01 13:00:00,2017-02-01 14:00:00,h1,1,Beijing,XGBoost,8.833333,12.046163558959961,test
2017-02-01 14:00:00,2017-02-01 15:00:00,h1,1,Beijing,XGBoost,11.5,10.070239067077637,test
2017-02-01 15:00:00,2017-02-01 16:00:00,h1,1,Beijing,XGBoost,13.333333,11.300703048706055,test
2017-02-01 16:00:00,2017-02-01 17:00:00,h1,1,Beijing,XGBoost,23.75,14.558775901794434,test
2017-02-01 17:00:00,2017-02-01 18:00:00,h1,1,Beijing,XGBoost,40.583333,31.869897842407227,test
2017-02-01 18:00:00,2017-02-01 19:00:00,h1,1,Beijing,XGBoost,61.25,60.43171691894531,test
2017-02-01 19:00:00,2017-02-01 20:00:00,h1,1,Beijing,XGBoost,91.666667,75.0401840209961,test
2017-02-01 20:00:00,2017-02-01 21:00:00,h1,1,Beijing,XGBoost,123.916667,105.40845489501953,test
2017-02-01 21:00:00,2017-02-01 22:00:00,h1,1,Beijing,XGBoost,121.333333,143.47964477539062,test
2017-02-01 22:00:00,2017-02-01 23:00:00,h1,1,Beijing,XGBoost,131.75,108.94104766845703,test
2017-02-01 23:00:00,2017-02-02 00:00:00,h1,1,Beijing,XGBoost,143.75,134.80699157714844,test
2017-02-03 00:00:00,2017-02-03 01:00:00,h1,1,Beijing,XGBoost,144.583333,150.58152770996094,test
2017-02-03 01:00:00,2017-02-03 02:00:00,h1,1,Beijing,XGBoost,140.333333,142.5371551513672,test
2017-02-03 02:00:00,2017-02-03 03:00:00,h1,1,Beijing,XGBoost,142.416667,133.19845581054688,test
2017-02-03 03:00:00,2017-02-03 04:00:00,h1,1,Beijing,XGBoost,132.25,142.6299591064453,test
2017-02-03 04:00:00,2017-02-03 05:00:00,h1,1,Beijing,XGBoost,118.166667,123.3080062866211,test
2017-02-03 05:00:00,2017-02-03 06:00:00,h1,1,Beijing,XGBoost,92.0,106.206298828125,test
2017-02-03 06:00:00,2017-02-03 07:00:00,h1,1,Beijing,XGBoost,80.333333,75.75147247314453,test
2017-02-03 07:00:00,2017-02-03 08:00:00,h1,1,Beijing,XGBoost,78.583333,75.22517395019531,test
2017-02-03 08:00:00,2017-02-03 09:00:00,h1,1,Beijing,XGBoost,88.5,79.6761474609375,test
2017-02-03 09:00:00,2017-02-03 10:00:00,h1,1,Beijing,XGBoost,84.0,96.31951904296875,test
2017-02-03 10:00:00,2017-02-03 11:00:00,h1,1,Beijing,XGBoost,86.083333,78.55094146728516,test
2017-02-03 11:00:00,2017-02-03 12:00:00,h1,1,Beijing,XGBoost,93.416667,89.15601348876953,test
2017-02-03 12:00:00,2017-02-03 13:00:00,h1,1,Beijing,XGBoost,111.083333,101.41324615478516,test
2017-02-03 13:00:00,2017-02-03 14:00:00,h1,1,Beijing,XGBoost,127.333333,121.80345916748047,test
2017-02-03 14:00:00,2017-02-03 15:00:00,h1,1,Beijing,XGBoost,147.166667,140.616455078125,test
2017-02-03 15:00:00,2017-02-03 16:00:00,h1,1,Beijing,XGBoost,179.5,157.21356201171875,test
2017-02-03 16:00:00,2017-02-03 17:00:00,h1,1,Beijing,XGBoost,205.25,187.1754150390625,test
2017-02-03 17:00:00,2017-02-03 18:00:00,h1,1,Beijing,XGBoost,218.25,214.84616088867188,test
2017-02-03 18:00:00,2017-02-03 19:00:00,h1,1,Beijing,XGBoost,231.25,226.5635986328125,test
2017-02-03 19:00:00,2017-02-03 20:00:00,h1,1,Beijing,XGBoost,247.333333,245.87631225585938,test
2017-02-03 20:00:00,2017-02-03 21:00:00,h1,1,Beijing,XGBoost,265.583333,253.0933074951172,test
2017-02-03 21:00:00,2017-02-03 22:00:00,h1,1,Beijing,XGBoost,275.277778,260.2425231933594,test
2017-02-03 22:00:00,2017-02-03 23:00:00,h1,1,Beijing,XGBoost,274.243056,268.1575012207031,test
2017-02-03 23:00:00,2017-02-04 00:00:00,h1,1,Beijing,XGBoost,17.583333,241.7403106689453,test
2017-02-05 00:00:00,2017-02-05 01:00:00,h1,1,Beijing,XGBoost,17.75,66.50537872314453,test
2017-02-05 01:00:00,2017-02-05 02:00:00,h1,1,Beijing,XGBoost,22.666667,21.697933197021484,test
2017-02-05 02:00:00,2017-02-05 03:00:00,h1,1,Beijing,XGBoost,23.083333,30.576412200927734,test
2017-02-05 03:00:00,2017-02-05 04:00:00,h1,1,Beijing,XGBoost,21.5,27.251157760620117,test
2017-02-05 04:00:00,2017-02-05 05:00:00,h1,1,Beijing,XGBoost,19.916667,21.239154815673828,test
2017-02-05 05:00:00,2017-02-05 06:00:00,h1,1,Beijing,XGBoost,15.0,15.995809555053711,test
2017-02-05 06:00:00,2017-02-05 07:00:00,h1,1,Beijing,XGBoost,13.416667,14.827645301818848,test
2017-02-05 07:00:00,2017-02-05 08:00:00,h1,1,Beijing,XGBoost,11.083333,13.703405380249023,test
2017-02-05 08:00:00,2017-02-05 09:00:00,h1,1,Beijing,XGBoost,11.333333,11.213517189025879,test
2017-02-05 09:00:00,2017-02-05 10:00:00,h1,1,Beijing,XGBoost,11.0,11.897509574890137,test
2017-02-05 10:00:00,2017-02-05 11:00:00,h1,1,Beijing,XGBoost,8.416667,10.057354927062988,test
2017-02-05 11:00:00,2017-02-05 12:00:00,h1,1,Beijing,XGBoost,6.916667,8.312004089355469,test
2017-02-05 12:00:00,2017-02-05 13:00:00,h1,1,Beijing,XGBoost,7.083333,7.637450695037842,test
2017-02-05 13:00:00,2017-02-05 14:00:00,h1,1,Beijing,XGBoost,6.583333,8.230255126953125,test
2017-02-05 14:00:00,2017-02-05 15:00:00,h1,1,Beijing,XGBoost,9.5,7.0436110496521,test
2017-02-05 15:00:00,2017-02-05 16:00:00,h1,1,Beijing,XGBoost,11.75,10.852126121520996,test
2017-02-05 16:00:00,2017-02-05 17:00:00,h1,1,Beijing,XGBoost,14.083333,12.693922996520996,test
2017-02-05 17:00:00,2017-02-05 18:00:00,h1,1,Beijing,XGBoost,10.833333,16.030744552612305,test
2017-02-05 18:00:00,2017-02-05 19:00:00,h1,1,Beijing,XGBoost,8.333333,11.786520957946777,test
2017-02-05 19:00:00,2017-02-05 20:00:00,h1,1,Beijing,XGBoost,7.833333,10.52522087097168,test
2017-02-05 20:00:00,2017-02-05 21:00:00,h1,1,Beijing,XGBoost,8.166667,7.7441301345825195,test
2017-02-05 21:00:00,2017-02-05 22:00:00,h1,1,Beijing,XGBoost,8.833333,9.90024471282959,test
2017-02-05 22:00:00,2017-02-05 23:00:00,h1,1,Beijing,XGBoost,8.333333,9.567692756652832,test
2017-02-05 23:00:00,2017-02-06 00:00:00,h1,1,Beijing,XGBoost,7.916667,8.60944938659668,test
2017-02-06 00:00:00,2017-02-06 01:00:00,h1,1,Beijing,XGBoost,6.75,8.340804100036621,test
2017-02-06 01:00:00,2017-02-06 02:00:00,h1,1,Beijing,XGBoost,5.833333,8.852681159973145,test
2017-02-06 02:00:00,2017-02-06 03:00:00,h1,1,Beijing,XGBoost,4.75,6.310307025909424,test
2017-02-06 03:00:00,2017-02-06 04:00:00,h1,1,Beijing,XGBoost,4.083333,5.361761569976807,test
2017-02-06 04:00:00,2017-02-06 05:00:00,h1,1,Beijing,XGBoost,5.416667,7.291639804840088,test
2017-02-06 05:00:00,2017-02-06 06:00:00,h1,1,Beijing,XGBoost,6.083333,7.0876946449279785,test
2017-02-06 06:00:00,2017-02-06 07:00:00,h1,1,Beijing,XGBoost,6.583333,7.23684024810791,test
2017-02-06 07:00:00,2017-02-06 08:00:00,h1,1,Beijing,XGBoost,7.916667,7.736801624298096,test
2017-02-06 08:00:00,2017-02-06 09:00:00,h1,1,Beijing,XGBoost,8.333333,8.953095436096191,test
2017-02-06 09:00:00,2017-02-06 10:00:00,h1,1,Beijing,XGBoost,10.333333,7.775750637054443,test
2017-02-06 10:00:00,2017-02-06 11:00:00,h1,1,Beijing,XGBoost,9.416667,10.144835472106934,test
2017-02-06 11:00:00,2017-02-06 12:00:00,h1,1,Beijing,XGBoost,7.416667,8.826382637023926,test
2017-02-06 12:00:00,2017-02-06 13:00:00,h1,1,Beijing,XGBoost,5.166667,8.971233367919922,test
2017-02-06 13:00:00,2017-02-06 14:00:00,h1,1,Beijing,XGBoost,6.333333,7.783496379852295,test
2017-02-06 14:00:00,2017-02-06 15:00:00,h1,1,Beijing,XGBoost,7.083333,8.329333305358887,test
2017-02-06 15:00:00,2017-02-06 16:00:00,h1,1,Beijing,XGBoost,7.25,8.65832233428955,test
2017-02-06 16:00:00,2017-02-06 17:00:00,h1,1,Beijing,XGBoost,9.583333,9.129119873046875,test
2017-02-06 17:00:00,2017-02-06 18:00:00,h1,1,Beijing,XGBoost,14.583333,12.125863075256348,test
2017-02-06 18:00:00,2017-02-06 19:00:00,h1,1,Beijing,XGBoost,21.25,22.451168060302734,test
2017-02-06 19:00:00,2017-02-06 20:00:00,h1,1,Beijing,XGBoost,31.5,28.3149356842041,test
2017-02-06 20:00:00,2017-02-06 21:00:00,h1,1,Beijing,XGBoost,35.166667,37.35694885253906,test
2017-02-06 21:00:00,2017-02-06 22:00:00,h1,1,Beijing,XGBoost,39.75,40.63050842285156,test
2017-02-06 22:00:00,2017-02-06 23:00:00,h1,1,Beijing,XGBoost,42.416667,43.659549713134766,test
2017-02-06 23:00:00,2017-02-07 00:00:00,h1,1,Beijing,XGBoost,48.25,46.26909255981445,test
2017-02-07 00:00:00,2017-02-07 01:00:00,h1,1,Beijing,XGBoost,61.75,53.15807342529297,test
2017-02-07 01:00:00,2017-02-07 02:00:00,h1,1,Beijing,XGBoost,64.166667,70.18035888671875,test
2017-02-07 02:00:00,2017-02-07 03:00:00,h1,1,Beijing,XGBoost,64.333333,64.87832641601562,test
2017-02-07 03:00:00,2017-02-07 04:00:00,h1,1,Beijing,XGBoost,67.75,65.1220703125,test
2017-02-07 04:00:00,2017-02-07 05:00:00,h1,1,Beijing,XGBoost,69.416667,70.5321273803711,test
2017-02-07 05:00:00,2017-02-07 06:00:00,h1,1,Beijing,XGBoost,69.25,71.47869110107422,test
2017-02-07 06:00:00,2017-02-07 07:00:00,h1,1,Beijing,XGBoost,69.666667,67.3606948852539,test
2017-02-07 07:00:00,2017-02-07 08:00:00,h1,1,Beijing,XGBoost,72.083333,70.34043884277344,test
2017-02-07 08:00:00,2017-02-07 09:00:00,h1,1,Beijing,XGBoost,76.583333,74.72888946533203,test
2017-02-07 09:00:00,2017-02-07 10:00:00,h1,1,Beijing,XGBoost,80.166667,81.64924621582031,test
2017-02-07 10:00:00,2017-02-07 11:00:00,h1,1,Beijing,XGBoost,61.5,85.37470245361328,test
2017-02-07 11:00:00,2017-02-07 12:00:00,h1,1,Beijing,XGBoost,55.083333,54.708560943603516,test
2017-02-07 12:00:00,2017-02-07 13:00:00,h1,1,Beijing,XGBoost,57.416667,51.098663330078125,test
2017-02-07 13:00:00,2017-02-07 14:00:00,h1,1,Beijing,XGBoost,61.0,62.835205078125,test
2017-02-07 14:00:00,2017-02-07 15:00:00,h1,1,Beijing,XGBoost,64.333333,67.49012756347656,test
2017-02-07 15:00:00,2017-02-07 16:00:00,h1,1,Beijing,XGBoost,67.416667,67.4745101928711,test
2017-02-07 16:00:00,2017-02-07 17:00:00,h1,1,Beijing,XGBoost,81.916667,71.252685546875,test
2017-02-07 17:00:00,2017-02-07 18:00:00,h1,1,Beijing,XGBoost,93.5,93.79879760742188,test
2017-02-07 18:00:00,2017-02-07 19:00:00,h1,1,Beijing,XGBoost,103.25,110.4658203125,test
2017-02-07 19:00:00,2017-02-07 20:00:00,h1,1,Beijing,XGBoost,108.333333,112.30693054199219,test
2017-02-07 20:00:00,2017-02-07 21:00:00,h1,1,Beijing,XGBoost,107.333333,109.92031860351562,test
2017-02-07 21:00:00,2017-02-07 22:00:00,h1,1,Beijing,XGBoost,107.166667,109.453369140625,test
2017-02-07 22:00:00,2017-02-07 23:00:00,h1,1,Beijing,XGBoost,109.0,108.07907104492188,test
2017-02-07 23:00:00,2017-02-08 00:00:00,h1,1,Beijing,XGBoost,106.833333,112.47084045410156,test
2017-02-08 00:00:00,2017-02-08 01:00:00,h1,1,Beijing,XGBoost,106.416667,105.5650863647461,test
2017-02-08 01:00:00,2017-02-08 02:00:00,h1,1,Beijing,XGBoost,105.333333,108.17887878417969,test
2017-02-08 02:00:00,2017-02-08 03:00:00,h1,1,Beijing,XGBoost,100.333333,104.06623077392578,test
2017-02-08 03:00:00,2017-02-08 04:00:00,h1,1,Beijing,XGBoost,89.833333,95.73783111572266,test
2017-02-08 04:00:00,2017-02-08 05:00:00,h1,1,Beijing,XGBoost,70.666667,84.05855560302734,test
2017-02-08 05:00:00,2017-02-08 06:00:00,h1,1,Beijing,XGBoost,39.166667,59.2813720703125,test
2017-02-08 06:00:00,2017-02-08 07:00:00,h1,1,Beijing,XGBoost,16.166667,29.680858612060547,test
2017-02-08 07:00:00,2017-02-08 08:00:00,h1,1,Beijing,XGBoost,10.25,17.549428939819336,test
2017-02-08 08:00:00,2017-02-08 09:00:00,h1,1,Beijing,XGBoost,7.5,10.534567832946777,test
2017-02-08 09:00:00,2017-02-08 10:00:00,h1,1,Beijing,XGBoost,8.833333,9.615947723388672,test
2017-02-08 10:00:00,2017-02-08 11:00:00,h1,1,Beijing,XGBoost,10.416667,8.484962463378906,test
2017-02-08 11:00:00,2017-02-08 12:00:00,h1,1,Beijing,XGBoost,9.75,10.50912857055664,test
2017-02-08 12:00:00,2017-02-08 13:00:00,h1,1,Beijing,XGBoost,11.833333,10.11687183380127,test
2017-02-08 13:00:00,2017-02-08 14:00:00,h1,1,Beijing,XGBoost,10.75,11.955080032348633,test
2017-02-08 14:00:00,2017-02-08 15:00:00,h1,1,Beijing,XGBoost,9.583333,11.291446685791016,test
2017-02-08 15:00:00,2017-02-08 16:00:00,h1,1,Beijing,XGBoost,10.25,9.139619827270508,test
2017-02-08 16:00:00,2017-02-08 17:00:00,h1,1,Beijing,XGBoost,9.666667,10.443782806396484,test
2017-02-08 17:00:00,2017-02-08 18:00:00,h1,1,Beijing,XGBoost,9.166667,10.632339477539062,test
2017-02-08 18:00:00,2017-02-08 19:00:00,h1,1,Beijing,XGBoost,9.166667,9.465274810791016,test
2017-02-08 19:00:00,2017-02-08 20:00:00,h1,1,Beijing,XGBoost,9.916667,9.24122428894043,test
2017-02-08 20:00:00,2017-02-08 21:00:00,h1,1,Beijing,XGBoost,8.5,9.173046112060547,test
2017-02-08 21:00:00,2017-02-08 22:00:00,h1,1,Beijing,XGBoost,9.75,8.557642936706543,test
2017-02-08 22:00:00,2017-02-08 23:00:00,h1,1,Beijing,XGBoost,8.083333,9.534017562866211,test
2017-02-08 23:00:00,2017-02-09 00:00:00,h1,1,Beijing,XGBoost,9.333333,8.766136169433594,test
2017-02-09 00:00:00,2017-02-09 01:00:00,h1,1,Beijing,XGBoost,7.5,9.049917221069336,test
2017-02-09 01:00:00,2017-02-09 02:00:00,h1,1,Beijing,XGBoost,7.666667,7.984443187713623,test
2017-02-09 02:00:00,2017-02-09 03:00:00,h1,1,Beijing,XGBoost,7.375,6.975207328796387,test
2017-02-09 03:00:00,2017-02-09 04:00:00,h1,1,Beijing,XGBoost,7.083333,6.5633087158203125,test
2017-02-09 04:00:00,2017-02-09 05:00:00,h1,1,Beijing,XGBoost,6.75,6.552623748779297,test
2017-02-09 05:00:00,2017-02-09 06:00:00,h1,1,Beijing,XGBoost,5.75,6.60332727432251,test
2017-02-09 06:00:00,2017-02-09 07:00:00,h1,1,Beijing,XGBoost,6.083333,6.548437118530273,test
2017-02-09 07:00:00,2017-02-09 08:00:00,h1,1,Beijing,XGBoost,7.25,7.038509368896484,test
2017-02-09 08:00:00,2017-02-09 09:00:00,h1,1,Beijing,XGBoost,6.0,7.341797828674316,test
2017-02-09 09:00:00,2017-02-09 10:00:00,h1,1,Beijing,XGBoost,7.0,6.4093170166015625,test
2017-02-09 10:00:00,2017-02-09 11:00:00,h1,1,Beijing,XGBoost,6.833333,6.761803150177002,test
2017-02-09 11:00:00,2017-02-09 12:00:00,h1,1,Beijing,XGBoost,7.416667,6.804687976837158,test
2017-02-09 12:00:00,2017-02-09 13:00:00,h1,1,Beijing,XGBoost,6.833333,7.8316426277160645,test
2017-02-09 13:00:00,2017-02-09 14:00:00,h1,1,Beijing,XGBoost,8.0,7.499330043792725,test
2017-02-09 14:00:00,2017-02-09 15:00:00,h1,1,Beijing,XGBoost,6.666667,8.442408561706543,test
2017-02-09 15:00:00,2017-02-09 16:00:00,h1,1,Beijing,XGBoost,6.916667,7.3654255867004395,test
2017-02-09 16:00:00,2017-02-09 17:00:00,h1,1,Beijing,XGBoost,6.166667,8.005345344543457,test
2017-02-09 17:00:00,2017-02-09 18:00:00,h1,1,Beijing,XGBoost,5.583333,7.5287346839904785,test
2017-02-09 18:00:00,2017-02-09 19:00:00,h1,1,Beijing,XGBoost,6.583333,7.040492534637451,test
2017-02-09 19:00:00,2017-02-09 20:00:00,h1,1,Beijing,XGBoost,6.916667,8.06860637664795,test
2017-02-09 20:00:00,2017-02-09 21:00:00,h1,1,Beijing,XGBoost,7.666667,7.668993949890137,test
2017-02-09 21:00:00,2017-02-09 22:00:00,h1,1,Beijing,XGBoost,6.666667,7.8725361824035645,test
2017-02-09 22:00:00,2017-02-09 23:00:00,h1,1,Beijing,XGBoost,5.75,7.11552619934082,test
2017-02-09 23:00:00,2017-02-10 00:00:00,h1,1,Beijing,XGBoost,6.416667,7.3284077644348145,test
2017-02-10 00:00:00,2017-02-10 01:00:00,h1,1,Beijing,XGBoost,5.416667,7.154338836669922,test
2017-02-10 01:00:00,2017-02-10 02:00:00,h1,1,Beijing,XGBoost,6.416667,8.241578102111816,test
2017-02-10 02:00:00,2017-02-10 03:00:00,h1,1,Beijing,XGBoost,7.25,6.27755069732666,test
2017-02-10 03:00:00,2017-02-10 04:00:00,h1,1,Beijing,XGBoost,4.666667,6.748864650726318,test
2017-02-10 04:00:00,2017-02-10 05:00:00,h1,1,Beijing,XGBoost,4.916667,5.158278465270996,test
2017-02-10 05:00:00,2017-02-10 06:00:00,h1,1,Beijing,XGBoost,5.25,6.24077844619751,test
2017-02-10 06:00:00,2017-02-10 07:00:00,h1,1,Beijing,XGBoost,4.75,7.9996657371521,test
2017-02-10 07:00:00,2017-02-10 08:00:00,h1,1,Beijing,XGBoost,6.333333,6.354683876037598,test
2017-02-10 08:00:00,2017-02-10 09:00:00,h1,1,Beijing,XGBoost,7.333333,7.48514986038208,test
2017-02-10 09:00:00,2017-02-10 10:00:00,h1,1,Beijing,XGBoost,7.083333,9.774782180786133,test
2017-02-10 10:00:00,2017-02-10 11:00:00,h1,1,Beijing,XGBoost,6.5,6.719440460205078,test
2017-02-10 11:00:00,2017-02-10 12:00:00,h1,1,Beijing,XGBoost,7.083333,6.537897109985352,test
2017-02-10 12:00:00,2017-02-10 13:00:00,h1,1,Beijing,XGBoost,7.583333,7.311279773712158,test
2017-02-10 13:00:00,2017-02-10 14:00:00,h1,1,Beijing,XGBoost,6.583333,7.7689666748046875,test
2017-02-10 14:00:00,2017-02-10 15:00:00,h1,1,Beijing,XGBoost,7.166667,7.467230319976807,test
2017-02-10 15:00:00,2017-02-10 16:00:00,h1,1,Beijing,XGBoost,6.333333,7.861725807189941,test
2017-02-10 16:00:00,2017-02-10 17:00:00,h1,1,Beijing,XGBoost,6.916667,7.164813041687012,test
2017-02-10 17:00:00,2017-02-10 18:00:00,h1,1,Beijing,XGBoost,6.666667,8.84423542022705,test
2017-02-10 18:00:00,2017-02-10 19:00:00,h1,1,Beijing,XGBoost,8.916667,7.884601593017578,test
2017-02-10 19:00:00,2017-02-10 20:00:00,h1,1,Beijing,XGBoost,9.333333,11.212489128112793,test
2017-02-10 20:00:00,2017-02-10 21:00:00,h1,1,Beijing,XGBoost,10.583333,10.92361831665039,test
2017-02-10 21:00:00,2017-02-10 22:00:00,h1,1,Beijing,XGBoost,9.916667,12.531230926513672,test
2017-02-10 22:00:00,2017-02-10 23:00:00,h1,1,Beijing,XGBoost,10.916667,12.560833930969238,test
2017-02-10 23:00:00,2017-02-11 00:00:00,h1,1,Beijing,XGBoost,14.666667,14.613790512084961,test
2017-02-11 00:00:00,2017-02-11 01:00:00,h1,1,Beijing,XGBoost,13.916667,15.408366203308105,test
2017-02-11 01:00:00,2017-02-11 02:00:00,h1,1,Beijing,XGBoost,12.916667,14.514142990112305,test
2017-02-11 02:00:00,2017-02-11 03:00:00,h1,1,Beijing,XGBoost,11.666667,12.604164123535156,test
2017-02-11 03:00:00,2017-02-11 04:00:00,h1,1,Beijing,XGBoost,13.25,11.138260841369629,test
2017-02-11 04:00:00,2017-02-11 05:00:00,h1,1,Beijing,XGBoost,13.333333,13.701393127441406,test
2017-02-11 05:00:00,2017-02-11 06:00:00,h1,1,Beijing,XGBoost,13.083333,14.079934120178223,test
2017-02-11 06:00:00,2017-02-11 07:00:00,h1,1,Beijing,XGBoost,13.5,14.449895858764648,test
2017-02-11 07:00:00,2017-02-11 08:00:00,h1,1,Beijing,XGBoost,14.583333,15.55815601348877,test
2017-02-11 08:00:00,2017-02-11 09:00:00,h1,1,Beijing,XGBoost,19.416667,16.430551528930664,test
2017-02-11 09:00:00,2017-02-11 10:00:00,h1,1,Beijing,XGBoost,21.0,23.74979019165039,test
2017-02-11 10:00:00,2017-02-11 11:00:00,h1,1,Beijing,XGBoost,17.833333,21.98453712463379,test
2017-02-11 11:00:00,2017-02-11 12:00:00,h1,1,Beijing,XGBoost,13.583333,16.156192779541016,test
2017-02-11 12:00:00,2017-02-11 13:00:00,h1,1,Beijing,XGBoost,12.333333,12.424275398254395,test
2017-02-11 13:00:00,2017-02-11 14:00:00,h1,1,Beijing,XGBoost,11.5,12.7838134765625,test
2017-02-11 14:00:00,2017-02-11 15:00:00,h1,1,Beijing,XGBoost,13.75,12.554165840148926,test
2017-02-11 15:00:00,2017-02-11 16:00:00,h1,1,Beijing,XGBoost,21.166667,14.167474746704102,test
2017-02-11 16:00:00,2017-02-11 17:00:00,h1,1,Beijing,XGBoost,33.416667,25.116554260253906,test
2017-02-11 17:00:00,2017-02-11 18:00:00,h1,1,Beijing,XGBoost,39.0,40.168678283691406,test
2017-02-11 18:00:00,2017-02-11 19:00:00,h1,1,Beijing,XGBoost,58.833333,46.568572998046875,test
2017-02-11 19:00:00,2017-02-11 20:00:00,h1,1,Beijing,XGBoost,96.333333,69.7466049194336,test
2017-02-11 20:00:00,2017-02-11 21:00:00,h1,1,Beijing,XGBoost,139.5,114.44075012207031,test
2017-02-11 21:00:00,2017-02-11 22:00:00,h1,1,Beijing,XGBoost,191.125,179.9991455078125,test
2017-02-11 22:00:00,2017-02-11 23:00:00,h1,1,Beijing,XGBoost,193.75,202.94802856445312,test
2017-02-11 23:00:00,2017-02-12 00:00:00,h1,1,Beijing,XGBoost,180.791667,178.8171844482422,test
2017-02-12 00:00:00,2017-02-12 01:00:00,h1,1,Beijing,XGBoost,161.583333,163.44065856933594,test
2017-02-12 01:00:00,2017-02-12 02:00:00,h1,1,Beijing,XGBoost,138.416667,147.38565063476562,test
2017-02-12 02:00:00,2017-02-12 03:00:00,h1,1,Beijing,XGBoost,120.083333,122.3115234375,test
2017-02-12 03:00:00,2017-02-12 04:00:00,h1,1,Beijing,XGBoost,86.0,103.45581817626953,test
2017-02-12 04:00:00,2017-02-12 05:00:00,h1,1,Beijing,XGBoost,59.583333,71.18941497802734,test
2017-02-12 05:00:00,2017-02-12 06:00:00,h1,1,Beijing,XGBoost,48.166667,46.636497497558594,test
2017-02-12 06:00:00,2017-02-12 07:00:00,h1,1,Beijing,XGBoost,49.833333,43.49081039428711,test
2017-02-12 07:00:00,2017-02-12 08:00:00,h1,1,Beijing,XGBoost,66.083333,53.097015380859375,test
2017-02-12 08:00:00,2017-02-12 09:00:00,h1,1,Beijing,XGBoost,86.25,74.93177795410156,test
2017-02-12 09:00:00,2017-02-12 10:00:00,h1,1,Beijing,XGBoost,93.416667,92.45600891113281,test
2017-02-12 10:00:00,2017-02-12 11:00:00,h1,1,Beijing,XGBoost,105.75,92.0042724609375,test
2017-02-12 11:00:00,2017-02-12 12:00:00,h1,1,Beijing,XGBoost,103.083333,110.08657836914062,test
2017-02-12 12:00:00,2017-02-12 13:00:00,h1,1,Beijing,XGBoost,98.5,102.62547302246094,test
2017-02-12 13:00:00,2017-02-12 14:00:00,h1,1,Beijing,XGBoost,98.833333,91.82655334472656,test
2017-02-12 14:00:00,2017-02-12 15:00:00,h1,1,Beijing,XGBoost,96.25,100.10492706298828,test
2017-02-12 15:00:00,2017-02-12 16:00:00,h1,1,Beijing,XGBoost,91.5,95.60940551757812,test
2017-02-12 16:00:00,2017-02-12 17:00:00,h1,1,Beijing,XGBoost,97.666667,89.80204772949219,test
2017-02-12 17:00:00,2017-02-12 18:00:00,h1,1,Beijing,XGBoost,107.083333,107.03427124023438,test
2017-02-12 18:00:00,2017-02-12 19:00:00,h1,1,Beijing,XGBoost,112.333333,123.05587005615234,test
2017-02-12 19:00:00,2017-02-12 20:00:00,h1,1,Beijing,XGBoost,115.083333,123.71371459960938,test
2017-02-12 20:00:00,2017-02-12 21:00:00,h1,1,Beijing,XGBoost,124.916667,119.21322631835938,test
2017-02-12 21:00:00,2017-02-12 22:00:00,h1,1,Beijing,XGBoost,130.333333,129.1396026611328,test
2017-02-12 22:00:00,2017-02-12 23:00:00,h1,1,Beijing,XGBoost,140.0,134.64404296875,test
2017-02-12 23:00:00,2017-02-13 00:00:00,h1,1,Beijing,XGBoost,141.5,140.62039184570312,test
2017-02-13 00:00:00,2017-02-13 01:00:00,h1,1,Beijing,XGBoost,137.75,134.9585418701172,test
2017-02-13 01:00:00,2017-02-13 02:00:00,h1,1,Beijing,XGBoost,146.416667,133.60057067871094,test
2017-02-13 02:00:00,2017-02-13 03:00:00,h1,1,Beijing,XGBoost,146.5,151.33651733398438,test
2017-02-13 03:00:00,2017-02-13 04:00:00,h1,1,Beijing,XGBoost,142.833333,146.8231964111328,test
2017-02-13 04:00:00,2017-02-13 05:00:00,h1,1,Beijing,XGBoost,123.75,140.72860717773438,test
2017-02-13 05:00:00,2017-02-13 06:00:00,h1,1,Beijing,XGBoost,110.583333,98.15745544433594,test
2017-02-13 06:00:00,2017-02-13 07:00:00,h1,1,Beijing,XGBoost,93.25,102.92196655273438,test
2017-02-13 07:00:00,2017-02-13 08:00:00,h1,1,Beijing,XGBoost,80.333333,84.90423583984375,test
2017-02-13 08:00:00,2017-02-13 09:00:00,h1,1,Beijing,XGBoost,66.75,73.14628601074219,test
2017-02-13 09:00:00,2017-02-13 10:00:00,h1,1,Beijing,XGBoost,50.583333,59.75981140136719,test
2017-02-13 10:00:00,2017-02-13 11:00:00,h1,1,Beijing,XGBoost,36.083333,41.29816818237305,test
2017-02-13 11:00:00,2017-02-13 12:00:00,h1,1,Beijing,XGBoost,22.75,24.828125,test
2017-02-13 12:00:00,2017-02-13 13:00:00,h1,1,Beijing,XGBoost,16.5,16.94115447998047,test
2017-02-13 13:00:00,2017-02-13 14:00:00,h1,1,Beijing,XGBoost,14.833333,15.642012596130371,test
2017-02-13 14:00:00,2017-02-13 15:00:00,h1,1,Beijing,XGBoost,14.916667,15.13160228729248,test
2017-02-13 15:00:00,2017-02-13 16:00:00,h1,1,Beijing,XGBoost,17.333333,15.724032402038574,test
2017-02-13 16:00:00,2017-02-13 17:00:00,h1,1,Beijing,XGBoost,18.916667,19.65507698059082,test
2017-02-13 17:00:00,2017-02-13 18:00:00,h1,1,Beijing,XGBoost,23.5,21.89797592163086,test
2017-02-13 18:00:00,2017-02-13 19:00:00,h1,1,Beijing,XGBoost,43.083333,31.52953338623047,test
2017-02-13 19:00:00,2017-02-13 20:00:00,h1,1,Beijing,XGBoost,81.75,58.83846664428711,test
2017-02-13 20:00:00,2017-02-13 21:00:00,h1,1,Beijing,XGBoost,102.083333,112.00172424316406,test
2017-02-13 21:00:00,2017-02-13 22:00:00,h1,1,Beijing,XGBoost,137.333333,105.35494232177734,test
2017-02-13 22:00:00,2017-02-13 23:00:00,h1,1,Beijing,XGBoost,158.666667,172.6508331298828,test
2017-02-13 23:00:00,2017-02-14 00:00:00,h1,1,Beijing,XGBoost,151.083333,156.48165893554688,test
2017-02-14 00:00:00,2017-02-14 01:00:00,h1,1,Beijing,XGBoost,136.416667,146.88108825683594,test
2017-02-14 01:00:00,2017-02-14 02:00:00,h1,1,Beijing,XGBoost,137.166667,125.79816436767578,test
2017-02-14 02:00:00,2017-02-14 03:00:00,h1,1,Beijing,XGBoost,142.916667,138.15689086914062,test
2017-02-14 03:00:00,2017-02-14 04:00:00,h1,1,Beijing,XGBoost,142.333333,144.334228515625,test
2017-02-14 04:00:00,2017-02-14 05:00:00,h1,1,Beijing,XGBoost,139.666667,143.9012451171875,test
2017-02-14 05:00:00,2017-02-14 06:00:00,h1,1,Beijing,XGBoost,135.0,137.2469482421875,test
2017-02-14 06:00:00,2017-02-14 07:00:00,h1,1,Beijing,XGBoost,137.25,128.39779663085938,test
2017-02-14 07:00:00,2017-02-14 08:00:00,h1,1,Beijing,XGBoost,141.416667,140.11184692382812,test
2017-02-14 08:00:00,2017-02-14 09:00:00,h1,1,Beijing,XGBoost,147.833333,145.14988708496094,test
2017-02-14 09:00:00,2017-02-14 10:00:00,h1,1,Beijing,XGBoost,163.833333,153.88169860839844,test
2017-02-14 10:00:00,2017-02-14 11:00:00,h1,1,Beijing,XGBoost,179.5,175.15252685546875,test
2017-02-14 11:00:00,2017-02-14 12:00:00,h1,1,Beijing,XGBoost,187.916667,190.0524139404297,test
2017-02-14 12:00:00,2017-02-14 13:00:00,h1,1,Beijing,XGBoost,177.583333,193.6804656982422,test
2017-02-14 13:00:00,2017-02-14 14:00:00,h1,1,Beijing,XGBoost,181.333333,175.6703338623047,test
2017-02-14 14:00:00,2017-02-14 15:00:00,h1,1,Beijing,XGBoost,188.166667,182.08590698242188,test
2017-02-14 15:00:00,2017-02-14 16:00:00,h1,1,Beijing,XGBoost,208.5,198.08132934570312,test
2017-02-14 16:00:00,2017-02-14 17:00:00,h1,1,Beijing,XGBoost,213.5,224.08575439453125,test
2017-02-14 17:00:00,2017-02-14 18:00:00,h1,1,Beijing,XGBoost,210.166667,211.03594970703125,test
2017-02-14 18:00:00,2017-02-14 19:00:00,h1,1,Beijing,XGBoost,215.833333,215.24171447753906,test
2017-02-14 19:00:00,2017-02-14 20:00:00,h1,1,Beijing,XGBoost,221.25,210.23814392089844,test
2017-02-14 20:00:00,2017-02-14 21:00:00,h1,1,Beijing,XGBoost,227.5,227.62257385253906,test
2017-02-14 21:00:00,2017-02-14 22:00:00,h1,1,Beijing,XGBoost,227.75,240.2918701171875,test
2017-02-14 22:00:00,2017-02-14 23:00:00,h1,1,Beijing,XGBoost,236.166667,219.6353302001953,test
2017-02-14 23:00:00,2017-02-15 00:00:00,h1,1,Beijing,XGBoost,243.833333,188.36192321777344,test
2017-02-15 00:00:00,2017-02-15 01:00:00,h1,1,Beijing,XGBoost,243.083333,204.9458770751953,test
2017-02-15 01:00:00,2017-02-15 02:00:00,h1,1,Beijing,XGBoost,238.416667,203.94309997558594,test
2017-02-15 02:00:00,2017-02-15 03:00:00,h1,1,Beijing,XGBoost,229.75,211.15548706054688,test
2017-02-15 03:00:00,2017-02-15 04:00:00,h1,1,Beijing,XGBoost,226.5,210.87130737304688,test
2017-02-15 04:00:00,2017-02-15 05:00:00,h1,1,Beijing,XGBoost,227.166667,212.722412109375,test
2017-02-15 05:00:00,2017-02-15 06:00:00,h1,1,Beijing,XGBoost,229.666667,208.4727020263672,test
2017-02-15 06:00:00,2017-02-15 07:00:00,h1,1,Beijing,XGBoost,226.083333,208.20953369140625,test
2017-02-15 07:00:00,2017-02-15 08:00:00,h1,1,Beijing,XGBoost,224.25,210.74594116210938,test
2017-02-15 08:00:00,2017-02-15 09:00:00,h1,1,Beijing,XGBoost,229.75,220.41708374023438,test
2017-02-15 09:00:00,2017-02-15 10:00:00,h1,1,Beijing,XGBoost,214.666667,214.36190795898438,test
2017-02-15 10:00:00,2017-02-15 11:00:00,h1,1,Beijing,XGBoost,223.833333,184.64358520507812,test
2017-02-15 11:00:00,2017-02-15 12:00:00,h1,1,Beijing,XGBoost,241.166667,229.04852294921875,test
2017-02-15 12:00:00,2017-02-15 13:00:00,h1,1,Beijing,XGBoost,208.0,245.49514770507812,test
2017-02-15 13:00:00,2017-02-15 14:00:00,h1,1,Beijing,XGBoost,184.416667,165.7365264892578,test
2017-02-15 14:00:00,2017-02-15 15:00:00,h1,1,Beijing,XGBoost,169.416667,155.70318603515625,test
2017-02-15 15:00:00,2017-02-15 16:00:00,h1,1,Beijing,XGBoost,187.75,130.5133819580078,test
2017-02-15 16:00:00,2017-02-15 17:00:00,h1,1,Beijing,XGBoost,235.166667,190.1905517578125,test
2017-02-15 17:00:00,2017-02-15 18:00:00,h1,1,Beijing,XGBoost,250.166667,231.64089965820312,test
2017-02-15 18:00:00,2017-02-15 19:00:00,h1,1,Beijing,XGBoost,256.75,237.18438720703125,test
2017-02-15 19:00:00,2017-02-15 20:00:00,h1,1,Beijing,XGBoost,261.916667,250.95677185058594,test
2017-02-15 20:00:00,2017-02-15 21:00:00,h1,1,Beijing,XGBoost,261.666667,249.94874572753906,test
2017-02-15 21:00:00,2017-02-15 22:00:00,h1,1,Beijing,XGBoost,267.166667,263.5065002441406,test
2017-02-15 22:00:00,2017-02-15 23:00:00,h1,1,Beijing,XGBoost,265.861111,259.64434814453125,test
2017-02-15 23:00:00,2017-02-16 00:00:00,h1,1,Beijing,XGBoost,263.555556,243.14320373535156,test
2017-02-16 00:00:00,2017-02-16 01:00:00,h1,1,Beijing,XGBoost,261.916667,246.37875366210938,test
2017-02-16 01:00:00,2017-02-16 02:00:00,h1,1,Beijing,XGBoost,266.333333,246.8768768310547,test
2017-02-16 02:00:00,2017-02-16 03:00:00,h1,1,Beijing,XGBoost,260.083333,234.7883758544922,test
2017-02-16 03:00:00,2017-02-16 04:00:00,h1,1,Beijing,XGBoost,258.541667,217.23001098632812,test
2017-02-16 04:00:00,2017-02-16 05:00:00,h1,1,Beijing,XGBoost,254.0,210.8275909423828,test
2017-02-16 05:00:00,2017-02-16 06:00:00,h1,1,Beijing,XGBoost,246.25,194.56068420410156,test
2017-02-16 06:00:00,2017-02-16 07:00:00,h1,1,Beijing,XGBoost,232.833333,233.0691680908203,test
2017-02-16 07:00:00,2017-02-16 08:00:00,h1,1,Beijing,XGBoost,187.5,192.82652282714844,test
2017-02-16 08:00:00,2017-02-16 09:00:00,h1,1,Beijing,XGBoost,137.583333,113.92554473876953,test
2017-02-16 09:00:00,2017-02-16 10:00:00,h1,1,Beijing,XGBoost,70.25,60.38056564331055,test
2017-02-16 10:00:00,2017-02-16 11:00:00,h1,1,Beijing,XGBoost,31.916667,27.94991683959961,test
2017-02-16 11:00:00,2017-02-16 12:00:00,h1,1,Beijing,XGBoost,17.333333,17.626859664916992,test
2017-02-16 12:00:00,2017-02-16 13:00:00,h1,1,Beijing,XGBoost,13.5,16.350378036499023,test
2017-02-16 13:00:00,2017-02-16 14:00:00,h1,1,Beijing,XGBoost,11.916667,11.253378868103027,test
2017-02-16 14:00:00,2017-02-16 15:00:00,h1,1,Beijing,XGBoost,8.833333,10.13451862335205,test
2017-02-16 15:00:00,2017-02-16 16:00:00,h1,1,Beijing,XGBoost,7.416667,8.641368865966797,test
2017-02-16 16:00:00,2017-02-16 17:00:00,h1,1,Beijing,XGBoost,9.583333,7.146257400512695,test
2017-02-16 17:00:00,2017-02-16 18:00:00,h1,1,Beijing,XGBoost,9.416667,10.506174087524414,test
2017-02-16 18:00:00,2017-02-16 19:00:00,h1,1,Beijing,XGBoost,10.75,9.226938247680664,test
2017-02-16 19:00:00,2017-02-16 20:00:00,h1,1,Beijing,XGBoost,9.583333,11.481636047363281,test
2017-02-16 20:00:00,2017-02-16 21:00:00,h1,1,Beijing,XGBoost,7.333333,8.486430168151855,test
2017-02-16 21:00:00,2017-02-16 22:00:00,h1,1,Beijing,XGBoost,7.75,7.7934956550598145,test
2017-02-16 22:00:00,2017-02-16 23:00:00,h1,1,Beijing,XGBoost,6.416667,7.389520645141602,test
2017-02-16 23:00:00,2017-02-17 00:00:00,h1,1,Beijing,XGBoost,6.0,7.084333896636963,test
2017-02-17 00:00:00,2017-02-17 01:00:00,h1,1,Beijing,XGBoost,6.5,6.0746965408325195,test
2017-02-17 01:00:00,2017-02-17 02:00:00,h1,1,Beijing,XGBoost,6.333333,6.077156066894531,test
2017-02-17 02:00:00,2017-02-17 03:00:00,h1,1,Beijing,XGBoost,6.833333,5.600794315338135,test
2017-02-17 03:00:00,2017-02-17 04:00:00,h1,1,Beijing,XGBoost,8.166667,6.16347599029541,test
2017-02-17 04:00:00,2017-02-17 05:00:00,h1,1,Beijing,XGBoost,7.666667,8.11824893951416,test
2017-02-17 05:00:00,2017-02-17 06:00:00,h1,1,Beijing,XGBoost,7.833333,7.337954998016357,test
2017-02-17 06:00:00,2017-02-17 07:00:00,h1,1,Beijing,XGBoost,9.333333,8.05406379699707,test
2017-02-17 07:00:00,2017-02-17 08:00:00,h1,1,Beijing,XGBoost,9.583333,9.696935653686523,test
2017-02-17 08:00:00,2017-02-17 09:00:00,h1,1,Beijing,XGBoost,9.916667,10.118173599243164,test
2017-02-17 09:00:00,2017-02-17 10:00:00,h1,1,Beijing,XGBoost,6.916667,9.764406204223633,test
2017-02-17 10:00:00,2017-02-17 11:00:00,h1,1,Beijing,XGBoost,6.75,7.0409135818481445,test
2017-02-17 11:00:00,2017-02-17 12:00:00,h1,1,Beijing,XGBoost,7.083333,7.015480995178223,test
2017-02-17 12:00:00,2017-02-17 13:00:00,h1,1,Beijing,XGBoost,6.166667,7.91948127746582,test
2017-02-17 13:00:00,2017-02-17 14:00:00,h1,1,Beijing,XGBoost,5.833333,7.352370738983154,test
2017-02-17 14:00:00,2017-02-17 15:00:00,h1,1,Beijing,XGBoost,11.583333,7.21044397354126,test
2017-02-17 15:00:00,2017-02-17 16:00:00,h1,1,Beijing,XGBoost,19.75,16.864912033081055,test
2017-02-17 16:00:00,2017-02-17 17:00:00,h1,1,Beijing,XGBoost,33.416667,26.5958194732666,test
2017-02-17 17:00:00,2017-02-17 18:00:00,h1,1,Beijing,XGBoost,44.333333,42.10710525512695,test
2017-02-17 18:00:00,2017-02-17 19:00:00,h1,1,Beijing,XGBoost,57.25,61.25353240966797,test
2017-02-17 19:00:00,2017-02-17 20:00:00,h1,1,Beijing,XGBoost,57.75,69.03833770751953,test
2017-02-17 20:00:00,2017-02-17 21:00:00,h1,1,Beijing,XGBoost,58.333333,57.86204147338867,test
2017-02-17 21:00:00,2017-02-17 22:00:00,h1,1,Beijing,XGBoost,57.833333,56.936405181884766,test
2017-02-17 22:00:00,2017-02-17 23:00:00,h1,1,Beijing,XGBoost,58.0,57.400203704833984,test
2017-02-17 23:00:00,2017-02-18 00:00:00,h1,1,Beijing,XGBoost,60.916667,59.75862121582031,test
2017-02-18 00:00:00,2017-02-18 01:00:00,h1,1,Beijing,XGBoost,66.166667,66.52852630615234,test
2017-02-18 01:00:00,2017-02-18 02:00:00,h1,1,Beijing,XGBoost,75.166667,72.9964370727539,test
2017-02-18 02:00:00,2017-02-18 03:00:00,h1,1,Beijing,XGBoost,77.0,78.08997344970703,test
2017-02-18 03:00:00,2017-02-18 04:00:00,h1,1,Beijing,XGBoost,79.666667,77.93439483642578,test
2017-02-18 04:00:00,2017-02-18 05:00:00,h1,1,Beijing,XGBoost,72.5,81.28152465820312,test
2017-02-18 05:00:00,2017-02-18 06:00:00,h1,1,Beijing,XGBoost,68.333333,73.9312515258789,test
2017-02-18 06:00:00,2017-02-18 07:00:00,h1,1,Beijing,XGBoost,65.333333,68.34063720703125,test
2017-02-18 07:00:00,2017-02-18 08:00:00,h1,1,Beijing,XGBoost,64.333333,64.13980865478516,test
2017-02-18 08:00:00,2017-02-18 09:00:00,h1,1,Beijing,XGBoost,67.916667,65.80398559570312,test
2017-02-18 09:00:00,2017-02-18 10:00:00,h1,1,Beijing,XGBoost,78.166667,70.8703384399414,test
2017-02-18 10:00:00,2017-02-18 11:00:00,h1,1,Beijing,XGBoost,89.25,85.48824310302734,test
2017-02-18 11:00:00,2017-02-18 12:00:00,h1,1,Beijing,XGBoost,91.0,99.05574035644531,test
2017-02-18 12:00:00,2017-02-18 13:00:00,h1,1,Beijing,XGBoost,83.583333,93.82356262207031,test
2017-02-18 13:00:00,2017-02-18 14:00:00,h1,1,Beijing,XGBoost,84.083333,80.57018280029297,test
2017-02-18 14:00:00,2017-02-18 15:00:00,h1,1,Beijing,XGBoost,85.583333,80.60031127929688,test
2017-02-18 15:00:00,2017-02-18 16:00:00,h1,1,Beijing,XGBoost,87.0,86.64939880371094,test
2017-02-18 16:00:00,2017-02-18 17:00:00,h1,1,Beijing,XGBoost,79.0,87.70152282714844,test
2017-02-18 17:00:00,2017-02-18 18:00:00,h1,1,Beijing,XGBoost,76.25,77.1249008178711,test
2017-02-18 18:00:00,2017-02-18 19:00:00,h1,1,Beijing,XGBoost,95.25,76.51937103271484,test
2017-02-18 19:00:00,2017-02-18 20:00:00,h1,1,Beijing,XGBoost,107.333333,109.883544921875,test
2017-02-18 20:00:00,2017-02-18 21:00:00,h1,1,Beijing,XGBoost,120.083333,112.7234878540039,test
2017-02-18 21:00:00,2017-02-18 22:00:00,h1,1,Beijing,XGBoost,117.333333,123.98558044433594,test
2017-02-18 22:00:00,2017-02-18 23:00:00,h1,1,Beijing,XGBoost,123.25,111.46224212646484,test
2017-02-18 23:00:00,2017-02-19 00:00:00,h1,1,Beijing,XGBoost,129.666667,121.32550811767578,test
2017-02-19 00:00:00,2017-02-19 01:00:00,h1,1,Beijing,XGBoost,133.0,134.9939727783203,test
2017-02-19 01:00:00,2017-02-19 02:00:00,h1,1,Beijing,XGBoost,136.5,131.97471618652344,test
2017-02-19 02:00:00,2017-02-19 03:00:00,h1,1,Beijing,XGBoost,142.666667,135.81857299804688,test
2017-02-19 03:00:00,2017-02-19 04:00:00,h1,1,Beijing,XGBoost,146.583333,146.2919921875,test
2017-02-19 04:00:00,2017-02-19 05:00:00,h1,1,Beijing,XGBoost,151.25,145.61453247070312,test
2017-02-19 05:00:00,2017-02-19 06:00:00,h1,1,Beijing,XGBoost,152.0,153.83145141601562,test
2017-02-19 06:00:00,2017-02-19 07:00:00,h1,1,Beijing,XGBoost,152.583333,156.78663635253906,test
2017-02-19 07:00:00,2017-02-19 08:00:00,h1,1,Beijing,XGBoost,149.25,156.1223602294922,test
2017-02-19 08:00:00,2017-02-19 09:00:00,h1,1,Beijing,XGBoost,153.0,147.04049682617188,test
2017-02-19 09:00:00,2017-02-19 10:00:00,h1,1,Beijing,XGBoost,155.75,155.2960968017578,test
2017-02-19 10:00:00,2017-02-19 11:00:00,h1,1,Beijing,XGBoost,157.833333,153.6185760498047,test
2017-02-19 11:00:00,2017-02-19 12:00:00,h1,1,Beijing,XGBoost,163.416667,136.1310577392578,test
2017-02-19 12:00:00,2017-02-19 13:00:00,h1,1,Beijing,XGBoost,165.916667,150.95037841796875,test
2017-02-19 13:00:00,2017-02-19 14:00:00,h1,1,Beijing,XGBoost,127.166667,158.0474853515625,test
2017-02-19 14:00:00,2017-02-19 15:00:00,h1,1,Beijing,XGBoost,51.75,83.64909362792969,test
2017-02-19 15:00:00,2017-02-19 16:00:00,h1,1,Beijing,XGBoost,13.333333,26.916078567504883,test
2017-02-19 16:00:00,2017-02-19 17:00:00,h1,1,Beijing,XGBoost,9.416667,15.89289379119873,test
2017-02-19 17:00:00,2017-02-19 18:00:00,h1,1,Beijing,XGBoost,9.25,11.452072143554688,test
2017-02-19 18:00:00,2017-02-19 19:00:00,h1,1,Beijing,XGBoost,8.666667,14.421180725097656,test
2017-02-19 19:00:00,2017-02-19 20:00:00,h1,1,Beijing,XGBoost,10.416667,10.977103233337402,test
2017-02-19 20:00:00,2017-02-19 21:00:00,h1,1,Beijing,XGBoost,8.666667,10.978034019470215,test
2017-02-19 21:00:00,2017-02-19 22:00:00,h1,1,Beijing,XGBoost,7.833333,9.99688720703125,test
2017-02-19 22:00:00,2017-02-19 23:00:00,h1,1,Beijing,XGBoost,6.75,7.243974208831787,test
2017-02-19 23:00:00,2017-02-20 00:00:00,h1,1,Beijing,XGBoost,6.25,7.195345878601074,test
2017-02-20 00:00:00,2017-02-20 01:00:00,h1,1,Beijing,XGBoost,4.833333,6.193167686462402,test
2017-02-20 01:00:00,2017-02-20 02:00:00,h1,1,Beijing,XGBoost,7.0,5.132366180419922,test
2017-02-20 02:00:00,2017-02-20 03:00:00,h1,1,Beijing,XGBoost,6.0,9.876749992370605,test
2017-02-20 03:00:00,2017-02-20 04:00:00,h1,1,Beijing,XGBoost,5.0,5.701787948608398,test
2017-02-20 04:00:00,2017-02-20 05:00:00,h1,1,Beijing,XGBoost,6.083333,4.959981441497803,test
2017-02-20 05:00:00,2017-02-20 06:00:00,h1,1,Beijing,XGBoost,5.583333,6.3199872970581055,test
2017-02-20 06:00:00,2017-02-20 07:00:00,h1,1,Beijing,XGBoost,4.75,5.933644771575928,test
2017-02-20 07:00:00,2017-02-20 08:00:00,h1,1,Beijing,XGBoost,6.916667,5.9652485847473145,test
2017-02-20 08:00:00,2017-02-20 09:00:00,h1,1,Beijing,XGBoost,6.916667,7.970765113830566,test
2017-02-20 09:00:00,2017-02-20 10:00:00,h1,1,Beijing,XGBoost,7.333333,7.423237323760986,test
2017-02-20 10:00:00,2017-02-20 11:00:00,h1,1,Beijing,XGBoost,6.75,7.100106716156006,test
2017-02-20 11:00:00,2017-02-20 12:00:00,h1,1,Beijing,XGBoost,8.5,6.490724563598633,test
2017-02-20 12:00:00,2017-02-20 13:00:00,h1,1,Beijing,XGBoost,9.0,8.494525909423828,test
2017-02-20 13:00:00,2017-02-20 14:00:00,h1,1,Beijing,XGBoost,9.75,9.50297737121582,test
2017-02-20 14:00:00,2017-02-20 15:00:00,h1,1,Beijing,XGBoost,9.75,9.933000564575195,test
2017-02-20 15:00:00,2017-02-20 16:00:00,h1,1,Beijing,XGBoost,9.75,10.529435157775879,test
2017-02-20 16:00:00,2017-02-20 17:00:00,h1,1,Beijing,XGBoost,9.75,10.804975509643555,test
2017-02-20 17:00:00,2017-02-20 18:00:00,h1,1,Beijing,XGBoost,13.625,11.813346862792969,test
2017-02-20 18:00:00,2017-02-20 19:00:00,h1,1,Beijing,XGBoost,17.5,17.57756805419922,test
2017-02-20 19:00:00,2017-02-20 20:00:00,h1,1,Beijing,XGBoost,21.333333,27.055143356323242,test
2017-02-20 20:00:00,2017-02-20 21:00:00,h1,1,Beijing,XGBoost,25.583333,27.041067123413086,test
2017-02-20 21:00:00,2017-02-20 22:00:00,h1,1,Beijing,XGBoost,29.583333,27.27558708190918,test
2017-02-20 22:00:00,2017-02-20 23:00:00,h1,1,Beijing,XGBoost,39.25,32.71438980102539,test
2017-02-20 23:00:00,2017-02-21 00:00:00,h1,1,Beijing,XGBoost,42.527778,46.228538513183594,test
2017-02-21 00:00:00,2017-02-21 01:00:00,h1,1,Beijing,XGBoost,44.805556,47.44788360595703,test
2017-02-21 01:00:00,2017-02-21 02:00:00,h1,1,Beijing,XGBoost,45.583333,46.33832931518555,test
2017-02-21 02:00:00,2017-02-21 03:00:00,h1,1,Beijing,XGBoost,46.75,46.36878204345703,test
2017-02-21 03:00:00,2017-02-21 04:00:00,h1,1,Beijing,XGBoost,55.583333,46.65732955932617,test
2017-02-21 04:00:00,2017-02-21 05:00:00,h1,1,Beijing,XGBoost,64.833333,59.2943229675293,test
2017-02-21 05:00:00,2017-02-21 06:00:00,h1,1,Beijing,XGBoost,74.083333,67.45682525634766,test
2017-02-21 06:00:00,2017-02-21 07:00:00,h1,1,Beijing,XGBoost,73.472222,76.7521743774414,test
2017-02-21 07:00:00,2017-02-21 08:00:00,h1,1,Beijing,XGBoost,75.694444,75.16651916503906,test
2017-02-21 08:00:00,2017-02-21 09:00:00,h1,1,Beijing,XGBoost,78.25,77.74400329589844,test
2017-02-21 09:00:00,2017-02-21 10:00:00,h1,1,Beijing,XGBoost,79.916667,82.94075012207031,test
2017-02-21 10:00:00,2017-02-21 11:00:00,h1,1,Beijing,XGBoost,80.416667,81.70667266845703,test
2017-02-21 11:00:00,2017-02-21 12:00:00,h1,1,Beijing,XGBoost,80.916667,81.54425048828125,test
2017-02-21 12:00:00,2017-02-21 13:00:00,h1,1,Beijing,XGBoost,66.916667,81.3193359375,test
2017-02-21 13:00:00,2017-02-21 14:00:00,h1,1,Beijing,XGBoost,52.916667,57.07447052001953,test
2017-02-21 14:00:00,2017-02-21 15:00:00,h1,1,Beijing,XGBoost,51.958333,43.37805938720703,test
2017-02-21 15:00:00,2017-02-21 16:00:00,h1,1,Beijing,XGBoost,47.5,54.552734375,test
2017-02-21 16:00:00,2017-02-21 17:00:00,h1,1,Beijing,XGBoost,47.791667,48.24506378173828,test
2017-02-21 17:00:00,2017-02-21 18:00:00,h1,1,Beijing,XGBoost,46.916667,50.88221740722656,test
2017-02-21 18:00:00,2017-02-21 19:00:00,h1,1,Beijing,XGBoost,52.416667,50.355438232421875,test
2017-02-21 19:00:00,2017-02-21 20:00:00,h1,1,Beijing,XGBoost,62.583333,55.97084045410156,test
2017-02-21 20:00:00,2017-02-21 21:00:00,h1,1,Beijing,XGBoost,66.75,68.27513122558594,test
2017-02-21 21:00:00,2017-02-21 22:00:00,h1,1,Beijing,XGBoost,65.25,69.9571533203125,test
2017-02-21 22:00:00,2017-02-21 23:00:00,h1,1,Beijing,XGBoost,67.666667,64.71978759765625,test
2017-02-21 23:00:00,2017-02-22 00:00:00,h1,1,Beijing,XGBoost,10.916667,68.63188171386719,test
2017-02-23 00:00:00,2017-02-23 01:00:00,h1,1,Beijing,XGBoost,11.666667,17.66234016418457,test
2017-02-23 01:00:00,2017-02-23 02:00:00,h1,1,Beijing,XGBoost,11.083333,14.081310272216797,test
2017-02-23 02:00:00,2017-02-23 03:00:00,h1,1,Beijing,XGBoost,10.25,10.803326606750488,test
2017-02-23 03:00:00,2017-02-23 04:00:00,h1,1,Beijing,XGBoost,11.416667,10.116206169128418,test
2017-02-23 04:00:00,2017-02-23 05:00:00,h1,1,Beijing,XGBoost,12.0,11.970076560974121,test
2017-02-23 05:00:00,2017-02-23 06:00:00,h1,1,Beijing,XGBoost,12.083333,12.45831298828125,test
2017-02-23 06:00:00,2017-02-23 07:00:00,h1,1,Beijing,XGBoost,11.25,13.103631973266602,test
2017-02-23 07:00:00,2017-02-23 08:00:00,h1,1,Beijing,XGBoost,14.166667,13.342428207397461,test
2017-02-23 08:00:00,2017-02-23 09:00:00,h1,1,Beijing,XGBoost,15.166667,16.29997444152832,test
2017-02-23 09:00:00,2017-02-23 10:00:00,h1,1,Beijing,XGBoost,13.666667,16.343429565429688,test
2017-02-23 10:00:00,2017-02-23 11:00:00,h1,1,Beijing,XGBoost,11.75,14.389878273010254,test
2017-02-23 11:00:00,2017-02-23 12:00:00,h1,1,Beijing,XGBoost,10.5,11.33608341217041,test
2017-02-23 12:00:00,2017-02-23 13:00:00,h1,1,Beijing,XGBoost,10.75,11.414586067199707,test
2017-02-23 13:00:00,2017-02-23 14:00:00,h1,1,Beijing,XGBoost,8.666667,10.780405044555664,test
2017-02-23 14:00:00,2017-02-23 15:00:00,h1,1,Beijing,XGBoost,15.5,9.73658275604248,test
2017-02-23 15:00:00,2017-02-23 16:00:00,h1,1,Beijing,XGBoost,23.222222,19.718093872070312,test
2017-02-23 16:00:00,2017-02-23 17:00:00,h1,1,Beijing,XGBoost,21.277778,26.94793701171875,test
2017-02-23 17:00:00,2017-02-23 18:00:00,h1,1,Beijing,XGBoost,20.0,23.969945907592773,test
2017-02-23 18:00:00,2017-02-23 19:00:00,h1,1,Beijing,XGBoost,21.416667,22.37171173095703,test
2017-02-23 19:00:00,2017-02-23 20:00:00,h1,1,Beijing,XGBoost,31.416667,24.383167266845703,test
2017-02-23 20:00:00,2017-02-23 21:00:00,h1,1,Beijing,XGBoost,32.333333,38.41713333129883,test
2017-02-23 21:00:00,2017-02-23 22:00:00,h1,1,Beijing,XGBoost,34.25,34.467185974121094,test
2017-02-23 22:00:00,2017-02-23 23:00:00,h1,1,Beijing,XGBoost,41.333333,36.27210235595703,test
2017-02-23 23:00:00,2017-02-24 00:00:00,h1,1,Beijing,XGBoost,46.666667,46.187232971191406,test
2017-02-24 00:00:00,2017-02-24 01:00:00,h1,1,Beijing,XGBoost,49.333333,52.12743377685547,test
2017-02-24 01:00:00,2017-02-24 02:00:00,h1,1,Beijing,XGBoost,52.0,51.143924713134766,test
2017-02-24 02:00:00,2017-02-24 03:00:00,h1,1,Beijing,XGBoost,52.416667,53.7089729309082,test
2017-02-24 03:00:00,2017-02-24 04:00:00,h1,1,Beijing,XGBoost,49.5,53.981868743896484,test
2017-02-24 04:00:00,2017-02-24 05:00:00,h1,1,Beijing,XGBoost,44.416667,49.71092987060547,test
2017-02-24 05:00:00,2017-02-24 06:00:00,h1,1,Beijing,XGBoost,34.416667,41.937747955322266,test
2017-02-24 06:00:00,2017-02-24 07:00:00,h1,1,Beijing,XGBoost,26.583333,34.2543830871582,test
2017-02-24 07:00:00,2017-02-24 08:00:00,h1,1,Beijing,XGBoost,23.583333,25.926864624023438,test
2017-02-24 08:00:00,2017-02-24 09:00:00,h1,1,Beijing,XGBoost,20.75,23.877960205078125,test
2017-02-24 09:00:00,2017-02-24 10:00:00,h1,1,Beijing,XGBoost,19.25,20.040996551513672,test
2017-02-24 10:00:00,2017-02-24 11:00:00,h1,1,Beijing,XGBoost,15.5,18.004173278808594,test
2017-02-24 11:00:00,2017-02-24 12:00:00,h1,1,Beijing,XGBoost,15.25,14.129145622253418,test
2017-02-24 12:00:00,2017-02-24 13:00:00,h1,1,Beijing,XGBoost,14.416667,16.713228225708008,test
2017-02-24 13:00:00,2017-02-24 14:00:00,h1,1,Beijing,XGBoost,17.458333,15.458694458007812,test
2017-02-24 14:00:00,2017-02-24 15:00:00,h1,1,Beijing,XGBoost,18.583333,19.553325653076172,test
2017-02-24 15:00:00,2017-02-24 16:00:00,h1,1,Beijing,XGBoost,17.166667,19.833288192749023,test
2017-02-24 16:00:00,2017-02-24 17:00:00,h1,1,Beijing,XGBoost,14.916667,17.891386032104492,test
2017-02-24 17:00:00,2017-02-24 18:00:00,h1,1,Beijing,XGBoost,13.916667,15.06155014038086,test
2017-02-24 18:00:00,2017-02-24 19:00:00,h1,1,Beijing,XGBoost,15.75,15.220818519592285,test
2017-02-24 19:00:00,2017-02-24 20:00:00,h1,1,Beijing,XGBoost,12.5,17.03011131286621,test
2017-02-24 20:00:00,2017-02-24 21:00:00,h1,1,Beijing,XGBoost,10.5,12.928146362304688,test
2017-02-24 21:00:00,2017-02-24 22:00:00,h1,1,Beijing,XGBoost,12.083333,11.778130531311035,test
2017-02-24 22:00:00,2017-02-24 23:00:00,h1,1,Beijing,XGBoost,13.25,14.135883331298828,test
2017-02-24 23:00:00,2017-02-25 00:00:00,h1,1,Beijing,XGBoost,12.833333,15.342129707336426,test
2017-02-25 00:00:00,2017-02-25 01:00:00,h1,1,Beijing,XGBoost,10.416667,13.4503173828125,test
2017-02-25 01:00:00,2017-02-25 02:00:00,h1,1,Beijing,XGBoost,8.916667,11.056191444396973,test
2017-02-25 02:00:00,2017-02-25 03:00:00,h1,1,Beijing,XGBoost,7.75,10.273127555847168,test
2017-02-25 03:00:00,2017-02-25 04:00:00,h1,1,Beijing,XGBoost,7.916667,8.49046802520752,test
2017-02-25 04:00:00,2017-02-25 05:00:00,h1,1,Beijing,XGBoost,7.166667,8.795490264892578,test
2017-02-25 05:00:00,2017-02-25 06:00:00,h1,1,Beijing,XGBoost,6.0,8.322484970092773,test
2017-02-25 06:00:00,2017-02-25 07:00:00,h1,1,Beijing,XGBoost,8.5,8.134234428405762,test
2017-02-25 07:00:00,2017-02-25 08:00:00,h1,1,Beijing,XGBoost,12.75,11.122456550598145,test
2017-02-25 08:00:00,2017-02-25 09:00:00,h1,1,Beijing,XGBoost,12.666667,16.689321517944336,test
2017-02-25 09:00:00,2017-02-25 10:00:00,h1,1,Beijing,XGBoost,12.5,13.971564292907715,test
2017-02-25 10:00:00,2017-02-25 11:00:00,h1,1,Beijing,XGBoost,12.083333,12.01098346710205,test
2017-02-25 11:00:00,2017-02-25 12:00:00,h1,1,Beijing,XGBoost,9.916667,12.570781707763672,test
2017-02-25 12:00:00,2017-02-25 13:00:00,h1,1,Beijing,XGBoost,10.5,10.324271202087402,test
2017-02-25 13:00:00,2017-02-25 14:00:00,h1,1,Beijing,XGBoost,10.916667,10.505584716796875,test
2017-02-25 14:00:00,2017-02-25 15:00:00,h1,1,Beijing,XGBoost,9.166667,10.99559211730957,test
2017-02-25 15:00:00,2017-02-25 16:00:00,h1,1,Beijing,XGBoost,9.916667,9.67790412902832,test
2017-02-25 16:00:00,2017-02-25 17:00:00,h1,1,Beijing,XGBoost,11.458333,9.745399475097656,test
2017-02-25 17:00:00,2017-02-25 18:00:00,h1,1,Beijing,XGBoost,11.708333,12.65631103515625,test
2017-02-25 18:00:00,2017-02-25 19:00:00,h1,1,Beijing,XGBoost,13.666667,13.990809440612793,test
2017-02-25 19:00:00,2017-02-25 20:00:00,h1,1,Beijing,XGBoost,17.5,17.250232696533203,test
2017-02-25 20:00:00,2017-02-25 21:00:00,h1,1,Beijing,XGBoost,16.75,18.245080947875977,test
2017-02-25 21:00:00,2017-02-25 22:00:00,h1,1,Beijing,XGBoost,17.0,17.439006805419922,test
2017-02-25 22:00:00,2017-02-25 23:00:00,h1,1,Beijing,XGBoost,14.583333,17.3039608001709,test
2017-02-25 23:00:00,2017-02-26 00:00:00,h1,1,Beijing,XGBoost,16.875,15.083623886108398,test
2017-02-26 00:00:00,2017-02-26 01:00:00,h1,1,Beijing,XGBoost,19.75,18.811538696289062,test
2017-02-26 01:00:00,2017-02-26 02:00:00,h1,1,Beijing,XGBoost,18.333333,21.883167266845703,test
2017-02-26 02:00:00,2017-02-26 03:00:00,h1,1,Beijing,XGBoost,18.666667,19.53510284423828,test
2017-02-26 03:00:00,2017-02-26 04:00:00,h1,1,Beijing,XGBoost,17.333333,19.410202026367188,test
2017-02-26 04:00:00,2017-02-26 05:00:00,h1,1,Beijing,XGBoost,19.416667,17.97049331665039,test
2017-02-26 05:00:00,2017-02-26 06:00:00,h1,1,Beijing,XGBoost,20.916667,19.34337043762207,test
2017-02-26 06:00:00,2017-02-26 07:00:00,h1,1,Beijing,XGBoost,21.583333,22.614953994750977,test
2017-02-26 07:00:00,2017-02-26 08:00:00,h1,1,Beijing,XGBoost,23.75,24.27981948852539,test
2017-02-26 08:00:00,2017-02-26 09:00:00,h1,1,Beijing,XGBoost,23.166667,27.316396713256836,test
2017-02-26 09:00:00,2017-02-26 10:00:00,h1,1,Beijing,XGBoost,24.916667,24.045320510864258,test
2017-02-26 10:00:00,2017-02-26 11:00:00,h1,1,Beijing,XGBoost,24.583333,25.727235794067383,test
2017-02-26 11:00:00,2017-02-26 12:00:00,h1,1,Beijing,XGBoost,22.25,25.51732063293457,test
2017-02-26 12:00:00,2017-02-26 13:00:00,h1,1,Beijing,XGBoost,22.583333,23.43341636657715,test
2017-02-26 13:00:00,2017-02-26 14:00:00,h1,1,Beijing,XGBoost,23.958333,24.411972045898438,test
2017-02-26 14:00:00,2017-02-26 15:00:00,h1,1,Beijing,XGBoost,23.666667,24.92547035217285,test
2017-02-26 15:00:00,2017-02-26 16:00:00,h1,1,Beijing,XGBoost,27.0,23.76918601989746,test
2017-02-26 16:00:00,2017-02-26 17:00:00,h1,1,Beijing,XGBoost,27.25,30.448184967041016,test
2017-02-26 17:00:00,2017-02-26 18:00:00,h1,1,Beijing,XGBoost,29.5,28.663320541381836,test
2017-02-26 18:00:00,2017-02-26 19:00:00,h1,1,Beijing,XGBoost,35.75,33.91040802001953,test
2017-02-26 19:00:00,2017-02-26 20:00:00,h1,1,Beijing,XGBoost,42.25,44.13526916503906,test
2017-02-26 20:00:00,2017-02-26 21:00:00,h1,1,Beijing,XGBoost,52.5,48.14784240722656,test
2017-02-26 21:00:00,2017-02-26 22:00:00,h1,1,Beijing,XGBoost,54.083333,59.368614196777344,test
2017-02-26 22:00:00,2017-02-26 23:00:00,h1,1,Beijing,XGBoost,54.833333,58.233612060546875,test
