date,PM2.5,PM10,SO2,NO2,CO,O3,TEMP,PRES,DEWP,RAIN,WSPM
2013-03-01,7.326389,12.203125,9.182292,20.477967,404.861111,68.244792,1.173958,1026.569792,-20.148611,0,2.917708
2013-03-02,31.475694,40.506944,31.757878,56.303763,939.715278,32.601112,0.260417,1026.552778,-16.271875,0,1.145139
2013-03-03,79.291667,111.104167,49.286458,75.661458,1771.142361,22.788194,5.257292,1014.215278,-12.325347,0,1.463194
2013-03-04,22.193182,40.359375,18.818692,40.877151,726.340278,56.833333,9.610764,1017.263194,-12.773264,0,2.227083
2013-03-05,131.035354,159.236111,70.756944,104.657828,2021.434028,79.527778,6.630556,1010.551389,-7.916319,0,0.992014
2013-03-06,203.788194,231.388889,100.439136,127.780331,2820.671875,45.600694,7.293056,1007.146528,-4.805208,0,1.072569
2013-03-07,241.020833,279.434028,83.675347,140.277778,3762.159722,48.1875,9.114236,1001.975694,-2.632986,0,1.236458
2013-03-08,201.432292,247.270833,59.804706,113.389783,3049.585069,92.114583,10.046875,999.106597,-2.046528,0,1.809375
2013-03-09,58.612689,227.690972,28.461205,42.293149,1097.309343,90.173611,7.071875,1004.055556,-11.176042,0,3.558681
2013-03-10,36.022096,60.051452,21.336174,46.215278,748.65625,85.96875,5.686458,1020.157292,-14.454514,0,2.254861
2013-03-11,122.84375,160.107639,84.357639,83.013889,1622.520833,79.986111,5.981944,1013.365625,-7.462847,0,1.411806
2013-03-12,126.295139,123.784722,30.597222,80.517361,1758.973958,39.829861,4.958681,1008.567361,0.620486,0.148958,1.184722
2013-03-13,17.201389,21.277778,13.243056,34.5625,506.767361,73.805556,4.431597,1022.310417,-11.578125,0,2.160069
2013-03-14,96.923611,106.809028,50.152778,72.979167,1430.034722,76.052083,3.674653,1021.173264,-4.409375,0,1.731944
2013-03-15,205.020833,223.274306,68.0625,103.895833,2184.421875,53.305556,5.8375,1014.161458,-1.498958,0,1.109028
2013-03-16,238.131944,234.295139,64.659722,94.989583,2330.269097,80.579861,9.349306,1016.436458,0.0875,0,1.652083
2013-03-17,284.1875,290.5625,68.020833,113.243056,2598.895202,101.802083,9.702083,1001.610764,2.38125,0,1.110764
2013-03-18,69.46875,98.0625,13.739583,39.180556,814.537879,89.151729,8.2625,1000.898264,-10.370139,0.001042,3.612153
2013-03-19,36.517361,36.75,9.072917,41.267361,706.852273,29.951615,1.860069,1008.640972,-1.497222,0.307986,1.835417
2013-03-20,46.833333,43.902778,10.895833,38.232639,848.248737,42.369769,1.490972,1016.850347,-3.727431,0.278819,1.796181
2013-03-21,134.326389,142.861111,23.78125,72.571181,1363.020833,23.239583,3.782639,1004.600347,-2.323611,0,1.4625
2013-03-22,76.076389,117.138889,21.493056,51.881944,863.868056,52.946181,6.462847,1011.281944,-6.213194,0,2.436458
2013-03-23,50.270833,77.215278,25.805556,49.136679,1060.40625,36.189719,4.540278,1008.309722,-7.322917,0,2.653819
2013-03-24,17.121528,29.923611,9.190972,30.726326,410.795455,64.690655,4.777431,1015.940972,-14.228125,0,2.224653
2013-03-25,98.065972,126,40.008836,69.791033,1332.292614,36.016086,5.042014,1015.017708,-6.852083,0,1.71875
2013-03-26,178.857639,214.887153,57.180556,83.824179,1712.243056,22.33249,7.195833,1007.219792,-1.917014,0,1.463889
2013-03-27,93.572917,119.241319,16.547348,44.400884,990.381944,49.772935,10.803472,1004.803125,-5.216319,0,2.766667
2013-03-28,24.006944,44.512153,7.705175,32.594925,537.666035,70.591941,7.90625,1015.059028,-12.497222,0,2.184028
2013-03-29,73.298611,111.505208,31.155944,65.129841,1372.075758,35.162136,5.952083,1015.905208,-6.933681,0,1.806597
2013-03-30,77.663194,105.864583,52.704861,55.003472,1606.034722,49.015555,6.232986,1016.428819,-3.820833,0,1.938889
2013-03-31,166.260417,183.635417,19.270833,63.888889,1351.729167,11.960069,5.369097,1012.779861,2.185764,0,1.541319
2013-04-01,99.618371,118.924242,24.537358,44.108831,1358.931029,53.551098,10.494444,1011.271528,-4.939236,0,2.901042
2013-04-02,93.256944,125.486111,33.201389,58.939236,1254.189236,64.832833,10.35625,1010.987847,-3.673264,0,1.757986
2013-04-03,121.892361,190.819444,38.6875,73.130208,1454.496528,62.901264,11.825694,1006.291667,-1.317708,0,2.017014
2013-04-04,63.614583,93.871528,44.579861,67.930556,1993.649306,32.007874,7.885417,1008.662847,-0.68125,0.329861,1.478819
2013-04-05,56.545139,48.815972,10.618056,37.100063,1164.934028,45.023775,8.595833,1012.683333,-1.460417,0.080903,2.700347
2013-04-06,12.260417,22.196181,6.222222,27.888678,453.815972,64.288554,8.654861,1010.404514,-8.917708,0,2.027083
2013-04-07,76.96875,113.295139,34.954861,61.480903,1231.996528,43.883602,8.858681,1001.972917,-2.040625,0.001389,1.862153
2013-04-08,27.326389,107.010417,5.527778,19.98911,379.6875,81.263538,8.986111,1006.562153,-12.103819,0,5.375694
2013-04-09,12.579861,28.680556,4.479167,15.596433,345.833333,87.220603,8.067361,1014.010764,-10.213194,0,4.009375
2013-04-10,13.333333,25.90625,4.994506,28.581378,435.053662,68.37842,7.836806,1013.491319,-10.030208,0,2.892014
2013-04-11,19.278409,43.508681,7.253894,49.704567,632.941919,53.952811,10.05,1012.252083,-10.527431,0,2.205208
2013-04-12,55.694444,105.864583,19.591642,72.060895,843.892361,39.121619,14.416667,1006.31875,-4.569097,0,1.697222
2013-04-13,59.770833,111.694444,18.528731,47.57376,737.631944,51.41963,17.119444,998.607292,-1.23125,0,3.107639
2013-04-14,39.965278,89.822917,12.256936,34.523427,530.722222,77.117628,12.203472,1004.0875,-6.332986,0,2.225
2013-04-15,78.842014,151.142361,43.907661,60.599194,1353.817708,61.423689,12.486458,997.311111,-0.045486,0,2.076042
2013-04-16,61.395833,129.329861,27.353381,41.355615,956.354167,74.601583,14.2625,1000.771528,-0.655208,0,2.3375
2013-04-17,49.890625,75.017361,17.732639,38.986101,691.319444,74.163299,11.992014,1005.575,-2.470486,0,2.281597
2013-04-18,9.822917,32.394097,3.818914,17.568468,280.084325,79.29754,10.830556,1016.702083,-13.576389,0,2.680556
2013-04-19,44.680556,73.913194,16.731564,39.157621,737.960813,53.36446,6.544444,1018.2125,-2.165972,0.007292,2.492014
2013-04-20,72.708333,77.989583,9.991319,43.631944,737.152778,57.685756,9.144444,1014.857986,-0.123264,0,1.820833
2013-04-21,119.288194,141.385417,27.557214,58.968155,1046.309028,55.14425,12.010069,1011.952431,2.272917,0,1.976389
2013-04-22,158.802083,172.722222,43.919083,60.281597,1205.267361,37.471591,12.382986,1007.957986,5.437153,0,1.664583
2013-04-23,181.355903,179.876736,23.513861,63.512523,1294.690972,23.149763,11.802431,1005.273611,7.420833,0.009375,1.432639
2013-04-24,83.36774,100.088068,8.915217,44.133374,945.750631,44.820497,15.361806,1004.669097,1.025694,0,2.533681
2013-04-25,13.256944,36.246528,4.596972,32.832572,409.888889,64.43562,15.795833,1006.928125,-6.244444,0,2.611111
2013-04-26,61.614583,118.322917,26.590278,62.326389,880.513889,63.317708,16.683333,1003.975347,-0.560069,0,1.602778
2013-04-27,62.055556,114.895833,38.548381,52.316323,1003.269097,92.929498,18.046875,1004.734722,1.526042,0,1.703125
2013-04-28,75.302083,116.208333,51.184661,54.841188,1678.041667,84.617131,16.336111,1004.236111,2.764236,0,1.611111
2013-04-29,17.795139,68.3125,4.762378,29.499887,376.215686,78.391748,21.290972,1005.800347,-6.21875,0,2.840625
2013-04-30,22.88226,61.758838,6.657828,36.725063,415.826705,72.823962,21.079861,1007.792014,-6.459028,0,2.078125
2013-05-01,39.087121,90.806818,16.155303,40.280303,621.780303,85.543371,17.557292,1008.978125,0.463889,0,1.690278
2013-05-02,77.086963,123.943497,40.396916,51.839192,1052.310606,86.500893,19.008681,1005.971875,3.463542,0,2.126389
2013-05-03,63.326389,80.430556,21.857639,31.381944,816.640625,117.592823,18.119097,1010.672222,6.013194,0.001042,2.053472
2013-05-04,94.586806,123.763889,23.897294,38.532217,780.034722,103.648533,19.014236,1010.351042,6.959375,0,1.912847
2013-05-05,171.78125,220.506944,44.670139,65.142361,1361.588542,109.527778,20.712153,1010.122222,10.750347,0,1.320833
2013-05-06,213.150253,250.164457,33.873895,56.821338,1577.850221,136.825893,23.186458,1008.178819,12.180208,0,1.426736
2013-05-07,157.893939,208.132576,45.526515,71.113636,1392.636364,128.564394,23.442708,1008.732986,11.802431,0,1.426736
2013-05-08,144.630682,167.386364,58.233956,61.130536,1581.191098,88.663889,20.518403,1007.754514,11.294097,0.009375,1.681597
2013-05-09,49.992424,63.219697,13.837858,47.652376,593.030303,48.985803,17.585764,1003.559028,11.269097,0,1.339583
2013-05-10,43.113636,85.431818,9.583333,42.352652,523.068182,58.698864,21.515972,995.470139,2.759028,0,2.428125
2013-05-11,38.644318,109.460985,12.25743,54.062542,481.891835,48.621041,23.744792,989.463542,-0.347222,0,2.145139
2013-05-12,38.5,85.879167,13.922039,45.928241,554.65787,61.686348,22.451389,994.023264,-1.631597,0,1.483681
2013-05-13,87.822727,166.121212,55.180473,67.40303,1536.553851,80.282587,21.476736,996.271181,4.968056,0,1.448958
2013-05-14,54.337121,114.348485,11.304924,42.822538,674.093992,81.468266,24.045139,1001.933681,2.706944,0,2.177083
2013-05-15,63.28125,145.013258,43.044675,54.426686,1258.270034,99.864385,22.333681,1009.950694,6.338542,0,1.651042
2013-05-16,60.234375,113.954861,25.423561,48.056845,981.056061,96.947819,21.242361,1010.514583,9.663889,0,1.640625
2013-05-17,112.274306,145.097222,30.461806,51.965278,1239.219907,92.956125,20.761111,1005.525694,12.346528,0,1.529861
2013-05-18,124.927083,151.899306,24.589475,45.996272,1230.912037,82.458241,20.885069,1000.094792,14.022569,0,2.107986
2013-05-19,55.034722,150.284722,8.965278,30.188131,596.180556,61.316027,20.526736,994.565972,3.581597,0,3.136458
2013-05-20,39.229167,126.135417,13.159222,39.878157,438.082837,77.280749,21.515278,994.488542,0.458681,0,2.701736
2013-05-21,95.015625,214.515625,39.10735,61.843851,1206.985119,108.938817,22.80625,993.501389,9.696875,0,1.468056
2013-05-22,74.743056,141.545139,34.077769,60.385558,1305.710695,96.215684,22.974306,1004.370486,7.609028,0,1.485764
2013-05-23,72.598958,136.461806,29.315972,73.395833,1158.988194,83.669637,22.999306,1004.072222,8.933333,0,1.139236
2013-05-24,95.173611,154.572917,20.524306,60.84375,1431.258681,72.734375,24.045486,1005.823611,12.617014,0.001736,1.608681
2013-05-25,61.072917,110.322917,24.701389,53,986.923611,101.788194,24.589236,1004.402431,12.721875,0,1.589236
2013-05-26,99.166667,114.055556,29.364583,48.1875,1436.684028,42.652778,20.998264,1002.729514,16.971181,0.072569,1.840625
2013-05-27,59.659722,60.222222,6.9375,36.104167,880.15625,53.846609,19.054167,1001.546875,15.970139,0.055208,1.117708
2013-05-28,74.590278,78.145833,5.508681,53.496528,999.592014,18.88118,19.975,999.564583,15.679514,0.039583,1.461458
2013-05-29,15.989583,50.828125,5.605903,24.526862,285.385101,69.863642,24.430208,1003.117361,2.171875,0,3.048611
2013-05-30,53.652778,125.791667,16.67295,62.334101,691.265152,94.680659,25.688542,999.931597,6.565278,0,2.2875
2013-05-31,96.222222,154.888889,33.909722,41.996528,914.955492,128.608877,24.773611,996.557292,14.073611,0,1.686458
2013-06-01,69.711806,109.840278,11.131944,44.684075,659.407828,84.401291,25.075694,1000.425,8.11875,0,1.3875
2013-06-02,163.055556,195.399306,38.458333,53.743056,1881.010417,78.466204,21.987847,998.728125,15.675347,0,1.405556
2013-06-03,125.631944,142.597222,19.517361,51.53125,1388.034722,123.760653,25.654167,998.853819,14.138194,0,1.265625
2013-06-04,126.979167,146.095486,26.201111,59.392008,1877,71.590199,20.682986,1005.747917,16.477431,0.676042,1.624306
2013-06-05,124.681818,109.027778,6.454861,45.479167,1668.222222,26.315972,18.829514,1006.055556,17.872917,0.2125,1.190972
2013-06-06,128.677083,121.965278,9.535985,50.819444,2152.302083,8.360351,19.304861,1004.211111,18.258681,0.022569,1.006597
2013-06-07,126.530934,120.15625,10.09233,52.297319,2242.260417,3.922289,20.267014,1002.447917,19.146181,0.752083,0.991319
2013-06-08,154.003788,159.392361,8.74585,53.538057,2467.648832,3.899427,20.045139,1001.685417,19.298611,0.089931,0.813889
2013-06-09,44.268624,45.680556,4.610294,38.522667,973.018519,21.48458,18.155556,1004.553125,16.936458,0.488194,1.394097
2013-06-10,20.763889,32.439236,3.979027,37.032353,564.059028,43.631637,20.523611,1006.416319,14.776389,0.005208,0.963542
2013-06-11,52.618056,72.923611,5.230045,45.46164,576.136364,70.044824,20.850694,1002.336806,14.86875,0.244792,1.46875
2013-06-12,54.598958,67.690972,14.183472,31.467074,815.310606,114.405176,21.59375,1001.834722,14.438542,0.001042,1.484028
2013-06-13,102.515625,130.71875,32.695707,45.672423,1238.689394,135.814391,24.302083,1002.209028,15.559028,0,1.507986
2013-06-14,111.64678,161.378472,28.304764,52.268869,1098.122475,154.28391,26.169097,1001.936458,13.433333,0,1.916319
2013-06-15,124.225694,172.0625,35.79235,64.153043,1542.896465,131.683234,25.543056,1000.998264,15.738889,0,1.197917
2013-06-16,165.576389,170.614583,22.854299,66.417004,1929.849567,53.65283,22.474306,997.707986,18.915625,0.067014,1.129514
2013-06-17,42.526042,48.095486,6.809183,37.29329,903.734524,88.718786,25.890625,995.502778,16.954514,0.000347,1.367708
2013-06-18,43.118056,80.529514,8.732838,61.430264,733.916456,93.493284,27.605903,991.764931,16.393056,0,1.546181
2013-06-19,45.302083,80.46875,11.466478,41.465005,891.776726,109.628661,28.859028,996.556597,15.926736,0,1.171875
2013-06-20,58.909091,107.663194,16.111785,64.537003,1164.348316,64.813359,26.797569,1001.217708,18.044792,0,1.006597
2013-06-21,50.392045,86.350694,10.596236,50.68948,935.230556,69.828159,26.172569,1003.196875,17.787847,0,1.660764
2013-06-22,46.428819,52.642361,4.592268,40.94874,701.25,38.595846,21.612847,1002.317708,19.013194,0.229167,1.058681
2013-06-23,46.75,53.875,7.448368,37.601045,896.59375,98.296419,25.772569,997.674653,17.423264,0,1.266667
2013-06-24,114.774306,124.097222,8.272431,37.217008,1246.554167,116.718519,24.657292,996.2875,20.0625,0.238542,1.442361
2013-06-25,103.286458,96.447917,8.536871,41.975962,1884.065278,45.463592,21.967014,994.396875,20.705903,0.096181,1.139583
2013-06-26,139.397569,126.239583,6.417679,40.469974,1707.953704,103.58429,25.865278,991.157292,21.355556,0.001389,1.425347
2013-06-27,89.274306,100.385417,9.291443,44.712932,921.023148,113.994575,27.820486,992.068403,19.189236,0,1.419097
2013-06-28,282.256944,276.569444,17.197537,54.124344,2337.577083,68.190242,25.089583,995.026042,22.248611,0.632639,1.415625
2013-06-29,95.670139,93.652778,5.959923,44.125547,1522.9375,50.579806,22.949653,998.277431,21.394444,0.029861,1.032639
2013-06-30,206.381629,190.309343,10.219454,53.609105,2348.327778,43.028787,24.982986,997.602778,23.047917,0.008333,0.919444
2013-07-01,166.171875,141.692235,9.035103,54.049029,2081.975463,19.410304,24.902431,992.931944,23.319444,1.1875,1.317708
2013-07-02,14.140152,25.978851,4.475811,25.854864,482.59596,77.214837,28.882639,989.435417,17.7125,0.461458,2.276389
2013-07-03,26.482639,59.029514,7.963432,43.610979,618.821591,70.900308,29.668403,989.610069,19.014236,0,1.214931
2013-07-04,21.923611,56.633681,6.152175,40.08278,522.504293,71.921246,28.247222,988.493403,18.131944,0.05625,1.429861
2013-07-05,19.611111,39.236111,6.018956,33.337019,467.424242,86.329861,29.304167,992.141319,17.735069,0,1.457639
2013-07-06,55.09375,97.121528,12.506567,40.120325,887.643939,136.113665,29.193403,994.877431,19.835417,0.353819,1.860069
2013-07-07,87.788194,97.190972,7.567219,26.093597,892.317803,137.616574,27.278472,994.194444,22.510069,0.233333,1.356944
2013-07-08,87.927904,74.059028,4.621015,34.741461,933.315152,92.521603,25.370833,996.333681,23.489931,1.118403,0.977778
2013-07-09,80.689394,50.447917,4.435876,42.908166,939.244841,34.019706,24.256944,997.309722,23.279514,0.397569,0.890625
2013-07-10,27.988636,28.366319,5.802682,39.288548,705.694444,20.769902,23.339583,999.286806,21.692361,0.192708,0.838542
2013-07-11,34.784091,46.241319,4.194297,39.781686,722.121212,38.628725,24.723611,1000.06875,20.979167,0,0.803472
2013-07-12,65.772727,73.614583,4.637839,34.452769,900.909091,97.856414,26.752431,999.725694,21.815625,0,1.353472
2013-07-13,126.787879,105.241319,6.182768,27.352422,1237.386364,113.070894,27.778125,1000.848958,23.131597,0,1.1875
2013-07-14,109.534091,95.232639,10.651869,27.997548,1101.041667,92.791387,26.753125,1001.408681,21.871181,0.502083,1.466667
2013-07-15,42.738636,28.318813,3.637492,32.746903,1196.875,17.568174,23.916319,993.219444,23.466667,2.429861,0.944444
2013-07-16,19.482955,26.448706,4.658193,28.77063,536.678241,53.514336,27.344097,994.065625,16.188889,0.001736,1.845833
2013-07-17,38.263258,65.84375,9.513711,38.646525,716.921296,94.430801,27.066319,999.138542,17.926389,0,1.453472
2013-07-18,149.121528,124.253472,11.928825,34.552624,1660.37037,83.981449,26.033681,998.369792,22.377431,0,1.512847
2013-07-19,135.197917,120.319444,7.438271,39.574666,1127.916667,91.386613,26.755208,996.225347,21.660069,0,1.037153
2013-07-20,73.888889,92.859375,5.553597,38.024967,812.5,95.094523,27.956597,997.889931,20.035764,0.000347,1.244444
2013-07-21,77.940972,99.40625,6.837055,39.695222,959.791667,92.890151,27.122222,998.806597,21.512153,0,1.133681
2013-07-22,96.340278,117.277778,12.825044,45.27936,1185.347222,97.747282,26.614931,998.004514,20.568056,0,0.992014
2013-07-23,53.378472,74.71875,6.237815,31.141753,746.111111,108.280275,27.153472,993.913194,19.301042,0,1.785069
2013-07-24,35.064394,62.173611,6.294541,39.388345,535.138889,71.040313,29.898958,993.761458,18.188542,0,1.420486
2013-07-25,29.359848,67.867424,8.598073,37.921066,731.944444,100.307478,30.090278,995.493056,18.402778,0,1.590278
2013-07-26,46.993371,73.323548,19.285407,52.782269,1562.87037,30.33014,25.677083,997.285417,21.142361,0.084722,1.170139
2013-07-27,104.920139,90.246528,5.84545,54.106777,1520.416667,23.78975,25.020139,994.612847,23.343056,0.072569,0.801389
2013-07-28,56.572917,56.423611,6.807487,39.536191,1053.541667,76.331812,29.720486,993.986458,21.504514,0,1.270139
2013-07-29,62.09375,98.748264,5.720249,65.253743,878.75,54.440997,28.609028,993.845486,23.337847,0.005208,1.04375
2013-07-30,107.541035,113.900253,7.10567,45.217256,1029.444444,127.286806,28.832292,991.568056,22.849306,0.479861,1.458681
2013-07-31,42.806818,55.21875,5.638734,28.852156,622.5,127.194976,26.111111,993.7,21.644792,0.961458,1.688889
2013-08-01,37.579861,35.144097,4.134258,40.346026,647.291667,62.069455,23.314583,997.560069,21.378819,0.182986,0.920833
2013-08-02,69.753472,67.434028,6.904994,39.54057,939.791667,90.072415,25.661806,999.648958,20.995833,0.029167,1.109722
2013-08-03,28.40625,50.717014,5.103963,33.770166,529.791667,123.763738,27.495833,997.405208,19.263542,0.000694,1.371875
2013-08-04,76.604167,93.708333,8.52732,33.749619,782.152778,123.655766,27.261111,993.965972,21.485069,0.355208,1.496875
2013-08-05,42.895833,51.758681,5.041772,35.827956,602.789352,120.420663,26.560417,992.145486,20.924653,0.001736,1.085417
2013-08-06,132.53125,144.541667,6.512961,43.521733,1012.908124,105.628805,29.089583,993.320486,24.890278,0.123611,1.176389
2013-08-07,33.069444,33.307292,6.553108,31.097164,593.634259,58.714328,25.389236,996.372569,21.543403,0.170139,1.522222
2013-08-08,28.927083,53.25,8.194039,37.703648,658.958333,83.659174,28.134028,994.212153,20.354514,0,1.445139
2013-08-09,36.635417,71.206597,9.870492,39.917594,589.305556,108.009774,29.067361,995.068403,19.951389,0,1.214236
2013-08-10,91.493687,129.187184,11.232336,37.945798,926.851852,132.268956,29.944097,998.671875,23.947917,0,1.285069
2013-08-11,145.943182,133.13447,9.794621,38.21966,1298.009259,59.61169,27.082986,999.842014,25.358333,1.611806,1.327083
2013-08-12,49.891414,44.792298,5.831702,24.084071,630.694444,71.677028,26.8125,998.919792,23.638542,0.006597,1.404514
2013-08-13,91.260417,92.440972,11.382219,30.071847,1002.291667,96.297448,28.336648,998.711111,24.216225,0.044792,1.430035
2013-08-14,70.862847,92.802083,8.263464,32.758012,828.298611,105.992979,28.969097,997.902778,24.344792,0.000347,1.464583
2013-08-15,120.815972,131.722222,6.129363,38.473811,1102.083333,97.562989,29.908681,996.434375,26.276736,0.022917,1.188194
2013-08-16,123.194444,141.644097,4.465686,50.006217,1209.027778,94.188042,29.040278,991.571528,26.588194,0.021181,1.056597
2013-08-17,41.774306,62.289931,6.268714,35.134693,545.754419,74.092758,31.073958,995.369444,16.030903,0,2.070833
2013-08-18,12.104167,34.541667,3.900667,28.099232,437.310606,76.506944,28.937153,1002.096875,15.323264,0,1.462847
2013-08-19,19.871528,46.114583,4.524619,41.206829,592.881944,76.474235,27.945139,1004.080208,15.633333,0,1.118056
2013-08-20,81.552083,117.59375,9.322561,49.612387,1263.352273,91.454781,26.083681,1003.198611,21.140278,0.081597,1.190972
2013-08-21,99.510417,92.144097,7.224894,44.902602,1160.243056,82.77891,26.052778,1001.932639,21.402778,0.008681,1.159375
2013-08-22,110.921875,126.4375,5.3758,68.806403,1221.701389,33.67213,24.025347,1002.94375,21.64375,0.006944,0.798264
2013-08-23,47.760417,63.979167,6.391094,44.977865,836.805556,53.559028,27.325694,1003.112847,17.616319,0.000694,1.131597
2013-08-24,28.253472,69.53125,5.485856,49.564154,697.048611,68.850694,27.25,1003.103819,15.898611,0,1.14375
2013-08-25,34.75,77.861111,5.984097,46.652486,698.611111,112.517913,27.739931,1000.405903,16.638194,0,1.531944
2013-08-26,48.635417,100.329861,10.393431,37.936069,893.923611,117.006408,28.004514,999.785069,17.6375,0,1.928819
2013-08-27,60.923611,84.604167,12.464297,42.699346,1380.381944,43.740671,24.233333,1001.333681,20.683333,0.132639,1.713194
2013-08-28,70.131944,61.034722,6.163911,49.170578,1904.166667,34.294951,23.530556,993.833333,21.948958,0.572917,1.070486
2013-08-29,25.715278,36.392361,3.660531,28.603269,754.513889,38.690047,24.407292,997.179861,12.134375,0,2.975694
2013-08-30,8.84375,24.579861,2.282128,23.468271,388.715278,48.579861,22.408333,1005.859375,10.447569,0.000347,1.646875
2013-08-31,15.881944,41.229167,6.653492,36.208006,481.770833,44.291667,22.932639,1005.873611,11.184722,0,1.425694
2013-09-01,37.378472,76.222222,9.657817,37.813809,888.715278,76.862035,22.863194,1007.461458,15.066319,0.077431,1.320486
2013-09-02,47.081597,66.314236,11.028317,38.433864,932.986111,92.241211,22.511458,1009.580903,15.636111,0,1.252778
2013-09-03,89.680556,112.798611,11.884964,44.341792,1202.777778,99.305556,23.299653,1010.056597,17.595486,0.086111,1.262153
2013-09-04,64.850694,61.538194,7.07485,42.21399,1104.513889,66.673611,20.115972,1010.000347,18.345139,0.820833,1.060069
2013-09-05,19.857639,25.810764,4.058282,27.11939,659.027778,65.055556,21.146528,1008.399306,15.604514,0.214583,1.468403
2013-09-06,64.420139,65.625,10.379697,43.902067,1465.017361,61.069182,21.120139,1010.10625,16.705903,0.078819,1.220139
2013-09-07,66.84375,75.036458,6.543736,44.762876,1240.443497,69.82136,22.337153,1010.8125,15.7,0,1.054167
2013-09-08,89.284722,115.006944,16.503556,56.120323,1503.914141,54.824105,21.388889,1010.414583,17.492708,0.170486,1.038542
2013-09-09,76.625,77.987847,9.146706,40.314739,970.328283,66.555501,21.519792,1006.788542,17.505903,0.023611,1.280903
2013-09-10,53.107639,71.711806,7.241125,42.752363,725.868056,37.98721,22.617361,1006.319792,12.389583,0,1.315972
2013-09-11,60.569444,102.552083,13.947056,50.986649,949.05303,75.05444,22.027431,1008.3125,14.428819,0,1.403819
2013-09-12,143.350694,175.972222,22.647458,75.074323,1608.680556,58.168383,21.8625,1005.49375,17.778819,0.282986,1.063194
2013-09-13,83.826389,95.897569,3.11975,49.129785,1138.194444,19.262619,19.581944,1000.422569,18.593403,0.069792,1.132639
2013-09-14,45.527778,56.076389,4.155403,44.93078,962.673611,30.492638,23.159722,1002.638194,13.383681,0.002778,1.273958
2013-09-15,19.871528,57.395833,9.309975,44.619875,590.798611,41.167327,20.615625,1007.737153,9.069097,0,1.244444
2013-09-16,46.175347,93.805556,13.166053,57.091453,1107.118056,33.433965,20.682986,1005.597569,14.937847,0.001042,1.096528
2013-09-17,82.979167,113.798611,9.218764,70.845248,2045.486111,4.756192,20.208681,1009.056944,18.345486,0.097917,0.766319
2013-09-18,104.958333,101.607639,10.423631,54.695049,2218.055556,28.865511,21.353472,1012.687847,19.778472,0.287847,1.01875
2013-09-19,110.569444,101.142361,11.339847,43.340851,1726.203125,50.668544,21.727083,1007.208333,19.549653,0.046528,1.038542
2013-09-20,44.4375,54.927083,2.797917,39.645512,770.788194,44.868056,22.059722,1009.26875,14.247917,0,1.126389
2013-09-21,40.84375,74.673611,6.723917,45.471111,712.847222,72.40625,22.732639,1009.448264,14.751042,0,1.347222
2013-09-22,71.204861,104.284722,7.427244,69.152272,1274.826389,15.234375,20.300347,1009.121181,17.276389,0.004514,0.834028
2013-09-23,28.111111,43.416667,4.694675,36.911873,754.861111,15.568676,15.904514,1012.626389,9.670833,0.470833,1.746875
2013-09-24,9.760417,28.329861,4.985128,34.619322,402.951389,26.390625,15.046875,1015.952431,3.448958,0,1.459028
2013-09-25,12.072917,42.135417,5.035003,42.699451,430.208333,32.913194,16.217708,1014.367708,2.275,0,1.681597
2013-09-26,39.050347,87.590278,13.155328,62.706222,881.25,31.976193,16.204167,1010.607292,6.947222,0,1.099306
2013-09-27,145.473958,206.465278,22.328781,86.312656,1682.986111,66.956469,16.773264,1005.452083,10.947222,0,0.992708
2013-09-28,229.163194,257.517361,15.077167,73.148651,1531.171086,53.489347,15.951042,1005.350347,12.214931,0,0.895139
2013-09-29,212.491319,207.652778,13.431025,79.025296,1575.804924,24.065666,17.285069,1011.631597,14.653472,0,0.85
2013-09-30,145.299716,139.583018,19.609937,71.766475,1574.471952,19.33475,18.605556,1012.570139,16.488889,0,0.799306
2013-10-01,76.651515,74.689394,5.423753,50.286832,1248.823529,23.477648,17.795833,1011.167014,15.051389,0.391319,1.050347
2013-10-02,16.081124,29.10101,5.090253,36.136085,411.193182,39.583095,17.074653,1014.801736,4.221181,0,1.642361
2013-10-03,59.083333,90.510417,25.665215,55.072538,1360.164141,36.063022,15.435764,1012.020833,9.818056,0,1.360764
2013-10-04,132.28125,158.135417,30.656556,68.064328,2107.866162,41.859291,16.890972,1008.14375,12.913889,0,0.943056
2013-10-05,282.020833,290.875,20.971131,82.162275,2425.246212,41.370097,17.299653,1013.740278,13.898958,0,0.857639
2013-10-06,207.90625,197.069444,21.557906,70.821047,2568.333333,18.503847,16.310764,1016.375347,14.478819,0,0.848264
2013-10-07,83.427083,89.246528,16.151594,47.049841,1294.583333,26.67976,19.000694,1016.525694,9.078125,0,1.489583
2013-10-08,55.057292,81.736111,21.244183,51.499656,950.530303,42.818774,17.356597,1013.310764,10.412847,0.000694,1.292361
2013-10-09,130.670139,163.583333,14.314272,81.419941,1560.833333,13.987992,15.080903,1004.980556,12.224653,0,0.919444
2013-10-10,79.625,106.131944,10.462744,40.096565,812.083333,37.363537,16.622917,1005.381597,5.595486,0,2.826389
2013-10-11,43.315972,83.989583,14.597656,62.892278,778.958333,34.274829,14.678819,1009.329514,5.490625,0,1.186111
2013-10-12,59.868056,92.135417,9.882586,74.015805,867.708333,31.180685,15.905208,1012.226042,7.567361,0,0.982986
2013-10-13,48.71875,67.072917,13.238181,55.564491,858.958333,26.675122,15.207292,1012.857292,9.773611,0.001736,0.923264
2013-10-14,30.503472,46.057292,3.582183,39.632758,609.583333,21.242969,12.244444,1020.800347,2.772917,0.002431,1.579514
2013-10-15,18.90625,38.284722,6.54294,41.46313,435.416667,30.012119,9.643403,1024.264583,-3.257639,0,1.263542
2013-10-16,46.535669,75.211806,9.587814,62.841103,768.75,23.328806,11.011806,1019.338889,0.611111,0,1.0625
2013-10-17,126.821023,147.600694,23.102208,84.07845,1431.770833,23.295975,10.956597,1020.048611,4.64375,0,1.030903
2013-10-18,212.545139,225.072917,36.355717,109.844076,2157.060185,14.582009,11.222917,1018.820833,6.958333,0.00625,0.867708
2013-10-19,71.079861,66.039931,10.257175,44.885844,796.875,30.175647,13.404514,1019.495833,1.328819,0.000694,2.195139
2013-10-20,22.628472,41.427083,6.340033,48.290772,535.714286,25.566757,11.829167,1018.795833,0.945139,0,1.039236
2013-10-21,77.21875,115.678819,14.732878,75.828167,1023.333333,22.879687,11.045486,1016.983681,3.759722,0,0.994097
2013-10-22,124.545139,146.868056,34.926792,79.891118,1395.94697,22.487191,10.653819,1015.672222,6.090972,0.028472,1.320486
2013-10-23,25.638889,64.392361,8.216897,37.689783,517.80303,28.554273,9.728125,1016.550694,-5.064931,0.000347,1.913889
2013-10-24,19.600694,41.381944,3.862511,24.047389,465.340909,49.599232,10.664236,1020.902431,-3.702778,0,2.251042
2013-10-25,39.302083,59.618056,7.262097,48.062665,742.234848,39.014665,10.473264,1021.039583,-0.033681,0,1.354514
2013-10-26,59.944444,89.611111,13.373906,66.879566,950,24.230326,9.307986,1016.2625,0.415278,0,0.981597
2013-10-27,169.503472,204.006944,26.767667,105.113004,1929.356061,12.716996,8.734722,1011.704861,3.577431,0,0.707639
2013-10-28,267.506944,287.128472,35.152417,109.790125,2854.545455,21.247629,10.443056,1013.85,5.630208,0,0.928472
2013-10-29,43.270833,55.65625,11.073372,44.716852,915.909091,29.52092,10.626042,1021.59375,-1.585417,0,1.483333
2013-10-30,74.902778,104.583333,12.071531,71.724001,1174.242424,16.756132,7.840625,1021.544097,0.738194,0,0.936458
2013-10-31,136.505208,158.684028,11.069028,94.169995,1630.492424,13.355254,8.014236,1021.263194,2.820833,0,0.771875
2013-11-01,184.864583,193.777778,14.697042,100.038819,1911.363636,8.846705,7.980903,1019.772222,4.480556,0.002778,0.875347
2013-11-02,244.239583,235.111111,12.340792,106.748249,2140.151515,8.654175,8.536458,1016.05,6.060069,0,0.925694
2013-11-03,54.097222,58.305556,6.070501,44.17385,825.378788,32.785041,12.362153,1018.454514,-0.667361,0,2.275
2013-11-04,37.5,63.125,11.214568,53.780567,868.939394,22.371281,9.55625,1021.523958,-0.717361,0,1.076042
2013-11-05,146.355903,189.222222,23.590914,94.14167,2041.856061,6.195712,9.016319,1014.295833,2.560417,0,0.846181
2013-11-06,94.840278,130.430556,10.520528,55.626227,1491.818182,26.88742,10.009375,1011.585417,-4.085069,0,2.807639
2013-11-07,32.092014,54.527778,10.879114,42.342064,793.143939,26.906367,8.225694,1014.703819,-5.982292,0,1.432986
2013-11-08,124.097222,154.347222,49.365169,88.478088,2184.469697,6.443303,6.471181,1014.339583,-1.426389,0,0.780903
2013-11-09,93.03125,111.923611,41.896256,66.796511,1628.787879,19.558782,9.535069,1018.187847,-4.117014,0,2.145833
2013-11-10,18.409722,41.177083,9.483867,27.606193,459.280303,48.849128,5.048958,1023.045486,-18.882292,0,2.861806
2013-11-11,34.185764,56.138889,17.748056,49.406015,760.416667,21.819256,6.794792,1021.483333,-9.102431,0,1.515972
2013-11-12,56.482639,78.322917,21.475061,57.765229,1351.893939,19.245374,7.538542,1018.579514,-4.2125,0,1.137153
2013-11-13,149.567708,172.512153,48.783686,97.09607,2756.363636,5.115938,5.442708,1014.772917,-0.276736,0,0.76875
2013-11-14,65.684028,100.611111,19.5625,54.957158,1272.159091,30.056268,8.156944,1012.588542,-6.940625,0,2.040278
2013-11-15,92.017361,168.909722,28.147569,81.404351,2071.969697,11.925046,6.894792,1010.831597,-5.309722,0,1.088542
2013-11-16,39.552083,90.017361,12.184028,31.741204,744.07197,42.313593,7.994792,1013.438889,-8.158681,0,3.085069
2013-11-17,10.222222,21.260417,7.142361,22.743132,462.310606,39.649084,5.060069,1018.362153,-12.000347,0,2.587153
2013-11-18,9.184028,17.184028,6.951389,21.501427,420.151515,39.918165,4.168056,1020.476042,-13.166319,0,2.364931
2013-11-19,31.826389,40.746528,16.920139,39.481069,767.424242,19.376175,2.2375,1018.573958,-11.984375,0,1.199653
2013-11-20,62.263889,80.395833,24.789931,55.788878,1666.666667,14.980353,3.258681,1017.474653,-7.954861,0,0.976042
2013-11-21,90.140625,102.354167,35.194444,69.287405,2004.356061,11.019634,3.884028,1019.764236,-6.183333,0,0.982639
2013-11-22,132.569444,138.274306,47.467872,84.691306,2339.556818,8.940469,3.9875,1017.984722,-5.088542,0,0.824306
2013-11-23,181.899306,181.909722,58.527778,100.718621,2945.625,16.597876,5.615972,1013.966319,-4.007639,0,1.102431
2013-11-24,73.538194,133.201389,26.65625,43.633036,1182.5,23.034062,7.769792,1009.314931,-8.002431,0,2.100347
2013-11-25,15.305556,26.461806,9.736111,23.772186,542.5,33.776172,3.386458,1011.396875,-12.533333,0,2.430208
2013-11-26,16.965278,48.222222,10.162678,23.156333,737.083333,41.064647,2.057639,1013.348958,-17.758333,0,3.303472
2013-11-27,7.149306,35.486111,3.65625,9.057872,382.291667,52.899611,-2.314931,1021.239236,-24.443403,0,4.691319
2013-11-28,19.222222,34.645833,12.59375,26.711295,699.375,37.012362,0.649653,1019.871528,-21.130556,0,2.934375
2013-11-29,62.763889,78.102431,31.652778,61.725141,1721.25,17.366676,4.422569,1013.741319,-11.452431,0,1.534722
2013-11-30,34.5625,50.635417,25.784722,42.751453,925.763889,27.231697,5.169097,1016.938889,-12.297569,0,1.939583
2013-12-01,71.190972,86.975694,36.576389,63.638748,1800.462963,15.019163,3.084375,1016.750347,-10.290972,0,1.262153
2013-12-02,108.923611,126.541667,53.43935,82.642123,2588.194444,7.818996,2.770139,1012.760417,-8.917708,0,0.833333
2013-12-03,67.328125,91.166667,38.183719,60.080394,1582.330247,21.177819,5.961111,1015.499306,-9.040278,0,1.269444
2013-12-04,90.253472,107.326389,43.203553,72.58961,2062.403549,11.591492,5.383681,1013.542014,-7.21875,0,1.045833
2013-12-05,39.508681,53.003472,29.247156,41.871635,1046.354167,26.977245,5.927778,1017.441319,-10.427431,0,1.875694
2013-12-06,124.418403,140.272569,49.474919,81.689357,2462.5,7.833978,2.437153,1013.402778,-7.687847,0,1.032639
2013-12-07,254.527778,256.402778,64.636506,108.259928,4423.958333,4.526134,1.517708,1013.808333,-3.848264,0,0.897917
2013-12-08,194.479167,187.958333,52.290081,73.640075,3308.779762,20.929943,4.876736,1014.804514,-5.9625,0,2.384375
2013-12-09,12.385417,15.420139,10.202919,24.041755,595.039683,39.192862,2.098611,1017.567708,-13.180208,0,2.276042
2013-12-10,24.020833,49.6875,16.299311,33.982203,957.19246,29.40946,0.731944,1013.700347,-13.752778,0,2.810764
2013-12-11,22.784722,32.309028,15.694317,32.979335,728.645833,31.787595,1.252083,1013.001042,-15.330903,0,2.096875
2013-12-12,17.225694,31.319444,12.104167,28.19697,741.579861,34.39694,-1.734722,1015.66875,-19.798958,0,2.418403
2013-12-13,53.868056,68.208333,32.003472,49.548611,1292.199901,15.171357,-2.860069,1019.376389,-18.375347,0,1.426389
2013-12-14,51.208333,62.631944,34.885417,50.979167,1237.450397,20.808714,-1.541667,1022.651389,-17.873611,0,1.547222
2013-12-15,51.163194,59.538194,32.076389,54.847222,1465.972222,15.961233,-1.217361,1027.082639,-16.679167,0,1.045833
2013-12-16,121.241319,135.142361,63.725694,77.28125,2505.833333,6.559891,-1.647917,1024.639236,-13.746875,0,0.934722
2013-12-17,70.149306,71.996528,41.173139,48.278654,1388.055556,24.554211,-0.477083,1027.021875,-15.588889,0,2.09375
2013-12-18,38.444444,45.791667,22.055556,36.5625,731.666667,27.457394,-4.125,1025.988542,-17.003125,0,1.710764
2013-12-19,41.790088,54.391414,27.797983,49.649942,1162.443182,20.901274,-4.326042,1024.609028,-16.436458,0,1.491319
2013-12-20,36.830177,51.516414,30.983645,52.928115,1244.917929,25.099574,-2.891319,1028.245139,-16.012847,0,1.531597
2013-12-21,61.649306,76.576389,42.883678,68.843724,1558.680556,19.828074,-3.253819,1028.848958,-14.921528,0,1.058333
2013-12-22,132.447917,153.21875,67.361111,94.892361,2674.305556,8.011815,-3.576736,1025.851736,-13.609028,0,0.926389
2013-12-23,127.9375,148.357639,62.456786,89.939848,2836.111111,13.435006,-2.366319,1025.934722,-12.354514,0,1.004514
2013-12-24,218.892361,251.371528,93.788194,122.402778,4769.791667,6.763622,-3.404861,1027.432986,-10.117708,0,0.995486
2013-12-25,178.163194,216.753472,69.986111,98.631944,3396.180556,22.091571,-1.873958,1022.170833,-12.963542,0,2.581597
2013-12-26,10.590278,19.600694,8.8125,19.458333,372.569444,52.119309,-2.394097,1027.956597,-19.828125,0,3.266319
2013-12-27,24.822917,29.552083,25.311361,43.587418,734.469697,27.356437,-1.777083,1023.686111,-18.190278,0,1.970833
2013-12-28,18.972222,26.260417,16.419821,31.071278,695.833333,38.776293,-1.814236,1019.913542,-19.409722,0,2.670833
2013-12-29,63.659722,91.465278,49.329545,76.993056,1695.486111,16.737837,-0.516667,1012.763542,-17.963889,0,1.730208
2013-12-30,44.154514,87.446181,28.758186,51.656814,1073.032407,29.995606,3.128125,1009.519097,-17.298611,0,2.450347
2013-12-31,53.520833,155,24.524306,51.592014,1239.583333,34.047876,4.308681,1006.336806,-14.428819,0,2.939236
2014-01-01,49.774306,119.222222,28.201389,64.041667,1485.9375,28.155303,3.967014,1008.577778,-12.097569,0,1.920486
2014-01-02,118.170139,172.690972,71.315972,93.4375,3404.166667,8.244318,1.584722,1012.052778,-7.440278,0,1.028125
2014-01-03,48.140625,99.227431,29.810764,52.980903,1363.731061,32.441288,4.105208,1016.211111,-11.535069,0,1.9625
2014-01-04,120.753472,151.90625,42.329861,77.159722,2847.916667,5.44697,-1.346875,1016.319444,-5.863194,0,1.098611
2014-01-05,86.333333,100.013889,35.333333,64.850694,2184.753788,19.564394,0.551042,1018.300347,-9.374653,0,1.562847
2014-01-06,141.512153,146.732639,47.833333,69.300347,2395.138889,4.890152,-0.703125,1019.488542,-4.189583,0,1.365972
2014-01-07,97.628472,100.40625,32.788194,56.626736,1732.986111,24.899621,1.261458,1020.989236,-11.489931,0,1.947222
2014-01-08,16.454861,21.371528,14.208333,23.566288,509.722222,43.931818,-2.525694,1027.294792,-20.861458,0,2.401389
2014-01-09,29.409722,52.8125,19.850694,35.414931,782.986111,35.649621,-3.685764,1025.263194,-23.4625,0,2.178125
2014-01-10,69.868056,96.246528,53.920139,71.668403,1863.541667,10.823864,-3.883681,1024.367014,-20.254167,0,1.393056
2014-01-11,120.111111,138.284722,78.225694,94.321181,2792.013889,8.659091,-2.277431,1024.159028,-17.607639,0,1.267708
2014-01-12,24.003472,37.722222,26.166667,37.755208,676.736111,40.607955,-1.110069,1029.352778,-20.460069,0,2.007639
2014-01-13,90.831597,112.607639,67.467014,79.663194,2164.409722,11.261364,-3.914583,1025.395486,-17.076042,0,1.020139
2014-01-14,89.939236,107.925347,72.105903,77.256944,2365.277778,14.151515,-3.107639,1027.476389,-15.4375,0,1.189583
2014-01-15,152.175347,181.911458,81.225694,97.184028,2935.243056,10,-2.214583,1024.429514,-14.288542,0,0.993056
2014-01-16,342.706597,372.40625,113.6875,121.159722,4424.652778,10.746212,-0.000347,1021.695833,-8.734375,0,1.384722
2014-01-17,164.130787,158.74537,68.959491,74.631418,2366.203704,14.940341,-0.114236,1024.902431,-8.920139,0,1.842708
2014-01-18,80.520833,85.520833,44.528704,62.797222,1574.537037,22.131471,0.453472,1026.261111,-13.269097,0,1.7625
2014-01-19,118.958333,188.835069,74.378472,74.741919,2535.416667,17.9375,0.25625,1018.447222,-10.288889,0,2.390625
2014-01-20,8.510417,32.461806,7.09375,16.752273,320.92803,57.541667,-0.241319,1023.742361,-18.349653,0,3.608333
2014-01-21,40.131944,49.4375,35.381944,47.988636,990.151515,31.890625,-1.434028,1025.383333,-18.482639,0,1.855556
2014-01-22,119.673769,138.927083,75.495423,92.318939,2322.09596,9.255682,-2.107986,1017.188542,-15.998958,0,1.022222
2014-01-23,221.933712,255.985795,121.516414,124.747727,3996.717172,5.547348,-2.053819,1010.376736,-12.634722,0,1.053125
2014-01-24,148.279514,162.395833,79.534722,92.86553,2781.944444,12.840278,2.867361,1011.600694,-13.512847,0,1.198958
2014-01-25,23.75,44.486111,24.861111,40.657197,823.263889,40.449653,3.196875,1021.104167,-17.022222,0,1.886806
2014-01-26,54.350694,82.40625,46.506944,48.126894,993.576389,29.793403,-0.688889,1022.095139,-8.442361,0,1.861111
2014-01-27,87.954861,114.204861,56.369792,59.983712,1689.930556,27.013889,1.429167,1013.384375,-12.178472,0,1.84375
2014-01-28,41.470486,76.998264,30.428819,41.873106,936.805556,41.017361,0.792361,1021.049653,-13.361458,0,1.995486
2014-01-29,119.079861,142.105903,72.770833,75.695076,2282.638889,10.380208,-1.610069,1008.354861,-7.563542,0,1.292014
2014-01-30,68.440972,89.498264,38.477431,46.360985,1164.0625,43.185764,2.977083,1011.830903,-14.181597,0,1.976042
2014-01-31,143.854167,181.857639,64.392361,48.935606,1450,21.288194,0.804167,1013.143403,-4.687153,0,1.392361
2014-02-01,139.753472,139.763889,53.743056,59.051136,1984.027778,8.076389,2.814583,1009.543403,-1.036458,0,1.249306
2014-02-02,67.836806,93.484375,19.979167,32.966288,1254.861111,42.350694,4.266667,1009.29375,-13.282639,0,2.639583
2014-02-03,5.899306,30.097222,5.871528,10.0496,304.513889,69.916667,-1.085417,1020.923958,-27.429861,0,3.833333
2014-02-04,25.586806,40.541667,19.59375,23.478577,604.861111,56.701389,-2.594444,1023.148611,-27.253472,0,2.017708
2014-02-05,88.923611,101.913194,53.722222,49.579545,1606.597222,25.836806,-3.123958,1022.207986,-16.344444,0,1.234375
2014-02-06,121.094381,119.593119,68.185606,65.537121,2068.97096,20.523043,-1.817361,1023.518403,-11.073611,0,1.218056
2014-02-07,95.458333,74.024621,35.692866,52.372727,1455.681818,23.950126,-3.034722,1020.501389,-5.60625,0.160764,1.51875
2014-02-08,58.314236,42.024306,22.333333,33.359848,1044.270833,42.064236,-2.828125,1022.065972,-12.619097,0.027431,2.497569
2014-02-09,9.826389,14.111111,16.402778,18.617424,448.4375,55.395833,-5.620486,1030.241319,-20.085069,0,2.534375
2014-02-10,23.892361,23.782986,25.913194,38.270833,727.083333,42.883681,-5.960069,1028.372569,-17.855208,0,1.5625
2014-02-11,101.795139,98.244792,59.362847,78.045455,2055.034722,19.489583,-5.449306,1021.845139,-13.779167,0,1.3125
2014-02-12,113.956597,107.479167,52.520833,77.793561,2072.743056,21.918403,-2.480556,1026.210069,-13.139583,0,1.421875
2014-02-13,190.607639,180.975694,74.829861,83.460227,2860.9375,16.196181,-2.972917,1028.117361,-7.788194,0.001736,1.354167
2014-02-14,266.725694,260.09375,75.802083,95.664773,3108.333333,14.338542,-2.567014,1019.874653,-7.076389,0,1.017361
2014-02-15,395.722222,378.663194,101.237847,110.74053,3765.451389,14.154514,-1.239931,1018.219097,-6.292708,0,1.063889
2014-02-16,296.910417,258.295139,80.688889,87.634259,3172.5,27.391667,1.396528,1023.093056,-7.172917,0,1.35625
2014-02-17,105.357986,90.062153,67.74375,72.303241,2066.041667,30.40625,1.500694,1028.495833,-11.716319,0,1.620139
2014-02-18,71.095486,71.302083,38.958333,62.972222,1171.041667,28.070833,-0.992014,1025.442014,-9.385764,0.000347,1.552083
2014-02-19,63.413194,62.864583,33.95,58.844907,1162.037037,33.091667,0.521875,1022.342708,-10.738542,0,1.647569
2014-02-20,205.652778,215.869792,44.933333,86.116793,2338.75,9.982639,-1.195486,1023.867708,-5.157639,0,1.340972
2014-02-21,268.184028,282.232639,70.173611,97.787879,2759.722222,13.399306,0.340972,1021.871528,-4.044097,0,0.996875
2014-02-22,262.824653,292.170139,102.371528,101.674242,3320.659722,12.236111,3.011806,1023.586806,-3.130903,0,1.328472
2014-02-23,212.215278,241.315972,128.6875,91.895833,3559.027778,10.055556,2.189236,1024.396181,-3.430903,0,1.180208
2014-02-24,267.196181,323.276042,127.977431,122.293561,4708.506944,10.958333,3.407292,1021.061111,-2.693056,0,0.972917
2014-02-25,368.182709,381.628788,80.722816,124.523173,5123.128342,9.227778,3.349653,1019.701389,-2.005208,0,0.958333
2014-02-26,373.979302,359.902056,100.224195,119.823153,4045.430871,14.756392,5.028125,1016.703472,0.007986,0.035417,1.377431
2014-02-27,17.472222,11.267361,13.515625,25.184028,457.118056,57.475694,4.055903,1022.608681,-13.105556,0,2.43125
2014-02-28,84.489583,88.840278,36.440972,71.9375,1470.138889,17.001736,1.366667,1020.067708,-5.588542,0,1.375347
2014-03-01,73.177083,81.59375,33.427083,63.142361,1410.763889,51.186111,5.386458,1017.010069,-12.300347,0,1.961458
2014-03-02,134.493056,164.3125,61.421875,94.190657,2546.180556,19.664931,3.985764,1016.084375,-6.242708,0,1.645486
2014-03-03,218.638889,246.239583,96.975694,102.987374,4168.402778,6.199653,1.572569,1015.724653,-4.020833,0,1.259375
2014-03-04,55.649306,62.777778,28.0625,40.291667,1279.861111,46.490846,4.876389,1020.200694,-16.481944,0,3.003125
2014-03-05,20.194444,33.506944,17.21875,37.642361,792.708333,46.969697,2.874653,1022.072917,-18.583333,0,2.172917
2014-03-06,16.743056,27.541667,15.107639,29.680556,605.334596,55.949653,3.122222,1023.439236,-21.179861,0,2.390625
2014-03-07,47.96875,69.482639,26.145833,52.328125,1042.171717,33.416667,3.027431,1022.931944,-16.292014,0,1.694792
2014-03-08,132.746528,161.506944,70.107639,92.510417,2282.638889,20.597222,4.345486,1016.907639,-7.777431,0,1.439931
2014-03-09,95.895833,116.371528,46.541667,68.552083,1588.541667,38.076389,3.931597,1019.79375,-8.214931,0,1.667708
2014-03-10,81.781881,101.041351,54.363321,73.158775,1670.801768,23.335227,3.201042,1017.275,-4.806944,0,1.350347
2014-03-11,153.547822,185.914773,73.817235,80.998737,2274.084596,37.401831,7.194792,1011.797222,-4.121181,0,1.971181
2014-03-12,10.96875,20.270833,9.111111,25.333333,394.097222,66.225694,7.397917,1019.184722,-16.551736,0,2.714583
2014-03-13,20.602431,74.715278,15.003472,37.170139,604.166667,55.388889,7.497917,1015.305903,-16.834028,0,2.435417
2014-03-14,21.944444,79.59375,13.9375,31.708333,505.208333,64.901042,11.057639,1011.469444,-14.795139,0,2.556597
2014-03-15,94.878472,173.420139,43.90625,89.586806,1461.458333,29.71875,11.553819,1004.728125,-7.370833,0,1.209028
2014-03-16,113.913194,198.642361,77.402778,73.225694,2111.458333,51.954861,11.645139,1008.794792,-4.612847,0,1.676042
2014-03-17,81.996528,240.210069,27.532986,49.767361,1170.138889,46.661458,13.296181,1006.492014,-3.873264,0,2.678125
2014-03-18,36.142361,119.211806,17.232639,36.239583,598.611111,70.541667,11.918403,1015.779861,-5.911806,0,2.331597
2014-03-19,47.454861,90.840278,17.840278,46.006944,769.444444,49.690972,8.939931,1016.828819,-6.091667,0,1.980556
2014-03-20,11.21875,28.628472,5.815972,23.25,384.722222,67.048611,12.065972,1020.035764,-11.212153,0,2.400694
2014-03-21,25.840278,68.739583,11.934028,44.180556,621.527778,53.172348,14.270139,1013.574653,-9.104861,0,2.073611
2014-03-22,48.277778,121.621528,17.260417,54.631944,839.930556,50.298611,14.577431,1011.811111,-8.854167,0,2.096875
2014-03-23,135.048611,185.052083,44.381944,69.142361,1550,76.243056,12.943056,1016.722917,-1.707986,0,1.615625
2014-03-24,219.913194,251.284722,53,98.670139,1960.069444,56.3125,13.186458,1007.453472,2.780208,0,1.322222
2014-03-25,207.227431,239.699653,44.652778,97.28125,1690.972222,79.170139,15.254167,1004.002083,3.868403,0,1.216319
2014-03-26,271.616319,313.680556,45.256944,112.149306,1959.722222,66.579861,15.721528,1004.030903,7.894792,0,1.196181
2014-03-27,247.670139,281.527778,35.852431,105.612847,2365.451389,15.628472,13.564236,1005.175,7.516319,0,1.232986
2014-03-28,125.069444,159.520833,24.78125,65.715278,1633.159722,40.991319,16.226042,1001.934722,8.561111,0.059375,1.459375
2014-03-29,39.939236,75.78125,8.013889,38.097222,580.208333,60.951389,17.179167,1006.692708,2.179514,0,2.095486
2014-03-30,31.8125,75.121528,8.836806,56.715278,531.25,49.486111,18.314236,1008.948611,-1.353472,0,1.475694
2014-03-31,130.28125,175.371528,32.642361,80.329861,1702.083333,46.710069,16.817708,1009.117361,5.354861,0,1.585764
2014-04-01,115.65625,112.71875,15.560764,63.960069,1021.354167,64.401042,16.655208,1005.866319,5.106944,0,1.638194
2014-04-02,100.194444,156.3125,21.420139,58.34375,987.326389,75.588542,16.963194,1008.942361,3.296181,0,2.151042
2014-04-03,23.298611,72.5625,6.300347,36.243056,451.041667,60.954861,14.094444,1017.092014,-11.935069,0,2.765972
2014-04-04,32.612847,132.71875,9.069444,40.597222,562.847222,57.069444,14.926736,1008.738542,-7.377778,0,2.771875
2014-04-05,22.447917,79.350694,6.588542,29.461806,382.638889,75.227431,13.413194,1015.849653,-8.4125,0,2.317014
2014-04-06,52.5625,138.204861,12.954861,58.229167,661.805556,57.170139,16.15625,1011.016319,-4.295833,0,2.211458
2014-04-07,100.135417,179.21875,21.211806,63.887153,808.333333,76.847222,16.879514,1006.8375,1.285417,0,1.236806
2014-04-08,175.484375,238.689236,38.279514,83.222222,1464.409722,89.616319,17.935417,1006.684028,5.454861,0,1.605903
2014-04-09,121.498264,228.654514,19.776515,51.147569,932.8125,79.045139,21.122569,1005.134028,2.876736,0,2.204167
2014-04-10,87.09375,385.390625,27.892835,52.059028,1290.104167,47.765625,16.020833,1015.479514,-0.170486,0,1.590278
2014-04-11,60.607639,114.239583,17.684028,60.661458,965.104167,53.255208,14.404514,1012.709722,0.038542,0,1.282292
2014-04-12,101.003472,136.743056,25.048611,73.484375,1413.541667,64.854167,14.827431,1009.795486,0.929167,0,1.394792
2014-04-13,163.565972,194.119634,26.850694,73.90846,1320.691288,91.586174,16.595139,1010.759028,5.989931,0,1.385764
2014-04-14,230.530303,254.104167,33.613636,79.41351,1895.044192,95.634154,18.799306,1009.849653,10.577778,0,1.413889
2014-04-15,89.883681,144.045139,17.006944,60.600694,946.180556,50.791667,17.564931,1012.533333,6.257639,0,1.758333
2014-04-16,57.628472,114.930556,12.940972,68.631944,750.868056,39.5625,16.464583,1007.557292,-0.353125,0,0.884722
2014-04-17,92.309028,121.375,19.413194,71.336806,1382.638889,48.871528,14.300347,1006.775,8.071875,0.150694,1.220139
2014-04-18,139.659722,132.78125,16.899306,63.427083,1517.534722,59.423611,16.294792,1013.143403,8.967708,0,1.571875
2014-04-19,62.857639,80.9375,16.03125,64.756944,776.388889,50.854167,12.982292,1014.368056,2.788542,0,1.623958
2014-04-20,60.670139,72.864583,8.298611,54.152778,656.25,52.194444,15.138542,1010.233681,2.555556,0,1.504167
2014-04-21,49.597222,73.715278,7.505208,55.107639,561.805556,60.027778,17.500347,1009.602083,0.481597,0,1.723264
2014-04-22,60.131944,98.864583,9.899306,55.267361,579.513889,77.131944,18.932986,1006.839583,2.463194,0,1.923958
2014-04-23,121.776042,152.927083,23.069444,41.996528,935.763889,93.541667,19.572917,1004.096528,11.115972,0.017014,1.855556
2014-04-24,113.579861,131.597222,19.184028,44.805556,892.013889,94.229167,19.448611,1007.985764,11.750694,0,1.622222
2014-04-25,132.437184,190.155303,21.590278,70.498737,1050.441919,81.763258,19.052778,1010.585417,9.422917,0.292014,1.891667
2014-04-26,43.20161,89.282292,4.719381,26.290152,352.626263,60.769571,16.526042,1013.988542,5.626736,0.122569,1.920833
2014-04-27,51.2,86.854167,6.339583,45.302083,604.791667,62.8125,17.9375,1014.128125,4.713542,0,1.863542
2014-04-28,61.583333,96.15,8.008333,48.90625,714.791667,80.39375,19.106944,1012.591319,5.088194,0,1.494792
2014-04-29,89.839331,143.431629,16.896086,66.46875,927.550505,90.923106,19.711806,1006.761111,6.232639,0,1.639583
2014-04-30,105.187184,154.828283,20.833333,62.043561,959.327652,110.136048,21.210764,1002.559722,9.817361,0,1.703125
2014-05-01,120.0625,178.291667,18.399306,41.902778,845.486111,95.631944,19.898264,1002.063194,10.417361,0.122222,2.481944
2014-05-02,22.784722,47.006944,3.010417,19.951389,280.208333,77.628472,15.936458,1009.822222,-1.747917,0.003472,3.170139
2014-05-03,39.857639,133.642361,6.609375,41.623264,418.229167,54.819444,15.630556,1006.726736,-0.974306,0.000347,3.359375
2014-05-04,27.980903,59.076389,3.460069,17.147569,347.569444,72.335069,12.936111,1011.550347,-9.524306,0,3.695139
2014-05-05,28.476641,56.176452,3.809975,36.449179,431.881313,61.532197,14.486111,1010.898264,-6.375,0,1.992708
2014-05-06,76.272033,126.703093,27.402588,60.92279,917.739899,65.15947,15.814236,1001.838194,3.244792,0.009375,1.461111
2014-05-07,63.712279,99.088068,11.42298,43.626263,877.114899,63.895202,18.982639,1000.694792,0.626042,0,2.172569
2014-05-08,74.657986,107.255208,15.545139,45.746528,993.402778,91.944444,17.734722,1007.857639,6.387847,0,1.909375
2014-05-09,61.736111,106.112847,32.994792,52.920139,1319.618056,80.572917,17.566319,1008.70625,5.619444,0,1.951389
2014-05-10,50.559028,87.295139,27.314236,49.850694,1172.569444,75.916667,16.821181,1009.838542,6.249653,0.043056,1.584722
2014-05-11,23.392361,26.628472,3.423611,28.868056,815.277778,69.475694,12.038889,1000.157639,9.965972,0.980556,1.571181
2014-05-12,34.875168,66.910101,6.865215,42.766256,631.581439,70.765783,21.295486,994.353125,8.801042,0,2.230556
2014-05-13,53.08529,119.956881,10.141098,56.224747,648.974116,63.472506,22.654861,994.466667,4.322569,0,2.38125
2014-05-14,18.076389,63.034722,7.172506,26.107639,293.229167,68.946181,18.489236,999.293403,-1.240625,0,2.300347
2014-05-15,61.713542,187.404514,7.148106,59.838542,546.006944,53.489583,20.519792,994.056944,3.831944,0,1.612847
2014-05-16,46.071181,123.925347,9.716288,49.192393,565.488215,81.347222,23.515972,1001.013194,3.977431,0,1.929514
2014-05-17,56.582755,119.959491,24.488636,59.172619,984.548611,103.177083,21.961458,1006.303125,6.45625,0,1.717708
2014-05-18,80.521412,148.797454,23.640152,55.482684,947.395833,125.793403,23.4625,1002.082639,10.736111,0.013194,1.765972
2014-05-19,106.302083,152.472222,14.458333,45.037879,998.958333,142.342014,22.925,998.367708,15.190278,0.147222,1.517361
2014-05-20,78.909722,121.645833,9.223485,45.513258,891.319444,111.909722,25.642014,998.057639,10.396875,0,2.045139
2014-05-21,107.396875,169.741319,25.589773,52.642235,1452.083333,133.532986,24.596528,999.254167,13.785069,0,1.505208
2014-05-22,144.313037,204.51804,20.081913,63.06572,1485.740215,113.501294,27.035417,1000.161111,13.670833,0,2.009722
2014-05-23,80.118056,150.244792,19.606061,52.147727,799.652778,130.694444,27.894792,1003.559375,13.141667,0,1.926736
2014-05-24,76.142361,99.284722,6.378788,46.164773,1004.340278,54.574653,20.9625,1001.835764,18.371875,0.495139,1.290278
2014-05-25,67.753472,120.201389,2.467803,28.636364,653.298611,59.03125,23.464583,1000.328125,6.465625,0.001389,2.748611
2014-05-26,22.111111,74.583333,4.856061,52.481061,433.333333,68.173611,26.318056,992.885764,3.377431,0,2.058681
2014-05-27,31.791667,132.934028,3.931818,42.087121,382.118056,66.130208,26.678819,990.271528,3.890278,0.002083,3.201389
2014-05-28,31.786458,88.361111,8.380682,54.193182,587.326389,96.305556,28.065972,994.082639,7.060069,0,2.105556
2014-05-29,42.800347,104.184028,10.172348,63.379167,652.083333,107.704861,30.530556,991.979514,9.105208,0,1.422917
2014-05-30,83.689394,161.423295,36.074242,60.728009,1527.982955,176.60464,29.012847,999.777083,12.810417,0,1.784028
2014-05-31,107.804924,199.797727,43.538889,64.123843,2102.651515,152.282197,27.237153,1001.172222,15.313194,0.613542,1.597917
2014-06-01,44.347348,54.419318,2.588426,27.570891,652.19697,128.258712,23.358333,1002.571528,16.112847,0.445833,1.870139
2014-06-02,28.19697,37.587121,2.416667,31.486111,485.227273,104.871212,21.458681,1005.201042,13.697222,0.000347,0.995833
2014-06-03,35.917929,55.25221,7.271465,43.600694,667.329545,114.181029,25.136111,1001.476042,12.964931,0,1.468056
2014-06-04,55.956597,92.15625,9.503472,50.369792,906.944444,110.518466,25.204861,999.999306,15.068403,0,1.236458
2014-06-05,61.916667,98.671875,10.677083,47.802083,841.666667,126.4375,27.754514,998.083681,15.877431,0,1.309722
2014-06-06,54.041667,84.059028,10.069444,44.255208,975.694444,56.203125,21.263194,998.509722,17.21875,0.896181,1.697569
2014-06-07,9.517361,23.71875,2.375,26.741319,345.486111,66.529514,22.826736,997.777083,10.555903,0,1.968056
2014-06-08,24.986111,53.840278,7.295139,51.861111,658.159722,53.798611,21.254514,996.111111,13.659028,0.170833,1.364583
2014-06-09,27.827652,48.185448,6.405145,42.4244,608.080808,75.494949,22.636111,998.690625,12.729167,0.019097,1.563889
2014-06-10,66.137153,76.010417,6.470486,41.921875,1159.027778,78.684028,21.271181,1002.68125,16.226736,0.329514,1.173611
2014-06-11,42.038194,47.923611,3.149306,32.053819,744.097222,76.151042,23.966319,1003.529514,14.704514,0,1.335417
2014-06-12,25.027778,50.111111,5.914931,38.246528,531.076389,93.961806,27.685417,999.823264,13.830556,0,1.480208
2014-06-13,47.645833,76.765625,7.836806,41.109375,842.881944,101.09375,24.810069,1001.256597,17.347569,0.227778,1.379167
2014-06-14,36.395833,58.170139,3.409722,36.088542,615.104167,124.711806,25.765972,1000.3,17.595833,0,1.197917
2014-06-15,103.472222,135.28125,14.473958,50.317708,1194.618056,142.798611,26.237153,998.174306,18.486806,0.355208,1.278125
2014-06-16,124.401042,138.342014,3.673611,41.232639,1002.951389,125.128472,25.599653,996.027778,19.323958,0.013889,1.313542
2014-06-17,78.178819,83.03125,3.380208,33.774306,878.125,113.520833,21.865278,996.451389,18.783681,1.55,1.508681
2014-06-18,59.239583,69.380208,3.973958,35.612847,718.055556,97.857639,24.564236,996.560069,17.839583,0,1.528819
2014-06-19,116.904672,125.266098,6.139362,43.397412,1188.620581,96.112058,23.890972,998.409375,18.954167,0.281597,1.583681
2014-06-20,42.195076,48.344697,2.503788,25.973485,784.469697,92.611742,22.942708,1001.075,17.576736,0.585764,1.482292
2014-06-21,66.93529,68.97096,4.75947,33.20423,970.675505,89.080492,22.161806,1002.461806,17.378472,0.323611,1.386806
2014-06-22,30.194444,39.284722,2.40625,29.402778,586.868687,86.909722,22.272569,1002.720833,16.747917,0.001042,1.302083
2014-06-23,22.484375,40.75,2.237847,35.098958,463.715278,92.647569,25.069444,1001.470833,15.020139,0,1.274653
2014-06-24,50.605903,83.951389,5.618056,49.40625,735.763889,126.144097,26.523611,998.052083,16.635069,0,1.51875
2014-06-25,100.541667,120.336806,11.03125,48.711806,1213.541667,86.973958,24.564931,997.193056,19.320833,0.008333,1.479861
2014-06-26,121.022569,128.744792,4.001736,33.557292,1048.090278,117.065972,27.251042,996.825694,20.613542,0.047222,1.355208
2014-06-27,18.498264,33.736111,2.958333,34.208333,424.131944,78.157986,28.531597,1000.315625,12.595486,0,1.848611
2014-06-28,19.565972,44.385417,4.909722,38.961806,425,78.107639,29.050694,999.235764,12.775347,0,1.513194
2014-06-29,44.3125,83.211806,12.223801,45.689236,1061.805556,121.578125,28.703819,999.659722,16.505903,0,1.319792
2014-06-30,72.477431,115.878472,15.017992,51.201389,1143.75,149.947917,29.367361,999.372222,17.257986,0,1.510764
2014-07-01,108.253472,144.59375,23.222222,42.894097,1148.958333,141.131944,27.499653,998.294792,19.226042,0.808681,1.689583
2014-07-02,56.376736,59.708333,3.145833,28.402778,879.513889,99.083333,23.177431,996.954167,21.287847,0.298264,1.106944
2014-07-03,193.78346,191.643624,5.094381,38.859533,1294.886364,85.789141,25.885417,995.083681,22.640972,0.003819,1
2014-07-04,185.440657,186.806818,4.15404,38.572917,1266.729798,112.551768,27.765278,998.545833,22.922569,0,1.388194
2014-07-05,133.022917,136.677431,3.991319,36.125347,1150.868056,110.577778,27.714931,1000.441319,21.775,0,1.680208
2014-07-06,201.309028,204.645833,8.0625,33.734375,1330.555556,131.258681,28.071181,998.665625,23.03125,0,1.534722
2014-07-07,163.6875,170.944444,9.119792,39.564236,1183.506944,113.107639,28.2,996.384375,22.869444,0.047222,1.561806
2014-07-08,91.041604,104.958081,8.295518,39.563447,791.666667,76.125505,28.762153,996.086458,17.136458,0,1.591667
2014-07-09,22.277778,52.301452,5.552715,48.199337,517.171717,54.059343,27.422222,997.967708,14.852431,0,1.322569
2014-07-10,27.556723,69.659186,8.340846,42.942077,521.511995,93.514836,29.765972,993.689931,15.385417,0,1.759375
2014-07-11,25.986427,57.947601,4.896465,39.106061,447.695707,81.900253,29.54375,993.772569,14.755556,0,1.560069
2014-07-12,12.045139,30.298611,2.673611,30.902778,308.333333,87.246528,29.105903,996.222569,12.115625,0,1.79375
2014-07-13,15.883681,43.612847,3.135417,37.236111,389.409722,69.227431,28.050694,996.197917,14.219444,0.042708,1.532292
2014-07-14,25.694444,56.184028,4.545139,42.536458,512.673611,106.211806,28.805556,996.171528,15.491319,0,1.372222
2014-07-15,46.152778,109.147569,5.585069,28.401042,544.791667,140.222222,27.569792,997.470833,18.014236,0.093403,2
2014-07-16,104.295139,112.605903,5.03125,40.1875,911.55303,101.229167,25.278125,997.559722,21.186806,0.628472,1.372917
2014-07-17,132.194444,134.399306,4.444444,40.322917,1831.628788,81.578125,25.676389,999.730903,22.063194,0.001042,1.125347
2014-07-18,141.298611,147.105903,7,36.814236,1631.02904,122.460069,29.209722,1000.846181,23.427778,0,1.250347
2014-07-19,82.255556,104.515972,3.063194,32.661111,753.472222,108.628125,31.242014,1001.846181,23.894444,0.006944,1.696181
2014-07-20,68.579861,84.201389,4.027778,25.029167,727.777778,112.55625,31.053819,998.359375,24.252431,0,1.953472
2014-07-21,25.975694,38.371528,4.930556,23.805556,479.166667,71.215278,30.566319,996.087153,18.83125,0.023264,2.063542
2014-07-22,11.748611,31.012153,7.073611,39.666319,472.847222,37.773264,27.373958,1000.274653,16.930903,0.000694,1.245833
2014-07-23,25.793056,65.399306,5.853472,59.272917,706.840278,44.188699,26.75,997.730903,18.535764,0,0.922222
2014-07-24,61.526042,100.720486,6.395833,68.892361,976.388889,51.541667,26.181597,999.412153,20.354167,0.003472,1.03125
2014-07-25,63.580966,80.850694,7.119792,41.736111,1199.826389,112.757576,27.712153,999.615278,17.501736,0,1.677431
2014-07-26,96.958333,129.986111,10.385417,39.447917,1193.75,158.730745,29.229861,1002.002083,18.419097,0,1.777083
2014-07-27,108.685606,148.3125,17.859375,36.524306,985.416667,163.503472,29.51875,1001.63125,18.541319,0,1.797222
2014-07-28,117.962121,143.453598,8.508838,31.907513,920.517677,140.817235,29.624306,997.704167,20.315625,0,1.904861
2014-07-29,123.178346,144.243845,4.948548,28.054293,836.994949,137.173611,29.163542,996.76875,21.225694,0.352431,2.286111
2014-07-30,120.260417,122.131944,2.864583,27.701389,1368.055556,109.017361,25.410764,999.455903,22.447569,0.54375,1.242361
2014-07-31,193.591319,194.487153,3.517361,34.426736,1605.208333,114.66875,27.621528,1000.650694,22.871528,0.000347,1.374306
2014-08-01,151.25,154.541667,3.465278,34.779514,1345.659722,111.027778,28.179514,1000.05,23.329514,0.002083,1.343403
2014-08-02,124.774306,133.267361,3.161458,39.815972,1074.305556,108.137153,29.525694,996.939236,24.328819,0,1.222222
2014-08-03,112.830745,122.358523,2.75423,38.819003,1021.496212,110.494318,29.378125,994.918403,24.266667,0,1.111111
2014-08-04,31.073422,38.645076,2.837121,35.668213,609.217172,38.853851,24.091667,998.424653,20.771528,0.382639,1.436458
2014-08-05,24.856597,41.238542,5.484375,36.597538,577.083333,64.331944,25.342708,1000.538194,19.010069,0,1.151736
2014-08-06,30.736458,54.628819,3.09375,44.985833,565.625,68.220486,27.895486,1001.209028,15.758333,0,1.478472
2014-08-07,61.572917,88.270833,10.447917,44.305556,1138.541667,125.560764,27.326042,1002.923264,16.834375,0,1.610417
2014-08-08,64.980903,93.677083,8.213542,43.890625,1064.236111,121.567708,26.924306,1002.255903,16.658333,0,1.568403
2014-08-09,84.413194,115.027778,9.260417,41.402778,1088.194444,128.46875,25.868056,999.792014,17.465972,0.328472,1.61875
2014-08-10,33.21875,47.784722,3.126736,33.651042,603.472222,110.522569,26.318403,996.952083,18.764931,0.001389,1.459028
2014-08-11,22.635417,40.090278,3.072917,37.413889,463.194444,84.080208,28.209028,998.2125,13.661458,0,1.642014
2014-08-12,24.230366,49.182986,4.980556,43.459028,632.465278,98.312847,26.837847,999.806597,13.721181,0.105556,1.457292
2014-08-13,25.592803,32.639236,2.066319,34.581597,613.020833,57.845833,20.783681,1002.223958,18.791667,0.414236,1.062153
2014-08-14,29.304924,39.630208,3.905903,39.078125,631.944444,76.25,23.440278,1001.304167,17.037847,0.001042,1.413194
2014-08-15,35.600537,62.682292,5.107639,48.206597,623.263889,87.475694,25.572222,1000.372917,16.604167,0.001042,1.316319
2014-08-16,54.447569,87.222222,6.582639,48.353472,862.5,126.805208,26.944792,1001.509722,17.590972,0,1.358333
2014-08-17,53.968056,79.63125,4.611111,31.888889,778.472222,136.912847,26.570833,1003.789583,17.153819,0,1.749653
2014-08-18,59.619097,82.639931,5.797917,36.347222,828.472222,124.693056,26.348264,1005.453125,17.771528,0,1.508333
2014-08-19,85.260417,116.458333,6.059028,40.680556,969.444444,129.659722,27.051389,1004.839931,18.751389,0,1.547917
2014-08-20,104.284722,143.703125,13.702778,40.348264,1073.263889,133.738194,27.826389,1002.280556,19.584722,0,1.572917
2014-08-21,126.671181,165.344792,8.905903,48.140278,1144.097222,125.709722,27.172917,1000.912847,20.408333,0.099306,1.396875
2014-08-22,51.202778,78.360764,3.495486,58.003819,796.527778,59.567361,24.647917,1001.248264,19.423264,0.001736,0.965625
2014-08-23,107.388889,132.503472,5.118056,54.961806,1092.361111,109.027778,26.625347,999.080903,20.529861,0.420833,1.384375
2014-08-24,17.666667,37.642361,4.385417,27.215972,445.3125,73.598611,26.478125,1001.069792,14.901042,0.034722,1.840625
2014-08-25,16.055208,37.077778,3.954861,35.287153,435.9375,65.860069,26.151042,1004.938542,11.931597,0,1.695139
2014-08-26,22.427083,61.625,5.953125,53.529514,516.319444,68.166667,26.165625,1006.686806,10.359375,0,1.234375
2014-08-27,47.666667,108.027778,7.947917,57.288194,695.833333,106.052083,26.160417,1006.851389,13.414236,0,1.429514
2014-08-28,79.755177,116.388826,7.261774,52.962311,912.405303,100.528299,24.079167,1008.229167,17.642708,0.130903,1.271528
2014-08-29,73.766414,82.1875,4.345802,33.951231,974.38447,114.791824,23.013542,1009.277431,18.017361,0.036458,1.06875
2014-08-30,130.680556,141.565972,4.772569,57.392361,1548.784722,44.996528,23.180903,1008.395486,20.225694,0.280556,1.177431
2014-08-31,63.579861,67.152778,2.475694,28.944444,984.548611,88.298611,22.696875,1006.8625,19.589236,0.400694,1.352083
2014-09-01,95.174621,97.894444,3.440972,45.042708,1598.958333,57.272917,22.486806,1006.407986,20.423958,1.089931,1.163194
2014-09-02,20.037879,20.979167,2.1875,30.53125,844.791667,59.423611,20.138542,1004.532639,18.544097,0.892708,1.220139
2014-09-03,14.708333,32.576389,5.546875,37.053819,547.048611,58.060764,22.977778,1003.043056,13.913542,0.000347,1.545139
2014-09-04,40.076231,91.890625,5.663194,61.421875,814.0625,76.288668,24.994097,998.875347,15.266667,0,1.415972
2014-09-05,88.222222,138.980903,9.314236,50.043403,1033.854167,111.336806,24.447222,1003.468056,17.926389,0,1.492361
2014-09-06,138.6875,154.916667,12.305556,38.489583,1418.402778,110.576389,24.770486,1004.620833,19.560764,0,1.350347
2014-09-07,150.541667,173.895833,9.885417,44.378472,1258.159722,91.618056,24.865625,1001.657986,18.867014,0.005208,1.211806
2014-09-08,13.34375,32.90625,4.125,23.645833,341.666667,73.892361,23.927431,1004.022917,6.135417,0,1.71875
2014-09-09,35.208333,83.090278,5.453125,46.875,631.25,86.633681,22.306944,1004.022222,12.122222,0,1.181597
2014-09-10,64.953125,112.503472,11.527778,56.880208,1098.784722,92.552083,22.789583,1007.573958,14.209375,0,1.432639
2014-09-11,82.567708,126.039931,17.600694,62.684028,1457.465278,64.223958,21.899653,1007.886111,16.366667,0.06875,1.228472
2014-09-12,72.920139,82.107639,4.017361,50.350694,955.208333,45.138889,21.071875,1008.682986,17.039583,0.033681,0.932639
2014-09-13,66.640625,93.701389,7.541667,48.215593,790.277778,73.506944,22.567014,1008.083681,15.242708,0,1.449306
2014-09-14,40.901042,69.814236,3.559028,45.481061,528.125,39.689236,20.181597,1011.071528,10.024653,0,1.227431
2014-09-15,17.888731,45.006155,5.09233,36.505682,395.975379,39.824653,20.542014,1012.146875,5.327431,0,1.607986
2014-09-16,39.328567,91.873737,5.107986,65.987847,593.371212,24.038194,17.928819,1012.1875,9.273264,0,1.158681
2014-09-17,53.300221,89.077967,4.06029,62.075442,711.016414,30.260417,17.877431,1014.387847,11.825694,0,1.146528
2014-09-18,61.847222,87.680556,3.755682,57.543245,722.449495,63.635417,19.528472,1013.013889,9.988889,0,1.107986
2014-09-19,84.373264,116.532986,6.739583,58.65404,884.517045,61.524621,18.923611,1006.050694,13.51875,0.078125,1.239236
2014-09-20,120.282986,130.265625,5.241319,52.460227,1175.868056,82.657197,21.253125,1004.104167,15.921528,0.001042,1.165625
2014-09-21,101.739583,119.704861,15.151042,47.513258,1719.791667,65.035985,21.488889,1010.836806,15.579861,0,1.21875
2014-09-22,95.1875,111.819444,10.956597,59.897412,2031.770833,21.392045,20.140972,1012.236458,17.052431,0.204861,1.106944
2014-09-23,47.715278,47.100694,2.706597,42.467014,1057.638889,12.268939,17.792014,1011.266667,16.863889,0.647917,1.133333
2014-09-24,28.677083,37.850694,2.833333,34.088542,872.916667,37.80303,19.994444,1010.130903,15.546528,0.215972,1.262153
2014-09-25,107.802083,117.911458,3.354167,52.119792,1287.5,29.632576,18.632639,1010.045486,16.151736,0,1.139583
2014-09-26,125.793403,129.25,9.826389,61.288194,1570.486111,26.155303,18.838889,1005.176736,16.295833,0.16875,1.291667
2014-09-27,29.291667,46.1875,3.295139,41.092014,571.875,46.229167,19.376389,1009.952431,10.246528,0,1.273958
2014-09-28,58.602431,103.934028,8.986111,66.428504,1222.916667,20.367424,18.245139,1009.923264,13.200694,0,1.046528
2014-09-29,51.595486,72.871528,3.967014,38.58286,879.6875,31.361427,18.326389,1013.411458,7.844097,0,2.085764
2014-09-30,24.234375,51.901042,7.310764,40.928819,619.965278,23.104167,12.730903,1019.465972,2.018403,0,1.448958
2014-10-01,66.743056,92.427083,4.815972,58.586806,960.069444,4.163194,11.471875,1010.149653,7.951042,0.458333,1.076389
2014-10-02,55.135417,55.135417,4.430556,47.96875,948.4375,16.78125,14.452431,1007.147569,10.608681,0.002431,1.007639
2014-10-03,95.027146,103.087437,5.387311,56.941604,1667.392677,9.765625,14.706597,1011.330208,12.115278,0.064583,1.023958
2014-10-04,75.153567,75.400884,2.949811,41.885417,1108.42803,33.697917,14.872222,1013.121528,13.276389,0.086458,1.307986
2014-10-05,29.994792,29.994792,2.463542,35.682292,705.555556,35.131944,14.917014,1018.38125,6.047222,0,1.698958
2014-10-06,27.559028,37.736111,3.034722,48.934028,466.840278,35.565972,13.994444,1017.807639,4.028125,0,1.160764
2014-10-07,118.201389,155.034722,10.600694,82.291667,1156.25,37.045139,14.246875,1013.54375,8.430208,0,0.879167
2014-10-08,254.682292,269.71875,9.875,101.288194,2072.569444,29.232639,15.039931,1012.936806,11.881597,0.024306,0.847222
2014-10-09,328.980271,333.666351,6.187027,90.968277,2262.863005,35.305556,15.898264,1013.463889,13.514931,0,0.65
2014-10-10,300.342803,302.383207,13.236427,83.650884,2341.871843,52.105903,16.665972,1015.667014,14.272917,0,0.765625
2014-10-11,195.159722,195.722222,6.856061,61.371212,1834.848485,47.78125,16.707986,1016.105903,12.324306,0,1.548958
2014-10-12,6.267361,6.53125,2.954545,22.022727,247.159091,45.901515,15.185764,1024.429861,-1.848264,0.001042,2.240972
2014-10-13,13.163194,18.805556,4.677715,33.798295,325.189394,35.359217,11.226389,1020.679167,-4.294444,0,1.447917
2014-10-14,42.480903,78.611111,7.453125,60.565972,678.645833,26.182292,12.346528,1012.663194,1.857292,0,1.341319
2014-10-15,41.866319,94.901042,4.482639,42.302083,567.708333,36.163194,14.115625,1009.701736,-1.630556,0,2.487153
2014-10-16,32.704861,93.189236,7.881944,51.322917,599.305556,33.885417,12.673264,1014.429861,-0.999306,0,1.671181
2014-10-17,94.649306,174.996528,11.126736,102.618056,1185.590278,25.399306,13.784375,1009.806597,4.328819,0,0.930556
2014-10-18,151.809028,228.451389,17.649306,114.809028,1978.125,47.482639,15.390972,1010.166319,7.655903,0,0.857639
2014-10-19,246.588479,308.216256,12.948264,116.572885,2391.875,30.369792,16.381944,1008.340972,12.051389,0,0.949653
2014-10-20,207.777146,220.551768,5.121654,78.765593,1591.530934,29.254893,15.809028,1012.340278,12.395139,0,1.091667
2014-10-21,37.876736,52.597222,18.488194,59.1625,1255.416667,17.764331,12.245139,1018.257986,-0.188194,0,1.358681
2014-10-22,72.458333,141.496528,11.274306,75.182292,1290.625,4.850694,10.910764,1016.022917,4.828472,0,1.183333
2014-10-23,123.423611,179.201389,12.994792,83.927083,1573.784722,10.461806,12.670486,1008.725694,8.033681,0,0.888542
2014-10-24,221.803346,259.026199,11.646149,88.626894,2108.712121,26.71875,12.532639,1005.294444,9.844444,0,0.735764
2014-10-25,300.647412,311.398043,7.416667,89.515152,2420.265152,33.155934,13.682292,1005.505208,11.368056,0,0.744444
2014-10-26,67.548611,68.920139,2.924242,41.515152,741.098485,40.473485,13.975347,1018.577083,-4.458681,0,2.311458
2014-10-27,25.96875,39.678819,12.246591,51.618308,673.901515,24.097348,9.434375,1025.211806,-5.229861,0,1.510417
2014-10-28,59.697917,103.809028,11.590909,67.348485,986.55303,14.268939,9.224306,1020.707986,2.826389,0,1.018403
2014-10-29,103.539931,155.980903,13.060606,86.5,1261.55303,17.846591,10.971181,1017.838194,5.05625,0,0.758681
2014-10-30,154.825758,185.817235,17.281818,99.129545,1660.909091,11.30303,12.257292,1016.497917,7.781597,0.020833,0.640972
2014-10-31,151.036301,160.17077,10.771528,87.721181,2113.263889,10.087753,12.79375,1014.339931,9.671875,0.001389,0.699653
2014-11-01,53.902778,68,6.142361,47.503472,1004.513889,25.378472,11.704861,1015.3125,-0.622917,0,1.834375
2014-11-02,7.140104,23.696528,4.133681,22.690278,323.958333,46.611632,10.429514,1017.454861,-10.061806,0,2.732639
2014-11-03,23.81029,52.245265,5.426263,44.718277,732.130682,30.471875,9.704514,1014.997222,-3.836458,0,1.365972
2014-11-04,97.263889,138.535417,18.989583,72.052778,1373.333333,26.092014,7.882292,1013.190278,0.143403,0,0.94375
2014-11-05,64.847222,81.631944,7.1875,45.833333,1043.402778,35.069444,11.75625,1013.888889,-4.038889,0,1.903819
2014-11-06,9.529514,21.760417,3.214646,22.586806,344.097222,48.102431,8.386458,1018.506944,-8.841667,0,1.772917
2014-11-07,42.194444,66.559028,13.859375,47.946181,1186.631944,15.552083,4.649306,1020.743056,-4.23125,0,0.928472
2014-11-08,67.795139,83.131944,12.166667,55.972222,1409.027778,23.819444,4.925347,1021.517361,-1.571528,0,0.890625
2014-11-09,56.097222,67.9375,7.069444,55.732639,1085.069444,28.326389,6.187153,1019.163194,-2.707292,0,0.922569
2014-11-10,67.78125,82.810764,9.142361,67.210069,1315.798611,18.638889,6.472917,1016.472222,-2.315972,0.002083,0.800694
2014-11-11,33.958333,68.680556,4.197917,30.920139,677.430556,38.524306,9.034896,1014.722222,-6.34375,0,2.919792
2014-11-12,5.428819,41.376736,3.045139,10.394097,220.833333,62.96875,5.930208,1018.520833,-17.5625,0,3.847222
2014-11-13,22.055556,43.454861,7.434028,45.996528,730.208333,29.583333,4.931597,1017.652778,-11.309722,0,1.477083
2014-11-14,33.017361,58.954861,15.072917,56.710069,1026.736111,17.315972,5.078819,1018.603472,-9.078819,0,1.102431
2014-11-15,108.751736,161.263889,36.869792,94.758681,2195.659722,5.6875,4.600347,1019.188368,-6.793403,0,0.880382
2014-11-16,76.715278,101.663194,16.84375,56.340278,1606.597222,28.597222,6.457639,1019.569444,-5.260417,0,2.068403
2014-11-17,21.694444,38.784722,13.836806,45.621528,736.111111,32.128472,6.085764,1022.224653,-8.207986,0,1.396875
2014-11-18,67.737847,111.975694,30.171875,78.96875,1772.916667,9.564236,4.612847,1020.0875,-5.925694,0.001042,0.931597
2014-11-19,221.510417,286.637153,45.059028,123.590278,3336.111111,4.548611,3.483333,1015.152778,-2.389236,0,0.988194
2014-11-20,296.921875,357.944444,31.274306,138.487847,3746.701389,5.145833,3.4,1013.290278,-0.307292,0,1.040625
2014-11-21,188.085069,228.387153,20.967014,111.203125,2826.736111,14.085069,5.338542,1016.795139,-5.630208,0,1.211111
2014-11-22,33.243056,55.390625,14.680556,56.055556,854.513889,24.574653,5.787847,1022.434028,-10.319792,0,1.269444
2014-11-23,116.791667,162.631944,22.621528,90.385417,2359.027778,3.819444,4.044444,1021.305208,-0.868056,0,0.947569
2014-11-24,68.586806,93.475694,15.597222,68.802083,1609.375,16.975694,4.872569,1021.835417,-7.128472,0,1.325694
2014-11-25,138.881944,181.503472,30.125,94.954861,2472.222222,7.065972,2.874306,1017.965278,-2.178819,0,1.058333
2014-11-26,237.625,293.328125,35.652778,121.881944,3565.625,4.246528,3.750694,1015.96875,0.070139,0,0.970139
2014-11-27,70.470486,100.118056,11.340278,57.010417,1175.347222,26.048611,5.312153,1017.505556,-10.993056,0,1.713194
2014-11-28,78.453125,146.107639,22.614583,71.881944,1609.895833,13.282986,4.616667,1015.826389,-4.142708,0,1.125347
2014-11-29,221.589931,306.272222,19.080903,92.929514,3432.986111,2.9375,2.03125,1017.810764,-0.211111,0.017708,0.988194
2014-11-30,85.628472,238.496528,9.232639,39.232639,1284.201389,34.53125,2.960764,1018.811111,-13.780556,0,4.028472
2014-12-01,10.907986,74.956597,5.451389,15.399306,448.263889,44.814236,-3.920139,1021.737153,-23.60625,0,3.976389
2014-12-02,38.932292,58.038194,21.840278,46.743056,1034.027778,20.519097,-4.757639,1020.359375,-20.650694,0,1.672917
2014-12-03,18.362847,52.638889,10.352431,25.355903,643.402778,42.09375,-2.592361,1021.690972,-24.293403,0,3.619444
2014-12-04,7.25,29.083333,6.526042,17.234375,329.6875,54.125,-1.708333,1023.583333,-24.320486,0,3.941667
2014-12-05,27.605903,48.331597,17.805556,42.796875,825.694444,33.482639,-1.905208,1023.503472,-21.122222,0,1.942361
2014-12-06,57.670139,84.397569,32.460069,67.930556,1717.361111,14.560764,-1.483681,1022.402778,-17.091319,0,1.264931
2014-12-07,48.673138,73.954072,27.004419,48.273201,1457.70202,24.863952,0.798264,1020.645833,-14.353819,0,2.167361
2014-12-08,57.321875,80.47691,29.189583,59.426562,1277.430556,21.445486,-1.145486,1021.916667,-13.502431,0,1.363542
2014-12-09,216.909722,274.098958,64.192708,108.477431,4803.993056,5.064236,-2.781597,1024.263889,-9.651736,0,1.164931
2014-12-10,127.001736,214.741319,27.215278,61.024306,2491.145833,32.125,-0.080208,1021.534722,-12.853125,0.000347,3.098264
2014-12-11,19.489583,35.430556,14.918403,31.649306,565.972222,41.706597,-0.419792,1024.319444,-17.144792,0,2.655208
2014-12-12,10.806713,41.445023,8.020833,21.920139,428.993056,40.993056,-0.25625,1022.829861,-20.085764,0,3.407292
2014-12-13,42.453009,80.741088,23.580556,49.042361,1114.375,23.696875,-0.352083,1022.541667,-17.745486,0,1.682292
2014-12-14,80.493056,121.014583,42.820486,74.404514,2045.173611,11.70625,-0.576042,1024.097222,-15.621528,0,1.3
2014-12-15,61.668403,115.361111,25.763889,43.269097,1434.548611,37.760417,-1.008333,1024.629861,-17.478819,0,3.912847
2014-12-16,6.807292,30.440972,6.059028,13.5,333.159722,49.71875,-2.770486,1022.086806,-21.270833,0,4.094444
2014-12-17,68.43166,112.614583,32.433712,63.5625,1569.002525,16.727588,-1.426389,1021.127778,-17.044097,0,1.572917
2014-12-18,130.310606,179.64881,70.676407,89.908009,3794.832251,6.386093,-2.428125,1021.580208,-10.557639,0,1.148264
2014-12-19,54.017803,77.908009,22.012987,44.135552,1547.402597,37.524892,0.053472,1021.063194,-14.710069,0,3.172569
2014-12-20,8.556818,15.787879,10.049242,23.905303,476.325758,36.337121,-2.145486,1024.288542,-19.831597,0,2.765278
2014-12-21,15.215909,35.734848,13.287879,29.965909,607.954545,35.136364,-2.046181,1022.107292,-19.490625,0,2.729861
2014-12-22,69.106061,112.715909,39.028409,72.323864,2066.287879,16.583333,0.597569,1019.788194,-13.608681,0,1.589931
2014-12-23,74.770833,110.931818,49.139394,76.306818,2393.560606,14.123106,0.810069,1020.058681,-13.304861,0.028472,1.310069
2014-12-24,11.977273,29.810606,16.609848,31.647727,497.727273,40.640152,1.825694,1023.361111,-15.293056,0.020833,2.5
2014-12-25,27.089015,41.755682,22.373485,53.238636,999.621212,28.759848,0.640972,1023.620139,-12.956944,0,1.553125
2014-12-26,115.3079,150.708171,59.223431,91.795292,3005.654762,5.843939,-1.939236,1024.545139,-10.561458,0,1.048958
2014-12-27,189.691847,230.252056,70.636418,125.134632,4113.795996,6.372538,-1.401736,1024.996528,-9.449306,0,1.101389
2014-12-28,120.140972,180.622348,50.93447,91.44375,2759.753788,20.79697,2.039931,1019.902778,-10.743403,0,1.771181
2014-12-29,96.092803,165.041667,41.439394,83.352273,2758.712121,19.901515,2.214931,1016.923611,-11.55,0,1.739583
2014-12-30,24.785985,58.774621,22.149621,51.333333,1038.825758,31.592803,2.667361,1020.21875,-13.835069,0,1.920139
2014-12-31,5.968119,45.945391,6.677462,12.045865,309.911616,53.774811,-2.110069,1024.65625,-22.961111,0,4.192361
2015-01-01,33.712121,55.823232,21.136995,43.262942,953.030303,31.753472,-2.364583,1023.809028,-22.592014,0,1.904861
2015-01-02,50.260417,79.100694,31.255208,59.928819,1330.555556,22.407986,-1.048611,1022.315972,-18.40625,0,1.748611
2015-01-03,146.454861,190.78125,66.685764,100.791667,3235.763889,8.711806,-2.826389,1010.645833,-15.4125,0,1.007292
2015-01-04,167.552083,204.010417,70.701389,110.418403,3764.236111,9.444444,0.076389,1009.628472,-13.414931,0,1.180903
2015-01-05,98.949653,153.758681,53.163194,65.359375,2665.798611,33.345486,3.392361,1012.857639,-13.778819,0,2.543403
2015-01-06,32.813447,47.306503,21.929609,39.170612,788.383838,38.228535,-0.295139,1020.743056,-21.905556,0,2.188194
2015-01-07,61.880208,80.114583,38.671007,64.684028,1764.756944,14.855035,-2.444444,1023.034722,-17.690625,0,1.037847
2015-01-08,135.034722,162.268056,51.421528,97.261806,3155.902778,7.178819,-2.322917,1022.913194,-13.115625,0,1.172222
2015-01-09,74.503472,88.086806,32.989583,63.274306,1573.611111,28.25,1.027778,1021.659722,-15.864236,0,1.867361
2015-01-10,147.138889,166.614583,55.274306,95.041667,2806.944444,18.170139,1.670139,1015.805556,-14.210069,0,1.522569
2015-01-11,36.333333,51.677083,18.012153,45.756944,867.708333,33.954861,2.166667,1025.756944,-14.120486,0,1.718403
2015-01-12,122.527778,137.345486,44.701389,76.732639,2252.777778,12.381944,-1.689236,1030.266667,-10.271181,0,1.333681
2015-01-13,156.048611,167.774306,54.493056,92.315972,2803.645833,7.944444,-2.558681,1026.399306,-9.125694,0,1.117708
2015-01-14,212.918403,221.067708,54.982639,100.611111,3079.513889,5.190972,-2.339236,1024.671528,-7.913889,0,1.03125
2015-01-15,327.246528,335.425347,35.890625,112.274306,4706.076389,5.8125,-3.149306,1021.694444,-7.278819,0,1.021875
2015-01-16,103.539931,114.696181,9.184028,40.659722,1532.465278,44.065972,-0.510417,1022.538194,-14.764583,0,3.270486
2015-01-17,60.048611,65.857639,30.038194,57.545139,1196.527778,26.199653,-2.746528,1025.034722,-16.162153,0,1.377778
2015-01-18,73.603125,111.259028,32.114583,55.095139,1575,33.693403,1.232639,1013.364583,-14.145486,0,2.906944
2015-01-19,42.032986,72.847222,24.352431,57.241319,1240.104167,28.991319,0.604167,1018.670139,-14.621528,0,1.507292
2015-01-20,84.616319,107.498264,44.098958,74.958333,1990.972222,11.678819,-0.868056,1016.131944,-9.907292,0,1.181597
2015-01-21,19.944444,26.333333,16.470486,34.059028,649.131944,42.545139,1.489583,1021.111111,-14.436806,0,2.259375
2015-01-22,99.107639,115.142361,39.416667,80.284722,2007.986111,14.180556,-1.770833,1017.975694,-13.417014,0,1.220139
2015-01-23,203.322917,220.357639,63.553819,118.532986,3466.666667,7.784722,-1.5,1012.322917,-11.389236,0,0.975694
2015-01-24,95.399306,107.645833,33.642361,69.809028,1985.763889,18.208333,0.524306,1019.145833,-8.664583,0.010764,1.383681
2015-01-25,134.836806,135.871528,16.078125,60.90625,1739.756944,12.232639,0.731944,1018.758681,-3.278125,0.001042,1.272222
2015-01-26,95.145833,101.838542,10.684028,40.870833,1556.25,32.753125,-0.802083,1022.333333,-13.435417,0,2.507292
2015-01-27,17.370139,23.846528,14.785764,29.558333,621.527778,41.030208,-4.09809,1029.774479,-21.664062,0,2.347917
2015-01-28,36.825,44.307639,21.469792,49.157639,1021.180556,26.328472,-2.534201,1027.584896,-19.526389,0,1.601042
2015-01-29,66.750631,75.998737,23.204545,42.573548,1251.499369,32.570391,-0.425347,1022.715278,-15.043924,0.000347,2.494792
2015-01-30,12.421875,21.345486,12.588542,25.543403,523.090278,49.479167,-1.978819,1029.195139,-21.581771,0,2.327431
2015-01-31,29.5625,38.208333,19.15625,42.663194,835.590278,32.34375,-2.351042,1031.282639,-21.993229,0,1.526736
2015-02-01,76.649306,86.246528,40.833333,67.177083,1898.611111,14.09375,-3.322917,1028.229167,-18.679514,0,1.08125
2015-02-02,139.53125,146.78125,57.140625,87.357639,2457.291667,11.296875,-1.689583,1026.130556,-15.295139,0.002431,1.230556
2015-02-03,113.510417,117.996528,28.347222,59.989583,1844.791667,36.645833,1.380208,1024.824653,-10.611979,0.000347,2.253993
2015-02-04,10.986111,31.229167,9.864583,20.128472,377.256944,60.842014,1.210417,1025.446181,-16.501389,0,3.333681
2015-02-05,27.590278,34.947917,16.423611,42.532986,700.694444,48.140625,2.076389,1024.96875,-14.491319,0,2.122569
2015-02-06,67.947917,77.854167,31.057292,74.208333,1783.506944,23.994792,2.272569,1015.925347,-13.042882,0,1.479861
2015-02-07,13.513889,26.368056,10.368056,22.340278,426.041667,66.142361,1.512847,1023.323958,-19.588021,0,3.104861
2015-02-08,23.951389,31.142361,16.931818,29.961806,584.201389,51.310764,-3.480208,1029.072917,-25.462326,0,1.990799
2015-02-09,108.812847,118.656597,47.976294,78.695486,1899.652778,22.538194,-2.057639,1021.14375,-20.273611,0,1.417535
2015-02-10,122.579861,132.932292,47.753472,93.998264,2381.076389,23.899306,2.227431,1009.848958,-16.136979,0,1.372049
2015-02-11,40.213542,54.03125,22.647569,43.295139,982.465278,53.914931,4.467014,1009.983681,-15.346181,0,2.015278
2015-02-12,32.668403,39.133681,16.550347,44.001736,771.875,54.381944,2.071181,1013.246181,-13.532118,0,1.51684
2015-02-13,124.3125,132.880208,34.586806,85.836806,2204.861111,26.335069,1.054861,1010.699306,-10.413368,0,1.293576
2015-02-14,236.861111,242.211806,55.855903,109.732639,3157.638889,31.118056,2.684028,1005.670139,-9.397917,0,1.1125
2015-02-15,282.40625,299.078125,78.623264,114.020833,4419.270833,16.878472,2.965278,1011.736111,-7.771528,0,1.161111
2015-02-16,121.725694,150.125,31.059028,54.645833,2265.277778,36.987847,4.652778,1011.461806,-10.417708,0,2.224306
2015-02-17,22.329861,40.027778,10.480903,28.684028,533.506944,55.161458,4.934722,1016.924306,-11.215278,0,2.077604
2015-02-18,46.336806,56.760417,18.5625,30.947917,736.979167,58.262153,4.530208,1023.661458,-12.871701,0,1.881771
2015-02-19,218.326389,250.364583,55.225694,42.270833,1493.055556,39.888889,1.548611,1021.96875,-7.215278,0.011458,1.761458
2015-02-20,138.569444,138.677083,8.947917,40.84375,1513.194444,23.475694,0.988542,1014.709375,-0.345486,0.254861,1.145312
2015-02-21,153.385417,271.668403,9.239583,32.909722,1648.958333,30.774306,1.107986,1010.985069,-6.760243,0.003125,2.893403
2015-02-22,44.114583,289.272569,4.276042,14.541667,395.833333,57.861111,-1.050694,1016.486458,-20.651042,0,4.074132
2015-02-23,54.267361,112.399306,20.510417,33.538194,785.069444,42.583333,0.280382,1014.327951,-14.669618,0,1.721181
2015-02-24,153.170139,212.725694,34.609375,58.631944,2125.347222,30.085069,1.018403,1009.377083,-7.229167,0,1.312153
2015-02-25,72.375,93.434028,10.190972,31.845486,1011.111111,49.642361,2.805903,1013.060764,-16.025347,0,2.818056
2015-02-26,12.805556,22.413194,6.663194,18.892361,393.75,61.902778,1.357986,1019.657292,-20.627431,0,2.598958
2015-02-27,23.513889,36.836806,13.715278,30.154514,668.75,44.607639,-0.280208,1026.564236,-14.669792,0,1.753819
2015-02-28,123.734375,135.743056,8.34375,40.541667,1274.131944,21.541667,0.135069,1019.91875,-3.82691,0.050868,1.896528
2015-03-01,45.154514,90.854167,11.951389,39.869792,897.048611,45.612847,4.906713,1014.440509,-13.471181,0,2.475347
2015-03-02,53.715278,82.680556,17.8125,45.536458,1373.4375,42.5,6.169841,1006.171677,-12.768056,0,2.603819
2015-03-03,8.071181,48.107639,2.569444,10.836806,283.333333,71.079861,1.826389,1017.837153,-24.855903,0,4.067708
2015-03-04,23.737847,39.998264,12.086806,31.305556,630.555556,49.434028,0.895255,1022.456366,-24.49375,0,1.894097
2015-03-05,110.329861,133.84375,47.241319,59.6875,1565.451389,34.357639,1.907639,1019.927951,-17.191319,0,2.053472
2015-03-06,195.572917,217.489583,59.263889,82.163194,2131.25,28.541667,2.600694,1013.283623,-10.570139,0,1.315278
2015-03-07,229.909722,243.454861,41.142361,82.048611,2351.041667,44.118056,5.162847,1012.804861,-5.320833,0,1.361111
2015-03-08,124.034722,139.878472,21.236111,51.532986,1372.569444,45.651042,6.137847,1016.436111,-10.960764,0,2.468403
2015-03-09,7.758681,28.34375,3.166667,14.845486,310.069444,71.612847,0.541319,1029.771181,-27.742014,0,3.288889
2015-03-10,31.392361,44.203125,13.223958,39.894097,755.776515,50.364583,1.920486,1024.438194,-22.102778,0,2.083333
2015-03-11,38.592014,54.128472,14.309028,47.821181,937.121212,44.446181,4.445833,1017.190972,-19.049653,0,1.909028
2015-03-12,69.409722,88.90625,23.110322,64.895991,1390.40404,31.196023,5.630903,1011.011111,-14.952083,0,1.570139
2015-03-13,64.430556,78.826389,21.529514,60.201389,1304.6875,39.128472,5.578819,1015.826042,-14.08125,0,1.711458
2015-03-14,97.010417,117.798611,40.236111,83.552083,1863.020833,16.772569,4.463889,1015.131597,-5.983333,0,1.531597
2015-03-15,102.006944,195.677083,26.256944,71.944444,1670.138889,46.034722,9.452257,1010.887847,-10.397222,0,1.952083
2015-03-16,208.366319,294.661458,33.661458,84.887153,2007.118056,19.404514,9.997222,1006.219792,0.516319,0,1.492014
2015-03-17,182.822917,219.347222,16.385417,57.774306,1697.916667,52.934028,11.064931,1013.169444,-1.995833,0,2.142361
2015-03-18,47.666667,82.998264,12.532986,49.727431,765.104167,53.685764,9.168056,1010.468403,-8.302431,0,1.607639
2015-03-19,82.649306,207.927083,11.329861,71.027778,1089.583333,39.069444,11.406597,1010.753472,-8.363194,0,1.635069
2015-03-20,43.878472,199.475694,6.243056,46.246528,548.958333,57.612847,13.99375,1011.602083,-13.406597,0,2.063542
2015-03-21,19.107639,103.878472,4.253472,28.104167,347.222222,67.111111,14.483333,1012.444097,-18.495833,0,3.055903
2015-03-22,20.354167,104.291667,4.092014,21.289931,343.75,71.076389,10.213194,1021.620139,-17.354861,0,3.038542
2015-03-23,34.802083,84.052083,7.335069,43.600694,693.055556,47.331597,10.155208,1022.909375,-13.698958,0,1.921181
2015-03-24,76.862847,121.819444,29.109375,67.364583,1797.916667,48.951389,9.556597,1025.422222,-8.448958,0,1.781944
2015-03-25,123.0625,157.25,40.946181,78.800347,1821.354167,53.267361,10.894444,1024.516319,-1.840625,0,1.773611
2015-03-26,107.546875,155.477431,21.927083,56.522569,1022.222222,79.592014,13.823264,1022.459375,-1.333681,0,2.303819
2015-03-27,107.605903,150.136258,28.06834,55.572128,1009.722222,83.882418,14.352083,1014.542708,0.85,0,2.054514
2015-03-28,66.479167,265.616319,8.611427,32.461806,521.527778,69.944444,17.605556,1007.289583,-0.402083,0,3.038194
2015-03-29,75.145833,285.006944,18.25947,65.670139,1028.298611,55.208333,15.663194,1008.538194,0.689931,0,1.849306
2015-03-30,148.645833,337.871528,29.629104,63.056187,1389.930556,73.065972,16.754514,1003.107639,6.094792,0,1.488542
2015-03-31,129.046701,150.748611,16.749132,56.131439,1895.3125,39.793056,12.920139,1009.066667,7.580208,0.144444,1.777083
2015-04-01,57.010417,70.07691,5.090278,47.102273,691.666667,41.173611,9.843403,1014.397222,-0.776389,0.028819,1.309722
2015-04-02,35.59375,36.80625,3.996528,26.155303,698.958333,65.902778,9.002778,997.535417,3.011806,0.586806,2.360417
2015-04-03,28.732639,35.230903,4.092014,27.314394,567.361111,88.732639,12.323611,1005.84375,1.119792,0,2.218056
2015-04-04,62.850694,71.334722,5.166667,36.568182,635.763889,91.340278,12.476389,1006.510069,1.945139,0,1.987153
2015-04-05,53.414931,93.307292,3.204861,29.833333,462.673611,66.373264,12.669792,1012.332986,-5.424653,0,3.683681
2015-04-06,20.840278,30.963542,2.348169,18.643939,304.6875,70.397569,7.590972,1024.224306,-12.454167,0,2.699306
2015-04-07,23.319444,37.572917,3.989583,23.077652,346.180556,69.552083,8.404861,1024.971181,-12.38125,0,2.394792
2015-04-08,97.604167,119.261806,13.722222,47.443182,847.222222,55.855903,8.951042,1018.336111,-2.474653,0,2.094444
2015-04-09,163.121528,176.789931,17.277778,59.607955,1192.708333,58.989583,11.241667,1014.208333,1.953819,0,1.805208
2015-04-10,151.614583,162.679514,10.330208,60.710606,1068.402778,65.190972,13.942014,1013.355208,2.946875,0.000347,1.699306
2015-04-11,136.001736,136.109722,16.010417,44.895833,1678.125,76.482639,14.157986,1014.015972,6.808333,0.646181,2.465278
2015-04-12,12.318056,25.470139,2.232639,12.523295,269.965278,76.108854,7.998927,1019.843971,-3.04375,0.067361,4.157986
2015-04-13,27.019097,35.615972,3.142361,22.066288,375.868056,97.602431,11.728819,1018.803125,-1.673611,0.004167,2.625
2015-04-14,54.606597,84.651389,5.698958,56.406061,707.986111,62.790278,16.350694,1002.230903,0.340972,0,1.851389
2015-04-15,109.001736,252.006944,14.522569,70.44697,938.715278,54.508681,17.458333,994.278472,2.889236,0,2.080208
2015-04-16,29.479167,134.3372,3.163194,14.515152,238.652146,87.059028,16.338542,1005.426736,-12.578125,0,4.592708
2015-04-17,73.294823,174.048611,16.692708,54.507576,663.888889,57.423611,17.392361,1002.830903,-1.572917,0,2.127431
2015-04-18,127.673611,244.586806,24.355903,83.176136,1402.777778,51.994792,17.809722,1004.927778,7.192014,0.00625,1.225694
2015-04-19,61.791667,112.246528,5.524306,35.477273,602.777778,63.100694,17.251736,1008.484375,-0.299306,0,2.330903
2015-04-20,65.114268,107.869949,6.846907,41.873106,751.862374,68.352273,15.620486,1008.427778,-0.292361,0,2.398958
2015-04-21,60.936806,127.174874,7.937816,42.354167,609.532828,70.837437,18.598264,1004.386806,-0.153472,0,2.186111
2015-04-22,46.175347,99.684028,8.402778,45.303977,584.375,79.453125,18.514583,1010.797917,0.237847,0,2.569792
2015-04-23,54.913194,107.076389,10.935764,49.989583,614.756944,60.927083,19.991667,1008.875347,-1.089583,0,1.83125
2015-04-24,52.869318,156.258681,7.668403,46.319444,614.756944,80.286458,19.035764,1014.511806,-0.119444,0,2.151042
2015-04-25,74.933554,158.125,12.395833,65.114583,826.736111,100.0625,22.278819,1008.354861,3.696181,0,2.146181
2015-04-26,100.380208,181.439236,21.302083,51.736111,973.4375,131.463542,24.097569,1003.608333,10.101389,0,2.295486
2015-04-27,81.664931,134.065972,12.611111,46.284722,900.868056,104.286458,21.807639,999.409722,12.951736,0.126736,1.752083
2015-04-28,43.798611,68.114583,5.850694,38.965278,710.069444,88.263889,20.118403,1004.862153,11.398958,0,1.391667
2015-04-29,114.975694,135.104167,11.378472,47.326389,1312.673611,106.013889,21.063194,1007.044097,13.306597,0,1.761111
2015-04-30,116.46875,145.021875,12.368056,44.418403,1085.9375,124.472222,23.376736,1004.767014,13.661806,0,1.931597
2015-05-01,121.697917,135.180556,12.729167,44.729167,1037.152778,67.329861,18.325,1003.816319,13.063194,0.279167,1.990625
2015-05-02,45.784722,68.776042,2.822917,29.71875,555.902778,79.564236,18.877083,1004.251389,11.957292,0.000347,1.706944
2015-05-03,38.708333,92.854167,2.296875,22.982639,398.611111,78.921875,19.321875,1007.975347,-3.300347,0,3.336111
2015-05-04,23.411458,64.871528,4.694444,20.704861,300,90.793403,18.326736,1008.884375,-5.927778,0,3.071528
2015-05-05,44.750521,96.557639,7.743056,36.735764,477.604167,77.528125,20.285417,999.422222,-0.294097,0,2.080903
2015-05-06,19.020833,69.350694,3.513889,23.868056,305.208333,80.652778,18.015625,1005.63125,-8.451389,0,2.153125
2015-05-07,44.175347,123.788194,7.309028,36.0625,558.333333,79.875,18.633333,1004.950694,0.694444,0,2.118403
2015-05-08,44.102431,89.802083,9.184028,35.173611,778.472222,77.590278,18.192708,1003.945486,5.171181,0,2.155556
2015-05-09,38.313763,47.401042,7.069444,32.722222,996.527778,46.241319,12.978125,1011.819444,5.066667,0.051042,1.58125
2015-05-10,34.690972,42.576389,4.819444,45.854167,1294.791667,26.524306,10.204167,1009.824306,6.335069,1.120139,1.394444
2015-05-11,24.138889,28.182292,2.366319,30.737847,810.069444,46.470486,13.609028,1001.447222,4.892014,0.011806,2.161806
2015-05-12,20.420139,47.746528,2.506418,40.713542,498.611111,74.576073,18.803819,989.359028,4.063542,0,1.937153
2015-05-13,60.28125,137.100694,4.671875,68.401042,771.701389,76.131944,21.561111,988.867708,7.584028,0,1.453472
2015-05-14,21.109375,70.326389,4.763889,27.854167,335.9375,83.796875,22.081944,1001.225347,1.976042,0,2.629514
2015-05-15,23.298611,46.559028,3.003472,25.229167,371.354167,90.864583,21.243056,1008.402083,3.375347,0,2.338542
2015-05-16,47.767361,91.559028,9.010417,43.916667,666.666667,100.805556,21.55191,1003.561458,5.217014,0,2.235243
2015-05-17,129.861111,183.270833,15.434028,44.243056,1176.388889,114.361111,22.18125,993.260069,15.242014,0.057639,1.581944
2015-05-18,54.027778,89.347222,3.416667,31.420139,522.569444,73.798611,23.103819,995.827083,1.889583,0.000347,3.252083
2015-05-19,12.063763,50.65625,2.138889,16.350694,266.666667,82.392361,22.308333,1002.012847,-4.961458,0,3.832639
2015-05-20,18.271938,36.380208,2.805556,21.074653,311.805556,88.489583,23.766319,1009.081597,1.701389,0,2.752778
2015-05-21,35.421875,85.927083,6.434028,43.236111,508.506944,89.527778,22.805556,1005.820139,5.760417,0,2.693403
2015-05-22,54.52904,92.418403,12.059028,46.934028,775.520833,113.756944,22.6875,1003.513542,8.532292,0,1.717361
2015-05-23,94.386364,137.809028,16.548611,52.40625,977.777778,141.855903,24.094097,1002.189931,11.628472,0,1.626042
2015-05-24,113.652778,160.399306,16.722222,55.229167,1192.708333,139.147569,25.496875,1000.538194,12.752431,0,1.960764
2015-05-25,100.15625,164.170139,23.871528,46.678819,1136.111111,167.822917,27.184028,999.610069,13.056597,0,2.374306
2015-05-26,85.73548,147.389836,19.348327,37.121054,904.655934,172.135574,27.911806,999.686806,13.624306,0,2.554167
2015-05-27,91.882955,139.083018,11.44334,33.603851,865.767045,164.600063,26.528125,998.970833,14.131944,0,2.163889
2015-05-28,112.25625,145.982639,23.506944,36.147569,1126.5625,148.727431,25.914931,997.986458,15.236111,0,2.037847
2015-05-29,62.986111,90.402778,5.777778,44.28125,813.020833,90.088542,25.294792,999.605556,14.502778,0.022569,1.756944
2015-05-30,54.076389,85.340278,6.913194,38.378472,747.916667,108.472222,24.362153,1001.34375,11.820139,0,2.140972
2015-05-31,55.215278,101.114583,15.222222,42.940972,870.3125,121.152778,26.252083,995.253472,13.814931,0,2.208333
2015-06-01,89.270833,163.559028,14.756944,46.940972,1004.6875,144.404514,28.006944,994.647222,17.219792,0,1.625347
2015-06-02,29.670139,60.329861,4.631944,25.222222,523.784722,79.107639,27.319792,1002.342361,2.747917,0,2.871528
2015-06-03,32.819444,95.493056,6.409722,35.168403,511.458333,87.081597,25.407986,1006.806597,5.865625,0,2.141319
2015-06-04,51.727904,85.248422,6.336648,53.163321,2676.010101,53.901463,21.072569,998.727778,12.722917,0.258681,1.552778
2015-06-05,48.800189,67.968119,5.388258,43.374369,3272.60101,87.858902,22.821875,992.765972,13.942014,0.051389,1.594444
2015-06-06,24.763889,42.395833,2.923611,27.170139,2296.006944,87.713542,23.271181,996.487153,13.106597,0.120139,1.935417
2015-06-07,14.21875,27.951389,3.777778,29.71875,2461.458333,55.288194,21.618403,1002.5375,8.847917,0.004167,1.629167
2015-06-08,22.678819,36.392361,4.210069,31.928819,426.909722,73.564236,23.13125,998.975,9.145139,0.005556,1.833681
2015-06-09,51.142361,88.319444,16.376736,48.421875,1103.472222,107.772569,23.927778,995.930556,13.271875,0.048958,1.978125
2015-06-10,75.796875,81.003472,4.583333,34.621528,1139.236111,78.505208,20.842708,994.257986,17.207292,0.361111,1.469792
2015-06-11,19.354798,28.048611,3.038194,24.690972,555.381944,63.932292,22.525347,991.882986,11.048611,0.019444,2.459722
2015-06-12,8.146149,20.576389,3.743056,21.418403,404.513889,72.052083,24.302778,992.046181,9.842708,0,3.332292
2015-06-13,11.219444,25.146701,3.430556,17.998264,440.451389,87.87066,23.455556,998.639236,14.363542,0.210764,2.059375
2015-06-14,19.19375,35.073785,3.673611,28.689236,491.145833,97.094618,25.288194,1002.33125,14.458333,0.000694,1.438194
2015-06-15,88.640625,121.413194,16.411932,41.019886,1284.564394,147.849747,26.432639,1000.9,15.235764,0,1.791319
2015-06-16,105.166667,141.46875,13.725694,48.119792,1167.013889,145.423611,26.360417,997.904861,15.848611,0.025,1.730556
2015-06-17,40.984249,56.277778,3.470486,34.045139,739.236111,114.451389,25.737847,996.934028,16.917014,0.322569,1.464583
2015-06-18,16.696181,26.836806,2.548611,24.461806,435.763889,70.695391,26.738542,1000.295833,8.310069,0,1.976042
2015-06-19,15.819539,33.148611,3.131944,25.493403,534.027778,55.685985,20.961806,1004.071875,13.377083,0.383681,1.626042
2015-06-20,20.996528,34.642361,2.715278,30.678819,538.541667,94.772727,24.656944,1005.714583,13.765278,0,1.471875
2015-06-21,41.482639,74.892361,5.166667,39.982639,616.666667,127.727273,26.729514,1002.271528,13.703125,0,1.684028
2015-06-22,89.506944,117.357639,16.871528,38.819444,1083.333333,142.646465,26.197917,999.970833,15.020139,0,1.684375
2015-06-23,181.694444,196.961806,15.444444,39.571181,1661.111111,151.524306,26.759722,1001.082639,17.727083,0.012153,1.8
2015-06-24,121.890625,134.081597,9.734375,43.529514,1116.145833,76.203125,25.153125,999.660417,18.197222,0.003472,1.609028
2015-06-25,124.519097,133.881944,6.552083,51.809028,1048.263889,68.986111,24.348958,995.889931,18.620486,0.060417,1.215972
2015-06-26,106.222222,106.767361,2.375,24.362847,887.847222,133.75,24.073611,994.828819,19.730208,1.559028,1.477778
2015-06-27,88.930556,91.246528,4.361111,32.802083,830.902778,101.635417,24.656597,999.211806,20.105208,0.000347,1.135764
2015-06-28,148.125,149.211806,8.309028,34.513889,1213.194444,124.194444,27.360417,1000.328819,20.977431,0,1.740625
2015-06-29,118.795139,119.790972,5.46875,42.401042,1107.465278,52.685764,22.661111,999.615972,19.390625,0.196181,1.501389
2015-06-30,14.419444,21.335417,2.013889,27.607292,378.472222,55.723958,22.063889,997.167361,14.839931,0.063194,2.177431
2015-07-01,17.868056,36.03125,2.795139,33.416667,418.055556,47.934028,24.452083,992.204861,13.247222,0.045833,1.639931
2015-07-02,8.78125,19.295139,4.260417,27.416667,321.527778,56.607639,26.275694,996.476042,9.177431,0,1.891319
2015-07-03,24.420139,59.802083,10.961806,35.100694,944.444444,90.802083,25.209722,1002.258681,10.691667,0,1.905556
2015-07-04,33.0625,57.545139,6.276042,45.086806,722.222222,58.623264,22.241667,1004.034028,13.363889,0.055556,1.337847
2015-07-05,62.534722,72.569444,9.763889,36.944444,991.666667,116.319444,23.622222,1004.171875,14.714236,0,1.51875
2015-07-06,68.626736,79.916667,10.569444,33.572917,1102.083333,130.578125,25.450347,1004.653125,15.949306,0,1.433681
2015-07-07,67.774306,84.357639,7.819444,32.793403,884.375,133.060764,26.840625,1003.2125,16.408333,0,1.688542
2015-07-08,122.746528,135.920139,8.75,35.517361,1119.097222,139.017361,27.515972,1004.429514,18.206944,0,1.771181
2015-07-09,72.348958,89.984375,11.008681,37.571181,825,129.307292,27.870139,1006.661458,15.926389,0,1.726736
2015-07-10,50.274306,81.704861,9.053819,32.46875,681.597222,120.583333,27.877431,1004.839931,17.305556,0,2.025694
2015-07-11,103.180556,122.138889,10.350694,35.243056,1053.819444,141.026042,28.774653,1001.433681,19.050347,0,1.540972
2015-07-12,107.906723,149.722222,5.651042,46.480903,920.833333,146.845486,29.836458,994.211806,19.327431,0.032639,1.355556
2015-07-13,49.421717,79.463542,3.094697,43.418561,620.833333,151.230903,32.095139,992.064236,16.030903,0,1.647222
2015-07-14,35.456597,62.977431,4.620896,30.625,597.395833,150.366319,29.254167,997.676736,16.953472,0.372222,2.043056
2015-07-15,35.498264,63.161458,3.715278,47.402778,635.763889,88.449653,26.938194,999.971875,16.881597,0.015278,1.379861
2015-07-16,38.003472,44.222222,2.072917,28.854167,713.715278,84.75,22.987153,1001.937847,19.186458,0.429167,1.807639
2015-07-17,35.923611,42.071181,2.638889,32.052083,763.557449,59.298611,22.856944,1001.655208,19.655208,1.326389,1.276736
2015-07-18,46.489583,48.6875,2.020833,26.673611,769.444444,89.553819,23.146528,1000.739931,20.268403,2.226042,1.336458
2015-07-19,68.631944,69.621528,2.149306,31.8125,878.819444,75.927083,23.381944,1002.229861,21.007292,0.784722,1.461458
2015-07-20,84.772569,85.71875,2.017361,31.493056,882.291667,72.458333,25.007292,1001.761806,21.712153,0.978472,1.258681
2015-07-21,135.569444,136.385417,2.128472,32.649306,1033.506944,84.640625,25.732986,999.586111,22.235764,0.085417,1.452778
2015-07-22,61.298611,64,2.607639,32.607639,686.284722,95.223958,25.207986,998.452778,20.730556,0.432292,1.35
2015-07-23,41.989583,47.517361,2.239583,41.527778,771.180556,72.359375,25.105903,998.242708,20.884028,0.003472,1.031944
2015-07-24,53.024306,69.59375,3.442708,41.592014,868.229167,86.189236,26.441319,995.925,20.21875,0,1.323958
2015-07-25,84.965278,99.569444,3,37.295139,971.875,117.897569,27.834722,994.986458,21.161806,0,1.527083
2015-07-26,101.826389,115.815972,3.954861,31.020833,971.527778,127.774306,29.724306,997.261111,22.219444,0,1.241319
2015-07-27,78.177083,98.072917,2.675347,33.121528,911.805556,118.352431,28.371875,998.491319,22.650694,1.295139,1.608681
2015-07-28,48.303819,53.078125,2.357639,27.378472,750.694444,103.243056,26.317014,997.358681,22.738889,0.146181,1.066319
2015-07-29,82.993056,90.361111,2.069444,34.618056,901.736111,114.236111,28.560069,995.442708,23.290625,0.000694,1.336111
2015-07-30,41.479167,46.862153,2.463542,26.595486,888.715278,84.006944,24.608333,998.63125,21.761111,0.520486,1.589583
2015-07-31,23.673611,31.618056,2.125,24.557292,638.541667,93.949653,25.488542,1001.83125,20.790972,0.544097,1.327778
2015-08-01,67.217803,77.364583,3.107639,44.447917,1234.548611,54.670139,24.920833,1000.992014,22.090625,0.589931,1.114583
2015-08-02,70.12279,70.194444,2.166667,26.979167,1136.111111,83.079861,26.226042,996.942708,23.419444,0.070833,1.249653
2015-08-03,64.593329,67.274306,4.173611,30.75,1085.763889,46.267361,25.356597,996.685764,20.390625,0.010069,1.510764
2015-08-04,17.895833,44.166667,4.208333,30.649306,507.638889,97.229167,26.446528,995.460069,17.074653,0,1.564931
2015-08-05,71.689236,99.107639,3.973958,38.913194,1027.430556,111.743056,27.051389,996.829167,21.136806,0.281597,1.542708
2015-08-06,53.588542,74.859375,2.413194,28.375,758.712121,107.040799,25.270486,1001.160417,19.849306,0.001736,1.373958
2015-08-07,92.369792,100.706597,3.756944,32.572917,1070.138889,98.714015,25.403472,1006.363542,21.789583,1.582292,1.541319
2015-08-08,36.967014,51.885417,3.279514,31.700126,682.8125,94.178819,24.780556,1007.155903,19.452778,0.001389,1.050347
2015-08-09,52.579861,75.079861,3.21875,35.087121,780.555556,117.59375,27.734028,1004.780556,20.821875,0,1.108333
2015-08-10,39.690972,63.630208,2.541667,36.741162,691.666667,104.022569,28.948958,1003.796528,19.654514,0,1.317708
2015-08-11,89.142361,119.263889,6.060764,34.663194,1386.111111,136.444444,28.976736,1002.851042,21.425694,0.004167,1.382986
2015-08-12,77.704861,117.402778,4.371528,34.072917,1036.805556,143.008681,29.790972,1000.386458,21.001736,0,1.771875
2015-08-13,119.517361,160.388889,7.263889,38.947917,1233.333333,155.038194,29.364931,997.965278,21.840625,0,1.687847
2015-08-14,57.9375,84.475694,4.230903,31.927083,800.694444,93.001736,28.411111,997.373264,17.491319,0,1.758681
2015-08-15,22.675347,46.765625,3.71875,34.185764,561.111111,85.791667,28.300347,999.295486,14.579514,0,1.594444
2015-08-16,34.390625,82.607639,5.651042,38.994792,702.083333,147.996528,28.482639,999.580208,17.128125,0,1.618056
2015-08-17,78.784722,165.600694,8.440972,38.385417,1000.868056,130.322917,28.602083,1000.151736,19.14375,0,1.395833
2015-08-18,49.798611,82.348958,3.309028,33.361111,764.236111,105.553819,26.164583,1004.477778,17.761111,0.001736,1.682292
2015-08-19,50.027778,62.3125,2.489583,35.855903,744.444444,90.085069,24.675347,1005.357986,18.692708,0.020833,1.473958
2015-08-20,33.673611,47.857639,2.600694,25.020833,613.888889,101.487847,26.155903,1002.331944,16.325694,0,1.451042
2015-08-21,12.904514,30.864583,2.670139,22.541667,428.125,99.598958,27.360417,999.892014,13.586458,0,1.411458
2015-08-22,14.465278,30.010417,3.432292,20.026042,566.666667,73.491319,26.755556,999.748611,16.060069,0,1.91875
2015-08-23,23.647569,31.670139,4.239583,21.706597,816.666667,68.112689,23.239236,1003.727778,18.103819,0.139931,1.539583
2015-08-24,12.5,21.232639,2.239583,19.736111,460.763889,62.703125,24.441319,1005.434028,17.136111,0,1.426389
2015-08-25,14.197917,23.583333,2.302083,22.314236,460.416667,59.461806,25.239931,1004.559028,16.78125,0.008333,1.435069
2015-08-26,11.305556,20.348958,2.177083,21.449653,434.027778,64.526042,25.526389,1003.639931,16.979514,0.015625,1.235417
2015-08-27,10.848958,21.486111,2.204861,22.878472,438.020833,68.972222,25.446528,1003.661111,16.600694,0.056944,1.262153
2015-08-28,15.352431,29.920139,3.604167,23.762153,470.833333,75.848958,26.001736,1001.901042,16.097222,0,1.472222
2015-08-29,27.088542,46.204861,2.460069,20.553819,601.736111,117.925347,25.469097,1003.238194,16.228472,0.001389,1.803819
2015-08-30,27.253472,33.532986,2.914931,23.904514,945.3125,68.90625,21.960764,1005.957639,17.772569,0.268056,1.398264
2015-08-31,25.641414,28.645518,2.218277,23.890625,695.722854,55.107481,20.957639,1007.18125,18.374653,0.615972,1.061111
2015-09-01,10.449653,14.118056,2.177083,18.385417,500.520833,46.298611,20.894444,1007.295486,17.755556,0.198611,1.407292
2015-09-02,9.149306,16.821181,2.342014,18.048611,434.722222,53.071181,24.798264,1007.313542,16.569792,0,1.404167
2015-09-03,14.0625,24.774306,2.09375,18.366319,468.055556,73.920139,25.698611,1008.175694,17.0625,0,1.409028
2015-09-04,45.503472,50.270833,2.989583,25.083333,1478.472222,63.734375,21.486806,1006.993056,18.995833,1.764583,1.730903
2015-09-05,17.282986,17.996528,2.006944,21.182292,662.673611,74.907986,17.941319,1005.318403,16.596875,1.030208,1.710764
2015-09-06,16.65625,27.986111,2.270833,27.303819,514.0625,67.296875,22.166667,1007.449653,14.986458,0.002431,1.269792
2015-09-07,23.614583,41.555556,2.501736,35.441288,645.833333,70.305556,22.832292,1007.555208,15.285764,0,1.299653
2015-09-08,49.534722,77.949653,6.28125,49.013889,861.111111,86.946181,22.043056,1009.269097,15.253125,0,1.154861
2015-09-09,33.354167,49.03125,2.899306,39.378472,702.083333,50.359375,21.694792,1013.634028,15.348611,0.002083,1.583681
2015-09-10,7.980903,12.930556,2.104167,27.074653,409.895833,27.706597,16.761111,1016.020486,12.781944,0.281944,1.53125
2015-09-11,8.107639,13.732639,2.225694,24.175347,376.909722,45.355903,17.406597,1010.501389,11.060069,0.155208,1.560764
2015-09-12,8.06392,19.092014,2.359375,25.567708,352.604167,47.583333,19.957986,1011.168056,5.986111,0,2.807292
2015-09-13,18.701389,48.336806,3.225694,42.336806,543.75,52.729167,21.742014,1010.311458,10.062847,0,1.537847
2015-09-14,62.930556,100.204861,9.991162,54.51673,832.007576,71.934975,20.321181,1012.579514,12.922917,0,1.316667
2015-09-15,102.710069,122.0625,13.765625,56.035827,1129.6875,96.789773,19.688542,1013.975,13.192361,0,1.089583
2015-09-16,123.666561,137.973958,8.534028,56.833207,1193.125,99.714583,20.190972,1012.430903,14.261806,0,1.138889
2015-09-17,146.391204,158.677083,9.436237,62.86875,1282.847222,90.104861,21.430208,1011.346181,16.142361,0,1.122569
2015-09-18,77.427083,86.715278,3.277778,46.532986,882.8125,66.072917,23.378125,1010.815625,15.573958,0.042708,1.328819
2015-09-19,19.345486,39.066446,2.693813,43.587595,498.863636,57.950758,21.740972,1011.279167,10.567708,0,1.315972
2015-09-20,84.984375,109.434028,9.072917,49.317708,1031.25,73.864583,21.626042,1007.484722,15.032986,0,1.496875
2015-09-21,99.177083,129.347222,16.086806,64.364583,1197.569444,81.704861,21.977778,1005.710764,14.175,0,1.426389
2015-09-22,137.475694,145.104167,10.708333,59.388889,1458.64899,52.817708,20.371875,1004.078819,16.360764,0.095486,1.697569
2015-09-23,30.020833,41.267361,2.059028,42.131944,688.068182,51.583333,20.152431,1003.794444,14.711111,0.000694,1.297222
2015-09-24,97.1875,111.902778,4.354167,52.368056,1155.208333,56.071181,19.946181,1003.913194,16.363194,0.529514,1.377431
2015-09-25,19.836806,30.253472,2.553819,35.600694,530.729167,42.725694,19.023958,1005.460764,7.567014,0.007292,1.68125
2015-09-26,31.260417,65.305556,6.135417,45.368056,636.805556,59.493056,18.758681,1007.64375,8.788542,0,1.454861
2015-09-27,48.145833,77.638889,3.607639,55.493056,757.607323,56.670139,20.987153,1008.712153,11.266319,0.003125,1.140972
2015-09-28,45.835069,51.994792,3.854167,43.612847,1169.097222,39.564236,17.250347,1017.169444,14.535417,0.145139,1.146181
2015-09-29,44.586806,45.154514,2.815972,43.232639,1133.333333,11.28125,14.943403,1023.207639,13.409028,0.322222,1.015972
2015-09-30,28.548611,30.072917,2.527778,36.994792,673.611111,24.432292,15.514931,1013.678472,12.807986,0.429514,1.253125
2015-10-01,13.086806,25.609375,2.53125,23.088542,339.409722,44.807292,16.886458,1006.757292,3.238194,0.001736,4.048611
2015-10-02,27.826389,61.864583,3.923611,44.427083,592.013889,38.975694,18.013542,1005.305556,6.877431,0,1.778819
2015-10-03,25.51452,60.243056,4.350694,46.069444,643.402778,45.347222,18.317708,1014.051736,7.969792,0,1.615625
2015-10-04,104.484848,137.83791,9.795139,72.027778,1259.722222,51.729167,17.268403,1016.730903,11.857292,0,0.971875
2015-10-05,212.431818,220.215909,9.302083,75.310764,1687.152778,83.515625,17.74375,1012.847917,13.649653,0,0.991319
2015-10-06,284.416667,288.068182,7.770833,78.180556,1937.847222,98.637153,18.905556,1010.873611,14.804861,0,1
2015-10-07,265.75,265.75,7.599116,74.559343,1805.30303,64.890467,20.108333,1008.790278,13.318403,0,1.369444
2015-10-08,10.0329,23.977652,2.809091,20.398485,297.594697,41.829545,15.888542,1013.646181,-5.153125,0,3.039583
2015-10-09,15.58125,38.8,3.054167,28.325,375,37.075,13.509722,1005.887847,-2.009375,0,2.841319
2015-10-10,7.400126,18.136616,2.59375,13.743245,266.268939,42.574874,12.442014,1010.953819,-5.080556,0,3.789583
2015-10-11,9.789931,23.024306,2.701389,18.914931,310.9375,59.052083,17.504514,1011.741319,-1.097222,0,3.156597
2015-10-12,16.196181,38.076389,3.815972,43.663194,466.666667,37.211806,17.588889,1015.012847,0.707639,0,1.795486
2015-10-13,31.081597,64.125,6.163194,62.142361,725,32.885417,17.012847,1014.170139,4.203472,0,1.090625
2015-10-14,94.065972,131.928819,15.020833,88.762153,1829.340278,29.84375,15.592014,1011.884722,8.40625,0,1.00625
2015-10-15,104.355903,125.276042,9.317708,86.550347,1428.125,55.163194,16.566319,1011.3375,9.133333,0,1.022569
2015-10-16,189.791667,207.765625,12.538194,104.010417,1952.083333,71.095486,16.227431,1012.069444,11.121528,0,0.919097
2015-10-17,290.847222,292.232639,13.15625,113.930556,2445.486111,48.814236,15.761458,1011.642708,11.617014,0,0.851736
2015-10-18,53.170139,70.876736,6.800347,42.857639,824.131944,33.552083,15.885069,1018.384722,4.234375,0,2.194444
2015-10-19,52.557449,95.880524,6.554135,56.554135,811.931818,24.05524,13.619097,1011.219444,6.882986,0,1.098611
2015-10-20,75.229167,107.020833,8.458333,64.881944,1401.041667,7.605903,11.682986,1012.390972,7.5125,0.001736,1.198958
2015-10-21,50.482639,53.25,2.694444,40.138889,955.381944,12.947917,10.276389,1018.053819,8.75625,0.049653,1.069097
2015-10-22,29.701389,34.128472,2.246528,40.776042,710.416667,13.321181,9.86875,1018.727431,7.101042,0.307292,0.887847
2015-10-23,50.649306,56.951389,2.708333,50.852431,842.013889,17.618056,13.017361,1012.635764,8.871875,0,1.013889
2015-10-24,55.916667,70.680556,5.75,51.159722,1061.284722,21.638889,13.495139,1018.857292,6.364583,0,1.472569
2015-10-25,36.597222,63.4375,10.013889,58.520833,964.930556,11.722222,11.19375,1021.743403,1.622917,0.0875,1.375347
2015-10-26,33.079861,55.756944,2.097222,31.489583,544.097222,32.595486,10.811458,1012.656944,2.052431,0.082639,2.259028
2015-10-27,15.361111,45.600694,2.895833,35.013889,482.291667,30.682292,11.129167,1010.840278,-4.689931,0,1.888194
2015-10-28,7.833333,19.461806,2.819444,22.753472,323.611111,41.237847,10.330556,1017.056597,-7.217708,0,2.389931
2015-10-29,7.177083,21.381944,2.534722,18.142361,311.979167,46.920139,8.558333,1021.456944,-10.748958,0,2.715972
2015-10-30,22.506944,47.309028,4.107639,42.375,629.513889,22.883681,7.24375,1025.058333,-4.847569,0,1.378819
2015-10-31,39.84375,66.503472,5.305556,55.59375,856.076389,19.291667,7.504514,1025.180903,-2.760764,0,1.144097
2015-11-01,63.894097,92.579861,7.055556,69.046875,1060.590278,18.40625,8.903472,1017.851389,-1.218056,0,1.365625
2015-11-02,73.240688,105.114583,8.494792,74.199653,1338.020833,21.197917,10.063194,1015.515972,-0.422569,0,1.127778
2015-11-03,144.894886,165.995896,15.993213,86.466856,1892.929293,26.55303,9.391319,1016.859722,3.519444,0,1.115625
2015-11-04,202.895518,214.876263,14.509785,104.452494,1954.750631,13.712121,9.822222,1017.432292,5.065625,0,0.828125
2015-11-05,116.987847,117.626736,7.21875,54.803819,1105.034722,14.885417,8.193056,1023.533681,4.69375,0.145486,1.884722
2015-11-06,20.961806,21.017361,2.954861,28.729167,584.548611,29.137153,1.788542,1025.114236,-0.327083,0.426042,2.036111
2015-11-07,21.0625,21.6875,2.925347,29.510417,640.277778,33.536458,2.567708,1022.121875,-0.723611,0.140972,1.924653
2015-11-08,57.798611,58.541667,3.614583,45.395833,921.875,21.769097,4.031944,1019.763542,0.225,0,1.056597
2015-11-09,121.427083,122.739583,3.753472,56.378472,1597.048611,4.362847,4.364931,1021.730208,2.325347,0,1.080556
2015-11-10,128.53125,129.190972,3.789141,54.833333,1575.694444,3.626736,5.335069,1023.596875,3.551389,0.017014,1.094792
2015-11-11,101.803819,101.888889,4.402778,53.065972,1832.291667,5.467014,5.982639,1025.194097,3.763889,0.005208,1.015972
2015-11-12,149.248264,150.394097,5.732639,58.673611,2423.784722,2.527778,6.414236,1024.215625,5.018056,0.013542,0.901042
2015-11-13,204.354167,205.517361,14.345486,68.482639,3043.229167,2.907986,6.978819,1016.791319,4.785764,0,0.973611
2015-11-14,265.220486,267.293403,17.065972,81.550347,3555.034722,5.473958,8.442014,1010.727083,5.711458,0,1.014236
2015-11-15,201.762153,204.026042,13.190972,69.833333,3273.611111,14.262153,8.639236,1014.862847,5.065972,0.031944,1.225347
2015-11-16,57.690972,63.546875,9.40625,51.170139,1458.333333,8.206597,7.096875,1015.188542,2.663542,0.089931,1.329167
2015-11-17,60.663194,76.680556,7.378472,44.909722,1509.722222,8.970486,5.434375,1020.452431,0.059028,0,1.521181
2015-11-18,65.611111,73.822917,7.638889,45.171875,1135.416667,5.536458,3.920486,1021.508681,-0.304861,0,1.836111
2015-11-19,74.958333,75.913194,3.534722,44.756944,1604.340278,2.197917,3.313542,1020.073958,2.386458,0.290972,1.679861
2015-11-20,65.328125,65.328125,9.361111,43.232639,2374.652778,2.399306,0.916319,1021.877778,-0.117708,0.124653,1.307639
2015-11-21,45.805556,45.838542,7.619792,42.086806,2110.590278,2.755208,0.834028,1026.057986,0.105556,0.209375,1.094444
2015-11-22,52.296875,52.345486,7.28125,38.369792,1081.25,18.036458,-1.777431,1030.182639,-3.393056,0.420486,1.353472
2015-11-23,27.067393,28.554293,10.09596,27.889836,736.063763,39.613005,-2.945486,1032.590278,-9.049653,0.005208,1.831597
2015-11-24,33.133838,35.223485,7.990215,41.311553,854.703283,27.705808,-5.812847,1033.316667,-12.104167,0.010417,1.447917
2015-11-25,50.70202,54.616793,9.289141,37.200442,1102.099116,27.061395,-6.617708,1025.985069,-13.866667,0,2.745486
2015-11-26,29.850694,36.0625,10.255208,31.397569,753.645833,41.199653,-6.698264,1026.467361,-17.633681,0,2.583333
2015-11-27,197.763889,203.420139,33.940972,88.753472,2741.493056,8.112847,-4.669792,1020.325694,-10.270486,0,1.171528
2015-11-28,254.006944,256.4375,41.875,100.600694,3804.513889,7.375,-1.853819,1023.195139,-6.433681,0,1.178472
2015-11-29,239.888889,243.697917,39.111111,102.822917,4656.25,12.171875,-0.11875,1020.769444,-3.977431,0,1.013542
2015-11-30,307.602431,314.001736,21.848958,113.868056,5232.19697,7.069444,-1.645486,1019.436806,-3.669097,0,1.013889
2015-12-01,473.050347,478.126736,35.878472,134.829861,7540.7454,5.720486,0.205556,1013.896181,-1.185764,0.001389,1.096181
2015-12-02,19.732955,25.345013,4.21976,19.151199,529.62963,40.788194,1.833681,1014.723611,-12.975347,0,4.637153
2015-12-03,9.854167,20.090278,4.517677,14.451231,378.693182,41.920455,-0.480903,1018.119097,-15.094444,0,5.163542
2015-12-04,25.664931,35.515625,10.331282,37.508838,768.592172,31.399779,1.464931,1020.825347,-12.613889,0,2.830208
2015-12-05,47.907986,64.704861,16.614583,58.020833,1355.381944,20.612847,2.173264,1023.349653,-8.565625,0,1.440972
2015-12-06,124.322917,140.940972,29.951389,84.208333,2684.027778,7.815972,0.396875,1024.248264,-4.904861,0,1.047917
2015-12-07,178.163194,185.131944,36.166667,91.576389,3363.194444,6.392361,1.232639,1026.760417,-2.730208,0,1.029514
2015-12-08,244.059028,247.461806,20.484375,90.885417,4359.201389,5.263889,0.757986,1024.691667,-0.833333,0.005208,0.986111
2015-12-09,240.583333,240.621528,31.048611,90.996528,3594.444444,5.814236,2.485417,1019.591319,0.997222,0.013889,1.005208
2015-12-10,103.387153,103.439236,16.071181,51.880208,1838.020833,27.090278,3.788542,1020.031944,-5.898264,0,1.859375
2015-12-11,44.46875,49.451389,14.411458,58.145833,1279.861111,19.0625,1.063194,1023.186111,-8.329514,0,1.259722
2015-12-12,121.625,133.90625,21.923611,83.666667,2631.944444,7.454861,0.442014,1020.384028,-5.749306,0,1.006944
2015-12-13,173.045139,184.045139,37.277778,96,3768.75,7.189236,0.318403,1021.214583,-4.721181,0,0.982639
2015-12-14,162.767361,163.635417,16.482639,76.569444,2830.555556,22.371528,2.239931,1017.725,-4.310417,0.08125,2.397917
2015-12-15,7.375,10.53125,3.465278,14.685764,396.354167,51.854167,1.038194,1020.501042,-14.312153,0,4.320833
2015-12-16,7.001736,11.923611,4.092014,16.25,423.958333,37.383681,-1.685069,1025.671528,-16.561806,0,3.772917
2015-12-17,55.835069,68.147569,17.574653,57.711806,1442.708333,13.555556,-2.270486,1026.597569,-13.810764,0,1.359722
2015-12-18,57.354167,76.032986,17.284722,60.131944,1649.131944,18.361111,-0.088542,1027.831597,-10.452431,0,1.473611
2015-12-19,120.375,133.388889,27.989583,83.440972,2829.861111,8.597222,-1.856944,1029.369444,-6.695833,0,0.946181
2015-12-20,192.59375,196.736111,26.75,98.9375,3516.666667,7.385417,-1.576042,1020.737153,-4.971181,0,0.925347
2015-12-21,225.611111,229.493056,22.479167,100.659722,3996.180556,8.496528,-1.619792,1021.372917,-5.288542,0,0.921181
2015-12-22,287.649306,295.177083,29.064236,100.118056,5041.840278,8.029514,-2.205208,1022.15625,-4.559722,0,1.037153
2015-12-23,259.744318,268.223801,21.138573,100.124053,4783.143939,17.436237,-0.315278,1020.722222,-5.397569,0,1.058333
2015-12-24,130.228062,138.776989,17.949179,72.085227,2225,23.221275,1.038194,1021.298264,-8.707292,0,1.486806
2015-12-25,465.053819,494.640625,12.571181,136.88447,6972.569444,8.519097,-3.220139,1013.422917,-4.555903,0,1.239236
2015-12-26,291.135417,333.934028,9.319444,106.369792,5261.111111,7.152778,-3.188194,1019.236458,-5.294792,0,1.548611
2015-12-27,47.465278,48.861111,11.923611,51.809028,1106.944444,15.387153,-5.561806,1032.653125,-13.457292,0.007292,1.351042
2015-12-28,108.222222,116.157986,21.364583,76.329861,2261.111111,7.822917,-3.805903,1029.248264,-10.646181,0,1.181944
2015-12-29,264.052083,281.776042,32.940972,114.644097,4146.527778,6.998264,-2.064931,1023.076042,-6.784375,0,0.914236
2015-12-30,89.159722,93.576389,11.666667,55.154514,1636.805556,32.446181,1.110764,1024.757639,-9.380208,0,2.208681
2015-12-31,58.53125,71.182292,15.649306,67.847222,1675.347222,14.982639,-1.455903,1026.777778,-10.026389,0,1.092361
2016-01-01,167.762153,181.529514,32.942708,102.491319,3366.666667,8.366319,-1.840278,1018.065625,-7.833681,0,0.975694
2016-01-02,254.144097,264.131944,34.673611,120.605903,4532.986111,9.855903,-0.711806,1014.352778,-6.042014,0,0.923611
2016-01-03,256.541667,262.309028,20.090278,86.40625,3781.597222,11.654514,-1.668056,1017.193056,-4.764583,0,1.071528
2016-01-04,43.083333,45.237847,6.302083,32.904514,1027.951389,45.319444,-1.076389,1024.048264,-14.798958,0,2.472222
2016-01-05,29.885417,37.444444,10.315972,33.954861,797.916667,33.998264,-3.327083,1024.434375,-18.834375,0,2.285417
2016-01-06,26.598958,39.119792,10.619792,34.975694,935.590278,33.369792,-2.748611,1025.291667,-16.860764,0,2.490972
2016-01-07,12.08879,20.323909,6.618056,25.871528,532.118056,43.159722,-3.36875,1026.055556,-17.949306,0,3.095486
2016-01-08,29.84003,40.986855,12.032986,38.135417,925.694444,35.050347,-2.941319,1022.049306,-17.202431,0,2.196181
2016-01-09,71.142361,84.743056,22.190972,69.361111,1772.222222,13.159722,-3.057292,1019.346875,-14.635417,0,1.116319
2016-01-10,49.9375,61.322917,21.229167,55.407986,1520.833333,22.71875,-2.863889,1024.687153,-15.710417,0,1.509375
2016-01-11,11.036458,21.932292,5.913194,23.256944,542.361111,50.607639,-5.701736,1030.489931,-21.454167,0,2.738889
2016-01-12,13.126736,26.685764,7.559028,27.494792,629.513889,44.46875,-5.877431,1026.716667,-22.656944,0,2.808333
2016-01-13,24.088294,43.14881,12.829861,43.588542,898.263889,34.470486,-3.045486,1018.625694,-23.039583,0,2.063889
2016-01-14,65.967262,89.795635,24.993056,67.236111,1805.902778,22.154514,-2.034375,1014.757292,-18.332639,0,1.536806
2016-01-15,93.861111,120.585069,32.678819,80.774306,2477.256944,13.295139,-2.113542,1012.336806,-15.164236,0,1.219444
2016-01-16,126.631944,142.260417,44.746528,72.340278,2561.458333,8.494792,-2.322917,1016.917361,-10.090278,0.003472,1.512153
2016-01-17,41.440972,48.565972,9.614583,29.921875,887.152778,48.092014,-6.063889,1020.799306,-17.552778,0.015972,2.686111
2016-01-18,9.520833,42.427083,4.230745,16.09375,517.708333,54.725694,-9.129514,1021.851042,-25.546181,0,3.608333
2016-01-19,57.65625,81.583333,20.958333,58.3125,1553.472222,19.208333,-8.207292,1025.309375,-21.395139,0,1.428125
2016-01-20,112.864583,133.75,52.881944,76.878472,3325,7.251736,-6.734375,1028.964236,-16.321528,0,1.384722
2016-01-21,131.488095,137.646825,28.479167,68.214699,2757.407407,7.44213,-5.662153,1028.017014,-9.915278,0.002083,1.411806
2016-01-22,17.404266,39.575397,5.395833,16.894676,629.571759,56.622106,-10.214236,1036.930903,-27.55,0,3.910069
2016-01-23,8.911458,40.498264,3.909722,12.190972,565.798611,56.697917,-15.064236,1038.312847,-32.415278,0,4.034028
2016-01-24,12.074653,54.579861,5.934028,20.916667,581.25,50.243056,-9.674306,1033.626736,-26.972569,0,4.035069
2016-01-25,26.494792,45.359375,15.977431,39.571181,788.020833,36.699653,-3.075,1024.531944,-23.161111,0,2.942708
2016-01-26,31.435764,56.288194,16.831597,33.510417,747.395833,42.161458,-2.105556,1022.348264,-21.736458,0,2.758333
2016-01-27,91.520833,102.522569,36.388889,74.151042,2036.458333,14.626736,-3.963889,1021.894444,-17.9375,0,1.117708
2016-01-28,120.0625,126.923611,43.588542,78.143939,2322.569444,18.078125,-2.61875,1023.904167,-16.468056,0,1.315625
2016-01-29,66.243056,84.628472,35.741319,55.854167,1825,16.522569,-4.700347,1029.350694,-16.598611,0,1.628472
2016-01-30,49.475694,56.611111,21.135417,47.298611,1262.847222,25.916667,-5.801042,1029.901736,-19.903472,0,1.640972
2016-01-31,18.458333,25.871528,9.138889,27.357639,577.083333,51.069444,-4.149653,1031.480903,-22.3375,0,2.722917
2016-02-01,12.772569,21.958333,8.833333,29.444444,564.236111,49.173611,-1.886458,1029.903819,-19.057292,0,2.411806
2016-02-02,26.734375,30.633681,14.635417,44.34375,851.5625,39.633681,-1.569097,1025.047569,-18.452431,0,1.680903
2016-02-03,35.211806,41.595486,18.791667,52.8125,1162.847222,30.236111,-0.904167,1022.272917,-17.438194,0,1.424306
2016-02-04,12.46875,21.708333,7.678819,22.204861,469.618056,61.928819,0.694444,1024.935069,-18.907639,0,2.269097
2016-02-05,9.770833,30.623264,5.5625,15.262153,361.979167,67.701389,-0.090278,1025.0875,-18.609722,0,3.581944
2016-02-06,27.503472,37.604167,12.284722,31.253472,711.458333,51.961806,0.156597,1023.3625,-17.340278,0,1.909722
2016-02-07,42.927083,71.671875,18.944444,34.777778,898.611111,45.977431,0.991667,1014.316319,-16.380556,0,2.067708
2016-02-08,191.477431,235.300347,53.697917,36.050347,1005.555556,44.972222,4.426042,1009.248264,-14.137153,0,2.687153
2016-02-09,40.597222,47.850694,18.760417,37.885417,1045.138889,47.390625,3.843056,1015.590972,-12.240278,0,1.532639
2016-02-10,92.461806,97.239583,46.371528,61.375,2401.041667,26.425347,1.931944,1012.440278,-11.326042,0,1.139236
2016-02-11,157.522569,164.220486,43.986111,69.055556,3141.666667,11.585069,3.70625,1010.948958,-2.393403,0,0.729861
2016-02-12,147.8125,148.684028,18.465278,54.664931,2202.083333,24.746528,4.660069,1010.40625,0.532639,0.291319,1.255903
2016-02-13,10.199653,12.571181,5.015625,12.723958,344.270833,60.576389,0.555903,1019.852431,-11.988194,0.131944,4.653472
2016-02-14,7.395833,14.434028,3.475694,10.932292,347.222222,66.927083,-4.327431,1026.064583,-21.550694,0,4.432292
2016-02-15,7.390625,44.756944,3.657986,12.980903,325.347222,64.298611,-0.526736,1020.282639,-18.09375,0,4.207986
2016-02-16,7.519097,37.555556,4.951389,15.515625,311.426768,63.604167,3.866319,1016.954514,-14.375,0,3.947917
2016-02-17,41.5625,48.145833,15.135417,44.0625,1001.388889,39.760417,3.614236,1016.207639,-10.66875,0,1.669097
2016-02-18,15.392361,31.604167,6.131944,21.980903,417.708333,66.793403,5.534375,1014.756944,-16.320833,0,3.640625
2016-02-19,14.982639,30.625,5.423611,25.298611,504.6875,55.447917,2.574653,1022.744097,-16.367361,0,2.558681
2016-02-20,14.678819,21.175347,5.737847,18.697917,420.486111,62.34375,-0.320486,1024.546181,-20.585417,0,2.951736
2016-02-21,75.388889,96.784722,24.253472,53.288194,1386.111111,29.241319,-0.459722,1020.592708,-12.504167,0,1.790972
2016-02-22,71.809028,89.868056,16.583333,41.934028,1147.222222,43.616319,1.805556,1021.884722,-13.048958,0,3.031597
2016-02-23,11.097222,19.173611,4.939236,15.336806,350.868056,69.274306,-0.497569,1032.349653,-20.127778,0,2.813542
2016-02-24,25.263889,44.168403,9.335069,32.720486,739.409722,44.204861,-0.248958,1029.112847,-18.14375,0,2.138542
2016-02-25,23.989583,43.222222,9.637153,33.777778,727.951389,44.649306,1.815278,1026.648611,-17.040625,0,2.09375
2016-02-26,34.197917,55.755208,12.848958,37.203125,741.145833,49.982639,2.838194,1020.034375,-15.731944,0,2.199306
2016-02-27,20.809028,29.414931,8.710069,34.147569,581.770833,51.967014,3.801042,1018.832292,-10.321181,0,1.861111
2016-02-28,31.090278,48.142361,7.454861,33.026042,764.930556,47.684028,0.766319,1024.376736,-14.001042,0.000694,3.008681
2016-02-29,31.809028,40.392361,11.25,38.605903,674.479167,47.526042,-0.963542,1027.443403,-17.262847,0,1.758333
2016-03-01,114.628472,123.420139,29.114583,80.381944,1865.972222,23.875,2.930208,1018.016319,-10.968056,0,1.419097
2016-03-02,159.302083,170.256944,30.534722,104.802557,2457.8125,27.498264,7.713889,1010.456597,-7.114931,0,1.284375
2016-03-03,271.8125,278.743056,44.657986,114.498264,3380.902778,23.977431,7.826042,1006.932292,-1.139236,0,1.216667
2016-03-04,327.746528,336.986111,46.574653,114.664931,4374.652778,11.819444,6.252431,1011.938542,0.194097,0,1.211458
2016-03-05,60.298611,304.895833,3.100694,19.996528,382.118056,66.559028,8.822222,1014.032986,-14.546875,0,3.430208
2016-03-06,69.550347,177.083333,25.09375,64.604167,1445.486111,20.038194,4.940625,1011.73125,-9.656944,0,1.215278
2016-03-07,35.555398,90.241162,10.678346,30.970549,894.223485,53.843987,5.649653,1016.151042,-15.551736,0,3.583333
2016-03-08,9.9375,25.159722,2.802083,14.119634,351.388889,68.03125,1.789236,1024.917708,-23.680903,0,3.177083
2016-03-09,10.950442,23.770833,3.569444,15.338542,350.347222,63.085069,1.126042,1027.579861,-22.759028,0,3.342014
2016-03-10,10.45928,47.65625,3.739583,15.447917,356.770833,64.909722,2.453819,1025.023958,-20.632986,0,3.237847
2016-03-11,21.657986,49.668403,7.149306,31.904514,562.847222,52.955177,2.944444,1018.41875,-17.60625,0,1.944444
2016-03-12,105.597222,134.392361,37.496528,78.432292,1748.958333,20.645833,3.108333,1012.335764,-10.398611,0,1.311111
2016-03-13,31.15625,49.597222,9.267361,32.449653,662.847222,63.303819,6.919097,1018.275,-15.002431,0,2.931597
2016-03-14,73.159722,110.810764,19.071181,60.513889,1230.555556,37.543403,7.972917,1016.650694,-10.934028,0,1.779167
2016-03-15,138.510417,190.012153,44.581597,77.248264,1551.909722,27.118056,8.637847,1011.630556,-6.35625,0,1.534028
2016-03-16,242.989583,268.046875,36.993056,88.310764,2198.611111,50.600694,9.055556,1010.400347,-0.741319,0,1.364931
2016-03-17,288.449653,292.03125,30.6875,99.352431,2251.5625,49.753472,10.361111,1006.212153,1.709375,0,1.156597
2016-03-18,188.758681,194.685764,13.038194,66.59375,1545.138889,59.041667,13.631597,1006.2875,-3.345486,0,1.898264
2016-03-19,61.984375,108.496528,16.246528,42.161458,1012.152778,55.548611,11.193056,1016.291319,-4.041319,0,1.952778
2016-03-20,63.215278,100.730903,9.631944,59.293403,987.326389,42.807292,11.442014,1019.792014,-4.650694,0,1.454514
2016-03-21,119.644097,172.486111,19.449653,76.831597,1217.708333,56.925347,11.812153,1016.280208,-2.474306,0,1.527778
2016-03-22,107.829861,200.081597,24.961806,73.375,1386.111111,34.604167,12.702431,1016.192014,-1.153125,0,1.853125
2016-03-23,16.852431,36.232639,4.038194,24.720486,484.201389,65.6875,9.705556,1025.485417,-12.45,0,2.662153
2016-03-24,12.041667,22.348958,3.105903,28.045139,412.152778,60.899306,8.827778,1025.967708,-13.645833,0,1.894792
2016-03-25,15.659722,30.576389,3.809028,32.925347,438.715278,58.855903,9.298611,1022.5625,-11.394097,0,1.7625
2016-03-26,12.145833,30.21875,4.434028,26.006944,389.756944,65.192708,13.467361,1018.548611,-10.6625,0,2.563542
2016-03-27,14.850694,40.569444,5.043403,33.072917,385.243056,58.14899,15.727431,1012.692014,-12.582639,0,2.223611
2016-03-28,70.1875,181.592014,15.467014,65.59375,799.479167,39.456124,15.149653,1005.759028,-5.988194,0,1.993403
2016-03-29,17.788194,67.921875,4.793403,29.125,392.361111,68.809028,16.275,1009.929861,-5.40625,0,2.461806
2016-03-30,27.135417,70.263889,8.454861,38.59375,549.479167,62.854167,15.717708,1010.552431,-6.717014,0,2.082986
2016-03-31,148.753472,236.527778,33.208333,73.850694,1443.844697,60.126736,15.357986,1001.629167,3.628819,0,1.895486
2016-04-01,40.5875,140.485417,5.930556,26.142361,461.111111,66.303819,17.476389,1002.713889,0.760069,0.001736,3.482986
2016-04-02,8.301389,27.780208,2.732639,15.373264,267.708333,72.784722,14.886111,1014.345139,-8.996528,0,2.970833
2016-04-03,17.929451,50.701231,2.895518,23.7994,307.291667,69.776357,14.4,1015.417361,-11.209028,0,2.102431
2016-04-04,70.580492,110.482639,10.988321,47.114268,578.945707,68.765783,14.869792,1006.583681,-0.091667,0,2.153125
2016-04-05,113.520833,152.402778,17.831597,50.373264,967.534722,80.748264,15.379861,1006.416667,2.986806,0,2.381597
2016-04-06,136.349116,169.119792,30.347222,67.885417,1971.527778,54.354167,14.186111,1003.714931,2.942708,0,1.314583
2016-04-07,86.506944,136.201389,4.699653,43.831597,1068.576389,55.809028,17.505208,1005.566319,-3.683333,0,2.695139
2016-04-08,21.815972,82.925347,4.300347,28.640625,336.805556,72.569444,17.901736,1007.88125,-12.457986,0,3.286111
2016-04-09,73.505682,244.390625,10.800347,53.549242,701.736111,48.958333,16.050694,1004.002778,-1.397917,0,2.206597
2016-04-10,53.361742,194.671875,13.010417,41.166351,774.826389,59.315972,12.967361,1011.672569,-6.882639,0,2.064583
2016-04-11,40.184028,101.098958,9.029514,39.483902,574.131944,60.369792,10.497569,1012.243056,-4.993403,0.003472,2.451389
2016-04-12,76.991319,89.651042,5.746528,57.017361,756.597222,37.024306,11.349653,1002.041667,5.094097,0.131597,1.536806
2016-04-13,118.730903,145.772569,6.385417,62.732639,944.097222,52.557292,16.702431,998.743056,1.481944,0,2.202083
2016-04-14,31.057765,96.39536,3.143308,25.012942,334.627525,81.670297,17.898611,1008.692361,-4.539583,0,2.653472
2016-04-15,58.042298,101.350063,16.594381,59.102273,1033.522727,49.380366,15.529514,1006.408333,1.721875,0,1.735069
2016-04-16,31.505177,75.5,2.354167,18.65625,333.506944,63.048611,15.372569,1004.031597,0.31875,0.093056,3.547222
2016-04-17,15.571496,36.092014,2.1875,14.107639,276.736111,82.873264,15.492014,1005.206597,-8.323264,0,3.979167
2016-04-18,17.392361,33.381944,2.524306,21.256944,300.094697,75.59375,14.822917,1007.297569,-5.773958,0,2.517361
2016-04-19,71.633681,99.263889,18.9375,63.809975,1283.506944,30.375,12.827431,1010.730208,1.841667,0,1.849653
2016-04-20,67.152778,82.776042,8.434028,41.630208,858.159722,72.126736,18.091319,1006.405556,2.695833,0,1.918056
2016-04-21,98.834754,150.921875,7.107639,57.677083,940.625,69.032986,20.148611,997.744097,0.381944,0,2.352431
2016-04-22,34.331755,104.260417,2.25,19.848958,240.972222,87.423611,19.787847,1003.233333,-12.514236,0,3.226736
2016-04-23,21.493056,55.239583,3.222222,27.96875,314.930556,69.098958,16.847222,1008.454861,-10.293403,0,2.213194
2016-04-24,85.15625,146.909722,20.979167,52.74779,884.375,71.260417,17.173611,1004.989931,2.355556,0,2.042708
2016-04-25,91.133681,142.387153,13.595486,33.902146,727.951389,108.329861,21.217014,1005.984028,9.546181,0,2.752083
2016-04-26,77.822669,126.332465,25.078125,42.322917,1362.152778,96.600694,17.702431,1010.337153,3.958333,0,2
2016-04-27,88.354415,103.110243,9.565972,59.270833,1067.708333,65.703125,14.922222,1008.571528,7.878125,0.021875,1.170139
2016-04-28,83.817708,102.404514,6.972222,48.982639,971.180556,93.3125,18.234028,1008.231597,7.614583,0.014583,2.031944
2016-04-29,120.465278,141.921875,16.149306,60.112847,1292.708333,94.741319,17.948958,1002.154514,8.225,0.002083,1.705903
2016-04-30,159.989583,180.782986,9.328125,60.368056,1419.270833,129.901042,21.901389,996.612153,12.319444,0,2.028472
2016-05-01,192.006787,200.934343,23.045139,42.471907,2275.789141,145.178346,22.852778,994.942361,14.848958,0.005556,1.388542
2016-05-02,50.738636,96.335227,2.57197,18.685606,498.484848,69.418561,15.251042,1002.554861,8.211806,0.422917,2.622917
2016-05-03,26.1996,62.495107,2.193813,25.867424,422.743056,60.364899,18.700347,995.845833,-2.809375,0,3.106597
2016-05-04,32.075537,60.024306,3.760417,46.996528,524.652778,61.954861,20.321181,999.510764,-0.574306,0,1.655208
2016-05-05,54.295139,109.965278,13.939236,44.572917,918.923611,78.107639,20.577431,999.647222,3.377431,0,2.050694
2016-05-06,64.751736,172.454861,2.010417,12.161458,220.486111,84.065972,20.148611,1005.869792,-5.137153,0,3.727431
2016-05-07,21.208333,43.944444,2.859375,25.236111,271.527778,84.050347,21.049653,1011.397222,-5.299653,0,2.135764
2016-05-08,61.253472,107.204861,15.098958,44.519097,730.034722,82.585069,19.896181,1006.822222,5.732292,0,2.3125
2016-05-09,35.036458,61.041667,4.300347,35.934028,510.416667,56.269097,17.759028,1006.325694,9.965278,0.009722,1.629861
2016-05-10,39.671875,63.253472,3.409722,34.845486,528.472222,88.559028,20.784722,1003.450347,8.389236,0,1.846181
2016-05-11,145.760417,164.651042,12.381944,35.487847,1079.166667,125.137153,22.414931,995.664236,14.114583,0.08125,2.159028
2016-05-12,37.272569,52.326389,3.402778,25.454861,501.215278,67.255208,17.448611,1004.246528,5.056597,0.60625,2.773611
2016-05-13,32.121528,57.972222,5.527778,41.201389,576.388889,64.335069,17.2125,1014.322222,2.771875,0,2.346875
2016-05-14,39.272569,47.522569,2.694444,35.493056,533.333333,60.699653,13.891667,1011.071875,9.940278,0.336458,1.656944
2016-05-15,33.067708,42.524306,2.225694,32.03125,482.291667,43.855903,17.367014,1007.401736,2.210764,0,1.680208
2016-05-16,22.840278,51.614583,2.989583,40.814236,486.717623,65.458333,21.963889,1002.151736,2.441667,0,2.448611
2016-05-17,56.270833,100.418403,10.366319,49.71875,593.75,118.510417,24.069097,1002.887153,8.531597,0,2.157639
2016-05-18,58.96875,97.177083,8.430556,33.961806,520.486111,131.722222,24.424306,1006.367014,11.74375,0,2.370139
2016-05-19,84.701389,107.248264,13.744792,37.258681,747.743056,166.605903,24.068403,1008.070486,10.061458,0,2.0375
2016-05-20,87.821181,104.956597,18.939236,46.282986,1061.805556,147.288194,22.840278,1009.909375,9.646181,0,1.826389
2016-05-21,68.534722,84.152778,16.608586,43.253472,834.911616,128.450284,22.517014,1012.90625,8.242361,0,1.594792
2016-05-22,47.019097,80.899306,7.265152,48.825758,644.886364,121.914773,23.236111,1011.551042,7.198611,0,1.537847
2016-05-23,62.300347,88.743056,13.818182,46.083333,901.325758,92.344066,20.522917,1004.275,10.011458,0.066667,1.919792
2016-05-24,18.345486,33.220486,2.847222,27.5,362.152778,76.043561,21.083681,997.556944,6.601736,0,2.467361
2016-05-25,11.796875,26.394097,2.239583,21.748264,315.625,91.435764,21.895486,1000.289583,6.339931,0.005208,2.148958
2016-05-26,21.789931,53.027778,2.298611,29.133681,325.347222,82.527778,24.130208,1003.477083,3.946875,0,2.290625
2016-05-27,46.90625,101.925347,12.035669,47.932292,623.611111,99.296875,23.776389,1003.68125,7.343056,0,2.409722
2016-05-28,48.324653,86.170139,9.732955,37.170139,661.631944,121.40625,24.007639,999.945486,9.301042,0,2.318056
2016-05-29,31.800347,63.866319,4.593119,28.027778,444.791667,104.107639,24.885764,1000.779167,3.525347,0,2.377083
2016-05-30,79.649306,145.770833,15.166667,48.748264,1063.541667,149.444444,26.043403,997.255208,12.732292,0,1.552083
2016-05-31,50.49919,115.978472,10.84738,35.269444,867.152778,83.556944,24.616667,1002.954514,8.716319,0,1.920833
2016-06-01,35.67963,68.816667,5.36553,39.270486,639.791667,93.191319,24.182292,1006.477778,7.336111,0,1.528472
2016-06-02,51.930556,85.982639,8.197917,48.526042,727.083333,124.795139,25.298611,1003.559028,7.588889,0,1.853125
2016-06-03,79.670139,118.675347,20.0625,59.329861,1164.930556,128.168403,24.349306,1000.445139,10.55625,0,1.483333
2016-06-04,87.362374,119.578598,15.717803,36.705492,869.47601,155.539457,26.346528,1000.368056,12.128125,0,1.884028
2016-06-05,74.113636,99.068182,13.242424,37.715909,853.409091,135.075758,24.569097,1003.9125,13.950694,0,1.929861
2016-06-06,85.001263,100.490372,7.396465,33.204072,870.012626,140.856376,24.324653,1003.766667,15.580556,0.254861,1.730556
2016-06-07,57.909722,75.756944,2.222222,26.136206,816.666667,106.958333,22.301042,1005.574306,16.483333,0.236806,1.795486
2016-06-08,122.572917,125.440972,2.430556,35.277336,1184.375,125.583333,24.521875,1002.451042,17.648958,0,1.660764
2016-06-09,111.711806,133.024306,6.597222,34.104167,1044.965278,136.754735,26.628125,999.597569,15.350694,0.334028,2.555208
2016-06-10,51.677083,54.996528,2.265625,19.446181,644.270833,121.053819,24.392361,997.730208,16.175347,0.580556,2.028125
2016-06-11,10.135417,22.697917,2.256944,20.387153,339.930556,79.3125,25.643056,1001.516667,9.757986,0,2.13125
2016-06-12,68.284722,84.663194,6.784722,33.428819,982.465278,125.178819,25.075694,1000.820833,15.269792,0.004167,1.585069
2016-06-13,45.154514,48.668403,2.509785,27.628472,602.777778,87.088542,19.924306,997.594792,17.270833,0.470139,1.536111
2016-06-14,35.232639,37.527778,2.090278,24.298611,592.881944,73.975694,19.265972,994.134028,15.980208,0.097222,1.694444
2016-06-15,18.305556,29.302083,2.184028,27.666667,487.152778,92.887153,23.629861,996.320833,14.175347,0.117361,1.547917
2016-06-16,24.697917,44.737847,2.25,44.144097,529.513889,74.065972,26.542014,992.414236,13.514583,0,1.532292
2016-06-17,23.142361,52.34375,2.322917,42.625,511.631944,57.114583,25.385764,992.367361,14.101042,0.00625,1.650347
2016-06-18,39.293403,68.270833,4.045139,43.572917,664.236111,104.809028,26.520139,998.561111,15.786806,0,1.927778
2016-06-19,58.638889,84.506944,4.472222,37.597222,728.819444,135.338542,28.660069,998.979514,14.988194,0,1.881597
2016-06-20,89.119318,101.929135,5.242582,28.433554,984.438131,157.394729,27.861806,996.523611,19.160764,0.133333,1.712153
2016-06-21,85.222696,95.151042,2.392045,29.607955,856.818182,139.902462,27.732292,995.917361,20.351736,0.031597,1.740625
2016-06-22,54.493056,68.173611,2.262153,31.326389,712.673611,132.947917,27.413542,996.407292,19.543056,0.004167,1.788542
2016-06-23,76.692708,95.916667,4.689236,35.338542,1045.659722,106.177083,27.362847,997.262153,18.403125,0.043403,1.534375
2016-06-24,14.171875,26.295139,2.256944,28.404514,605.555556,62.123264,27.184028,999.964931,8.353819,0.002431,2.210417
2016-06-25,16.667835,32.507734,2.401673,26.95786,351.010101,78.757891,29.905903,1000.999306,8.454514,0,1.984028
2016-06-26,40.183712,74.162879,5,40.189394,504.924242,114.234848,29.671181,999.391319,11.447569,0,2.151042
2016-06-27,58.847538,84.948864,6.737058,38.987374,672.474747,109.657197,26.062847,997.574653,15.188889,0.148958,1.939236
2016-06-28,67.611111,68.15625,2.083333,31.201389,682.291667,71.565972,20.795486,999.870139,18.391319,0.651042,1.513542
2016-06-29,110.829861,110.972222,2.003472,32.663194,869.444444,87.460069,24.013542,998.616319,19.945833,0.042014,1.327431
2016-06-30,60.993056,66.461806,2.111111,31.802083,706.25,104.463542,26.642014,997.647917,18.636458,0.040972,1.520486
2016-07-01,13.184028,24.795139,2.03125,21.767361,377.430556,89.320234,27.550694,998.020486,13.205903,0.007292,1.907292
2016-07-02,44.532986,61.230903,2.595486,36.006944,637.5,107.07923,27.562847,998.960069,16.068403,0,1.773611
2016-07-03,77.875,99.527778,7.4375,42.918403,931.944444,114.931818,27.611111,1000.427778,18.530556,0.013194,1.660417
2016-07-04,130.676505,136.587384,4.788194,31.350694,1229.166667,124.626894,27.655903,1001.809722,20.283333,0.000347,1.878125
2016-07-05,93.210648,101.146991,4.864583,28.428819,983.680556,132.958333,27.737847,1004.613889,18.379514,0,1.782986
2016-07-06,75.065972,91.53125,4.78125,34.059028,913.541667,142.613636,28.704861,1005.721875,17.160764,0,1.705208
2016-07-07,109.78125,120.736111,7.482639,31.557292,1233.680556,153.375,28.604861,1005.095139,19.058333,0,1.924306
2016-07-08,92.086806,99.746528,5.520833,33.371528,1185.416667,112.223485,28.344097,1002.502431,21.371875,0,1.934028
2016-07-09,81.135417,87.765625,3.640625,32.057292,787.152778,113.19697,30.236458,999.086111,22.420139,0,1.933333
2016-07-10,93.072917,99.798611,3.996528,28.104167,814.583333,121.770833,31.349306,996.624306,21.848264,0,1.998958
2016-07-11,87.289141,98.895833,6.440972,28.217014,709.722222,118.405303,31.556944,993.888194,21.50625,0,2.467361
2016-07-12,32.547664,42.338542,3.878472,27.824653,579.166667,68.215909,27.505556,994.440278,21.379861,0.176736,1.751736
2016-07-13,18.651042,31.019097,2.527778,30.119792,507.986111,92.763573,29.74375,998.402431,18.507292,0,1.556944
2016-07-14,34.550347,56.006944,4.138889,40.454861,810.763889,89.970486,28.181944,1000.543403,17.790625,0.206944,1.605208
2016-07-15,35.048611,36.340278,2.090278,28.111111,677.083333,67.050347,21.652431,998.794792,19.029167,0.267361,1.316319
2016-07-16,35.704861,41.465278,2.763889,36.086806,726.041667,52.553819,22.993403,997.813194,17.337847,0.002083,1.123611
2016-07-17,75.899306,85.215278,3.015625,40.420139,1101.215278,112.541667,26.165278,1000.99375,18.699306,0,1.317708
2016-07-18,107.286616,110.973169,4.119634,49.621843,1254.387626,85.715278,25.649653,1001.718403,21.045486,0.212153,1.197222
2016-07-19,96.892361,99.204861,2.489583,42.848958,1217.013889,41.597222,23.826736,1001.75,21.977778,0.785069,1.272222
2016-07-20,36.107639,37.576389,2.121528,17.914931,728.819444,49.692708,22.026736,996.676389,21.025347,8.725694,3.049653
2016-07-21,24.420139,27,2.006944,24.958333,810.9375,38.916667,23.987847,995.120833,22.544792,0.413889,1.184375
2016-07-22,74.027778,75.423611,2.086806,29.879735,1050.347222,80.996528,27.335417,995.230556,23.727431,0.003125,1.231944
2016-07-23,120.843561,124.206061,2.289773,33.521307,1177.777778,96.191604,28.682292,995.488542,25.162847,0.693056,1.45
2016-07-24,64.775325,73.596537,2.637446,29.360931,872.564935,93.258387,28.444792,998.483333,24.330556,0.071528,1.325
2016-07-25,42.669372,49.051948,2.982251,28.067478,797.700216,62.555628,27.911806,996.597222,24.473264,0.272222,1.324306
2016-07-26,21.176662,32.265467,2.815341,21.055556,566.698232,90.352273,28.685069,998.054861,19.748611,0,1.463194
2016-07-27,47.377683,67.391888,2.094066,33.201862,741.950758,119.907197,28.306597,996.213542,22.087153,0.402083,1.662847
2016-07-28,45.38447,54.200758,2.234848,27.757576,654.166667,107.132576,27.451389,995.911111,21.704861,0.000347,1.208333
2016-07-29,117.002525,122.191288,2.393308,29.559975,1233.59375,125.995896,29.093403,998.786458,24.6375,0,1.491319
2016-07-30,133.918403,136.842014,2.538194,28.605903,1584.722222,72.121528,27.538889,1002.166319,24.579861,0.086111,1.544444
2016-07-31,53.53125,54.982639,2.184028,29.402778,1007.407407,72.442708,25.625347,1003.347569,22.282986,0.166319,1.311806
2016-08-01,66.545139,71.657986,2.604167,27.944444,1170.717593,94.868056,28.296875,1003.295833,23.572917,0.000347,1.242361
2016-08-02,50.227431,58.036458,2.347222,28.598958,1001.388889,92.25,29.500694,1003.809722,22.201736,0,1.514931
2016-08-03,53.248264,66.741319,2.548611,30.199653,885.416667,119.425347,30.247569,1003.836806,22.660764,0,1.333681
2016-08-04,97.987847,105.838542,2.451389,31.263889,1389.409722,130.545139,30.017708,1003.963889,24.098611,0,1.635417
2016-08-05,64.465278,70.322917,2.600694,27.013889,840.277778,93.118056,29.373264,1003.721181,23.340625,0,1.506944
2016-08-06,100.34375,106.715278,2.21875,31.486111,961.458333,96.21875,29.433681,1000.165278,24.35625,0.134028,1.61875
2016-08-07,19.236111,24.861111,2.298611,16.899306,618.402778,83.727431,27.257639,1002.072222,21.830556,0.316319,1.509375
2016-08-08,30.59375,39.774306,2.552083,24.307292,771.527778,88.560764,28.301042,1003.915972,19.996181,0,1.646528
2016-08-09,44.782986,60.96875,5.597222,35.456597,1141.319444,108.276042,27.620486,1002.517361,20.103125,0,1.547569
2016-08-10,82.133681,91.569444,2.576389,25.484375,933.506944,98.604167,29.998611,1000.890278,24.149306,0,2.069444
2016-08-11,86.276042,95.267361,3.363321,26.305556,955.034722,90.982639,31.239931,1000.498611,25.615278,0,1.701042
2016-08-12,60.619792,66.590278,4.041667,35.612847,860.9375,44.487847,28.686111,999.668403,24.845486,0.514236,1.430556
2016-08-13,22.368056,32.15625,3.350694,38.197917,676.041667,23.229167,27.062153,999.980556,20.693403,0,1.276736
2016-08-14,19.423611,39.430556,3.142361,35.128472,602.777778,79.4375,28.542014,1000.449653,18.136111,0,1.316319
2016-08-15,20.899306,31.326389,2.236111,28.043403,603.472222,63.888889,25.033681,1002.355556,18.660417,0.237153,1.54375
2016-08-16,23.277778,35.829861,2.034722,29.96875,584.375,77.666667,25.987153,999.747917,19.269097,0,1.573264
2016-08-17,59.770833,76.697917,2.645833,54.322917,951.388889,30.883681,25.091319,998.465972,21.701042,0.080556,0.977778
2016-08-18,74.572917,74.579861,2.024306,38.996528,1596.875,30.152778,23.148264,996.196875,22.310764,0.95,1.196528
2016-08-19,17.954861,25.680556,2.065972,23.1875,895.486111,72.229167,27.741319,999.838542,20.550347,0.000694,1.874653
2016-08-20,52.491319,61.758681,2.076389,34.607639,1026.215278,100.461806,27.301389,1003.031944,21.303125,0,1.149306
2016-08-21,52.163194,69.295139,2.274306,38.111111,923.263889,126.940972,28.528819,1003.579514,21.852083,0,1.437153
2016-08-22,52.934028,66.854167,4.131944,30.505208,959.722222,108.413194,28.764236,1005.545486,20.021181,0,1.672917
2016-08-23,69.552083,84.142361,5.489583,39.097222,901.736111,81.489583,27.078125,1001.261111,20.636458,0.000347,1.436111
2016-08-24,79.661458,90.833333,3.430556,45.388889,1027.430556,83.192708,27.51875,998.795139,21.739583,0,1.109375
2016-08-25,19.229167,27.446181,2.225694,22.826389,414.930556,56.427083,26.959375,1005.182292,12.329167,0,2.955208
2016-08-26,10.034722,24.064236,2.055556,29.359375,370.833333,52.980903,23.972917,1010.668403,8.527083,0,1.49375
2016-08-27,14.494792,35.175347,2.753472,36.642361,438.541667,40.763889,23.95,1007.126736,10.825694,0.032292,1.407986
2016-08-28,11.022569,27.661458,2.354167,31.506944,312.152778,54.017361,25.336111,1006.320139,9.538542,0,1.7125
2016-08-29,17.914931,43.914931,2.960069,41.222222,465.451389,61.925347,24.858333,1006.127778,11.786458,0,1.402083
2016-08-30,29.166667,60.217014,3.124211,45.310764,593.402778,92.838542,25.610417,1000.325347,14.531597,0,1.429861
2016-08-31,16.786458,35.055556,3.126736,38.199653,435.069444,55.315972,26.839236,991.508333,6.706597,0,2.447569
2016-09-01,7.454861,31.163194,2.611111,28.177083,330.555556,45.359375,24.617708,990.961111,6.182292,0,2.135417
2016-09-02,11.739583,32.600694,2.208333,30.412142,387.152778,25.065972,23.671055,996.862587,14.051563,0.019444,1.421528
2016-09-03,18.822917,39.395833,2.402778,32.015625,430.902778,65.201389,25.280903,1001.434028,16.358681,0.003472,1.378125
2016-09-04,80.427083,100.378157,5.041035,43.601957,1040.340909,91.776831,25.219097,1003.922569,18.386806,0.105903,1.61875
2016-09-05,27.546875,38.369792,2.256944,29.616319,510.763889,72.162563,24.838542,1004.618403,15.554861,0.000347,1.657292
2016-09-06,18.342593,34.5,3.601852,38.62037,516.666667,36.239899,25.388194,1002.788194,14.468403,0,1.588889
2016-09-07,40.647222,68.425,5.183333,36.316667,661.666667,98.966667,24.049653,1000.482986,15.730208,0.673958,1.792708
2016-09-08,20.708333,36.638889,2.605903,40.168403,562.847222,50.280303,23.613889,1000.898264,13.428472,0.002431,1.375347
2016-09-09,18.026042,37.513889,3.414931,39.654514,500.520833,37.198864,24.303819,1002.709375,12.595833,0,1.498264
2016-09-10,15.763889,38.666667,3,39.395833,459.548611,46.621212,24.595486,1004.378472,12.302083,0,1.444792
2016-09-11,32.319444,42.135417,2.225694,29.208333,774.305556,77.183712,21.492014,1008.156944,16.829167,1.134722,1.642014
2016-09-12,31.950758,41.120896,2.152462,32.370013,738.64899,65.257197,22.386111,1011.476389,16.209028,0.020139,1.243056
2016-09-13,86.743056,95.46875,2.875,50.159091,1016.319444,63.992424,22.735764,1012.052431,18.203472,0.000347,1.24375
2016-09-14,100.753472,107.949811,3.676136,45.574495,1037.026515,82.731061,23.90421,1010.522049,18.243924,0.040625,1.577083
2016-09-15,69.621843,83.076705,3.739268,40.458333,829.008838,89.304924,24.721441,1008.562847,17.597222,0,1.326736
2016-09-16,133.619634,143.025884,3.833018,36.416035,1147.695707,100.246212,24.373264,1006.89375,19.482292,0.163542,1.402778
2016-09-17,41.506944,50.836806,2.479167,34.611111,768.055556,37.901515,21.128472,1012.154514,16.818056,0.338542,1.125694
2016-09-18,20.925295,23.350484,2.234112,30.658775,566.440446,20.713636,18.536458,1014.591319,15.628819,0.115278,1.250694
2016-09-19,11.056503,19.472696,2.020833,31.369318,403.488005,35.032197,18.782639,1015.995486,10.30625,0,1.387153
2016-09-20,19.495265,38.078914,2.597538,42.814962,521.369949,43.221212,19.336458,1014.495486,9.914236,0,1.259375
2016-09-21,63.97822,93.197759,4.60101,73.070786,945.265152,21.590909,18.48967,1013.448611,12.705208,0.011458,1.208681
2016-09-22,100.152778,109.276042,6.769097,54.053819,1038.368056,52.994318,19.568837,1009.539062,14.507292,0.018403,1.330208
2016-09-23,122.602115,123.324653,3.241319,43.168403,1107.638889,97.594697,21.247164,1006.098785,16.819792,0.149653,1.345486
2016-09-24,112.404514,123.592014,4.071181,49.536458,1063.020833,90.481061,22.023403,1004.398611,17.577431,0.124653,1.26875
2016-09-25,162.858112,169.262468,3.909722,48.840278,1524.131944,69.176136,22.83094,1007.872619,18.355704,0,1.511979
2016-09-26,58.696181,60.076389,2.486111,41.996528,1146.527778,46.800189,19.596018,1008.287103,17.864782,0.847917,1.276389
2016-09-27,25.237847,34.125,2.211806,23.659722,611.458333,41.737847,17.992911,1014.927604,5.583681,0,3.475694
2016-09-28,14.251736,26.472222,2.743056,33.243056,380.208333,33.680556,15.234983,1020.138715,1.2,0,1.870486
2016-09-29,50.534249,74.105903,4.96875,55.440972,633.159722,41.935764,14.653848,1013.792188,6.361111,0,1.322917
2016-09-30,97.252525,120.008681,6.583333,70.46875,901.736111,67.597222,17.209983,1009.692708,9.544444,0,1.132292
2016-10-01,165.850694,184.184028,10.17077,81.506944,1329.166667,58.03125,18.626389,1008.936111,11.983681,0,1.094097
2016-10-02,183.774306,192.065972,5.714646,69.756944,1372.916667,66.75,19.232986,1007.103819,13.675347,0.004167,1.069444
2016-10-03,121.173611,135.673611,3.364583,56.916667,1122.916667,57.923611,21.995139,1005.211806,16.195139,0,1.255556
2016-10-04,34.694129,50.897096,3.351326,35.366635,1072.522096,20.23548,16.486111,1009.626042,12.760417,0.287153,2.032292
2016-10-05,55.546086,62.512311,2.233902,38.511995,1173.175505,23.616793,16.197569,1012.712153,12.990278,0.003125,1.385764
2016-10-06,72.472222,80.753472,3.888889,47.340278,1622.569444,5.795139,15.109722,1019.211111,13.03125,0.944792,1.509722
2016-10-07,39.708333,39.909722,2.309028,41.970486,1604.6875,10.178819,13.135417,1013.686458,11.51875,1.167014,1.515625
2016-10-08,12.447601,23.128472,2.397569,22.942708,415.451389,42.234375,12.200347,1016.379861,-0.690278,0.000347,2.380903
2016-10-09,31.507197,58.118056,4.086806,49.855903,681.25,15.329545,9.922569,1017.280208,3.225347,0,1.204514
2016-10-10,88.232323,117.585069,8.921875,73.59375,1118.229167,13.8125,11.386458,1012.445833,6.433333,0,0.99375
2016-10-11,117.227273,125.923611,7.359375,64.060764,1395.833333,26.796875,13.735764,1015.813542,8.271181,0,1.560417
2016-10-12,77.378788,97.891888,5.869792,61.357639,1172.222222,22,14.444444,1018.480556,9.51875,0,1.110069
2016-10-13,150.186869,162.191288,4.526042,70.703125,1475.347222,33.513889,15.194444,1013.870486,11.661458,0,0.827778
2016-10-14,241.081597,247.442708,5.935764,88.710069,1956.076389,30.005208,15.805556,1014.960417,13.147569,0,0.921181
2016-10-15,191.171875,198.060764,4.102431,83.795139,1907.638889,3.477431,14.163889,1016.652778,12.383333,0.014236,0.745833
2016-10-16,120.336806,120.826389,3.163194,58.392361,1040.972222,22.59375,15.631597,1012.760069,12.870833,0.001042,1.119097
2016-10-17,60.213542,78.956597,2.534722,49.930556,853.125,27.302083,15.554861,1014.832292,7.375,0,1.422569
2016-10-18,117.621528,151.854167,5.447917,69.255208,1734.722222,6.715278,15.525347,1014.284375,12.626042,0,1.149306
2016-10-19,221.805556,228.779514,5.274306,78.967014,2202.083333,16.684028,17.061806,1010.845139,14.357986,0,0.945486
2016-10-20,95.270833,114.840278,6.40625,51.743056,1448.263889,14.255208,13.915625,1016.170486,8.982292,0.235069,1.667361
2016-10-21,43.131944,43.677083,2.197917,38.237532,806.25,18.767361,10.507986,1013.797222,8.720833,0.368056,1.085069
2016-10-22,14.482639,19.277778,2.215278,27.701389,547.916667,19.748264,12.119531,1017.084722,5.730903,0,2.071181
2016-10-23,26.565972,44.805556,3.368056,40.736111,592.708333,17.845486,10.68114,1017.390856,2.084028,0,1.145139
2016-10-24,61.260417,105.305556,2.864583,55.59375,1087.847222,3.722222,9.491638,1011.804386,5.596875,0.003819,0.984375
2016-10-25,96.855903,129.489583,2.96875,70.930556,1418.055556,4.515625,11.068084,1008.735012,7.607639,0,1.178819
2016-10-26,43.883996,79.137626,3.279672,47.827257,788.068182,21.768624,12.450023,1017.61059,2.495833,0,2.084375
2016-10-27,30.657197,53.423295,4.849747,48.580808,996.685606,7.172664,8.963328,1021.193866,4.182292,0.464931,1.610764
2016-10-28,11.223801,22.736742,2.34375,27.600694,390.451389,32.454861,8.93809,1023.955903,-3.503819,0.002778,2.1375
2016-10-29,24.163194,55.583333,4.34375,44.472222,537.152778,19.727431,6.348958,1024.998958,-3.734028,0,1.701389
2016-10-30,44.079861,79.420139,5.348958,42.546875,748.263889,24.201389,6.201736,1020.873958,-3.597222,0,2.339583
2016-10-31,8.625,22.767361,3.346117,16.751736,313.368056,45.619792,2.677778,1031.573264,-17.835069,0,2.878472
2016-11-01,41.170139,66.913194,7.957386,51.661458,694.965278,18.019097,2.045139,1028.183333,-8.105208,0,1.216319
2016-11-02,100.065972,139.680556,9.616319,77.470486,1367.013889,12.375,4.896528,1020.255903,-3.265278,0,1.344444
2016-11-03,183.03125,224.59375,9.013889,100.694444,2372.569444,7.704861,5.484722,1012.579167,0.829861,0,1.036111
2016-11-04,242.538194,273.069444,5.510417,117.203125,3320.138889,6.970486,6.189236,1003.811458,3.746181,0,1.011806
2016-11-05,180.03125,190.621528,4.597222,95.618056,3160.763889,18.447917,8.692708,1008.893403,5.042708,0,1.560069
2016-11-06,71.819444,81.395833,9.064236,54.284722,1165.625,25.1875,7.837153,1021.262847,-2.626389,0,1.711806
2016-11-07,39.642361,47.381944,3.564236,38.802083,801.736111,27.402778,8.110764,1024.086111,-3.476389,0.014236,2.253125
2016-11-08,35.074653,57.194444,6.645833,49.28125,802.430556,17.956597,5.15625,1028.181944,-4.714931,0,1.290278
2016-11-09,148.194444,182.911458,12.803819,82.215278,2401.041667,3.692708,3.257292,1023.536806,-0.604167,0,1.080903
2016-11-10,155.914931,170.904514,8.225694,70.286458,1850,8.425347,6.594444,1009.361458,0.190278,0.001736,1.480903
2016-11-11,78.215278,116.517361,6.986111,61.013889,1540.104167,8.715278,4.688542,1008.801389,-2.338542,0,1.037847
2016-11-12,74.739583,123.034722,9.701389,64.807292,1499.826389,12.211806,6.802083,1014.039583,0.330208,0,1.326042
2016-11-13,94.006944,149.288194,10.586806,69.583333,2132.638889,3.447917,8.053819,1011.855903,4.202778,0,1.086111
2016-11-14,43.194444,78.340278,4.123264,35.302083,938.541667,37.961806,8.912153,1016.367708,-10.680903,0,2.843403
2016-11-15,39.256944,69.590278,12.253472,59.029514,1306.944444,14.184028,4.197917,1020.191667,-8.048611,0,1.242708
2016-11-16,97.402778,139.763889,15.8125,78.934975,2163.368056,9.060764,5.313889,1015.333333,-1.435417,0,1.013542
2016-11-17,114.510417,158.673611,22.194444,70.559028,2558.680556,4.163194,5.776736,1017.641319,-0.157986,0.000347,1.046875
2016-11-18,189.03125,270.645833,19.616319,86.130208,3742.361111,2.649306,6.672917,1009.414931,3.136806,0.001042,1.007292
2016-11-19,124.184028,152.145833,9.395833,63.177083,1848.958333,21.256944,9.794444,1012.284028,0.717014,0,1.803819
2016-11-20,54.979167,59.565972,4.430556,42.53125,1164.930556,10.034722,3.517361,1019.569097,1.429514,0.199306,2.350347
2016-11-21,9.645833,15.444444,3.027778,13.730903,356.597222,54.661458,-1.378819,1025.780208,-9.805903,0.103819,3.894792
2016-11-22,8.173611,20.954861,4.118056,18.423611,391.666667,47.921875,-3.689583,1033.393403,-18.863889,0,3.354861
2016-11-23,18.934028,31.982639,8.131944,32.383681,562.152778,32.447917,-1.286111,1029.517014,-16.852778,0,2.362847
2016-11-24,67.442708,93.638889,16.645833,65.083333,1327.777778,14.284722,-0.720486,1023.575347,-12.352778,0,1.339236
2016-11-25,153.829861,194.690972,23.493056,94.111111,2552.951389,4.819444,-0.062153,1019.460417,-7.821181,0,1.067014
2016-11-26,255.208333,351.829861,21.663194,113.157986,3355.034722,7.986111,1.867361,1014.883333,-5.165278,0,1.173264
2016-11-27,56.940972,87.263889,7.1875,44.895833,970.138889,34.458333,2.814236,1021.847569,-12.044097,0,2.068403
2016-11-28,59.175347,93.175347,17.269097,73.470486,1559.548611,9.309028,0.732639,1026.560417,-9.455903,0,0.983681
2016-11-29,96.722222,141.159722,25.454861,80.291667,2561.111111,3.548611,1.038889,1027.902431,-5.095833,0,1.213194
2016-11-30,90.045139,127.375,14.590278,65.963542,2145.833333,22.854167,4.641667,1018.964583,-4.738889,0.000347,1.911806
2016-12-01,27.84375,46.013889,7.784722,43.40625,738.194444,38.052083,4.531597,1026.063889,-10.650347,0,1.644444
2016-12-02,92.717014,116.263889,18.944444,82.043403,1975.347222,9.064236,2.397917,1023.628125,-7.392708,0,1.030556
2016-12-03,191.663194,223.211806,23.861111,108.045139,3201.388889,6.072917,1.972222,1015.530903,-4.310764,0,0.957639
2016-12-04,247.465278,284.3125,17.715278,102.6875,3568.75,9.590278,2.877778,1011.347917,-3.304514,0,0.886111
2016-12-05,49.960069,67.920139,7.84375,40.866319,1066.145833,31.512153,2.220139,1021.925347,-11.84375,0,2.513542
2016-12-06,76.361111,112.774306,19.826389,86.326389,2109.027778,7.484375,-0.317014,1017.394792,-12.4,0,1.040625
2016-12-07,121.114583,158.159722,22.142361,95.517361,2555.208333,9.309028,2.848264,1017.540278,-6.626042,0,1.657292
2016-12-08,92.180556,125.434028,11.461806,55.071181,1790.972222,35.222222,3.750347,1012.712847,-9.412153,0,2.703472
2016-12-09,21.96875,36.135417,8.857639,39,701.041667,33.352431,0.824653,1022.628472,-12.581597,0,1.6625
2016-12-10,47.479167,67.920139,14.520833,62.822917,1394.791667,11.878472,-1.148264,1023.570486,-11.232986,0,1.011458
2016-12-11,160.402778,190.883681,32.4375,98.232639,3213.33649,5.477431,-1.204861,1019.532639,-7.561806,0,1.192014
2016-12-12,222.017361,236.798611,37.788194,102.770833,2863.652146,7.072917,2.154167,1018.772222,-4.146528,0,0.988542
2016-12-13,53.440972,58.322917,9.831597,49.560764,1197.348485,28.475694,1.089583,1025.461111,-12.458681,0,1.631597
2016-12-14,24.663194,37.704861,10.258681,42.739583,731.565657,32.725694,-1.206597,1027.580903,-16.898264,0,1.949653
2016-12-15,25.975694,50.409722,9.913194,40.600694,843.229167,32.298611,-0.157986,1026.838194,-14.656944,0,2.494792
2016-12-16,105.947917,133.927083,20.829861,87.534722,2072.222222,9.614583,-0.610417,1020.893403,-11.291667,0,1.045139
2016-12-17,184.746528,208.076389,30.951389,102.541667,3143.75,6.288194,-0.306597,1016.827083,-7.695833,0,0.962847
2016-12-18,219.510417,228.444444,24.954861,101.21875,3419.444444,7.586806,-0.145139,1018.362153,-6.171181,0,0.757986
2016-12-19,214.704861,223.736111,22.861111,107.708333,3875,7.871528,0.325694,1019.194097,-5.756944,0,0.836111
2016-12-20,365.725694,385.215278,9.260417,133.451389,7582.291667,5.309028,-1.282292,1023.131944,-3.668403,0,1.148264
2016-12-21,394.927083,411.381944,11.427083,153.253472,7961.111111,5.298611,0.872222,1020.364931,-2.652431,0,0.96875
2016-12-22,69.635417,74.640625,6.060764,37.342014,1456.944444,45.772569,2.634375,1018.168056,-11.398264,0,3.336458
2016-12-23,30.850694,39.40625,8.083333,44.666667,766.840278,29.427083,-1.114583,1024.491667,-13.534722,0,1.6625
2016-12-24,117.53125,139.732639,25.03125,87.010417,2574.652778,7.454861,-1.654514,1024.751736,-9.334028,0,1.1875
2016-12-25,146.121528,160.951705,27.606061,95.232323,2808.964646,4.771465,-1.530903,1023.295486,-6.968056,0,0.959028
2016-12-26,45.923611,51.711806,16.135417,47.1875,1016.666667,31.539931,1.394792,1025.630208,-12.982292,0,1.930208
2016-12-27,35.873264,52.927083,9.538194,41.618056,813.368056,33.484375,-1.545139,1028.632639,-15.147917,0,1.980556
2016-12-28,63.958333,77.741319,9.001736,39.543403,1047.395833,28.482639,-1.741319,1027.017014,-14.315278,0,2.541667
2016-12-29,52.163194,74.75,11.661458,48.996528,1000.347222,22.588542,-2.159375,1029.296181,-16.921181,0,1.746528
2016-12-30,201.401042,236.454861,19.927083,97.211806,3175.347222,5.746528,-3.86875,1023.734375,-11.239236,0,1.058333
2016-12-31,286.048611,324.493056,21.753472,128.100694,4434.027778,5.090278,-2.886111,1021.228819,-9.076736,0,0.975
2017-01-01,441.885417,495.888889,9.131944,139.017361,6517.361111,5.836806,-3.322222,1019.312153,-6.205903,0,1.082639
2017-01-02,196.604167,213.777778,12.354167,98.34375,3680.902778,22.210069,0.594444,1019.751389,-8.929861,0,1.532986
2017-01-03,290.637311,320.190972,17.590278,138.142361,5574.226641,11.868056,-0.308333,1016.986806,-6.916667,0,0.951736
2017-01-04,344.705177,389.756944,18.496528,145.996528,6633.673716,10.315972,-0.404514,1020.192708,-5.590278,0,1.101389
2017-01-05,223.777778,249.232639,15.536458,109.029514,5446.354167,10.092014,0.528125,1024.886458,-2.860417,0.000347,1.152431
2017-01-06,194.479167,198.277778,23.583333,104.635417,3971.180556,14.447917,0.5125,1021.401389,-3.877431,0,0.864583
2017-01-07,166.131944,167.284722,18.293403,80.904514,2949.652778,17.717014,1.595833,1018.4,-2.281597,0.008681,0.999653
2017-01-08,37.350694,39.451389,10.090278,34.336806,890.277778,42.947917,2.915278,1016.836458,-9.664236,0,2.623264
2017-01-09,32.638889,42.458333,6.503472,36.350694,700.378788,44.802083,0.445295,1020.403241,-12.631597,0,3.095139
2017-01-10,23.982639,38.770833,6.758681,32.795139,623.295455,49.425347,-0.029434,1023.366501,-16.395486,0,3.170139
2017-01-11,57.847222,78.871528,20.788194,72.777778,1440.688131,24.118056,-0.731944,1019.728877,-12.650694,0,1.428125
2017-01-12,44.097222,63.048611,16.670139,52.197917,881.25,45.079861,1.374612,1015.354803,-12.602778,0,2.416319
2017-01-13,13.239583,25.427083,9.913194,24.435764,381.944444,66.215278,-0.09184,1019.532812,-20.101389,0,3.284028
2017-01-14,23.798611,42.177083,15.430556,47.569444,804.513889,37.840278,-2.063634,1026.777488,-20.650347,0,2.030556
2017-01-15,56.819444,74.517361,15.614583,53.809028,989.756944,25.59375,-3.302674,1027.794271,-8.630556,0.001042,1.609028
2017-01-16,98.451389,109.342014,21.927083,70.8125,1703.298611,12.315972,-2.149068,1026.109201,-7.495139,0,1.384722
2017-01-17,137.897569,145.607639,25.15625,75.517361,2110.763889,15.809028,-1.030532,1024.84456,-6.845139,0,1.313889
2017-01-18,40.336806,52.583333,12.527778,51.003472,792.361111,29.078125,-2.588594,1027.454687,-14.445486,0,1.578819
2017-01-19,46.083333,87.645833,13.482639,37.131944,1069.097222,41.277778,-3.296872,1024.994676,-17.159375,0,4.046354
2017-01-20,21.6875,33.638889,8.336806,32.145833,630.902778,49.496528,-5.127529,1028.020486,-21.911111,0,2.373264
2017-01-21,26.361111,48.621528,9.604167,29.423611,713.888889,51.288194,-4.282529,1024.858044,-21.804167,0,3.223611
2017-01-22,23.840278,34.392361,10.930556,38.965278,719.791667,38.392361,-4.948623,1029.371759,-20.673264,0,1.848958
2017-01-23,32.944444,42.90625,12.965278,45.711806,888.888889,33.298611,-5.349711,1029.704919,-18.238194,0,1.454861
2017-01-24,85.857639,98.173611,28.145833,73.90625,1946.701389,26.572917,-3.911453,1030.917535,-14.927778,0,1.263542
2017-01-25,171.619792,177.628472,38.609375,92.447917,2990.798611,21.940972,-2.847344,1026.25515,-11.241667,0,1.179861
2017-01-26,159.836806,178.440972,25.868056,63.381944,2598.4375,45.4375,0.317951,1018.45,-10.766319,0,2.588889
2017-01-27,60.857639,87.583333,20.642361,28.826389,681.597222,65.229167,-0.442963,1024.773351,-15.668924,0,2.449826
2017-01-28,338.513889,415.527778,82.336806,69.895833,2302.430556,17.600694,-1.407344,1016.054745,-11.011458,0,1.36875
2017-01-29,38.791667,76.6875,10.767361,16.6875,623.958333,60.875,-1.863096,1023.508565,-19.483333,0,4.537847
2017-01-30,24.770833,31.458333,9.743056,19.565972,546.180556,62.895833,-3.095584,1030.908507,-25.820139,0,2.271181
2017-01-31,75.71875,85.878472,27.40625,40.489583,1173.4375,53.133681,0.133681,1023.345139,-22.419792,0,1.604514
2017-02-01,30.918403,49.387153,13.385417,25.03125,578.819444,62.215278,-0.651042,1031.036806,-22.096181,0,1.932292
2017-02-02,80.895833,96.305556,29.770833,59.4375,1402.777778,36.21875,-2.078472,1024.717014,-18.942014,0,1.028472
2017-02-03,155.229167,171.378472,43.850694,84.475694,2302.430556,26.111111,-0.615972,1017.570833,-15.01875,0,1.005208
2017-02-04,248.364583,258.201389,49.565972,93.0625,2927.083333,35.746528,3.423611,1012.791667,-9.813542,0,1.361111
2017-02-05,12.541667,17.3125,7.083333,23.409722,431.597222,64.847222,4.24945,1016.567303,-15.351042,0,2.313889
2017-02-06,12.954861,23.381944,7.3125,27.232639,462.5,62.378472,1.609514,1025.73559,-17.548264,0,2.259722
2017-02-07,75.861111,89.690972,20.555556,60.21875,1401.736111,36.607639,-0.485764,1025.405903,-9.839236,0,1.252431
2017-02-08,32.840278,49.71875,6.927083,26.368056,685.243056,59.965278,-0.645833,1025.244792,-16.533333,0,3.083681
2017-02-09,6.907986,21.402778,2.684028,10.902778,301.388889,82.538194,-1.627431,1023.036806,-21.625347,0,3.849653
2017-02-10,7.097222,24.961806,3.28125,14.274306,311.111111,75.041667,0.076736,1023.379861,-22.610764,0,3.612847
2017-02-11,43.201389,66.368056,17.965278,44.020833,798.958333,47.163194,1.732639,1022.431944,-17.946181,0,1.650347
2017-02-12,104.993056,136.652778,41.506944,76.590278,2032.638889,24.538194,1.581597,1020.948264,-13.670486,0,1.260417
2017-02-13,80.333333,103.829861,24.034722,66.625,1942.013889,32.958333,4.181944,1025.471528,-12.270139,0,1.43125
2017-02-14,177.086806,187.496528,30.642361,95.430556,2677.083333,15.802083,-0.021875,1027.341667,-5.831944,0,1.229167
2017-02-15,231.319444,235.850694,36.284722,106.399306,2793.75,24.954861,1.460069,1015.104861,-6.002083,0,1.040972
2017-02-16,108.026042,117.795139,19.177083,54.677083,1390.972222,65.848958,4.708333,1013.235069,-11.366667,0,3.148264
2017-02-17,21.215278,37.076389,7.045139,28.128472,504.6875,59.725694,1.754167,1024.765278,-20.439583,0,2.715278
2017-02-18,83.9375,119.409722,25.71875,71.722222,1192.708333,26.517361,2.642708,1016.420833,-13.729861,0,1.703472
2017-02-19,97.611111,142.767361,24.427083,61.434028,1208.680556,45.246528,4.917361,1004.972569,-11.992014,0,2.725694
2017-02-20,11.532986,31.987847,4.866319,23.852431,413.715278,64.317708,0.612847,1025.035069,-21.319444,0,2.7625
2017-02-21,61.3125,78.803819,15.065972,59.425347,1172.743056,17.491319,-1.616667,1024.707292,-11.406944,0.154514,1.457986
2017-02-22,79.058554,77.444444,6.630208,41.098958,1018.576389,41.506944,0.757292,1017.629514,-6.789583,0.001389,2.076042
2017-02-23,17.336806,27.630208,6.619792,31.117266,555.381944,61.154514,3.01875,1022.609375,-12.56875,0,2.226389
2017-02-24,25.425347,38.647569,9.586806,44.587437,718.402778,45.703125,4.876736,1019.349306,-11.351736,0,1.902083
2017-02-25,11.357639,21.522569,5.550347,30.112847,466.145833,59.348958,7.040278,1017.160417,-10.586111,0,2.051042
2017-02-26,27.704861,44.939236,9.975694,50.321181,701.736111,42.274306,6.769097,1018.659375,-8.005556,0,1.601042
2017-02-27,67.775663,97.811995,17.022854,76.670991,1335.394571,27.876136,7.752778,1015.493056,-7.107292,0,1.525347
2017-02-28,15.166035,29.014205,6.539773,33.019571,519.917929,59.297033,10.35,1013.294444,-12.275694,0,2.114583
