forecast_origin_time,target_time,horizon_hours,city,model,y_true,y_pred,split
2016-05-12 08:00:00,2016-05-13 08:00:00,24,Beijing,ARIMA,10.333333,48.05189024819231,test
2016-05-12 14:00:00,2016-05-13 14:00:00,24,Beijing,ARIMA,17.0,51.50097193885808,test
2016-05-12 20:00:00,2016-05-13 20:00:00,24,Beijing,ARIMA,20.638889,51.61985194539646,test
2016-05-13 02:00:00,2016-05-14 02:00:00,24,Beijing,ARIMA,26.916667,50.244765806174115,test
2016-05-13 08:00:00,2016-05-14 08:00:00,24,Beijing,ARIMA,31.083333,56.970931521838,test
2016-05-13 14:00:00,2016-05-14 14:00:00,24,Beijing,ARIMA,39.25,55.584987480788385,test
2016-05-13 20:00:00,2016-05-14 20:00:00,24,Beijing,ARIMA,27.833333,54.36115340916992,test
2016-05-14 02:00:00,2016-05-15 02:00:00,24,Beijing,ARIMA,45.5,60.58502500378917,test
2016-05-14 08:00:00,2016-05-15 08:00:00,24,Beijing,ARIMA,28.75,55.614424012143786,test
2016-05-14 14:00:00,2016-05-15 14:00:00,24,Beijing,ARIMA,39.916667,61.43702225599303,test
2016-05-14 20:00:00,2016-05-15 20:00:00,24,Beijing,ARIMA,48.5,63.437401018014924,test
2016-05-15 02:00:00,2016-05-16 02:00:00,24,Beijing,ARIMA,67.666667,71.6267565373008,test
2016-05-15 08:00:00,2016-05-16 08:00:00,24,Beijing,ARIMA,36.666667,61.195756675471216,test
2016-05-15 14:00:00,2016-05-16 14:00:00,24,Beijing,ARIMA,12.333333,47.84386703732571,test
2016-05-15 20:00:00,2016-05-16 20:00:00,24,Beijing,ARIMA,15.833333,52.22027262667201,test
2016-05-16 02:00:00,2016-05-17 02:00:00,24,Beijing,ARIMA,17.583333,44.891815163157574,test
2016-05-16 08:00:00,2016-05-17 08:00:00,24,Beijing,ARIMA,37.25,57.73543463809883,test
2016-05-16 14:00:00,2016-05-17 14:00:00,24,Beijing,ARIMA,19.666667,52.464987369545874,test
2016-05-16 20:00:00,2016-05-17 20:00:00,24,Beijing,ARIMA,18.916667,52.51882725711762,test
2016-05-17 02:00:00,2016-05-18 02:00:00,24,Beijing,ARIMA,37.416667,58.82129483341921,test
2016-05-17 08:00:00,2016-05-18 08:00:00,24,Beijing,ARIMA,51.833333,61.77160685484513,test
2016-05-17 14:00:00,2016-05-18 14:00:00,24,Beijing,ARIMA,86.833333,81.39451745400447,test
2016-05-17 20:00:00,2016-05-18 20:00:00,24,Beijing,ARIMA,64.75,74.85595502771731,test
2016-05-18 02:00:00,2016-05-19 02:00:00,24,Beijing,ARIMA,49.083333,61.6940315836367,test
2016-05-18 08:00:00,2016-05-19 08:00:00,24,Beijing,ARIMA,71.833333,71.1170290766997,test
2016-05-18 14:00:00,2016-05-19 14:00:00,24,Beijing,ARIMA,51.083333,60.41763163941851,test
2016-05-18 20:00:00,2016-05-19 20:00:00,24,Beijing,ARIMA,56.416667,66.17328498877352,test
2016-05-19 02:00:00,2016-05-20 02:00:00,24,Beijing,ARIMA,82.5,74.24428622540673,test
2016-05-19 08:00:00,2016-05-20 08:00:00,24,Beijing,ARIMA,115.416667,87.41761383509233,test
2016-05-19 14:00:00,2016-05-20 14:00:00,24,Beijing,ARIMA,76.638889,73.01072736407023,test
2016-05-19 20:00:00,2016-05-20 20:00:00,24,Beijing,ARIMA,67.75,68.38176633585991,test
2016-05-20 02:00:00,2016-05-21 02:00:00,24,Beijing,ARIMA,83.666667,73.91567722172199,test
2016-05-20 08:00:00,2016-05-21 08:00:00,24,Beijing,ARIMA,114.416667,85.93352437766664,test
2016-05-20 14:00:00,2016-05-21 14:00:00,24,Beijing,ARIMA,90.583333,79.29780802588431,test
2016-05-20 20:00:00,2016-05-21 20:00:00,24,Beijing,ARIMA,48.0625,59.30208650705234,test
2016-05-21 02:00:00,2016-05-22 02:00:00,24,Beijing,ARIMA,77.166667,72.2056358318737,test
2016-05-21 08:00:00,2016-05-22 08:00:00,24,Beijing,ARIMA,90.0,80.11107402649968,test
2016-05-21 14:00:00,2016-05-22 14:00:00,24,Beijing,ARIMA,79.666667,75.39223153885115,test
2016-05-21 20:00:00,2016-05-22 20:00:00,24,Beijing,ARIMA,37.083333,54.569905897599824,test
2016-05-22 02:00:00,2016-05-23 02:00:00,24,Beijing,ARIMA,49.5,64.83726135327066,test
2016-05-22 08:00:00,2016-05-23 08:00:00,24,Beijing,ARIMA,46.083333,60.129029840987556,test
2016-05-22 14:00:00,2016-05-23 14:00:00,24,Beijing,ARIMA,42.666667,62.28326577733169,test
2016-05-22 20:00:00,2016-05-23 20:00:00,24,Beijing,ARIMA,40.083333,57.99421052190816,test
2016-05-23 02:00:00,2016-05-24 02:00:00,24,Beijing,ARIMA,55.583333,63.64552795752053,test
2016-05-23 08:00:00,2016-05-24 08:00:00,24,Beijing,ARIMA,84.166667,77.54483613047998,test
2016-05-23 14:00:00,2016-05-24 14:00:00,24,Beijing,ARIMA,90.0,86.07887742292796,test
2016-05-23 20:00:00,2016-05-24 20:00:00,24,Beijing,ARIMA,14.833333,52.565844901353806,test
2016-05-24 02:00:00,2016-05-25 02:00:00,24,Beijing,ARIMA,11.0,48.49256815330158,test
2016-05-24 08:00:00,2016-05-25 08:00:00,24,Beijing,ARIMA,36.5,60.81693096464708,test
2016-05-24 14:00:00,2016-05-25 14:00:00,24,Beijing,ARIMA,13.416667,49.994532662273976,test
2016-05-24 20:00:00,2016-05-25 20:00:00,24,Beijing,ARIMA,22.666667,54.831812001675665,test
2016-05-25 02:00:00,2016-05-26 02:00:00,24,Beijing,ARIMA,5.5,47.95438816946145,test
2016-05-25 08:00:00,2016-05-26 08:00:00,24,Beijing,ARIMA,11.375,46.70391000125671,test
2016-05-25 14:00:00,2016-05-26 14:00:00,24,Beijing,ARIMA,11.583333,47.56072050909158,test
2016-05-25 20:00:00,2016-05-26 20:00:00,24,Beijing,ARIMA,16.25,48.69623099134632,test
2016-05-26 02:00:00,2016-05-27 02:00:00,24,Beijing,ARIMA,23.25,54.07003873146143,test
2016-05-26 08:00:00,2016-05-27 08:00:00,24,Beijing,ARIMA,27.25,54.08056252596047,test
2016-05-26 14:00:00,2016-05-27 14:00:00,24,Beijing,ARIMA,11.666667,47.39920775700951,test
2016-05-26 20:00:00,2016-05-27 20:00:00,24,Beijing,ARIMA,21.833333,50.30705661647,test
2016-05-27 02:00:00,2016-05-28 02:00:00,24,Beijing,ARIMA,25.5,53.66030574804439,test
2016-05-27 08:00:00,2016-05-28 08:00:00,24,Beijing,ARIMA,41.75,55.317867989814516,test
2016-05-27 14:00:00,2016-05-28 14:00:00,24,Beijing,ARIMA,49.75,64.15657812387124,test
2016-05-27 20:00:00,2016-05-28 20:00:00,24,Beijing,ARIMA,74.416667,80.2337694242645,test
2016-05-28 02:00:00,2016-05-29 02:00:00,24,Beijing,ARIMA,36.083333,58.09210416734813,test
2016-05-28 08:00:00,2016-05-29 08:00:00,24,Beijing,ARIMA,65.083333,73.41027612669698,test
2016-05-28 14:00:00,2016-05-29 14:00:00,24,Beijing,ARIMA,42.666667,61.91665688176603,test
2016-05-28 20:00:00,2016-05-29 20:00:00,24,Beijing,ARIMA,46.25,58.75601875145161,test
2016-05-29 02:00:00,2016-05-30 02:00:00,24,Beijing,ARIMA,61.75,68.49694414992977,test
2016-05-29 08:00:00,2016-05-30 08:00:00,24,Beijing,ARIMA,15.833333,43.77547963654046,test
2016-05-29 14:00:00,2016-05-30 14:00:00,24,Beijing,ARIMA,17.666667,45.96191422846347,test
2016-05-29 20:00:00,2016-05-30 20:00:00,24,Beijing,ARIMA,25.666667,52.789060474310695,test
2016-05-30 02:00:00,2016-05-31 02:00:00,24,Beijing,ARIMA,53.0,65.67832993750994,test
2016-05-30 08:00:00,2016-05-31 08:00:00,24,Beijing,ARIMA,52.833333,61.157643614859886,test
2016-05-30 14:00:00,2016-05-31 14:00:00,24,Beijing,ARIMA,92.5,79.76457019131347,test
2016-05-30 20:00:00,2016-05-31 20:00:00,24,Beijing,ARIMA,122.666667,90.34643003364091,test
2016-05-31 02:00:00,2016-06-01 02:00:00,24,Beijing,ARIMA,77.666667,73.35564910379607,test
2016-05-31 08:00:00,2016-06-01 08:00:00,24,Beijing,ARIMA,45.416667,51.84495112918757,test
2016-05-31 14:00:00,2016-06-01 14:00:00,24,Beijing,ARIMA,33.659722,53.74428478080738,test
2016-05-31 20:00:00,2016-06-01 20:00:00,24,Beijing,ARIMA,33.388889,56.97718748980936,test
2016-06-01 02:00:00,2016-06-02 02:00:00,24,Beijing,ARIMA,24.583333,53.62120332301256,test
2016-06-01 08:00:00,2016-06-02 08:00:00,24,Beijing,ARIMA,38.916667,56.83258305495006,test
2016-06-01 14:00:00,2016-06-02 14:00:00,24,Beijing,ARIMA,36.583333,56.18966667484984,test
2016-06-01 20:00:00,2016-06-02 20:00:00,24,Beijing,ARIMA,41.25,59.003821206423744,test
2016-06-02 02:00:00,2016-06-03 02:00:00,24,Beijing,ARIMA,40.833333,59.70715397291069,test
2016-06-02 08:00:00,2016-06-03 08:00:00,24,Beijing,ARIMA,69.083333,66.0031425315209,test
2016-06-02 14:00:00,2016-06-03 14:00:00,24,Beijing,ARIMA,50.916667,64.21602640047685,test
2016-06-02 20:00:00,2016-06-03 20:00:00,24,Beijing,ARIMA,40.833333,56.89656462298652,test
2016-06-03 02:00:00,2016-06-04 02:00:00,24,Beijing,ARIMA,55.833333,63.97713655305956,test
2016-06-03 08:00:00,2016-06-04 08:00:00,24,Beijing,ARIMA,76.583333,73.25838138310078,test
2016-06-03 14:00:00,2016-06-04 14:00:00,24,Beijing,ARIMA,90.666667,78.83733421850737,test
2016-06-03 20:00:00,2016-06-04 20:00:00,24,Beijing,ARIMA,106.416667,83.24414475350179,test
2016-06-04 02:00:00,2016-06-05 02:00:00,24,Beijing,ARIMA,78.583333,77.21990172594226,test
2016-06-04 08:00:00,2016-06-05 08:00:00,24,Beijing,ARIMA,101.0,81.58799125044271,test
2016-06-04 14:00:00,2016-06-05 14:00:00,24,Beijing,ARIMA,89.727273,78.23505507244558,test
2016-06-04 20:00:00,2016-06-05 20:00:00,24,Beijing,ARIMA,72.909091,69.47610920999996,test
2016-06-05 02:00:00,2016-06-06 02:00:00,24,Beijing,ARIMA,95.545455,82.99913249297177,test
2016-06-05 08:00:00,2016-06-06 08:00:00,24,Beijing,ARIMA,68.636364,69.38938655885103,test
2016-06-05 14:00:00,2016-06-06 14:00:00,24,Beijing,ARIMA,94.909091,82.91216371184068,test
2016-06-05 20:00:00,2016-06-06 20:00:00,24,Beijing,ARIMA,50.454545,67.833308733244,test
2016-06-06 02:00:00,2016-06-07 02:00:00,24,Beijing,ARIMA,46.636364,64.33627509891754,test
2016-06-06 08:00:00,2016-06-07 08:00:00,24,Beijing,ARIMA,75.818182,72.1091223500411,test
2016-06-06 14:00:00,2016-06-07 14:00:00,24,Beijing,ARIMA,114.545455,89.51460914109121,test
2016-06-06 20:00:00,2016-06-07 20:00:00,24,Beijing,ARIMA,122.0,94.08797657822446,test
2016-06-07 02:00:00,2016-06-08 02:00:00,24,Beijing,ARIMA,56.083333,66.36327109460952,test
2016-06-07 08:00:00,2016-06-08 08:00:00,24,Beijing,ARIMA,41.166667,57.79891531271159,test
2016-06-07 14:00:00,2016-06-08 14:00:00,24,Beijing,ARIMA,61.0,69.65118168049193,test
2016-06-07 20:00:00,2016-06-08 20:00:00,24,Beijing,ARIMA,66.333333,69.87323319686253,test
2016-06-08 02:00:00,2016-06-09 02:00:00,24,Beijing,ARIMA,88.583333,74.86062115857956,test
2016-06-08 08:00:00,2016-06-09 08:00:00,24,Beijing,ARIMA,129.916667,91.95404644437215,test
2016-06-08 14:00:00,2016-06-09 14:00:00,24,Beijing,ARIMA,102.138889,83.31025018251134,test
2016-06-08 20:00:00,2016-06-09 20:00:00,24,Beijing,ARIMA,183.416667,122.42958634158225,test
2016-06-09 02:00:00,2016-06-10 02:00:00,24,Beijing,ARIMA,153.333333,97.09333538899232,test
2016-06-09 08:00:00,2016-06-10 08:00:00,24,Beijing,ARIMA,161.416667,105.83539559037133,test
2016-06-09 14:00:00,2016-06-10 14:00:00,24,Beijing,ARIMA,75.833333,77.32342585539149,test
2016-06-09 20:00:00,2016-06-10 20:00:00,24,Beijing,ARIMA,47.333333,59.20617660016856,test
2016-06-10 02:00:00,2016-06-11 02:00:00,24,Beijing,ARIMA,57.666667,65.46569919271342,test
2016-06-10 08:00:00,2016-06-11 08:00:00,24,Beijing,ARIMA,52.666667,64.05901372625036,test
2016-06-10 14:00:00,2016-06-11 14:00:00,24,Beijing,ARIMA,101.25,85.69344746372747,test
2016-06-10 20:00:00,2016-06-11 20:00:00,24,Beijing,ARIMA,8.766667,45.12103013497099,test
2016-06-11 02:00:00,2016-06-12 02:00:00,24,Beijing,ARIMA,7.0,47.70647268896839,test
2016-06-11 08:00:00,2016-06-12 08:00:00,24,Beijing,ARIMA,9.75,46.615393548099036,test
2016-06-11 14:00:00,2016-06-12 14:00:00,24,Beijing,ARIMA,8.083333,45.885587072709875,test
2016-06-11 20:00:00,2016-06-12 20:00:00,24,Beijing,ARIMA,14.5,48.33078814223511,test
2016-06-12 02:00:00,2016-06-13 02:00:00,24,Beijing,ARIMA,68.666667,71.11685713198514,test
2016-06-12 08:00:00,2016-06-13 08:00:00,24,Beijing,ARIMA,91.416667,77.62003796830727,test
2016-06-12 14:00:00,2016-06-13 14:00:00,24,Beijing,ARIMA,63.166667,66.12078339910316,test
2016-06-12 20:00:00,2016-06-13 20:00:00,24,Beijing,ARIMA,39.5,53.39297202562837,test
2016-06-13 02:00:00,2016-06-14 02:00:00,24,Beijing,ARIMA,54.583333,77.25018095315552,test
2016-06-13 08:00:00,2016-06-14 08:00:00,24,Beijing,ARIMA,37.5,54.9322449295372,test
2016-06-13 14:00:00,2016-06-14 14:00:00,24,Beijing,ARIMA,39.333333,59.242034757823156,test
2016-06-13 20:00:00,2016-06-14 20:00:00,24,Beijing,ARIMA,53.75,64.24094798993366,test
2016-06-14 02:00:00,2016-06-15 02:00:00,24,Beijing,ARIMA,53.083333,63.90728800798472,test
2016-06-14 08:00:00,2016-06-15 08:00:00,24,Beijing,ARIMA,40.916667,58.78209272788704,test
2016-06-14 14:00:00,2016-06-15 14:00:00,24,Beijing,ARIMA,28.166667,54.19791591380757,test
2016-06-14 20:00:00,2016-06-15 20:00:00,24,Beijing,ARIMA,23.166667,51.50396070086776,test
2016-06-15 02:00:00,2016-06-16 02:00:00,24,Beijing,ARIMA,15.166667,48.8397769982354,test
2016-06-15 08:00:00,2016-06-16 08:00:00,24,Beijing,ARIMA,16.583333,51.822554215500645,test
2016-06-15 14:00:00,2016-06-16 14:00:00,24,Beijing,ARIMA,17.083333,47.87052548360889,test
2016-06-15 20:00:00,2016-06-16 20:00:00,24,Beijing,ARIMA,26.333333,53.522728726649454,test
2016-06-16 02:00:00,2016-06-17 02:00:00,24,Beijing,ARIMA,21.638889,51.25106795095398,test
2016-06-16 08:00:00,2016-06-17 08:00:00,24,Beijing,ARIMA,25.75,53.85851449451621,test
2016-06-16 14:00:00,2016-06-17 14:00:00,24,Beijing,ARIMA,22.555556,56.356621148282535,test
2016-06-16 20:00:00,2016-06-17 20:00:00,24,Beijing,ARIMA,24.166667,55.20819150155906,test
2016-06-17 02:00:00,2016-06-18 02:00:00,24,Beijing,ARIMA,33.5,55.84970705987967,test
2016-06-17 08:00:00,2016-06-18 08:00:00,24,Beijing,ARIMA,21.166667,50.98088646868902,test
2016-06-17 14:00:00,2016-06-18 14:00:00,24,Beijing,ARIMA,18.75,48.73126976752916,test
2016-06-17 20:00:00,2016-06-18 20:00:00,24,Beijing,ARIMA,23.5,50.60319166000371,test
2016-06-18 02:00:00,2016-06-19 02:00:00,24,Beijing,ARIMA,30.0,54.80145486513959,test
2016-06-18 08:00:00,2016-06-19 08:00:00,24,Beijing,ARIMA,32.75,56.15794450702663,test
2016-06-18 14:00:00,2016-06-19 14:00:00,24,Beijing,ARIMA,36.333333,53.33990182761565,test
2016-06-18 20:00:00,2016-06-19 20:00:00,24,Beijing,ARIMA,47.916667,58.43626770419058,test
2016-06-19 02:00:00,2016-06-20 02:00:00,24,Beijing,ARIMA,57.5,64.17115409741862,test
2016-06-19 08:00:00,2016-06-20 08:00:00,24,Beijing,ARIMA,84.333333,75.02843366204708,test
2016-06-19 14:00:00,2016-06-20 14:00:00,24,Beijing,ARIMA,42.333333,64.30140641374845,test
2016-06-19 20:00:00,2016-06-20 20:00:00,24,Beijing,ARIMA,38.666667,56.08149650228876,test
2016-06-20 02:00:00,2016-06-21 02:00:00,24,Beijing,ARIMA,155.166667,110.15383405522826,test
2016-06-20 08:00:00,2016-06-21 08:00:00,24,Beijing,ARIMA,97.083333,83.85705437753334,test
2016-06-20 14:00:00,2016-06-21 14:00:00,24,Beijing,ARIMA,69.395833,73.38441156717111,test
2016-06-20 20:00:00,2016-06-21 20:00:00,24,Beijing,ARIMA,52.0,67.29447953646067,test
2016-06-21 02:00:00,2016-06-22 02:00:00,24,Beijing,ARIMA,64.0,68.84430245489486,test
2016-06-21 08:00:00,2016-06-22 08:00:00,24,Beijing,ARIMA,110.363636,81.28134160287843,test
2016-06-21 14:00:00,2016-06-22 14:00:00,24,Beijing,ARIMA,99.583333,89.52664414808741,test
2016-06-21 20:00:00,2016-06-22 20:00:00,24,Beijing,ARIMA,44.416667,70.39706071558791,test
2016-06-22 02:00:00,2016-06-23 02:00:00,24,Beijing,ARIMA,33.916667,58.976427562712786,test
2016-06-22 08:00:00,2016-06-23 08:00:00,24,Beijing,ARIMA,39.166667,58.728305613818975,test
2016-06-22 14:00:00,2016-06-23 14:00:00,24,Beijing,ARIMA,77.75,76.80870603824494,test
2016-06-22 20:00:00,2016-06-23 20:00:00,24,Beijing,ARIMA,49.75,58.07918904433908,test
2016-06-23 02:00:00,2016-06-24 02:00:00,24,Beijing,ARIMA,71.916667,70.29033236346768,test
2016-06-23 08:00:00,2016-06-24 08:00:00,24,Beijing,ARIMA,105.333333,86.88965835393569,test
2016-06-23 14:00:00,2016-06-24 14:00:00,24,Beijing,ARIMA,91.833333,93.0740746717146,test
2016-06-23 20:00:00,2016-06-24 20:00:00,24,Beijing,ARIMA,75.791667,71.12453029698894,test
2016-06-24 02:00:00,2016-06-25 02:00:00,24,Beijing,ARIMA,34.416667,56.95614506377741,test
2016-06-24 08:00:00,2016-06-25 08:00:00,24,Beijing,ARIMA,9.666667,47.70670225776974,test
2016-06-24 14:00:00,2016-06-25 14:00:00,24,Beijing,ARIMA,8.708333,46.01970219055062,test
2016-06-24 20:00:00,2016-06-25 20:00:00,24,Beijing,ARIMA,9.75,46.87787861243877,test
2016-06-25 02:00:00,2016-06-26 02:00:00,24,Beijing,ARIMA,7.25,45.53706253023745,test
2016-06-25 08:00:00,2016-06-26 08:00:00,24,Beijing,ARIMA,11.5,47.77876564167415,test
2016-06-25 14:00:00,2016-06-26 14:00:00,24,Beijing,ARIMA,20.181818,51.9103379207783,test
2016-06-25 20:00:00,2016-06-26 20:00:00,24,Beijing,ARIMA,24.909091,54.74918178246343,test
2016-06-26 02:00:00,2016-06-27 02:00:00,24,Beijing,ARIMA,37.090909,57.98215275083826,test
2016-06-26 08:00:00,2016-06-27 08:00:00,24,Beijing,ARIMA,37.545455,54.864009602853045,test
2016-06-26 14:00:00,2016-06-27 14:00:00,24,Beijing,ARIMA,42.181818,60.320206629325725,test
2016-06-26 20:00:00,2016-06-27 20:00:00,24,Beijing,ARIMA,44.159091,61.104763922282004,test
2016-06-27 02:00:00,2016-06-28 02:00:00,24,Beijing,ARIMA,48.636364,60.48193779700578,test
2016-06-27 08:00:00,2016-06-28 08:00:00,24,Beijing,ARIMA,60.545455,69.54018565780304,test
2016-06-27 14:00:00,2016-06-28 14:00:00,24,Beijing,ARIMA,70.5,66.36450382819375,test
2016-06-27 20:00:00,2016-06-28 20:00:00,24,Beijing,ARIMA,56.333333,68.23648233018947,test
2016-06-28 02:00:00,2016-06-29 02:00:00,24,Beijing,ARIMA,63.083333,66.31545366951049,test
2016-06-28 08:00:00,2016-06-29 08:00:00,24,Beijing,ARIMA,33.416667,58.23440200888326,test
2016-06-28 14:00:00,2016-06-29 14:00:00,24,Beijing,ARIMA,60.583333,67.00389098021058,test
2016-06-28 20:00:00,2016-06-29 20:00:00,24,Beijing,ARIMA,102.0,81.39858395411349,test
2016-06-29 02:00:00,2016-06-30 02:00:00,24,Beijing,ARIMA,98.0,80.22932122929328,test
2016-06-29 08:00:00,2016-06-30 08:00:00,24,Beijing,ARIMA,117.166667,86.7794786164903,test
2016-06-29 14:00:00,2016-06-30 14:00:00,24,Beijing,ARIMA,113.75,90.16075088000265,test
2016-06-29 20:00:00,2016-06-30 20:00:00,24,Beijing,ARIMA,120.416667,93.61916256800754,test
2016-06-30 02:00:00,2016-07-01 02:00:00,24,Beijing,ARIMA,82.166667,71.61102961922775,test
2016-06-30 08:00:00,2016-07-01 08:00:00,24,Beijing,ARIMA,69.75,66.39577379007815,test
2016-06-30 14:00:00,2016-07-01 14:00:00,24,Beijing,ARIMA,48.25,60.94394970369329,test
2016-06-30 20:00:00,2016-07-01 20:00:00,24,Beijing,ARIMA,56.75,62.82586715814868,test
2016-07-01 02:00:00,2016-07-02 02:00:00,24,Beijing,ARIMA,9.5,43.048980276814575,test
2016-07-01 08:00:00,2016-07-02 08:00:00,24,Beijing,ARIMA,10.416667,47.60325141400647,test
2016-07-01 14:00:00,2016-07-02 14:00:00,24,Beijing,ARIMA,9.138889,47.191688987850576,test
2016-07-01 20:00:00,2016-07-02 20:00:00,24,Beijing,ARIMA,20.25,51.838308514606666,test
2016-07-02 02:00:00,2016-07-03 02:00:00,24,Beijing,ARIMA,35.5,56.60150937990138,test
2016-07-02 08:00:00,2016-07-03 08:00:00,24,Beijing,ARIMA,88.0,78.48269392931145,test
2016-07-02 14:00:00,2016-07-03 14:00:00,24,Beijing,ARIMA,30.583333,53.078537110944815,test
2016-07-02 20:00:00,2016-07-03 20:00:00,24,Beijing,ARIMA,24.666667,51.24049854008367,test
2016-07-03 02:00:00,2016-07-04 02:00:00,24,Beijing,ARIMA,56.0,66.50084909303116,test
2016-07-03 08:00:00,2016-07-04 08:00:00,24,Beijing,ARIMA,79.0,69.95949153282079,test
2016-07-03 14:00:00,2016-07-04 14:00:00,24,Beijing,ARIMA,76.416667,72.44277041261682,test
2016-07-03 20:00:00,2016-07-04 20:00:00,24,Beijing,ARIMA,93.166667,83.70788182254866,test
2016-07-04 02:00:00,2016-07-05 02:00:00,24,Beijing,ARIMA,145.166667,100.29479443231138,test
2016-07-04 08:00:00,2016-07-05 08:00:00,24,Beijing,ARIMA,185.166667,118.77528092209053,test
2016-07-04 14:00:00,2016-07-05 14:00:00,24,Beijing,ARIMA,108.083333,80.06816456074851,test
2016-07-04 20:00:00,2016-07-05 20:00:00,24,Beijing,ARIMA,99.25,82.36986338740904,test
2016-07-05 02:00:00,2016-07-06 02:00:00,24,Beijing,ARIMA,100.666667,83.06234980654467,test
2016-07-05 08:00:00,2016-07-06 08:00:00,24,Beijing,ARIMA,109.666667,85.46563062246841,test
2016-07-05 14:00:00,2016-07-06 14:00:00,24,Beijing,ARIMA,87.416667,77.40189376581577,test
2016-07-05 20:00:00,2016-07-06 20:00:00,24,Beijing,ARIMA,81.333333,74.59023065463253,test
2016-07-06 02:00:00,2016-07-07 02:00:00,24,Beijing,ARIMA,73.083333,70.23886651602722,test
2016-07-06 08:00:00,2016-07-07 08:00:00,24,Beijing,ARIMA,99.0,82.06230862886976,test
2016-07-06 14:00:00,2016-07-07 14:00:00,24,Beijing,ARIMA,73.333333,69.19740399014282,test
2016-07-06 20:00:00,2016-07-07 20:00:00,24,Beijing,ARIMA,54.416667,63.1922753559474,test
2016-07-07 02:00:00,2016-07-08 02:00:00,24,Beijing,ARIMA,92.333333,78.20212650570885,test
2016-07-07 08:00:00,2016-07-08 08:00:00,24,Beijing,ARIMA,119.75,85.83057606352328,test
2016-07-07 14:00:00,2016-07-08 14:00:00,24,Beijing,ARIMA,118.666667,91.81967246553559,test
2016-07-07 20:00:00,2016-07-08 20:00:00,24,Beijing,ARIMA,120.583333,94.39170814949017,test
2016-07-08 02:00:00,2016-07-09 02:00:00,24,Beijing,ARIMA,63.916667,64.56638702566758,test
2016-07-08 08:00:00,2016-07-09 08:00:00,24,Beijing,ARIMA,71.0,71.5369480026114,test
2016-07-08 14:00:00,2016-07-09 14:00:00,24,Beijing,ARIMA,130.166667,96.38496371188606,test
2016-07-08 20:00:00,2016-07-09 20:00:00,24,Beijing,ARIMA,110.5,81.41778466644213,test
2016-07-09 02:00:00,2016-07-10 02:00:00,24,Beijing,ARIMA,56.333333,63.03176924817608,test
2016-07-09 08:00:00,2016-07-10 08:00:00,24,Beijing,ARIMA,75.5,70.90621983044284,test
2016-07-09 14:00:00,2016-07-10 14:00:00,24,Beijing,ARIMA,95.25,85.68438588020918,test
2016-07-09 20:00:00,2016-07-10 20:00:00,24,Beijing,ARIMA,85.0,73.15075512070628,test
2016-07-10 02:00:00,2016-07-11 02:00:00,24,Beijing,ARIMA,104.583333,82.80852794436142,test
2016-07-10 08:00:00,2016-07-11 08:00:00,24,Beijing,ARIMA,139.0,99.92551282617855,test
2016-07-10 14:00:00,2016-07-11 14:00:00,24,Beijing,ARIMA,65.5,66.5766002741523,test
2016-07-10 20:00:00,2016-07-11 20:00:00,24,Beijing,ARIMA,58.416667,65.82012554509213,test
2016-07-11 02:00:00,2016-07-12 02:00:00,24,Beijing,ARIMA,64.166667,65.5936249945922,test
2016-07-11 08:00:00,2016-07-12 08:00:00,24,Beijing,ARIMA,105.416667,84.48191936272728,test
2016-07-11 14:00:00,2016-07-12 14:00:00,24,Beijing,ARIMA,88.272727,71.49881210155078,test
2016-07-11 20:00:00,2016-07-12 20:00:00,24,Beijing,ARIMA,86.090909,80.31941051918622,test
2016-07-12 02:00:00,2016-07-13 02:00:00,24,Beijing,ARIMA,60.909091,64.70016223690588,test
2016-07-12 08:00:00,2016-07-13 08:00:00,24,Beijing,ARIMA,69.363636,69.52864793514918,test
2016-07-12 14:00:00,2016-07-13 14:00:00,24,Beijing,ARIMA,11.363636,48.67645598599244,test
2016-07-12 20:00:00,2016-07-13 20:00:00,24,Beijing,ARIMA,8.666667,45.69067439045872,test
2016-07-13 02:00:00,2016-07-14 02:00:00,24,Beijing,ARIMA,12.083333,48.607629820073186,test
2016-07-13 08:00:00,2016-07-14 08:00:00,24,Beijing,ARIMA,21.833333,49.600900936602024,test
2016-07-13 14:00:00,2016-07-14 14:00:00,24,Beijing,ARIMA,12.583333,49.40246590945376,test
2016-07-13 20:00:00,2016-07-14 20:00:00,24,Beijing,ARIMA,24.916667,51.08993534292978,test
2016-07-14 02:00:00,2016-07-15 02:00:00,24,Beijing,ARIMA,30.583333,56.13724002021511,test
2016-07-14 08:00:00,2016-07-15 08:00:00,24,Beijing,ARIMA,41.5,58.20519370661314,test
2016-07-14 14:00:00,2016-07-15 14:00:00,24,Beijing,ARIMA,28.333333,52.029900030552426,test
2016-07-14 20:00:00,2016-07-15 20:00:00,24,Beijing,ARIMA,31.75,53.53479389042018,test
2016-07-15 02:00:00,2016-07-16 02:00:00,24,Beijing,ARIMA,56.5,68.11593627625449,test
2016-07-15 08:00:00,2016-07-16 08:00:00,24,Beijing,ARIMA,24.583333,50.929141329178016,test
2016-07-15 14:00:00,2016-07-16 14:00:00,24,Beijing,ARIMA,34.983333,56.58215347129354,test
2016-07-15 20:00:00,2016-07-16 20:00:00,24,Beijing,ARIMA,32.083333,55.60887878736101,test
2016-07-16 02:00:00,2016-07-17 02:00:00,24,Beijing,ARIMA,30.75,54.44415696852624,test
2016-07-16 08:00:00,2016-07-17 08:00:00,24,Beijing,ARIMA,29.666667,53.22970471487268,test
2016-07-16 14:00:00,2016-07-17 14:00:00,24,Beijing,ARIMA,38.916667,58.24636231347017,test
2016-07-16 20:00:00,2016-07-17 20:00:00,24,Beijing,ARIMA,42.833333,58.95474114013217,test
2016-07-17 02:00:00,2016-07-18 02:00:00,24,Beijing,ARIMA,49.416667,60.30785066081118,test
2016-07-17 08:00:00,2016-07-18 08:00:00,24,Beijing,ARIMA,61.25,64.51470763230743,test
2016-07-17 14:00:00,2016-07-18 14:00:00,24,Beijing,ARIMA,94.916667,78.77089850653877,test
2016-07-17 20:00:00,2016-07-18 20:00:00,24,Beijing,ARIMA,89.333333,77.37645626041683,test
2016-07-18 02:00:00,2016-07-19 02:00:00,24,Beijing,ARIMA,115.416667,92.80021334753555,test
2016-07-18 08:00:00,2016-07-19 08:00:00,24,Beijing,ARIMA,121.727273,90.56531671344078,test
2016-07-18 14:00:00,2016-07-19 14:00:00,24,Beijing,ARIMA,110.454545,87.84503359619353,test
2016-07-18 20:00:00,2016-07-19 20:00:00,24,Beijing,ARIMA,104.833333,83.22357307277993,test
2016-07-19 02:00:00,2016-07-20 02:00:00,24,Beijing,ARIMA,80.416667,75.67119858986312,test
2016-07-19 08:00:00,2016-07-20 08:00:00,24,Beijing,ARIMA,144.25,102.2269014297554,test
2016-07-19 14:00:00,2016-07-20 14:00:00,24,Beijing,ARIMA,75.416667,70.14549061101847,test
2016-07-19 20:00:00,2016-07-20 20:00:00,24,Beijing,ARIMA,94.055556,83.80889948927317,test
2016-07-20 02:00:00,2016-07-21 02:00:00,24,Beijing,ARIMA,89.0,78.50488568123781,test
2016-07-20 08:00:00,2016-07-21 08:00:00,24,Beijing,ARIMA,52.583333,62.64088698633258,test
2016-07-20 14:00:00,2016-07-21 14:00:00,24,Beijing,ARIMA,9.5,45.71442819886875,test
2016-07-20 20:00:00,2016-07-21 20:00:00,24,Beijing,ARIMA,6.75,44.81264681000942,test
2016-07-21 02:00:00,2016-07-22 02:00:00,24,Beijing,ARIMA,6.5,45.20216967009943,test
2016-07-21 08:00:00,2016-07-22 08:00:00,24,Beijing,ARIMA,11.333333,46.89332610132149,test
2016-07-21 14:00:00,2016-07-22 14:00:00,24,Beijing,ARIMA,27.583333,55.74566888520252,test
2016-07-21 20:00:00,2016-07-22 20:00:00,24,Beijing,ARIMA,49.75,62.214904225401455,test
2016-07-22 02:00:00,2016-07-23 02:00:00,24,Beijing,ARIMA,74.333333,72.57065649545142,test
2016-07-22 08:00:00,2016-07-23 08:00:00,24,Beijing,ARIMA,79.333333,71.13757527922056,test
2016-07-22 14:00:00,2016-07-23 14:00:00,24,Beijing,ARIMA,82.833333,77.82652679914871,test
2016-07-22 20:00:00,2016-07-23 20:00:00,24,Beijing,ARIMA,55.545455,63.47889919913518,test
2016-07-23 02:00:00,2016-07-24 02:00:00,24,Beijing,ARIMA,116.090909,90.12627151007553,test
2016-07-23 08:00:00,2016-07-24 08:00:00,24,Beijing,ARIMA,114.454545,84.94519462821549,test
2016-07-23 14:00:00,2016-07-24 14:00:00,24,Beijing,ARIMA,141.6,97.67598781837005,test
2016-07-23 20:00:00,2016-07-24 20:00:00,24,Beijing,ARIMA,155.6,100.00709464938372,test
2016-07-24 02:00:00,2016-07-25 02:00:00,24,Beijing,ARIMA,36.1,55.61067240892125,test
2016-07-24 08:00:00,2016-07-25 08:00:00,24,Beijing,ARIMA,41.1,55.95074490657007,test
2016-07-24 14:00:00,2016-07-25 14:00:00,24,Beijing,ARIMA,94.818182,77.18282524941466,test
2016-07-24 20:00:00,2016-07-25 20:00:00,24,Beijing,ARIMA,71.493506,79.7883170300967,test
2016-07-25 02:00:00,2016-07-26 02:00:00,24,Beijing,ARIMA,60.454545,69.32482715161233,test
2016-07-25 08:00:00,2016-07-26 08:00:00,24,Beijing,ARIMA,49.818182,61.955270073708014,test
2016-07-25 14:00:00,2016-07-26 14:00:00,24,Beijing,ARIMA,38.181818,55.2578686195716,test
2016-07-25 20:00:00,2016-07-26 20:00:00,24,Beijing,ARIMA,28.636364,54.60236026467545,test
2016-07-26 02:00:00,2016-07-27 02:00:00,24,Beijing,ARIMA,6.818182,46.48504094615277,test
2016-07-26 08:00:00,2016-07-27 08:00:00,24,Beijing,ARIMA,21.636364,54.01045104188535,test
2016-07-26 14:00:00,2016-07-27 14:00:00,24,Beijing,ARIMA,19.878788,50.01998034578072,test
2016-07-26 20:00:00,2016-07-27 20:00:00,24,Beijing,ARIMA,33.5,56.074801205579476,test
2016-07-27 02:00:00,2016-07-28 02:00:00,24,Beijing,ARIMA,43.25,61.63940701909291,test
2016-07-27 08:00:00,2016-07-28 08:00:00,24,Beijing,ARIMA,41.25,57.59423596186378,test
2016-07-27 14:00:00,2016-07-28 14:00:00,24,Beijing,ARIMA,70.166667,66.01829738470734,test
2016-07-27 20:00:00,2016-07-28 20:00:00,24,Beijing,ARIMA,56.818182,89.56454988298553,test
2016-07-28 02:00:00,2016-07-29 02:00:00,24,Beijing,ARIMA,19.0,49.3269449480475,test
2016-07-28 08:00:00,2016-07-29 08:00:00,24,Beijing,ARIMA,24.636364,50.963520533409046,test
2016-07-28 14:00:00,2016-07-29 14:00:00,24,Beijing,ARIMA,58.727273,67.18935501286236,test
2016-07-28 20:00:00,2016-07-29 20:00:00,24,Beijing,ARIMA,82.954545,76.48887432198892,test
2016-07-29 02:00:00,2016-07-30 02:00:00,24,Beijing,ARIMA,94.454545,83.34652249216964,test
2016-07-29 08:00:00,2016-07-30 08:00:00,24,Beijing,ARIMA,102.636364,79.27492555220694,test
2016-07-29 14:00:00,2016-07-30 14:00:00,24,Beijing,ARIMA,134.416667,95.33141786386231,test
2016-07-29 20:00:00,2016-07-30 20:00:00,24,Beijing,ARIMA,134.666667,91.46631063741832,test
2016-07-30 02:00:00,2016-07-31 02:00:00,24,Beijing,ARIMA,130.833333,94.46074274859374,test
2016-07-30 08:00:00,2016-07-31 08:00:00,24,Beijing,ARIMA,137.5,89.27585452147379,test
2016-07-30 14:00:00,2016-07-31 14:00:00,24,Beijing,ARIMA,221.416667,138.58535283499793,test
2016-07-30 20:00:00,2016-07-31 20:00:00,24,Beijing,ARIMA,44.0,39.90394025244298,test
2016-07-31 02:00:00,2016-08-01 02:00:00,24,Beijing,ARIMA,37.916667,57.481074856553676,test
2016-07-31 08:00:00,2016-08-01 08:00:00,24,Beijing,ARIMA,57.5,66.85194879514069,test
2016-07-31 14:00:00,2016-08-01 14:00:00,24,Beijing,ARIMA,60.333333,69.45122781265724,test
2016-07-31 20:00:00,2016-08-01 20:00:00,24,Beijing,ARIMA,62.75,68.57219139452135,test
2016-08-01 02:00:00,2016-08-02 02:00:00,24,Beijing,ARIMA,56.333333,65.35263126768184,test
2016-08-01 08:00:00,2016-08-02 08:00:00,24,Beijing,ARIMA,65.5,70.7691123391521,test
2016-08-01 14:00:00,2016-08-02 14:00:00,24,Beijing,ARIMA,61.75,67.26568175891757,test
2016-08-01 20:00:00,2016-08-02 20:00:00,24,Beijing,ARIMA,85.25,75.41638320349827,test
2016-08-02 02:00:00,2016-08-03 02:00:00,24,Beijing,ARIMA,114.0,90.33691475983989,test
2016-08-02 08:00:00,2016-08-03 08:00:00,24,Beijing,ARIMA,45.166667,59.53141017504921,test
2016-08-02 14:00:00,2016-08-03 14:00:00,24,Beijing,ARIMA,19.25,49.319911934591005,test
2016-08-02 20:00:00,2016-08-03 20:00:00,24,Beijing,ARIMA,33.666667,56.30313597994457,test
2016-08-03 02:00:00,2016-08-04 02:00:00,24,Beijing,ARIMA,59.333333,68.82426438694662,test
2016-08-03 08:00:00,2016-08-04 08:00:00,24,Beijing,ARIMA,83.416667,69.89233595923375,test
2016-08-03 14:00:00,2016-08-04 14:00:00,24,Beijing,ARIMA,33.533333,54.048338899643994,test
2016-08-03 20:00:00,2016-08-04 20:00:00,24,Beijing,ARIMA,44.0,58.89540968211263,test
2016-08-04 02:00:00,2016-08-05 02:00:00,24,Beijing,ARIMA,76.75,73.04626827421573,test
2016-08-04 08:00:00,2016-08-05 08:00:00,24,Beijing,ARIMA,105.5,81.40947867874753,test
2016-08-04 14:00:00,2016-08-05 14:00:00,24,Beijing,ARIMA,111.972222,88.01468434439178,test
2016-08-04 20:00:00,2016-08-05 20:00:00,24,Beijing,ARIMA,97.166667,79.38262557877732,test
2016-08-05 02:00:00,2016-08-06 02:00:00,24,Beijing,ARIMA,55.5,60.347757176508914,test
2016-08-05 08:00:00,2016-08-06 08:00:00,24,Beijing,ARIMA,76.25,71.07695032272028,test
2016-08-05 14:00:00,2016-08-06 14:00:00,24,Beijing,ARIMA,54.75,65.01662650064564,test
2016-08-05 20:00:00,2016-08-06 20:00:00,24,Beijing,ARIMA,63.5,67.04040462593127,test
2016-08-06 02:00:00,2016-08-07 02:00:00,24,Beijing,ARIMA,100.833333,83.74203294690464,test
2016-08-06 08:00:00,2016-08-07 08:00:00,24,Beijing,ARIMA,120.0,85.53394419665904,test
2016-08-06 14:00:00,2016-08-07 14:00:00,24,Beijing,ARIMA,92.333333,79.50648308248343,test
2016-08-06 20:00:00,2016-08-07 20:00:00,24,Beijing,ARIMA,94.416667,75.98812574657974,test
2016-08-07 02:00:00,2016-08-08 02:00:00,24,Beijing,ARIMA,19.833333,46.99973086088172,test
2016-08-07 08:00:00,2016-08-08 08:00:00,24,Beijing,ARIMA,19.833333,49.51937813340343,test
2016-08-07 14:00:00,2016-08-08 14:00:00,24,Beijing,ARIMA,16.5,50.40918495665735,test
2016-08-07 20:00:00,2016-08-08 20:00:00,24,Beijing,ARIMA,23.666667,52.39196498584827,test
2016-08-08 02:00:00,2016-08-09 02:00:00,24,Beijing,ARIMA,38.166667,59.44214261469811,test
2016-08-08 08:00:00,2016-08-09 08:00:00,24,Beijing,ARIMA,43.0,58.46800022932189,test
2016-08-08 14:00:00,2016-08-09 14:00:00,24,Beijing,ARIMA,18.083333,48.12283011988555,test
2016-08-08 20:00:00,2016-08-09 20:00:00,24,Beijing,ARIMA,29.916667,52.781286324921915,test
2016-08-09 02:00:00,2016-08-10 02:00:00,24,Beijing,ARIMA,38.583333,58.42842223416264,test
2016-08-09 08:00:00,2016-08-10 08:00:00,24,Beijing,ARIMA,47.916667,60.81823772304272,test
2016-08-09 14:00:00,2016-08-10 14:00:00,24,Beijing,ARIMA,38.583333,57.5978112182902,test
2016-08-09 20:00:00,2016-08-10 20:00:00,24,Beijing,ARIMA,46.916667,59.158896171599025,test
2016-08-10 02:00:00,2016-08-11 02:00:00,24,Beijing,ARIMA,71.75,71.2328389027248,test
2016-08-10 08:00:00,2016-08-11 08:00:00,24,Beijing,ARIMA,106.166667,82.10550497154674,test
2016-08-10 14:00:00,2016-08-11 14:00:00,24,Beijing,ARIMA,64.25,67.60503494079184,test
2016-08-10 20:00:00,2016-08-11 20:00:00,24,Beijing,ARIMA,94.291667,81.80991800609277,test
2016-08-11 02:00:00,2016-08-12 02:00:00,24,Beijing,ARIMA,74.083333,70.70429507980977,test
2016-08-11 08:00:00,2016-08-12 08:00:00,24,Beijing,ARIMA,90.916667,77.30146160461717,test
2016-08-11 14:00:00,2016-08-12 14:00:00,24,Beijing,ARIMA,87.25,75.9348058775289,test
2016-08-11 20:00:00,2016-08-12 20:00:00,24,Beijing,ARIMA,78.416667,71.18482651788105,test
2016-08-12 02:00:00,2016-08-13 02:00:00,24,Beijing,ARIMA,85.25,76.40122873672011,test
2016-08-12 08:00:00,2016-08-13 08:00:00,24,Beijing,ARIMA,109.666667,88.73324747786886,test
2016-08-12 14:00:00,2016-08-13 14:00:00,24,Beijing,ARIMA,16.833333,38.42959879522104,test
2016-08-12 20:00:00,2016-08-13 20:00:00,24,Beijing,ARIMA,23.916667,51.210337296020334,test
2016-08-13 02:00:00,2016-08-14 02:00:00,24,Beijing,ARIMA,25.083333,51.94670298874389,test
2016-08-13 08:00:00,2016-08-14 08:00:00,24,Beijing,ARIMA,24.166667,51.75422499492025,test
2016-08-13 14:00:00,2016-08-14 14:00:00,24,Beijing,ARIMA,28.416667,53.02788647362442,test
2016-08-13 20:00:00,2016-08-14 20:00:00,24,Beijing,ARIMA,16.0,48.84273164803473,test
2016-08-14 02:00:00,2016-08-15 02:00:00,24,Beijing,ARIMA,7.833333,47.19969925701912,test
2016-08-14 08:00:00,2016-08-15 08:00:00,24,Beijing,ARIMA,15.75,48.557237202833676,test
2016-08-14 14:00:00,2016-08-15 14:00:00,24,Beijing,ARIMA,14.166667,48.629018595560076,test
2016-08-14 20:00:00,2016-08-15 20:00:00,24,Beijing,ARIMA,33.416667,55.38288967183435,test
2016-08-15 02:00:00,2016-08-16 02:00:00,24,Beijing,ARIMA,48.75,58.32564901792619,test
2016-08-15 08:00:00,2016-08-16 08:00:00,24,Beijing,ARIMA,13.25,48.51740713130229,test
2016-08-15 14:00:00,2016-08-16 14:00:00,24,Beijing,ARIMA,13.0,47.33950977524118,test
2016-08-15 20:00:00,2016-08-16 20:00:00,24,Beijing,ARIMA,16.25,47.7430334216105,test
2016-08-16 02:00:00,2016-08-17 02:00:00,24,Beijing,ARIMA,19.833333,51.16641850015642,test
2016-08-16 08:00:00,2016-08-17 08:00:00,24,Beijing,ARIMA,19.416667,49.94842951385481,test
2016-08-16 14:00:00,2016-08-17 14:00:00,24,Beijing,ARIMA,22.0,51.41920517661543,test
2016-08-16 20:00:00,2016-08-17 20:00:00,24,Beijing,ARIMA,30.916667,55.923952422582346,test
2016-08-17 02:00:00,2016-08-18 02:00:00,24,Beijing,ARIMA,34.5,56.36286848003869,test
2016-08-17 08:00:00,2016-08-18 08:00:00,24,Beijing,ARIMA,44.5,59.81173012563606,test
2016-08-17 14:00:00,2016-08-18 14:00:00,24,Beijing,ARIMA,66.833333,68.08717997791138,test
2016-08-17 20:00:00,2016-08-18 20:00:00,24,Beijing,ARIMA,82.583333,73.86796532425524,test
2016-08-18 02:00:00,2016-08-19 02:00:00,24,Beijing,ARIMA,107.916667,83.68350492060446,test
2016-08-18 08:00:00,2016-08-19 08:00:00,24,Beijing,ARIMA,84.916667,79.1483911532069,test
2016-08-18 14:00:00,2016-08-19 14:00:00,24,Beijing,ARIMA,59.75,65.14709227843252,test
2016-08-18 20:00:00,2016-08-19 20:00:00,24,Beijing,ARIMA,43.416667,61.146557707077314,test
2016-08-19 02:00:00,2016-08-20 02:00:00,24,Beijing,ARIMA,23.333333,50.254506948363804,test
2016-08-19 08:00:00,2016-08-20 08:00:00,24,Beijing,ARIMA,11.5,47.60921210599531,test
2016-08-19 14:00:00,2016-08-20 14:00:00,24,Beijing,ARIMA,10.416667,45.996501384793945,test
2016-08-19 20:00:00,2016-08-20 20:00:00,24,Beijing,ARIMA,29.583333,50.95763890458384,test
2016-08-20 02:00:00,2016-08-21 02:00:00,24,Beijing,ARIMA,44.916667,60.089832128177946,test
2016-08-20 08:00:00,2016-08-21 08:00:00,24,Beijing,ARIMA,55.583333,61.80610184579013,test
2016-08-20 14:00:00,2016-08-21 14:00:00,24,Beijing,ARIMA,51.833333,62.56257519318373,test
2016-08-20 20:00:00,2016-08-21 20:00:00,24,Beijing,ARIMA,51.666667,62.09708544663996,test
2016-08-21 02:00:00,2016-08-22 02:00:00,24,Beijing,ARIMA,53.083333,64.50851066867533,test
2016-08-21 08:00:00,2016-08-22 08:00:00,24,Beijing,ARIMA,45.75,58.58221081940858,test
2016-08-21 14:00:00,2016-08-22 14:00:00,24,Beijing,ARIMA,54.416667,61.74032597499302,test
2016-08-21 20:00:00,2016-08-22 20:00:00,24,Beijing,ARIMA,53.083333,62.64014498557962,test
2016-08-22 02:00:00,2016-08-23 02:00:00,24,Beijing,ARIMA,75.833333,70.86343191571329,test
2016-08-22 08:00:00,2016-08-23 08:00:00,24,Beijing,ARIMA,80.833333,74.43111415461154,test
2016-08-22 14:00:00,2016-08-23 14:00:00,24,Beijing,ARIMA,33.25,58.04744014496961,test
2016-08-22 20:00:00,2016-08-23 20:00:00,24,Beijing,ARIMA,36.166667,55.19756015620007,test
2016-08-23 02:00:00,2016-08-24 02:00:00,24,Beijing,ARIMA,55.833333,64.10453957921496,test
2016-08-23 08:00:00,2016-08-24 08:00:00,24,Beijing,ARIMA,80.5,73.93313964184365,test
2016-08-23 14:00:00,2016-08-24 14:00:00,24,Beijing,ARIMA,62.5,68.1363375839418,test
2016-08-23 20:00:00,2016-08-24 20:00:00,24,Beijing,ARIMA,86.416667,75.18671998669178,test
2016-08-24 02:00:00,2016-08-25 02:00:00,24,Beijing,ARIMA,88.5,77.4717420164336,test
2016-08-24 08:00:00,2016-08-25 08:00:00,24,Beijing,ARIMA,72.166667,67.626887457655,test
2016-08-24 14:00:00,2016-08-25 14:00:00,24,Beijing,ARIMA,72.375,72.26948666222209,test
2016-08-24 20:00:00,2016-08-25 20:00:00,24,Beijing,ARIMA,83.083333,73.69448309237526,test
2016-08-25 02:00:00,2016-08-26 02:00:00,24,Beijing,ARIMA,65.333333,68.40629603266606,test
2016-08-25 08:00:00,2016-08-26 08:00:00,24,Beijing,ARIMA,8.166667,45.63829561084459,test
2016-08-25 14:00:00,2016-08-26 14:00:00,24,Beijing,ARIMA,5.583333,44.943626227343955,test
2016-08-25 20:00:00,2016-08-26 20:00:00,24,Beijing,ARIMA,11.583333,47.05366496107604,test
2016-08-26 02:00:00,2016-08-27 02:00:00,24,Beijing,ARIMA,7.166667,44.06036363488966,test
2016-08-26 08:00:00,2016-08-27 08:00:00,24,Beijing,ARIMA,8.583333,45.35086145890119,test
2016-08-26 14:00:00,2016-08-27 14:00:00,24,Beijing,ARIMA,8.5,45.47529978380507,test
2016-08-26 20:00:00,2016-08-27 20:00:00,24,Beijing,ARIMA,15.833333,48.25151038076031,test
2016-08-27 02:00:00,2016-08-28 02:00:00,24,Beijing,ARIMA,21.0,50.279575848544205,test
2016-08-27 08:00:00,2016-08-28 08:00:00,24,Beijing,ARIMA,16.416667,48.29072745015663,test
2016-08-27 14:00:00,2016-08-28 14:00:00,24,Beijing,ARIMA,8.208333,45.97186313354849,test
2016-08-27 20:00:00,2016-08-28 20:00:00,24,Beijing,ARIMA,20.0,49.16192327331157,test
2016-08-28 02:00:00,2016-08-29 02:00:00,24,Beijing,ARIMA,8.166667,44.50324601296292,test
2016-08-28 08:00:00,2016-08-29 08:00:00,24,Beijing,ARIMA,10.25,44.48210023556419,test
2016-08-28 14:00:00,2016-08-29 14:00:00,24,Beijing,ARIMA,6.416667,46.20996730521054,test
2016-08-28 20:00:00,2016-08-29 20:00:00,24,Beijing,ARIMA,18.916667,48.15842052521079,test
2016-08-29 02:00:00,2016-08-30 02:00:00,24,Beijing,ARIMA,19.333333,49.72089041888505,test
2016-08-29 08:00:00,2016-08-30 08:00:00,24,Beijing,ARIMA,14.25,48.00171378815112,test
2016-08-29 14:00:00,2016-08-30 14:00:00,24,Beijing,ARIMA,12.166667,45.84285815453727,test
2016-08-29 20:00:00,2016-08-30 20:00:00,24,Beijing,ARIMA,23.25,49.95303193909378,test
2016-08-30 02:00:00,2016-08-31 02:00:00,24,Beijing,ARIMA,32.833333,55.45939054202619,test
2016-08-30 08:00:00,2016-08-31 08:00:00,24,Beijing,ARIMA,21.416667,50.06265026739964,test
2016-08-30 14:00:00,2016-08-31 14:00:00,24,Beijing,ARIMA,27.416667,53.328994125746526,test
2016-08-30 20:00:00,2016-08-31 20:00:00,24,Beijing,ARIMA,35.333333,57.459107192519525,test
2016-08-31 02:00:00,2016-09-01 02:00:00,24,Beijing,ARIMA,34.916667,55.306467901452514,test
2016-08-31 08:00:00,2016-09-01 08:00:00,24,Beijing,ARIMA,20.0,50.336746406452164,test
2016-08-31 14:00:00,2016-09-01 14:00:00,24,Beijing,ARIMA,12.5,46.77470401381094,test
2016-08-31 20:00:00,2016-09-01 20:00:00,24,Beijing,ARIMA,9.0,45.35171655414948,test
2016-09-01 02:00:00,2016-09-02 02:00:00,24,Beijing,ARIMA,6.666667,43.590014268470306,test
2016-09-01 08:00:00,2016-09-02 08:00:00,24,Beijing,ARIMA,6.083333,45.070848248924186,test
2016-09-01 14:00:00,2016-09-02 14:00:00,24,Beijing,ARIMA,5.0,44.54375376202015,test
2016-09-01 20:00:00,2016-09-02 20:00:00,24,Beijing,ARIMA,11.833333,46.49796040071591,test
2016-09-02 02:00:00,2016-09-03 02:00:00,24,Beijing,ARIMA,15.5,48.62774812728204,test
2016-09-02 08:00:00,2016-09-03 08:00:00,24,Beijing,ARIMA,14.5,46.42237471195226,test
2016-09-02 14:00:00,2016-09-03 14:00:00,24,Beijing,ARIMA,10.333333,46.84788959888769,test
2016-09-02 20:00:00,2016-09-03 20:00:00,24,Beijing,ARIMA,9.5,45.171819371686105,test
2016-09-03 02:00:00,2016-09-04 02:00:00,24,Beijing,ARIMA,9.25,45.58377199307478,test
2016-09-03 08:00:00,2016-09-04 08:00:00,24,Beijing,ARIMA,13.333333,47.242235464191424,test
2016-09-03 14:00:00,2016-09-04 14:00:00,24,Beijing,ARIMA,19.25,49.514597936575306,test
2016-09-03 20:00:00,2016-09-04 20:00:00,24,Beijing,ARIMA,30.916667,53.0960362767762,test
2016-09-04 02:00:00,2016-09-05 02:00:00,24,Beijing,ARIMA,59.583333,65.61973851665154,test
2016-09-04 08:00:00,2016-09-05 08:00:00,24,Beijing,ARIMA,115.0,87.78613757891964,test
2016-09-04 14:00:00,2016-09-05 14:00:00,24,Beijing,ARIMA,72.909091,67.70692230386675,test
2016-09-04 20:00:00,2016-09-05 20:00:00,24,Beijing,ARIMA,65.916667,65.89045131936801,test
2016-09-05 02:00:00,2016-09-06 02:00:00,24,Beijing,ARIMA,31.0,53.975406526898325,test
2016-09-05 08:00:00,2016-09-06 08:00:00,24,Beijing,ARIMA,37.25,59.003854389846275,test
2016-09-05 14:00:00,2016-09-06 14:00:00,24,Beijing,ARIMA,10.666667,46.4633100526221,test
2016-09-05 20:00:00,2016-09-06 20:00:00,24,Beijing,ARIMA,32.083333,53.00253353815771,test
2016-09-06 02:00:00,2016-09-07 02:00:00,24,Beijing,ARIMA,28.416667,52.26899271028566,test
2016-09-06 08:00:00,2016-09-07 08:00:00,24,Beijing,ARIMA,18.583333,47.533010264799145,test
2016-09-06 14:00:00,2016-09-07 14:00:00,24,Beijing,ARIMA,14.333333,44.62995668476646,test
2016-09-07 11:00:00,2016-09-08 11:00:00,24,Beijing,ARIMA,60.666667,64.08656123574512,test
2016-09-07 17:00:00,2016-09-08 17:00:00,24,Beijing,ARIMA,38.583333,54.973531913032275,test
2016-09-07 23:00:00,2016-09-08 23:00:00,24,Beijing,ARIMA,19.25,48.45582499094704,test
2016-09-08 05:00:00,2016-09-09 05:00:00,24,Beijing,ARIMA,21.166667,50.590135362255346,test
2016-09-08 11:00:00,2016-09-09 11:00:00,24,Beijing,ARIMA,23.716667,50.41819100984498,test
2016-09-08 17:00:00,2016-09-09 17:00:00,24,Beijing,ARIMA,13.25,48.23737564316702,test
2016-09-08 23:00:00,2016-09-09 23:00:00,24,Beijing,ARIMA,29.75,55.53266403682555,test
2016-09-09 05:00:00,2016-09-10 05:00:00,24,Beijing,ARIMA,17.583333,47.24055286428908,test
2016-09-09 11:00:00,2016-09-10 11:00:00,24,Beijing,ARIMA,13.666667,48.946117965654565,test
2016-09-09 17:00:00,2016-09-10 17:00:00,24,Beijing,ARIMA,10.666667,45.814963982447225,test
2016-09-09 23:00:00,2016-09-10 23:00:00,24,Beijing,ARIMA,23.166667,52.029803898855235,test
2016-09-10 05:00:00,2016-09-11 05:00:00,24,Beijing,ARIMA,9.666667,45.59902058749468,test
2016-09-10 11:00:00,2016-09-11 11:00:00,24,Beijing,ARIMA,11.583333,47.9258278983964,test
2016-09-10 17:00:00,2016-09-11 17:00:00,24,Beijing,ARIMA,15.166667,44.69058280457243,test
2016-09-10 23:00:00,2016-09-11 23:00:00,24,Beijing,ARIMA,36.25,54.59243397450064,test
2016-09-11 05:00:00,2016-09-12 05:00:00,24,Beijing,ARIMA,20.333333,39.38830646834527,test
2016-09-11 11:00:00,2016-09-12 11:00:00,24,Beijing,ARIMA,21.0,49.736197938830415,test
2016-09-11 17:00:00,2016-09-12 17:00:00,24,Beijing,ARIMA,26.5,51.13352077509521,test
2016-09-11 23:00:00,2016-09-12 23:00:00,24,Beijing,ARIMA,27.083333,52.712204480612485,test
2016-09-12 05:00:00,2016-09-13 05:00:00,24,Beijing,ARIMA,29.083333,52.06709548568842,test
2016-09-12 11:00:00,2016-09-13 11:00:00,24,Beijing,ARIMA,31.909091,53.52807607269028,test
2016-09-12 17:00:00,2016-09-13 17:00:00,24,Beijing,ARIMA,31.636364,53.70144335084537,test
2016-09-12 23:00:00,2016-09-13 23:00:00,24,Beijing,ARIMA,49.583333,60.4094315540201,test
2016-09-13 05:00:00,2016-09-14 05:00:00,24,Beijing,ARIMA,63.583333,65.87849165154356,test
2016-09-13 11:00:00,2016-09-14 11:00:00,24,Beijing,ARIMA,117.166667,88.59074229981587,test
2016-09-13 17:00:00,2016-09-14 17:00:00,24,Beijing,ARIMA,97.666667,77.0800570810043,test
2016-09-13 23:00:00,2016-09-14 23:00:00,24,Beijing,ARIMA,96.0,80.4109877886444,test
2016-09-14 05:00:00,2016-09-15 05:00:00,24,Beijing,ARIMA,108.416667,87.6101374023536,test
2016-09-14 11:00:00,2016-09-15 11:00:00,24,Beijing,ARIMA,147.833333,102.8891357988374,test
2016-09-14 17:00:00,2016-09-15 17:00:00,24,Beijing,ARIMA,88.909091,72.16430364449678,test
2016-09-14 23:00:00,2016-09-15 23:00:00,24,Beijing,ARIMA,45.272727,59.618237950118356,test
2016-09-15 05:00:00,2016-09-16 05:00:00,24,Beijing,ARIMA,57.0,65.6830854750711,test
2016-09-15 11:00:00,2016-09-16 11:00:00,24,Beijing,ARIMA,60.75,65.15193681996548,test
2016-09-15 17:00:00,2016-09-16 17:00:00,24,Beijing,ARIMA,69.833333,63.76826552966209,test
2016-09-15 23:00:00,2016-09-16 23:00:00,24,Beijing,ARIMA,145.0,101.15531027471324,test
2016-09-16 05:00:00,2016-09-17 05:00:00,24,Beijing,ARIMA,129.583333,92.56762819949941,test
2016-09-16 11:00:00,2016-09-17 11:00:00,24,Beijing,ARIMA,179.818182,111.0399656297114,test
2016-09-16 17:00:00,2016-09-17 17:00:00,24,Beijing,ARIMA,151.5,99.40453338953971,test
2016-09-16 23:00:00,2016-09-17 23:00:00,24,Beijing,ARIMA,46.5,56.271858766983954,test
2016-09-17 05:00:00,2016-09-18 05:00:00,24,Beijing,ARIMA,64.25,65.40373824910363,test
2016-09-17 11:00:00,2016-09-18 11:00:00,24,Beijing,ARIMA,34.416667,56.142924589137586,test
2016-09-17 17:00:00,2016-09-18 17:00:00,24,Beijing,ARIMA,28.75,53.221190694064425,test
2016-09-17 23:00:00,2016-09-18 23:00:00,24,Beijing,ARIMA,28.916667,53.02071249992727,test
2016-09-18 05:00:00,2016-09-19 05:00:00,24,Beijing,ARIMA,22.666667,49.95216529031439,test
2016-09-18 11:00:00,2016-09-19 11:00:00,24,Beijing,ARIMA,24.416667,51.67778060472345,test
2016-09-18 17:00:00,2016-09-19 17:00:00,24,Beijing,ARIMA,10.363636,43.80227330186798,test
2016-09-18 23:00:00,2016-09-19 23:00:00,24,Beijing,ARIMA,15.545455,48.4077902767774,test
2016-09-19 05:00:00,2016-09-20 05:00:00,24,Beijing,ARIMA,8.272727,45.26221861557307,test
2016-09-19 11:00:00,2016-09-20 11:00:00,24,Beijing,ARIMA,5.583333,43.774165138709215,test
2016-09-19 17:00:00,2016-09-20 17:00:00,24,Beijing,ARIMA,6.916667,45.050601489963405,test
2016-09-19 23:00:00,2016-09-20 23:00:00,24,Beijing,ARIMA,21.916667,49.301104283447195,test
2016-09-20 05:00:00,2016-09-21 05:00:00,24,Beijing,ARIMA,12.75,48.03948619067093,test
2016-09-20 11:00:00,2016-09-21 11:00:00,24,Beijing,ARIMA,15.363636,48.24234778782645,test
2016-09-20 17:00:00,2016-09-21 17:00:00,24,Beijing,ARIMA,15.454545,48.086674056085435,test
2016-09-20 23:00:00,2016-09-21 23:00:00,24,Beijing,ARIMA,41.272727,57.28765515560099,test
2016-09-21 05:00:00,2016-09-22 05:00:00,24,Beijing,ARIMA,46.636364,59.94675780427871,test
2016-09-21 11:00:00,2016-09-22 11:00:00,24,Beijing,ARIMA,61.625,65.68418497219307,test
2016-09-21 17:00:00,2016-09-22 17:00:00,24,Beijing,ARIMA,87.25,75.94527720208197,test
2016-09-21 23:00:00,2016-09-22 23:00:00,24,Beijing,ARIMA,87.666667,76.33667970264632,test
2016-09-22 05:00:00,2016-09-23 05:00:00,24,Beijing,ARIMA,84.666667,74.73491196872087,test
2016-09-22 11:00:00,2016-09-23 11:00:00,24,Beijing,ARIMA,84.841667,72.3463114172841,test
2016-09-22 17:00:00,2016-09-23 17:00:00,24,Beijing,ARIMA,115.583333,87.52565917397406,test
2016-09-22 23:00:00,2016-09-23 23:00:00,24,Beijing,ARIMA,126.333333,92.61578171210365,test
2016-09-23 05:00:00,2016-09-24 05:00:00,24,Beijing,ARIMA,106.854167,84.40085736968042,test
2016-09-23 11:00:00,2016-09-24 11:00:00,24,Beijing,ARIMA,123.25,94.9952272493782,test
2016-09-23 17:00:00,2016-09-24 17:00:00,24,Beijing,ARIMA,124.8,90.28648773500625,test
2016-09-23 23:00:00,2016-09-24 23:00:00,24,Beijing,ARIMA,169.583333,107.70948548398688,test
2016-09-24 05:00:00,2016-09-25 05:00:00,24,Beijing,ARIMA,32.5,56.88021776420135,test
2016-09-24 11:00:00,2016-09-25 11:00:00,24,Beijing,ARIMA,63.666667,63.38212539726659,test
2016-09-24 17:00:00,2016-09-25 17:00:00,24,Beijing,ARIMA,164.666667,106.58738854409859,test
2016-09-24 23:00:00,2016-09-25 23:00:00,24,Beijing,ARIMA,212.583333,122.46461285910242,test
2016-09-25 05:00:00,2016-09-26 05:00:00,24,Beijing,ARIMA,190.5,119.01113892575744,test
2016-09-25 11:00:00,2016-09-26 11:00:00,24,Beijing,ARIMA,135.636364,93.83904612210927,test
2016-09-25 17:00:00,2016-09-26 17:00:00,24,Beijing,ARIMA,168.166667,109.88597565156061,test
2016-09-25 23:00:00,2016-09-26 23:00:00,24,Beijing,ARIMA,100.333333,79.52513354431272,test
2016-09-26 05:00:00,2016-09-27 05:00:00,24,Beijing,ARIMA,20.666667,46.947862379471715,test
2016-09-26 11:00:00,2016-09-27 11:00:00,24,Beijing,ARIMA,40.416667,56.47729688300362,test
2016-09-26 17:00:00,2016-09-27 17:00:00,24,Beijing,ARIMA,73.916667,72.25572096767856,test
2016-09-26 23:00:00,2016-09-27 23:00:00,24,Beijing,ARIMA,88.75,81.29507302495684,test
2016-09-27 05:00:00,2016-09-28 05:00:00,24,Beijing,ARIMA,29.75,59.06614188246237,test
2016-09-27 11:00:00,2016-09-28 11:00:00,24,Beijing,ARIMA,6.75,44.49637535887771,test
2016-09-27 17:00:00,2016-09-28 17:00:00,24,Beijing,ARIMA,11.75,46.68889698918318,test
2016-09-27 23:00:00,2016-09-28 23:00:00,24,Beijing,ARIMA,10.5,46.78120083212043,test
2016-09-28 05:00:00,2016-09-29 05:00:00,24,Beijing,ARIMA,8.333333,44.936231681528795,test
2016-09-28 11:00:00,2016-09-29 11:00:00,24,Beijing,ARIMA,9.680556,43.75766840706417,test
2016-09-28 17:00:00,2016-09-29 17:00:00,24,Beijing,ARIMA,9.333333,46.21007705700349,test
2016-09-28 23:00:00,2016-09-29 23:00:00,24,Beijing,ARIMA,39.5,55.28565314853143,test
2016-09-29 05:00:00,2016-09-30 05:00:00,24,Beijing,ARIMA,30.75,56.35970096699879,test
2016-09-29 11:00:00,2016-09-30 11:00:00,24,Beijing,ARIMA,47.361111,57.58238552219076,test
2016-09-29 17:00:00,2016-09-30 17:00:00,24,Beijing,ARIMA,74.25,67.79773721209395,test
2016-09-29 23:00:00,2016-09-30 23:00:00,24,Beijing,ARIMA,82.272727,72.16824995912384,test
2016-09-30 05:00:00,2016-10-01 05:00:00,24,Beijing,ARIMA,72.545455,67.65096922143087,test
2016-09-30 11:00:00,2016-10-01 11:00:00,24,Beijing,ARIMA,90.272727,79.22776001518565,test
2016-09-30 17:00:00,2016-10-01 17:00:00,24,Beijing,ARIMA,106.0,81.74110201496956,test
2016-09-30 23:00:00,2016-10-01 23:00:00,24,Beijing,ARIMA,131.666667,92.78374560985091,test
2016-10-01 05:00:00,2016-10-02 05:00:00,24,Beijing,ARIMA,145.916667,103.2274159951573,test
2016-10-01 11:00:00,2016-10-02 11:00:00,24,Beijing,ARIMA,191.166667,120.55830712565921,test
2016-10-01 17:00:00,2016-10-02 17:00:00,24,Beijing,ARIMA,167.25,108.528559500896,test
2016-10-01 23:00:00,2016-10-02 23:00:00,24,Beijing,ARIMA,198.25,119.17614818598014,test
2016-10-02 05:00:00,2016-10-03 05:00:00,24,Beijing,ARIMA,177.5,112.78410121257075,test
2016-10-02 11:00:00,2016-10-03 11:00:00,24,Beijing,ARIMA,184.75,111.68963540011501,test
2016-10-02 17:00:00,2016-10-03 17:00:00,24,Beijing,ARIMA,161.833333,102.3760694944114,test
2016-10-02 23:00:00,2016-10-03 23:00:00,24,Beijing,ARIMA,167.083333,123.47177060298554,test
2016-10-03 05:00:00,2016-10-04 05:00:00,24,Beijing,ARIMA,130.666667,91.03756903816685,test
2016-10-03 11:00:00,2016-10-04 11:00:00,24,Beijing,ARIMA,158.666667,109.94525096988647,test
2016-10-03 17:00:00,2016-10-04 17:00:00,24,Beijing,ARIMA,63.666667,58.960722084224074,test
2016-10-03 23:00:00,2016-10-04 23:00:00,24,Beijing,ARIMA,158.666667,96.43275558103507,test
2016-10-04 05:00:00,2016-10-05 05:00:00,24,Beijing,ARIMA,21.916667,51.11881151935195,test
2016-10-04 11:00:00,2016-10-05 11:00:00,24,Beijing,ARIMA,28.916667,55.1483175215724,test
2016-10-04 17:00:00,2016-10-05 17:00:00,24,Beijing,ARIMA,38.545455,55.78565247047352,test
2016-10-04 23:00:00,2016-10-05 23:00:00,24,Beijing,ARIMA,27.727273,53.5453730974681,test
2016-10-05 05:00:00,2016-10-06 05:00:00,24,Beijing,ARIMA,39.636364,62.457823684549915,test
2016-10-05 11:00:00,2016-10-06 11:00:00,24,Beijing,ARIMA,55.909091,63.82662990708852,test
2016-10-05 17:00:00,2016-10-06 17:00:00,24,Beijing,ARIMA,65.0,65.76076684086001,test
2016-10-05 23:00:00,2016-10-06 23:00:00,24,Beijing,ARIMA,90.25,76.10016461299303,test
2016-10-06 05:00:00,2016-10-07 05:00:00,24,Beijing,ARIMA,84.0,76.4531952625916,test
2016-10-06 11:00:00,2016-10-07 11:00:00,24,Beijing,ARIMA,71.0,69.17004854407386,test
2016-10-06 17:00:00,2016-10-07 17:00:00,24,Beijing,ARIMA,59.416667,62.8076226048201,test
2016-10-06 23:00:00,2016-10-07 23:00:00,24,Beijing,ARIMA,48.583333,56.36464005752701,test
2016-10-07 05:00:00,2016-10-08 05:00:00,24,Beijing,ARIMA,37.916667,56.275915496825704,test
2016-10-07 11:00:00,2016-10-08 11:00:00,24,Beijing,ARIMA,42.166667,58.58127218257124,test
2016-10-07 17:00:00,2016-10-08 17:00:00,24,Beijing,ARIMA,42.5,61.45121007523235,test
2016-10-07 23:00:00,2016-10-08 23:00:00,24,Beijing,ARIMA,14.666667,43.94331266680942,test
2016-10-08 05:00:00,2016-10-09 05:00:00,24,Beijing,ARIMA,8.666667,45.349333857085526,test
2016-10-08 11:00:00,2016-10-09 11:00:00,24,Beijing,ARIMA,11.0,45.40550220938826,test
2016-10-08 17:00:00,2016-10-09 17:00:00,24,Beijing,ARIMA,10.227273,51.23237375736565,test
2016-10-08 23:00:00,2016-10-09 23:00:00,24,Beijing,ARIMA,26.181818,51.07314127481648,test
2016-10-09 05:00:00,2016-10-10 05:00:00,24,Beijing,ARIMA,28.7,54.42669501713683,test
2016-10-09 11:00:00,2016-10-10 11:00:00,24,Beijing,ARIMA,25.7,51.275500995732216,test
2016-10-09 17:00:00,2016-10-10 17:00:00,24,Beijing,ARIMA,25.454545,51.05730077869058,test
2016-10-09 23:00:00,2016-10-10 23:00:00,24,Beijing,ARIMA,50.636364,61.10701211977764,test
2016-10-10 05:00:00,2016-10-11 05:00:00,24,Beijing,ARIMA,52.727273,63.0141626450532,test
2016-10-10 11:00:00,2016-10-11 11:00:00,24,Beijing,ARIMA,69.5,65.6025035917748,test
2016-10-10 17:00:00,2016-10-11 17:00:00,24,Beijing,ARIMA,122.363636,92.30674469350562,test
2016-10-10 23:00:00,2016-10-11 23:00:00,24,Beijing,ARIMA,144.0,102.04027863394778,test
2016-10-11 05:00:00,2016-10-12 05:00:00,24,Beijing,ARIMA,118.454545,89.25151033646755,test
2016-10-11 11:00:00,2016-10-12 11:00:00,24,Beijing,ARIMA,103.636364,77.88764156442342,test
2016-10-11 17:00:00,2016-10-12 17:00:00,24,Beijing,ARIMA,125.181818,97.51485016982444,test
2016-10-11 23:00:00,2016-10-12 23:00:00,24,Beijing,ARIMA,57.272727,60.26892640504441,test
2016-10-12 05:00:00,2016-10-13 05:00:00,24,Beijing,ARIMA,54.090909,61.51153739871148,test
2016-10-12 11:00:00,2016-10-13 11:00:00,24,Beijing,ARIMA,70.878788,69.7646589421796,test
2016-10-12 17:00:00,2016-10-13 17:00:00,24,Beijing,ARIMA,87.545455,78.71483066273142,test
2016-10-12 23:00:00,2016-10-13 23:00:00,24,Beijing,ARIMA,119.636364,91.2278211410512,test
2016-10-13 05:00:00,2016-10-14 05:00:00,24,Beijing,ARIMA,101.0,79.38451005282877,test
2016-10-13 11:00:00,2016-10-14 11:00:00,24,Beijing,ARIMA,139.795455,98.44675173419037,test
2016-10-13 17:00:00,2016-10-14 17:00:00,24,Beijing,ARIMA,173.5,100.54869507021408,test
2016-10-13 23:00:00,2016-10-14 23:00:00,24,Beijing,ARIMA,216.416667,125.41395985306589,test
2016-10-14 05:00:00,2016-10-15 05:00:00,24,Beijing,ARIMA,187.833333,117.96454996587872,test
2016-10-14 11:00:00,2016-10-15 11:00:00,24,Beijing,ARIMA,262.194444,151.89711327382525,test
2016-10-14 17:00:00,2016-10-15 17:00:00,24,Beijing,ARIMA,233.916667,131.90048758908938,test
2016-10-14 23:00:00,2016-10-15 23:00:00,24,Beijing,ARIMA,255.466667,141.4427797600567,test
2016-10-15 05:00:00,2016-10-16 05:00:00,24,Beijing,ARIMA,204.666667,123.3177844958259,test
2016-10-15 11:00:00,2016-10-16 11:00:00,24,Beijing,ARIMA,183.666667,114.41326310441923,test
2016-10-15 17:00:00,2016-10-16 17:00:00,24,Beijing,ARIMA,184.916667,113.13539078571071,test
2016-10-15 23:00:00,2016-10-16 23:00:00,24,Beijing,ARIMA,173.25,110.81855278741375,test
2016-10-16 05:00:00,2016-10-17 05:00:00,24,Beijing,ARIMA,118.166667,87.0793100392858,test
2016-10-16 11:00:00,2016-10-17 11:00:00,24,Beijing,ARIMA,141.666667,101.1121496170473,test
2016-10-16 17:00:00,2016-10-17 17:00:00,24,Beijing,ARIMA,90.75,76.80848557478815,test
2016-10-16 23:00:00,2016-10-17 23:00:00,24,Beijing,ARIMA,118.416667,91.93643853364613,test
2016-10-17 05:00:00,2016-10-18 05:00:00,24,Beijing,ARIMA,69.166667,71.40781444671778,test
2016-10-17 11:00:00,2016-10-18 11:00:00,24,Beijing,ARIMA,26.5,51.158029829408356,test
2016-10-17 17:00:00,2016-10-18 17:00:00,24,Beijing,ARIMA,40.166667,58.13198364715134,test
2016-10-17 23:00:00,2016-10-18 23:00:00,24,Beijing,ARIMA,95.916667,85.8471973893272,test
2016-10-18 05:00:00,2016-10-19 05:00:00,24,Beijing,ARIMA,64.0,64.07582143628798,test
2016-10-18 11:00:00,2016-10-19 11:00:00,24,Beijing,ARIMA,98.083333,81.24829214034212,test
2016-10-18 17:00:00,2016-10-19 17:00:00,24,Beijing,ARIMA,146.333333,98.1134427093075,test
2016-10-18 23:00:00,2016-10-19 23:00:00,24,Beijing,ARIMA,189.166667,115.87021235563523,test
2016-10-19 05:00:00,2016-10-20 05:00:00,24,Beijing,ARIMA,185.25,117.98467195710735,test
2016-10-19 11:00:00,2016-10-20 11:00:00,24,Beijing,ARIMA,230.25,136.42961381674235,test
2016-10-19 17:00:00,2016-10-20 17:00:00,24,Beijing,ARIMA,266.416667,138.30747072229644,test
2016-10-19 23:00:00,2016-10-20 23:00:00,24,Beijing,ARIMA,228.583333,132.14111573590648,test
2016-10-20 05:00:00,2016-10-21 05:00:00,24,Beijing,ARIMA,235.75,137.07448987905715,test
2016-10-20 11:00:00,2016-10-21 11:00:00,24,Beijing,ARIMA,39.416667,58.65629490036603,test
2016-10-20 17:00:00,2016-10-21 17:00:00,24,Beijing,ARIMA,41.583333,57.7122957272599,test
2016-10-20 23:00:00,2016-10-21 23:00:00,24,Beijing,ARIMA,38.833333,57.88311550517455,test
2016-10-21 05:00:00,2016-10-22 05:00:00,24,Beijing,ARIMA,41.5,59.31534137215773,test
2016-10-21 11:00:00,2016-10-22 11:00:00,24,Beijing,ARIMA,49.416667,62.54661942059273,test
2016-10-21 17:00:00,2016-10-22 17:00:00,24,Beijing,ARIMA,48.333333,62.470456200329615,test
2016-10-21 23:00:00,2016-10-22 23:00:00,24,Beijing,ARIMA,31.5,54.96009715994559,test
2016-10-22 05:00:00,2016-10-23 05:00:00,24,Beijing,ARIMA,16.083333,48.16303730020796,test
2016-10-22 11:00:00,2016-10-23 11:00:00,24,Beijing,ARIMA,6.416667,44.369173212808896,test
2016-10-22 17:00:00,2016-10-23 17:00:00,24,Beijing,ARIMA,9.25,47.82985425964821,test
2016-10-22 23:00:00,2016-10-23 23:00:00,24,Beijing,ARIMA,21.5,50.06889793367258,test
2016-10-23 05:00:00,2016-10-24 05:00:00,24,Beijing,ARIMA,23.5,48.81061215057098,test
2016-10-23 11:00:00,2016-10-24 11:00:00,24,Beijing,ARIMA,21.333333,50.39452180767054,test
2016-10-23 17:00:00,2016-10-24 17:00:00,24,Beijing,ARIMA,27.416667,53.40517836299342,test
2016-10-23 23:00:00,2016-10-24 23:00:00,24,Beijing,ARIMA,42.25,60.91514114221631,test
2016-10-24 05:00:00,2016-10-25 05:00:00,24,Beijing,ARIMA,41.666667,59.6485272762214,test
2016-10-24 11:00:00,2016-10-25 11:00:00,24,Beijing,ARIMA,49.0,62.01324950448788,test
2016-10-24 17:00:00,2016-10-25 17:00:00,24,Beijing,ARIMA,84.583333,72.54017921289152,test
2016-10-24 23:00:00,2016-10-25 23:00:00,24,Beijing,ARIMA,89.666667,76.7977876667984,test
2016-10-25 05:00:00,2016-10-26 05:00:00,24,Beijing,ARIMA,70.5,69.9560143014804,test
2016-10-25 11:00:00,2016-10-26 11:00:00,24,Beijing,ARIMA,94.694444,79.96110776165344,test
2016-10-25 17:00:00,2016-10-26 17:00:00,24,Beijing,ARIMA,108.583333,74.40144951239411,test
2016-10-25 23:00:00,2016-10-26 23:00:00,24,Beijing,ARIMA,125.083333,91.79224219437623,test
2016-10-26 05:00:00,2016-10-27 05:00:00,24,Beijing,ARIMA,81.916667,77.44290631162266,test
2016-10-26 11:00:00,2016-10-27 11:00:00,24,Beijing,ARIMA,10.666667,47.95047263067361,test
2016-10-26 17:00:00,2016-10-27 17:00:00,24,Beijing,ARIMA,21.454545,53.06853078963101,test
2016-10-26 23:00:00,2016-10-27 23:00:00,24,Beijing,ARIMA,28.272727,55.31039852210897,test
2016-10-27 05:00:00,2016-10-28 05:00:00,24,Beijing,ARIMA,18.454545,49.09499767393162,test
2016-10-27 11:00:00,2016-10-28 11:00:00,24,Beijing,ARIMA,38.363636,58.9170578926984,test
2016-10-27 17:00:00,2016-10-28 17:00:00,24,Beijing,ARIMA,39.416667,58.129288229334335,test
2016-10-27 23:00:00,2016-10-28 23:00:00,24,Beijing,ARIMA,19.090909,48.96984230857516,test
2016-10-28 05:00:00,2016-10-29 05:00:00,24,Beijing,ARIMA,12.272727,44.35295410238632,test
2016-10-28 11:00:00,2016-10-29 11:00:00,24,Beijing,ARIMA,6.361111,43.12021636693711,test
2016-10-28 17:00:00,2016-10-29 17:00:00,24,Beijing,ARIMA,6.0,44.35242286283591,test
2016-10-28 23:00:00,2016-10-29 23:00:00,24,Beijing,ARIMA,20.333333,48.59486816782798,test
2016-10-29 05:00:00,2016-10-30 05:00:00,24,Beijing,ARIMA,11.916667,48.61791277282639,test
2016-10-29 11:00:00,2016-10-30 11:00:00,24,Beijing,ARIMA,19.416667,49.0048956146018,test
2016-10-29 17:00:00,2016-10-30 17:00:00,24,Beijing,ARIMA,24.75,50.95301283577366,test
2016-10-29 23:00:00,2016-10-30 23:00:00,24,Beijing,ARIMA,45.5,60.25272408883078,test
2016-10-30 05:00:00,2016-10-31 05:00:00,24,Beijing,ARIMA,54.5,62.92030171145644,test
2016-10-30 11:00:00,2016-10-31 11:00:00,24,Beijing,ARIMA,81.166667,71.5736320675704,test
2016-10-30 17:00:00,2016-10-31 17:00:00,24,Beijing,ARIMA,7.25,36.54651024462301,test
2016-10-30 23:00:00,2016-10-31 23:00:00,24,Beijing,ARIMA,4.333333,42.06915637589342,test
2016-10-31 05:00:00,2016-11-01 05:00:00,24,Beijing,ARIMA,3.5,43.575876013467614,test
2016-10-31 11:00:00,2016-11-01 11:00:00,24,Beijing,ARIMA,7.416667,43.98034049351683,test
2016-10-31 17:00:00,2016-11-01 17:00:00,24,Beijing,ARIMA,9.916667,45.84761673270989,test
2016-10-31 23:00:00,2016-11-01 23:00:00,24,Beijing,ARIMA,20.416667,51.752076512747514,test
2016-11-01 05:00:00,2016-11-02 05:00:00,24,Beijing,ARIMA,19.666667,48.46117353011855,test
2016-11-01 11:00:00,2016-11-02 11:00:00,24,Beijing,ARIMA,31.75,51.06819685619928,test
2016-11-01 17:00:00,2016-11-02 17:00:00,24,Beijing,ARIMA,56.75,66.02652879717107,test
2016-11-01 23:00:00,2016-11-02 23:00:00,24,Beijing,ARIMA,81.166667,74.03997665670862,test
2016-11-02 05:00:00,2016-11-03 05:00:00,24,Beijing,ARIMA,87.0,76.43257232819748,test
2016-11-02 11:00:00,2016-11-03 11:00:00,24,Beijing,ARIMA,91.666667,75.32282799887876,test
2016-11-02 17:00:00,2016-11-03 17:00:00,24,Beijing,ARIMA,99.027778,79.81728210398407,test
2016-11-02 23:00:00,2016-11-03 23:00:00,24,Beijing,ARIMA,144.0,99.29646110844546,test
2016-11-03 05:00:00,2016-11-04 05:00:00,24,Beijing,ARIMA,125.666667,92.0569454858109,test
2016-11-03 11:00:00,2016-11-04 11:00:00,24,Beijing,ARIMA,148.583333,97.2127887314217,test
2016-11-03 17:00:00,2016-11-04 17:00:00,24,Beijing,ARIMA,243.597222,131.58743457661475,test
2016-11-03 23:00:00,2016-11-04 23:00:00,24,Beijing,ARIMA,240.666667,133.790351550826,test
2016-11-04 05:00:00,2016-11-05 05:00:00,24,Beijing,ARIMA,205.583333,122.18076319440142,test
2016-11-04 11:00:00,2016-11-05 11:00:00,24,Beijing,ARIMA,270.166667,152.70867562763323,test
2016-11-04 17:00:00,2016-11-05 17:00:00,24,Beijing,ARIMA,268.122727,148.28541243210609,test
2016-11-04 23:00:00,2016-11-05 23:00:00,24,Beijing,ARIMA,200.916667,121.08565729443038,test
2016-11-05 05:00:00,2016-11-06 05:00:00,24,Beijing,ARIMA,161.083333,106.49446927912629,test
2016-11-05 11:00:00,2016-11-06 11:00:00,24,Beijing,ARIMA,206.5,137.01460659418532,test
2016-11-05 17:00:00,2016-11-06 17:00:00,24,Beijing,ARIMA,199.25,120.12813924374869,test
2016-11-05 23:00:00,2016-11-06 23:00:00,24,Beijing,ARIMA,131.333333,101.0313496333722,test
2016-11-06 05:00:00,2016-11-07 05:00:00,24,Beijing,ARIMA,77.083333,72.75089685175578,test
2016-11-06 11:00:00,2016-11-07 11:00:00,24,Beijing,ARIMA,50.166667,61.70771642074481,test
2016-11-06 17:00:00,2016-11-07 17:00:00,24,Beijing,ARIMA,46.0,59.64251385713323,test
2016-11-06 23:00:00,2016-11-07 23:00:00,24,Beijing,ARIMA,98.0,80.11001738559752,test
2016-11-07 05:00:00,2016-11-08 05:00:00,24,Beijing,ARIMA,73.75,69.62064651885474,test
2016-11-07 11:00:00,2016-11-08 11:00:00,24,Beijing,ARIMA,19.0,49.02822404274956,test
2016-11-07 17:00:00,2016-11-08 17:00:00,24,Beijing,ARIMA,6.583333,46.18796017136495,test
2016-11-07 23:00:00,2016-11-08 23:00:00,24,Beijing,ARIMA,9.5,45.5739281623211,test
2016-11-08 05:00:00,2016-11-09 05:00:00,24,Beijing,ARIMA,12.833333,48.06332475456489,test
2016-11-08 11:00:00,2016-11-09 11:00:00,24,Beijing,ARIMA,23.5,50.8556923445455,test
2016-11-08 17:00:00,2016-11-09 17:00:00,24,Beijing,ARIMA,53.138889,58.545165814893664,test
2016-11-08 23:00:00,2016-11-09 23:00:00,24,Beijing,ARIMA,85.583333,76.20559535496758,test
2016-11-09 05:00:00,2016-11-10 05:00:00,24,Beijing,ARIMA,89.0,78.14885919330513,test
2016-11-09 11:00:00,2016-11-10 11:00:00,24,Beijing,ARIMA,145.75,99.35213507479607,test
2016-11-09 17:00:00,2016-11-10 17:00:00,24,Beijing,ARIMA,198.472222,121.62838155342654,test
2016-11-09 23:00:00,2016-11-10 23:00:00,24,Beijing,ARIMA,224.333333,129.99144708711955,test
2016-11-10 05:00:00,2016-11-11 05:00:00,24,Beijing,ARIMA,166.416667,106.89965578636097,test
2016-11-10 11:00:00,2016-11-11 11:00:00,24,Beijing,ARIMA,182.25,107.90926540474891,test
2016-11-10 17:00:00,2016-11-11 17:00:00,24,Beijing,ARIMA,107.0,85.55605509617098,test
2016-11-10 23:00:00,2016-11-11 23:00:00,24,Beijing,ARIMA,48.583333,60.573650698076555,test
2016-11-11 05:00:00,2016-11-12 05:00:00,24,Beijing,ARIMA,100.0,85.16064833086352,test
2016-11-11 11:00:00,2016-11-12 11:00:00,24,Beijing,ARIMA,107.0,86.30805989501543,test
2016-11-11 17:00:00,2016-11-12 17:00:00,24,Beijing,ARIMA,52.083333,61.33169342075806,test
2016-11-11 23:00:00,2016-11-12 23:00:00,24,Beijing,ARIMA,72.583333,70.97634311056535,test
2016-11-12 05:00:00,2016-11-13 05:00:00,24,Beijing,ARIMA,65.25,64.74188215552346,test
2016-11-12 11:00:00,2016-11-13 11:00:00,24,Beijing,ARIMA,55.916667,58.191213649182906,test
2016-11-12 17:00:00,2016-11-13 17:00:00,24,Beijing,ARIMA,90.25,79.00220941575104,test
2016-11-12 23:00:00,2016-11-13 23:00:00,24,Beijing,ARIMA,65.666667,70.2125713892603,test
2016-11-13 05:00:00,2016-11-14 05:00:00,24,Beijing,ARIMA,52.166667,62.5527260494677,test
2016-11-13 11:00:00,2016-11-14 11:00:00,24,Beijing,ARIMA,78.083333,71.96621555731097,test
2016-11-13 17:00:00,2016-11-14 17:00:00,24,Beijing,ARIMA,132.25,94.6931612199179,test
2016-11-13 23:00:00,2016-11-14 23:00:00,24,Beijing,ARIMA,159.25,109.7448279740117,test
2016-11-14 05:00:00,2016-11-15 05:00:00,24,Beijing,ARIMA,94.0,90.68423947063586,test
2016-11-14 11:00:00,2016-11-15 11:00:00,24,Beijing,ARIMA,8.25,44.85990034593827,test
2016-11-14 17:00:00,2016-11-15 17:00:00,24,Beijing,ARIMA,6.083333,45.81305714609964,test
2016-11-14 23:00:00,2016-11-15 23:00:00,24,Beijing,ARIMA,12.333333,47.29929628511543,test
2016-11-15 05:00:00,2016-11-16 05:00:00,24,Beijing,ARIMA,8.75,45.470911705071714,test
2016-11-15 11:00:00,2016-11-16 11:00:00,24,Beijing,ARIMA,33.25,60.952330207262264,test
2016-11-15 17:00:00,2016-11-16 17:00:00,24,Beijing,ARIMA,48.833333,61.292407444586715,test
2016-11-15 23:00:00,2016-11-16 23:00:00,24,Beijing,ARIMA,119.166667,84.84747401747087,test
2016-11-16 05:00:00,2016-11-17 05:00:00,24,Beijing,ARIMA,74.75,71.48790768488016,test
2016-11-16 11:00:00,2016-11-17 11:00:00,24,Beijing,ARIMA,84.216667,72.1495738092002,test
2016-11-16 17:00:00,2016-11-17 17:00:00,24,Beijing,ARIMA,90.333333,77.49224619893297,test
2016-11-16 23:00:00,2016-11-17 23:00:00,24,Beijing,ARIMA,149.166667,95.97082299268708,test
2016-11-17 05:00:00,2016-11-18 05:00:00,24,Beijing,ARIMA,113.5,88.27088007112201,test
2016-11-17 11:00:00,2016-11-18 11:00:00,24,Beijing,ARIMA,84.166667,75.09747922028795,test
2016-11-17 17:00:00,2016-11-18 17:00:00,24,Beijing,ARIMA,107.0,85.36286269751398,test
2016-11-17 23:00:00,2016-11-18 23:00:00,24,Beijing,ARIMA,149.583333,102.13493235444223,test
2016-11-18 05:00:00,2016-11-19 05:00:00,24,Beijing,ARIMA,159.75,105.50221328812708,test
2016-11-18 11:00:00,2016-11-19 11:00:00,24,Beijing,ARIMA,188.916667,114.16906387133957,test
2016-11-18 17:00:00,2016-11-19 17:00:00,24,Beijing,ARIMA,220.583333,129.27512454712829,test
2016-11-18 23:00:00,2016-11-19 23:00:00,24,Beijing,ARIMA,202.25,124.08797157499959,test
2016-11-19 05:00:00,2016-11-20 05:00:00,24,Beijing,ARIMA,189.0,115.85935074283347,test
2016-11-19 11:00:00,2016-11-20 11:00:00,24,Beijing,ARIMA,35.916667,58.698573230245835,test
2016-11-19 17:00:00,2016-11-20 17:00:00,24,Beijing,ARIMA,116.916667,72.14061038011177,test
2016-11-19 23:00:00,2016-11-20 23:00:00,24,Beijing,ARIMA,112.666667,81.63254947771097,test
2016-11-20 05:00:00,2016-11-21 05:00:00,24,Beijing,ARIMA,58.583333,62.96446339755116,test
2016-11-20 11:00:00,2016-11-21 11:00:00,24,Beijing,ARIMA,57.75,66.7558564203354,test
2016-11-20 17:00:00,2016-11-21 17:00:00,24,Beijing,ARIMA,52.0,59.992208185912915,test
2016-11-20 23:00:00,2016-11-21 23:00:00,24,Beijing,ARIMA,12.0,47.201999996468174,test
2016-11-21 05:00:00,2016-11-22 05:00:00,24,Beijing,ARIMA,11.083333,46.16677982221987,test
2016-11-21 11:00:00,2016-11-22 11:00:00,24,Beijing,ARIMA,9.416667,46.67859905571359,test
2016-11-21 17:00:00,2016-11-22 17:00:00,24,Beijing,ARIMA,8.166667,46.754987802337176,test
2016-11-21 23:00:00,2016-11-22 23:00:00,24,Beijing,ARIMA,7.083333,45.72612230077813,test
2016-11-22 05:00:00,2016-11-23 05:00:00,24,Beijing,ARIMA,5.75,44.87390634677998,test
2016-11-22 11:00:00,2016-11-23 11:00:00,24,Beijing,ARIMA,7.75,45.818082216890666,test
2016-11-22 17:00:00,2016-11-23 17:00:00,24,Beijing,ARIMA,7.333333,45.73777305945625,test
2016-11-22 23:00:00,2016-11-23 23:00:00,24,Beijing,ARIMA,11.333333,46.78328299857482,test
2016-11-23 05:00:00,2016-11-24 05:00:00,24,Beijing,ARIMA,8.416667,45.12024497316004,test
2016-11-23 11:00:00,2016-11-24 11:00:00,24,Beijing,ARIMA,32.027778,58.93573056455178,test
2016-11-23 17:00:00,2016-11-24 17:00:00,24,Beijing,ARIMA,16.333333,43.79894436577539,test
2016-11-23 23:00:00,2016-11-24 23:00:00,24,Beijing,ARIMA,10.5,43.44670731076911,test
2016-11-24 05:00:00,2016-11-25 05:00:00,24,Beijing,ARIMA,12.666667,47.81949613137535,test
2016-11-24 11:00:00,2016-11-25 11:00:00,24,Beijing,ARIMA,60.583333,62.64496931785348,test
2016-11-24 17:00:00,2016-11-25 17:00:00,24,Beijing,ARIMA,88.333333,75.88117197398815,test
2016-11-24 23:00:00,2016-11-25 23:00:00,24,Beijing,ARIMA,152.75,99.38028882968382,test
2016-11-25 05:00:00,2016-11-26 05:00:00,24,Beijing,ARIMA,110.083333,88.58567629526442,test
2016-11-25 11:00:00,2016-11-26 11:00:00,24,Beijing,ARIMA,103.0,83.31268510716318,test
2016-11-25 17:00:00,2016-11-26 17:00:00,24,Beijing,ARIMA,160.666667,106.42164743924161,test
2016-11-25 23:00:00,2016-11-26 23:00:00,24,Beijing,ARIMA,259.706746,142.11875893740776,test
2016-11-26 05:00:00,2016-11-27 05:00:00,24,Beijing,ARIMA,246.65,127.83201558391134,test
2016-11-26 11:00:00,2016-11-27 11:00:00,24,Beijing,ARIMA,285.194444,156.10444443069807,test
2016-11-26 17:00:00,2016-11-27 17:00:00,24,Beijing,ARIMA,230.154762,117.72556478461769,test
2016-11-26 23:00:00,2016-11-27 23:00:00,24,Beijing,ARIMA,261.579365,143.37682691982937,test
2016-11-27 05:00:00,2016-11-28 05:00:00,24,Beijing,ARIMA,65.333333,72.68878142117254,test
2016-11-27 11:00:00,2016-11-28 11:00:00,24,Beijing,ARIMA,11.083333,48.25463631169701,test
2016-11-27 17:00:00,2016-11-28 17:00:00,24,Beijing,ARIMA,10.083333,44.55738928530608,test
2016-11-27 23:00:00,2016-11-28 23:00:00,24,Beijing,ARIMA,25.5,57.88484481712172,test
2016-11-28 05:00:00,2016-11-29 05:00:00,24,Beijing,ARIMA,50.166667,63.26292917004679,test
2016-11-28 11:00:00,2016-11-29 11:00:00,24,Beijing,ARIMA,47.166667,58.91178841905725,test
2016-11-28 17:00:00,2016-11-29 17:00:00,24,Beijing,ARIMA,72.75,69.70849441308056,test
2016-11-28 23:00:00,2016-11-29 23:00:00,24,Beijing,ARIMA,82.833333,76.32390692182524,test
2016-11-29 05:00:00,2016-11-30 05:00:00,24,Beijing,ARIMA,68.25,69.19629553892626,test
2016-11-29 11:00:00,2016-11-30 11:00:00,24,Beijing,ARIMA,97.25,76.55724709692554,test
2016-11-29 17:00:00,2016-11-30 17:00:00,24,Beijing,ARIMA,108.166667,87.21130064651202,test
2016-11-29 23:00:00,2016-11-30 23:00:00,24,Beijing,ARIMA,114.0,85.88823534456223,test
2016-11-30 05:00:00,2016-12-01 05:00:00,24,Beijing,ARIMA,107.0,83.11771349259813,test
2016-11-30 11:00:00,2016-12-01 11:00:00,24,Beijing,ARIMA,155.5,103.21110440780859,test
2016-11-30 17:00:00,2016-12-01 17:00:00,24,Beijing,ARIMA,51.416667,69.63776116720047,test
2016-11-30 23:00:00,2016-12-01 23:00:00,24,Beijing,ARIMA,9.25,46.2093215353038,test
2016-12-01 05:00:00,2016-12-02 05:00:00,24,Beijing,ARIMA,7.583333,46.46561357384502,test
2016-12-01 11:00:00,2016-12-02 11:00:00,24,Beijing,ARIMA,8.75,46.23412523687591,test
2016-12-01 17:00:00,2016-12-02 17:00:00,24,Beijing,ARIMA,25.0,49.02270437618555,test
2016-12-01 23:00:00,2016-12-02 23:00:00,24,Beijing,ARIMA,93.083333,78.50193710873614,test
2016-12-02 05:00:00,2016-12-03 05:00:00,24,Beijing,ARIMA,53.166667,65.1739892605161,test
2016-12-02 11:00:00,2016-12-03 11:00:00,24,Beijing,ARIMA,52.166667,62.89349952285791,test
2016-12-02 17:00:00,2016-12-03 17:00:00,24,Beijing,ARIMA,113.916667,82.47153939916967,test
2016-12-02 23:00:00,2016-12-03 23:00:00,24,Beijing,ARIMA,180.333333,118.67237219952845,test
2016-12-03 05:00:00,2016-12-04 05:00:00,24,Beijing,ARIMA,107.416667,86.92814816171662,test
2016-12-03 11:00:00,2016-12-04 11:00:00,24,Beijing,ARIMA,93.5,85.52333266531444,test
2016-12-03 17:00:00,2016-12-04 17:00:00,24,Beijing,ARIMA,239.0,143.93288828981395,test
2016-12-03 23:00:00,2016-12-04 23:00:00,24,Beijing,ARIMA,264.166667,147.7555935946623,test
2016-12-04 05:00:00,2016-12-05 05:00:00,24,Beijing,ARIMA,206.4,115.45962594713893,test
2016-12-04 11:00:00,2016-12-05 11:00:00,24,Beijing,ARIMA,211.583333,132.84450692089038,test
2016-12-04 17:00:00,2016-12-05 17:00:00,24,Beijing,ARIMA,72.0,63.2744013860865,test
2016-12-04 23:00:00,2016-12-05 23:00:00,24,Beijing,ARIMA,224.5,133.9371050745866,test
2016-12-05 05:00:00,2016-12-06 05:00:00,24,Beijing,ARIMA,101.333333,81.41766780917108,test
2016-12-05 11:00:00,2016-12-06 11:00:00,24,Beijing,ARIMA,11.333333,40.339696153128926,test
2016-12-05 17:00:00,2016-12-06 17:00:00,24,Beijing,ARIMA,5.833333,45.32218470443141,test
2016-12-05 23:00:00,2016-12-06 23:00:00,24,Beijing,ARIMA,22.416667,51.302465319415816,test
2016-12-06 05:00:00,2016-12-07 05:00:00,24,Beijing,ARIMA,40.333333,58.135765444449845,test
2016-12-06 11:00:00,2016-12-07 11:00:00,24,Beijing,ARIMA,70.083333,69.65402727545106,test
2016-12-06 17:00:00,2016-12-07 17:00:00,24,Beijing,ARIMA,99.486111,80.7226716151494,test
2016-12-06 23:00:00,2016-12-07 23:00:00,24,Beijing,ARIMA,130.083333,87.46999989786723,test
2016-12-07 05:00:00,2016-12-08 05:00:00,24,Beijing,ARIMA,95.75,82.83952403513231,test
2016-12-07 11:00:00,2016-12-08 11:00:00,24,Beijing,ARIMA,119.583333,91.3251549941191,test
2016-12-07 17:00:00,2016-12-08 17:00:00,24,Beijing,ARIMA,162.166667,119.81006412982481,test
2016-12-07 23:00:00,2016-12-08 23:00:00,24,Beijing,ARIMA,183.25,107.71467085297832,test
2016-12-08 05:00:00,2016-12-09 05:00:00,24,Beijing,ARIMA,190.5,118.82270055813072,test
2016-12-08 11:00:00,2016-12-09 11:00:00,24,Beijing,ARIMA,55.333333,89.40427036587108,test
2016-12-08 17:00:00,2016-12-09 17:00:00,24,Beijing,ARIMA,6.75,44.06690947881306,test
2016-12-08 23:00:00,2016-12-09 23:00:00,24,Beijing,ARIMA,6.25,45.73436939609947,test
2016-12-09 05:00:00,2016-12-10 05:00:00,24,Beijing,ARIMA,10.416667,47.42246551836925,test
2016-12-09 11:00:00,2016-12-10 11:00:00,24,Beijing,ARIMA,13.166667,47.886708876901295,test
2016-12-09 17:00:00,2016-12-10 17:00:00,24,Beijing,ARIMA,30.416667,54.88265519715166,test
2016-12-09 23:00:00,2016-12-10 23:00:00,24,Beijing,ARIMA,56.333333,65.03180629767142,test
2016-12-10 05:00:00,2016-12-11 05:00:00,24,Beijing,ARIMA,35.083333,54.659474689202725,test
2016-12-10 11:00:00,2016-12-11 11:00:00,24,Beijing,ARIMA,41.416667,59.47438148503145,test
2016-12-10 17:00:00,2016-12-11 17:00:00,24,Beijing,ARIMA,41.666667,58.31488407496896,test
2016-12-10 23:00:00,2016-12-11 23:00:00,24,Beijing,ARIMA,87.166667,74.49516556607308,test
2016-12-11 05:00:00,2016-12-12 05:00:00,24,Beijing,ARIMA,119.75,90.3322223672402,test
2016-12-11 11:00:00,2016-12-12 11:00:00,24,Beijing,ARIMA,144.166667,100.85857402490622,test
2016-12-11 17:00:00,2016-12-12 17:00:00,24,Beijing,ARIMA,193.0,114.50175518447685,test
2016-12-11 23:00:00,2016-12-12 23:00:00,24,Beijing,ARIMA,225.916667,136.34342446092336,test
2016-12-12 05:00:00,2016-12-13 05:00:00,24,Beijing,ARIMA,213.416667,127.80376252615743,test
2016-12-12 11:00:00,2016-12-13 11:00:00,24,Beijing,ARIMA,226.166667,133.0300299457777,test
2016-12-12 17:00:00,2016-12-13 17:00:00,24,Beijing,ARIMA,212.0,117.5478097942196,test
2016-12-12 23:00:00,2016-12-13 23:00:00,24,Beijing,ARIMA,210.75,126.01952738525263,test
2016-12-13 05:00:00,2016-12-14 05:00:00,24,Beijing,ARIMA,77.5,83.9692794271685,test
2016-12-13 11:00:00,2016-12-14 11:00:00,24,Beijing,ARIMA,16.916667,50.29483118169963,test
2016-12-13 17:00:00,2016-12-14 17:00:00,24,Beijing,ARIMA,22.916667,50.30935115989131,test
2016-12-13 23:00:00,2016-12-14 23:00:00,24,Beijing,ARIMA,18.416667,54.34372154490428,test
2016-12-14 05:00:00,2016-12-15 05:00:00,24,Beijing,ARIMA,5.0,45.42360198600141,test
2016-12-14 11:00:00,2016-12-15 11:00:00,24,Beijing,ARIMA,13.777778,49.2437421841236,test
2016-12-14 17:00:00,2016-12-15 17:00:00,24,Beijing,ARIMA,35.083333,54.011360683088974,test
2016-12-14 23:00:00,2016-12-15 23:00:00,24,Beijing,ARIMA,72.666667,71.28625310709326,test
2016-12-15 05:00:00,2016-12-16 05:00:00,24,Beijing,ARIMA,45.25,63.49143621212116,test
2016-12-15 11:00:00,2016-12-16 11:00:00,24,Beijing,ARIMA,8.166667,47.38587804745205,test
2016-12-15 17:00:00,2016-12-16 17:00:00,24,Beijing,ARIMA,6.25,45.09847578672615,test
2016-12-15 23:00:00,2016-12-16 23:00:00,24,Beijing,ARIMA,32.583333,52.037992028240694,test
2016-12-16 05:00:00,2016-12-17 05:00:00,24,Beijing,ARIMA,73.833333,83.62984029741199,test
2016-12-16 11:00:00,2016-12-17 11:00:00,24,Beijing,ARIMA,50.0,65.38456311831146,test
2016-12-16 17:00:00,2016-12-17 17:00:00,24,Beijing,ARIMA,133.916667,100.67241011218641,test
2016-12-16 23:00:00,2016-12-17 23:00:00,24,Beijing,ARIMA,165.25,108.28708906403628,test
2016-12-17 05:00:00,2016-12-18 05:00:00,24,Beijing,ARIMA,111.416667,80.67929809933491,test
2016-12-17 11:00:00,2016-12-18 11:00:00,24,Beijing,ARIMA,129.333333,85.33526502332502,test
2016-12-17 17:00:00,2016-12-18 17:00:00,24,Beijing,ARIMA,247.583333,142.31983266987712,test
2016-12-17 23:00:00,2016-12-18 23:00:00,24,Beijing,ARIMA,243.978355,136.28691688065575,test
2016-12-18 05:00:00,2016-12-19 05:00:00,24,Beijing,ARIMA,215.166667,129.70354852110725,test
2016-12-18 11:00:00,2016-12-19 11:00:00,24,Beijing,ARIMA,191.75,117.37550205909292,test
2016-12-18 17:00:00,2016-12-19 17:00:00,24,Beijing,ARIMA,215.416667,124.06840914872663,test
2016-12-18 23:00:00,2016-12-19 23:00:00,24,Beijing,ARIMA,240.166667,134.12134221162862,test
2016-12-19 05:00:00,2016-12-20 05:00:00,24,Beijing,ARIMA,211.25,130.04146605270316,test
2016-12-19 11:00:00,2016-12-20 11:00:00,24,Beijing,ARIMA,169.833333,110.85863137431012,test
2016-12-19 17:00:00,2016-12-20 17:00:00,24,Beijing,ARIMA,187.333333,117.73792151329354,test
2016-12-19 23:00:00,2016-12-20 23:00:00,24,Beijing,ARIMA,237.6375,136.99088619536062,test
2016-12-20 05:00:00,2016-12-21 05:00:00,24,Beijing,ARIMA,248.6,135.52544791280383,test
2016-12-20 11:00:00,2016-12-21 11:00:00,24,Beijing,ARIMA,266.133333,151.22840259204597,test
2016-12-20 17:00:00,2016-12-21 17:00:00,24,Beijing,ARIMA,266.833333,164.23141165095944,test
2016-12-20 23:00:00,2016-12-21 23:00:00,24,Beijing,ARIMA,321.8,170.45489899706814,test
2016-12-21 05:00:00,2016-12-22 05:00:00,24,Beijing,ARIMA,282.0,149.40463091839632,test
2016-12-21 13:00:00,2016-12-22 13:00:00,24,Beijing,ARIMA,340.0,180.54091344967685,test
2016-12-22 04:00:00,2016-12-23 04:00:00,24,Beijing,ARIMA,34.8,83.80403205006267,test
2016-12-22 10:00:00,2016-12-23 10:00:00,24,Beijing,ARIMA,14.416667,49.72559979007711,test
2016-12-22 16:00:00,2016-12-23 16:00:00,24,Beijing,ARIMA,8.333333,45.53320334786032,test
2016-12-22 22:00:00,2016-12-23 22:00:00,24,Beijing,ARIMA,11.75,47.463424026838055,test
2016-12-23 04:00:00,2016-12-24 04:00:00,24,Beijing,ARIMA,14.916667,50.68670121774519,test
2016-12-23 10:00:00,2016-12-24 10:00:00,24,Beijing,ARIMA,18.25,49.138883000680174,test
2016-12-23 16:00:00,2016-12-24 16:00:00,24,Beijing,ARIMA,20.833333,47.32335802531525,test
2016-12-23 22:00:00,2016-12-24 22:00:00,24,Beijing,ARIMA,74.833333,74.00414808322967,test
2016-12-24 04:00:00,2016-12-25 04:00:00,24,Beijing,ARIMA,89.583333,76.83202664121904,test
2016-12-24 10:00:00,2016-12-25 10:00:00,24,Beijing,ARIMA,103.583333,82.65962580623881,test
2016-12-24 16:00:00,2016-12-25 16:00:00,24,Beijing,ARIMA,135.416667,94.01316979634605,test
2016-12-24 22:00:00,2016-12-25 22:00:00,24,Beijing,ARIMA,156.083333,106.91685537368423,test
2016-12-25 04:00:00,2016-12-26 04:00:00,24,Beijing,ARIMA,143.363636,104.35265708865258,test
2016-12-25 10:00:00,2016-12-26 10:00:00,24,Beijing,ARIMA,121.166667,86.92174279473429,test
2016-12-25 16:00:00,2016-12-26 16:00:00,24,Beijing,ARIMA,143.583333,100.69876151990874,test
2016-12-25 22:00:00,2016-12-26 22:00:00,24,Beijing,ARIMA,180.583333,113.24684751662332,test
2016-12-26 04:00:00,2016-12-27 04:00:00,24,Beijing,ARIMA,109.083333,89.61976213125124,test
2016-12-26 10:00:00,2016-12-27 10:00:00,24,Beijing,ARIMA,28.083333,51.245254788072636,test
2016-12-26 16:00:00,2016-12-27 16:00:00,24,Beijing,ARIMA,11.833333,46.154609160550365,test
2016-12-26 22:00:00,2016-12-27 22:00:00,24,Beijing,ARIMA,16.083333,49.31189803053661,test
2016-12-27 04:00:00,2016-12-28 04:00:00,24,Beijing,ARIMA,16.166667,51.73859577753073,test
2016-12-27 10:00:00,2016-12-28 10:00:00,24,Beijing,ARIMA,15.75,50.09885050245125,test
2016-12-27 16:00:00,2016-12-28 16:00:00,24,Beijing,ARIMA,14.583333,49.4486820741153,test
2016-12-27 22:00:00,2016-12-28 22:00:00,24,Beijing,ARIMA,115.583333,76.24977468334714,test
2016-12-28 04:00:00,2016-12-29 04:00:00,24,Beijing,ARIMA,149.333333,106.69343297506676,test
2016-12-28 10:00:00,2016-12-29 10:00:00,24,Beijing,ARIMA,56.833333,68.71291158288929,test
2016-12-28 16:00:00,2016-12-29 16:00:00,24,Beijing,ARIMA,9.854167,45.1709044645473,test
2016-12-28 22:00:00,2016-12-29 22:00:00,24,Beijing,ARIMA,9.0,46.253732109134376,test
2016-12-29 04:00:00,2016-12-30 04:00:00,24,Beijing,ARIMA,10.333333,47.30448243588631,test
2016-12-29 10:00:00,2016-12-30 10:00:00,24,Beijing,ARIMA,15.166667,50.44246068939611,test
2016-12-29 16:00:00,2016-12-30 16:00:00,24,Beijing,ARIMA,52.083333,61.90403912966995,test
2016-12-29 22:00:00,2016-12-30 22:00:00,24,Beijing,ARIMA,187.416667,107.05757789545147,test
2016-12-30 04:00:00,2016-12-31 04:00:00,24,Beijing,ARIMA,134.1,104.27524971308395,test
2016-12-30 10:00:00,2016-12-31 10:00:00,24,Beijing,ARIMA,129.416667,86.38709029304871,test
2016-12-30 16:00:00,2016-12-31 16:00:00,24,Beijing,ARIMA,194.833333,112.20479179198269,test
2016-12-30 22:00:00,2016-12-31 22:00:00,24,Beijing,ARIMA,256.347222,146.02193987063643,test
2016-12-31 04:00:00,2017-01-01 04:00:00,24,Beijing,ARIMA,230.89881,131.0258988150552,test
2016-12-31 10:00:00,2017-01-01 10:00:00,24,Beijing,ARIMA,193.909091,105.85098010459996,test
2016-12-31 16:00:00,2017-01-01 16:00:00,24,Beijing,ARIMA,210.4,101.0747037457806,test
2016-12-31 22:00:00,2017-01-01 22:00:00,24,Beijing,ARIMA,202.0,109.84673996907075,test
2017-01-01 04:00:00,2017-01-02 04:00:00,24,Beijing,ARIMA,227.416667,135.2633118885532,test
2017-01-01 10:00:00,2017-01-02 10:00:00,24,Beijing,ARIMA,246.428571,139.17242172976077,test
2017-01-02 01:00:00,2017-01-03 01:00:00,24,Beijing,ARIMA,256.0,155.150083962453,test
2017-01-02 07:00:00,2017-01-03 07:00:00,24,Beijing,ARIMA,57.25,57.97149738266877,test
2017-01-02 13:00:00,2017-01-03 13:00:00,24,Beijing,ARIMA,174.866667,130.4772840758973,test
2017-01-02 19:00:00,2017-01-03 19:00:00,24,Beijing,ARIMA,192.083333,111.27973791635391,test
2017-01-03 01:00:00,2017-01-04 01:00:00,24,Beijing,ARIMA,261.5,144.20807048220024,test
2017-01-03 07:00:00,2017-01-04 07:00:00,24,Beijing,ARIMA,234.169643,138.26953409331537,test
2017-01-03 13:00:00,2017-01-04 13:00:00,24,Beijing,ARIMA,221.916667,134.6067563993545,test
2017-01-03 19:00:00,2017-01-04 19:00:00,24,Beijing,ARIMA,196.0,129.2563082487004,test
2017-01-04 01:00:00,2017-01-05 01:00:00,24,Beijing,ARIMA,197.0,118.53228828279626,test
2017-01-04 07:00:00,2017-01-05 07:00:00,24,Beijing,ARIMA,109.333333,86.81721085668522,test
2017-01-04 13:00:00,2017-01-05 13:00:00,24,Beijing,ARIMA,176.863636,117.13685766806499,test
2017-01-04 19:00:00,2017-01-05 19:00:00,24,Beijing,ARIMA,284.738095,125.90178668204375,test
2017-01-05 01:00:00,2017-01-06 01:00:00,24,Beijing,ARIMA,192.842857,115.8650802936315,test
2017-01-05 07:00:00,2017-01-06 07:00:00,24,Beijing,ARIMA,285.729167,166.77110036321912,test
2017-01-05 13:00:00,2017-01-06 13:00:00,24,Beijing,ARIMA,201.583333,139.24412605935976,test
2017-01-05 19:00:00,2017-01-06 19:00:00,24,Beijing,ARIMA,178.916667,110.05850591512252,test
2017-01-06 01:00:00,2017-01-07 01:00:00,24,Beijing,ARIMA,183.166667,116.12825700026502,test
2017-01-06 07:00:00,2017-01-07 07:00:00,24,Beijing,ARIMA,170.25,106.14335966054995,test
2017-01-06 13:00:00,2017-01-07 13:00:00,24,Beijing,ARIMA,185.916667,126.64955862341824,test
2017-01-06 19:00:00,2017-01-07 19:00:00,24,Beijing,ARIMA,210.083333,124.53792459450345,test
2017-01-07 01:00:00,2017-01-08 01:00:00,24,Beijing,ARIMA,220.416667,130.65163810277497,test
2017-01-07 07:00:00,2017-01-08 07:00:00,24,Beijing,ARIMA,192.916667,115.45209870146117,test
2017-01-07 13:00:00,2017-01-08 13:00:00,24,Beijing,ARIMA,166.916667,121.39089172799999,test
2017-01-07 19:00:00,2017-01-08 19:00:00,24,Beijing,ARIMA,110.333333,82.96889081963555,test
2017-01-08 01:00:00,2017-01-09 01:00:00,24,Beijing,ARIMA,113.0,93.17316352512583,test
2017-01-08 07:00:00,2017-01-09 07:00:00,24,Beijing,ARIMA,19.916667,52.12971622000381,test
2017-01-08 13:00:00,2017-01-09 13:00:00,24,Beijing,ARIMA,29.583333,56.073536777771174,test
2017-01-08 19:00:00,2017-01-09 19:00:00,24,Beijing,ARIMA,40.083333,60.42187265669614,test
2017-01-09 01:00:00,2017-01-10 01:00:00,24,Beijing,ARIMA,7.583333,48.81292790240515,test
2017-01-09 07:00:00,2017-01-10 07:00:00,24,Beijing,ARIMA,11.083333,48.317539444181506,test
2017-01-09 13:00:00,2017-01-10 13:00:00,24,Beijing,ARIMA,13.916667,49.74326669888179,test
2017-01-09 19:00:00,2017-01-10 19:00:00,24,Beijing,ARIMA,64.583333,68.41664354053276,test
2017-01-10 01:00:00,2017-01-11 01:00:00,24,Beijing,ARIMA,33.5,50.09215578763273,test
2017-01-10 07:00:00,2017-01-11 07:00:00,24,Beijing,ARIMA,8.083333,46.956561231542985,test
2017-01-10 13:00:00,2017-01-11 13:00:00,24,Beijing,ARIMA,7.416667,46.30511499397294,test
2017-01-10 19:00:00,2017-01-11 19:00:00,24,Beijing,ARIMA,49.833333,60.34291942236909,test
2017-01-11 01:00:00,2017-01-12 01:00:00,24,Beijing,ARIMA,64.75,67.0783612393578,test
2017-01-11 07:00:00,2017-01-12 07:00:00,24,Beijing,ARIMA,45.25,62.284724113123254,test
2017-01-11 13:00:00,2017-01-12 13:00:00,24,Beijing,ARIMA,67.583333,68.89808579287899,test
2017-01-11 19:00:00,2017-01-12 19:00:00,24,Beijing,ARIMA,75.333333,75.86773939712835,test
2017-01-12 01:00:00,2017-01-13 01:00:00,24,Beijing,ARIMA,28.0,55.45219810211476,test
2017-01-12 07:00:00,2017-01-13 07:00:00,24,Beijing,ARIMA,26.166667,51.13210052998538,test
2017-01-12 13:00:00,2017-01-13 13:00:00,24,Beijing,ARIMA,54.083333,62.8395907374254,test
2017-01-12 19:00:00,2017-01-13 19:00:00,24,Beijing,ARIMA,103.916667,82.97550676691806,test
2017-01-13 01:00:00,2017-01-14 01:00:00,24,Beijing,ARIMA,12.5,48.404928603407114,test
2017-01-13 07:00:00,2017-01-14 07:00:00,24,Beijing,ARIMA,13.583333,50.4171365107921,test
2017-01-13 13:00:00,2017-01-14 13:00:00,24,Beijing,ARIMA,13.166667,47.01275187784933,test
2017-01-13 19:00:00,2017-01-14 19:00:00,24,Beijing,ARIMA,14.583333,50.77544343645492,test
2017-01-14 01:00:00,2017-01-15 01:00:00,24,Beijing,ARIMA,17.166667,50.14015422147807,test
2017-01-14 07:00:00,2017-01-15 07:00:00,24,Beijing,ARIMA,16.25,47.08061753258684,test
2017-01-14 13:00:00,2017-01-15 13:00:00,24,Beijing,ARIMA,16.25,47.007955229678885,test
2017-01-14 19:00:00,2017-01-15 19:00:00,24,Beijing,ARIMA,38.5,57.98741559163403,test
2017-01-15 01:00:00,2017-01-16 01:00:00,24,Beijing,ARIMA,43.25,61.18456197788175,test
2017-01-15 07:00:00,2017-01-16 07:00:00,24,Beijing,ARIMA,36.333333,57.84752108306328,test
2017-01-15 13:00:00,2017-01-16 13:00:00,24,Beijing,ARIMA,52.25,64.76291130819963,test
2017-01-15 19:00:00,2017-01-16 19:00:00,24,Beijing,ARIMA,80.666667,77.3002099459347,test
2017-01-16 01:00:00,2017-01-17 01:00:00,24,Beijing,ARIMA,94.166667,82.4124654240735,test
2017-01-16 07:00:00,2017-01-17 07:00:00,24,Beijing,ARIMA,90.083333,83.69402986670951,test
2017-01-16 13:00:00,2017-01-17 13:00:00,24,Beijing,ARIMA,83.416667,72.23681333718771,test
2017-01-16 19:00:00,2017-01-17 19:00:00,24,Beijing,ARIMA,113.25,86.12863580416665,test
2017-01-17 01:00:00,2017-01-18 01:00:00,24,Beijing,ARIMA,126.333333,91.50601473550127,test
2017-01-17 07:00:00,2017-01-18 07:00:00,24,Beijing,ARIMA,121.333333,88.82355327598026,test
2017-01-17 13:00:00,2017-01-18 13:00:00,24,Beijing,ARIMA,151.25,105.82625174368667,test
2017-01-17 19:00:00,2017-01-18 19:00:00,24,Beijing,ARIMA,168.166667,112.55090072585695,test
2017-01-18 01:00:00,2017-01-19 01:00:00,24,Beijing,ARIMA,55.5,67.13491750087675,test
2017-01-18 07:00:00,2017-01-19 07:00:00,24,Beijing,ARIMA,27.25,54.554474566485695,test
2017-01-18 13:00:00,2017-01-19 13:00:00,24,Beijing,ARIMA,23.666667,52.92012410812156,test
2017-01-18 19:00:00,2017-01-19 19:00:00,24,Beijing,ARIMA,43.75,57.74793333775652,test
2017-01-19 01:00:00,2017-01-20 01:00:00,24,Beijing,ARIMA,85.416667,78.1846668360523,test
2017-01-19 07:00:00,2017-01-20 07:00:00,24,Beijing,ARIMA,101.833333,82.33859613159511,test
2017-01-19 13:00:00,2017-01-20 13:00:00,24,Beijing,ARIMA,10.666667,48.58333450451248,test
2017-01-19 19:00:00,2017-01-20 19:00:00,24,Beijing,ARIMA,9.416667,48.04485323955273,test
2017-01-20 01:00:00,2017-01-21 01:00:00,24,Beijing,ARIMA,9.583333,47.63574679603855,test
2017-01-20 07:00:00,2017-01-21 07:00:00,24,Beijing,ARIMA,7.833333,46.580473896118136,test
2017-01-20 13:00:00,2017-01-21 13:00:00,24,Beijing,ARIMA,15.916667,49.35988474946178,test
2017-01-20 19:00:00,2017-01-21 19:00:00,24,Beijing,ARIMA,38.416667,57.37910709245362,test
2017-01-21 01:00:00,2017-01-22 01:00:00,24,Beijing,ARIMA,71.583333,73.67441718670158,test
2017-01-21 07:00:00,2017-01-22 07:00:00,24,Beijing,ARIMA,20.583333,50.307429666631464,test
2017-01-21 13:00:00,2017-01-22 13:00:00,24,Beijing,ARIMA,8.333333,47.44107983344267,test
2017-01-21 19:00:00,2017-01-22 19:00:00,24,Beijing,ARIMA,9.0,48.22773294230308,test
2017-01-22 01:00:00,2017-01-23 01:00:00,24,Beijing,ARIMA,10.833333,48.924372519836425,test
2017-01-22 07:00:00,2017-01-23 07:00:00,24,Beijing,ARIMA,10.583333,47.93175067518054,test
2017-01-22 13:00:00,2017-01-23 13:00:00,24,Beijing,ARIMA,17.166667,49.51595711418228,test
2017-01-22 19:00:00,2017-01-23 19:00:00,24,Beijing,ARIMA,60.583333,68.63411774284533,test
2017-01-23 01:00:00,2017-01-24 01:00:00,24,Beijing,ARIMA,25.75,51.142840731697355,test
2017-01-23 07:00:00,2017-01-24 07:00:00,24,Beijing,ARIMA,17.666667,50.630698282792565,test
2017-01-23 13:00:00,2017-01-24 13:00:00,24,Beijing,ARIMA,22.75,51.26850256828734,test
2017-01-23 19:00:00,2017-01-24 19:00:00,24,Beijing,ARIMA,47.0,59.369652646190694,test
2017-01-24 01:00:00,2017-01-25 01:00:00,24,Beijing,ARIMA,87.5,80.50303657919913,test
2017-01-24 07:00:00,2017-01-25 07:00:00,24,Beijing,ARIMA,70.833333,73.5979469370375,test
2017-01-24 13:00:00,2017-01-25 13:00:00,24,Beijing,ARIMA,66.083333,73.79742379045113,test
2017-01-24 19:00:00,2017-01-25 19:00:00,24,Beijing,ARIMA,121.75,90.32156073589734,test
2017-01-25 01:00:00,2017-01-26 01:00:00,24,Beijing,ARIMA,151.25,106.46950278455012,test
2017-01-25 07:00:00,2017-01-26 07:00:00,24,Beijing,ARIMA,160.916667,108.64811371919382,test
2017-01-25 13:00:00,2017-01-26 13:00:00,24,Beijing,ARIMA,148.166667,102.21324070628054,test
2017-01-25 19:00:00,2017-01-26 19:00:00,24,Beijing,ARIMA,197.916667,121.83705807896824,test
2017-01-26 01:00:00,2017-01-27 01:00:00,24,Beijing,ARIMA,260.9375,145.4853887285826,test
2017-01-26 07:00:00,2017-01-27 07:00:00,24,Beijing,ARIMA,264.166667,148.02797536334538,test
2017-01-26 13:00:00,2017-01-27 13:00:00,24,Beijing,ARIMA,165.791667,115.40346895370706,test
2017-01-26 19:00:00,2017-01-27 19:00:00,24,Beijing,ARIMA,8.166667,47.735326240970885,test
2017-01-27 01:00:00,2017-01-28 01:00:00,24,Beijing,ARIMA,9.0,45.960931697711715,test
2017-01-27 07:00:00,2017-01-28 07:00:00,24,Beijing,ARIMA,10.25,47.71124618555767,test
2017-01-27 13:00:00,2017-01-28 13:00:00,24,Beijing,ARIMA,39.916667,61.00828941909739,test
2017-01-27 19:00:00,2017-01-28 19:00:00,24,Beijing,ARIMA,95.333333,75.17631716832321,test
2017-01-28 01:00:00,2017-01-29 01:00:00,24,Beijing,ARIMA,178.142857,101.16606808461812,test
2017-01-28 07:00:00,2017-01-29 07:00:00,24,Beijing,ARIMA,247.333333,139.093261059704,test
2017-01-28 13:00:00,2017-01-29 13:00:00,24,Beijing,ARIMA,228.833333,134.40764440702327,test
2017-01-28 19:00:00,2017-01-29 19:00:00,24,Beijing,ARIMA,235.583333,134.5317265458785,test
2017-01-29 01:00:00,2017-01-30 01:00:00,24,Beijing,ARIMA,238.25,142.3156143619775,test
2017-01-29 07:00:00,2017-01-30 07:00:00,24,Beijing,ARIMA,9.75,49.388614277839665,test
2017-01-29 13:00:00,2017-01-30 13:00:00,24,Beijing,ARIMA,11.583333,49.8121200463995,test
2017-01-29 19:00:00,2017-01-30 19:00:00,24,Beijing,ARIMA,10.666667,48.456735153124114,test
2017-01-30 01:00:00,2017-01-31 01:00:00,24,Beijing,ARIMA,8.333333,47.19933619571091,test
2017-01-30 07:00:00,2017-01-31 07:00:00,24,Beijing,ARIMA,8.666667,46.967881081207416,test
2017-01-30 13:00:00,2017-01-31 13:00:00,24,Beijing,ARIMA,8.083333,46.59988157393621,test
2017-01-30 19:00:00,2017-01-31 19:00:00,24,Beijing,ARIMA,59.583333,89.1972906579629,test
2017-01-31 01:00:00,2017-02-01 01:00:00,24,Beijing,ARIMA,89.333333,78.06854802516385,test
2017-01-31 07:00:00,2017-02-01 07:00:00,24,Beijing,ARIMA,93.333333,77.35235527624633,test
2017-01-31 13:00:00,2017-02-01 13:00:00,24,Beijing,ARIMA,66.333333,66.49124321063839,test
2017-01-31 19:00:00,2017-02-01 19:00:00,24,Beijing,ARIMA,78.916667,72.07834347052594,test
2017-02-01 01:00:00,2017-02-02 01:00:00,24,Beijing,ARIMA,10.25,45.76571411958071,test
2017-02-01 07:00:00,2017-02-02 07:00:00,24,Beijing,ARIMA,6.0,46.757293338888665,test
2017-02-01 13:00:00,2017-02-02 13:00:00,24,Beijing,ARIMA,11.166667,48.40014644099616,test
2017-02-01 19:00:00,2017-02-02 19:00:00,24,Beijing,ARIMA,61.25,67.2982423634566,test
2017-02-02 01:00:00,2017-02-03 01:00:00,24,Beijing,ARIMA,111.916667,91.88364321729097,test
2017-02-02 07:00:00,2017-02-03 07:00:00,24,Beijing,ARIMA,44.833333,63.0937056939781,test
2017-02-02 13:00:00,2017-02-03 13:00:00,24,Beijing,ARIMA,57.727273,70.04624339782461,test
2017-02-02 19:00:00,2017-02-03 19:00:00,24,Beijing,ARIMA,94.25,76.57999885874406,test
2017-02-03 01:00:00,2017-02-04 01:00:00,24,Beijing,ARIMA,144.583333,99.62042447020893,test
2017-02-03 07:00:00,2017-02-04 07:00:00,24,Beijing,ARIMA,80.333333,68.92719529037234,test
2017-02-03 13:00:00,2017-02-04 13:00:00,24,Beijing,ARIMA,111.083333,84.11894342502953,test
2017-02-03 19:00:00,2017-02-04 19:00:00,24,Beijing,ARIMA,231.25,134.84662534496874,test
2017-02-04 01:00:00,2017-02-05 01:00:00,24,Beijing,ARIMA,271.479167,156.01135687277502,test
2017-02-04 07:00:00,2017-02-05 07:00:00,24,Beijing,ARIMA,283.558333,156.38371361211114,test
2017-02-04 13:00:00,2017-02-05 13:00:00,24,Beijing,ARIMA,281.3,162.60164982199493,test
2017-02-04 19:00:00,2017-02-05 19:00:00,24,Beijing,ARIMA,194.204048,123.93625401303917,test
2017-02-05 01:00:00,2017-02-06 01:00:00,24,Beijing,ARIMA,17.75,50.49899805576919,test
2017-02-05 07:00:00,2017-02-06 07:00:00,24,Beijing,ARIMA,13.416667,48.178349181821275,test
2017-02-05 13:00:00,2017-02-06 13:00:00,24,Beijing,ARIMA,7.083333,46.65752512709814,test
2017-02-05 19:00:00,2017-02-06 19:00:00,24,Beijing,ARIMA,8.333333,47.002028572301235,test
2017-02-06 01:00:00,2017-02-07 01:00:00,24,Beijing,ARIMA,6.75,47.40163780089322,test
2017-02-06 07:00:00,2017-02-07 07:00:00,24,Beijing,ARIMA,6.583333,46.98358380857409,test
2017-02-06 13:00:00,2017-02-07 13:00:00,24,Beijing,ARIMA,5.166667,46.50567193788987,test
2017-02-06 19:00:00,2017-02-07 19:00:00,24,Beijing,ARIMA,21.25,52.28375152523281,test
2017-02-07 01:00:00,2017-02-08 01:00:00,24,Beijing,ARIMA,61.75,66.03195991966861,test
2017-02-07 07:00:00,2017-02-08 07:00:00,24,Beijing,ARIMA,69.666667,71.42195920561353,test
2017-02-07 13:00:00,2017-02-08 13:00:00,24,Beijing,ARIMA,57.416667,64.65274051296892,test
2017-02-07 19:00:00,2017-02-08 19:00:00,24,Beijing,ARIMA,103.25,85.3799178326749,test
2017-02-08 01:00:00,2017-02-09 01:00:00,24,Beijing,ARIMA,106.416667,85.1571949081015,test
2017-02-08 07:00:00,2017-02-09 07:00:00,24,Beijing,ARIMA,16.166667,46.23383744364441,test
2017-02-08 13:00:00,2017-02-09 13:00:00,24,Beijing,ARIMA,11.833333,47.75066662995195,test
2017-02-08 19:00:00,2017-02-09 19:00:00,24,Beijing,ARIMA,9.166667,47.77079651213447,test
2017-02-09 01:00:00,2017-02-10 01:00:00,24,Beijing,ARIMA,7.5,48.77816385126294,test
2017-02-09 07:00:00,2017-02-10 07:00:00,24,Beijing,ARIMA,6.083333,46.12339785024434,test
2017-02-09 13:00:00,2017-02-10 13:00:00,24,Beijing,ARIMA,6.833333,47.54341713599471,test
2017-02-09 19:00:00,2017-02-10 19:00:00,24,Beijing,ARIMA,6.583333,46.2870396214905,test
2017-02-10 01:00:00,2017-02-11 01:00:00,24,Beijing,ARIMA,5.416667,47.15726623434132,test
2017-02-10 07:00:00,2017-02-11 07:00:00,24,Beijing,ARIMA,4.75,46.39763453216958,test
2017-02-10 13:00:00,2017-02-11 13:00:00,24,Beijing,ARIMA,7.583333,47.36174311915294,test
2017-02-10 19:00:00,2017-02-11 19:00:00,24,Beijing,ARIMA,8.916667,46.65284358407062,test
2017-02-11 01:00:00,2017-02-12 01:00:00,24,Beijing,ARIMA,13.916667,51.657321099379146,test
2017-02-11 07:00:00,2017-02-12 07:00:00,24,Beijing,ARIMA,13.5,49.26644271607153,test
2017-02-11 13:00:00,2017-02-12 13:00:00,24,Beijing,ARIMA,12.333333,47.83236933444245,test
2017-02-11 19:00:00,2017-02-12 19:00:00,24,Beijing,ARIMA,58.833333,61.271555206300405,test
2017-02-12 01:00:00,2017-02-13 01:00:00,24,Beijing,ARIMA,161.583333,110.32615022838444,test
2017-02-12 07:00:00,2017-02-13 07:00:00,24,Beijing,ARIMA,49.833333,58.96759359369463,test
2017-02-12 13:00:00,2017-02-13 13:00:00,24,Beijing,ARIMA,98.5,82.6172061818675,test
2017-02-12 19:00:00,2017-02-13 19:00:00,24,Beijing,ARIMA,112.333333,90.09008990294448,test
2017-02-13 01:00:00,2017-02-14 01:00:00,24,Beijing,ARIMA,137.75,99.79326571027086,test
2017-02-13 07:00:00,2017-02-14 07:00:00,24,Beijing,ARIMA,93.25,83.07415780938857,test
2017-02-13 13:00:00,2017-02-14 13:00:00,24,Beijing,ARIMA,16.5,47.634992390585175,test
2017-02-13 19:00:00,2017-02-14 19:00:00,24,Beijing,ARIMA,43.083333,55.53542945317593,test
2017-02-14 01:00:00,2017-02-15 01:00:00,24,Beijing,ARIMA,136.416667,99.28757561630333,test
2017-02-14 07:00:00,2017-02-15 07:00:00,24,Beijing,ARIMA,137.25,95.22230119354,test
2017-02-14 13:00:00,2017-02-15 13:00:00,24,Beijing,ARIMA,177.583333,121.06983774548924,test
2017-02-14 19:00:00,2017-02-15 19:00:00,24,Beijing,ARIMA,215.833333,125.29305365088109,test
2017-02-15 01:00:00,2017-02-16 01:00:00,24,Beijing,ARIMA,243.083333,142.92840633489902,test
2017-02-15 07:00:00,2017-02-16 07:00:00,24,Beijing,ARIMA,226.083333,135.51262359121384,test
2017-02-15 13:00:00,2017-02-16 13:00:00,24,Beijing,ARIMA,208.0,146.01676480606142,test
2017-02-15 19:00:00,2017-02-16 19:00:00,24,Beijing,ARIMA,256.75,145.94099141488977,test
2017-02-16 01:00:00,2017-02-17 01:00:00,24,Beijing,ARIMA,261.916667,147.09479843946113,test
2017-02-16 07:00:00,2017-02-17 07:00:00,24,Beijing,ARIMA,232.833333,137.87256981142835,test
2017-02-16 13:00:00,2017-02-17 13:00:00,24,Beijing,ARIMA,13.5,45.72058259995057,test
2017-02-16 19:00:00,2017-02-17 19:00:00,24,Beijing,ARIMA,10.75,47.889596192163864,test
2017-02-17 01:00:00,2017-02-18 01:00:00,24,Beijing,ARIMA,6.5,46.76271694949782,test
2017-02-17 07:00:00,2017-02-18 07:00:00,24,Beijing,ARIMA,9.333333,47.692894275271186,test
2017-02-17 13:00:00,2017-02-18 13:00:00,24,Beijing,ARIMA,6.166667,47.32719987750827,test
2017-02-17 19:00:00,2017-02-18 19:00:00,24,Beijing,ARIMA,57.25,66.02096093866628,test
2017-02-18 01:00:00,2017-02-19 01:00:00,24,Beijing,ARIMA,66.166667,69.70451947530914,test
2017-02-18 07:00:00,2017-02-19 07:00:00,24,Beijing,ARIMA,65.333333,70.05820566230888,test
2017-02-18 13:00:00,2017-02-19 13:00:00,24,Beijing,ARIMA,83.583333,80.27086633464465,test
2017-02-18 19:00:00,2017-02-19 19:00:00,24,Beijing,ARIMA,95.25,73.79056604134404,test
2017-02-19 01:00:00,2017-02-20 01:00:00,24,Beijing,ARIMA,133.0,97.84340283095068,test
2017-02-19 07:00:00,2017-02-20 07:00:00,24,Beijing,ARIMA,152.583333,104.19919939689363,test
2017-02-19 13:00:00,2017-02-20 13:00:00,24,Beijing,ARIMA,165.916667,111.12485019730663,test
2017-02-19 19:00:00,2017-02-20 19:00:00,24,Beijing,ARIMA,8.666667,47.31270727400569,test
2017-02-20 01:00:00,2017-02-21 01:00:00,24,Beijing,ARIMA,4.833333,46.783114468650474,test
2017-02-20 07:00:00,2017-02-21 07:00:00,24,Beijing,ARIMA,4.75,46.31166142740554,test
2017-02-20 13:00:00,2017-02-21 13:00:00,24,Beijing,ARIMA,9.0,48.67978162978904,test
2017-02-20 19:00:00,2017-02-21 19:00:00,24,Beijing,ARIMA,17.5,51.60295666725777,test
2017-02-21 01:00:00,2017-02-22 01:00:00,24,Beijing,ARIMA,44.805556,61.93665483726845,test
2017-02-21 07:00:00,2017-02-22 07:00:00,24,Beijing,ARIMA,73.472222,77.29598541850203,test
2017-02-21 13:00:00,2017-02-22 13:00:00,24,Beijing,ARIMA,66.916667,76.40996984742353,test
2017-02-21 19:00:00,2017-02-22 19:00:00,24,Beijing,ARIMA,52.416667,62.137888937660215,test
2017-02-22 01:00:00,2017-02-23 01:00:00,24,Beijing,ARIMA,76.25,72.66770637016535,test
2017-02-22 07:00:00,2017-02-23 07:00:00,24,Beijing,ARIMA,94.833333,81.11690311403214,test
2017-02-22 13:00:00,2017-02-23 13:00:00,24,Beijing,ARIMA,138.090909,91.88424971453571,test
2017-02-22 19:00:00,2017-02-23 19:00:00,24,Beijing,ARIMA,9.333333,36.69774478824269,test
2017-02-23 01:00:00,2017-02-24 01:00:00,24,Beijing,ARIMA,11.666667,48.713639907212425,test
2017-02-23 07:00:00,2017-02-24 07:00:00,24,Beijing,ARIMA,11.25,49.145694476569844,test
2017-02-23 13:00:00,2017-02-24 13:00:00,24,Beijing,ARIMA,10.75,48.05505846472913,test
2017-02-23 19:00:00,2017-02-24 19:00:00,24,Beijing,ARIMA,21.416667,51.9307675724492,test
2017-02-24 01:00:00,2017-02-25 01:00:00,24,Beijing,ARIMA,49.333333,64.72473220200519,test
2017-02-24 07:00:00,2017-02-25 07:00:00,24,Beijing,ARIMA,26.583333,53.50896984093986,test
2017-02-24 13:00:00,2017-02-25 13:00:00,24,Beijing,ARIMA,14.416667,50.481620168386726,test
2017-02-24 19:00:00,2017-02-25 19:00:00,24,Beijing,ARIMA,15.75,49.49574892183625,test
2017-02-25 01:00:00,2017-02-26 01:00:00,24,Beijing,ARIMA,10.416667,49.071026264143825,test
2017-02-25 07:00:00,2017-02-26 07:00:00,24,Beijing,ARIMA,8.5,46.16979066931237,test
2017-02-25 13:00:00,2017-02-26 13:00:00,24,Beijing,ARIMA,10.5,47.231408207138124,test
2017-02-25 19:00:00,2017-02-26 19:00:00,24,Beijing,ARIMA,13.666667,48.893993660874884,test
2017-02-26 01:00:00,2017-02-27 01:00:00,24,Beijing,ARIMA,19.75,52.23088806663147,test
2017-02-26 07:00:00,2017-02-27 07:00:00,24,Beijing,ARIMA,21.583333,52.94621022142408,test
2017-02-26 13:00:00,2017-02-27 13:00:00,24,Beijing,ARIMA,22.583333,51.97942585340922,test
2017-02-26 19:00:00,2017-02-27 19:00:00,24,Beijing,ARIMA,35.75,56.9636152464883,test
2017-02-27 01:00:00,2017-02-28 01:00:00,24,Beijing,ARIMA,53.875,66.32938989558856,test
2017-02-27 07:00:00,2017-02-28 07:00:00,24,Beijing,ARIMA,68.25,71.29352704461948,test
2017-02-27 13:00:00,2017-02-28 13:00:00,24,Beijing,ARIMA,93.444444,84.36316003296795,test
2017-02-27 19:00:00,2017-02-28 19:00:00,24,Beijing,ARIMA,56.181818,63.6998612231657,test
