forecast_origin_time,target_time,horizon_hours,city,model,y_true,y_pred,split
2016-05-16 17:00:00,2016-05-17 05:00:00,12,Beijing,LSTM,34.75,53.34441,test
2016-05-16 18:00:00,2016-05-17 06:00:00,12,Beijing,LSTM,35.166668,55.10277,test
2016-05-16 19:00:00,2016-05-17 07:00:00,12,Beijing,LSTM,40.25,57.40475,test
2016-05-16 20:00:00,2016-05-17 08:00:00,12,Beijing,LSTM,51.833332,59.161507,test
2016-05-16 21:00:00,2016-05-17 09:00:00,12,Beijing,LSTM,57.5,58.930298,test
2016-05-16 22:00:00,2016-05-17 10:00:00,12,Beijing,LSTM,63.75,59.67132,test
2016-05-16 23:00:00,2016-05-17 11:00:00,12,Beijing,LSTM,70.583336,60.837154,test
2016-05-17 00:00:00,2016-05-17 12:00:00,12,Beijing,LSTM,82.75,57.445576,test
2016-05-17 01:00:00,2016-05-17 13:00:00,12,Beijing,LSTM,89.916664,54.46349,test
2016-05-17 02:00:00,2016-05-17 14:00:00,12,Beijing,LSTM,86.833336,50.5839,test
2016-05-17 03:00:00,2016-05-17 15:00:00,12,Beijing,LSTM,82.083336,47.50801,test
2016-05-17 04:00:00,2016-05-17 16:00:00,12,Beijing,LSTM,66.583336,44.638596,test
2016-05-17 05:00:00,2016-05-17 17:00:00,12,Beijing,LSTM,58.083332,43.387188,test
2016-05-17 06:00:00,2016-05-17 18:00:00,12,Beijing,LSTM,58.0,45.52764,test
2016-05-17 07:00:00,2016-05-17 19:00:00,12,Beijing,LSTM,68.083336,48.389683,test
2016-05-17 08:00:00,2016-05-17 20:00:00,12,Beijing,LSTM,64.75,52.773167,test
2016-05-17 09:00:00,2016-05-17 21:00:00,12,Beijing,LSTM,60.833332,56.475155,test
2016-05-17 10:00:00,2016-05-17 22:00:00,12,Beijing,LSTM,53.583332,59.9064,test
2016-05-17 11:00:00,2016-05-17 23:00:00,12,Beijing,LSTM,48.916668,62.269283,test
2016-05-17 12:00:00,2016-05-18 00:00:00,12,Beijing,LSTM,45.75,62.5189,test
2016-05-17 13:00:00,2016-05-18 01:00:00,12,Beijing,LSTM,45.833332,62.097298,test
2016-05-17 14:00:00,2016-05-18 02:00:00,12,Beijing,LSTM,49.083332,59.557323,test
2016-05-17 15:00:00,2016-05-18 03:00:00,12,Beijing,LSTM,50.333332,58.21389,test
2016-05-17 16:00:00,2016-05-18 04:00:00,12,Beijing,LSTM,50.75,57.047794,test
2016-05-17 17:00:00,2016-05-18 05:00:00,12,Beijing,LSTM,55.0,62.561584,test
2016-05-17 18:00:00,2016-05-18 06:00:00,12,Beijing,LSTM,56.333332,71.43013,test
2016-05-17 19:00:00,2016-05-18 07:00:00,12,Beijing,LSTM,62.666668,80.943756,test
2016-05-17 20:00:00,2016-05-18 08:00:00,12,Beijing,LSTM,71.833336,89.25293,test
2016-05-17 21:00:00,2016-05-18 09:00:00,12,Beijing,LSTM,75.083336,93.61462,test
2016-05-17 22:00:00,2016-05-18 10:00:00,12,Beijing,LSTM,78.75,95.59117,test
2016-05-17 23:00:00,2016-05-18 11:00:00,12,Beijing,LSTM,82.083336,93.615845,test
2016-05-18 00:00:00,2016-05-18 12:00:00,12,Beijing,LSTM,73.0,96.589584,test
2016-05-18 01:00:00,2016-05-18 13:00:00,12,Beijing,LSTM,58.416668,98.039856,test
2016-05-18 02:00:00,2016-05-18 14:00:00,12,Beijing,LSTM,51.083332,97.52008,test
2016-05-18 03:00:00,2016-05-18 15:00:00,12,Beijing,LSTM,49.583332,99.2819,test
2016-05-18 04:00:00,2016-05-18 16:00:00,12,Beijing,LSTM,49.083332,99.55665,test
2016-05-18 05:00:00,2016-05-18 17:00:00,12,Beijing,LSTM,47.75,99.18599,test
2016-05-18 06:00:00,2016-05-18 18:00:00,12,Beijing,LSTM,51.0,97.4057,test
2016-05-18 07:00:00,2016-05-18 19:00:00,12,Beijing,LSTM,54.416668,99.40226,test
2016-05-18 08:00:00,2016-05-18 20:00:00,12,Beijing,LSTM,56.416668,100.861755,test
2016-05-18 09:00:00,2016-05-18 21:00:00,12,Beijing,LSTM,61.666668,101.65263,test
2016-05-18 10:00:00,2016-05-18 22:00:00,12,Beijing,LSTM,66.75,101.97776,test
2016-05-18 11:00:00,2016-05-18 23:00:00,12,Beijing,LSTM,72.583336,101.79876,test
2016-05-18 12:00:00,2016-05-19 00:00:00,12,Beijing,LSTM,78.083336,99.0423,test
2016-05-18 13:00:00,2016-05-19 01:00:00,12,Beijing,LSTM,78.5,97.33979,test
2016-05-18 14:00:00,2016-05-19 02:00:00,12,Beijing,LSTM,82.5,100.74141,test
2016-05-18 15:00:00,2016-05-19 03:00:00,12,Beijing,LSTM,82.666664,101.57527,test
2016-05-18 16:00:00,2016-05-19 04:00:00,12,Beijing,LSTM,87.083336,101.76957,test
2016-05-18 17:00:00,2016-05-19 05:00:00,12,Beijing,LSTM,90.583336,101.97365,test
2016-05-18 18:00:00,2016-05-19 06:00:00,12,Beijing,LSTM,97.916664,102.02695,test
2016-05-18 19:00:00,2016-05-19 07:00:00,12,Beijing,LSTM,104.833336,102.13771,test
2016-05-18 20:00:00,2016-05-19 08:00:00,12,Beijing,LSTM,115.416664,102.15896,test
2016-05-18 21:00:00,2016-05-19 09:00:00,12,Beijing,LSTM,116.5,102.08771,test
2016-05-18 22:00:00,2016-05-19 10:00:00,12,Beijing,LSTM,113.833336,102.05388,test
2016-05-18 23:00:00,2016-05-19 11:00:00,12,Beijing,LSTM,108.416664,101.837494,test
2016-05-19 00:00:00,2016-05-19 12:00:00,12,Beijing,LSTM,94.0,102.00789,test
2016-05-19 01:00:00,2016-05-19 13:00:00,12,Beijing,LSTM,84.111115,102.11137,test
2016-05-19 02:00:00,2016-05-19 14:00:00,12,Beijing,LSTM,76.638885,102.210045,test
2016-05-19 03:00:00,2016-05-19 15:00:00,12,Beijing,LSTM,68.833336,102.21601,test
2016-05-19 04:00:00,2016-05-19 16:00:00,12,Beijing,LSTM,64.666664,102.19079,test
2016-05-19 05:00:00,2016-05-19 17:00:00,12,Beijing,LSTM,60.416668,101.792015,test
2016-05-19 06:00:00,2016-05-19 18:00:00,12,Beijing,LSTM,59.166668,101.76825,test
2016-05-19 07:00:00,2016-05-19 19:00:00,12,Beijing,LSTM,61.083332,101.817055,test
2016-05-19 08:00:00,2016-05-19 20:00:00,12,Beijing,LSTM,67.75,101.984375,test
2016-05-19 09:00:00,2016-05-19 21:00:00,12,Beijing,LSTM,71.583336,101.78762,test
2016-05-19 10:00:00,2016-05-19 22:00:00,12,Beijing,LSTM,82.166664,98.53424,test
2016-05-19 11:00:00,2016-05-19 23:00:00,12,Beijing,LSTM,86.083336,65.01114,test
2016-05-19 12:00:00,2016-05-20 00:00:00,12,Beijing,LSTM,82.333336,56.1648,test
2016-05-19 13:00:00,2016-05-20 01:00:00,12,Beijing,LSTM,79.583336,76.032135,test
2016-05-19 14:00:00,2016-05-20 02:00:00,12,Beijing,LSTM,83.666664,88.19594,test
2016-05-19 15:00:00,2016-05-20 03:00:00,12,Beijing,LSTM,99.75,94.63304,test
2016-05-19 16:00:00,2016-05-20 04:00:00,12,Beijing,LSTM,103.416664,98.08797,test
2016-05-19 17:00:00,2016-05-20 05:00:00,12,Beijing,LSTM,99.916664,99.7068,test
2016-05-19 18:00:00,2016-05-20 06:00:00,12,Beijing,LSTM,105.5,100.77939,test
2016-05-19 19:00:00,2016-05-20 07:00:00,12,Beijing,LSTM,107.083336,101.42154,test
2016-05-19 20:00:00,2016-05-20 08:00:00,12,Beijing,LSTM,114.416664,101.85647,test
2016-05-19 21:00:00,2016-05-20 09:00:00,12,Beijing,LSTM,113.75,101.96691,test
2016-05-19 22:00:00,2016-05-20 10:00:00,12,Beijing,LSTM,111.75,102.14011,test
2016-05-19 23:00:00,2016-05-20 11:00:00,12,Beijing,LSTM,109.083336,102.15718,test
2016-05-20 00:00:00,2016-05-20 12:00:00,12,Beijing,LSTM,105.166664,102.20006,test
2016-05-20 01:00:00,2016-05-20 13:00:00,12,Beijing,LSTM,98.416664,102.18252,test
2016-05-20 02:00:00,2016-05-20 14:00:00,12,Beijing,LSTM,90.583336,102.21099,test
2016-05-20 03:00:00,2016-05-20 15:00:00,12,Beijing,LSTM,89.916664,102.244705,test
2016-05-20 04:00:00,2016-05-20 16:00:00,12,Beijing,LSTM,81.416664,102.24109,test
2016-05-20 05:00:00,2016-05-20 17:00:00,12,Beijing,LSTM,72.5,102.20972,test
2016-05-20 06:00:00,2016-05-20 18:00:00,12,Beijing,LSTM,60.083332,102.20389,test
2016-05-20 07:00:00,2016-05-20 19:00:00,12,Beijing,LSTM,50.0,101.97835,test
2016-05-20 08:00:00,2016-05-20 20:00:00,12,Beijing,LSTM,48.0625,101.52985,test
2016-05-20 09:00:00,2016-05-20 21:00:00,12,Beijing,LSTM,57.875,95.39574,test
2016-05-20 10:00:00,2016-05-20 22:00:00,12,Beijing,LSTM,69.1875,96.99521,test
2016-05-20 11:00:00,2016-05-20 23:00:00,12,Beijing,LSTM,74.25,96.66637,test
2016-05-20 12:00:00,2016-05-21 00:00:00,12,Beijing,LSTM,74.333336,99.44593,test
2016-05-20 13:00:00,2016-05-21 01:00:00,12,Beijing,LSTM,73.5,99.69118,test
2016-05-20 14:00:00,2016-05-21 02:00:00,12,Beijing,LSTM,77.166664,100.96416,test
2016-05-20 15:00:00,2016-05-21 03:00:00,12,Beijing,LSTM,76.0,101.35133,test
2016-05-20 16:00:00,2016-05-21 04:00:00,12,Beijing,LSTM,77.5,101.24724,test
2016-05-20 17:00:00,2016-05-21 05:00:00,12,Beijing,LSTM,81.916664,101.133,test
2016-05-20 18:00:00,2016-05-21 06:00:00,12,Beijing,LSTM,88.333336,101.36528,test
2016-05-20 19:00:00,2016-05-21 07:00:00,12,Beijing,LSTM,91.0,100.64572,test
2016-05-20 20:00:00,2016-05-21 08:00:00,12,Beijing,LSTM,90.0,101.368835,test
2016-05-20 21:00:00,2016-05-21 09:00:00,12,Beijing,LSTM,83.416664,101.51413,test
2016-05-20 22:00:00,2016-05-21 10:00:00,12,Beijing,LSTM,82.083336,101.83405,test
2016-05-20 23:00:00,2016-05-21 11:00:00,12,Beijing,LSTM,79.5,101.722046,test
2016-05-21 00:00:00,2016-05-21 12:00:00,12,Beijing,LSTM,79.25,101.95628,test
2016-05-21 01:00:00,2016-05-21 13:00:00,12,Beijing,LSTM,80.166664,101.64013,test
2016-05-21 02:00:00,2016-05-21 14:00:00,12,Beijing,LSTM,79.666664,101.87846,test
2016-05-21 03:00:00,2016-05-21 15:00:00,12,Beijing,LSTM,69.0,101.8618,test
2016-05-21 04:00:00,2016-05-21 16:00:00,12,Beijing,LSTM,64.416664,101.34463,test
2016-05-21 05:00:00,2016-05-21 17:00:00,12,Beijing,LSTM,50.333332,101.54463,test
2016-05-21 06:00:00,2016-05-21 18:00:00,12,Beijing,LSTM,38.5,101.975555,test
2016-05-21 07:00:00,2016-05-21 19:00:00,12,Beijing,LSTM,33.083332,102.07648,test
2016-05-21 08:00:00,2016-05-21 20:00:00,12,Beijing,LSTM,37.083332,101.76444,test
2016-05-21 09:00:00,2016-05-21 21:00:00,12,Beijing,LSTM,46.75,101.73971,test
2016-05-21 10:00:00,2016-05-21 22:00:00,12,Beijing,LSTM,47.75,101.93168,test
2016-05-21 11:00:00,2016-05-21 23:00:00,12,Beijing,LSTM,44.083332,101.763336,test
2016-05-21 12:00:00,2016-05-22 00:00:00,12,Beijing,LSTM,45.0,101.907425,test
2016-05-21 13:00:00,2016-05-22 01:00:00,12,Beijing,LSTM,49.25,101.59495,test
2016-05-21 14:00:00,2016-05-22 02:00:00,12,Beijing,LSTM,49.5,95.71567,test
2016-05-21 15:00:00,2016-05-22 03:00:00,12,Beijing,LSTM,50.416668,98.26634,test
2016-05-21 16:00:00,2016-05-22 04:00:00,12,Beijing,LSTM,53.208332,92.25463,test
2016-05-21 17:00:00,2016-05-22 05:00:00,12,Beijing,LSTM,55.666668,87.27211,test
2016-05-21 18:00:00,2016-05-22 06:00:00,12,Beijing,LSTM,51.166668,64.110634,test
2016-05-21 19:00:00,2016-05-22 07:00:00,12,Beijing,LSTM,46.583332,61.654778,test
2016-05-21 20:00:00,2016-05-22 08:00:00,12,Beijing,LSTM,46.083332,61.97724,test
2016-05-21 21:00:00,2016-05-22 09:00:00,12,Beijing,LSTM,48.5,62.53869,test
2016-05-21 22:00:00,2016-05-22 10:00:00,12,Beijing,LSTM,42.916668,62.481865,test
2016-05-21 23:00:00,2016-05-22 11:00:00,12,Beijing,LSTM,42.416668,61.663097,test
2016-05-22 00:00:00,2016-05-22 12:00:00,12,Beijing,LSTM,41.583332,62.647247,test
2016-05-22 01:00:00,2016-05-22 13:00:00,12,Beijing,LSTM,44.25,65.33397,test
2016-05-22 02:00:00,2016-05-22 14:00:00,12,Beijing,LSTM,42.666668,66.93599,test
2016-05-22 03:00:00,2016-05-22 15:00:00,12,Beijing,LSTM,43.333332,68.64641,test
2016-05-22 04:00:00,2016-05-22 16:00:00,12,Beijing,LSTM,44.583332,70.988495,test
2016-05-22 05:00:00,2016-05-22 17:00:00,12,Beijing,LSTM,44.75,75.35956,test
2016-05-22 06:00:00,2016-05-22 18:00:00,12,Beijing,LSTM,44.75,81.644485,test
2016-05-22 07:00:00,2016-05-22 19:00:00,12,Beijing,LSTM,41.166668,89.44664,test
2016-05-22 08:00:00,2016-05-22 20:00:00,12,Beijing,LSTM,40.083332,95.652374,test
2016-05-22 09:00:00,2016-05-22 21:00:00,12,Beijing,LSTM,47.583332,98.926025,test
2016-05-22 10:00:00,2016-05-22 22:00:00,12,Beijing,LSTM,52.833332,99.92952,test
2016-05-22 11:00:00,2016-05-22 23:00:00,12,Beijing,LSTM,60.166668,100.47088,test
2016-05-22 12:00:00,2016-05-23 00:00:00,12,Beijing,LSTM,62.333332,100.60289,test
2016-05-22 13:00:00,2016-05-23 01:00:00,12,Beijing,LSTM,57.25,99.90562,test
2016-05-22 14:00:00,2016-05-23 02:00:00,12,Beijing,LSTM,55.583332,98.20176,test
2016-05-22 15:00:00,2016-05-23 03:00:00,12,Beijing,LSTM,60.583332,92.06796,test
2016-05-22 16:00:00,2016-05-23 04:00:00,12,Beijing,LSTM,67.833336,90.7599,test
2016-05-22 17:00:00,2016-05-23 05:00:00,12,Beijing,LSTM,71.833336,87.4944,test
2016-05-22 18:00:00,2016-05-23 06:00:00,12,Beijing,LSTM,75.333336,83.4028,test
2016-05-22 19:00:00,2016-05-23 07:00:00,12,Beijing,LSTM,80.666664,80.851204,test
2016-05-22 20:00:00,2016-05-23 08:00:00,12,Beijing,LSTM,84.166664,78.73575,test
2016-05-22 21:00:00,2016-05-23 09:00:00,12,Beijing,LSTM,88.458336,76.06383,test
2016-05-22 22:00:00,2016-05-23 10:00:00,12,Beijing,LSTM,86.166664,74.36595,test
2016-05-22 23:00:00,2016-05-23 11:00:00,12,Beijing,LSTM,86.25,73.53081,test
2016-05-23 00:00:00,2016-05-23 12:00:00,12,Beijing,LSTM,88.75,71.79663,test
2016-05-23 01:00:00,2016-05-23 13:00:00,12,Beijing,LSTM,97.833336,70.31581,test
2016-05-23 02:00:00,2016-05-23 14:00:00,12,Beijing,LSTM,90.0,67.70189,test
2016-05-23 03:00:00,2016-05-23 15:00:00,12,Beijing,LSTM,79.333336,64.34752,test
2016-05-23 04:00:00,2016-05-23 16:00:00,12,Beijing,LSTM,68.0,61.238575,test
2016-05-23 05:00:00,2016-05-23 17:00:00,12,Beijing,LSTM,61.666668,58.584896,test
2016-05-23 06:00:00,2016-05-23 18:00:00,12,Beijing,LSTM,56.75,58.569992,test
2016-05-23 07:00:00,2016-05-23 19:00:00,12,Beijing,LSTM,41.25,61.637596,test
2016-05-23 08:00:00,2016-05-23 20:00:00,12,Beijing,LSTM,14.833333,65.6839,test
2016-05-23 09:00:00,2016-05-23 21:00:00,12,Beijing,LSTM,7.25,69.115005,test
2016-05-23 10:00:00,2016-05-23 22:00:00,12,Beijing,LSTM,6.666667,71.90659,test
2016-05-23 11:00:00,2016-05-23 23:00:00,12,Beijing,LSTM,6.416667,72.35667,test
2016-05-23 12:00:00,2016-05-24 00:00:00,12,Beijing,LSTM,6.75,73.30733,test
2016-05-23 13:00:00,2016-05-24 01:00:00,12,Beijing,LSTM,9.583333,73.50224,test
2016-05-23 14:00:00,2016-05-24 02:00:00,12,Beijing,LSTM,11.0,71.602295,test
2016-05-23 15:00:00,2016-05-24 03:00:00,12,Beijing,LSTM,8.25,40.040073,test
2016-05-23 16:00:00,2016-05-24 04:00:00,12,Beijing,LSTM,14.416667,40.98854,test
2016-05-23 17:00:00,2016-05-24 05:00:00,12,Beijing,LSTM,22.0,43.442112,test
2016-05-23 18:00:00,2016-05-24 06:00:00,12,Beijing,LSTM,31.833332,43.282528,test
2016-05-23 19:00:00,2016-05-24 07:00:00,12,Beijing,LSTM,38.25,28.246273,test
2016-05-23 20:00:00,2016-05-24 08:00:00,12,Beijing,LSTM,36.5,26.680183,test
2016-05-23 21:00:00,2016-05-24 09:00:00,12,Beijing,LSTM,29.875,20.187618,test
2016-05-23 22:00:00,2016-05-24 10:00:00,12,Beijing,LSTM,20.5,21.219614,test
2016-05-23 23:00:00,2016-05-24 11:00:00,12,Beijing,LSTM,17.770832,21.948341,test
2016-05-24 00:00:00,2016-05-24 12:00:00,12,Beijing,LSTM,16.375,22.29227,test
2016-05-24 01:00:00,2016-05-24 13:00:00,12,Beijing,LSTM,16.479168,23.752596,test
2016-05-24 02:00:00,2016-05-24 14:00:00,12,Beijing,LSTM,13.416667,26.18266,test
2016-05-24 03:00:00,2016-05-24 15:00:00,12,Beijing,LSTM,12.333333,28.819645,test
2016-05-24 04:00:00,2016-05-24 16:00:00,12,Beijing,LSTM,11.583333,32.62734,test
2016-05-24 05:00:00,2016-05-24 17:00:00,12,Beijing,LSTM,13.833333,36.841587,test
2016-05-24 06:00:00,2016-05-24 18:00:00,12,Beijing,LSTM,19.0,41.097126,test
2016-05-24 07:00:00,2016-05-24 19:00:00,12,Beijing,LSTM,24.0,44.314915,test
2016-05-24 08:00:00,2016-05-24 20:00:00,12,Beijing,LSTM,22.666668,47.82004,test
2016-05-24 09:00:00,2016-05-24 21:00:00,12,Beijing,LSTM,22.375,49.946133,test
2016-05-24 10:00:00,2016-05-24 22:00:00,12,Beijing,LSTM,13.916667,39.26196,test
2016-05-24 11:00:00,2016-05-24 23:00:00,12,Beijing,LSTM,7.583333,37.294384,test
2016-05-24 12:00:00,2016-05-25 00:00:00,12,Beijing,LSTM,5.833333,32.825104,test
2016-05-24 13:00:00,2016-05-25 01:00:00,12,Beijing,LSTM,8.416667,31.449738,test
2016-05-24 14:00:00,2016-05-25 02:00:00,12,Beijing,LSTM,5.5,30.459606,test
2016-05-24 15:00:00,2016-05-25 03:00:00,12,Beijing,LSTM,7.083333,29.535471,test
2016-05-24 16:00:00,2016-05-25 04:00:00,12,Beijing,LSTM,8.916667,28.659248,test
2016-05-24 17:00:00,2016-05-25 05:00:00,12,Beijing,LSTM,10.75,27.990639,test
2016-05-24 18:00:00,2016-05-25 06:00:00,12,Beijing,LSTM,8.333333,32.278473,test
2016-05-24 19:00:00,2016-05-25 07:00:00,12,Beijing,LSTM,8.083333,37.29871,test
2016-05-24 20:00:00,2016-05-25 08:00:00,12,Beijing,LSTM,11.375,34.793224,test
2016-05-24 21:00:00,2016-05-25 09:00:00,12,Beijing,LSTM,9.25,23.573528,test
2016-05-24 22:00:00,2016-05-25 10:00:00,12,Beijing,LSTM,10.166667,20.18884,test
2016-05-24 23:00:00,2016-05-25 11:00:00,12,Beijing,LSTM,12.583333,19.176361,test
2016-05-25 00:00:00,2016-05-25 12:00:00,12,Beijing,LSTM,10.5,22.550884,test
2016-05-25 01:00:00,2016-05-25 13:00:00,12,Beijing,LSTM,10.333333,24.51684,test
2016-05-25 02:00:00,2016-05-25 14:00:00,12,Beijing,LSTM,11.583333,23.205448,test
2016-05-25 03:00:00,2016-05-25 15:00:00,12,Beijing,LSTM,13.416667,23.492357,test
2016-05-25 04:00:00,2016-05-25 16:00:00,12,Beijing,LSTM,12.0,21.284405,test
2016-05-25 05:00:00,2016-05-25 17:00:00,12,Beijing,LSTM,14.25,23.318785,test
2016-05-25 06:00:00,2016-05-25 18:00:00,12,Beijing,LSTM,15.75,18.147354,test
2016-05-25 07:00:00,2016-05-25 19:00:00,12,Beijing,LSTM,14.833333,20.607752,test
2016-05-25 08:00:00,2016-05-25 20:00:00,12,Beijing,LSTM,16.25,22.950754,test
2016-05-25 09:00:00,2016-05-25 21:00:00,12,Beijing,LSTM,16.666668,22.33672,test
2016-05-25 10:00:00,2016-05-25 22:00:00,12,Beijing,LSTM,18.75,23.769802,test
2016-05-25 11:00:00,2016-05-25 23:00:00,12,Beijing,LSTM,22.5,23.749279,test
2016-05-25 12:00:00,2016-05-26 00:00:00,12,Beijing,LSTM,20.833332,23.473167,test
2016-05-25 13:00:00,2016-05-26 01:00:00,12,Beijing,LSTM,23.5,23.620832,test
2016-05-25 14:00:00,2016-05-26 02:00:00,12,Beijing,LSTM,23.25,23.891335,test
2016-05-25 15:00:00,2016-05-26 03:00:00,12,Beijing,LSTM,28.333332,24.389011,test
2016-05-25 16:00:00,2016-05-26 04:00:00,12,Beijing,LSTM,40.625,24.824242,test
2016-05-25 17:00:00,2016-05-26 05:00:00,12,Beijing,LSTM,41.5,25.864292,test
2016-05-25 18:00:00,2016-05-26 06:00:00,12,Beijing,LSTM,37.916668,25.54316,test
2016-05-25 19:00:00,2016-05-26 07:00:00,12,Beijing,LSTM,32.75,25.27192,test
2016-05-25 20:00:00,2016-05-26 08:00:00,12,Beijing,LSTM,27.25,26.214518,test
2016-05-25 21:00:00,2016-05-26 09:00:00,12,Beijing,LSTM,19.166668,27.629534,test
2016-05-25 22:00:00,2016-05-26 10:00:00,12,Beijing,LSTM,15.166667,28.75453,test
2016-05-25 23:00:00,2016-05-26 11:00:00,12,Beijing,LSTM,12.916667,30.441442,test
2016-05-26 00:00:00,2016-05-26 12:00:00,12,Beijing,LSTM,13.333333,30.616,test
2016-05-26 01:00:00,2016-05-26 13:00:00,12,Beijing,LSTM,12.166667,30.336494,test
2016-05-26 02:00:00,2016-05-26 14:00:00,12,Beijing,LSTM,11.666667,31.575384,test
2016-05-26 03:00:00,2016-05-26 15:00:00,12,Beijing,LSTM,11.083333,34.193798,test
2016-05-26 04:00:00,2016-05-26 16:00:00,12,Beijing,LSTM,13.166667,36.341404,test
2016-05-26 05:00:00,2016-05-26 17:00:00,12,Beijing,LSTM,12.583333,38.23401,test
2016-05-26 06:00:00,2016-05-26 18:00:00,12,Beijing,LSTM,14.416667,39.36273,test
2016-05-26 07:00:00,2016-05-26 19:00:00,12,Beijing,LSTM,16.166668,41.55138,test
2016-05-26 08:00:00,2016-05-26 20:00:00,12,Beijing,LSTM,21.833332,31.875105,test
2016-05-26 09:00:00,2016-05-26 21:00:00,12,Beijing,LSTM,23.25,31.823996,test
2016-05-26 10:00:00,2016-05-26 22:00:00,12,Beijing,LSTM,24.083332,32.897713,test
2016-05-26 11:00:00,2016-05-26 23:00:00,12,Beijing,LSTM,26.0,32.4387,test
2016-05-26 12:00:00,2016-05-27 00:00:00,12,Beijing,LSTM,25.333332,32.779766,test
2016-05-26 13:00:00,2016-05-27 01:00:00,12,Beijing,LSTM,25.666668,32.296196,test
2016-05-26 14:00:00,2016-05-27 02:00:00,12,Beijing,LSTM,25.5,32.738503,test
2016-05-26 15:00:00,2016-05-27 03:00:00,12,Beijing,LSTM,26.083332,30.972221,test
2016-05-26 16:00:00,2016-05-27 04:00:00,12,Beijing,LSTM,30.0,31.545628,test
2016-05-26 17:00:00,2016-05-27 05:00:00,12,Beijing,LSTM,30.75,32.1059,test
2016-05-26 18:00:00,2016-05-27 06:00:00,12,Beijing,LSTM,35.0,31.440475,test
2016-05-26 19:00:00,2016-05-27 07:00:00,12,Beijing,LSTM,33.416668,32.82509,test
2016-05-26 20:00:00,2016-05-27 08:00:00,12,Beijing,LSTM,41.75,34.771667,test
2016-05-26 21:00:00,2016-05-27 09:00:00,12,Beijing,LSTM,52.5,35.415478,test
2016-05-26 22:00:00,2016-05-27 10:00:00,12,Beijing,LSTM,61.333332,35.450474,test
2016-05-26 23:00:00,2016-05-27 11:00:00,12,Beijing,LSTM,55.833332,35.27363,test
2016-05-27 00:00:00,2016-05-27 12:00:00,12,Beijing,LSTM,52.76389,34.130344,test
2016-05-27 01:00:00,2016-05-27 13:00:00,12,Beijing,LSTM,52.694443,31.669548,test
2016-05-27 02:00:00,2016-05-27 14:00:00,12,Beijing,LSTM,49.75,31.417099,test
2016-05-27 03:00:00,2016-05-27 15:00:00,12,Beijing,LSTM,61.47222,31.848848,test
2016-05-27 04:00:00,2016-05-27 16:00:00,12,Beijing,LSTM,64.65278,32.47936,test
2016-05-27 05:00:00,2016-05-27 17:00:00,12,Beijing,LSTM,59.833332,34.66871,test
2016-05-27 06:00:00,2016-05-27 18:00:00,12,Beijing,LSTM,53.083332,36.49497,test
2016-05-27 07:00:00,2016-05-27 19:00:00,12,Beijing,LSTM,71.0,40.712486,test
2016-05-27 08:00:00,2016-05-27 20:00:00,12,Beijing,LSTM,74.416664,46.498802,test
2016-05-27 09:00:00,2016-05-27 21:00:00,12,Beijing,LSTM,57.166668,51.168972,test
2016-05-27 10:00:00,2016-05-27 22:00:00,12,Beijing,LSTM,44.75,54.79965,test
2016-05-27 11:00:00,2016-05-27 23:00:00,12,Beijing,LSTM,41.0,53.425877,test
2016-05-27 12:00:00,2016-05-28 00:00:00,12,Beijing,LSTM,36.833332,44.816437,test
2016-05-27 13:00:00,2016-05-28 01:00:00,12,Beijing,LSTM,37.083332,46.016033,test
2016-05-27 14:00:00,2016-05-28 02:00:00,12,Beijing,LSTM,36.083332,46.391674,test
2016-05-27 15:00:00,2016-05-28 03:00:00,12,Beijing,LSTM,41.666668,50.70116,test
2016-05-27 16:00:00,2016-05-28 04:00:00,12,Beijing,LSTM,44.916668,54.493824,test
2016-05-27 17:00:00,2016-05-28 05:00:00,12,Beijing,LSTM,52.666668,59.731724,test
2016-05-27 18:00:00,2016-05-28 06:00:00,12,Beijing,LSTM,53.083332,67.06084,test
2016-05-27 19:00:00,2016-05-28 07:00:00,12,Beijing,LSTM,63.583332,78.47612,test
2016-05-27 20:00:00,2016-05-28 08:00:00,12,Beijing,LSTM,65.083336,88.883934,test
2016-05-27 21:00:00,2016-05-28 09:00:00,12,Beijing,LSTM,65.166664,94.09885,test
2016-05-27 22:00:00,2016-05-28 10:00:00,12,Beijing,LSTM,62.0,97.222145,test
2016-05-27 23:00:00,2016-05-28 11:00:00,12,Beijing,LSTM,52.708332,98.52366,test
2016-05-28 00:00:00,2016-05-28 12:00:00,12,Beijing,LSTM,47.333332,99.15848,test
2016-05-28 01:00:00,2016-05-28 13:00:00,12,Beijing,LSTM,47.166668,99.28107,test
2016-05-28 02:00:00,2016-05-28 14:00:00,12,Beijing,LSTM,42.666668,97.35957,test
2016-05-28 03:00:00,2016-05-28 15:00:00,12,Beijing,LSTM,42.166668,95.68161,test
2016-05-28 04:00:00,2016-05-28 16:00:00,12,Beijing,LSTM,40.25,94.65236,test
2016-05-28 05:00:00,2016-05-28 17:00:00,12,Beijing,LSTM,44.166668,95.21088,test
2016-05-28 06:00:00,2016-05-28 18:00:00,12,Beijing,LSTM,45.416668,97.941345,test
2016-05-28 07:00:00,2016-05-28 19:00:00,12,Beijing,LSTM,42.75,100.29364,test
2016-05-28 08:00:00,2016-05-28 20:00:00,12,Beijing,LSTM,46.25,101.358315,test
2016-05-28 09:00:00,2016-05-28 21:00:00,12,Beijing,LSTM,48.166668,101.110466,test
2016-05-28 10:00:00,2016-05-28 22:00:00,12,Beijing,LSTM,50.75,91.84689,test
2016-05-28 11:00:00,2016-05-28 23:00:00,12,Beijing,LSTM,51.833332,87.02761,test
2016-05-28 12:00:00,2016-05-29 00:00:00,12,Beijing,LSTM,56.666668,92.07463,test
2016-05-28 13:00:00,2016-05-29 01:00:00,12,Beijing,LSTM,60.583332,95.23413,test
2016-05-28 14:00:00,2016-05-29 02:00:00,12,Beijing,LSTM,61.75,96.076805,test
2016-05-28 15:00:00,2016-05-29 03:00:00,12,Beijing,LSTM,57.25,95.672516,test
2016-05-28 16:00:00,2016-05-29 04:00:00,12,Beijing,LSTM,56.666668,95.70843,test
2016-05-28 17:00:00,2016-05-29 05:00:00,12,Beijing,LSTM,54.166668,96.9193,test
2016-05-28 18:00:00,2016-05-29 06:00:00,12,Beijing,LSTM,42.0,98.43769,test
2016-05-28 19:00:00,2016-05-29 07:00:00,12,Beijing,LSTM,22.5,100.24693,test
2016-05-28 20:00:00,2016-05-29 08:00:00,12,Beijing,LSTM,15.833333,100.974884,test
2016-05-28 21:00:00,2016-05-29 09:00:00,12,Beijing,LSTM,10.333333,101.50499,test
2016-05-28 22:00:00,2016-05-29 10:00:00,12,Beijing,LSTM,14.208333,101.702866,test
2016-05-28 23:00:00,2016-05-29 11:00:00,12,Beijing,LSTM,11.583333,101.84004,test
2016-05-29 00:00:00,2016-05-29 12:00:00,12,Beijing,LSTM,11.5,101.903625,test
2016-05-29 01:00:00,2016-05-29 13:00:00,12,Beijing,LSTM,9.583333,101.862885,test
2016-05-29 02:00:00,2016-05-29 14:00:00,12,Beijing,LSTM,17.666668,101.2262,test
2016-05-29 03:00:00,2016-05-29 15:00:00,12,Beijing,LSTM,17.333332,99.275276,test
2016-05-29 04:00:00,2016-05-29 16:00:00,12,Beijing,LSTM,19.083332,71.0961,test
2016-05-29 05:00:00,2016-05-29 17:00:00,12,Beijing,LSTM,17.333332,41.628277,test
2016-05-29 06:00:00,2016-05-29 18:00:00,12,Beijing,LSTM,19.666668,21.453993,test
2016-05-29 07:00:00,2016-05-29 19:00:00,12,Beijing,LSTM,22.083332,15.955674,test
2016-05-29 08:00:00,2016-05-29 20:00:00,12,Beijing,LSTM,25.666668,13.528409,test
2016-05-29 09:00:00,2016-05-29 21:00:00,12,Beijing,LSTM,39.833332,15.881432,test
2016-05-29 10:00:00,2016-05-29 22:00:00,12,Beijing,LSTM,49.833332,18.60463,test
2016-05-29 11:00:00,2016-05-29 23:00:00,12,Beijing,LSTM,50.083332,20.540462,test
2016-05-29 12:00:00,2016-05-30 00:00:00,12,Beijing,LSTM,51.5,22.690903,test
2016-05-29 13:00:00,2016-05-30 01:00:00,12,Beijing,LSTM,54.083332,23.521902,test
2016-05-29 14:00:00,2016-05-30 02:00:00,12,Beijing,LSTM,53.0,25.826885,test
2016-05-29 15:00:00,2016-05-30 03:00:00,12,Beijing,LSTM,51.833332,29.242367,test
2016-05-29 16:00:00,2016-05-30 04:00:00,12,Beijing,LSTM,46.583332,32.466984,test
2016-05-29 17:00:00,2016-05-30 05:00:00,12,Beijing,LSTM,44.916668,33.99032,test
2016-05-29 18:00:00,2016-05-30 06:00:00,12,Beijing,LSTM,47.166668,35.02706,test
2016-05-29 19:00:00,2016-05-30 07:00:00,12,Beijing,LSTM,46.75,35.396908,test
2016-05-29 20:00:00,2016-05-30 08:00:00,12,Beijing,LSTM,52.833332,33.336205,test
2016-05-29 21:00:00,2016-05-30 09:00:00,12,Beijing,LSTM,59.833332,35.93395,test
2016-05-29 22:00:00,2016-05-30 10:00:00,12,Beijing,LSTM,70.083336,39.76608,test
2016-05-29 23:00:00,2016-05-30 11:00:00,12,Beijing,LSTM,77.583336,42.176933,test
2016-05-30 00:00:00,2016-05-30 12:00:00,12,Beijing,LSTM,79.25,46.652973,test
2016-05-30 01:00:00,2016-05-30 13:00:00,12,Beijing,LSTM,85.416664,48.82161,test
2016-05-30 02:00:00,2016-05-30 14:00:00,12,Beijing,LSTM,92.5,50.12005,test
2016-05-30 03:00:00,2016-05-30 15:00:00,12,Beijing,LSTM,96.083336,51.23293,test
2016-05-30 04:00:00,2016-05-30 16:00:00,12,Beijing,LSTM,107.833336,52.051205,test
2016-05-30 05:00:00,2016-05-30 17:00:00,12,Beijing,LSTM,112.75,53.16054,test
2016-05-30 06:00:00,2016-05-30 18:00:00,12,Beijing,LSTM,111.25,54.563446,test
2016-05-30 07:00:00,2016-05-30 19:00:00,12,Beijing,LSTM,114.916664,55.737793,test
2016-05-30 08:00:00,2016-05-30 20:00:00,12,Beijing,LSTM,122.666664,56.356476,test
2016-05-30 09:00:00,2016-05-30 21:00:00,12,Beijing,LSTM,120.5,57.051495,test
2016-05-30 10:00:00,2016-05-30 22:00:00,12,Beijing,LSTM,110.25,58.336353,test
2016-05-30 11:00:00,2016-05-30 23:00:00,12,Beijing,LSTM,102.0,59.48642,test
2016-05-30 12:00:00,2016-05-31 00:00:00,12,Beijing,LSTM,89.75,59.479443,test
2016-05-30 13:00:00,2016-05-31 01:00:00,12,Beijing,LSTM,82.833336,59.183987,test
2016-05-30 14:00:00,2016-05-31 02:00:00,12,Beijing,LSTM,77.666664,58.71979,test
2016-05-30 15:00:00,2016-05-31 03:00:00,12,Beijing,LSTM,78.583336,59.618652,test
2016-05-30 16:00:00,2016-05-31 04:00:00,12,Beijing,LSTM,82.333336,59.914402,test
2016-05-30 17:00:00,2016-05-31 05:00:00,12,Beijing,LSTM,91.416664,61.231136,test
2016-05-30 18:00:00,2016-05-31 06:00:00,12,Beijing,LSTM,96.75,62.34965,test
2016-05-30 19:00:00,2016-05-31 07:00:00,12,Beijing,LSTM,63.083332,63.316963,test
2016-05-30 20:00:00,2016-05-31 08:00:00,12,Beijing,LSTM,45.416668,65.237175,test
2016-05-30 21:00:00,2016-05-31 09:00:00,12,Beijing,LSTM,36.666668,67.030945,test
2016-05-30 22:00:00,2016-05-31 10:00:00,12,Beijing,LSTM,36.833332,70.758,test
2016-05-30 23:00:00,2016-05-31 11:00:00,12,Beijing,LSTM,35.25,80.70801,test
2016-05-31 00:00:00,2016-05-31 12:00:00,12,Beijing,LSTM,34.5,90.03311,test
2016-05-31 01:00:00,2016-05-31 13:00:00,12,Beijing,LSTM,31.027779,96.90245,test
2016-05-31 02:00:00,2016-05-31 14:00:00,12,Beijing,LSTM,33.65972,100.30711,test
2016-05-31 03:00:00,2016-05-31 15:00:00,12,Beijing,LSTM,32.875,97.53699,test
2016-05-31 04:00:00,2016-05-31 16:00:00,12,Beijing,LSTM,30.729168,73.8302,test
2016-05-31 05:00:00,2016-05-31 17:00:00,12,Beijing,LSTM,31.041668,32.050465,test
2016-05-31 06:00:00,2016-05-31 18:00:00,12,Beijing,LSTM,28.416668,22.09393,test
2016-05-31 07:00:00,2016-05-31 19:00:00,12,Beijing,LSTM,31.125,18.396791,test
2016-05-31 08:00:00,2016-05-31 20:00:00,12,Beijing,LSTM,33.38889,25.687044,test
2016-05-31 09:00:00,2016-05-31 21:00:00,12,Beijing,LSTM,37.327778,32.454914,test
2016-05-31 10:00:00,2016-05-31 22:00:00,12,Beijing,LSTM,37.1,38.945118,test
2016-05-31 11:00:00,2016-05-31 23:00:00,12,Beijing,LSTM,34.205555,44.454575,test
2016-05-31 12:00:00,2016-06-01 00:00:00,12,Beijing,LSTM,27.227777,49.15753,test
2016-05-31 13:00:00,2016-06-01 01:00:00,12,Beijing,LSTM,26.25,52.96825,test
2016-05-31 14:00:00,2016-06-01 02:00:00,12,Beijing,LSTM,24.583332,55.712597,test
2016-05-31 15:00:00,2016-06-01 03:00:00,12,Beijing,LSTM,26.083332,58.33401,test
2016-05-31 16:00:00,2016-06-01 04:00:00,12,Beijing,LSTM,25.0,61.214287,test
2016-05-31 17:00:00,2016-06-01 05:00:00,12,Beijing,LSTM,24.583332,65.01991,test
2016-05-31 18:00:00,2016-06-01 06:00:00,12,Beijing,LSTM,27.916668,69.9759,test
2016-05-31 19:00:00,2016-06-01 07:00:00,12,Beijing,LSTM,31.333332,77.07741,test
2016-05-31 20:00:00,2016-06-01 08:00:00,12,Beijing,LSTM,38.916668,84.7093,test
2016-05-31 21:00:00,2016-06-01 09:00:00,12,Beijing,LSTM,37.583332,90.64213,test
2016-05-31 22:00:00,2016-06-01 10:00:00,12,Beijing,LSTM,37.583332,81.462265,test
2016-05-31 23:00:00,2016-06-01 11:00:00,12,Beijing,LSTM,41.333332,72.65387,test
2016-06-01 00:00:00,2016-06-01 12:00:00,12,Beijing,LSTM,37.166668,57.658108,test
2016-06-01 01:00:00,2016-06-01 13:00:00,12,Beijing,LSTM,34.833332,53.881588,test
2016-06-01 02:00:00,2016-06-01 14:00:00,12,Beijing,LSTM,36.583332,48.933125,test
2016-06-01 03:00:00,2016-06-01 15:00:00,12,Beijing,LSTM,39.166668,46.31903,test
2016-06-01 04:00:00,2016-06-01 16:00:00,12,Beijing,LSTM,35.833332,43.83243,test
2016-06-01 05:00:00,2016-06-01 17:00:00,12,Beijing,LSTM,47.166668,40.995197,test
2016-06-01 06:00:00,2016-06-01 18:00:00,12,Beijing,LSTM,43.0,40.891045,test
2016-06-01 07:00:00,2016-06-01 19:00:00,12,Beijing,LSTM,41.0,42.06785,test
2016-06-01 08:00:00,2016-06-01 20:00:00,12,Beijing,LSTM,41.25,44.97711,test
2016-06-01 09:00:00,2016-06-01 21:00:00,12,Beijing,LSTM,43.333332,48.379475,test
2016-06-01 10:00:00,2016-06-01 22:00:00,12,Beijing,LSTM,44.25,53.236435,test
2016-06-01 11:00:00,2016-06-01 23:00:00,12,Beijing,LSTM,44.333332,56.531017,test
2016-06-01 12:00:00,2016-06-02 00:00:00,12,Beijing,LSTM,42.25,58.47393,test
2016-06-01 13:00:00,2016-06-02 01:00:00,12,Beijing,LSTM,42.0,58.70876,test
2016-06-01 14:00:00,2016-06-02 02:00:00,12,Beijing,LSTM,40.833332,58.21217,test
2016-06-01 15:00:00,2016-06-02 03:00:00,12,Beijing,LSTM,39.083332,57.618958,test
2016-06-01 16:00:00,2016-06-02 04:00:00,12,Beijing,LSTM,41.166668,57.56889,test
2016-06-01 17:00:00,2016-06-02 05:00:00,12,Beijing,LSTM,45.416668,59.98576,test
2016-06-01 18:00:00,2016-06-02 06:00:00,12,Beijing,LSTM,50.5,58.400505,test
2016-06-01 19:00:00,2016-06-02 07:00:00,12,Beijing,LSTM,54.416668,59.341408,test
2016-06-01 20:00:00,2016-06-02 08:00:00,12,Beijing,LSTM,69.083336,65.42195,test
2016-06-01 21:00:00,2016-06-02 09:00:00,12,Beijing,LSTM,74.333336,67.45751,test
2016-06-01 22:00:00,2016-06-02 10:00:00,12,Beijing,LSTM,78.375,67.59802,test
2016-06-01 23:00:00,2016-06-02 11:00:00,12,Beijing,LSTM,79.0,66.435165,test
2016-06-02 00:00:00,2016-06-02 12:00:00,12,Beijing,LSTM,60.36111,62.077816,test
2016-06-02 01:00:00,2016-06-02 13:00:00,12,Beijing,LSTM,55.430557,57.29776,test
2016-06-02 02:00:00,2016-06-02 14:00:00,12,Beijing,LSTM,50.916668,52.085255,test
2016-06-02 03:00:00,2016-06-02 15:00:00,12,Beijing,LSTM,44.166668,49.004787,test
2016-06-02 04:00:00,2016-06-02 16:00:00,12,Beijing,LSTM,47.25,47.297855,test
2016-06-02 05:00:00,2016-06-02 17:00:00,12,Beijing,LSTM,47.583332,47.480602,test
2016-06-02 06:00:00,2016-06-02 18:00:00,12,Beijing,LSTM,46.833332,50.07191,test
2016-06-02 07:00:00,2016-06-02 19:00:00,12,Beijing,LSTM,41.5,51.596878,test
2016-06-02 08:00:00,2016-06-02 20:00:00,12,Beijing,LSTM,40.833332,53.622814,test
2016-06-02 09:00:00,2016-06-02 21:00:00,12,Beijing,LSTM,47.583332,55.800327,test
2016-06-02 10:00:00,2016-06-02 22:00:00,12,Beijing,LSTM,51.75,56.932198,test
2016-06-02 11:00:00,2016-06-02 23:00:00,12,Beijing,LSTM,55.666668,52.407246,test
2016-06-02 12:00:00,2016-06-03 00:00:00,12,Beijing,LSTM,55.166668,35.163715,test
2016-06-02 13:00:00,2016-06-03 01:00:00,12,Beijing,LSTM,54.0,41.25655,test
2016-06-02 14:00:00,2016-06-03 02:00:00,12,Beijing,LSTM,55.833332,45.509285,test
2016-06-02 15:00:00,2016-06-03 03:00:00,12,Beijing,LSTM,57.083332,48.6361,test
2016-06-02 16:00:00,2016-06-03 04:00:00,12,Beijing,LSTM,58.166668,52.390945,test
2016-06-02 17:00:00,2016-06-03 05:00:00,12,Beijing,LSTM,59.166668,55.701374,test
2016-06-02 18:00:00,2016-06-03 06:00:00,12,Beijing,LSTM,64.833336,62.51453,test
2016-06-02 19:00:00,2016-06-03 07:00:00,12,Beijing,LSTM,70.75,71.67276,test
2016-06-02 20:00:00,2016-06-03 08:00:00,12,Beijing,LSTM,76.583336,81.10949,test
2016-06-02 21:00:00,2016-06-03 09:00:00,12,Beijing,LSTM,88.166664,87.615204,test
2016-06-02 22:00:00,2016-06-03 10:00:00,12,Beijing,LSTM,90.416664,92.052864,test
2016-06-02 23:00:00,2016-06-03 11:00:00,12,Beijing,LSTM,92.666664,94.2877,test
2016-06-03 00:00:00,2016-06-03 12:00:00,12,Beijing,LSTM,95.94444,96.12135,test
2016-06-03 01:00:00,2016-06-03 13:00:00,12,Beijing,LSTM,93.80556,95.35141,test
2016-06-03 02:00:00,2016-06-03 14:00:00,12,Beijing,LSTM,90.666664,96.038605,test
2016-06-03 03:00:00,2016-06-03 15:00:00,12,Beijing,LSTM,86.5,91.09659,test
2016-06-03 04:00:00,2016-06-03 16:00:00,12,Beijing,LSTM,73.083336,87.556305,test
2016-06-03 05:00:00,2016-06-03 17:00:00,12,Beijing,LSTM,72.583336,80.45653,test
2016-06-03 06:00:00,2016-06-03 18:00:00,12,Beijing,LSTM,78.166664,85.84312,test
2016-06-03 07:00:00,2016-06-03 19:00:00,12,Beijing,LSTM,89.583336,91.20926,test
2016-06-03 08:00:00,2016-06-03 20:00:00,12,Beijing,LSTM,106.416664,95.57393,test
2016-06-03 09:00:00,2016-06-03 21:00:00,12,Beijing,LSTM,108.583336,97.352066,test
2016-06-03 10:00:00,2016-06-03 22:00:00,12,Beijing,LSTM,101.166664,98.77766,test
2016-06-03 11:00:00,2016-06-03 23:00:00,12,Beijing,LSTM,92.75,100.01006,test
2016-06-03 12:00:00,2016-06-04 00:00:00,12,Beijing,LSTM,85.0,100.75775,test
2016-06-03 13:00:00,2016-06-04 01:00:00,12,Beijing,LSTM,85.25,101.14766,test
2016-06-03 14:00:00,2016-06-04 02:00:00,12,Beijing,LSTM,78.583336,101.26839,test
2016-06-03 15:00:00,2016-06-04 03:00:00,12,Beijing,LSTM,74.583336,101.36244,test
2016-06-03 16:00:00,2016-06-04 04:00:00,12,Beijing,LSTM,78.333336,98.01879,test
2016-06-03 17:00:00,2016-06-04 05:00:00,12,Beijing,LSTM,82.25,99.88439,test
2016-06-03 18:00:00,2016-06-04 06:00:00,12,Beijing,LSTM,85.166664,100.224785,test
2016-06-03 19:00:00,2016-06-04 07:00:00,12,Beijing,LSTM,91.166664,101.5509,test
2016-06-03 20:00:00,2016-06-04 08:00:00,12,Beijing,LSTM,101.0,101.95006,test
2016-06-03 21:00:00,2016-06-04 09:00:00,12,Beijing,LSTM,111.545456,102.05833,test
2016-06-03 22:00:00,2016-06-04 10:00:00,12,Beijing,LSTM,119.0,102.03315,test
2016-06-03 23:00:00,2016-06-04 11:00:00,12,Beijing,LSTM,126.27273,101.74266,test
2016-06-04 00:00:00,2016-06-04 12:00:00,12,Beijing,LSTM,114.09091,101.282074,test
2016-06-04 01:00:00,2016-06-04 13:00:00,12,Beijing,LSTM,101.36363,100.57843,test
2016-06-04 02:00:00,2016-06-04 14:00:00,12,Beijing,LSTM,89.72727,99.71484,test
2016-06-04 03:00:00,2016-06-04 15:00:00,12,Beijing,LSTM,76.454544,98.26279,test
2016-06-04 04:00:00,2016-06-04 16:00:00,12,Beijing,LSTM,69.09091,87.42523,test
2016-06-04 05:00:00,2016-06-04 17:00:00,12,Beijing,LSTM,69.72727,73.646515,test
2016-06-04 06:00:00,2016-06-04 18:00:00,12,Beijing,LSTM,72.181816,64.11703,test
2016-06-04 07:00:00,2016-06-04 19:00:00,12,Beijing,LSTM,70.181816,66.9169,test
2016-06-04 08:00:00,2016-06-04 20:00:00,12,Beijing,LSTM,72.90909,68.97157,test
2016-06-04 09:00:00,2016-06-04 21:00:00,12,Beijing,LSTM,83.63637,71.47158,test
2016-06-04 10:00:00,2016-06-04 22:00:00,12,Beijing,LSTM,78.90909,72.67336,test
2016-06-04 11:00:00,2016-06-04 23:00:00,12,Beijing,LSTM,80.27273,71.663895,test
2016-06-04 12:00:00,2016-06-05 00:00:00,12,Beijing,LSTM,86.36363,37.04392,test
2016-06-04 13:00:00,2016-06-05 01:00:00,12,Beijing,LSTM,93.63637,34.386654,test
2016-06-04 14:00:00,2016-06-05 02:00:00,12,Beijing,LSTM,95.545456,44.118595,test
2016-06-04 15:00:00,2016-06-05 03:00:00,12,Beijing,LSTM,85.90909,49.52396,test
2016-06-04 16:00:00,2016-06-05 04:00:00,12,Beijing,LSTM,75.36363,62.105022,test
2016-06-04 17:00:00,2016-06-05 05:00:00,12,Beijing,LSTM,68.90909,73.83649,test
2016-06-04 18:00:00,2016-06-05 06:00:00,12,Beijing,LSTM,67.72727,83.82877,test
2016-06-04 19:00:00,2016-06-05 07:00:00,12,Beijing,LSTM,67.454544,92.44943,test
2016-06-04 20:00:00,2016-06-05 08:00:00,12,Beijing,LSTM,68.63637,98.224625,test
2016-06-04 21:00:00,2016-06-05 09:00:00,12,Beijing,LSTM,71.0,100.808014,test
2016-06-04 22:00:00,2016-06-05 10:00:00,12,Beijing,LSTM,72.63637,101.47505,test
2016-06-04 23:00:00,2016-06-05 11:00:00,12,Beijing,LSTM,79.27273,101.3476,test
2016-06-05 00:00:00,2016-06-05 12:00:00,12,Beijing,LSTM,91.36363,101.892654,test
2016-06-05 01:00:00,2016-06-05 13:00:00,12,Beijing,LSTM,96.818184,101.95593,test
2016-06-05 02:00:00,2016-06-05 14:00:00,12,Beijing,LSTM,94.90909,101.73187,test
2016-06-05 03:00:00,2016-06-05 15:00:00,12,Beijing,LSTM,86.818184,98.47323,test
2016-06-05 04:00:00,2016-06-05 16:00:00,12,Beijing,LSTM,80.818184,88.90755,test
2016-06-05 05:00:00,2016-06-05 17:00:00,12,Beijing,LSTM,77.09091,79.80226,test
2016-06-05 06:00:00,2016-06-05 18:00:00,12,Beijing,LSTM,74.181816,82.24339,test
2016-06-05 07:00:00,2016-06-05 19:00:00,12,Beijing,LSTM,68.90909,79.187164,test
2016-06-05 08:00:00,2016-06-05 20:00:00,12,Beijing,LSTM,50.454544,84.715775,test
2016-06-05 09:00:00,2016-06-05 21:00:00,12,Beijing,LSTM,44.636364,85.89203,test
2016-06-05 10:00:00,2016-06-05 22:00:00,12,Beijing,LSTM,40.818184,82.44314,test
2016-06-05 11:00:00,2016-06-05 23:00:00,12,Beijing,LSTM,39.454544,81.99143,test
2016-06-05 12:00:00,2016-06-06 00:00:00,12,Beijing,LSTM,42.545456,81.99463,test
2016-06-05 13:00:00,2016-06-06 01:00:00,12,Beijing,LSTM,48.090908,78.97164,test
2016-06-05 14:00:00,2016-06-06 02:00:00,12,Beijing,LSTM,46.636364,73.99344,test
2016-06-05 15:00:00,2016-06-06 03:00:00,12,Beijing,LSTM,49.909092,70.82181,test
2016-06-05 16:00:00,2016-06-06 04:00:00,12,Beijing,LSTM,53.454544,68.67576,test
2016-06-05 17:00:00,2016-06-06 05:00:00,12,Beijing,LSTM,61.181816,68.040634,test
2016-06-05 18:00:00,2016-06-06 06:00:00,12,Beijing,LSTM,65.545456,53.85985,test
2016-06-05 19:00:00,2016-06-06 07:00:00,12,Beijing,LSTM,69.454544,44.447437,test
2016-06-05 20:00:00,2016-06-06 08:00:00,12,Beijing,LSTM,75.818184,27.983135,test
2016-06-05 21:00:00,2016-06-06 09:00:00,12,Beijing,LSTM,78.27273,28.636286,test
2016-06-05 22:00:00,2016-06-06 10:00:00,12,Beijing,LSTM,83.27273,30.323967,test
2016-06-05 23:00:00,2016-06-06 11:00:00,12,Beijing,LSTM,92.63637,32.70509,test
2016-06-06 00:00:00,2016-06-06 12:00:00,12,Beijing,LSTM,103.09091,37.47344,test
2016-06-06 01:00:00,2016-06-06 13:00:00,12,Beijing,LSTM,110.63637,41.368298,test
2016-06-06 02:00:00,2016-06-06 14:00:00,12,Beijing,LSTM,114.545456,42.614796,test
2016-06-06 03:00:00,2016-06-06 15:00:00,12,Beijing,LSTM,117.72727,45.173298,test
2016-06-06 04:00:00,2016-06-06 16:00:00,12,Beijing,LSTM,117.818184,47.089527,test
2016-06-06 05:00:00,2016-06-06 17:00:00,12,Beijing,LSTM,123.181816,49.71639,test
2016-06-06 06:00:00,2016-06-06 18:00:00,12,Beijing,LSTM,123.045456,52.322086,test
2016-06-06 07:00:00,2016-06-06 19:00:00,12,Beijing,LSTM,125.833336,54.987133,test
2016-06-06 08:00:00,2016-06-06 20:00:00,12,Beijing,LSTM,122.0,57.483616,test
2016-06-06 09:00:00,2016-06-06 21:00:00,12,Beijing,LSTM,93.666664,59.412712,test
2016-06-06 10:00:00,2016-06-06 22:00:00,12,Beijing,LSTM,69.0,61.184673,test
2016-06-06 11:00:00,2016-06-06 23:00:00,12,Beijing,LSTM,52.666668,61.30524,test
2016-06-06 12:00:00,2016-06-07 00:00:00,12,Beijing,LSTM,50.333332,60.07018,test
2016-06-06 13:00:00,2016-06-07 01:00:00,12,Beijing,LSTM,54.75,59.666706,test
2016-06-06 14:00:00,2016-06-07 02:00:00,12,Beijing,LSTM,56.083332,59.78003,test
2016-06-06 15:00:00,2016-06-07 03:00:00,12,Beijing,LSTM,59.333332,60.612198,test
2016-06-06 16:00:00,2016-06-07 04:00:00,12,Beijing,LSTM,59.833332,61.69815,test
2016-06-06 17:00:00,2016-06-07 05:00:00,12,Beijing,LSTM,58.583332,62.1422,test
2016-06-06 18:00:00,2016-06-07 06:00:00,12,Beijing,LSTM,53.416668,63.54748,test
2016-06-06 19:00:00,2016-06-07 07:00:00,12,Beijing,LSTM,45.583332,63.79365,test
2016-06-06 20:00:00,2016-06-07 08:00:00,12,Beijing,LSTM,41.166668,64.277435,test
2016-06-06 21:00:00,2016-06-07 09:00:00,12,Beijing,LSTM,40.666668,25.8265,test
2016-06-06 22:00:00,2016-06-07 10:00:00,12,Beijing,LSTM,41.916668,27.070538,test
2016-06-06 23:00:00,2016-06-07 11:00:00,12,Beijing,LSTM,45.0,30.573997,test
2016-06-07 00:00:00,2016-06-07 12:00:00,12,Beijing,LSTM,46.916668,33.734867,test
2016-06-07 01:00:00,2016-06-07 13:00:00,12,Beijing,LSTM,56.333332,43.806797,test
2016-06-07 02:00:00,2016-06-07 14:00:00,12,Beijing,LSTM,61.0,53.826504,test
2016-06-07 03:00:00,2016-06-07 15:00:00,12,Beijing,LSTM,61.75,62.195663,test
2016-06-07 04:00:00,2016-06-07 16:00:00,12,Beijing,LSTM,62.333332,67.62207,test
2016-06-07 05:00:00,2016-06-07 17:00:00,12,Beijing,LSTM,61.833332,71.86967,test
2016-06-07 06:00:00,2016-06-07 18:00:00,12,Beijing,LSTM,57.583332,73.22264,test
2016-06-07 07:00:00,2016-06-07 19:00:00,12,Beijing,LSTM,61.916668,80.25043,test
2016-06-07 08:00:00,2016-06-07 20:00:00,12,Beijing,LSTM,66.333336,84.40962,test
2016-06-07 09:00:00,2016-06-07 21:00:00,12,Beijing,LSTM,77.166664,90.369026,test
2016-06-07 10:00:00,2016-06-07 22:00:00,12,Beijing,LSTM,83.333336,93.00009,test
2016-06-07 11:00:00,2016-06-07 23:00:00,12,Beijing,LSTM,86.666664,94.05582,test
2016-06-07 12:00:00,2016-06-08 00:00:00,12,Beijing,LSTM,86.083336,91.28009,test
2016-06-07 13:00:00,2016-06-08 01:00:00,12,Beijing,LSTM,83.416664,91.78992,test
2016-06-07 14:00:00,2016-06-08 02:00:00,12,Beijing,LSTM,88.583336,91.31133,test
2016-06-07 15:00:00,2016-06-08 03:00:00,12,Beijing,LSTM,98.166664,91.29187,test
2016-06-07 16:00:00,2016-06-08 04:00:00,12,Beijing,LSTM,100.75,90.58344,test
2016-06-07 17:00:00,2016-06-08 05:00:00,12,Beijing,LSTM,103.583336,89.76344,test
2016-06-07 18:00:00,2016-06-08 06:00:00,12,Beijing,LSTM,111.166664,90.8846,test
2016-06-07 19:00:00,2016-06-08 07:00:00,12,Beijing,LSTM,117.666664,94.792435,test
2016-06-07 20:00:00,2016-06-08 08:00:00,12,Beijing,LSTM,129.91667,98.646164,test
2016-06-07 21:00:00,2016-06-08 09:00:00,12,Beijing,LSTM,134.08333,100.8046,test
2016-06-07 22:00:00,2016-06-08 10:00:00,12,Beijing,LSTM,125.333336,101.61215,test
2016-06-07 23:00:00,2016-06-08 11:00:00,12,Beijing,LSTM,119.333336,101.95111,test
2016-06-08 00:00:00,2016-06-08 12:00:00,12,Beijing,LSTM,113.416664,102.095795,test
2016-06-08 01:00:00,2016-06-08 13:00:00,12,Beijing,LSTM,107.833336,102.17596,test
2016-06-08 02:00:00,2016-06-08 14:00:00,12,Beijing,LSTM,102.138885,102.21474,test
2016-06-08 03:00:00,2016-06-08 15:00:00,12,Beijing,LSTM,110.861115,102.227585,test
2016-06-08 04:00:00,2016-06-08 16:00:00,12,Beijing,LSTM,103.083336,102.2273,test
2016-06-08 05:00:00,2016-06-08 17:00:00,12,Beijing,LSTM,113.75,102.0875,test
2016-06-08 06:00:00,2016-06-08 18:00:00,12,Beijing,LSTM,115.25,102.18954,test
2016-06-08 07:00:00,2016-06-08 19:00:00,12,Beijing,LSTM,154.16667,102.09673,test
2016-06-08 08:00:00,2016-06-08 20:00:00,12,Beijing,LSTM,183.41667,101.953606,test
2016-06-08 09:00:00,2016-06-08 21:00:00,12,Beijing,LSTM,182.66667,101.25557,test
2016-06-08 10:00:00,2016-06-08 22:00:00,12,Beijing,LSTM,178.91667,100.7848,test
2016-06-08 11:00:00,2016-06-08 23:00:00,12,Beijing,LSTM,178.16667,99.6804,test
2016-06-08 12:00:00,2016-06-09 00:00:00,12,Beijing,LSTM,177.0,93.183815,test
2016-06-08 13:00:00,2016-06-09 01:00:00,12,Beijing,LSTM,158.91667,90.077484,test
2016-06-08 14:00:00,2016-06-09 02:00:00,12,Beijing,LSTM,153.33333,85.32025,test
2016-06-08 15:00:00,2016-06-09 03:00:00,12,Beijing,LSTM,145.58333,83.293564,test
2016-06-08 16:00:00,2016-06-09 04:00:00,12,Beijing,LSTM,142.5,83.16601,test
2016-06-08 17:00:00,2016-06-09 05:00:00,12,Beijing,LSTM,142.08333,87.920334,test
2016-06-08 18:00:00,2016-06-09 06:00:00,12,Beijing,LSTM,142.33333,91.23725,test
2016-06-08 19:00:00,2016-06-09 07:00:00,12,Beijing,LSTM,150.16667,94.64479,test
2016-06-08 20:00:00,2016-06-09 08:00:00,12,Beijing,LSTM,161.41667,97.00407,test
2016-06-08 21:00:00,2016-06-09 09:00:00,12,Beijing,LSTM,165.5,97.876076,test
2016-06-08 22:00:00,2016-06-09 10:00:00,12,Beijing,LSTM,172.08333,98.4545,test
2016-06-08 23:00:00,2016-06-09 11:00:00,12,Beijing,LSTM,162.91667,91.52764,test
2016-06-09 00:00:00,2016-06-09 12:00:00,12,Beijing,LSTM,128.0,92.355194,test
2016-06-09 01:00:00,2016-06-09 13:00:00,12,Beijing,LSTM,106.083336,93.8336,test
2016-06-09 02:00:00,2016-06-09 14:00:00,12,Beijing,LSTM,75.833336,97.76308,test
2016-06-09 03:00:00,2016-06-09 15:00:00,12,Beijing,LSTM,68.916664,99.71931,test
2016-06-09 04:00:00,2016-06-09 16:00:00,12,Beijing,LSTM,59.083332,100.63129,test
2016-06-09 05:00:00,2016-06-09 17:00:00,12,Beijing,LSTM,54.833332,101.16323,test
2016-06-09 06:00:00,2016-06-09 18:00:00,12,Beijing,LSTM,52.583332,101.882286,test
2016-06-09 07:00:00,2016-06-09 19:00:00,12,Beijing,LSTM,47.083332,102.10931,test
2016-06-09 08:00:00,2016-06-09 20:00:00,12,Beijing,LSTM,47.333332,102.1983,test
2016-06-09 09:00:00,2016-06-09 21:00:00,12,Beijing,LSTM,52.416668,102.22177,test
2016-06-09 10:00:00,2016-06-09 22:00:00,12,Beijing,LSTM,57.166668,102.21806,test
2016-06-09 11:00:00,2016-06-09 23:00:00,12,Beijing,LSTM,57.916668,101.733215,test
2016-06-09 12:00:00,2016-06-10 00:00:00,12,Beijing,LSTM,58.916668,71.14793,test
2016-06-09 13:00:00,2016-06-10 01:00:00,12,Beijing,LSTM,57.916668,73.27611,test
2016-06-09 14:00:00,2016-06-10 02:00:00,12,Beijing,LSTM,57.666668,53.103573,test
2016-06-09 15:00:00,2016-06-10 03:00:00,12,Beijing,LSTM,59.0,66.38995,test
2016-06-09 16:00:00,2016-06-10 04:00:00,12,Beijing,LSTM,55.333332,70.47052,test
2016-06-09 17:00:00,2016-06-10 05:00:00,12,Beijing,LSTM,50.083332,72.37955,test
2016-06-09 18:00:00,2016-06-10 06:00:00,12,Beijing,LSTM,48.083332,74.166626,test
2016-06-09 19:00:00,2016-06-10 07:00:00,12,Beijing,LSTM,50.25,77.13588,test
2016-06-09 20:00:00,2016-06-10 08:00:00,12,Beijing,LSTM,52.666668,82.72575,test
2016-06-09 21:00:00,2016-06-10 09:00:00,12,Beijing,LSTM,54.0,37.384415,test
2016-06-09 22:00:00,2016-06-10 10:00:00,12,Beijing,LSTM,64.166664,32.66426,test
2016-06-09 23:00:00,2016-06-10 11:00:00,12,Beijing,LSTM,73.083336,38.816864,test
2016-06-10 00:00:00,2016-06-10 12:00:00,12,Beijing,LSTM,90.166664,41.753895,test
2016-06-10 01:00:00,2016-06-10 13:00:00,12,Beijing,LSTM,99.75,47.146385,test
2016-06-10 02:00:00,2016-06-10 14:00:00,12,Beijing,LSTM,101.25,52.360718,test
2016-06-10 03:00:00,2016-06-10 15:00:00,12,Beijing,LSTM,96.083336,57.36334,test
2016-06-10 04:00:00,2016-06-10 16:00:00,12,Beijing,LSTM,67.041664,60.513744,test
2016-06-10 05:00:00,2016-06-10 17:00:00,12,Beijing,LSTM,39.083332,61.476627,test
2016-06-10 06:00:00,2016-06-10 18:00:00,12,Beijing,LSTM,17.45,63.03989,test
2016-06-10 07:00:00,2016-06-10 19:00:00,12,Beijing,LSTM,10.316667,65.632904,test
2016-06-10 08:00:00,2016-06-10 20:00:00,12,Beijing,LSTM,8.766667,68.91449,test
2016-06-10 09:00:00,2016-06-10 21:00:00,12,Beijing,LSTM,8.425,73.31886,test
2016-06-10 10:00:00,2016-06-10 22:00:00,12,Beijing,LSTM,9.583333,76.81888,test
2016-06-10 11:00:00,2016-06-10 23:00:00,12,Beijing,LSTM,11.166667,77.28144,test
2016-06-10 12:00:00,2016-06-11 00:00:00,12,Beijing,LSTM,9.75,78.08479,test
2016-06-10 13:00:00,2016-06-11 01:00:00,12,Beijing,LSTM,10.333333,77.89229,test
2016-06-10 14:00:00,2016-06-11 02:00:00,12,Beijing,LSTM,7.0,77.34999,test
2016-06-10 15:00:00,2016-06-11 03:00:00,12,Beijing,LSTM,4.75,77.40439,test
2016-06-10 16:00:00,2016-06-11 04:00:00,12,Beijing,LSTM,5.5,40.268044,test
2016-06-10 17:00:00,2016-06-11 05:00:00,12,Beijing,LSTM,5.166667,41.857685,test
2016-06-10 18:00:00,2016-06-11 06:00:00,12,Beijing,LSTM,9.083333,18.46596,test
2016-06-10 19:00:00,2016-06-11 07:00:00,12,Beijing,LSTM,9.333333,14.087842,test
2016-06-10 20:00:00,2016-06-11 08:00:00,12,Beijing,LSTM,9.75,11.070513,test
2016-06-10 21:00:00,2016-06-11 09:00:00,12,Beijing,LSTM,8.166667,13.458512,test
2016-06-10 22:00:00,2016-06-11 10:00:00,12,Beijing,LSTM,7.916667,14.073864,test
2016-06-10 23:00:00,2016-06-11 11:00:00,12,Beijing,LSTM,6.916667,15.927405,test
2016-06-11 00:00:00,2016-06-11 12:00:00,12,Beijing,LSTM,7.916667,14.51205,test
2016-06-11 01:00:00,2016-06-11 13:00:00,12,Beijing,LSTM,7.583333,15.014663,test
2016-06-11 02:00:00,2016-06-11 14:00:00,12,Beijing,LSTM,8.083333,15.154677,test
2016-06-11 03:00:00,2016-06-11 15:00:00,12,Beijing,LSTM,6.416667,15.706491,test
2016-06-11 04:00:00,2016-06-11 16:00:00,12,Beijing,LSTM,9.083333,16.167917,test
2016-06-11 05:00:00,2016-06-11 17:00:00,12,Beijing,LSTM,7.166667,16.990948,test
2016-06-11 06:00:00,2016-06-11 18:00:00,12,Beijing,LSTM,8.666667,19.080158,test
2016-06-11 07:00:00,2016-06-11 19:00:00,12,Beijing,LSTM,10.916667,20.745861,test
2016-06-11 08:00:00,2016-06-11 20:00:00,12,Beijing,LSTM,14.5,20.122408,test
2016-06-11 09:00:00,2016-06-11 21:00:00,12,Beijing,LSTM,20.25,20.590271,test
2016-06-11 10:00:00,2016-06-11 22:00:00,12,Beijing,LSTM,22.0,21.345783,test
2016-06-11 11:00:00,2016-06-11 23:00:00,12,Beijing,LSTM,27.0,21.797144,test
2016-06-11 12:00:00,2016-06-12 00:00:00,12,Beijing,LSTM,31.166668,22.201569,test
2016-06-11 13:00:00,2016-06-12 01:00:00,12,Beijing,LSTM,49.5,22.395653,test
2016-06-11 14:00:00,2016-06-12 02:00:00,12,Beijing,LSTM,68.666664,22.380344,test
2016-06-11 15:00:00,2016-06-12 03:00:00,12,Beijing,LSTM,74.583336,21.47677,test
2016-06-11 16:00:00,2016-06-12 04:00:00,12,Beijing,LSTM,77.333336,20.345768,test
2016-06-11 17:00:00,2016-06-12 05:00:00,12,Beijing,LSTM,78.833336,19.25581,test
2016-06-11 18:00:00,2016-06-12 06:00:00,12,Beijing,LSTM,80.083336,18.732101,test
2016-06-11 19:00:00,2016-06-12 07:00:00,12,Beijing,LSTM,83.583336,18.518692,test
2016-06-11 20:00:00,2016-06-12 08:00:00,12,Beijing,LSTM,91.416664,17.876137,test
2016-06-11 21:00:00,2016-06-12 09:00:00,12,Beijing,LSTM,98.75,17.633919,test
2016-06-11 22:00:00,2016-06-12 10:00:00,12,Beijing,LSTM,102.083336,17.765305,test
2016-06-11 23:00:00,2016-06-12 11:00:00,12,Beijing,LSTM,101.416664,18.701761,test
2016-06-12 00:00:00,2016-06-12 12:00:00,12,Beijing,LSTM,97.75,18.920988,test
2016-06-12 01:00:00,2016-06-12 13:00:00,12,Beijing,LSTM,79.5,22.96268,test
2016-06-12 02:00:00,2016-06-12 14:00:00,12,Beijing,LSTM,63.166668,29.01989,test
2016-06-12 03:00:00,2016-06-12 15:00:00,12,Beijing,LSTM,54.583332,33.28403,test
2016-06-12 04:00:00,2016-06-12 16:00:00,12,Beijing,LSTM,52.416668,36.543476,test
2016-06-12 05:00:00,2016-06-12 17:00:00,12,Beijing,LSTM,43.75,39.99827,test
2016-06-12 06:00:00,2016-06-12 18:00:00,12,Beijing,LSTM,52.5,43.13606,test
2016-06-12 07:00:00,2016-06-12 19:00:00,12,Beijing,LSTM,41.666668,46.786892,test
2016-06-12 08:00:00,2016-06-12 20:00:00,12,Beijing,LSTM,39.5,50.474102,test
2016-06-12 09:00:00,2016-06-12 21:00:00,12,Beijing,LSTM,54.583332,52.66339,test
2016-06-12 10:00:00,2016-06-12 22:00:00,12,Beijing,LSTM,64.583336,53.913273,test
2016-06-12 11:00:00,2016-06-12 23:00:00,12,Beijing,LSTM,57.416668,53.66591,test
2016-06-12 12:00:00,2016-06-13 00:00:00,12,Beijing,LSTM,52.75,53.281334,test
2016-06-12 13:00:00,2016-06-13 01:00:00,12,Beijing,LSTM,67.75,42.26547,test
2016-06-12 14:00:00,2016-06-13 02:00:00,12,Beijing,LSTM,54.583332,38.403828,test
2016-06-12 15:00:00,2016-06-13 03:00:00,12,Beijing,LSTM,47.0,42.504837,test
2016-06-12 16:00:00,2016-06-13 04:00:00,12,Beijing,LSTM,45.083332,44.952007,test
2016-06-12 17:00:00,2016-06-13 05:00:00,12,Beijing,LSTM,44.25,46.66776,test
2016-06-12 18:00:00,2016-06-13 06:00:00,12,Beijing,LSTM,39.583332,52.772297,test
2016-06-12 19:00:00,2016-06-13 07:00:00,12,Beijing,LSTM,34.833332,58.48082,test
2016-06-12 20:00:00,2016-06-13 08:00:00,12,Beijing,LSTM,37.5,68.970215,test
2016-06-12 21:00:00,2016-06-13 09:00:00,12,Beijing,LSTM,38.833332,81.477905,test
2016-06-12 22:00:00,2016-06-13 10:00:00,12,Beijing,LSTM,37.645832,91.363335,test
2016-06-12 23:00:00,2016-06-13 11:00:00,12,Beijing,LSTM,36.069443,92.889015,test
2016-06-13 00:00:00,2016-06-13 12:00:00,12,Beijing,LSTM,35.32639,68.953445,test
2016-06-13 01:00:00,2016-06-13 13:00:00,12,Beijing,LSTM,37.833332,84.45334,test
2016-06-13 02:00:00,2016-06-13 14:00:00,12,Beijing,LSTM,39.333332,89.657684,test
2016-06-13 03:00:00,2016-06-13 15:00:00,12,Beijing,LSTM,36.916668,95.210205,test
2016-06-13 04:00:00,2016-06-13 16:00:00,12,Beijing,LSTM,41.5,98.311104,test
2016-06-13 05:00:00,2016-06-13 17:00:00,12,Beijing,LSTM,43.75,99.8632,test
2016-06-13 06:00:00,2016-06-13 18:00:00,12,Beijing,LSTM,47.25,100.399216,test
2016-06-13 07:00:00,2016-06-13 19:00:00,12,Beijing,LSTM,50.5,100.657074,test
2016-06-13 08:00:00,2016-06-13 20:00:00,12,Beijing,LSTM,53.75,97.94611,test
2016-06-13 09:00:00,2016-06-13 21:00:00,12,Beijing,LSTM,53.416668,91.30628,test
2016-06-13 10:00:00,2016-06-13 22:00:00,12,Beijing,LSTM,53.0,90.923874,test
2016-06-13 11:00:00,2016-06-13 23:00:00,12,Beijing,LSTM,55.25,66.4639,test
2016-06-13 12:00:00,2016-06-14 00:00:00,12,Beijing,LSTM,55.75,59.904213,test
2016-06-13 13:00:00,2016-06-14 01:00:00,12,Beijing,LSTM,54.416668,54.52386,test
2016-06-13 14:00:00,2016-06-14 02:00:00,12,Beijing,LSTM,53.083332,47.34479,test
2016-06-13 15:00:00,2016-06-14 03:00:00,12,Beijing,LSTM,53.25,42.026237,test
2016-06-13 16:00:00,2016-06-14 04:00:00,12,Beijing,LSTM,55.0,41.00639,test
2016-06-13 17:00:00,2016-06-14 05:00:00,12,Beijing,LSTM,51.25,40.46111,test
2016-06-13 18:00:00,2016-06-14 06:00:00,12,Beijing,LSTM,47.75,41.604355,test
2016-06-13 19:00:00,2016-06-14 07:00:00,12,Beijing,LSTM,43.916668,43.949345,test
2016-06-13 20:00:00,2016-06-14 08:00:00,12,Beijing,LSTM,40.916668,47.667103,test
2016-06-13 21:00:00,2016-06-14 09:00:00,12,Beijing,LSTM,37.833332,50.380074,test
2016-06-13 22:00:00,2016-06-14 10:00:00,12,Beijing,LSTM,31.0,51.36145,test
2016-06-13 23:00:00,2016-06-14 11:00:00,12,Beijing,LSTM,29.833332,53.105164,test
2016-06-14 00:00:00,2016-06-14 12:00:00,12,Beijing,LSTM,32.5,51.53616,test
2016-06-14 01:00:00,2016-06-14 13:00:00,12,Beijing,LSTM,30.833332,49.273247,test
2016-06-14 02:00:00,2016-06-14 14:00:00,12,Beijing,LSTM,28.166668,46.696384,test
2016-06-14 03:00:00,2016-06-14 15:00:00,12,Beijing,LSTM,20.75,43.48956,test
2016-06-14 04:00:00,2016-06-14 16:00:00,12,Beijing,LSTM,22.5,43.4587,test
2016-06-14 05:00:00,2016-06-14 17:00:00,12,Beijing,LSTM,22.833332,41.947823,test
2016-06-14 06:00:00,2016-06-14 18:00:00,12,Beijing,LSTM,23.25,40.68735,test
2016-06-14 07:00:00,2016-06-14 19:00:00,12,Beijing,LSTM,22.5,32.727116,test
2016-06-14 08:00:00,2016-06-14 20:00:00,12,Beijing,LSTM,23.166668,32.82268,test
2016-06-14 09:00:00,2016-06-14 21:00:00,12,Beijing,LSTM,22.916668,26.499146,test
2016-06-14 10:00:00,2016-06-14 22:00:00,12,Beijing,LSTM,21.166668,22.038063,test
2016-06-14 11:00:00,2016-06-14 23:00:00,12,Beijing,LSTM,21.0,20.137005,test
2016-06-14 12:00:00,2016-06-15 00:00:00,12,Beijing,LSTM,23.833332,21.29683,test
2016-06-14 13:00:00,2016-06-15 01:00:00,12,Beijing,LSTM,19.916668,21.421766,test
2016-06-14 14:00:00,2016-06-15 02:00:00,12,Beijing,LSTM,15.166667,20.787563,test
2016-06-14 15:00:00,2016-06-15 03:00:00,12,Beijing,LSTM,13.333333,20.153734,test
2016-06-14 16:00:00,2016-06-15 04:00:00,12,Beijing,LSTM,12.416667,21.001291,test
2016-06-14 17:00:00,2016-06-15 05:00:00,12,Beijing,LSTM,13.25,21.943874,test
2016-06-14 18:00:00,2016-06-15 06:00:00,12,Beijing,LSTM,12.916667,20.637405,test
2016-06-14 19:00:00,2016-06-15 07:00:00,12,Beijing,LSTM,17.083332,20.665688,test
2016-06-14 20:00:00,2016-06-15 08:00:00,12,Beijing,LSTM,16.583332,21.076107,test
2016-06-14 21:00:00,2016-06-15 09:00:00,12,Beijing,LSTM,18.166668,21.5597,test
2016-06-14 22:00:00,2016-06-15 10:00:00,12,Beijing,LSTM,16.75,21.058945,test
2016-06-14 23:00:00,2016-06-15 11:00:00,12,Beijing,LSTM,13.777778,21.371681,test
2016-06-15 00:00:00,2016-06-15 12:00:00,12,Beijing,LSTM,14.472222,22.256817,test
2016-06-15 01:00:00,2016-06-15 13:00:00,12,Beijing,LSTM,13.583333,22.856445,test
2016-06-15 02:00:00,2016-06-15 14:00:00,12,Beijing,LSTM,17.083332,23.98861,test
2016-06-15 03:00:00,2016-06-15 15:00:00,12,Beijing,LSTM,16.416668,24.385921,test
2016-06-15 04:00:00,2016-06-15 16:00:00,12,Beijing,LSTM,17.833332,25.276035,test
2016-06-15 05:00:00,2016-06-15 17:00:00,12,Beijing,LSTM,19.833332,26.489048,test
2016-06-15 06:00:00,2016-06-15 18:00:00,12,Beijing,LSTM,21.833332,28.827469,test
2016-06-15 07:00:00,2016-06-15 19:00:00,12,Beijing,LSTM,24.166668,31.822376,test
2016-06-15 08:00:00,2016-06-15 20:00:00,12,Beijing,LSTM,26.333332,34.836437,test
2016-06-15 09:00:00,2016-06-15 21:00:00,12,Beijing,LSTM,28.0,38.198826,test
2016-06-15 10:00:00,2016-06-15 22:00:00,12,Beijing,LSTM,23.25,40.936886,test
2016-06-15 11:00:00,2016-06-15 23:00:00,12,Beijing,LSTM,23.333332,41.10501,test
2016-06-15 12:00:00,2016-06-16 00:00:00,12,Beijing,LSTM,25.5,40.97943,test
2016-06-15 13:00:00,2016-06-16 01:00:00,12,Beijing,LSTM,23.583332,39.0968,test
2016-06-15 14:00:00,2016-06-16 02:00:00,12,Beijing,LSTM,21.63889,37.98371,test
2016-06-15 15:00:00,2016-06-16 03:00:00,12,Beijing,LSTM,22.36111,36.28006,test
2016-06-15 16:00:00,2016-06-16 04:00:00,12,Beijing,LSTM,24.083332,31.533876,test
2016-06-15 17:00:00,2016-06-16 05:00:00,12,Beijing,LSTM,32.25,28.194191,test
2016-06-15 18:00:00,2016-06-16 06:00:00,12,Beijing,LSTM,25.333332,28.236185,test
2016-06-15 19:00:00,2016-06-16 07:00:00,12,Beijing,LSTM,25.416668,30.701698,test
2016-06-15 20:00:00,2016-06-16 08:00:00,12,Beijing,LSTM,25.75,33.558376,test
2016-06-15 21:00:00,2016-06-16 09:00:00,12,Beijing,LSTM,30.333332,30.013454,test
2016-06-15 22:00:00,2016-06-16 10:00:00,12,Beijing,LSTM,28.25,28.40021,test
2016-06-15 23:00:00,2016-06-16 11:00:00,12,Beijing,LSTM,27.0,28.380926,test
2016-06-16 00:00:00,2016-06-16 12:00:00,12,Beijing,LSTM,25.333332,28.178684,test
2016-06-16 01:00:00,2016-06-16 13:00:00,12,Beijing,LSTM,29.083332,27.953247,test
2016-06-16 02:00:00,2016-06-16 14:00:00,12,Beijing,LSTM,22.555555,28.46585,test
2016-06-16 03:00:00,2016-06-16 15:00:00,12,Beijing,LSTM,20.027779,30.046583,test
2016-06-16 04:00:00,2016-06-16 16:00:00,12,Beijing,LSTM,17.875,32.532116,test
2016-06-16 05:00:00,2016-06-16 17:00:00,12,Beijing,LSTM,14.333333,36.363247,test
2016-06-16 06:00:00,2016-06-16 18:00:00,12,Beijing,LSTM,17.5,38.039703,test
2016-06-16 07:00:00,2016-06-16 19:00:00,12,Beijing,LSTM,24.125,39.523487,test
2016-06-16 08:00:00,2016-06-16 20:00:00,12,Beijing,LSTM,24.166668,41.707054,test
2016-06-16 09:00:00,2016-06-16 21:00:00,12,Beijing,LSTM,28.083332,43.90491,test
2016-06-16 10:00:00,2016-06-16 22:00:00,12,Beijing,LSTM,28.083332,46.469963,test
2016-06-16 11:00:00,2016-06-16 23:00:00,12,Beijing,LSTM,30.083332,47.032047,test
2016-06-16 12:00:00,2016-06-17 00:00:00,12,Beijing,LSTM,35.416668,45.443363,test
2016-06-16 13:00:00,2016-06-17 01:00:00,12,Beijing,LSTM,34.666668,44.810326,test
2016-06-16 14:00:00,2016-06-17 02:00:00,12,Beijing,LSTM,33.5,42.61307,test
2016-06-16 15:00:00,2016-06-17 03:00:00,12,Beijing,LSTM,26.083332,40.069042,test
2016-06-16 16:00:00,2016-06-17 04:00:00,12,Beijing,LSTM,23.5,38.344357,test
2016-06-16 17:00:00,2016-06-17 05:00:00,12,Beijing,LSTM,21.916668,35.253895,test
2016-06-16 18:00:00,2016-06-17 06:00:00,12,Beijing,LSTM,24.583332,32.886898,test
2016-06-16 19:00:00,2016-06-17 07:00:00,12,Beijing,LSTM,23.083332,34.069996,test
2016-06-16 20:00:00,2016-06-17 08:00:00,12,Beijing,LSTM,21.166668,35.2781,test
2016-06-16 21:00:00,2016-06-17 09:00:00,12,Beijing,LSTM,26.083332,36.443413,test
2016-06-16 22:00:00,2016-06-17 10:00:00,12,Beijing,LSTM,20.833332,36.475506,test
2016-06-16 23:00:00,2016-06-17 11:00:00,12,Beijing,LSTM,17.25,37.642548,test
2016-06-17 00:00:00,2016-06-17 12:00:00,12,Beijing,LSTM,16.916668,38.160793,test
2016-06-17 01:00:00,2016-06-17 13:00:00,12,Beijing,LSTM,15.916667,38.32965,test
2016-06-17 02:00:00,2016-06-17 14:00:00,12,Beijing,LSTM,18.75,38.933826,test
2016-06-17 03:00:00,2016-06-17 15:00:00,12,Beijing,LSTM,15.0,38.051624,test
2016-06-17 04:00:00,2016-06-17 16:00:00,12,Beijing,LSTM,17.5,38.219723,test
2016-06-17 05:00:00,2016-06-17 17:00:00,12,Beijing,LSTM,22.166668,38.17349,test
2016-06-17 06:00:00,2016-06-17 18:00:00,12,Beijing,LSTM,18.666668,37.324276,test
2016-06-17 07:00:00,2016-06-17 19:00:00,12,Beijing,LSTM,18.625,35.906033,test
2016-06-17 08:00:00,2016-06-17 20:00:00,12,Beijing,LSTM,23.5,37.080322,test
2016-06-17 09:00:00,2016-06-17 21:00:00,12,Beijing,LSTM,27.125,39.153767,test
2016-06-17 10:00:00,2016-06-17 22:00:00,12,Beijing,LSTM,24.75,31.918327,test
2016-06-17 11:00:00,2016-06-17 23:00:00,12,Beijing,LSTM,28.416668,29.475899,test
2016-06-17 12:00:00,2016-06-18 00:00:00,12,Beijing,LSTM,30.083332,30.056808,test
2016-06-17 13:00:00,2016-06-18 01:00:00,12,Beijing,LSTM,30.166668,28.724165,test
2016-06-17 14:00:00,2016-06-18 02:00:00,12,Beijing,LSTM,30.0,27.773117,test
2016-06-17 15:00:00,2016-06-18 03:00:00,12,Beijing,LSTM,28.75,25.41653,test
2016-06-17 16:00:00,2016-06-18 04:00:00,12,Beijing,LSTM,26.875,22.975992,test
2016-06-17 17:00:00,2016-06-18 05:00:00,12,Beijing,LSTM,29.166668,22.547165,test
2016-06-17 18:00:00,2016-06-18 06:00:00,12,Beijing,LSTM,28.25,21.20768,test
2016-06-17 19:00:00,2016-06-18 07:00:00,12,Beijing,LSTM,30.583332,20.875069,test
2016-06-17 20:00:00,2016-06-18 08:00:00,12,Beijing,LSTM,32.75,21.54962,test
2016-06-17 21:00:00,2016-06-18 09:00:00,12,Beijing,LSTM,35.75,22.36931,test
2016-06-17 22:00:00,2016-06-18 10:00:00,12,Beijing,LSTM,36.75,22.900051,test
2016-06-17 23:00:00,2016-06-18 11:00:00,12,Beijing,LSTM,44.833332,24.145628,test
2016-06-18 00:00:00,2016-06-18 12:00:00,12,Beijing,LSTM,47.083332,22.046192,test
2016-06-18 01:00:00,2016-06-18 13:00:00,12,Beijing,LSTM,37.75,23.173298,test
2016-06-18 02:00:00,2016-06-18 14:00:00,12,Beijing,LSTM,36.333332,24.880373,test
2016-06-18 03:00:00,2016-06-18 15:00:00,12,Beijing,LSTM,38.0,26.453398,test
2016-06-18 04:00:00,2016-06-18 16:00:00,12,Beijing,LSTM,42.583332,25.756966,test
2016-06-18 05:00:00,2016-06-18 17:00:00,12,Beijing,LSTM,43.75,27.113874,test
2016-06-18 06:00:00,2016-06-18 18:00:00,12,Beijing,LSTM,45.833332,27.245758,test
2016-06-18 07:00:00,2016-06-18 19:00:00,12,Beijing,LSTM,43.166668,30.27711,test
2016-06-18 08:00:00,2016-06-18 20:00:00,12,Beijing,LSTM,47.916668,34.762623,test
2016-06-18 09:00:00,2016-06-18 21:00:00,12,Beijing,LSTM,51.166668,39.99255,test
2016-06-18 10:00:00,2016-06-18 22:00:00,12,Beijing,LSTM,57.416668,45.0096,test
2016-06-18 11:00:00,2016-06-18 23:00:00,12,Beijing,LSTM,68.083336,49.424458,test
2016-06-18 12:00:00,2016-06-19 00:00:00,12,Beijing,LSTM,65.333336,52.344162,test
2016-06-18 13:00:00,2016-06-19 01:00:00,12,Beijing,LSTM,59.666668,48.292484,test
2016-06-18 14:00:00,2016-06-19 02:00:00,12,Beijing,LSTM,57.5,49.17403,test
2016-06-18 15:00:00,2016-06-19 03:00:00,12,Beijing,LSTM,58.083332,51.05855,test
2016-06-18 16:00:00,2016-06-19 04:00:00,12,Beijing,LSTM,57.416668,55.614666,test
2016-06-18 17:00:00,2016-06-19 05:00:00,12,Beijing,LSTM,59.0,61.132538,test
2016-06-18 18:00:00,2016-06-19 06:00:00,12,Beijing,LSTM,57.916668,71.54762,test
2016-06-18 19:00:00,2016-06-19 07:00:00,12,Beijing,LSTM,68.583336,82.66997,test
2016-06-18 20:00:00,2016-06-19 08:00:00,12,Beijing,LSTM,84.333336,92.28934,test
2016-06-18 21:00:00,2016-06-19 09:00:00,12,Beijing,LSTM,89.333336,97.02378,test
2016-06-18 22:00:00,2016-06-19 10:00:00,12,Beijing,LSTM,83.5,97.765915,test
2016-06-18 23:00:00,2016-06-19 11:00:00,12,Beijing,LSTM,71.5,99.62526,test
2016-06-19 00:00:00,2016-06-19 12:00:00,12,Beijing,LSTM,57.166668,96.631996,test
2016-06-19 01:00:00,2016-06-19 13:00:00,12,Beijing,LSTM,54.833332,95.197464,test
2016-06-19 02:00:00,2016-06-19 14:00:00,12,Beijing,LSTM,42.333332,86.969444,test
2016-06-19 03:00:00,2016-06-19 15:00:00,12,Beijing,LSTM,30.416668,80.94492,test
2016-06-19 04:00:00,2016-06-19 16:00:00,12,Beijing,LSTM,31.0,71.268295,test
2016-06-19 05:00:00,2016-06-19 17:00:00,12,Beijing,LSTM,28.25,63.299786,test
2016-06-19 06:00:00,2016-06-19 18:00:00,12,Beijing,LSTM,32.416668,57.961895,test
2016-06-19 07:00:00,2016-06-19 19:00:00,12,Beijing,LSTM,33.583332,62.731915,test
2016-06-19 08:00:00,2016-06-19 20:00:00,12,Beijing,LSTM,38.666668,66.11853,test
2016-06-19 09:00:00,2016-06-19 21:00:00,12,Beijing,LSTM,43.25,68.910904,test
2016-06-19 10:00:00,2016-06-19 22:00:00,12,Beijing,LSTM,81.833336,72.08026,test
2016-06-19 11:00:00,2016-06-19 23:00:00,12,Beijing,LSTM,121.416664,72.83359,test
2016-06-19 12:00:00,2016-06-20 00:00:00,12,Beijing,LSTM,146.41667,70.429474,test
2016-06-19 13:00:00,2016-06-20 01:00:00,12,Beijing,LSTM,159.08333,66.66859,test
2016-06-19 14:00:00,2016-06-20 02:00:00,12,Beijing,LSTM,155.16667,54.21587,test
2016-06-19 15:00:00,2016-06-20 03:00:00,12,Beijing,LSTM,147.0,49.89823,test
2016-06-19 16:00:00,2016-06-20 04:00:00,12,Beijing,LSTM,118.583336,51.6658,test
2016-06-19 17:00:00,2016-06-20 05:00:00,12,Beijing,LSTM,90.083336,53.22137,test
2016-06-19 18:00:00,2016-06-20 06:00:00,12,Beijing,LSTM,90.916664,57.25727,test
2016-06-19 19:00:00,2016-06-20 07:00:00,12,Beijing,LSTM,97.833336,60.840057,test
2016-06-19 20:00:00,2016-06-20 08:00:00,12,Beijing,LSTM,97.083336,65.79682,test
2016-06-19 21:00:00,2016-06-20 09:00:00,12,Beijing,LSTM,98.416664,70.923386,test
2016-06-19 22:00:00,2016-06-20 10:00:00,12,Beijing,LSTM,97.1,78.8098,test
2016-06-19 23:00:00,2016-06-20 11:00:00,12,Beijing,LSTM,95.825,86.67723,test
2016-06-20 00:00:00,2016-06-20 12:00:00,12,Beijing,LSTM,87.65417,93.337364,test
2016-06-20 01:00:00,2016-06-20 13:00:00,12,Beijing,LSTM,82.275,97.59822,test
2016-06-20 02:00:00,2016-06-20 14:00:00,12,Beijing,LSTM,69.395836,100.09997,test
2016-06-20 03:00:00,2016-06-20 15:00:00,12,Beijing,LSTM,64.666664,101.39508,test
2016-06-20 04:00:00,2016-06-20 16:00:00,12,Beijing,LSTM,61.0,101.90367,test
2016-06-20 05:00:00,2016-06-20 17:00:00,12,Beijing,LSTM,58.818184,102.03735,test
2016-06-20 06:00:00,2016-06-20 18:00:00,12,Beijing,LSTM,51.454544,102.19934,test
2016-06-20 07:00:00,2016-06-20 19:00:00,12,Beijing,LSTM,55.636364,102.211136,test
2016-06-20 08:00:00,2016-06-20 20:00:00,12,Beijing,LSTM,52.0,102.23323,test
2016-06-20 09:00:00,2016-06-20 21:00:00,12,Beijing,LSTM,50.818184,102.22414,test
2016-06-20 10:00:00,2016-06-20 22:00:00,12,Beijing,LSTM,53.909092,101.98128,test
2016-06-20 11:00:00,2016-06-20 23:00:00,12,Beijing,LSTM,57.727272,100.33654,test
2016-06-20 12:00:00,2016-06-21 00:00:00,12,Beijing,LSTM,61.0,97.250305,test
2016-06-20 13:00:00,2016-06-21 01:00:00,12,Beijing,LSTM,63.545456,97.02099,test
2016-06-20 14:00:00,2016-06-21 02:00:00,12,Beijing,LSTM,64.0,95.845726,test
2016-06-20 15:00:00,2016-06-21 03:00:00,12,Beijing,LSTM,64.27273,96.40422,test
2016-06-20 16:00:00,2016-06-21 04:00:00,12,Beijing,LSTM,68.545456,96.68762,test
2016-06-20 17:00:00,2016-06-21 05:00:00,12,Beijing,LSTM,77.181816,77.90803,test
2016-06-20 18:00:00,2016-06-21 06:00:00,12,Beijing,LSTM,84.09091,82.37493,test
2016-06-20 19:00:00,2016-06-21 07:00:00,12,Beijing,LSTM,90.72727,71.58498,test
2016-06-20 20:00:00,2016-06-21 08:00:00,12,Beijing,LSTM,110.36363,59.58933,test
2016-06-20 21:00:00,2016-06-21 09:00:00,12,Beijing,LSTM,134.54546,55.613255,test
2016-06-20 22:00:00,2016-06-21 10:00:00,12,Beijing,LSTM,139.27272,48.897045,test
2016-06-20 23:00:00,2016-06-21 11:00:00,12,Beijing,LSTM,133.81818,42.87174,test
2016-06-21 00:00:00,2016-06-21 12:00:00,12,Beijing,LSTM,129.90909,42.45799,test
2016-06-21 01:00:00,2016-06-21 13:00:00,12,Beijing,LSTM,124.36363,42.32911,test
2016-06-21 02:00:00,2016-06-21 14:00:00,12,Beijing,LSTM,99.583336,42.99162,test
2016-06-21 03:00:00,2016-06-21 15:00:00,12,Beijing,LSTM,89.0,39.316235,test
2016-06-21 04:00:00,2016-06-21 16:00:00,12,Beijing,LSTM,89.541664,39.845707,test
2016-06-21 05:00:00,2016-06-21 17:00:00,12,Beijing,LSTM,104.0,40.69314,test
2016-06-21 06:00:00,2016-06-21 18:00:00,12,Beijing,LSTM,99.5,45.21185,test
2016-06-21 07:00:00,2016-06-21 19:00:00,12,Beijing,LSTM,85.333336,48.99653,test
2016-06-21 08:00:00,2016-06-21 20:00:00,12,Beijing,LSTM,44.416668,53.130222,test
2016-06-21 09:00:00,2016-06-21 21:00:00,12,Beijing,LSTM,24.0,56.613594,test
2016-06-21 10:00:00,2016-06-21 22:00:00,12,Beijing,LSTM,29.416668,60.556614,test
2016-06-21 11:00:00,2016-06-21 23:00:00,12,Beijing,LSTM,34.916668,65.34455,test
2016-06-21 12:00:00,2016-06-22 00:00:00,12,Beijing,LSTM,38.833332,68.544,test
2016-06-21 13:00:00,2016-06-22 01:00:00,12,Beijing,LSTM,40.25,71.61736,test
2016-06-21 14:00:00,2016-06-22 02:00:00,12,Beijing,LSTM,33.916668,70.93337,test
2016-06-21 15:00:00,2016-06-22 03:00:00,12,Beijing,LSTM,31.5,74.87999,test
2016-06-21 16:00:00,2016-06-22 04:00:00,12,Beijing,LSTM,32.583332,80.456314,test
2016-06-21 17:00:00,2016-06-22 05:00:00,12,Beijing,LSTM,34.583332,86.07525,test
2016-06-21 18:00:00,2016-06-22 06:00:00,12,Beijing,LSTM,37.916668,91.09442,test
2016-06-21 19:00:00,2016-06-22 07:00:00,12,Beijing,LSTM,39.333332,95.91023,test
2016-06-21 20:00:00,2016-06-22 08:00:00,12,Beijing,LSTM,39.166668,85.0447,test
2016-06-21 21:00:00,2016-06-22 09:00:00,12,Beijing,LSTM,42.666668,65.3897,test
2016-06-21 22:00:00,2016-06-22 10:00:00,12,Beijing,LSTM,42.75,58.2479,test
2016-06-21 23:00:00,2016-06-22 11:00:00,12,Beijing,LSTM,54.666668,54.766087,test
2016-06-22 00:00:00,2016-06-22 12:00:00,12,Beijing,LSTM,68.083336,50.43882,test
2016-06-22 01:00:00,2016-06-22 13:00:00,12,Beijing,LSTM,77.333336,53.9558,test
2016-06-22 02:00:00,2016-06-22 14:00:00,12,Beijing,LSTM,77.75,52.206463,test
2016-06-22 03:00:00,2016-06-22 15:00:00,12,Beijing,LSTM,74.083336,55.022457,test
2016-06-22 04:00:00,2016-06-22 16:00:00,12,Beijing,LSTM,71.0,58.960194,test
2016-06-22 05:00:00,2016-06-22 17:00:00,12,Beijing,LSTM,72.333336,61.982365,test
2016-06-22 06:00:00,2016-06-22 18:00:00,12,Beijing,LSTM,72.333336,64.69479,test
2016-06-22 07:00:00,2016-06-22 19:00:00,12,Beijing,LSTM,57.083332,67.0429,test
2016-06-22 08:00:00,2016-06-22 20:00:00,12,Beijing,LSTM,49.75,70.000244,test
2016-06-22 09:00:00,2016-06-22 21:00:00,12,Beijing,LSTM,53.333332,73.31915,test
2016-06-22 10:00:00,2016-06-22 22:00:00,12,Beijing,LSTM,77.666664,77.60083,test
2016-06-22 11:00:00,2016-06-22 23:00:00,12,Beijing,LSTM,88.916664,81.60126,test
2016-06-22 12:00:00,2016-06-23 00:00:00,12,Beijing,LSTM,74.916664,83.2126,test
2016-06-22 13:00:00,2016-06-23 01:00:00,12,Beijing,LSTM,70.916664,83.2684,test
2016-06-22 14:00:00,2016-06-23 02:00:00,12,Beijing,LSTM,71.916664,83.00438,test
2016-06-22 15:00:00,2016-06-23 03:00:00,12,Beijing,LSTM,76.0,83.66438,test
2016-06-22 16:00:00,2016-06-23 04:00:00,12,Beijing,LSTM,86.583336,85.71274,test
2016-06-22 17:00:00,2016-06-23 05:00:00,12,Beijing,LSTM,108.916664,87.13696,test
2016-06-22 18:00:00,2016-06-23 06:00:00,12,Beijing,LSTM,127.0,90.60614,test
2016-06-22 19:00:00,2016-06-23 07:00:00,12,Beijing,LSTM,121.333336,95.6595,test
2016-06-22 20:00:00,2016-06-23 08:00:00,12,Beijing,LSTM,105.333336,99.37173,test
2016-06-22 21:00:00,2016-06-23 09:00:00,12,Beijing,LSTM,74.666664,99.89148,test
2016-06-22 22:00:00,2016-06-23 10:00:00,12,Beijing,LSTM,47.416668,101.43965,test
2016-06-22 23:00:00,2016-06-23 11:00:00,12,Beijing,LSTM,44.083332,101.97182,test
2016-06-23 00:00:00,2016-06-23 12:00:00,12,Beijing,LSTM,76.0,102.04773,test
2016-06-23 01:00:00,2016-06-23 13:00:00,12,Beijing,LSTM,102.916664,101.97745,test
2016-06-23 02:00:00,2016-06-23 14:00:00,12,Beijing,LSTM,91.833336,101.75125,test
2016-06-23 03:00:00,2016-06-23 15:00:00,12,Beijing,LSTM,79.333336,99.97235,test
2016-06-23 04:00:00,2016-06-23 16:00:00,12,Beijing,LSTM,66.333336,94.05336,test
2016-06-23 05:00:00,2016-06-23 17:00:00,12,Beijing,LSTM,59.5,99.74706,test
2016-06-23 06:00:00,2016-06-23 18:00:00,12,Beijing,LSTM,67.583336,101.63846,test
2016-06-23 07:00:00,2016-06-23 19:00:00,12,Beijing,LSTM,70.583336,101.96267,test
2016-06-23 08:00:00,2016-06-23 20:00:00,12,Beijing,LSTM,75.791664,98.57412,test
2016-06-23 09:00:00,2016-06-23 21:00:00,12,Beijing,LSTM,64.888885,46.38537,test
2016-06-23 10:00:00,2016-06-23 22:00:00,12,Beijing,LSTM,42.944443,26.510353,test
2016-06-23 11:00:00,2016-06-23 23:00:00,12,Beijing,LSTM,33.833332,25.994911,test
2016-06-23 12:00:00,2016-06-24 00:00:00,12,Beijing,LSTM,34.208332,39.857998,test
2016-06-23 13:00:00,2016-06-24 01:00:00,12,Beijing,LSTM,35.25,53.9891,test
2016-06-23 14:00:00,2016-06-24 02:00:00,12,Beijing,LSTM,34.416668,58.639294,test
2016-06-23 15:00:00,2016-06-24 03:00:00,12,Beijing,LSTM,32.333332,62.636986,test
2016-06-23 16:00:00,2016-06-24 04:00:00,12,Beijing,LSTM,26.5,63.14029,test
2016-06-23 17:00:00,2016-06-24 05:00:00,12,Beijing,LSTM,19.5,61.788258,test
2016-06-23 18:00:00,2016-06-24 06:00:00,12,Beijing,LSTM,10.333333,68.00556,test
2016-06-23 19:00:00,2016-06-24 07:00:00,12,Beijing,LSTM,10.5,75.49389,test
2016-06-23 20:00:00,2016-06-24 08:00:00,12,Beijing,LSTM,9.666667,65.40802,test
2016-06-23 21:00:00,2016-06-24 09:00:00,12,Beijing,LSTM,8.5,45.25953,test
2016-06-23 22:00:00,2016-06-24 10:00:00,12,Beijing,LSTM,8.388889,44.211132,test
2016-06-23 23:00:00,2016-06-24 11:00:00,12,Beijing,LSTM,10.444444,43.987144,test
2016-06-24 00:00:00,2016-06-24 12:00:00,12,Beijing,LSTM,6.625,46.063244,test
2016-06-24 01:00:00,2016-06-24 13:00:00,12,Beijing,LSTM,6.833333,45.868732,test
2016-06-24 02:00:00,2016-06-24 14:00:00,12,Beijing,LSTM,8.708333,44.928032,test
2016-06-24 03:00:00,2016-06-24 15:00:00,12,Beijing,LSTM,6.666667,40.51093,test
2016-06-24 04:00:00,2016-06-24 16:00:00,12,Beijing,LSTM,8.75,38.528248,test
2016-06-24 05:00:00,2016-06-24 17:00:00,12,Beijing,LSTM,11.916667,38.574097,test
2016-06-24 06:00:00,2016-06-24 18:00:00,12,Beijing,LSTM,7.75,40.144238,test
2016-06-24 07:00:00,2016-06-24 19:00:00,12,Beijing,LSTM,8.416667,42.885696,test
2016-06-24 08:00:00,2016-06-24 20:00:00,12,Beijing,LSTM,9.75,42.03819,test
2016-06-24 09:00:00,2016-06-24 21:00:00,12,Beijing,LSTM,9.0,39.492397,test
2016-06-24 10:00:00,2016-06-24 22:00:00,12,Beijing,LSTM,8.583333,39.002857,test
2016-06-24 11:00:00,2016-06-24 23:00:00,12,Beijing,LSTM,7.083333,36.21101,test
2016-06-24 12:00:00,2016-06-25 00:00:00,12,Beijing,LSTM,5.583333,31.774986,test
2016-06-24 13:00:00,2016-06-25 01:00:00,12,Beijing,LSTM,6.083333,29.95119,test
2016-06-24 14:00:00,2016-06-25 02:00:00,12,Beijing,LSTM,7.25,28.222485,test
2016-06-24 15:00:00,2016-06-25 03:00:00,12,Beijing,LSTM,6.916667,25.403786,test
2016-06-24 16:00:00,2016-06-25 04:00:00,12,Beijing,LSTM,7.583333,22.490498,test
2016-06-24 17:00:00,2016-06-25 05:00:00,12,Beijing,LSTM,8.5,19.712784,test
2016-06-24 18:00:00,2016-06-25 06:00:00,12,Beijing,LSTM,8.333333,19.869606,test
2016-06-24 19:00:00,2016-06-25 07:00:00,12,Beijing,LSTM,10.25,16.863688,test
2016-06-24 20:00:00,2016-06-25 08:00:00,12,Beijing,LSTM,11.5,16.265284,test
2016-06-24 21:00:00,2016-06-25 09:00:00,12,Beijing,LSTM,9.791667,15.830363,test
2016-06-24 22:00:00,2016-06-25 10:00:00,12,Beijing,LSTM,9.818182,15.210243,test
2016-06-24 23:00:00,2016-06-25 11:00:00,12,Beijing,LSTM,11.727273,15.279783,test
2016-06-25 00:00:00,2016-06-25 12:00:00,12,Beijing,LSTM,13.727273,14.607492,test
2016-06-25 01:00:00,2016-06-25 13:00:00,12,Beijing,LSTM,18.181818,15.175637,test
2016-06-25 02:00:00,2016-06-25 14:00:00,12,Beijing,LSTM,20.181818,15.624086,test
2016-06-25 03:00:00,2016-06-25 15:00:00,12,Beijing,LSTM,21.727274,15.892535,test
2016-06-25 04:00:00,2016-06-25 16:00:00,12,Beijing,LSTM,22.0,16.16316,test
2016-06-25 05:00:00,2016-06-25 17:00:00,12,Beijing,LSTM,24.6,17.17731,test
2016-06-25 06:00:00,2016-06-25 18:00:00,12,Beijing,LSTM,24.909092,18.061062,test
2016-06-25 07:00:00,2016-06-25 19:00:00,12,Beijing,LSTM,27.363636,20.333767,test
2016-06-25 08:00:00,2016-06-25 20:00:00,12,Beijing,LSTM,24.909092,23.98365,test
2016-06-25 09:00:00,2016-06-25 21:00:00,12,Beijing,LSTM,32.454544,26.139015,test
2016-06-25 10:00:00,2016-06-25 22:00:00,12,Beijing,LSTM,32.636364,26.662489,test
2016-06-25 11:00:00,2016-06-25 23:00:00,12,Beijing,LSTM,34.0,27.885508,test
2016-06-25 12:00:00,2016-06-26 00:00:00,12,Beijing,LSTM,35.090908,28.700155,test
2016-06-25 13:00:00,2016-06-26 01:00:00,12,Beijing,LSTM,36.727272,28.111546,test
2016-06-25 14:00:00,2016-06-26 02:00:00,12,Beijing,LSTM,37.090908,29.542093,test
2016-06-25 15:00:00,2016-06-26 03:00:00,12,Beijing,LSTM,38.727272,31.140114,test
2016-06-25 16:00:00,2016-06-26 04:00:00,12,Beijing,LSTM,38.909092,32.01195,test
2016-06-25 17:00:00,2016-06-26 05:00:00,12,Beijing,LSTM,39.272728,31.53107,test
2016-06-25 18:00:00,2016-06-26 06:00:00,12,Beijing,LSTM,37.636364,34.01314,test
2016-06-25 19:00:00,2016-06-26 07:00:00,12,Beijing,LSTM,34.363636,33.334476,test
2016-06-25 20:00:00,2016-06-26 08:00:00,12,Beijing,LSTM,37.545456,33.58769,test
2016-06-25 21:00:00,2016-06-26 09:00:00,12,Beijing,LSTM,35.545456,34.30383,test
2016-06-25 22:00:00,2016-06-26 10:00:00,12,Beijing,LSTM,35.818184,33.159813,test
2016-06-25 23:00:00,2016-06-26 11:00:00,12,Beijing,LSTM,41.090908,32.4802,test
2016-06-26 00:00:00,2016-06-26 12:00:00,12,Beijing,LSTM,45.636364,32.111225,test
2016-06-26 01:00:00,2016-06-26 13:00:00,12,Beijing,LSTM,45.545456,31.947844,test
2016-06-26 02:00:00,2016-06-26 14:00:00,12,Beijing,LSTM,42.181816,32.958942,test
2016-06-26 03:00:00,2016-06-26 15:00:00,12,Beijing,LSTM,40.181816,34.614132,test
2016-06-26 04:00:00,2016-06-26 16:00:00,12,Beijing,LSTM,37.181816,36.322918,test
2016-06-26 05:00:00,2016-06-26 17:00:00,12,Beijing,LSTM,37.272728,37.993687,test
2016-06-26 06:00:00,2016-06-26 18:00:00,12,Beijing,LSTM,41.113636,39.056416,test
2016-06-26 07:00:00,2016-06-26 19:00:00,12,Beijing,LSTM,44.045456,41.358875,test
2016-06-26 08:00:00,2016-06-26 20:00:00,12,Beijing,LSTM,44.159092,44.576633,test
2016-06-26 09:00:00,2016-06-26 21:00:00,12,Beijing,LSTM,47.363636,47.980385,test
2016-06-26 10:00:00,2016-06-26 22:00:00,12,Beijing,LSTM,46.090908,51.68311,test
2016-06-26 11:00:00,2016-06-26 23:00:00,12,Beijing,LSTM,45.818184,54.59139,test
2016-06-26 12:00:00,2016-06-27 00:00:00,12,Beijing,LSTM,44.636364,56.385628,test
2016-06-26 13:00:00,2016-06-27 01:00:00,12,Beijing,LSTM,44.727272,55.176662,test
2016-06-26 14:00:00,2016-06-27 02:00:00,12,Beijing,LSTM,48.636364,56.76309,test
2016-06-26 15:00:00,2016-06-27 03:00:00,12,Beijing,LSTM,51.909092,57.54566,test
2016-06-26 16:00:00,2016-06-27 04:00:00,12,Beijing,LSTM,53.818184,58.259926,test
2016-06-26 17:00:00,2016-06-27 05:00:00,12,Beijing,LSTM,58.727272,65.76529,test
2016-06-26 18:00:00,2016-06-27 06:00:00,12,Beijing,LSTM,62.727272,76.71428,test
2016-06-26 19:00:00,2016-06-27 07:00:00,12,Beijing,LSTM,65.454544,86.56494,test
2016-06-26 20:00:00,2016-06-27 08:00:00,12,Beijing,LSTM,60.545456,94.08871,test
2016-06-26 21:00:00,2016-06-27 09:00:00,12,Beijing,LSTM,51.636364,98.36917,test
2016-06-26 22:00:00,2016-06-27 10:00:00,12,Beijing,LSTM,46.272728,100.15419,test
2016-06-26 23:00:00,2016-06-27 11:00:00,12,Beijing,LSTM,49.0,101.040535,test
2016-06-27 00:00:00,2016-06-27 12:00:00,12,Beijing,LSTM,55.5,101.230415,test
2016-06-27 01:00:00,2016-06-27 13:00:00,12,Beijing,LSTM,58.25,99.47102,test
2016-06-27 02:00:00,2016-06-27 14:00:00,12,Beijing,LSTM,70.5,99.52352,test
2016-06-27 03:00:00,2016-06-27 15:00:00,12,Beijing,LSTM,73.833336,100.64589,test
2016-06-27 04:00:00,2016-06-27 16:00:00,12,Beijing,LSTM,78.083336,101.19626,test
2016-06-27 05:00:00,2016-06-27 17:00:00,12,Beijing,LSTM,77.666664,101.47951,test
2016-06-27 06:00:00,2016-06-27 18:00:00,12,Beijing,LSTM,77.333336,101.42646,test
2016-06-27 07:00:00,2016-06-27 19:00:00,12,Beijing,LSTM,71.666664,101.71443,test
2016-06-27 08:00:00,2016-06-27 20:00:00,12,Beijing,LSTM,56.333332,60.79376,test
2016-06-27 09:00:00,2016-06-27 21:00:00,12,Beijing,LSTM,52.333332,81.40108,test
2016-06-27 10:00:00,2016-06-27 22:00:00,12,Beijing,LSTM,50.0,87.20221,test
2016-06-27 11:00:00,2016-06-27 23:00:00,12,Beijing,LSTM,52.75,94.68777,test
2016-06-27 12:00:00,2016-06-28 00:00:00,12,Beijing,LSTM,56.916668,96.30852,test
2016-06-27 13:00:00,2016-06-28 01:00:00,12,Beijing,LSTM,58.666668,91.696884,test
2016-06-27 14:00:00,2016-06-28 02:00:00,12,Beijing,LSTM,63.083332,92.32837,test
2016-06-27 15:00:00,2016-06-28 03:00:00,12,Beijing,LSTM,63.0,85.24589,test
2016-06-27 16:00:00,2016-06-28 04:00:00,12,Beijing,LSTM,62.583332,92.713005,test
2016-06-27 17:00:00,2016-06-28 05:00:00,12,Beijing,LSTM,62.333332,94.7377,test
2016-06-27 18:00:00,2016-06-28 06:00:00,12,Beijing,LSTM,59.416668,98.47647,test
2016-06-27 19:00:00,2016-06-28 07:00:00,12,Beijing,LSTM,50.083332,77.97061,test
2016-06-27 20:00:00,2016-06-28 08:00:00,12,Beijing,LSTM,33.416668,46.20307,test
2016-06-27 21:00:00,2016-06-28 09:00:00,12,Beijing,LSTM,30.083332,44.261055,test
2016-06-27 22:00:00,2016-06-28 10:00:00,12,Beijing,LSTM,29.25,51.84246,test
2016-06-27 23:00:00,2016-06-28 11:00:00,12,Beijing,LSTM,38.416668,55.23392,test
2016-06-28 00:00:00,2016-06-28 12:00:00,12,Beijing,LSTM,47.166668,57.491123,test
2016-06-28 01:00:00,2016-06-28 13:00:00,12,Beijing,LSTM,54.416668,58.221313,test
2016-06-28 02:00:00,2016-06-28 14:00:00,12,Beijing,LSTM,60.583332,57.206753,test
2016-06-28 03:00:00,2016-06-28 15:00:00,12,Beijing,LSTM,66.25,51.04352,test
2016-06-28 04:00:00,2016-06-28 16:00:00,12,Beijing,LSTM,75.666664,61.20167,test
2016-06-28 05:00:00,2016-06-28 17:00:00,12,Beijing,LSTM,87.0,69.03522,test
2016-06-28 06:00:00,2016-06-28 18:00:00,12,Beijing,LSTM,94.333336,79.603714,test
2016-06-28 07:00:00,2016-06-28 19:00:00,12,Beijing,LSTM,96.583336,85.20952,test
2016-06-28 08:00:00,2016-06-28 20:00:00,12,Beijing,LSTM,102.0,92.57295,test
2016-06-28 09:00:00,2016-06-28 21:00:00,12,Beijing,LSTM,108.166664,96.28682,test
2016-06-28 10:00:00,2016-06-28 22:00:00,12,Beijing,LSTM,111.416664,96.8743,test
2016-06-28 11:00:00,2016-06-28 23:00:00,12,Beijing,LSTM,111.833336,96.99356,test
2016-06-28 12:00:00,2016-06-29 00:00:00,12,Beijing,LSTM,106.916664,99.74439,test
2016-06-28 13:00:00,2016-06-29 01:00:00,12,Beijing,LSTM,101.166664,99.46907,test
2016-06-28 14:00:00,2016-06-29 02:00:00,12,Beijing,LSTM,98.0,100.75255,test
2016-06-28 15:00:00,2016-06-29 03:00:00,12,Beijing,LSTM,98.833336,101.263885,test
2016-06-28 16:00:00,2016-06-29 04:00:00,12,Beijing,LSTM,102.0,98.88345,test
2016-06-28 17:00:00,2016-06-29 05:00:00,12,Beijing,LSTM,106.5,100.55051,test
2016-06-28 18:00:00,2016-06-29 06:00:00,12,Beijing,LSTM,106.0,95.58359,test
2016-06-28 19:00:00,2016-06-29 07:00:00,12,Beijing,LSTM,108.583336,72.922386,test
2016-06-28 20:00:00,2016-06-29 08:00:00,12,Beijing,LSTM,117.166664,59.743,test
2016-06-28 21:00:00,2016-06-29 09:00:00,12,Beijing,LSTM,119.833336,56.427925,test
2016-06-28 22:00:00,2016-06-29 10:00:00,12,Beijing,LSTM,114.75,57.644035,test
2016-06-28 23:00:00,2016-06-29 11:00:00,12,Beijing,LSTM,105.416664,59.45899,test
2016-06-29 00:00:00,2016-06-29 12:00:00,12,Beijing,LSTM,110.083336,57.8802,test
2016-06-29 01:00:00,2016-06-29 13:00:00,12,Beijing,LSTM,115.583336,51.090168,test
2016-06-29 02:00:00,2016-06-29 14:00:00,12,Beijing,LSTM,113.75,44.783257,test
2016-06-29 03:00:00,2016-06-29 15:00:00,12,Beijing,LSTM,110.25,45.97818,test
2016-06-29 04:00:00,2016-06-29 16:00:00,12,Beijing,LSTM,106.583336,40.133762,test
2016-06-29 05:00:00,2016-06-29 17:00:00,12,Beijing,LSTM,113.916664,38.471786,test
2016-06-29 06:00:00,2016-06-29 18:00:00,12,Beijing,LSTM,116.75,39.50485,test
2016-06-29 07:00:00,2016-06-29 19:00:00,12,Beijing,LSTM,122.583336,43.898834,test
2016-06-29 08:00:00,2016-06-29 20:00:00,12,Beijing,LSTM,120.416664,47.923847,test
2016-06-29 09:00:00,2016-06-29 21:00:00,12,Beijing,LSTM,123.083336,50.28973,test
2016-06-29 10:00:00,2016-06-29 22:00:00,12,Beijing,LSTM,115.083336,46.354633,test
2016-06-29 11:00:00,2016-06-29 23:00:00,12,Beijing,LSTM,106.666664,42.650486,test
2016-06-29 12:00:00,2016-06-30 00:00:00,12,Beijing,LSTM,89.333336,52.873356,test
2016-06-29 13:00:00,2016-06-30 01:00:00,12,Beijing,LSTM,80.583336,60.456867,test
2016-06-29 14:00:00,2016-06-30 02:00:00,12,Beijing,LSTM,82.166664,63.15203,test
2016-06-29 15:00:00,2016-06-30 03:00:00,12,Beijing,LSTM,67.0,65.31986,test
2016-06-29 16:00:00,2016-06-30 04:00:00,12,Beijing,LSTM,57.0,72.433235,test
2016-06-29 17:00:00,2016-06-30 05:00:00,12,Beijing,LSTM,56.25,78.96738,test
2016-06-29 18:00:00,2016-06-30 06:00:00,12,Beijing,LSTM,61.916668,48.45309,test
2016-06-29 19:00:00,2016-06-30 07:00:00,12,Beijing,LSTM,61.833332,65.935905,test
2016-06-29 20:00:00,2016-06-30 08:00:00,12,Beijing,LSTM,69.75,66.9613,test
2016-06-29 21:00:00,2016-06-30 09:00:00,12,Beijing,LSTM,71.583336,67.362274,test
2016-06-29 22:00:00,2016-06-30 10:00:00,12,Beijing,LSTM,67.0,42.953228,test
2016-06-29 23:00:00,2016-06-30 11:00:00,12,Beijing,LSTM,66.5,37.359604,test
2016-06-30 00:00:00,2016-06-30 12:00:00,12,Beijing,LSTM,56.75,24.732662,test
2016-06-30 01:00:00,2016-06-30 13:00:00,12,Beijing,LSTM,51.0,23.726208,test
2016-06-30 02:00:00,2016-06-30 14:00:00,12,Beijing,LSTM,48.25,17.215252,test
2016-06-30 03:00:00,2016-06-30 15:00:00,12,Beijing,LSTM,41.083332,17.855103,test
2016-06-30 04:00:00,2016-06-30 16:00:00,12,Beijing,LSTM,34.25,16.91331,test
2016-06-30 05:00:00,2016-06-30 17:00:00,12,Beijing,LSTM,30.25,16.835247,test
2016-06-30 06:00:00,2016-06-30 18:00:00,12,Beijing,LSTM,30.083332,19.40227,test
2016-06-30 07:00:00,2016-06-30 19:00:00,12,Beijing,LSTM,39.75,24.352673,test
2016-06-30 08:00:00,2016-06-30 20:00:00,12,Beijing,LSTM,56.75,29.213005,test
2016-06-30 09:00:00,2016-06-30 21:00:00,12,Beijing,LSTM,69.166664,37.710155,test
2016-06-30 10:00:00,2016-06-30 22:00:00,12,Beijing,LSTM,85.416664,42.08151,test
2016-06-30 11:00:00,2016-06-30 23:00:00,12,Beijing,LSTM,90.166664,47.778946,test
2016-06-30 12:00:00,2016-07-01 00:00:00,12,Beijing,LSTM,26.666668,47.82827,test
2016-06-30 13:00:00,2016-07-01 01:00:00,12,Beijing,LSTM,8.416667,50.54944,test
2016-06-30 14:00:00,2016-07-01 02:00:00,12,Beijing,LSTM,9.5,53.231262,test
2016-06-30 15:00:00,2016-07-01 03:00:00,12,Beijing,LSTM,9.583333,51.631927,test
2016-06-30 16:00:00,2016-07-01 04:00:00,12,Beijing,LSTM,10.916667,48.66424,test
2016-06-30 17:00:00,2016-07-01 05:00:00,12,Beijing,LSTM,10.75,46.026447,test
2016-06-30 18:00:00,2016-07-01 06:00:00,12,Beijing,LSTM,10.666667,39.548237,test
2016-06-30 19:00:00,2016-07-01 07:00:00,12,Beijing,LSTM,11.5,40.477333,test
2016-06-30 20:00:00,2016-07-01 08:00:00,12,Beijing,LSTM,10.416667,47.7168,test
2016-06-30 21:00:00,2016-07-01 09:00:00,12,Beijing,LSTM,8.333333,50.78529,test
2016-06-30 22:00:00,2016-07-01 10:00:00,12,Beijing,LSTM,6.666667,55.19565,test
2016-06-30 23:00:00,2016-07-01 11:00:00,12,Beijing,LSTM,7.666667,52.91203,test
2016-07-01 00:00:00,2016-07-01 12:00:00,12,Beijing,LSTM,6.833333,26.046146,test
2016-07-01 01:00:00,2016-07-01 13:00:00,12,Beijing,LSTM,8.833333,19.827583,test
2016-07-01 02:00:00,2016-07-01 14:00:00,12,Beijing,LSTM,9.138889,19.241592,test
2016-07-01 03:00:00,2016-07-01 15:00:00,12,Beijing,LSTM,9.194444,19.505676,test
2016-07-01 04:00:00,2016-07-01 16:00:00,12,Beijing,LSTM,7.333333,20.072113,test
2016-07-01 05:00:00,2016-07-01 17:00:00,12,Beijing,LSTM,10.083333,19.942848,test
2016-07-01 06:00:00,2016-07-01 18:00:00,12,Beijing,LSTM,15.25,21.137783,test
2016-07-01 07:00:00,2016-07-01 19:00:00,12,Beijing,LSTM,19.333332,22.022211,test
2016-07-01 08:00:00,2016-07-01 20:00:00,12,Beijing,LSTM,20.25,23.512772,test
2016-07-01 09:00:00,2016-07-01 21:00:00,12,Beijing,LSTM,23.25,22.726551,test
2016-07-01 10:00:00,2016-07-01 22:00:00,12,Beijing,LSTM,28.25,23.330729,test
2016-07-01 11:00:00,2016-07-01 23:00:00,12,Beijing,LSTM,27.583332,23.651905,test
2016-07-01 12:00:00,2016-07-02 00:00:00,12,Beijing,LSTM,27.583332,22.71049,test
2016-07-01 13:00:00,2016-07-02 01:00:00,12,Beijing,LSTM,31.166668,21.29919,test
2016-07-01 14:00:00,2016-07-02 02:00:00,12,Beijing,LSTM,35.5,20.938528,test
2016-07-01 15:00:00,2016-07-02 03:00:00,12,Beijing,LSTM,41.666668,20.070118,test
2016-07-01 16:00:00,2016-07-02 04:00:00,12,Beijing,LSTM,46.5,19.143295,test
2016-07-01 17:00:00,2016-07-02 05:00:00,12,Beijing,LSTM,49.416668,18.364975,test
2016-07-01 18:00:00,2016-07-02 06:00:00,12,Beijing,LSTM,58.5,18.545254,test
2016-07-01 19:00:00,2016-07-02 07:00:00,12,Beijing,LSTM,74.083336,19.633362,test
2016-07-01 20:00:00,2016-07-02 08:00:00,12,Beijing,LSTM,88.0,19.060884,test
2016-07-01 21:00:00,2016-07-02 09:00:00,12,Beijing,LSTM,84.541664,18.449657,test
2016-07-01 22:00:00,2016-07-02 10:00:00,12,Beijing,LSTM,71.583336,18.894901,test
2016-07-01 23:00:00,2016-07-02 11:00:00,12,Beijing,LSTM,64.041664,18.96404,test
2016-07-02 00:00:00,2016-07-02 12:00:00,12,Beijing,LSTM,58.083332,18.172222,test
2016-07-02 01:00:00,2016-07-02 13:00:00,12,Beijing,LSTM,43.375,18.872658,test
2016-07-02 02:00:00,2016-07-02 14:00:00,12,Beijing,LSTM,30.583332,20.558197,test
2016-07-02 03:00:00,2016-07-02 15:00:00,12,Beijing,LSTM,25.25,23.289417,test
2016-07-02 04:00:00,2016-07-02 16:00:00,12,Beijing,LSTM,22.75,26.669874,test
2016-07-02 05:00:00,2016-07-02 17:00:00,12,Beijing,LSTM,24.75,30.265736,test
2016-07-02 06:00:00,2016-07-02 18:00:00,12,Beijing,LSTM,26.666668,34.2226,test
2016-07-02 07:00:00,2016-07-02 19:00:00,12,Beijing,LSTM,24.625,40.398743,test
2016-07-02 08:00:00,2016-07-02 20:00:00,12,Beijing,LSTM,24.666668,45.75317,test
2016-07-02 09:00:00,2016-07-02 21:00:00,12,Beijing,LSTM,32.75,49.170185,test
2016-07-02 10:00:00,2016-07-02 22:00:00,12,Beijing,LSTM,38.958332,48.16211,test
2016-07-02 11:00:00,2016-07-02 23:00:00,12,Beijing,LSTM,43.75,48.479397,test
2016-07-02 12:00:00,2016-07-03 00:00:00,12,Beijing,LSTM,43.666668,42.236725,test
2016-07-02 13:00:00,2016-07-03 01:00:00,12,Beijing,LSTM,51.166668,26.863766,test
2016-07-02 14:00:00,2016-07-03 02:00:00,12,Beijing,LSTM,56.0,29.58859,test
2016-07-02 15:00:00,2016-07-03 03:00:00,12,Beijing,LSTM,59.416668,26.747107,test
2016-07-02 16:00:00,2016-07-03 04:00:00,12,Beijing,LSTM,61.333332,28.654882,test
2016-07-02 17:00:00,2016-07-03 05:00:00,12,Beijing,LSTM,57.666668,33.004402,test
2016-07-02 18:00:00,2016-07-03 06:00:00,12,Beijing,LSTM,59.416668,36.076595,test
2016-07-02 19:00:00,2016-07-03 07:00:00,12,Beijing,LSTM,64.25,37.808086,test
2016-07-02 20:00:00,2016-07-03 08:00:00,12,Beijing,LSTM,79.0,38.060997,test
2016-07-02 21:00:00,2016-07-03 09:00:00,12,Beijing,LSTM,89.833336,40.85622,test
2016-07-02 22:00:00,2016-07-03 10:00:00,12,Beijing,LSTM,91.833336,43.21446,test
2016-07-02 23:00:00,2016-07-03 11:00:00,12,Beijing,LSTM,89.333336,45.464703,test
2016-07-03 00:00:00,2016-07-03 12:00:00,12,Beijing,LSTM,89.333336,47.025585,test
2016-07-03 01:00:00,2016-07-03 13:00:00,12,Beijing,LSTM,83.166664,50.33797,test
2016-07-03 02:00:00,2016-07-03 14:00:00,12,Beijing,LSTM,76.416664,53.35337,test
2016-07-03 03:00:00,2016-07-03 15:00:00,12,Beijing,LSTM,75.833336,55.682102,test
2016-07-03 04:00:00,2016-07-03 16:00:00,12,Beijing,LSTM,76.166664,57.11517,test
2016-07-03 05:00:00,2016-07-03 17:00:00,12,Beijing,LSTM,78.25,57.644833,test
2016-07-03 06:00:00,2016-07-03 18:00:00,12,Beijing,LSTM,81.25,59.192146,test
2016-07-03 07:00:00,2016-07-03 19:00:00,12,Beijing,LSTM,92.0,61.647552,test
2016-07-03 08:00:00,2016-07-03 20:00:00,12,Beijing,LSTM,93.166664,63.692997,test
2016-07-03 09:00:00,2016-07-03 21:00:00,12,Beijing,LSTM,97.75,63.77584,test
2016-07-03 10:00:00,2016-07-03 22:00:00,12,Beijing,LSTM,107.083336,62.624557,test
2016-07-03 11:00:00,2016-07-03 23:00:00,12,Beijing,LSTM,115.666664,63.582222,test
2016-07-03 12:00:00,2016-07-04 00:00:00,12,Beijing,LSTM,128.25,64.23982,test
2016-07-03 13:00:00,2016-07-04 01:00:00,12,Beijing,LSTM,137.58333,62.122707,test
2016-07-03 14:00:00,2016-07-04 02:00:00,12,Beijing,LSTM,145.16667,64.32922,test
2016-07-03 15:00:00,2016-07-04 03:00:00,12,Beijing,LSTM,163.91667,65.73965,test
2016-07-03 16:00:00,2016-07-04 04:00:00,12,Beijing,LSTM,200.58333,70.03108,test
2016-07-03 17:00:00,2016-07-04 05:00:00,12,Beijing,LSTM,208.66667,73.2016,test
2016-07-03 18:00:00,2016-07-04 06:00:00,12,Beijing,LSTM,202.0,77.4342,test
2016-07-03 19:00:00,2016-07-04 07:00:00,12,Beijing,LSTM,197.25,88.37384,test
2016-07-03 20:00:00,2016-07-04 08:00:00,12,Beijing,LSTM,185.16667,94.28886,test
2016-07-03 21:00:00,2016-07-04 09:00:00,12,Beijing,LSTM,172.08333,95.00472,test
2016-07-03 22:00:00,2016-07-04 10:00:00,12,Beijing,LSTM,150.25,94.16339,test
2016-07-03 23:00:00,2016-07-04 11:00:00,12,Beijing,LSTM,126.916664,92.357414,test
2016-07-04 00:00:00,2016-07-04 12:00:00,12,Beijing,LSTM,112.333336,99.664825,test
2016-07-04 01:00:00,2016-07-04 13:00:00,12,Beijing,LSTM,103.75,101.27556,test
2016-07-04 02:00:00,2016-07-04 14:00:00,12,Beijing,LSTM,108.083336,101.82452,test
2016-07-04 03:00:00,2016-07-04 15:00:00,12,Beijing,LSTM,108.208336,102.00578,test
2016-07-04 04:00:00,2016-07-04 16:00:00,12,Beijing,LSTM,101.916664,102.13452,test
2016-07-04 05:00:00,2016-07-04 17:00:00,12,Beijing,LSTM,100.916664,102.150635,test
2016-07-04 06:00:00,2016-07-04 18:00:00,12,Beijing,LSTM,103.166664,102.18904,test
2016-07-04 07:00:00,2016-07-04 19:00:00,12,Beijing,LSTM,102.333336,102.13307,test
2016-07-04 08:00:00,2016-07-04 20:00:00,12,Beijing,LSTM,99.25,101.97871,test
2016-07-04 09:00:00,2016-07-04 21:00:00,12,Beijing,LSTM,71.583336,102.19267,test
2016-07-04 10:00:00,2016-07-04 22:00:00,12,Beijing,LSTM,56.916668,102.01289,test
2016-07-04 11:00:00,2016-07-04 23:00:00,12,Beijing,LSTM,49.944443,102.073105,test
2016-07-04 12:00:00,2016-07-05 00:00:00,12,Beijing,LSTM,60.13889,101.49005,test
2016-07-04 13:00:00,2016-07-05 01:00:00,12,Beijing,LSTM,80.833336,101.96593,test
2016-07-04 14:00:00,2016-07-05 02:00:00,12,Beijing,LSTM,100.666664,101.61116,test
2016-07-04 15:00:00,2016-07-05 03:00:00,12,Beijing,LSTM,110.0,101.48475,test
2016-07-04 16:00:00,2016-07-05 04:00:00,12,Beijing,LSTM,112.75,101.62146,test
2016-07-04 17:00:00,2016-07-05 05:00:00,12,Beijing,LSTM,115.75,100.63906,test
2016-07-04 18:00:00,2016-07-05 06:00:00,12,Beijing,LSTM,113.0,98.315895,test
2016-07-04 19:00:00,2016-07-05 07:00:00,12,Beijing,LSTM,110.583336,67.3866,test
2016-07-04 20:00:00,2016-07-05 08:00:00,12,Beijing,LSTM,109.666664,58.36832,test
2016-07-04 21:00:00,2016-07-05 09:00:00,12,Beijing,LSTM,101.583336,43.816357,test
2016-07-04 22:00:00,2016-07-05 10:00:00,12,Beijing,LSTM,98.25,41.029186,test
2016-07-04 23:00:00,2016-07-05 11:00:00,12,Beijing,LSTM,91.416664,30.319784,test
2016-07-05 00:00:00,2016-07-05 12:00:00,12,Beijing,LSTM,88.166664,38.556652,test
2016-07-05 01:00:00,2016-07-05 13:00:00,12,Beijing,LSTM,88.083336,46.768497,test
2016-07-05 02:00:00,2016-07-05 14:00:00,12,Beijing,LSTM,87.416664,54.27504,test
2016-07-05 03:00:00,2016-07-05 15:00:00,12,Beijing,LSTM,83.583336,57.29755,test
2016-07-05 04:00:00,2016-07-05 16:00:00,12,Beijing,LSTM,85.333336,60.09357,test
2016-07-05 05:00:00,2016-07-05 17:00:00,12,Beijing,LSTM,81.916664,63.749134,test
2016-07-05 06:00:00,2016-07-05 18:00:00,12,Beijing,LSTM,79.166664,70.39754,test
2016-07-05 07:00:00,2016-07-05 19:00:00,12,Beijing,LSTM,79.833336,77.92235,test
2016-07-05 08:00:00,2016-07-05 20:00:00,12,Beijing,LSTM,81.333336,84.85183,test
2016-07-05 09:00:00,2016-07-05 21:00:00,12,Beijing,LSTM,85.25,89.22068,test
2016-07-05 10:00:00,2016-07-05 22:00:00,12,Beijing,LSTM,92.5,93.20111,test
2016-07-05 11:00:00,2016-07-05 23:00:00,12,Beijing,LSTM,99.833336,83.02476,test
2016-07-05 12:00:00,2016-07-06 00:00:00,12,Beijing,LSTM,95.583336,73.59903,test
2016-07-05 13:00:00,2016-07-06 01:00:00,12,Beijing,LSTM,83.25,82.78163,test
2016-07-05 14:00:00,2016-07-06 02:00:00,12,Beijing,LSTM,73.083336,90.77526,test
2016-07-05 15:00:00,2016-07-06 03:00:00,12,Beijing,LSTM,64.5,93.41599,test
2016-07-05 16:00:00,2016-07-06 04:00:00,12,Beijing,LSTM,62.166668,95.844955,test
2016-07-05 17:00:00,2016-07-06 05:00:00,12,Beijing,LSTM,72.666664,97.25574,test
2016-07-05 18:00:00,2016-07-06 06:00:00,12,Beijing,LSTM,76.083336,98.54722,test
2016-07-05 19:00:00,2016-07-06 07:00:00,12,Beijing,LSTM,87.0,99.84839,test
2016-07-05 20:00:00,2016-07-06 08:00:00,12,Beijing,LSTM,99.0,100.812004,test
2016-07-05 21:00:00,2016-07-06 09:00:00,12,Beijing,LSTM,102.75,101.21152,test
2016-07-05 22:00:00,2016-07-06 10:00:00,12,Beijing,LSTM,104.666664,101.71182,test
2016-07-05 23:00:00,2016-07-06 11:00:00,12,Beijing,LSTM,102.666664,101.7021,test
2016-07-06 00:00:00,2016-07-06 12:00:00,12,Beijing,LSTM,95.25,100.68283,test
2016-07-06 01:00:00,2016-07-06 13:00:00,12,Beijing,LSTM,81.833336,79.24653,test
2016-07-06 02:00:00,2016-07-06 14:00:00,12,Beijing,LSTM,73.333336,65.58174,test
2016-07-06 03:00:00,2016-07-06 15:00:00,12,Beijing,LSTM,66.0,59.42162,test
2016-07-06 04:00:00,2016-07-06 16:00:00,12,Beijing,LSTM,53.083332,55.566174,test
2016-07-06 05:00:00,2016-07-06 17:00:00,12,Beijing,LSTM,45.833332,52.158604,test
2016-07-06 06:00:00,2016-07-06 18:00:00,12,Beijing,LSTM,43.916668,47.55153,test
2016-07-06 07:00:00,2016-07-06 19:00:00,12,Beijing,LSTM,47.583332,50.964783,test
2016-07-06 08:00:00,2016-07-06 20:00:00,12,Beijing,LSTM,54.416668,57.19108,test
2016-07-06 09:00:00,2016-07-06 21:00:00,12,Beijing,LSTM,63.25,61.767345,test
2016-07-06 10:00:00,2016-07-06 22:00:00,12,Beijing,LSTM,73.0,65.48279,test
2016-07-06 11:00:00,2016-07-06 23:00:00,12,Beijing,LSTM,80.666664,68.4873,test
2016-07-06 12:00:00,2016-07-07 00:00:00,12,Beijing,LSTM,85.666664,68.11014,test
2016-07-06 13:00:00,2016-07-07 01:00:00,12,Beijing,LSTM,87.916664,68.800186,test
2016-07-06 14:00:00,2016-07-07 02:00:00,12,Beijing,LSTM,92.333336,67.53311,test
2016-07-06 15:00:00,2016-07-07 03:00:00,12,Beijing,LSTM,92.416664,72.93626,test
2016-07-06 16:00:00,2016-07-07 04:00:00,12,Beijing,LSTM,97.166664,78.44455,test
2016-07-06 17:00:00,2016-07-07 05:00:00,12,Beijing,LSTM,104.916664,84.36185,test
2016-07-06 18:00:00,2016-07-07 06:00:00,12,Beijing,LSTM,120.583336,89.70324,test
2016-07-06 19:00:00,2016-07-07 07:00:00,12,Beijing,LSTM,116.916664,94.358475,test
2016-07-06 20:00:00,2016-07-07 08:00:00,12,Beijing,LSTM,119.75,98.006935,test
2016-07-06 21:00:00,2016-07-07 09:00:00,12,Beijing,LSTM,121.083336,100.055786,test
2016-07-06 22:00:00,2016-07-07 10:00:00,12,Beijing,LSTM,125.916664,101.22424,test
2016-07-06 23:00:00,2016-07-07 11:00:00,12,Beijing,LSTM,128.91667,101.60442,test
2016-07-07 00:00:00,2016-07-07 12:00:00,12,Beijing,LSTM,128.66667,101.96341,test
2016-07-07 01:00:00,2016-07-07 13:00:00,12,Beijing,LSTM,126.75,101.94523,test
2016-07-07 02:00:00,2016-07-07 14:00:00,12,Beijing,LSTM,118.666664,102.1313,test
2016-07-07 03:00:00,2016-07-07 15:00:00,12,Beijing,LSTM,113.5,102.141525,test
2016-07-07 04:00:00,2016-07-07 16:00:00,12,Beijing,LSTM,110.083336,102.14778,test
2016-07-07 05:00:00,2016-07-07 17:00:00,12,Beijing,LSTM,110.916664,101.92557,test
2016-07-07 06:00:00,2016-07-07 18:00:00,12,Beijing,LSTM,112.916664,102.047195,test
2016-07-07 07:00:00,2016-07-07 19:00:00,12,Beijing,LSTM,121.416664,101.899796,test
2016-07-07 08:00:00,2016-07-07 20:00:00,12,Beijing,LSTM,120.583336,102.08717,test
2016-07-07 09:00:00,2016-07-07 21:00:00,12,Beijing,LSTM,103.583336,102.215866,test
2016-07-07 10:00:00,2016-07-07 22:00:00,12,Beijing,LSTM,91.333336,102.20038,test
2016-07-07 11:00:00,2016-07-07 23:00:00,12,Beijing,LSTM,82.75,102.17184,test
2016-07-07 12:00:00,2016-07-08 00:00:00,12,Beijing,LSTM,74.333336,101.51796,test
2016-07-07 13:00:00,2016-07-08 01:00:00,12,Beijing,LSTM,65.25,100.72899,test
2016-07-07 14:00:00,2016-07-08 02:00:00,12,Beijing,LSTM,63.916668,99.454,test
2016-07-07 15:00:00,2016-07-08 03:00:00,12,Beijing,LSTM,61.0,99.88156,test
2016-07-07 16:00:00,2016-07-08 04:00:00,12,Beijing,LSTM,62.083332,101.5814,test
2016-07-07 17:00:00,2016-07-08 05:00:00,12,Beijing,LSTM,64.583336,100.89678,test
2016-07-07 18:00:00,2016-07-08 06:00:00,12,Beijing,LSTM,65.166664,101.6966,test
2016-07-07 19:00:00,2016-07-08 07:00:00,12,Beijing,LSTM,68.75,101.33689,test
2016-07-07 20:00:00,2016-07-08 08:00:00,12,Beijing,LSTM,71.0,101.40966,test
2016-07-07 21:00:00,2016-07-08 09:00:00,12,Beijing,LSTM,79.416664,97.14627,test
2016-07-07 22:00:00,2016-07-08 10:00:00,12,Beijing,LSTM,88.083336,96.60161,test
2016-07-07 23:00:00,2016-07-08 11:00:00,12,Beijing,LSTM,98.083336,97.884125,test
2016-07-08 00:00:00,2016-07-08 12:00:00,12,Beijing,LSTM,108.833336,98.75459,test
2016-07-08 01:00:00,2016-07-08 13:00:00,12,Beijing,LSTM,122.0,94.35245,test
2016-07-08 02:00:00,2016-07-08 14:00:00,12,Beijing,LSTM,130.16667,90.73483,test
2016-07-08 03:00:00,2016-07-08 15:00:00,12,Beijing,LSTM,131.58333,85.21287,test
2016-07-08 04:00:00,2016-07-08 16:00:00,12,Beijing,LSTM,125.416664,74.43721,test
2016-07-08 05:00:00,2016-07-08 17:00:00,12,Beijing,LSTM,117.5,82.19008,test
2016-07-08 06:00:00,2016-07-08 18:00:00,12,Beijing,LSTM,111.666664,88.74058,test
2016-07-08 07:00:00,2016-07-08 19:00:00,12,Beijing,LSTM,105.166664,94.72378,test
2016-07-08 08:00:00,2016-07-08 20:00:00,12,Beijing,LSTM,110.5,99.00245,test
2016-07-08 09:00:00,2016-07-08 21:00:00,12,Beijing,LSTM,119.583336,100.38023,test
2016-07-08 10:00:00,2016-07-08 22:00:00,12,Beijing,LSTM,96.166664,100.81207,test
2016-07-08 11:00:00,2016-07-08 23:00:00,12,Beijing,LSTM,69.833336,101.11935,test
2016-07-08 12:00:00,2016-07-09 00:00:00,12,Beijing,LSTM,61.0,100.84762,test
2016-07-08 13:00:00,2016-07-09 01:00:00,12,Beijing,LSTM,56.333332,100.2947,test
2016-07-08 14:00:00,2016-07-09 02:00:00,12,Beijing,LSTM,56.333332,100.15884,test
2016-07-08 15:00:00,2016-07-09 03:00:00,12,Beijing,LSTM,62.333332,99.7993,test
2016-07-08 16:00:00,2016-07-09 04:00:00,12,Beijing,LSTM,65.583336,99.527756,test
2016-07-08 17:00:00,2016-07-09 05:00:00,12,Beijing,LSTM,64.416664,100.497055,test
2016-07-08 18:00:00,2016-07-09 06:00:00,12,Beijing,LSTM,65.333336,100.891525,test
2016-07-08 19:00:00,2016-07-09 07:00:00,12,Beijing,LSTM,68.166664,101.63626,test
2016-07-08 20:00:00,2016-07-09 08:00:00,12,Beijing,LSTM,75.5,101.96986,test
2016-07-08 21:00:00,2016-07-09 09:00:00,12,Beijing,LSTM,82.583336,102.075714,test
2016-07-08 22:00:00,2016-07-09 10:00:00,12,Beijing,LSTM,89.666664,101.56059,test
2016-07-08 23:00:00,2016-07-09 11:00:00,12,Beijing,LSTM,98.333336,98.427086,test
2016-07-09 00:00:00,2016-07-09 12:00:00,12,Beijing,LSTM,106.0,99.42761,test
2016-07-09 01:00:00,2016-07-09 13:00:00,12,Beijing,LSTM,107.833336,99.81795,test
2016-07-09 02:00:00,2016-07-09 14:00:00,12,Beijing,LSTM,95.25,100.304115,test
2016-07-09 03:00:00,2016-07-09 15:00:00,12,Beijing,LSTM,84.333336,100.536316,test
2016-07-09 04:00:00,2016-07-09 16:00:00,12,Beijing,LSTM,82.416664,99.926895,test
2016-07-09 05:00:00,2016-07-09 17:00:00,12,Beijing,LSTM,83.166664,90.68697,test
2016-07-09 06:00:00,2016-07-09 18:00:00,12,Beijing,LSTM,82.916664,89.04842,test
2016-07-09 07:00:00,2016-07-09 19:00:00,12,Beijing,LSTM,80.333336,89.55817,test
2016-07-09 08:00:00,2016-07-09 20:00:00,12,Beijing,LSTM,85.0,94.56747,test
2016-07-09 09:00:00,2016-07-09 21:00:00,12,Beijing,LSTM,92.0,95.5457,test
2016-07-09 10:00:00,2016-07-09 22:00:00,12,Beijing,LSTM,104.583336,96.509186,test
2016-07-09 11:00:00,2016-07-09 23:00:00,12,Beijing,LSTM,97.833336,94.76977,test
2016-07-09 12:00:00,2016-07-10 00:00:00,12,Beijing,LSTM,95.25,92.073166,test
2016-07-09 13:00:00,2016-07-10 01:00:00,12,Beijing,LSTM,98.083336,88.44617,test
2016-07-09 14:00:00,2016-07-10 02:00:00,12,Beijing,LSTM,104.583336,83.53569,test
2016-07-09 15:00:00,2016-07-10 03:00:00,12,Beijing,LSTM,108.916664,83.56996,test
2016-07-09 16:00:00,2016-07-10 04:00:00,12,Beijing,LSTM,115.25,81.16083,test
2016-07-09 17:00:00,2016-07-10 05:00:00,12,Beijing,LSTM,119.916664,82.37685,test
2016-07-09 18:00:00,2016-07-10 06:00:00,12,Beijing,LSTM,126.166664,85.205246,test
2016-07-09 19:00:00,2016-07-10 07:00:00,12,Beijing,LSTM,135.25,90.55118,test
2016-07-09 20:00:00,2016-07-10 08:00:00,12,Beijing,LSTM,139.0,96.864975,test
2016-07-09 21:00:00,2016-07-10 09:00:00,12,Beijing,LSTM,146.25,99.90563,test
2016-07-09 22:00:00,2016-07-10 10:00:00,12,Beijing,LSTM,147.5,101.18823,test
2016-07-09 23:00:00,2016-07-10 11:00:00,12,Beijing,LSTM,133.75,100.58624,test
2016-07-10 00:00:00,2016-07-10 12:00:00,12,Beijing,LSTM,98.0,101.32353,test
2016-07-10 01:00:00,2016-07-10 13:00:00,12,Beijing,LSTM,77.666664,101.38235,test
2016-07-10 02:00:00,2016-07-10 14:00:00,12,Beijing,LSTM,65.5,101.52737,test
2016-07-10 03:00:00,2016-07-10 15:00:00,12,Beijing,LSTM,52.666668,101.54347,test
2016-07-10 04:00:00,2016-07-10 16:00:00,12,Beijing,LSTM,60.333332,101.234406,test
2016-07-10 05:00:00,2016-07-10 17:00:00,12,Beijing,LSTM,61.0,100.61063,test
2016-07-10 06:00:00,2016-07-10 18:00:00,12,Beijing,LSTM,63.666668,100.51857,test
2016-07-10 07:00:00,2016-07-10 19:00:00,12,Beijing,LSTM,61.666668,101.370285,test
2016-07-10 08:00:00,2016-07-10 20:00:00,12,Beijing,LSTM,58.416668,101.01921,test
2016-07-10 09:00:00,2016-07-10 21:00:00,12,Beijing,LSTM,53.833332,101.42908,test
2016-07-10 10:00:00,2016-07-10 22:00:00,12,Beijing,LSTM,57.5,100.1604,test
2016-07-10 11:00:00,2016-07-10 23:00:00,12,Beijing,LSTM,53.583332,91.84122,test
2016-07-10 12:00:00,2016-07-11 00:00:00,12,Beijing,LSTM,54.0,38.748344,test
2016-07-10 13:00:00,2016-07-11 01:00:00,12,Beijing,LSTM,55.916668,42.2969,test
2016-07-10 14:00:00,2016-07-11 02:00:00,12,Beijing,LSTM,64.166664,46.989872,test
2016-07-10 15:00:00,2016-07-11 03:00:00,12,Beijing,LSTM,73.166664,40.039574,test
2016-07-10 16:00:00,2016-07-11 04:00:00,12,Beijing,LSTM,80.916664,44.023827,test
2016-07-10 17:00:00,2016-07-11 05:00:00,12,Beijing,LSTM,87.416664,46.579407,test
2016-07-10 18:00:00,2016-07-11 06:00:00,12,Beijing,LSTM,92.833336,49.03968,test
2016-07-10 19:00:00,2016-07-11 07:00:00,12,Beijing,LSTM,99.0,49.617844,test
2016-07-10 20:00:00,2016-07-11 08:00:00,12,Beijing,LSTM,105.416664,50.23596,test
2016-07-10 21:00:00,2016-07-11 09:00:00,12,Beijing,LSTM,111.25,41.280247,test
2016-07-10 22:00:00,2016-07-11 10:00:00,12,Beijing,LSTM,114.02778,40.34618,test
2016-07-10 23:00:00,2016-07-11 11:00:00,12,Beijing,LSTM,113.55556,37.97851,test
2016-07-11 00:00:00,2016-07-11 12:00:00,12,Beijing,LSTM,105.09091,43.095745,test
2016-07-11 01:00:00,2016-07-11 13:00:00,12,Beijing,LSTM,89.545456,43.62261,test
2016-07-11 02:00:00,2016-07-11 14:00:00,12,Beijing,LSTM,88.27273,45.569134,test
2016-07-11 03:00:00,2016-07-11 15:00:00,12,Beijing,LSTM,92.09091,47.960155,test
2016-07-11 04:00:00,2016-07-11 16:00:00,12,Beijing,LSTM,90.36363,48.93847,test
2016-07-11 05:00:00,2016-07-11 17:00:00,12,Beijing,LSTM,85.90909,49.92733,test
2016-07-11 06:00:00,2016-07-11 18:00:00,12,Beijing,LSTM,89.27273,52.149902,test
2016-07-11 07:00:00,2016-07-11 19:00:00,12,Beijing,LSTM,92.36363,53.674934,test
2016-07-11 08:00:00,2016-07-11 20:00:00,12,Beijing,LSTM,86.09091,56.56376,test
2016-07-11 09:00:00,2016-07-11 21:00:00,12,Beijing,LSTM,79.36363,55.051533,test
2016-07-11 10:00:00,2016-07-11 22:00:00,12,Beijing,LSTM,76.36363,46.21725,test
2016-07-11 11:00:00,2016-07-11 23:00:00,12,Beijing,LSTM,68.545456,41.70431,test
2016-07-11 12:00:00,2016-07-12 00:00:00,12,Beijing,LSTM,61.272728,38.06262,test
2016-07-11 13:00:00,2016-07-12 01:00:00,12,Beijing,LSTM,58.181816,45.678913,test
2016-07-11 14:00:00,2016-07-12 02:00:00,12,Beijing,LSTM,60.909092,53.80241,test
2016-07-11 15:00:00,2016-07-12 03:00:00,12,Beijing,LSTM,59.090908,56.177406,test
2016-07-11 16:00:00,2016-07-12 04:00:00,12,Beijing,LSTM,58.909092,58.18133,test
2016-07-11 17:00:00,2016-07-12 05:00:00,12,Beijing,LSTM,59.545456,60.651924,test
2016-07-11 18:00:00,2016-07-12 06:00:00,12,Beijing,LSTM,61.545456,64.39333,test
2016-07-11 19:00:00,2016-07-12 07:00:00,12,Beijing,LSTM,64.545456,70.16349,test
2016-07-11 20:00:00,2016-07-12 08:00:00,12,Beijing,LSTM,69.36363,79.07472,test
2016-07-11 21:00:00,2016-07-12 09:00:00,12,Beijing,LSTM,50.166668,88.798805,test
2016-07-11 22:00:00,2016-07-12 10:00:00,12,Beijing,LSTM,31.083332,95.912445,test
2016-07-11 23:00:00,2016-07-12 11:00:00,12,Beijing,LSTM,26.090908,95.173706,test
2016-07-12 00:00:00,2016-07-12 12:00:00,12,Beijing,LSTM,13.0,97.8678,test
2016-07-12 01:00:00,2016-07-12 13:00:00,12,Beijing,LSTM,12.727273,99.51634,test
2016-07-12 02:00:00,2016-07-12 14:00:00,12,Beijing,LSTM,11.363636,98.483536,test
2016-07-12 03:00:00,2016-07-12 15:00:00,12,Beijing,LSTM,9.090909,92.569885,test
2016-07-12 04:00:00,2016-07-12 16:00:00,12,Beijing,LSTM,7.272727,85.793,test
2016-07-12 05:00:00,2016-07-12 17:00:00,12,Beijing,LSTM,7.272727,57.385456,test
2016-07-12 06:00:00,2016-07-12 18:00:00,12,Beijing,LSTM,7.909091,46.69391,test
2016-07-12 07:00:00,2016-07-12 19:00:00,12,Beijing,LSTM,7.636364,37.51482,test
2016-07-12 08:00:00,2016-07-12 20:00:00,12,Beijing,LSTM,8.666667,30.159084,test
2016-07-12 09:00:00,2016-07-12 21:00:00,12,Beijing,LSTM,10.5,21.81839,test
2016-07-12 10:00:00,2016-07-12 22:00:00,12,Beijing,LSTM,12.833333,17.518875,test
2016-07-12 11:00:00,2016-07-12 23:00:00,12,Beijing,LSTM,12.166667,15.598726,test
2016-07-12 12:00:00,2016-07-13 00:00:00,12,Beijing,LSTM,11.083333,12.824966,test
2016-07-12 13:00:00,2016-07-13 01:00:00,12,Beijing,LSTM,12.583333,12.760567,test
2016-07-12 14:00:00,2016-07-13 02:00:00,12,Beijing,LSTM,12.083333,12.724967,test
2016-07-12 15:00:00,2016-07-13 03:00:00,12,Beijing,LSTM,16.083332,12.379539,test
2016-07-12 16:00:00,2016-07-13 04:00:00,12,Beijing,LSTM,19.333332,12.375201,test
2016-07-12 17:00:00,2016-07-13 05:00:00,12,Beijing,LSTM,17.833332,13.406163,test
2016-07-12 18:00:00,2016-07-13 06:00:00,12,Beijing,LSTM,18.916668,14.011022,test
2016-07-12 19:00:00,2016-07-13 07:00:00,12,Beijing,LSTM,18.25,14.20107,test
2016-07-12 20:00:00,2016-07-13 08:00:00,12,Beijing,LSTM,21.833332,13.337321,test
2016-07-12 21:00:00,2016-07-13 09:00:00,12,Beijing,LSTM,25.083332,13.64247,test
2016-07-12 22:00:00,2016-07-13 10:00:00,12,Beijing,LSTM,17.75,13.763759,test
2016-07-12 23:00:00,2016-07-13 11:00:00,12,Beijing,LSTM,10.666667,13.7684145,test
2016-07-13 00:00:00,2016-07-13 12:00:00,12,Beijing,LSTM,11.75,13.417636,test
2016-07-13 01:00:00,2016-07-13 13:00:00,12,Beijing,LSTM,14.25,13.784452,test
2016-07-13 02:00:00,2016-07-13 14:00:00,12,Beijing,LSTM,12.583333,13.965256,test
2016-07-13 03:00:00,2016-07-13 15:00:00,12,Beijing,LSTM,16.166668,14.77386,test
2016-07-13 04:00:00,2016-07-13 16:00:00,12,Beijing,LSTM,18.333332,15.841487,test
2016-07-13 05:00:00,2016-07-13 17:00:00,12,Beijing,LSTM,17.833332,16.729969,test
2016-07-13 06:00:00,2016-07-13 18:00:00,12,Beijing,LSTM,19.666668,19.507927,test
2016-07-13 07:00:00,2016-07-13 19:00:00,12,Beijing,LSTM,20.458332,21.815895,test
2016-07-13 08:00:00,2016-07-13 20:00:00,12,Beijing,LSTM,24.916668,26.453133,test
2016-07-13 09:00:00,2016-07-13 21:00:00,12,Beijing,LSTM,29.083332,30.486094,test
2016-07-13 10:00:00,2016-07-13 22:00:00,12,Beijing,LSTM,30.083332,31.620247,test
2016-07-13 11:00:00,2016-07-13 23:00:00,12,Beijing,LSTM,31.0,30.705372,test
2016-07-13 12:00:00,2016-07-14 00:00:00,12,Beijing,LSTM,35.5,32.00554,test
2016-07-13 13:00:00,2016-07-14 01:00:00,12,Beijing,LSTM,35.166668,33.19578,test
2016-07-13 14:00:00,2016-07-14 02:00:00,12,Beijing,LSTM,30.583332,31.953762,test
2016-07-13 15:00:00,2016-07-14 03:00:00,12,Beijing,LSTM,29.75,32.937595,test
2016-07-13 16:00:00,2016-07-14 04:00:00,12,Beijing,LSTM,31.666668,33.028526,test
2016-07-13 17:00:00,2016-07-14 05:00:00,12,Beijing,LSTM,30.666668,32.887875,test
2016-07-13 18:00:00,2016-07-14 06:00:00,12,Beijing,LSTM,33.25,33.466778,test
2016-07-13 19:00:00,2016-07-14 07:00:00,12,Beijing,LSTM,36.25,34.578747,test
2016-07-13 20:00:00,2016-07-14 08:00:00,12,Beijing,LSTM,41.5,38.16061,test
2016-07-13 21:00:00,2016-07-14 09:00:00,12,Beijing,LSTM,42.25,38.58533,test
2016-07-13 22:00:00,2016-07-14 10:00:00,12,Beijing,LSTM,37.208332,36.483315,test
2016-07-13 23:00:00,2016-07-14 11:00:00,12,Beijing,LSTM,37.083332,32.986515,test
2016-07-14 00:00:00,2016-07-14 12:00:00,12,Beijing,LSTM,31.166668,30.66423,test
2016-07-14 01:00:00,2016-07-14 13:00:00,12,Beijing,LSTM,27.083332,28.22924,test
2016-07-14 02:00:00,2016-07-14 14:00:00,12,Beijing,LSTM,28.333332,26.1507,test
2016-07-14 03:00:00,2016-07-14 15:00:00,12,Beijing,LSTM,26.333332,25.547733,test
2016-07-14 04:00:00,2016-07-14 16:00:00,12,Beijing,LSTM,25.0,26.088615,test
2016-07-14 05:00:00,2016-07-14 17:00:00,12,Beijing,LSTM,27.666668,27.040642,test
2016-07-14 06:00:00,2016-07-14 18:00:00,12,Beijing,LSTM,34.416668,29.333033,test
2016-07-14 07:00:00,2016-07-14 19:00:00,12,Beijing,LSTM,31.833332,32.09033,test
2016-07-14 08:00:00,2016-07-14 20:00:00,12,Beijing,LSTM,31.75,36.999714,test
2016-07-14 09:00:00,2016-07-14 21:00:00,12,Beijing,LSTM,40.583332,39.925243,test
2016-07-14 10:00:00,2016-07-14 22:00:00,12,Beijing,LSTM,52.333332,43.153053,test
2016-07-14 11:00:00,2016-07-14 23:00:00,12,Beijing,LSTM,51.833332,46.50464,test
2016-07-14 12:00:00,2016-07-15 00:00:00,12,Beijing,LSTM,51.25,46.148083,test
2016-07-14 13:00:00,2016-07-15 01:00:00,12,Beijing,LSTM,57.166668,46.704712,test
2016-07-14 14:00:00,2016-07-15 02:00:00,12,Beijing,LSTM,56.5,48.305943,test
2016-07-14 15:00:00,2016-07-15 03:00:00,12,Beijing,LSTM,45.666668,45.82836,test
2016-07-14 16:00:00,2016-07-15 04:00:00,12,Beijing,LSTM,35.416668,46.175827,test
2016-07-14 17:00:00,2016-07-15 05:00:00,12,Beijing,LSTM,33.416668,43.321335,test
2016-07-14 18:00:00,2016-07-15 06:00:00,12,Beijing,LSTM,28.416668,49.493374,test
2016-07-14 19:00:00,2016-07-15 07:00:00,12,Beijing,LSTM,24.583332,51.73087,test
2016-07-14 20:00:00,2016-07-15 08:00:00,12,Beijing,LSTM,24.583332,46.96278,test
2016-07-14 21:00:00,2016-07-15 09:00:00,12,Beijing,LSTM,28.75,47.282124,test
2016-07-14 22:00:00,2016-07-15 10:00:00,12,Beijing,LSTM,31.25,51.88242,test
2016-07-14 23:00:00,2016-07-15 11:00:00,12,Beijing,LSTM,29.583332,54.492306,test
2016-07-15 00:00:00,2016-07-15 12:00:00,12,Beijing,LSTM,32.25,57.288548,test
2016-07-15 01:00:00,2016-07-15 13:00:00,12,Beijing,LSTM,33.86667,59.440777,test
2016-07-15 02:00:00,2016-07-15 14:00:00,12,Beijing,LSTM,34.983334,60.76088,test
2016-07-15 03:00:00,2016-07-15 15:00:00,12,Beijing,LSTM,34.1,60.989704,test
2016-07-15 04:00:00,2016-07-15 16:00:00,12,Beijing,LSTM,33.05,59.5101,test
2016-07-15 05:00:00,2016-07-15 17:00:00,12,Beijing,LSTM,31.666668,59.64076,test
2016-07-15 06:00:00,2016-07-15 18:00:00,12,Beijing,LSTM,30.583332,58.795902,test
2016-07-15 07:00:00,2016-07-15 19:00:00,12,Beijing,LSTM,31.5,55.876995,test
2016-07-15 08:00:00,2016-07-15 20:00:00,12,Beijing,LSTM,32.083332,54.731773,test
2016-07-15 09:00:00,2016-07-15 21:00:00,12,Beijing,LSTM,34.0,56.357136,test
2016-07-15 10:00:00,2016-07-15 22:00:00,12,Beijing,LSTM,32.666668,51.597183,test
2016-07-15 11:00:00,2016-07-15 23:00:00,12,Beijing,LSTM,33.833332,51.154865,test
2016-07-15 12:00:00,2016-07-16 00:00:00,12,Beijing,LSTM,33.916668,51.4599,test
2016-07-15 13:00:00,2016-07-16 01:00:00,12,Beijing,LSTM,32.0,47.925457,test
2016-07-15 14:00:00,2016-07-16 02:00:00,12,Beijing,LSTM,30.75,48.060055,test
2016-07-15 15:00:00,2016-07-16 03:00:00,12,Beijing,LSTM,29.25,46.46571,test
2016-07-15 16:00:00,2016-07-16 04:00:00,12,Beijing,LSTM,28.833332,47.191574,test
2016-07-15 17:00:00,2016-07-16 05:00:00,12,Beijing,LSTM,29.416668,44.79922,test
2016-07-15 18:00:00,2016-07-16 06:00:00,12,Beijing,LSTM,31.166668,44.348114,test
2016-07-15 19:00:00,2016-07-16 07:00:00,12,Beijing,LSTM,29.333332,45.663612,test
2016-07-15 20:00:00,2016-07-16 08:00:00,12,Beijing,LSTM,29.666668,47.851345,test
2016-07-15 21:00:00,2016-07-16 09:00:00,12,Beijing,LSTM,28.166668,47.72718,test
2016-07-15 22:00:00,2016-07-16 10:00:00,12,Beijing,LSTM,30.5,46.69192,test
2016-07-15 23:00:00,2016-07-16 11:00:00,12,Beijing,LSTM,31.75,44.913456,test
2016-07-16 00:00:00,2016-07-16 12:00:00,12,Beijing,LSTM,35.333332,44.508335,test
2016-07-16 01:00:00,2016-07-16 13:00:00,12,Beijing,LSTM,37.583332,44.498074,test
2016-07-16 02:00:00,2016-07-16 14:00:00,12,Beijing,LSTM,38.916668,43.847656,test
2016-07-16 03:00:00,2016-07-16 15:00:00,12,Beijing,LSTM,41.166668,44.149334,test
2016-07-16 04:00:00,2016-07-16 16:00:00,12,Beijing,LSTM,38.083332,43.75034,test
2016-07-16 05:00:00,2016-07-16 17:00:00,12,Beijing,LSTM,38.666668,44.809204,test
2016-07-16 06:00:00,2016-07-16 18:00:00,12,Beijing,LSTM,39.833332,46.220707,test
2016-07-16 07:00:00,2016-07-16 19:00:00,12,Beijing,LSTM,40.583332,46.48721,test
2016-07-16 08:00:00,2016-07-16 20:00:00,12,Beijing,LSTM,42.833332,47.517513,test
2016-07-16 09:00:00,2016-07-16 21:00:00,12,Beijing,LSTM,45.0,49.00328,test
2016-07-16 10:00:00,2016-07-16 22:00:00,12,Beijing,LSTM,46.5,50.585926,test
2016-07-16 11:00:00,2016-07-16 23:00:00,12,Beijing,LSTM,47.666668,48.251133,test
2016-07-16 12:00:00,2016-07-17 00:00:00,12,Beijing,LSTM,51.416668,51.498768,test
2016-07-16 13:00:00,2016-07-17 01:00:00,12,Beijing,LSTM,48.75,51.40839,test
2016-07-16 14:00:00,2016-07-17 02:00:00,12,Beijing,LSTM,49.416668,52.99009,test
2016-07-16 15:00:00,2016-07-17 03:00:00,12,Beijing,LSTM,49.583332,54.497696,test
2016-07-16 16:00:00,2016-07-17 04:00:00,12,Beijing,LSTM,50.25,53.90903,test
2016-07-16 17:00:00,2016-07-17 05:00:00,12,Beijing,LSTM,52.0,54.230778,test
2016-07-16 18:00:00,2016-07-17 06:00:00,12,Beijing,LSTM,53.083332,54.53639,test
2016-07-16 19:00:00,2016-07-17 07:00:00,12,Beijing,LSTM,54.25,54.195827,test
2016-07-16 20:00:00,2016-07-17 08:00:00,12,Beijing,LSTM,61.25,52.213066,test
2016-07-16 21:00:00,2016-07-17 09:00:00,12,Beijing,LSTM,73.166664,49.17012,test
2016-07-16 22:00:00,2016-07-17 10:00:00,12,Beijing,LSTM,82.25,43.94337,test
2016-07-16 23:00:00,2016-07-17 11:00:00,12,Beijing,LSTM,85.166664,41.264,test
2016-07-17 00:00:00,2016-07-17 12:00:00,12,Beijing,LSTM,89.083336,37.98224,test
2016-07-17 01:00:00,2016-07-17 13:00:00,12,Beijing,LSTM,90.541664,31.594471,test
2016-07-17 02:00:00,2016-07-17 14:00:00,12,Beijing,LSTM,94.916664,28.313011,test
2016-07-17 03:00:00,2016-07-17 15:00:00,12,Beijing,LSTM,99.666664,26.887619,test
2016-07-17 04:00:00,2016-07-17 16:00:00,12,Beijing,LSTM,98.083336,24.85451,test
2016-07-17 05:00:00,2016-07-17 17:00:00,12,Beijing,LSTM,86.625,25.331451,test
2016-07-17 06:00:00,2016-07-17 18:00:00,12,Beijing,LSTM,76.333336,26.993462,test
2016-07-17 07:00:00,2016-07-17 19:00:00,12,Beijing,LSTM,81.0,30.704239,test
2016-07-17 08:00:00,2016-07-17 20:00:00,12,Beijing,LSTM,89.333336,35.637054,test
2016-07-17 09:00:00,2016-07-17 21:00:00,12,Beijing,LSTM,99.916664,41.74036,test
2016-07-17 10:00:00,2016-07-17 22:00:00,12,Beijing,LSTM,103.083336,46.717304,test
2016-07-17 11:00:00,2016-07-17 23:00:00,12,Beijing,LSTM,102.416664,48.916035,test
2016-07-17 12:00:00,2016-07-18 00:00:00,12,Beijing,LSTM,105.166664,51.41811,test
2016-07-17 13:00:00,2016-07-18 01:00:00,12,Beijing,LSTM,115.5,53.63429,test
2016-07-17 14:00:00,2016-07-18 02:00:00,12,Beijing,LSTM,115.416664,52.343563,test
2016-07-17 15:00:00,2016-07-18 03:00:00,12,Beijing,LSTM,106.5,53.353153,test
2016-07-17 16:00:00,2016-07-18 04:00:00,12,Beijing,LSTM,102.0,55.39252,test
2016-07-17 17:00:00,2016-07-18 05:00:00,12,Beijing,LSTM,103.833336,53.510532,test
2016-07-17 18:00:00,2016-07-18 06:00:00,12,Beijing,LSTM,109.72727,55.344326,test
2016-07-17 19:00:00,2016-07-18 07:00:00,12,Beijing,LSTM,115.818184,69.932526,test
2016-07-17 20:00:00,2016-07-18 08:00:00,12,Beijing,LSTM,121.72727,82.3869,test
2016-07-17 21:00:00,2016-07-18 09:00:00,12,Beijing,LSTM,115.09091,91.99358,test
2016-07-17 22:00:00,2016-07-18 10:00:00,12,Beijing,LSTM,111.181816,96.89993,test
2016-07-17 23:00:00,2016-07-18 11:00:00,12,Beijing,LSTM,109.63637,98.13183,test
2016-07-18 00:00:00,2016-07-18 12:00:00,12,Beijing,LSTM,108.90909,99.56151,test
2016-07-18 01:00:00,2016-07-18 13:00:00,12,Beijing,LSTM,111.63637,101.17531,test
2016-07-18 02:00:00,2016-07-18 14:00:00,12,Beijing,LSTM,110.454544,101.57156,test
2016-07-18 03:00:00,2016-07-18 15:00:00,12,Beijing,LSTM,107.72727,100.938385,test
2016-07-18 04:00:00,2016-07-18 16:00:00,12,Beijing,LSTM,104.63637,98.504036,test
2016-07-18 05:00:00,2016-07-18 17:00:00,12,Beijing,LSTM,102.25,82.81715,test
2016-07-18 06:00:00,2016-07-18 18:00:00,12,Beijing,LSTM,98.583336,81.14816,test
2016-07-18 07:00:00,2016-07-18 19:00:00,12,Beijing,LSTM,100.333336,83.26398,test
2016-07-18 08:00:00,2016-07-18 20:00:00,12,Beijing,LSTM,104.833336,84.46927,test
2016-07-18 09:00:00,2016-07-18 21:00:00,12,Beijing,LSTM,110.416664,83.889565,test
2016-07-18 10:00:00,2016-07-18 22:00:00,12,Beijing,LSTM,99.833336,83.11989,test
2016-07-18 11:00:00,2016-07-18 23:00:00,12,Beijing,LSTM,83.666664,86.469986,test
2016-07-18 12:00:00,2016-07-19 00:00:00,12,Beijing,LSTM,73.416664,88.15638,test
2016-07-18 13:00:00,2016-07-19 01:00:00,12,Beijing,LSTM,77.5,87.92976,test
2016-07-18 14:00:00,2016-07-19 02:00:00,12,Beijing,LSTM,80.416664,80.75952,test
2016-07-18 15:00:00,2016-07-19 03:00:00,12,Beijing,LSTM,93.666664,84.46413,test
2016-07-18 16:00:00,2016-07-19 04:00:00,12,Beijing,LSTM,104.416664,87.9236,test
2016-07-18 17:00:00,2016-07-19 05:00:00,12,Beijing,LSTM,111.916664,62.545982,test
2016-07-18 18:00:00,2016-07-19 06:00:00,12,Beijing,LSTM,134.33333,64.65458,test
2016-07-18 19:00:00,2016-07-19 07:00:00,12,Beijing,LSTM,144.0,62.13426,test
2016-07-18 20:00:00,2016-07-19 08:00:00,12,Beijing,LSTM,144.25,56.09341,test
2016-07-18 21:00:00,2016-07-19 09:00:00,12,Beijing,LSTM,132.58333,41.56718,test
2016-07-18 22:00:00,2016-07-19 10:00:00,12,Beijing,LSTM,125.083336,31.198153,test
2016-07-18 23:00:00,2016-07-19 11:00:00,12,Beijing,LSTM,103.833336,17.50994,test
2016-07-19 00:00:00,2016-07-19 12:00:00,12,Beijing,LSTM,83.583336,14.601142,test
2016-07-19 01:00:00,2016-07-19 13:00:00,12,Beijing,LSTM,76.0,16.29815,test
2016-07-19 02:00:00,2016-07-19 14:00:00,12,Beijing,LSTM,75.416664,15.984437,test
2016-07-19 03:00:00,2016-07-19 15:00:00,12,Beijing,LSTM,73.166664,21.514702,test
2016-07-19 04:00:00,2016-07-19 16:00:00,12,Beijing,LSTM,73.916664,30.885117,test
2016-07-19 05:00:00,2016-07-19 17:00:00,12,Beijing,LSTM,78.916664,41.90602,test
2016-07-19 06:00:00,2016-07-19 18:00:00,12,Beijing,LSTM,78.333336,49.64722,test
2016-07-19 07:00:00,2016-07-19 19:00:00,12,Beijing,LSTM,90.0,51.603054,test
2016-07-19 08:00:00,2016-07-19 20:00:00,12,Beijing,LSTM,94.05556,51.469585,test
2016-07-19 09:00:00,2016-07-19 21:00:00,12,Beijing,LSTM,92.02778,40.193222,test
2016-07-19 10:00:00,2016-07-19 22:00:00,12,Beijing,LSTM,89.583336,44.671566,test
2016-07-19 11:00:00,2016-07-19 23:00:00,12,Beijing,LSTM,95.0,38.07755,test
2016-07-19 12:00:00,2016-07-20 00:00:00,12,Beijing,LSTM,92.5,34.44614,test
2016-07-19 13:00:00,2016-07-20 01:00:00,12,Beijing,LSTM,91.416664,33.56555,test
2016-07-19 14:00:00,2016-07-20 02:00:00,12,Beijing,LSTM,89.0,33.07627,test
2016-07-19 15:00:00,2016-07-20 03:00:00,12,Beijing,LSTM,83.083336,26.857517,test
2016-07-19 16:00:00,2016-07-20 04:00:00,12,Beijing,LSTM,75.833336,25.807669,test
2016-07-19 17:00:00,2016-07-20 05:00:00,12,Beijing,LSTM,69.583336,27.12959,test
2016-07-19 18:00:00,2016-07-20 06:00:00,12,Beijing,LSTM,61.666668,26.407598,test
2016-07-19 19:00:00,2016-07-20 07:00:00,12,Beijing,LSTM,56.083332,26.436962,test
2016-07-19 20:00:00,2016-07-20 08:00:00,12,Beijing,LSTM,52.583332,26.360298,test
2016-07-19 21:00:00,2016-07-20 09:00:00,12,Beijing,LSTM,43.333332,23.574268,test
2016-07-19 22:00:00,2016-07-20 10:00:00,12,Beijing,LSTM,32.333332,19.892612,test
2016-07-19 23:00:00,2016-07-20 11:00:00,12,Beijing,LSTM,23.666668,20.479723,test
2016-07-20 00:00:00,2016-07-20 12:00:00,12,Beijing,LSTM,15.416667,24.02572,test
2016-07-20 01:00:00,2016-07-20 13:00:00,12,Beijing,LSTM,11.333333,27.246107,test
2016-07-20 02:00:00,2016-07-20 14:00:00,12,Beijing,LSTM,9.5,31.914703,test
2016-07-20 03:00:00,2016-07-20 15:00:00,12,Beijing,LSTM,8.416667,32.930233,test
2016-07-20 04:00:00,2016-07-20 16:00:00,12,Beijing,LSTM,6.416667,30.723652,test
2016-07-20 05:00:00,2016-07-20 17:00:00,12,Beijing,LSTM,5.916667,29.460308,test
2016-07-20 06:00:00,2016-07-20 18:00:00,12,Beijing,LSTM,6.333333,29.12936,test
2016-07-20 07:00:00,2016-07-20 19:00:00,12,Beijing,LSTM,5.916667,27.907822,test
2016-07-20 08:00:00,2016-07-20 20:00:00,12,Beijing,LSTM,6.75,23.608917,test
2016-07-20 09:00:00,2016-07-20 21:00:00,12,Beijing,LSTM,5.833333,17.778196,test
2016-07-20 10:00:00,2016-07-20 22:00:00,12,Beijing,LSTM,6.833333,16.064892,test
2016-07-20 11:00:00,2016-07-20 23:00:00,12,Beijing,LSTM,6.833333,14.665137,test
2016-07-20 12:00:00,2016-07-21 00:00:00,12,Beijing,LSTM,6.916667,14.228748,test
2016-07-20 13:00:00,2016-07-21 01:00:00,12,Beijing,LSTM,6.666667,13.480611,test
2016-07-20 14:00:00,2016-07-21 02:00:00,12,Beijing,LSTM,6.5,13.196765,test
2016-07-20 15:00:00,2016-07-21 03:00:00,12,Beijing,LSTM,6.75,12.619837,test
2016-07-20 16:00:00,2016-07-21 04:00:00,12,Beijing,LSTM,6.083333,12.837791,test
2016-07-20 17:00:00,2016-07-21 05:00:00,12,Beijing,LSTM,6.5,13.319292,test
2016-07-20 18:00:00,2016-07-21 06:00:00,12,Beijing,LSTM,8.0,13.284646,test
2016-07-20 19:00:00,2016-07-21 07:00:00,12,Beijing,LSTM,9.333333,13.919229,test
2016-07-20 20:00:00,2016-07-21 08:00:00,12,Beijing,LSTM,11.333333,15.571236,test
2016-07-20 21:00:00,2016-07-21 09:00:00,12,Beijing,LSTM,12.083333,17.438015,test
2016-07-20 22:00:00,2016-07-21 10:00:00,12,Beijing,LSTM,13.0,18.08671,test
2016-07-20 23:00:00,2016-07-21 11:00:00,12,Beijing,LSTM,13.416667,16.956936,test
2016-07-21 00:00:00,2016-07-21 12:00:00,12,Beijing,LSTM,18.5,18.126072,test
2016-07-21 01:00:00,2016-07-21 13:00:00,12,Beijing,LSTM,25.666668,18.458715,test
2016-07-21 02:00:00,2016-07-21 14:00:00,12,Beijing,LSTM,27.583332,18.1893,test
2016-07-21 03:00:00,2016-07-21 15:00:00,12,Beijing,LSTM,27.75,17.410198,test
2016-07-21 04:00:00,2016-07-21 16:00:00,12,Beijing,LSTM,34.583332,16.252447,test
2016-07-21 05:00:00,2016-07-21 17:00:00,12,Beijing,LSTM,37.833332,17.656609,test
2016-07-21 06:00:00,2016-07-21 18:00:00,12,Beijing,LSTM,45.083332,19.956116,test
2016-07-21 07:00:00,2016-07-21 19:00:00,12,Beijing,LSTM,47.833332,22.804546,test
2016-07-21 08:00:00,2016-07-21 20:00:00,12,Beijing,LSTM,49.75,25.338318,test
2016-07-21 09:00:00,2016-07-21 21:00:00,12,Beijing,LSTM,51.166668,27.188221,test
2016-07-21 10:00:00,2016-07-21 22:00:00,12,Beijing,LSTM,55.0,28.774557,test
2016-07-21 11:00:00,2016-07-21 23:00:00,12,Beijing,LSTM,58.75,29.41057,test
2016-07-21 12:00:00,2016-07-22 00:00:00,12,Beijing,LSTM,64.833336,30.804398,test
2016-07-21 13:00:00,2016-07-22 01:00:00,12,Beijing,LSTM,70.416664,33.509857,test
2016-07-21 14:00:00,2016-07-22 02:00:00,12,Beijing,LSTM,74.333336,33.337948,test
2016-07-21 15:00:00,2016-07-22 03:00:00,12,Beijing,LSTM,73.416664,33.235355,test
2016-07-21 16:00:00,2016-07-22 04:00:00,12,Beijing,LSTM,73.5,34.28834,test
2016-07-21 17:00:00,2016-07-22 05:00:00,12,Beijing,LSTM,70.0,35.002125,test
2016-07-21 18:00:00,2016-07-22 06:00:00,12,Beijing,LSTM,69.166664,36.301746,test
2016-07-21 19:00:00,2016-07-22 07:00:00,12,Beijing,LSTM,70.666664,36.918808,test
2016-07-21 20:00:00,2016-07-22 08:00:00,12,Beijing,LSTM,79.333336,37.11593,test
2016-07-21 21:00:00,2016-07-22 09:00:00,12,Beijing,LSTM,83.916664,36.556232,test
2016-07-21 22:00:00,2016-07-22 10:00:00,12,Beijing,LSTM,81.05,39.827465,test
2016-07-21 23:00:00,2016-07-22 11:00:00,12,Beijing,LSTM,81.76667,43.17569,test
2016-07-22 00:00:00,2016-07-22 12:00:00,12,Beijing,LSTM,83.9,46.871616,test
2016-07-22 01:00:00,2016-07-22 13:00:00,12,Beijing,LSTM,86.53333,50.54892,test
2016-07-22 02:00:00,2016-07-22 14:00:00,12,Beijing,LSTM,82.833336,53.80446,test
2016-07-22 03:00:00,2016-07-22 15:00:00,12,Beijing,LSTM,70.0,55.98013,test
2016-07-22 04:00:00,2016-07-22 16:00:00,12,Beijing,LSTM,68.09091,56.861412,test
2016-07-22 05:00:00,2016-07-22 17:00:00,12,Beijing,LSTM,64.818184,56.753216,test
2016-07-22 06:00:00,2016-07-22 18:00:00,12,Beijing,LSTM,58.909092,55.143044,test
2016-07-22 07:00:00,2016-07-22 19:00:00,12,Beijing,LSTM,55.818184,57.07358,test
2016-07-22 08:00:00,2016-07-22 20:00:00,12,Beijing,LSTM,55.545456,58.84303,test
2016-07-22 09:00:00,2016-07-22 21:00:00,12,Beijing,LSTM,68.818184,58.870537,test
2016-07-22 10:00:00,2016-07-22 22:00:00,12,Beijing,LSTM,88.545456,56.16241,test
2016-07-22 11:00:00,2016-07-22 23:00:00,12,Beijing,LSTM,100.454544,54.1451,test
2016-07-22 12:00:00,2016-07-23 00:00:00,12,Beijing,LSTM,108.545456,53.566998,test
2016-07-22 13:00:00,2016-07-23 01:00:00,12,Beijing,LSTM,114.454544,55.863163,test
2016-07-22 14:00:00,2016-07-23 02:00:00,12,Beijing,LSTM,116.09091,57.11542,test
2016-07-22 15:00:00,2016-07-23 03:00:00,12,Beijing,LSTM,116.181816,45.93784,test
2016-07-22 16:00:00,2016-07-23 04:00:00,12,Beijing,LSTM,117.27273,54.513996,test
2016-07-22 17:00:00,2016-07-23 05:00:00,12,Beijing,LSTM,113.818184,62.665237,test
2016-07-22 18:00:00,2016-07-23 06:00:00,12,Beijing,LSTM,110.90909,66.77495,test
2016-07-22 19:00:00,2016-07-23 07:00:00,12,Beijing,LSTM,109.181816,74.55298,test
2016-07-22 20:00:00,2016-07-23 08:00:00,12,Beijing,LSTM,114.454544,75.95352,test
2016-07-22 21:00:00,2016-07-23 09:00:00,12,Beijing,LSTM,129.63637,86.914925,test
2016-07-22 22:00:00,2016-07-23 10:00:00,12,Beijing,LSTM,141.4,95.1058,test
2016-07-22 23:00:00,2016-07-23 11:00:00,12,Beijing,LSTM,136.0,98.98297,test
2016-07-23 00:00:00,2016-07-23 12:00:00,12,Beijing,LSTM,129.8,100.690155,test
2016-07-23 01:00:00,2016-07-23 13:00:00,12,Beijing,LSTM,133.8,101.54823,test
2016-07-23 02:00:00,2016-07-23 14:00:00,12,Beijing,LSTM,141.6,101.91386,test
2016-07-23 03:00:00,2016-07-23 15:00:00,12,Beijing,LSTM,152.4,101.97969,test
2016-07-23 04:00:00,2016-07-23 16:00:00,12,Beijing,LSTM,161.2,102.09044,test
2016-07-23 05:00:00,2016-07-23 17:00:00,12,Beijing,LSTM,145.9,101.40036,test
2016-07-23 06:00:00,2016-07-23 18:00:00,12,Beijing,LSTM,146.5,101.11519,test
2016-07-23 07:00:00,2016-07-23 19:00:00,12,Beijing,LSTM,146.6,101.199326,test
2016-07-23 08:00:00,2016-07-23 20:00:00,12,Beijing,LSTM,155.6,101.60635,test
2016-07-23 09:00:00,2016-07-23 21:00:00,12,Beijing,LSTM,100.9,101.92967,test
2016-07-23 10:00:00,2016-07-23 22:00:00,12,Beijing,LSTM,27.3,102.0476,test
2016-07-23 11:00:00,2016-07-23 23:00:00,12,Beijing,LSTM,30.7,100.89627,test
2016-07-23 12:00:00,2016-07-24 00:00:00,12,Beijing,LSTM,34.0,100.63565,test
2016-07-23 13:00:00,2016-07-24 01:00:00,12,Beijing,LSTM,33.9,100.886635,test
2016-07-23 14:00:00,2016-07-24 02:00:00,12,Beijing,LSTM,36.1,101.83644,test
2016-07-23 15:00:00,2016-07-24 03:00:00,12,Beijing,LSTM,38.8,101.93309,test
2016-07-23 16:00:00,2016-07-24 04:00:00,12,Beijing,LSTM,40.7,102.01057,test
2016-07-23 17:00:00,2016-07-24 05:00:00,12,Beijing,LSTM,39.8,101.0449,test
2016-07-23 18:00:00,2016-07-24 06:00:00,12,Beijing,LSTM,38.4,100.72751,test
2016-07-23 19:00:00,2016-07-24 07:00:00,12,Beijing,LSTM,36.1,99.51132,test
2016-07-23 20:00:00,2016-07-24 08:00:00,12,Beijing,LSTM,41.1,97.654,test
2016-07-23 21:00:00,2016-07-24 09:00:00,12,Beijing,LSTM,45.0,32.339287,test
2016-07-23 22:00:00,2016-07-24 10:00:00,12,Beijing,LSTM,47.5,37.307407,test
2016-07-23 23:00:00,2016-07-24 11:00:00,12,Beijing,LSTM,57.636364,42.443356,test
2016-07-24 00:00:00,2016-07-24 12:00:00,12,Beijing,LSTM,67.454544,52.628014,test
2016-07-24 01:00:00,2016-07-24 13:00:00,12,Beijing,LSTM,77.27273,59.211582,test
2016-07-24 02:00:00,2016-07-24 14:00:00,12,Beijing,LSTM,94.818184,62.7558,test
2016-07-24 03:00:00,2016-07-24 15:00:00,12,Beijing,LSTM,105.09091,63.31506,test
2016-07-24 04:00:00,2016-07-24 16:00:00,12,Beijing,LSTM,104.72727,62.81087,test
2016-07-24 05:00:00,2016-07-24 17:00:00,12,Beijing,LSTM,114.09091,64.74883,test
2016-07-24 06:00:00,2016-07-24 18:00:00,12,Beijing,LSTM,119.0,69.76451,test
2016-07-24 07:00:00,2016-07-24 19:00:00,12,Beijing,LSTM,107.90909,75.05501,test
2016-07-24 08:00:00,2016-07-24 20:00:00,12,Beijing,LSTM,71.49351,82.259094,test
2016-07-24 09:00:00,2016-07-24 21:00:00,12,Beijing,LSTM,70.53247,88.45958,test
2016-07-24 10:00:00,2016-07-24 22:00:00,12,Beijing,LSTM,68.57143,92.18281,test
2016-07-24 11:00:00,2016-07-24 23:00:00,12,Beijing,LSTM,64.61039,94.23445,test
2016-07-24 12:00:00,2016-07-25 00:00:00,12,Beijing,LSTM,66.64935,95.00052,test
2016-07-24 13:00:00,2016-07-25 01:00:00,12,Beijing,LSTM,67.41558,95.48397,test
2016-07-24 14:00:00,2016-07-25 02:00:00,12,Beijing,LSTM,60.454544,95.34683,test
2016-07-24 15:00:00,2016-07-25 03:00:00,12,Beijing,LSTM,58.0,95.711395,test
2016-07-24 16:00:00,2016-07-25 04:00:00,12,Beijing,LSTM,58.0,95.991425,test
2016-07-24 17:00:00,2016-07-25 05:00:00,12,Beijing,LSTM,56.181816,97.72752,test
2016-07-24 18:00:00,2016-07-25 06:00:00,12,Beijing,LSTM,54.636364,99.432755,test
2016-07-24 19:00:00,2016-07-25 07:00:00,12,Beijing,LSTM,52.0,98.571495,test
2016-07-24 20:00:00,2016-07-25 08:00:00,12,Beijing,LSTM,49.818184,98.62717,test
2016-07-24 21:00:00,2016-07-25 09:00:00,12,Beijing,LSTM,44.909092,98.8851,test
2016-07-24 22:00:00,2016-07-25 10:00:00,12,Beijing,LSTM,38.681816,100.91649,test
2016-07-24 23:00:00,2016-07-25 11:00:00,12,Beijing,LSTM,36.181816,101.16804,test
2016-07-25 00:00:00,2016-07-25 12:00:00,12,Beijing,LSTM,37.590908,101.18548,test
2016-07-25 01:00:00,2016-07-25 13:00:00,12,Beijing,LSTM,35.272728,100.89412,test
2016-07-25 02:00:00,2016-07-25 14:00:00,12,Beijing,LSTM,38.181816,97.513885,test
2016-07-25 03:00:00,2016-07-25 15:00:00,12,Beijing,LSTM,44.454544,81.055954,test
2016-07-25 04:00:00,2016-07-25 16:00:00,12,Beijing,LSTM,38.272728,87.93111,test
2016-07-25 05:00:00,2016-07-25 17:00:00,12,Beijing,LSTM,27.909092,84.53202,test
2016-07-25 06:00:00,2016-07-25 18:00:00,12,Beijing,LSTM,24.636364,76.84722,test
2016-07-25 07:00:00,2016-07-25 19:00:00,12,Beijing,LSTM,27.090908,72.90552,test
2016-07-25 08:00:00,2016-07-25 20:00:00,12,Beijing,LSTM,28.636364,69.2348,test
2016-07-25 09:00:00,2016-07-25 21:00:00,12,Beijing,LSTM,30.727274,66.94947,test
2016-07-25 10:00:00,2016-07-25 22:00:00,12,Beijing,LSTM,27.272726,58.22457,test
2016-07-25 11:00:00,2016-07-25 23:00:00,12,Beijing,LSTM,21.090908,53.177845,test
2016-07-25 12:00:00,2016-07-26 00:00:00,12,Beijing,LSTM,10.727273,46.58375,test
2016-07-25 13:00:00,2016-07-26 01:00:00,12,Beijing,LSTM,9.363636,44.179363,test
2016-07-25 14:00:00,2016-07-26 02:00:00,12,Beijing,LSTM,6.818182,43.16178,test
2016-07-25 15:00:00,2016-07-26 03:00:00,12,Beijing,LSTM,7.181818,44.58417,test
2016-07-25 16:00:00,2016-07-26 04:00:00,12,Beijing,LSTM,7.772727,42.58143,test
2016-07-25 17:00:00,2016-07-26 05:00:00,12,Beijing,LSTM,29.545456,38.412228,test
2016-07-25 18:00:00,2016-07-26 06:00:00,12,Beijing,LSTM,14.818182,33.583332,test
2016-07-25 19:00:00,2016-07-26 07:00:00,12,Beijing,LSTM,19.090908,33.55974,test
2016-07-25 20:00:00,2016-07-26 08:00:00,12,Beijing,LSTM,21.636364,34.888912,test
2016-07-25 21:00:00,2016-07-26 09:00:00,12,Beijing,LSTM,21.848486,33.489216,test
2016-07-25 22:00:00,2016-07-26 10:00:00,12,Beijing,LSTM,21.060606,28.175083,test
2016-07-25 23:00:00,2016-07-26 11:00:00,12,Beijing,LSTM,22.545456,22.42025,test
2016-07-26 00:00:00,2016-07-26 12:00:00,12,Beijing,LSTM,22.939394,18.05384,test
2016-07-26 01:00:00,2016-07-26 13:00:00,12,Beijing,LSTM,21.090908,16.649801,test
2016-07-26 02:00:00,2016-07-26 14:00:00,12,Beijing,LSTM,19.878788,16.236769,test
2016-07-26 03:00:00,2016-07-26 15:00:00,12,Beijing,LSTM,17.863636,16.511162,test
2016-07-26 04:00:00,2016-07-26 16:00:00,12,Beijing,LSTM,19.727274,17.163107,test
2016-07-26 05:00:00,2016-07-26 17:00:00,12,Beijing,LSTM,22.969698,20.465603,test
2016-07-26 06:00:00,2016-07-26 18:00:00,12,Beijing,LSTM,23.944445,20.751049,test
2016-07-26 07:00:00,2016-07-26 19:00:00,12,Beijing,LSTM,28.666668,25.228514,test
2016-07-26 08:00:00,2016-07-26 20:00:00,12,Beijing,LSTM,33.5,30.062925,test
2016-07-26 09:00:00,2016-07-26 21:00:00,12,Beijing,LSTM,34.916668,34.26181,test
2016-07-26 10:00:00,2016-07-26 22:00:00,12,Beijing,LSTM,34.75,38.090374,test
2016-07-26 11:00:00,2016-07-26 23:00:00,12,Beijing,LSTM,35.583332,40.662994,test
2016-07-26 12:00:00,2016-07-27 00:00:00,12,Beijing,LSTM,38.083332,42.15473,test
2016-07-26 13:00:00,2016-07-27 01:00:00,12,Beijing,LSTM,43.0,41.715015,test
2016-07-26 14:00:00,2016-07-27 02:00:00,12,Beijing,LSTM,43.25,41.269894,test
2016-07-26 15:00:00,2016-07-27 03:00:00,12,Beijing,LSTM,45.583332,40.244217,test
2016-07-26 16:00:00,2016-07-27 04:00:00,12,Beijing,LSTM,42.75,39.07391,test
2016-07-26 17:00:00,2016-07-27 05:00:00,12,Beijing,LSTM,41.583332,37.797092,test
2016-07-26 18:00:00,2016-07-27 06:00:00,12,Beijing,LSTM,41.666668,38.30298,test
2016-07-26 19:00:00,2016-07-27 07:00:00,12,Beijing,LSTM,40.083332,43.459827,test
2016-07-26 20:00:00,2016-07-27 08:00:00,12,Beijing,LSTM,41.25,48.101017,test
2016-07-26 21:00:00,2016-07-27 09:00:00,12,Beijing,LSTM,45.75,49.48357,test
2016-07-26 22:00:00,2016-07-27 10:00:00,12,Beijing,LSTM,46.333332,50.71493,test
2016-07-26 23:00:00,2016-07-27 11:00:00,12,Beijing,LSTM,43.583332,51.86041,test
2016-07-27 00:00:00,2016-07-27 12:00:00,12,Beijing,LSTM,44.916668,52.27817,test
2016-07-27 01:00:00,2016-07-27 13:00:00,12,Beijing,LSTM,51.75,52.116116,test
2016-07-27 02:00:00,2016-07-27 14:00:00,12,Beijing,LSTM,70.166664,53.099274,test
2016-07-27 03:00:00,2016-07-27 15:00:00,12,Beijing,LSTM,54.0,54.19695,test
2016-07-27 04:00:00,2016-07-27 16:00:00,12,Beijing,LSTM,49.791668,55.105824,test
2016-07-27 05:00:00,2016-07-27 17:00:00,12,Beijing,LSTM,56.833332,55.6011,test
2016-07-27 06:00:00,2016-07-27 18:00:00,12,Beijing,LSTM,80.75,56.213364,test
2016-07-27 07:00:00,2016-07-27 19:00:00,12,Beijing,LSTM,100.666664,55.97084,test
2016-07-27 08:00:00,2016-07-27 20:00:00,12,Beijing,LSTM,56.818184,56.646065,test
2016-07-27 09:00:00,2016-07-27 21:00:00,12,Beijing,LSTM,20.545456,56.16661,test
2016-07-27 10:00:00,2016-07-27 22:00:00,12,Beijing,LSTM,21.090908,56.579346,test
2016-07-27 11:00:00,2016-07-27 23:00:00,12,Beijing,LSTM,16.818182,56.70493,test
2016-07-27 12:00:00,2016-07-28 00:00:00,12,Beijing,LSTM,19.272726,57.783527,test
2016-07-27 13:00:00,2016-07-28 01:00:00,12,Beijing,LSTM,19.0,58.143993,test
2016-07-27 14:00:00,2016-07-28 02:00:00,12,Beijing,LSTM,19.0,59.68678,test
2016-07-27 15:00:00,2016-07-28 03:00:00,12,Beijing,LSTM,18.909092,55.33877,test
2016-07-27 16:00:00,2016-07-28 04:00:00,12,Beijing,LSTM,20.272726,59.20416,test
2016-07-27 17:00:00,2016-07-28 05:00:00,12,Beijing,LSTM,20.545456,62.08713,test
2016-07-27 18:00:00,2016-07-28 06:00:00,12,Beijing,LSTM,19.636364,65.61828,test
2016-07-27 19:00:00,2016-07-28 07:00:00,12,Beijing,LSTM,20.272726,68.603745,test
2016-07-27 20:00:00,2016-07-28 08:00:00,12,Beijing,LSTM,24.636364,46.633366,test
2016-07-27 21:00:00,2016-07-28 09:00:00,12,Beijing,LSTM,25.363636,49.568302,test
2016-07-27 22:00:00,2016-07-28 10:00:00,12,Beijing,LSTM,24.363636,59.96825,test
2016-07-27 23:00:00,2016-07-28 11:00:00,12,Beijing,LSTM,28.545456,67.02708,test
2016-07-28 00:00:00,2016-07-28 12:00:00,12,Beijing,LSTM,35.681816,80.35681,test
2016-07-28 01:00:00,2016-07-28 13:00:00,12,Beijing,LSTM,48.454544,88.7174,test
2016-07-28 02:00:00,2016-07-28 14:00:00,12,Beijing,LSTM,58.727272,95.32906,test
2016-07-28 03:00:00,2016-07-28 15:00:00,12,Beijing,LSTM,57.363636,99.19171,test
2016-07-28 04:00:00,2016-07-28 16:00:00,12,Beijing,LSTM,56.545456,101.088135,test
2016-07-28 05:00:00,2016-07-28 17:00:00,12,Beijing,LSTM,61.545456,101.72269,test
2016-07-28 06:00:00,2016-07-28 18:00:00,12,Beijing,LSTM,69.86363,102.07168,test
2016-07-28 07:00:00,2016-07-28 19:00:00,12,Beijing,LSTM,78.0,102.19737,test
2016-07-28 08:00:00,2016-07-28 20:00:00,12,Beijing,LSTM,82.954544,102.20199,test
2016-07-28 09:00:00,2016-07-28 21:00:00,12,Beijing,LSTM,89.63637,102.23776,test
2016-07-28 10:00:00,2016-07-28 22:00:00,12,Beijing,LSTM,95.09091,102.22804,test
2016-07-28 11:00:00,2016-07-28 23:00:00,12,Beijing,LSTM,95.545456,102.23534,test
2016-07-28 12:00:00,2016-07-29 00:00:00,12,Beijing,LSTM,95.818184,102.22325,test
2016-07-28 13:00:00,2016-07-29 01:00:00,12,Beijing,LSTM,99.36363,102.16852,test
2016-07-28 14:00:00,2016-07-29 02:00:00,12,Beijing,LSTM,94.454544,102.212326,test
2016-07-28 15:00:00,2016-07-29 03:00:00,12,Beijing,LSTM,83.63637,102.09215,test
2016-07-28 16:00:00,2016-07-29 04:00:00,12,Beijing,LSTM,85.09091,102.04219,test
2016-07-28 17:00:00,2016-07-29 05:00:00,12,Beijing,LSTM,88.36363,101.90048,test
2016-07-28 18:00:00,2016-07-29 06:00:00,12,Beijing,LSTM,97.09091,102.02454,test
2016-07-28 19:00:00,2016-07-29 07:00:00,12,Beijing,LSTM,96.27273,102.16518,test
2016-07-28 20:00:00,2016-07-29 08:00:00,12,Beijing,LSTM,102.63637,102.20639,test
2016-07-28 21:00:00,2016-07-29 09:00:00,12,Beijing,LSTM,110.818184,102.14951,test
2016-07-28 22:00:00,2016-07-29 10:00:00,12,Beijing,LSTM,118.181816,102.14868,test
2016-07-28 23:00:00,2016-07-29 11:00:00,12,Beijing,LSTM,119.0,102.0552,test
2016-07-29 00:00:00,2016-07-29 12:00:00,12,Beijing,LSTM,129.91667,102.025154,test
2016-07-29 01:00:00,2016-07-29 13:00:00,12,Beijing,LSTM,132.83333,102.16775,test
2016-07-29 02:00:00,2016-07-29 14:00:00,12,Beijing,LSTM,134.41667,102.10701,test
2016-07-29 03:00:00,2016-07-29 15:00:00,12,Beijing,LSTM,139.58333,98.26864,test
2016-07-29 04:00:00,2016-07-29 16:00:00,12,Beijing,LSTM,140.25,98.175476,test
2016-07-29 05:00:00,2016-07-29 17:00:00,12,Beijing,LSTM,134.83333,98.05794,test
2016-07-29 06:00:00,2016-07-29 18:00:00,12,Beijing,LSTM,136.83333,96.40865,test
2016-07-29 07:00:00,2016-07-29 19:00:00,12,Beijing,LSTM,131.41667,92.12136,test
2016-07-29 08:00:00,2016-07-29 20:00:00,12,Beijing,LSTM,134.66667,82.12218,test
2016-07-29 09:00:00,2016-07-29 21:00:00,12,Beijing,LSTM,135.58333,78.770096,test
2016-07-29 10:00:00,2016-07-29 22:00:00,12,Beijing,LSTM,133.41667,78.72736,test
2016-07-29 11:00:00,2016-07-29 23:00:00,12,Beijing,LSTM,133.58333,76.59553,test
2016-07-29 12:00:00,2016-07-30 00:00:00,12,Beijing,LSTM,134.5,82.46817,test
2016-07-29 13:00:00,2016-07-30 01:00:00,12,Beijing,LSTM,133.33333,83.72108,test
2016-07-29 14:00:00,2016-07-30 02:00:00,12,Beijing,LSTM,130.83333,85.974525,test
2016-07-29 15:00:00,2016-07-30 03:00:00,12,Beijing,LSTM,129.41667,87.97215,test
2016-07-29 16:00:00,2016-07-30 04:00:00,12,Beijing,LSTM,128.0,89.4581,test
2016-07-29 17:00:00,2016-07-30 05:00:00,12,Beijing,LSTM,93.833336,91.48631,test
2016-07-29 18:00:00,2016-07-30 06:00:00,12,Beijing,LSTM,95.416664,94.761314,test
2016-07-29 19:00:00,2016-07-30 07:00:00,12,Beijing,LSTM,107.083336,98.13538,test
2016-07-29 20:00:00,2016-07-30 08:00:00,12,Beijing,LSTM,137.5,100.46471,test
2016-07-29 21:00:00,2016-07-30 09:00:00,12,Beijing,LSTM,167.16667,101.19986,test
2016-07-29 22:00:00,2016-07-30 10:00:00,12,Beijing,LSTM,177.875,101.57944,test
2016-07-29 23:00:00,2016-07-30 11:00:00,12,Beijing,LSTM,188.58333,100.90756,test
2016-07-30 00:00:00,2016-07-30 12:00:00,12,Beijing,LSTM,191.75,101.56319,test
2016-07-30 01:00:00,2016-07-30 13:00:00,12,Beijing,LSTM,215.16667,101.172134,test
2016-07-30 02:00:00,2016-07-30 14:00:00,12,Beijing,LSTM,221.41667,100.922,test
2016-07-30 03:00:00,2016-07-30 15:00:00,12,Beijing,LSTM,223.58333,91.63851,test
2016-07-30 04:00:00,2016-07-30 16:00:00,12,Beijing,LSTM,213.33333,95.75221,test
2016-07-30 05:00:00,2016-07-30 17:00:00,12,Beijing,LSTM,193.08333,83.88754,test
2016-07-30 06:00:00,2016-07-30 18:00:00,12,Beijing,LSTM,111.75,91.03514,test
2016-07-30 07:00:00,2016-07-30 19:00:00,12,Beijing,LSTM,50.25,89.27052,test
2016-07-30 08:00:00,2016-07-30 20:00:00,12,Beijing,LSTM,44.0,99.00717,test
2016-07-30 09:00:00,2016-07-30 21:00:00,12,Beijing,LSTM,37.416668,100.83894,test
2016-07-30 10:00:00,2016-07-30 22:00:00,12,Beijing,LSTM,41.666668,101.45779,test
2016-07-30 11:00:00,2016-07-30 23:00:00,12,Beijing,LSTM,47.083332,101.63485,test
2016-07-30 12:00:00,2016-07-31 00:00:00,12,Beijing,LSTM,42.25,101.2656,test
2016-07-30 13:00:00,2016-07-31 01:00:00,12,Beijing,LSTM,39.583332,101.65771,test
2016-07-30 14:00:00,2016-07-31 02:00:00,12,Beijing,LSTM,37.916668,101.66966,test
2016-07-30 15:00:00,2016-07-31 03:00:00,12,Beijing,LSTM,40.416668,101.53772,test
2016-07-30 16:00:00,2016-07-31 04:00:00,12,Beijing,LSTM,46.583332,90.8197,test
2016-07-30 17:00:00,2016-07-31 05:00:00,12,Beijing,LSTM,49.25,71.197235,test
2016-07-30 18:00:00,2016-07-31 06:00:00,12,Beijing,LSTM,53.583332,34.249084,test
2016-07-30 19:00:00,2016-07-31 07:00:00,12,Beijing,LSTM,57.5,32.111145,test
2016-07-30 20:00:00,2016-07-31 08:00:00,12,Beijing,LSTM,57.5,33.55895,test
2016-07-30 21:00:00,2016-07-31 09:00:00,12,Beijing,LSTM,59.25,21.634531,test
2016-07-30 22:00:00,2016-07-31 10:00:00,12,Beijing,LSTM,54.75,24.413157,test
2016-07-30 23:00:00,2016-07-31 11:00:00,12,Beijing,LSTM,56.583332,21.088512,test
2016-07-31 00:00:00,2016-07-31 12:00:00,12,Beijing,LSTM,58.333332,25.738968,test
2016-07-31 01:00:00,2016-07-31 13:00:00,12,Beijing,LSTM,62.833332,29.903568,test
2016-07-31 02:00:00,2016-07-31 14:00:00,12,Beijing,LSTM,60.333332,37.065536,test
2016-07-31 03:00:00,2016-07-31 15:00:00,12,Beijing,LSTM,47.166668,43.923134,test
2016-07-31 04:00:00,2016-07-31 16:00:00,12,Beijing,LSTM,44.666668,48.785065,test
2016-07-31 05:00:00,2016-07-31 17:00:00,12,Beijing,LSTM,45.666668,43.87871,test
2016-07-31 06:00:00,2016-07-31 18:00:00,12,Beijing,LSTM,53.0,45.02428,test
2016-07-31 07:00:00,2016-07-31 19:00:00,12,Beijing,LSTM,59.666668,51.985073,test
2016-07-31 08:00:00,2016-07-31 20:00:00,12,Beijing,LSTM,62.75,58.156353,test
2016-07-31 09:00:00,2016-07-31 21:00:00,12,Beijing,LSTM,66.916664,65.64793,test
2016-07-31 10:00:00,2016-07-31 22:00:00,12,Beijing,LSTM,67.083336,72.98279,test
2016-07-31 11:00:00,2016-07-31 23:00:00,12,Beijing,LSTM,61.166668,77.7475,test
2016-07-31 12:00:00,2016-08-01 00:00:00,12,Beijing,LSTM,59.166668,79.354004,test
2016-07-31 13:00:00,2016-08-01 01:00:00,12,Beijing,LSTM,58.416668,79.62064,test
2016-07-31 14:00:00,2016-08-01 02:00:00,12,Beijing,LSTM,56.333332,80.75067,test
2016-07-31 15:00:00,2016-08-01 03:00:00,12,Beijing,LSTM,57.0,78.93233,test
2016-07-31 16:00:00,2016-08-01 04:00:00,12,Beijing,LSTM,59.333332,80.24664,test
2016-07-31 17:00:00,2016-08-01 05:00:00,12,Beijing,LSTM,59.333332,79.49773,test
2016-07-31 18:00:00,2016-08-01 06:00:00,12,Beijing,LSTM,63.083332,78.63067,test
2016-07-31 19:00:00,2016-08-01 07:00:00,12,Beijing,LSTM,67.25,76.82468,test
2016-07-31 20:00:00,2016-08-01 08:00:00,12,Beijing,LSTM,65.5,73.59206,test
2016-07-31 21:00:00,2016-08-01 09:00:00,12,Beijing,LSTM,51.916668,66.59787,test
2016-07-31 22:00:00,2016-08-01 10:00:00,12,Beijing,LSTM,52.166668,56.099346,test
2016-07-31 23:00:00,2016-08-01 11:00:00,12,Beijing,LSTM,54.416668,47.63918,test
2016-08-01 00:00:00,2016-08-01 12:00:00,12,Beijing,LSTM,53.5,45.764736,test
2016-08-01 01:00:00,2016-08-01 13:00:00,12,Beijing,LSTM,57.583332,45.101177,test
2016-08-01 02:00:00,2016-08-01 14:00:00,12,Beijing,LSTM,61.75,43.09518,test
2016-08-01 03:00:00,2016-08-01 15:00:00,12,Beijing,LSTM,68.75,43.031773,test
2016-08-01 04:00:00,2016-08-01 16:00:00,12,Beijing,LSTM,67.27778,41.744892,test
2016-08-01 05:00:00,2016-08-01 17:00:00,12,Beijing,LSTM,63.47222,39.492916,test
2016-08-01 06:00:00,2016-08-01 18:00:00,12,Beijing,LSTM,65.166664,37.9054,test
2016-08-01 07:00:00,2016-08-01 19:00:00,12,Beijing,LSTM,73.583336,40.895092,test
2016-08-01 08:00:00,2016-08-01 20:00:00,12,Beijing,LSTM,85.25,38.45563,test
2016-08-01 09:00:00,2016-08-01 21:00:00,12,Beijing,LSTM,87.833336,34.780827,test
2016-08-01 10:00:00,2016-08-01 22:00:00,12,Beijing,LSTM,100.25,36.223427,test
2016-08-01 11:00:00,2016-08-01 23:00:00,12,Beijing,LSTM,108.75,41.52805,test
2016-08-01 12:00:00,2016-08-02 00:00:00,12,Beijing,LSTM,117.083336,45.231686,test
2016-08-01 13:00:00,2016-08-02 01:00:00,12,Beijing,LSTM,119.583336,44.769886,test
2016-08-01 14:00:00,2016-08-02 02:00:00,12,Beijing,LSTM,114.0,50.255672,test
2016-08-01 15:00:00,2016-08-02 03:00:00,12,Beijing,LSTM,99.916664,54.158554,test
2016-08-01 16:00:00,2016-08-02 04:00:00,12,Beijing,LSTM,83.166664,56.53949,test
2016-08-01 17:00:00,2016-08-02 05:00:00,12,Beijing,LSTM,65.75,57.853237,test
2016-08-01 18:00:00,2016-08-02 06:00:00,12,Beijing,LSTM,59.416668,59.65926,test
2016-08-01 19:00:00,2016-08-02 07:00:00,12,Beijing,LSTM,51.833332,62.840412,test
2016-08-01 20:00:00,2016-08-02 08:00:00,12,Beijing,LSTM,45.166668,66.7706,test
2016-08-01 21:00:00,2016-08-02 09:00:00,12,Beijing,LSTM,51.625,72.109085,test
2016-08-01 22:00:00,2016-08-02 10:00:00,12,Beijing,LSTM,36.333332,79.118614,test
2016-08-01 23:00:00,2016-08-02 11:00:00,12,Beijing,LSTM,24.333332,86.36111,test
2016-08-02 00:00:00,2016-08-02 12:00:00,12,Beijing,LSTM,22.277779,93.22366,test
2016-08-02 01:00:00,2016-08-02 13:00:00,12,Beijing,LSTM,19.805555,98.07057,test
2016-08-02 02:00:00,2016-08-02 14:00:00,12,Beijing,LSTM,19.25,100.50628,test
2016-08-02 03:00:00,2016-08-02 15:00:00,12,Beijing,LSTM,21.583332,101.506996,test
2016-08-02 04:00:00,2016-08-02 16:00:00,12,Beijing,LSTM,22.25,101.94504,test
2016-08-02 05:00:00,2016-08-02 17:00:00,12,Beijing,LSTM,24.916668,101.91868,test
2016-08-02 06:00:00,2016-08-02 18:00:00,12,Beijing,LSTM,29.333332,101.65344,test
2016-08-02 07:00:00,2016-08-02 19:00:00,12,Beijing,LSTM,32.083332,100.71221,test
2016-08-02 08:00:00,2016-08-02 20:00:00,12,Beijing,LSTM,33.666668,87.21274,test
2016-08-02 09:00:00,2016-08-02 21:00:00,12,Beijing,LSTM,35.0,88.80847,test
2016-08-02 10:00:00,2016-08-02 22:00:00,12,Beijing,LSTM,37.166668,36.829765,test
2016-08-02 11:00:00,2016-08-02 23:00:00,12,Beijing,LSTM,39.916668,29.347393,test
2016-08-02 12:00:00,2016-08-03 00:00:00,12,Beijing,LSTM,45.083332,27.715172,test
2016-08-02 13:00:00,2016-08-03 01:00:00,12,Beijing,LSTM,55.25,27.307535,test
2016-08-02 14:00:00,2016-08-03 02:00:00,12,Beijing,LSTM,59.333332,27.726982,test
2016-08-02 15:00:00,2016-08-03 03:00:00,12,Beijing,LSTM,61.5,27.514679,test
2016-08-02 16:00:00,2016-08-03 04:00:00,12,Beijing,LSTM,67.166664,27.171719,test
2016-08-02 17:00:00,2016-08-03 05:00:00,12,Beijing,LSTM,64.333336,27.68451,test
2016-08-02 18:00:00,2016-08-03 06:00:00,12,Beijing,LSTM,56.583332,29.838884,test
2016-08-02 19:00:00,2016-08-03 07:00:00,12,Beijing,LSTM,61.666668,33.113434,test
2016-08-02 20:00:00,2016-08-03 08:00:00,12,Beijing,LSTM,83.416664,36.488228,test
2016-08-02 21:00:00,2016-08-03 09:00:00,12,Beijing,LSTM,79.583336,36.709873,test
2016-08-02 22:00:00,2016-08-03 10:00:00,12,Beijing,LSTM,62.75,34.436253,test
2016-08-02 23:00:00,2016-08-03 11:00:00,12,Beijing,LSTM,52.88333,34.344532,test
2016-08-03 00:00:00,2016-08-03 12:00:00,12,Beijing,LSTM,42.183334,35.24757,test
2016-08-03 01:00:00,2016-08-03 13:00:00,12,Beijing,LSTM,35.4,37.725353,test
2016-08-03 02:00:00,2016-08-03 14:00:00,12,Beijing,LSTM,33.533333,38.638252,test
2016-08-03 03:00:00,2016-08-03 15:00:00,12,Beijing,LSTM,33.416668,40.202534,test
2016-08-03 04:00:00,2016-08-03 16:00:00,12,Beijing,LSTM,38.75,42.332752,test
2016-08-03 05:00:00,2016-08-03 17:00:00,12,Beijing,LSTM,48.083332,43.02832,test
2016-08-03 06:00:00,2016-08-03 18:00:00,12,Beijing,LSTM,46.916668,45.602516,test
2016-08-03 07:00:00,2016-08-03 19:00:00,12,Beijing,LSTM,44.0,49.222225,test
2016-08-03 08:00:00,2016-08-03 20:00:00,12,Beijing,LSTM,44.0,52.301537,test
2016-08-03 09:00:00,2016-08-03 21:00:00,12,Beijing,LSTM,50.75,53.7769,test
2016-08-03 10:00:00,2016-08-03 22:00:00,12,Beijing,LSTM,54.083332,51.904213,test
2016-08-03 11:00:00,2016-08-03 23:00:00,12,Beijing,LSTM,57.291668,52.961514,test
2016-08-03 12:00:00,2016-08-04 00:00:00,12,Beijing,LSTM,67.25,54.85104,test
2016-08-03 13:00:00,2016-08-04 01:00:00,12,Beijing,LSTM,72.666664,51.689426,test
2016-08-03 14:00:00,2016-08-04 02:00:00,12,Beijing,LSTM,76.75,55.218433,test
2016-08-03 15:00:00,2016-08-04 03:00:00,12,Beijing,LSTM,74.416664,55.667976,test
2016-08-03 16:00:00,2016-08-04 04:00:00,12,Beijing,LSTM,78.25,59.48068,test
2016-08-03 17:00:00,2016-08-04 05:00:00,12,Beijing,LSTM,83.75,62.79007,test
2016-08-03 18:00:00,2016-08-04 06:00:00,12,Beijing,LSTM,88.583336,67.34761,test
2016-08-03 19:00:00,2016-08-04 07:00:00,12,Beijing,LSTM,93.5,73.63937,test
2016-08-03 20:00:00,2016-08-04 08:00:00,12,Beijing,LSTM,105.5,81.821594,test
2016-08-03 21:00:00,2016-08-04 09:00:00,12,Beijing,LSTM,116.333336,90.43186,test
2016-08-03 22:00:00,2016-08-04 10:00:00,12,Beijing,LSTM,122.75,93.03104,test
2016-08-03 23:00:00,2016-08-04 11:00:00,12,Beijing,LSTM,124.75,95.08347,test
2016-08-04 00:00:00,2016-08-04 12:00:00,12,Beijing,LSTM,123.791664,96.98446,test
2016-08-04 01:00:00,2016-08-04 13:00:00,12,Beijing,LSTM,119.75,98.980736,test
2016-08-04 02:00:00,2016-08-04 14:00:00,12,Beijing,LSTM,111.97222,100.40634,test
2016-08-04 03:00:00,2016-08-04 15:00:00,12,Beijing,LSTM,105.19444,100.5466,test
2016-08-04 04:00:00,2016-08-04 16:00:00,12,Beijing,LSTM,100.916664,100.81616,test
2016-08-04 05:00:00,2016-08-04 17:00:00,12,Beijing,LSTM,101.708336,101.48862,test
2016-08-04 06:00:00,2016-08-04 18:00:00,12,Beijing,LSTM,96.666664,101.78093,test
2016-08-04 07:00:00,2016-08-04 19:00:00,12,Beijing,LSTM,94.708336,102.153755,test
2016-08-04 08:00:00,2016-08-04 20:00:00,12,Beijing,LSTM,97.166664,102.203415,test
2016-08-04 09:00:00,2016-08-04 21:00:00,12,Beijing,LSTM,109.5,102.241776,test
2016-08-04 10:00:00,2016-08-04 22:00:00,12,Beijing,LSTM,102.833336,102.21013,test
2016-08-04 11:00:00,2016-08-04 23:00:00,12,Beijing,LSTM,83.0,102.195274,test
2016-08-04 12:00:00,2016-08-05 00:00:00,12,Beijing,LSTM,70.083336,102.07056,test
2016-08-04 13:00:00,2016-08-05 01:00:00,12,Beijing,LSTM,57.833332,101.879395,test
2016-08-04 14:00:00,2016-08-05 02:00:00,12,Beijing,LSTM,55.5,100.79678,test
2016-08-04 15:00:00,2016-08-05 03:00:00,12,Beijing,LSTM,59.666668,100.67265,test
2016-08-04 16:00:00,2016-08-05 04:00:00,12,Beijing,LSTM,64.916664,100.91163,test
2016-08-04 17:00:00,2016-08-05 05:00:00,12,Beijing,LSTM,67.666664,101.27082,test
2016-08-04 18:00:00,2016-08-05 06:00:00,12,Beijing,LSTM,68.083336,101.202484,test
2016-08-04 19:00:00,2016-08-05 07:00:00,12,Beijing,LSTM,69.916664,101.67747,test
2016-08-04 20:00:00,2016-08-05 08:00:00,12,Beijing,LSTM,76.25,99.94602,test
2016-08-04 21:00:00,2016-08-05 09:00:00,12,Beijing,LSTM,75.5,100.88545,test
2016-08-04 22:00:00,2016-08-05 10:00:00,12,Beijing,LSTM,70.583336,97.67207,test
2016-08-04 23:00:00,2016-08-05 11:00:00,12,Beijing,LSTM,61.916668,90.848206,test
2016-08-05 00:00:00,2016-08-05 12:00:00,12,Beijing,LSTM,58.0,80.02493,test
2016-08-05 01:00:00,2016-08-05 13:00:00,12,Beijing,LSTM,57.333332,68.20819,test
2016-08-05 02:00:00,2016-08-05 14:00:00,12,Beijing,LSTM,54.75,71.71474,test
2016-08-05 03:00:00,2016-08-05 15:00:00,12,Beijing,LSTM,47.166668,76.41815,test
2016-08-05 04:00:00,2016-08-05 16:00:00,12,Beijing,LSTM,49.083332,76.98099,test
2016-08-05 05:00:00,2016-08-05 17:00:00,12,Beijing,LSTM,49.333332,79.11957,test
2016-08-05 06:00:00,2016-08-05 18:00:00,12,Beijing,LSTM,52.583332,80.66674,test
2016-08-05 07:00:00,2016-08-05 19:00:00,12,Beijing,LSTM,57.25,82.00624,test
2016-08-05 08:00:00,2016-08-05 20:00:00,12,Beijing,LSTM,63.5,89.00777,test
2016-08-05 09:00:00,2016-08-05 21:00:00,12,Beijing,LSTM,79.083336,93.161476,test
2016-08-05 10:00:00,2016-08-05 22:00:00,12,Beijing,LSTM,88.333336,92.474174,test
2016-08-05 11:00:00,2016-08-05 23:00:00,12,Beijing,LSTM,92.833336,93.785995,test
2016-08-05 12:00:00,2016-08-06 00:00:00,12,Beijing,LSTM,95.5,94.29091,test
2016-08-05 13:00:00,2016-08-06 01:00:00,12,Beijing,LSTM,99.583336,97.760864,test
2016-08-05 14:00:00,2016-08-06 02:00:00,12,Beijing,LSTM,100.833336,98.91521,test
2016-08-05 15:00:00,2016-08-06 03:00:00,12,Beijing,LSTM,101.333336,99.3033,test
2016-08-05 16:00:00,2016-08-06 04:00:00,12,Beijing,LSTM,106.833336,98.50327,test
2016-08-05 17:00:00,2016-08-06 05:00:00,12,Beijing,LSTM,108.25,96.438324,test
2016-08-05 18:00:00,2016-08-06 06:00:00,12,Beijing,LSTM,108.5,96.58794,test
2016-08-05 19:00:00,2016-08-06 07:00:00,12,Beijing,LSTM,108.75,99.19612,test
2016-08-05 20:00:00,2016-08-06 08:00:00,12,Beijing,LSTM,120.0,100.6367,test
2016-08-05 21:00:00,2016-08-06 09:00:00,12,Beijing,LSTM,128.0,101.52666,test
2016-08-05 22:00:00,2016-08-06 10:00:00,12,Beijing,LSTM,125.0,102.019196,test
2016-08-05 23:00:00,2016-08-06 11:00:00,12,Beijing,LSTM,111.5,102.11395,test
2016-08-06 00:00:00,2016-08-06 12:00:00,12,Beijing,LSTM,100.583336,102.16469,test
2016-08-06 01:00:00,2016-08-06 13:00:00,12,Beijing,LSTM,96.666664,102.132935,test
2016-08-06 02:00:00,2016-08-06 14:00:00,12,Beijing,LSTM,92.333336,101.97287,test
2016-08-06 03:00:00,2016-08-06 15:00:00,12,Beijing,LSTM,92.333336,101.72293,test
2016-08-06 04:00:00,2016-08-06 16:00:00,12,Beijing,LSTM,96.0,101.83504,test
2016-08-06 05:00:00,2016-08-06 17:00:00,12,Beijing,LSTM,94.083336,100.263725,test
2016-08-06 06:00:00,2016-08-06 18:00:00,12,Beijing,LSTM,94.0,98.881615,test
2016-08-06 07:00:00,2016-08-06 19:00:00,12,Beijing,LSTM,89.833336,97.88933,test
2016-08-06 08:00:00,2016-08-06 20:00:00,12,Beijing,LSTM,94.416664,100.45259,test
2016-08-06 09:00:00,2016-08-06 21:00:00,12,Beijing,LSTM,100.833336,101.066864,test
2016-08-06 10:00:00,2016-08-06 22:00:00,12,Beijing,LSTM,90.666664,100.26007,test
2016-08-06 11:00:00,2016-08-06 23:00:00,12,Beijing,LSTM,52.416668,84.17995,test
2016-08-06 12:00:00,2016-08-07 00:00:00,12,Beijing,LSTM,26.333332,37.062077,test
2016-08-06 13:00:00,2016-08-07 01:00:00,12,Beijing,LSTM,17.75,48.46185,test
2016-08-06 14:00:00,2016-08-07 02:00:00,12,Beijing,LSTM,19.833332,56.92835,test
2016-08-06 15:00:00,2016-08-07 03:00:00,12,Beijing,LSTM,20.666668,67.80326,test
2016-08-06 16:00:00,2016-08-07 04:00:00,12,Beijing,LSTM,19.0,73.27191,test
2016-08-06 17:00:00,2016-08-07 05:00:00,12,Beijing,LSTM,18.25,75.6326,test
2016-08-06 18:00:00,2016-08-07 06:00:00,12,Beijing,LSTM,17.75,83.64252,test
2016-08-06 19:00:00,2016-08-07 07:00:00,12,Beijing,LSTM,17.5,87.05764,test
2016-08-06 20:00:00,2016-08-07 08:00:00,12,Beijing,LSTM,19.833332,92.079605,test
2016-08-06 21:00:00,2016-08-07 09:00:00,12,Beijing,LSTM,15.916667,81.41464,test
2016-08-06 22:00:00,2016-08-07 10:00:00,12,Beijing,LSTM,16.416668,45.76269,test
2016-08-06 23:00:00,2016-08-07 11:00:00,12,Beijing,LSTM,16.333332,18.809559,test
2016-08-07 00:00:00,2016-08-07 12:00:00,12,Beijing,LSTM,19.0,20.361164,test
2016-08-07 01:00:00,2016-08-07 13:00:00,12,Beijing,LSTM,19.583332,18.185158,test
2016-08-07 02:00:00,2016-08-07 14:00:00,12,Beijing,LSTM,16.5,18.948677,test
2016-08-07 03:00:00,2016-08-07 15:00:00,12,Beijing,LSTM,15.5,18.181496,test
2016-08-07 04:00:00,2016-08-07 16:00:00,12,Beijing,LSTM,12.5,18.495039,test
2016-08-07 05:00:00,2016-08-07 17:00:00,12,Beijing,LSTM,14.166667,17.204414,test
2016-08-07 06:00:00,2016-08-07 18:00:00,12,Beijing,LSTM,15.0,18.63134,test
2016-08-07 07:00:00,2016-08-07 19:00:00,12,Beijing,LSTM,19.416668,17.937775,test
2016-08-07 08:00:00,2016-08-07 20:00:00,12,Beijing,LSTM,23.666668,20.027483,test
2016-08-07 09:00:00,2016-08-07 21:00:00,12,Beijing,LSTM,27.666668,22.277765,test
2016-08-07 10:00:00,2016-08-07 22:00:00,12,Beijing,LSTM,25.75,22.884018,test
2016-08-07 11:00:00,2016-08-07 23:00:00,12,Beijing,LSTM,27.333332,23.560467,test
2016-08-07 12:00:00,2016-08-08 00:00:00,12,Beijing,LSTM,26.5,26.542263,test
2016-08-07 13:00:00,2016-08-08 01:00:00,12,Beijing,LSTM,33.666668,30.72108,test
2016-08-07 14:00:00,2016-08-08 02:00:00,12,Beijing,LSTM,38.166668,33.952564,test
2016-08-07 15:00:00,2016-08-08 03:00:00,12,Beijing,LSTM,44.5,33.757484,test
2016-08-07 16:00:00,2016-08-08 04:00:00,12,Beijing,LSTM,47.416668,33.408833,test
2016-08-07 17:00:00,2016-08-08 05:00:00,12,Beijing,LSTM,42.166668,33.42939,test
2016-08-07 18:00:00,2016-08-08 06:00:00,12,Beijing,LSTM,37.916668,30.037708,test
2016-08-07 19:00:00,2016-08-08 07:00:00,12,Beijing,LSTM,38.666668,28.580223,test
2016-08-07 20:00:00,2016-08-08 08:00:00,12,Beijing,LSTM,43.0,25.90525,test
2016-08-07 21:00:00,2016-08-08 09:00:00,12,Beijing,LSTM,39.5,24.981253,test
2016-08-07 22:00:00,2016-08-08 10:00:00,12,Beijing,LSTM,26.25,23.253605,test
2016-08-07 23:00:00,2016-08-08 11:00:00,12,Beijing,LSTM,18.0,23.549112,test
2016-08-08 00:00:00,2016-08-08 12:00:00,12,Beijing,LSTM,17.0,23.536163,test
2016-08-08 01:00:00,2016-08-08 13:00:00,12,Beijing,LSTM,15.75,26.021893,test
2016-08-08 02:00:00,2016-08-08 14:00:00,12,Beijing,LSTM,18.083332,28.810083,test
2016-08-08 03:00:00,2016-08-08 15:00:00,12,Beijing,LSTM,19.416668,32.045353,test
2016-08-08 04:00:00,2016-08-08 16:00:00,12,Beijing,LSTM,20.25,34.87708,test
2016-08-08 05:00:00,2016-08-08 17:00:00,12,Beijing,LSTM,18.166668,34.77074,test
2016-08-08 06:00:00,2016-08-08 18:00:00,12,Beijing,LSTM,21.083332,35.492786,test
2016-08-08 07:00:00,2016-08-08 19:00:00,12,Beijing,LSTM,23.583332,32.97575,test
2016-08-08 08:00:00,2016-08-08 20:00:00,12,Beijing,LSTM,29.916668,35.412273,test
2016-08-08 09:00:00,2016-08-08 21:00:00,12,Beijing,LSTM,37.0,32.876457,test
2016-08-08 10:00:00,2016-08-08 22:00:00,12,Beijing,LSTM,39.583332,34.03335,test
2016-08-08 11:00:00,2016-08-08 23:00:00,12,Beijing,LSTM,38.666668,35.197674,test
2016-08-08 12:00:00,2016-08-09 00:00:00,12,Beijing,LSTM,36.333332,35.438152,test
2016-08-08 13:00:00,2016-08-09 01:00:00,12,Beijing,LSTM,37.833332,36.41098,test
2016-08-08 14:00:00,2016-08-09 02:00:00,12,Beijing,LSTM,38.583332,37.542736,test
2016-08-08 15:00:00,2016-08-09 03:00:00,12,Beijing,LSTM,38.833332,38.715916,test
2016-08-08 16:00:00,2016-08-09 04:00:00,12,Beijing,LSTM,36.833332,37.92649,test
2016-08-08 17:00:00,2016-08-09 05:00:00,12,Beijing,LSTM,39.0,37.193974,test
2016-08-08 18:00:00,2016-08-09 06:00:00,12,Beijing,LSTM,39.25,38.128414,test
2016-08-08 19:00:00,2016-08-09 07:00:00,12,Beijing,LSTM,42.416668,41.558674,test
2016-08-08 20:00:00,2016-08-09 08:00:00,12,Beijing,LSTM,47.916668,47.204468,test
2016-08-08 21:00:00,2016-08-09 09:00:00,12,Beijing,LSTM,48.083332,51.238834,test
2016-08-08 22:00:00,2016-08-09 10:00:00,12,Beijing,LSTM,40.833332,53.997322,test
2016-08-08 23:00:00,2016-08-09 11:00:00,12,Beijing,LSTM,39.958332,54.592,test
2016-08-09 00:00:00,2016-08-09 12:00:00,12,Beijing,LSTM,36.5,54.750027,test
2016-08-09 01:00:00,2016-08-09 13:00:00,12,Beijing,LSTM,36.916668,55.541737,test
2016-08-09 02:00:00,2016-08-09 14:00:00,12,Beijing,LSTM,38.583332,56.39795,test
2016-08-09 03:00:00,2016-08-09 15:00:00,12,Beijing,LSTM,44.833332,57.267857,test
2016-08-09 04:00:00,2016-08-09 16:00:00,12,Beijing,LSTM,53.333332,58.185436,test
2016-08-09 05:00:00,2016-08-09 17:00:00,12,Beijing,LSTM,59.75,59.15793,test
2016-08-09 06:00:00,2016-08-09 18:00:00,12,Beijing,LSTM,51.0,59.59509,test
2016-08-09 07:00:00,2016-08-09 19:00:00,12,Beijing,LSTM,45.916668,60.498894,test
2016-08-09 08:00:00,2016-08-09 20:00:00,12,Beijing,LSTM,46.916668,62.119415,test
2016-08-09 09:00:00,2016-08-09 21:00:00,12,Beijing,LSTM,54.166668,63.43471,test
2016-08-09 10:00:00,2016-08-09 22:00:00,12,Beijing,LSTM,60.0,64.15243,test
2016-08-09 11:00:00,2016-08-09 23:00:00,12,Beijing,LSTM,61.0,64.40281,test
2016-08-09 12:00:00,2016-08-10 00:00:00,12,Beijing,LSTM,62.666668,65.03306,test
2016-08-09 13:00:00,2016-08-10 01:00:00,12,Beijing,LSTM,67.416664,66.83546,test
2016-08-09 14:00:00,2016-08-10 02:00:00,12,Beijing,LSTM,71.75,67.15638,test
2016-08-09 15:00:00,2016-08-10 03:00:00,12,Beijing,LSTM,77.833336,70.191345,test
2016-08-09 16:00:00,2016-08-10 04:00:00,12,Beijing,LSTM,84.75,71.544106,test
2016-08-09 17:00:00,2016-08-10 05:00:00,12,Beijing,LSTM,96.083336,73.01434,test
2016-08-09 18:00:00,2016-08-10 06:00:00,12,Beijing,LSTM,99.916664,74.84538,test
2016-08-09 19:00:00,2016-08-10 07:00:00,12,Beijing,LSTM,100.25,81.54361,test
2016-08-09 20:00:00,2016-08-10 08:00:00,12,Beijing,LSTM,106.166664,89.559296,test
2016-08-09 21:00:00,2016-08-10 09:00:00,12,Beijing,LSTM,99.0,96.330505,test
2016-08-09 22:00:00,2016-08-10 10:00:00,12,Beijing,LSTM,86.916664,99.3559,test
2016-08-09 23:00:00,2016-08-10 11:00:00,12,Beijing,LSTM,74.083336,100.49147,test
2016-08-10 00:00:00,2016-08-10 12:00:00,12,Beijing,LSTM,70.166664,101.04646,test
2016-08-10 01:00:00,2016-08-10 13:00:00,12,Beijing,LSTM,67.25,101.66731,test
2016-08-10 02:00:00,2016-08-10 14:00:00,12,Beijing,LSTM,64.25,101.997925,test
2016-08-10 03:00:00,2016-08-10 15:00:00,12,Beijing,LSTM,69.111115,102.14441,test
2016-08-10 04:00:00,2016-08-10 16:00:00,12,Beijing,LSTM,72.22222,102.20971,test
2016-08-10 05:00:00,2016-08-10 17:00:00,12,Beijing,LSTM,73.666664,102.22709,test
2016-08-10 06:00:00,2016-08-10 18:00:00,12,Beijing,LSTM,85.5,102.20058,test
2016-08-10 07:00:00,2016-08-10 19:00:00,12,Beijing,LSTM,93.083336,102.19597,test
2016-08-10 08:00:00,2016-08-10 20:00:00,12,Beijing,LSTM,94.291664,102.18241,test
2016-08-10 09:00:00,2016-08-10 21:00:00,12,Beijing,LSTM,91.0,100.682884,test
2016-08-10 10:00:00,2016-08-10 22:00:00,12,Beijing,LSTM,84.333336,81.09578,test
2016-08-10 11:00:00,2016-08-10 23:00:00,12,Beijing,LSTM,79.5,58.587605,test
2016-08-10 12:00:00,2016-08-11 00:00:00,12,Beijing,LSTM,75.833336,72.699875,test
2016-08-10 13:00:00,2016-08-11 01:00:00,12,Beijing,LSTM,73.666664,74.30092,test
2016-08-10 14:00:00,2016-08-11 02:00:00,12,Beijing,LSTM,74.083336,80.85472,test
2016-08-10 15:00:00,2016-08-11 03:00:00,12,Beijing,LSTM,75.166664,81.67706,test
2016-08-10 16:00:00,2016-08-11 04:00:00,12,Beijing,LSTM,75.75,83.01361,test
2016-08-10 17:00:00,2016-08-11 05:00:00,12,Beijing,LSTM,78.75,82.54248,test
2016-08-10 18:00:00,2016-08-11 06:00:00,12,Beijing,LSTM,83.666664,87.485535,test
2016-08-10 19:00:00,2016-08-11 07:00:00,12,Beijing,LSTM,86.166664,90.76608,test
2016-08-10 20:00:00,2016-08-11 08:00:00,12,Beijing,LSTM,90.916664,92.81209,test
2016-08-10 21:00:00,2016-08-11 09:00:00,12,Beijing,LSTM,96.666664,96.02234,test
2016-08-10 22:00:00,2016-08-11 10:00:00,12,Beijing,LSTM,99.25,86.94064,test
2016-08-10 23:00:00,2016-08-11 11:00:00,12,Beijing,LSTM,98.666664,95.73387,test
2016-08-11 00:00:00,2016-08-11 12:00:00,12,Beijing,LSTM,89.208336,96.01833,test
2016-08-11 01:00:00,2016-08-11 13:00:00,12,Beijing,LSTM,86.25,93.55667,test
2016-08-11 02:00:00,2016-08-11 14:00:00,12,Beijing,LSTM,87.25,82.49907,test
2016-08-11 03:00:00,2016-08-11 15:00:00,12,Beijing,LSTM,91.0,67.45823,test
2016-08-11 04:00:00,2016-08-11 16:00:00,12,Beijing,LSTM,93.125,52.2798,test
2016-08-11 05:00:00,2016-08-11 17:00:00,12,Beijing,LSTM,98.25,42.905483,test
2016-08-11 06:00:00,2016-08-11 18:00:00,12,Beijing,LSTM,95.416664,43.00175,test
2016-08-11 07:00:00,2016-08-11 19:00:00,12,Beijing,LSTM,84.666664,37.932896,test
2016-08-11 08:00:00,2016-08-11 20:00:00,12,Beijing,LSTM,78.416664,44.11739,test
2016-08-11 09:00:00,2016-08-11 21:00:00,12,Beijing,LSTM,83.375,50.99993,test
2016-08-11 10:00:00,2016-08-11 22:00:00,12,Beijing,LSTM,87.166664,57.433918,test
2016-08-11 11:00:00,2016-08-11 23:00:00,12,Beijing,LSTM,87.916664,59.315365,test
2016-08-11 12:00:00,2016-08-12 00:00:00,12,Beijing,LSTM,88.583336,64.34836,test
2016-08-11 13:00:00,2016-08-12 01:00:00,12,Beijing,LSTM,87.416664,66.99968,test
2016-08-11 14:00:00,2016-08-12 02:00:00,12,Beijing,LSTM,85.25,73.1051,test
2016-08-11 15:00:00,2016-08-12 03:00:00,12,Beijing,LSTM,85.166664,79.47171,test
2016-08-11 16:00:00,2016-08-12 04:00:00,12,Beijing,LSTM,88.083336,84.50043,test
2016-08-11 17:00:00,2016-08-12 05:00:00,12,Beijing,LSTM,90.166664,90.27231,test
2016-08-11 18:00:00,2016-08-12 06:00:00,12,Beijing,LSTM,96.416664,95.872406,test
2016-08-11 19:00:00,2016-08-12 07:00:00,12,Beijing,LSTM,106.5,99.51578,test
2016-08-11 20:00:00,2016-08-12 08:00:00,12,Beijing,LSTM,109.666664,100.64729,test
2016-08-11 21:00:00,2016-08-12 09:00:00,12,Beijing,LSTM,115.75,101.60378,test
2016-08-11 22:00:00,2016-08-12 10:00:00,12,Beijing,LSTM,114.166664,101.24599,test
2016-08-11 23:00:00,2016-08-12 11:00:00,12,Beijing,LSTM,98.47222,101.578766,test
2016-08-12 00:00:00,2016-08-12 12:00:00,12,Beijing,LSTM,63.069443,101.24124,test
2016-08-12 01:00:00,2016-08-12 13:00:00,12,Beijing,LSTM,26.5,100.63794,test
2016-08-12 02:00:00,2016-08-12 14:00:00,12,Beijing,LSTM,16.833332,97.96293,test
2016-08-12 03:00:00,2016-08-12 15:00:00,12,Beijing,LSTM,14.25,83.56167,test
2016-08-12 04:00:00,2016-08-12 16:00:00,12,Beijing,LSTM,15.916667,73.321205,test
2016-08-12 05:00:00,2016-08-12 17:00:00,12,Beijing,LSTM,15.833333,67.57409,test
2016-08-12 06:00:00,2016-08-12 18:00:00,12,Beijing,LSTM,20.583332,67.51587,test
2016-08-12 07:00:00,2016-08-12 19:00:00,12,Beijing,LSTM,21.666668,70.35248,test
2016-08-12 08:00:00,2016-08-12 20:00:00,12,Beijing,LSTM,23.916668,66.18971,test
2016-08-12 09:00:00,2016-08-12 21:00:00,12,Beijing,LSTM,21.75,66.129745,test
2016-08-12 10:00:00,2016-08-12 22:00:00,12,Beijing,LSTM,23.666668,55.18633,test
2016-08-12 11:00:00,2016-08-12 23:00:00,12,Beijing,LSTM,25.25,22.357996,test
2016-08-12 12:00:00,2016-08-13 00:00:00,12,Beijing,LSTM,27.75,13.226386,test
2016-08-12 13:00:00,2016-08-13 01:00:00,12,Beijing,LSTM,26.166668,13.594771,test
2016-08-12 14:00:00,2016-08-13 02:00:00,12,Beijing,LSTM,25.083332,15.817668,test
2016-08-12 15:00:00,2016-08-13 03:00:00,12,Beijing,LSTM,23.333332,16.24182,test
2016-08-12 16:00:00,2016-08-13 04:00:00,12,Beijing,LSTM,25.166668,17.643814,test
2016-08-12 17:00:00,2016-08-13 05:00:00,12,Beijing,LSTM,24.166668,18.791761,test
2016-08-12 18:00:00,2016-08-13 06:00:00,12,Beijing,LSTM,25.75,18.321655,test
2016-08-12 19:00:00,2016-08-13 07:00:00,12,Beijing,LSTM,24.833332,17.959122,test
2016-08-12 20:00:00,2016-08-13 08:00:00,12,Beijing,LSTM,24.166668,17.720003,test
2016-08-12 21:00:00,2016-08-13 09:00:00,12,Beijing,LSTM,22.916668,17.423733,test
2016-08-12 22:00:00,2016-08-13 10:00:00,12,Beijing,LSTM,21.666668,18.335083,test
2016-08-12 23:00:00,2016-08-13 11:00:00,12,Beijing,LSTM,22.166668,19.704214,test
2016-08-13 00:00:00,2016-08-13 12:00:00,12,Beijing,LSTM,27.25,21.229387,test
2016-08-13 01:00:00,2016-08-13 13:00:00,12,Beijing,LSTM,27.416668,23.945126,test
2016-08-13 02:00:00,2016-08-13 14:00:00,12,Beijing,LSTM,28.416668,25.95411,test
2016-08-13 03:00:00,2016-08-13 15:00:00,12,Beijing,LSTM,25.833332,27.21296,test
2016-08-13 04:00:00,2016-08-13 16:00:00,12,Beijing,LSTM,20.583332,28.337318,test
2016-08-13 05:00:00,2016-08-13 17:00:00,12,Beijing,LSTM,18.5,26.637983,test
2016-08-13 06:00:00,2016-08-13 18:00:00,12,Beijing,LSTM,17.0,28.268303,test
2016-08-13 07:00:00,2016-08-13 19:00:00,12,Beijing,LSTM,16.416668,28.343357,test
2016-08-13 08:00:00,2016-08-13 20:00:00,12,Beijing,LSTM,16.0,31.229416,test
2016-08-13 09:00:00,2016-08-13 21:00:00,12,Beijing,LSTM,16.666668,34.371243,test
2016-08-13 10:00:00,2016-08-13 22:00:00,12,Beijing,LSTM,15.583333,35.814823,test
2016-08-13 11:00:00,2016-08-13 23:00:00,12,Beijing,LSTM,14.0,37.62325,test
2016-08-13 12:00:00,2016-08-14 00:00:00,12,Beijing,LSTM,13.583333,39.64787,test
2016-08-13 13:00:00,2016-08-14 01:00:00,12,Beijing,LSTM,12.75,41.63094,test
2016-08-13 14:00:00,2016-08-14 02:00:00,12,Beijing,LSTM,7.833333,43.49868,test
2016-08-13 15:00:00,2016-08-14 03:00:00,12,Beijing,LSTM,10.25,43.704014,test
2016-08-13 16:00:00,2016-08-14 04:00:00,12,Beijing,LSTM,10.583333,41.902184,test
2016-08-13 17:00:00,2016-08-14 05:00:00,12,Beijing,LSTM,10.5,37.70709,test
2016-08-13 18:00:00,2016-08-14 06:00:00,12,Beijing,LSTM,14.416667,34.5852,test
2016-08-13 19:00:00,2016-08-14 07:00:00,12,Beijing,LSTM,15.166667,31.325249,test
2016-08-13 20:00:00,2016-08-14 08:00:00,12,Beijing,LSTM,15.75,27.758242,test
2016-08-13 21:00:00,2016-08-14 09:00:00,12,Beijing,LSTM,14.75,25.84162,test
2016-08-13 22:00:00,2016-08-14 10:00:00,12,Beijing,LSTM,15.416667,24.634422,test
2016-08-13 23:00:00,2016-08-14 11:00:00,12,Beijing,LSTM,14.416667,23.336294,test
2016-08-14 00:00:00,2016-08-14 12:00:00,12,Beijing,LSTM,13.333333,22.16063,test
2016-08-14 01:00:00,2016-08-14 13:00:00,12,Beijing,LSTM,14.25,21.891369,test
2016-08-14 02:00:00,2016-08-14 14:00:00,12,Beijing,LSTM,14.166667,21.310509,test
2016-08-14 03:00:00,2016-08-14 15:00:00,12,Beijing,LSTM,15.5,21.72668,test
2016-08-14 04:00:00,2016-08-14 16:00:00,12,Beijing,LSTM,20.5,21.789734,test
2016-08-14 05:00:00,2016-08-14 17:00:00,12,Beijing,LSTM,21.666668,21.805141,test
2016-08-14 06:00:00,2016-08-14 18:00:00,12,Beijing,LSTM,26.333332,22.225998,test
2016-08-14 07:00:00,2016-08-14 19:00:00,12,Beijing,LSTM,29.666668,23.376492,test
2016-08-14 08:00:00,2016-08-14 20:00:00,12,Beijing,LSTM,33.416668,25.104202,test
2016-08-14 09:00:00,2016-08-14 21:00:00,12,Beijing,LSTM,38.5,26.877121,test
2016-08-14 10:00:00,2016-08-14 22:00:00,12,Beijing,LSTM,40.583332,28.299778,test
2016-08-14 11:00:00,2016-08-14 23:00:00,12,Beijing,LSTM,42.833332,29.363811,test
2016-08-14 12:00:00,2016-08-15 00:00:00,12,Beijing,LSTM,47.416668,30.074593,test
2016-08-14 13:00:00,2016-08-15 01:00:00,12,Beijing,LSTM,44.5,30.86998,test
2016-08-14 14:00:00,2016-08-15 02:00:00,12,Beijing,LSTM,48.75,31.17273,test
2016-08-14 15:00:00,2016-08-15 03:00:00,12,Beijing,LSTM,54.75,31.588669,test
2016-08-14 16:00:00,2016-08-15 04:00:00,12,Beijing,LSTM,49.166668,32.315174,test
2016-08-14 17:00:00,2016-08-15 05:00:00,12,Beijing,LSTM,19.083332,32.228725,test
2016-08-14 18:00:00,2016-08-15 06:00:00,12,Beijing,LSTM,13.166667,32.957226,test
2016-08-14 19:00:00,2016-08-15 07:00:00,12,Beijing,LSTM,14.333333,30.672237,test
2016-08-14 20:00:00,2016-08-15 08:00:00,12,Beijing,LSTM,13.25,31.213913,test
2016-08-14 21:00:00,2016-08-15 09:00:00,12,Beijing,LSTM,13.166667,30.58129,test
2016-08-14 22:00:00,2016-08-15 10:00:00,12,Beijing,LSTM,11.458333,31.415783,test
2016-08-14 23:00:00,2016-08-15 11:00:00,12,Beijing,LSTM,12.666667,32.059788,test
2016-08-15 00:00:00,2016-08-15 12:00:00,12,Beijing,LSTM,12.375,34.07475,test
2016-08-15 01:00:00,2016-08-15 13:00:00,12,Beijing,LSTM,12.25,35.305115,test
2016-08-15 02:00:00,2016-08-15 14:00:00,12,Beijing,LSTM,13.0,38.943253,test
2016-08-15 03:00:00,2016-08-15 15:00:00,12,Beijing,LSTM,10.25,43.535618,test
2016-08-15 04:00:00,2016-08-15 16:00:00,12,Beijing,LSTM,9.75,25.700901,test
2016-08-15 05:00:00,2016-08-15 17:00:00,12,Beijing,LSTM,10.333333,18.757463,test
2016-08-15 06:00:00,2016-08-15 18:00:00,12,Beijing,LSTM,11.166667,17.638493,test
2016-08-15 07:00:00,2016-08-15 19:00:00,12,Beijing,LSTM,12.25,20.82435,test
2016-08-15 08:00:00,2016-08-15 20:00:00,12,Beijing,LSTM,16.25,22.319214,test
2016-08-15 09:00:00,2016-08-15 21:00:00,12,Beijing,LSTM,17.75,23.065727,test
2016-08-15 10:00:00,2016-08-15 22:00:00,12,Beijing,LSTM,16.416668,21.672146,test
2016-08-15 11:00:00,2016-08-15 23:00:00,12,Beijing,LSTM,18.083332,21.768192,test
2016-08-15 12:00:00,2016-08-16 00:00:00,12,Beijing,LSTM,18.333332,22.568388,test
2016-08-15 13:00:00,2016-08-16 01:00:00,12,Beijing,LSTM,20.0,23.474602,test
2016-08-15 14:00:00,2016-08-16 02:00:00,12,Beijing,LSTM,19.833332,24.033428,test
2016-08-15 15:00:00,2016-08-16 03:00:00,12,Beijing,LSTM,19.333332,24.554993,test
2016-08-15 16:00:00,2016-08-16 04:00:00,12,Beijing,LSTM,20.083332,24.100426,test
2016-08-15 17:00:00,2016-08-16 05:00:00,12,Beijing,LSTM,18.0,23.407253,test
2016-08-15 18:00:00,2016-08-16 06:00:00,12,Beijing,LSTM,17.666668,21.233204,test
2016-08-15 19:00:00,2016-08-16 07:00:00,12,Beijing,LSTM,18.333332,20.98744,test
2016-08-15 20:00:00,2016-08-16 08:00:00,12,Beijing,LSTM,19.416668,23.05721,test
2016-08-15 21:00:00,2016-08-16 09:00:00,12,Beijing,LSTM,19.666668,24.211891,test
2016-08-15 22:00:00,2016-08-16 10:00:00,12,Beijing,LSTM,21.416668,24.508114,test
2016-08-15 23:00:00,2016-08-16 11:00:00,12,Beijing,LSTM,22.083332,25.254217,test
2016-08-16 00:00:00,2016-08-16 12:00:00,12,Beijing,LSTM,23.0,26.656052,test
2016-08-16 01:00:00,2016-08-16 13:00:00,12,Beijing,LSTM,23.0,29.470856,test
2016-08-16 02:00:00,2016-08-16 14:00:00,12,Beijing,LSTM,22.0,31.73543,test
2016-08-16 03:00:00,2016-08-16 15:00:00,12,Beijing,LSTM,22.25,33.957256,test
2016-08-16 04:00:00,2016-08-16 16:00:00,12,Beijing,LSTM,24.833332,36.507633,test
2016-08-16 05:00:00,2016-08-16 17:00:00,12,Beijing,LSTM,26.916668,38.539127,test
2016-08-16 06:00:00,2016-08-16 18:00:00,12,Beijing,LSTM,29.666668,37.952793,test
2016-08-16 07:00:00,2016-08-16 19:00:00,12,Beijing,LSTM,32.0,39.735767,test
2016-08-16 08:00:00,2016-08-16 20:00:00,12,Beijing,LSTM,30.916668,40.547237,test
2016-08-16 09:00:00,2016-08-16 21:00:00,12,Beijing,LSTM,32.0,42.166885,test
2016-08-16 10:00:00,2016-08-16 22:00:00,12,Beijing,LSTM,29.25,44.392063,test
2016-08-16 11:00:00,2016-08-16 23:00:00,12,Beijing,LSTM,28.666668,46.44872,test
2016-08-16 12:00:00,2016-08-17 00:00:00,12,Beijing,LSTM,32.666668,48.6544,test
2016-08-16 13:00:00,2016-08-17 01:00:00,12,Beijing,LSTM,34.333332,49.36275,test
2016-08-16 14:00:00,2016-08-17 02:00:00,12,Beijing,LSTM,34.5,48.076523,test
2016-08-16 15:00:00,2016-08-17 03:00:00,12,Beijing,LSTM,34.25,47.327747,test
2016-08-16 16:00:00,2016-08-17 04:00:00,12,Beijing,LSTM,33.916668,47.149006,test
2016-08-16 17:00:00,2016-08-17 05:00:00,12,Beijing,LSTM,34.416668,46.27257,test
2016-08-16 18:00:00,2016-08-17 06:00:00,12,Beijing,LSTM,38.083332,48.5846,test
2016-08-16 19:00:00,2016-08-17 07:00:00,12,Beijing,LSTM,41.25,52.108784,test
2016-08-16 20:00:00,2016-08-17 08:00:00,12,Beijing,LSTM,44.5,55.4627,test
2016-08-16 21:00:00,2016-08-17 09:00:00,12,Beijing,LSTM,52.25,55.986286,test
2016-08-16 22:00:00,2016-08-17 10:00:00,12,Beijing,LSTM,57.333332,61.84777,test
2016-08-16 23:00:00,2016-08-17 11:00:00,12,Beijing,LSTM,61.083332,63.94785,test
2016-08-17 00:00:00,2016-08-17 12:00:00,12,Beijing,LSTM,62.333332,63.32513,test
2016-08-17 01:00:00,2016-08-17 13:00:00,12,Beijing,LSTM,63.666668,62.176094,test
2016-08-17 02:00:00,2016-08-17 14:00:00,12,Beijing,LSTM,66.833336,60.68393,test
2016-08-17 03:00:00,2016-08-17 15:00:00,12,Beijing,LSTM,69.666664,59.76888,test
2016-08-17 04:00:00,2016-08-17 16:00:00,12,Beijing,LSTM,71.333336,59.308376,test
2016-08-17 05:00:00,2016-08-17 17:00:00,12,Beijing,LSTM,76.5,58.456993,test
2016-08-17 06:00:00,2016-08-17 18:00:00,12,Beijing,LSTM,79.916664,60.278057,test
2016-08-17 07:00:00,2016-08-17 19:00:00,12,Beijing,LSTM,80.166664,62.32485,test
2016-08-17 08:00:00,2016-08-17 20:00:00,12,Beijing,LSTM,82.583336,64.41339,test
2016-08-17 09:00:00,2016-08-17 21:00:00,12,Beijing,LSTM,88.833336,66.25253,test
2016-08-17 10:00:00,2016-08-17 22:00:00,12,Beijing,LSTM,93.916664,67.56182,test
2016-08-17 11:00:00,2016-08-17 23:00:00,12,Beijing,LSTM,100.166664,69.32456,test
2016-08-17 12:00:00,2016-08-18 00:00:00,12,Beijing,LSTM,104.166664,71.74582,test
2016-08-17 13:00:00,2016-08-18 01:00:00,12,Beijing,LSTM,104.75,73.0509,test
2016-08-17 14:00:00,2016-08-18 02:00:00,12,Beijing,LSTM,107.916664,73.73816,test
2016-08-17 15:00:00,2016-08-18 03:00:00,12,Beijing,LSTM,110.5,72.81275,test
2016-08-17 16:00:00,2016-08-18 04:00:00,12,Beijing,LSTM,110.0,70.19245,test
2016-08-17 17:00:00,2016-08-18 05:00:00,12,Beijing,LSTM,108.0,69.585175,test
2016-08-17 18:00:00,2016-08-18 06:00:00,12,Beijing,LSTM,104.833336,68.42748,test
2016-08-17 19:00:00,2016-08-18 07:00:00,12,Beijing,LSTM,99.416664,64.43806,test
2016-08-17 20:00:00,2016-08-18 08:00:00,12,Beijing,LSTM,84.916664,55.343716,test
2016-08-17 21:00:00,2016-08-18 09:00:00,12,Beijing,LSTM,74.75,61.677273,test
2016-08-17 22:00:00,2016-08-18 10:00:00,12,Beijing,LSTM,73.166664,62.90224,test
2016-08-17 23:00:00,2016-08-18 11:00:00,12,Beijing,LSTM,62.833332,76.543755,test
2016-08-18 00:00:00,2016-08-18 12:00:00,12,Beijing,LSTM,56.416668,80.7861,test
2016-08-18 01:00:00,2016-08-18 13:00:00,12,Beijing,LSTM,56.833332,87.20137,test
2016-08-18 02:00:00,2016-08-18 14:00:00,12,Beijing,LSTM,59.75,91.15491,test
2016-08-18 03:00:00,2016-08-18 15:00:00,12,Beijing,LSTM,61.083332,96.03345,test
2016-08-18 04:00:00,2016-08-18 16:00:00,12,Beijing,LSTM,56.916668,97.25151,test
2016-08-18 05:00:00,2016-08-18 17:00:00,12,Beijing,LSTM,53.583332,95.59863,test
2016-08-18 06:00:00,2016-08-18 18:00:00,12,Beijing,LSTM,56.333332,91.07542,test
2016-08-18 07:00:00,2016-08-18 19:00:00,12,Beijing,LSTM,52.75,74.95301,test
2016-08-18 08:00:00,2016-08-18 20:00:00,12,Beijing,LSTM,43.416668,50.103954,test
2016-08-18 09:00:00,2016-08-18 21:00:00,12,Beijing,LSTM,48.416668,57.859406,test
2016-08-18 10:00:00,2016-08-18 22:00:00,12,Beijing,LSTM,53.083332,65.88652,test
2016-08-18 11:00:00,2016-08-18 23:00:00,12,Beijing,LSTM,45.916668,59.2479,test
2016-08-18 12:00:00,2016-08-19 00:00:00,12,Beijing,LSTM,35.75,53.657375,test
2016-08-18 13:00:00,2016-08-19 01:00:00,12,Beijing,LSTM,27.75,59.769375,test
2016-08-18 14:00:00,2016-08-19 02:00:00,12,Beijing,LSTM,23.333332,64.39341,test
2016-08-18 15:00:00,2016-08-19 03:00:00,12,Beijing,LSTM,17.5,60.05454,test
2016-08-18 16:00:00,2016-08-19 04:00:00,12,Beijing,LSTM,14.083333,42.33421,test
2016-08-18 17:00:00,2016-08-19 05:00:00,12,Beijing,LSTM,12.416667,32.801052,test
2016-08-18 18:00:00,2016-08-19 06:00:00,12,Beijing,LSTM,11.416667,31.23797,test
2016-08-18 19:00:00,2016-08-19 07:00:00,12,Beijing,LSTM,12.25,27.842627,test
2016-08-18 20:00:00,2016-08-19 08:00:00,12,Beijing,LSTM,11.5,25.990685,test
2016-08-18 21:00:00,2016-08-19 09:00:00,12,Beijing,LSTM,11.5,29.204933,test
2016-08-18 22:00:00,2016-08-19 10:00:00,12,Beijing,LSTM,10.5,37.623367,test
2016-08-18 23:00:00,2016-08-19 11:00:00,12,Beijing,LSTM,10.416667,37.899067,test
2016-08-19 00:00:00,2016-08-19 12:00:00,12,Beijing,LSTM,10.5,35.765995,test
2016-08-19 01:00:00,2016-08-19 13:00:00,12,Beijing,LSTM,9.916667,26.420097,test
2016-08-19 02:00:00,2016-08-19 14:00:00,12,Beijing,LSTM,10.416667,24.561653,test
2016-08-19 03:00:00,2016-08-19 15:00:00,12,Beijing,LSTM,10.583333,22.029171,test
2016-08-19 04:00:00,2016-08-19 16:00:00,12,Beijing,LSTM,11.083333,19.852392,test
2016-08-19 05:00:00,2016-08-19 17:00:00,12,Beijing,LSTM,11.666667,18.53574,test
2016-08-19 06:00:00,2016-08-19 18:00:00,12,Beijing,LSTM,14.333333,18.622356,test
2016-08-19 07:00:00,2016-08-19 19:00:00,12,Beijing,LSTM,18.0,19.57093,test
2016-08-19 08:00:00,2016-08-19 20:00:00,12,Beijing,LSTM,29.583332,19.79578,test
2016-08-19 09:00:00,2016-08-19 21:00:00,12,Beijing,LSTM,34.916668,20.379112,test
2016-08-19 10:00:00,2016-08-19 22:00:00,12,Beijing,LSTM,35.083332,19.412039,test
2016-08-19 11:00:00,2016-08-19 23:00:00,12,Beijing,LSTM,36.416668,20.648771,test
2016-08-19 12:00:00,2016-08-20 00:00:00,12,Beijing,LSTM,39.333332,21.321917,test
2016-08-19 13:00:00,2016-08-20 01:00:00,12,Beijing,LSTM,42.166668,20.648584,test
2016-08-19 14:00:00,2016-08-20 02:00:00,12,Beijing,LSTM,44.916668,19.422464,test
2016-08-19 15:00:00,2016-08-20 03:00:00,12,Beijing,LSTM,45.166668,17.801918,test
2016-08-19 16:00:00,2016-08-20 04:00:00,12,Beijing,LSTM,48.583332,16.289656,test
2016-08-19 17:00:00,2016-08-20 05:00:00,12,Beijing,LSTM,45.916668,14.603901,test
2016-08-19 18:00:00,2016-08-20 06:00:00,12,Beijing,LSTM,47.25,13.994208,test
2016-08-19 19:00:00,2016-08-20 07:00:00,12,Beijing,LSTM,48.5,13.90215,test
2016-08-19 20:00:00,2016-08-20 08:00:00,12,Beijing,LSTM,55.583332,15.572345,test
2016-08-19 21:00:00,2016-08-20 09:00:00,12,Beijing,LSTM,62.666668,16.856941,test
2016-08-19 22:00:00,2016-08-20 10:00:00,12,Beijing,LSTM,71.083336,17.673782,test
2016-08-19 23:00:00,2016-08-20 11:00:00,12,Beijing,LSTM,69.583336,19.10617,test
2016-08-20 00:00:00,2016-08-20 12:00:00,12,Beijing,LSTM,65.166664,20.04935,test
2016-08-20 01:00:00,2016-08-20 13:00:00,12,Beijing,LSTM,58.5,22.970005,test
2016-08-20 02:00:00,2016-08-20 14:00:00,12,Beijing,LSTM,51.833332,25.688736,test
2016-08-20 03:00:00,2016-08-20 15:00:00,12,Beijing,LSTM,46.583332,28.704098,test
2016-08-20 04:00:00,2016-08-20 16:00:00,12,Beijing,LSTM,46.583332,31.532358,test
2016-08-20 05:00:00,2016-08-20 17:00:00,12,Beijing,LSTM,49.875,33.295696,test
2016-08-20 06:00:00,2016-08-20 18:00:00,12,Beijing,LSTM,53.25,35.79839,test
2016-08-20 07:00:00,2016-08-20 19:00:00,12,Beijing,LSTM,52.166668,35.67633,test
2016-08-20 08:00:00,2016-08-20 20:00:00,12,Beijing,LSTM,51.666668,38.966442,test
2016-08-20 09:00:00,2016-08-20 21:00:00,12,Beijing,LSTM,54.0,42.817867,test
2016-08-20 10:00:00,2016-08-20 22:00:00,12,Beijing,LSTM,55.75,48.817253,test
2016-08-20 11:00:00,2016-08-20 23:00:00,12,Beijing,LSTM,53.666668,51.80115,test
2016-08-20 12:00:00,2016-08-21 00:00:00,12,Beijing,LSTM,53.5,54.20522,test
2016-08-20 13:00:00,2016-08-21 01:00:00,12,Beijing,LSTM,54.833332,54.6283,test
2016-08-20 14:00:00,2016-08-21 02:00:00,12,Beijing,LSTM,53.083332,53.471004,test
2016-08-20 15:00:00,2016-08-21 03:00:00,12,Beijing,LSTM,53.75,51.79207,test
2016-08-20 16:00:00,2016-08-21 04:00:00,12,Beijing,LSTM,53.0,51.69632,test
2016-08-20 17:00:00,2016-08-21 05:00:00,12,Beijing,LSTM,51.083332,56.885395,test
2016-08-20 18:00:00,2016-08-21 06:00:00,12,Beijing,LSTM,52.583332,61.877815,test
2016-08-20 19:00:00,2016-08-21 07:00:00,12,Beijing,LSTM,47.666668,64.71609,test
2016-08-20 20:00:00,2016-08-21 08:00:00,12,Beijing,LSTM,45.75,61.778446,test
2016-08-20 21:00:00,2016-08-21 09:00:00,12,Beijing,LSTM,45.166668,58.703503,test
2016-08-20 22:00:00,2016-08-21 10:00:00,12,Beijing,LSTM,45.416668,52.388012,test
2016-08-20 23:00:00,2016-08-21 11:00:00,12,Beijing,LSTM,47.75,42.331875,test
2016-08-21 00:00:00,2016-08-21 12:00:00,12,Beijing,LSTM,49.166668,36.756725,test
2016-08-21 01:00:00,2016-08-21 13:00:00,12,Beijing,LSTM,49.333332,34.55453,test
2016-08-21 02:00:00,2016-08-21 14:00:00,12,Beijing,LSTM,54.416668,32.055443,test
2016-08-21 03:00:00,2016-08-21 15:00:00,12,Beijing,LSTM,57.916668,29.591774,test
2016-08-21 04:00:00,2016-08-21 16:00:00,12,Beijing,LSTM,50.833332,29.299728,test
2016-08-21 05:00:00,2016-08-21 17:00:00,12,Beijing,LSTM,45.916668,27.04489,test
2016-08-21 06:00:00,2016-08-21 18:00:00,12,Beijing,LSTM,44.583332,28.310917,test
2016-08-21 07:00:00,2016-08-21 19:00:00,12,Beijing,LSTM,47.75,32.24185,test
2016-08-21 08:00:00,2016-08-21 20:00:00,12,Beijing,LSTM,53.083332,35.200687,test
2016-08-21 09:00:00,2016-08-21 21:00:00,12,Beijing,LSTM,57.416668,38.87413,test
2016-08-21 10:00:00,2016-08-21 22:00:00,12,Beijing,LSTM,63.916668,45.629845,test
2016-08-21 11:00:00,2016-08-21 23:00:00,12,Beijing,LSTM,74.0,51.275967,test
2016-08-21 12:00:00,2016-08-22 00:00:00,12,Beijing,LSTM,74.666664,55.37072,test
2016-08-21 13:00:00,2016-08-22 01:00:00,12,Beijing,LSTM,73.5,56.120193,test
2016-08-21 14:00:00,2016-08-22 02:00:00,12,Beijing,LSTM,75.833336,57.470783,test
2016-08-21 15:00:00,2016-08-22 03:00:00,12,Beijing,LSTM,78.75,56.375805,test
2016-08-21 16:00:00,2016-08-22 04:00:00,12,Beijing,LSTM,78.083336,49.63498,test
2016-08-21 17:00:00,2016-08-22 05:00:00,12,Beijing,LSTM,74.166664,47.033047,test
2016-08-21 18:00:00,2016-08-22 06:00:00,12,Beijing,LSTM,73.5,43.019855,test
2016-08-21 19:00:00,2016-08-22 07:00:00,12,Beijing,LSTM,77.25,40.173412,test
2016-08-21 20:00:00,2016-08-22 08:00:00,12,Beijing,LSTM,80.833336,39.904858,test
2016-08-21 21:00:00,2016-08-22 09:00:00,12,Beijing,LSTM,70.166664,36.46564,test
2016-08-21 22:00:00,2016-08-22 10:00:00,12,Beijing,LSTM,52.166668,38.080364,test
2016-08-21 23:00:00,2016-08-22 11:00:00,12,Beijing,LSTM,42.083332,44.092842,test
2016-08-22 00:00:00,2016-08-22 12:00:00,12,Beijing,LSTM,37.583332,47.84078,test
2016-08-22 01:00:00,2016-08-22 13:00:00,12,Beijing,LSTM,38.583332,52.850082,test
2016-08-22 02:00:00,2016-08-22 14:00:00,12,Beijing,LSTM,33.25,56.71421,test
2016-08-22 03:00:00,2016-08-22 15:00:00,12,Beijing,LSTM,29.916668,59.160442,test
2016-08-22 04:00:00,2016-08-22 16:00:00,12,Beijing,LSTM,29.75,60.544556,test
2016-08-22 05:00:00,2016-08-22 17:00:00,12,Beijing,LSTM,27.833332,54.028927,test
2016-08-22 06:00:00,2016-08-22 18:00:00,12,Beijing,LSTM,30.916668,55.82729,test
2016-08-22 07:00:00,2016-08-22 19:00:00,12,Beijing,LSTM,32.166668,59.081352,test
2016-08-22 08:00:00,2016-08-22 20:00:00,12,Beijing,LSTM,36.166668,61.141964,test
2016-08-22 09:00:00,2016-08-22 21:00:00,12,Beijing,LSTM,39.916668,59.219116,test
2016-08-22 10:00:00,2016-08-22 22:00:00,12,Beijing,LSTM,39.666668,48.33925,test
2016-08-22 11:00:00,2016-08-22 23:00:00,12,Beijing,LSTM,43.666668,42.111282,test
2016-08-22 12:00:00,2016-08-23 00:00:00,12,Beijing,LSTM,46.833332,48.881428,test
2016-08-22 13:00:00,2016-08-23 01:00:00,12,Beijing,LSTM,50.916668,55.75242,test
2016-08-22 14:00:00,2016-08-23 02:00:00,12,Beijing,LSTM,55.833332,60.94376,test
2016-08-22 15:00:00,2016-08-23 03:00:00,12,Beijing,LSTM,60.416668,63.836376,test
2016-08-22 16:00:00,2016-08-23 04:00:00,12,Beijing,LSTM,63.916668,67.169556,test
2016-08-22 17:00:00,2016-08-23 05:00:00,12,Beijing,LSTM,66.416664,67.524315,test
2016-08-22 18:00:00,2016-08-23 06:00:00,12,Beijing,LSTM,68.666664,71.66388,test
2016-08-22 19:00:00,2016-08-23 07:00:00,12,Beijing,LSTM,74.166664,74.35602,test
2016-08-22 20:00:00,2016-08-23 08:00:00,12,Beijing,LSTM,80.5,77.99987,test
2016-08-22 21:00:00,2016-08-23 09:00:00,12,Beijing,LSTM,76.833336,81.31243,test
2016-08-22 22:00:00,2016-08-23 10:00:00,12,Beijing,LSTM,56.583332,81.872314,test
2016-08-22 23:00:00,2016-08-23 11:00:00,12,Beijing,LSTM,55.666668,83.96666,test
2016-08-23 00:00:00,2016-08-23 12:00:00,12,Beijing,LSTM,59.166668,84.79926,test
2016-08-23 01:00:00,2016-08-23 13:00:00,12,Beijing,LSTM,62.5,82.653046,test
2016-08-23 02:00:00,2016-08-23 14:00:00,12,Beijing,LSTM,62.5,78.97845,test
2016-08-23 03:00:00,2016-08-23 15:00:00,12,Beijing,LSTM,66.833336,68.259964,test
2016-08-23 04:00:00,2016-08-23 16:00:00,12,Beijing,LSTM,75.333336,60.52698,test
2016-08-23 05:00:00,2016-08-23 17:00:00,12,Beijing,LSTM,74.166664,56.646595,test
2016-08-23 06:00:00,2016-08-23 18:00:00,12,Beijing,LSTM,80.166664,54.552452,test
2016-08-23 07:00:00,2016-08-23 19:00:00,12,Beijing,LSTM,82.416664,52.06979,test
2016-08-23 08:00:00,2016-08-23 20:00:00,12,Beijing,LSTM,86.416664,51.017876,test
2016-08-23 09:00:00,2016-08-23 21:00:00,12,Beijing,LSTM,91.583336,46.778957,test
2016-08-23 10:00:00,2016-08-23 22:00:00,12,Beijing,LSTM,85.5,49.29297,test
2016-08-23 11:00:00,2016-08-23 23:00:00,12,Beijing,LSTM,85.916664,49.921494,test
2016-08-23 12:00:00,2016-08-24 00:00:00,12,Beijing,LSTM,83.0,52.235687,test
2016-08-23 13:00:00,2016-08-24 01:00:00,12,Beijing,LSTM,85.583336,53.241,test
2016-08-23 14:00:00,2016-08-24 02:00:00,12,Beijing,LSTM,88.5,55.79841,test
2016-08-23 15:00:00,2016-08-24 03:00:00,12,Beijing,LSTM,84.166664,55.53935,test
2016-08-23 16:00:00,2016-08-24 04:00:00,12,Beijing,LSTM,83.166664,59.89813,test
2016-08-23 17:00:00,2016-08-24 05:00:00,12,Beijing,LSTM,81.75,60.492382,test
2016-08-23 18:00:00,2016-08-24 06:00:00,12,Beijing,LSTM,78.25,63.791386,test
2016-08-23 19:00:00,2016-08-24 07:00:00,12,Beijing,LSTM,71.75,65.05127,test
2016-08-23 20:00:00,2016-08-24 08:00:00,12,Beijing,LSTM,72.166664,66.27515,test
2016-08-23 21:00:00,2016-08-24 09:00:00,12,Beijing,LSTM,71.833336,69.24632,test
2016-08-23 22:00:00,2016-08-24 10:00:00,12,Beijing,LSTM,73.666664,66.33266,test
2016-08-23 23:00:00,2016-08-24 11:00:00,12,Beijing,LSTM,74.333336,65.73177,test
2016-08-24 00:00:00,2016-08-24 12:00:00,12,Beijing,LSTM,74.916664,55.92129,test
2016-08-24 01:00:00,2016-08-24 13:00:00,12,Beijing,LSTM,75.583336,44.975384,test
2016-08-24 02:00:00,2016-08-24 14:00:00,12,Beijing,LSTM,72.375,38.598244,test
2016-08-24 03:00:00,2016-08-24 15:00:00,12,Beijing,LSTM,64.666664,32.61279,test
2016-08-24 04:00:00,2016-08-24 16:00:00,12,Beijing,LSTM,69.916664,28.557043,test
2016-08-24 05:00:00,2016-08-24 17:00:00,12,Beijing,LSTM,73.75,25.951866,test
2016-08-24 06:00:00,2016-08-24 18:00:00,12,Beijing,LSTM,73.583336,24.046398,test
2016-08-24 07:00:00,2016-08-24 19:00:00,12,Beijing,LSTM,76.416664,22.67685,test
2016-08-24 08:00:00,2016-08-24 20:00:00,12,Beijing,LSTM,83.083336,26.26109,test
2016-08-24 09:00:00,2016-08-24 21:00:00,12,Beijing,LSTM,94.166664,30.718033,test
2016-08-24 10:00:00,2016-08-24 22:00:00,12,Beijing,LSTM,100.75,35.688007,test
2016-08-24 11:00:00,2016-08-24 23:00:00,12,Beijing,LSTM,104.5,41.72187,test
2016-08-24 12:00:00,2016-08-25 00:00:00,12,Beijing,LSTM,104.333336,46.597576,test
2016-08-24 13:00:00,2016-08-25 01:00:00,12,Beijing,LSTM,86.916664,51.88041,test
2016-08-24 14:00:00,2016-08-25 02:00:00,12,Beijing,LSTM,65.333336,56.41243,test
2016-08-24 15:00:00,2016-08-25 03:00:00,12,Beijing,LSTM,31.416668,59.528065,test
2016-08-24 16:00:00,2016-08-25 04:00:00,12,Beijing,LSTM,18.833332,63.487263,test
2016-08-24 17:00:00,2016-08-25 05:00:00,12,Beijing,LSTM,9.0,67.80406,test
2016-08-24 18:00:00,2016-08-25 06:00:00,12,Beijing,LSTM,5.916667,74.272255,test
2016-08-24 19:00:00,2016-08-25 07:00:00,12,Beijing,LSTM,7.333333,83.07464,test
2016-08-24 20:00:00,2016-08-25 08:00:00,12,Beijing,LSTM,8.166667,91.89728,test
2016-08-24 21:00:00,2016-08-25 09:00:00,12,Beijing,LSTM,8.166667,97.62793,test
2016-08-24 22:00:00,2016-08-25 10:00:00,12,Beijing,LSTM,7.166667,100.196205,test
2016-08-24 23:00:00,2016-08-25 11:00:00,12,Beijing,LSTM,6.083333,100.881134,test
2016-08-25 00:00:00,2016-08-25 12:00:00,12,Beijing,LSTM,6.916667,98.431305,test
2016-08-25 01:00:00,2016-08-25 13:00:00,12,Beijing,LSTM,6.916667,63.558475,test
2016-08-25 02:00:00,2016-08-25 14:00:00,12,Beijing,LSTM,5.583333,22.369732,test
2016-08-25 03:00:00,2016-08-25 15:00:00,12,Beijing,LSTM,6.833333,15.15768,test
2016-08-25 04:00:00,2016-08-25 16:00:00,12,Beijing,LSTM,5.583333,11.506122,test
2016-08-25 05:00:00,2016-08-25 17:00:00,12,Beijing,LSTM,6.75,12.140024,test
2016-08-25 06:00:00,2016-08-25 18:00:00,12,Beijing,LSTM,5.916667,12.789973,test
2016-08-25 07:00:00,2016-08-25 19:00:00,12,Beijing,LSTM,8.583333,14.315041,test
2016-08-25 08:00:00,2016-08-25 20:00:00,12,Beijing,LSTM,11.583333,13.882827,test
2016-08-25 09:00:00,2016-08-25 21:00:00,12,Beijing,LSTM,12.166667,11.097327,test
2016-08-25 10:00:00,2016-08-25 22:00:00,12,Beijing,LSTM,13.583333,10.693327,test
2016-08-25 11:00:00,2016-08-25 23:00:00,12,Beijing,LSTM,12.416667,10.4402685,test
2016-08-25 12:00:00,2016-08-26 00:00:00,12,Beijing,LSTM,9.5,11.02992,test
2016-08-25 13:00:00,2016-08-26 01:00:00,12,Beijing,LSTM,7.0,11.372615,test
2016-08-25 14:00:00,2016-08-26 02:00:00,12,Beijing,LSTM,7.166667,11.505878,test
2016-08-25 15:00:00,2016-08-26 03:00:00,12,Beijing,LSTM,6.25,11.760146,test
2016-08-25 16:00:00,2016-08-26 04:00:00,12,Beijing,LSTM,9.083333,11.108033,test
2016-08-25 17:00:00,2016-08-26 05:00:00,12,Beijing,LSTM,7.5,11.250194,test
2016-08-25 18:00:00,2016-08-26 06:00:00,12,Beijing,LSTM,6.75,10.15062,test
2016-08-25 19:00:00,2016-08-26 07:00:00,12,Beijing,LSTM,7.25,9.806123,test
2016-08-25 20:00:00,2016-08-26 08:00:00,12,Beijing,LSTM,8.583333,9.84442,test
2016-08-25 21:00:00,2016-08-26 09:00:00,12,Beijing,LSTM,7.666667,9.9048395,test
2016-08-25 22:00:00,2016-08-26 10:00:00,12,Beijing,LSTM,7.583333,9.8978615,test
2016-08-25 23:00:00,2016-08-26 11:00:00,12,Beijing,LSTM,7.25,10.202604,test
2016-08-26 00:00:00,2016-08-26 12:00:00,12,Beijing,LSTM,7.833333,10.455993,test
2016-08-26 01:00:00,2016-08-26 13:00:00,12,Beijing,LSTM,8.083333,10.364125,test
2016-08-26 02:00:00,2016-08-26 14:00:00,12,Beijing,LSTM,8.5,10.750531,test
2016-08-26 03:00:00,2016-08-26 15:00:00,12,Beijing,LSTM,5.833333,10.813328,test
2016-08-26 04:00:00,2016-08-26 16:00:00,12,Beijing,LSTM,5.666667,11.613962,test
2016-08-26 05:00:00,2016-08-26 17:00:00,12,Beijing,LSTM,8.25,11.817559,test
2016-08-26 06:00:00,2016-08-26 18:00:00,12,Beijing,LSTM,9.166667,12.1301985,test
2016-08-26 07:00:00,2016-08-26 19:00:00,12,Beijing,LSTM,12.0,13.499406,test
2016-08-26 08:00:00,2016-08-26 20:00:00,12,Beijing,LSTM,15.833333,15.162535,test
2016-08-26 09:00:00,2016-08-26 21:00:00,12,Beijing,LSTM,20.25,16.586409,test
2016-08-26 10:00:00,2016-08-26 22:00:00,12,Beijing,LSTM,24.166668,17.887175,test
2016-08-26 11:00:00,2016-08-26 23:00:00,12,Beijing,LSTM,23.666668,18.670609,test
2016-08-26 12:00:00,2016-08-27 00:00:00,12,Beijing,LSTM,22.666668,18.606125,test
2016-08-26 13:00:00,2016-08-27 01:00:00,12,Beijing,LSTM,21.583332,19.124027,test
2016-08-26 14:00:00,2016-08-27 02:00:00,12,Beijing,LSTM,21.0,18.789753,test
2016-08-26 15:00:00,2016-08-27 03:00:00,12,Beijing,LSTM,19.333332,19.238344,test
2016-08-26 16:00:00,2016-08-27 04:00:00,12,Beijing,LSTM,17.166668,18.883965,test
2016-08-26 17:00:00,2016-08-27 05:00:00,12,Beijing,LSTM,15.333333,17.289997,test
2016-08-26 18:00:00,2016-08-27 06:00:00,12,Beijing,LSTM,13.833333,15.412971,test
2016-08-26 19:00:00,2016-08-27 07:00:00,12,Beijing,LSTM,14.5,13.563497,test
2016-08-26 20:00:00,2016-08-27 08:00:00,12,Beijing,LSTM,16.416668,15.159251,test
2016-08-26 21:00:00,2016-08-27 09:00:00,12,Beijing,LSTM,15.583333,15.190528,test
2016-08-26 22:00:00,2016-08-27 10:00:00,12,Beijing,LSTM,12.75,15.9881735,test
2016-08-26 23:00:00,2016-08-27 11:00:00,12,Beijing,LSTM,11.0,15.834773,test
2016-08-27 00:00:00,2016-08-27 12:00:00,12,Beijing,LSTM,10.333333,14.9082,test
2016-08-27 01:00:00,2016-08-27 13:00:00,12,Beijing,LSTM,10.0,14.9541,test
2016-08-27 02:00:00,2016-08-27 14:00:00,12,Beijing,LSTM,8.208333,15.278138,test
2016-08-27 03:00:00,2016-08-27 15:00:00,12,Beijing,LSTM,6.916667,16.203012,test
2016-08-27 04:00:00,2016-08-27 16:00:00,12,Beijing,LSTM,5.5,16.124765,test
2016-08-27 05:00:00,2016-08-27 17:00:00,12,Beijing,LSTM,10.083333,16.43395,test
2016-08-27 06:00:00,2016-08-27 18:00:00,12,Beijing,LSTM,9.25,16.293665,test
2016-08-27 07:00:00,2016-08-27 19:00:00,12,Beijing,LSTM,12.916667,17.668316,test
2016-08-27 08:00:00,2016-08-27 20:00:00,12,Beijing,LSTM,20.0,19.901907,test
2016-08-27 09:00:00,2016-08-27 21:00:00,12,Beijing,LSTM,22.083332,22.509521,test
2016-08-27 10:00:00,2016-08-27 22:00:00,12,Beijing,LSTM,19.0,25.22921,test
2016-08-27 11:00:00,2016-08-27 23:00:00,12,Beijing,LSTM,12.416667,27.94025,test
2016-08-27 12:00:00,2016-08-28 00:00:00,12,Beijing,LSTM,12.666667,30.334095,test
2016-08-27 13:00:00,2016-08-28 01:00:00,12,Beijing,LSTM,9.833333,32.578938,test
2016-08-27 14:00:00,2016-08-28 02:00:00,12,Beijing,LSTM,8.166667,33.782566,test
2016-08-27 15:00:00,2016-08-28 03:00:00,12,Beijing,LSTM,8.666667,34.622894,test
2016-08-27 16:00:00,2016-08-28 04:00:00,12,Beijing,LSTM,8.5,26.43142,test
2016-08-27 17:00:00,2016-08-28 05:00:00,12,Beijing,LSTM,8.833333,21.908756,test
2016-08-27 18:00:00,2016-08-28 06:00:00,12,Beijing,LSTM,10.75,19.900772,test
2016-08-27 19:00:00,2016-08-28 07:00:00,12,Beijing,LSTM,8.75,18.63233,test
2016-08-27 20:00:00,2016-08-28 08:00:00,12,Beijing,LSTM,10.25,17.865425,test
2016-08-27 21:00:00,2016-08-28 09:00:00,12,Beijing,LSTM,10.666667,17.163548,test
2016-08-27 22:00:00,2016-08-28 10:00:00,12,Beijing,LSTM,7.5,15.311034,test
2016-08-27 23:00:00,2016-08-28 11:00:00,12,Beijing,LSTM,9.333333,14.054214,test
2016-08-28 00:00:00,2016-08-28 12:00:00,12,Beijing,LSTM,7.666667,12.691805,test
2016-08-28 01:00:00,2016-08-28 13:00:00,12,Beijing,LSTM,8.666667,12.082498,test
2016-08-28 02:00:00,2016-08-28 14:00:00,12,Beijing,LSTM,6.416667,11.64485,test
2016-08-28 03:00:00,2016-08-28 15:00:00,12,Beijing,LSTM,7.833333,11.727548,test
2016-08-28 04:00:00,2016-08-28 16:00:00,12,Beijing,LSTM,7.5,12.091464,test
2016-08-28 05:00:00,2016-08-28 17:00:00,12,Beijing,LSTM,8.875,12.279681,test
2016-08-28 06:00:00,2016-08-28 18:00:00,12,Beijing,LSTM,7.916667,12.84874,test
2016-08-28 07:00:00,2016-08-28 19:00:00,12,Beijing,LSTM,11.166667,14.552451,test
2016-08-28 08:00:00,2016-08-28 20:00:00,12,Beijing,LSTM,18.916668,17.690529,test
2016-08-28 09:00:00,2016-08-28 21:00:00,12,Beijing,LSTM,21.25,21.212452,test
2016-08-28 10:00:00,2016-08-28 22:00:00,12,Beijing,LSTM,21.083332,23.89345,test
2016-08-28 11:00:00,2016-08-28 23:00:00,12,Beijing,LSTM,23.333332,26.342976,test
2016-08-28 12:00:00,2016-08-29 00:00:00,12,Beijing,LSTM,20.0,28.050316,test
2016-08-28 13:00:00,2016-08-29 01:00:00,12,Beijing,LSTM,19.333332,28.881638,test
2016-08-28 14:00:00,2016-08-29 02:00:00,12,Beijing,LSTM,19.333332,27.661884,test
2016-08-28 15:00:00,2016-08-29 03:00:00,12,Beijing,LSTM,20.75,27.34284,test
2016-08-28 16:00:00,2016-08-29 04:00:00,12,Beijing,LSTM,19.416668,26.562815,test
2016-08-28 17:00:00,2016-08-29 05:00:00,12,Beijing,LSTM,14.166667,25.070057,test
2016-08-28 18:00:00,2016-08-29 06:00:00,12,Beijing,LSTM,13.166667,23.1493,test
2016-08-28 19:00:00,2016-08-29 07:00:00,12,Beijing,LSTM,14.083333,22.100342,test
2016-08-28 20:00:00,2016-08-29 08:00:00,12,Beijing,LSTM,14.25,21.2002,test
2016-08-28 21:00:00,2016-08-29 09:00:00,12,Beijing,LSTM,14.583333,19.042812,test
2016-08-28 22:00:00,2016-08-29 10:00:00,12,Beijing,LSTM,15.444444,17.146034,test
2016-08-28 23:00:00,2016-08-29 11:00:00,12,Beijing,LSTM,13.638889,16.124296,test
2016-08-29 00:00:00,2016-08-29 12:00:00,12,Beijing,LSTM,14.666667,16.307814,test
2016-08-29 01:00:00,2016-08-29 13:00:00,12,Beijing,LSTM,12.541667,15.815637,test
2016-08-29 02:00:00,2016-08-29 14:00:00,12,Beijing,LSTM,12.166667,15.549715,test
2016-08-29 03:00:00,2016-08-29 15:00:00,12,Beijing,LSTM,10.833333,15.9296,test
2016-08-29 04:00:00,2016-08-29 16:00:00,12,Beijing,LSTM,14.833333,15.235972,test
2016-08-29 05:00:00,2016-08-29 17:00:00,12,Beijing,LSTM,13.916667,15.563898,test
2016-08-29 06:00:00,2016-08-29 18:00:00,12,Beijing,LSTM,18.25,15.180341,test
2016-08-29 07:00:00,2016-08-29 19:00:00,12,Beijing,LSTM,19.583332,17.202616,test
2016-08-29 08:00:00,2016-08-29 20:00:00,12,Beijing,LSTM,23.25,19.431646,test
2016-08-29 09:00:00,2016-08-29 21:00:00,12,Beijing,LSTM,30.75,21.130932,test
2016-08-29 10:00:00,2016-08-29 22:00:00,12,Beijing,LSTM,31.416668,22.852962,test
2016-08-29 11:00:00,2016-08-29 23:00:00,12,Beijing,LSTM,29.583332,23.946747,test
2016-08-29 12:00:00,2016-08-30 00:00:00,12,Beijing,LSTM,31.583332,24.591938,test
2016-08-29 13:00:00,2016-08-30 01:00:00,12,Beijing,LSTM,32.916668,24.278933,test
2016-08-29 14:00:00,2016-08-30 02:00:00,12,Beijing,LSTM,32.833332,22.746527,test
2016-08-29 15:00:00,2016-08-30 03:00:00,12,Beijing,LSTM,32.166668,22.268166,test
2016-08-29 16:00:00,2016-08-30 04:00:00,12,Beijing,LSTM,31.5,21.366451,test
2016-08-29 17:00:00,2016-08-30 05:00:00,12,Beijing,LSTM,29.0,21.219938,test
2016-08-29 18:00:00,2016-08-30 06:00:00,12,Beijing,LSTM,23.416668,22.262838,test
2016-08-29 19:00:00,2016-08-30 07:00:00,12,Beijing,LSTM,21.583332,24.175304,test
2016-08-29 20:00:00,2016-08-30 08:00:00,12,Beijing,LSTM,21.416668,26.503933,test
2016-08-29 21:00:00,2016-08-30 09:00:00,12,Beijing,LSTM,22.833332,29.259748,test
2016-08-29 22:00:00,2016-08-30 10:00:00,12,Beijing,LSTM,23.25,31.44785,test
2016-08-29 23:00:00,2016-08-30 11:00:00,12,Beijing,LSTM,26.5,32.010895,test
2016-08-30 00:00:00,2016-08-30 12:00:00,12,Beijing,LSTM,25.583332,33.32226,test
2016-08-30 01:00:00,2016-08-30 13:00:00,12,Beijing,LSTM,26.833332,35.720913,test
2016-08-30 02:00:00,2016-08-30 14:00:00,12,Beijing,LSTM,27.416668,37.72512,test
2016-08-30 03:00:00,2016-08-30 15:00:00,12,Beijing,LSTM,28.5,40.680527,test
2016-08-30 04:00:00,2016-08-30 16:00:00,12,Beijing,LSTM,27.583332,43.81547,test
2016-08-30 05:00:00,2016-08-30 17:00:00,12,Beijing,LSTM,23.583332,45.62009,test
2016-08-30 06:00:00,2016-08-30 18:00:00,12,Beijing,LSTM,25.0,45.54199,test
2016-08-30 07:00:00,2016-08-30 19:00:00,12,Beijing,LSTM,31.75,44.141117,test
2016-08-30 08:00:00,2016-08-30 20:00:00,12,Beijing,LSTM,35.333332,42.576656,test
2016-08-30 09:00:00,2016-08-30 21:00:00,12,Beijing,LSTM,38.916668,42.04629,test
2016-08-30 10:00:00,2016-08-30 22:00:00,12,Beijing,LSTM,38.5,42.544334,test
2016-08-30 11:00:00,2016-08-30 23:00:00,12,Beijing,LSTM,42.0,43.12863,test
2016-08-30 12:00:00,2016-08-31 00:00:00,12,Beijing,LSTM,34.75,43.585606,test
2016-08-30 13:00:00,2016-08-31 01:00:00,12,Beijing,LSTM,33.5,44.257793,test
2016-08-30 14:00:00,2016-08-31 02:00:00,12,Beijing,LSTM,34.916668,45.55398,test
2016-08-30 15:00:00,2016-08-31 03:00:00,12,Beijing,LSTM,34.083332,46.290577,test
2016-08-30 16:00:00,2016-08-31 04:00:00,12,Beijing,LSTM,29.0,47.28937,test
2016-08-30 17:00:00,2016-08-31 05:00:00,12,Beijing,LSTM,22.416668,46.15811,test
2016-08-30 18:00:00,2016-08-31 06:00:00,12,Beijing,LSTM,21.5,47.945217,test
2016-08-30 19:00:00,2016-08-31 07:00:00,12,Beijing,LSTM,21.5,52.035145,test
2016-08-30 20:00:00,2016-08-31 08:00:00,12,Beijing,LSTM,20.0,55.480766,test
2016-08-30 21:00:00,2016-08-31 09:00:00,12,Beijing,LSTM,17.0,59.2412,test
2016-08-30 22:00:00,2016-08-31 10:00:00,12,Beijing,LSTM,16.25,63.103436,test
2016-08-30 23:00:00,2016-08-31 11:00:00,12,Beijing,LSTM,14.375,67.8676,test
2016-08-31 00:00:00,2016-08-31 12:00:00,12,Beijing,LSTM,10.0,66.8824,test
2016-08-31 01:00:00,2016-08-31 13:00:00,12,Beijing,LSTM,10.666667,65.367065,test
2016-08-31 02:00:00,2016-08-31 14:00:00,12,Beijing,LSTM,12.5,61.09479,test
2016-08-31 03:00:00,2016-08-31 15:00:00,12,Beijing,LSTM,9.75,55.076122,test
2016-08-31 04:00:00,2016-08-31 16:00:00,12,Beijing,LSTM,7.416667,47.534634,test
2016-08-31 05:00:00,2016-08-31 17:00:00,12,Beijing,LSTM,6.5,43.858074,test
2016-08-31 06:00:00,2016-08-31 18:00:00,12,Beijing,LSTM,7.75,40.63766,test
2016-08-31 07:00:00,2016-08-31 19:00:00,12,Beijing,LSTM,8.333333,41.81946,test
2016-08-31 08:00:00,2016-08-31 20:00:00,12,Beijing,LSTM,9.0,41.00542,test
2016-08-31 09:00:00,2016-08-31 21:00:00,12,Beijing,LSTM,7.916667,41.21731,test
2016-08-31 10:00:00,2016-08-31 22:00:00,12,Beijing,LSTM,6.583333,33.83748,test
2016-08-31 11:00:00,2016-08-31 23:00:00,12,Beijing,LSTM,7.166667,33.03008,test
2016-08-31 12:00:00,2016-09-01 00:00:00,12,Beijing,LSTM,9.916667,31.50039,test
2016-08-31 13:00:00,2016-09-01 01:00:00,12,Beijing,LSTM,7.583333,29.122572,test
2016-08-31 14:00:00,2016-09-01 02:00:00,12,Beijing,LSTM,6.666667,28.388489,test
2016-08-31 15:00:00,2016-09-01 03:00:00,12,Beijing,LSTM,9.416667,26.75321,test
2016-08-31 16:00:00,2016-09-01 04:00:00,12,Beijing,LSTM,8.666667,23.658155,test
2016-08-31 17:00:00,2016-09-01 05:00:00,12,Beijing,LSTM,8.25,19.891914,test
2016-08-31 18:00:00,2016-09-01 06:00:00,12,Beijing,LSTM,6.916667,18.346336,test
2016-08-31 19:00:00,2016-09-01 07:00:00,12,Beijing,LSTM,7.25,16.664314,test
2016-08-31 20:00:00,2016-09-01 08:00:00,12,Beijing,LSTM,6.083333,13.536844,test
2016-08-31 21:00:00,2016-09-01 09:00:00,12,Beijing,LSTM,6.333333,13.08685,test
2016-08-31 22:00:00,2016-09-01 10:00:00,12,Beijing,LSTM,7.083333,12.813644,test
2016-08-31 23:00:00,2016-09-01 11:00:00,12,Beijing,LSTM,4.916667,12.502372,test
2016-09-01 00:00:00,2016-09-01 12:00:00,12,Beijing,LSTM,5.5,12.418557,test
2016-09-01 01:00:00,2016-09-01 13:00:00,12,Beijing,LSTM,6.166667,11.576416,test
2016-09-01 02:00:00,2016-09-01 14:00:00,12,Beijing,LSTM,5.0,11.286705,test
2016-09-01 03:00:00,2016-09-01 15:00:00,12,Beijing,LSTM,5.5,11.717859,test
2016-09-01 04:00:00,2016-09-01 16:00:00,12,Beijing,LSTM,5.583333,11.964673,test
2016-09-01 05:00:00,2016-09-01 17:00:00,12,Beijing,LSTM,7.083333,12.614217,test
2016-09-01 06:00:00,2016-09-01 18:00:00,12,Beijing,LSTM,6.75,13.747355,test
2016-09-01 07:00:00,2016-09-01 19:00:00,12,Beijing,LSTM,8.916667,14.933693,test
2016-09-01 08:00:00,2016-09-01 20:00:00,12,Beijing,LSTM,11.833333,15.405314,test
2016-09-01 09:00:00,2016-09-01 21:00:00,12,Beijing,LSTM,8.166667,13.626008,test
2016-09-01 10:00:00,2016-09-01 22:00:00,12,Beijing,LSTM,7.5,13.466413,test
2016-09-01 11:00:00,2016-09-01 23:00:00,12,Beijing,LSTM,11.833333,13.193483,test
2016-09-01 12:00:00,2016-09-02 00:00:00,12,Beijing,LSTM,13.25,13.093371,test
2016-09-01 13:00:00,2016-09-02 01:00:00,12,Beijing,LSTM,15.083333,13.031941,test
2016-09-01 14:00:00,2016-09-02 02:00:00,12,Beijing,LSTM,15.5,12.339671,test
2016-09-01 15:00:00,2016-09-02 03:00:00,12,Beijing,LSTM,16.833332,12.673305,test
2016-09-01 16:00:00,2016-09-02 04:00:00,12,Beijing,LSTM,17.0,12.14231,test
2016-09-01 17:00:00,2016-09-02 05:00:00,12,Beijing,LSTM,15.666667,11.512457,test
2016-09-01 18:00:00,2016-09-02 06:00:00,12,Beijing,LSTM,15.0,11.31593,test
2016-09-01 19:00:00,2016-09-02 07:00:00,12,Beijing,LSTM,13.416667,11.347498,test
2016-09-01 20:00:00,2016-09-02 08:00:00,12,Beijing,LSTM,14.5,11.0588,test
2016-09-01 21:00:00,2016-09-02 09:00:00,12,Beijing,LSTM,12.166667,10.366365,test
2016-09-01 22:00:00,2016-09-02 10:00:00,12,Beijing,LSTM,10.75,9.866888,test
2016-09-01 23:00:00,2016-09-02 11:00:00,12,Beijing,LSTM,10.333333,9.907542,test
2016-09-02 00:00:00,2016-09-02 12:00:00,12,Beijing,LSTM,7.583333,9.88625,test
2016-09-02 01:00:00,2016-09-02 13:00:00,12,Beijing,LSTM,9.666667,10.03332,test
2016-09-02 02:00:00,2016-09-02 14:00:00,12,Beijing,LSTM,10.333333,10.342277,test
2016-09-02 03:00:00,2016-09-02 15:00:00,12,Beijing,LSTM,8.75,10.733151,test
2016-09-02 04:00:00,2016-09-02 16:00:00,12,Beijing,LSTM,9.5,11.056893,test
2016-09-02 05:00:00,2016-09-02 17:00:00,12,Beijing,LSTM,9.166667,11.5058775,test
2016-09-02 06:00:00,2016-09-02 18:00:00,12,Beijing,LSTM,9.083333,11.679887,test
2016-09-02 07:00:00,2016-09-02 19:00:00,12,Beijing,LSTM,8.833333,12.066302,test
2016-09-02 08:00:00,2016-09-02 20:00:00,12,Beijing,LSTM,9.5,12.569538,test
2016-09-02 09:00:00,2016-09-02 21:00:00,12,Beijing,LSTM,8.333333,13.579455,test
2016-09-02 10:00:00,2016-09-02 22:00:00,12,Beijing,LSTM,10.583333,15.38276,test
2016-09-02 11:00:00,2016-09-02 23:00:00,12,Beijing,LSTM,10.916667,16.756632,test
2016-09-02 12:00:00,2016-09-03 00:00:00,12,Beijing,LSTM,9.916667,17.7061,test
2016-09-02 13:00:00,2016-09-03 01:00:00,12,Beijing,LSTM,9.666667,17.983438,test
2016-09-02 14:00:00,2016-09-03 02:00:00,12,Beijing,LSTM,9.25,17.613659,test
2016-09-02 15:00:00,2016-09-03 03:00:00,12,Beijing,LSTM,9.25,16.558147,test
2016-09-02 16:00:00,2016-09-03 04:00:00,12,Beijing,LSTM,10.0,16.152946,test
2016-09-02 17:00:00,2016-09-03 05:00:00,12,Beijing,LSTM,10.25,15.503387,test
2016-09-02 18:00:00,2016-09-03 06:00:00,12,Beijing,LSTM,11.5,15.280261,test
2016-09-02 19:00:00,2016-09-03 07:00:00,12,Beijing,LSTM,12.666667,14.334656,test
2016-09-02 20:00:00,2016-09-03 08:00:00,12,Beijing,LSTM,13.333333,13.545417,test
2016-09-02 21:00:00,2016-09-03 09:00:00,12,Beijing,LSTM,15.666667,12.606059,test
2016-09-02 22:00:00,2016-09-03 10:00:00,12,Beijing,LSTM,11.916667,12.247108,test
2016-09-02 23:00:00,2016-09-03 11:00:00,12,Beijing,LSTM,12.583333,11.455988,test
2016-09-03 00:00:00,2016-09-03 12:00:00,12,Beijing,LSTM,12.5,11.366006,test
2016-09-03 01:00:00,2016-09-03 13:00:00,12,Beijing,LSTM,15.666667,10.919629,test
2016-09-03 02:00:00,2016-09-03 14:00:00,12,Beijing,LSTM,19.25,11.503968,test
2016-09-03 03:00:00,2016-09-03 15:00:00,12,Beijing,LSTM,20.833332,11.3509655,test
2016-09-03 04:00:00,2016-09-03 16:00:00,12,Beijing,LSTM,20.75,11.59018,test
2016-09-03 05:00:00,2016-09-03 17:00:00,12,Beijing,LSTM,23.083332,12.492384,test
2016-09-03 06:00:00,2016-09-03 18:00:00,12,Beijing,LSTM,25.0,13.376885,test
2016-09-03 07:00:00,2016-09-03 19:00:00,12,Beijing,LSTM,26.833332,14.760444,test
2016-09-03 08:00:00,2016-09-03 20:00:00,12,Beijing,LSTM,30.916668,16.68727,test
2016-09-03 09:00:00,2016-09-03 21:00:00,12,Beijing,LSTM,36.25,18.453417,test
2016-09-03 10:00:00,2016-09-03 22:00:00,12,Beijing,LSTM,42.583332,19.894371,test
2016-09-03 11:00:00,2016-09-03 23:00:00,12,Beijing,LSTM,42.083332,21.539295,test
2016-09-03 12:00:00,2016-09-04 00:00:00,12,Beijing,LSTM,48.25,22.9126,test
2016-09-03 13:00:00,2016-09-04 01:00:00,12,Beijing,LSTM,54.5,24.460484,test
2016-09-03 14:00:00,2016-09-04 02:00:00,12,Beijing,LSTM,59.583332,25.870773,test
2016-09-03 15:00:00,2016-09-04 03:00:00,12,Beijing,LSTM,66.25,27.6748,test
2016-09-03 16:00:00,2016-09-04 04:00:00,12,Beijing,LSTM,71.416664,28.02802,test
2016-09-03 17:00:00,2016-09-04 05:00:00,12,Beijing,LSTM,83.833336,29.126715,test
2016-09-03 18:00:00,2016-09-04 06:00:00,12,Beijing,LSTM,94.0,30.056202,test
2016-09-03 19:00:00,2016-09-04 07:00:00,12,Beijing,LSTM,105.083336,31.230972,test
2016-09-03 20:00:00,2016-09-04 08:00:00,12,Beijing,LSTM,115.0,31.763111,test
2016-09-03 21:00:00,2016-09-04 09:00:00,12,Beijing,LSTM,122.90909,32.509212,test
2016-09-03 22:00:00,2016-09-04 10:00:00,12,Beijing,LSTM,131.81818,34.162434,test
2016-09-03 23:00:00,2016-09-04 11:00:00,12,Beijing,LSTM,130.0,34.86002,test
2016-09-04 00:00:00,2016-09-04 12:00:00,12,Beijing,LSTM,117.63637,37.2349,test
2016-09-04 01:00:00,2016-09-04 13:00:00,12,Beijing,LSTM,93.0,40.848446,test
2016-09-04 02:00:00,2016-09-04 14:00:00,12,Beijing,LSTM,72.90909,43.40068,test
2016-09-04 03:00:00,2016-09-04 15:00:00,12,Beijing,LSTM,73.181816,46.380154,test
2016-09-04 04:00:00,2016-09-04 16:00:00,12,Beijing,LSTM,62.909092,49.841557,test
2016-09-04 05:00:00,2016-09-04 17:00:00,12,Beijing,LSTM,47.090908,52.390377,test
2016-09-04 06:00:00,2016-09-04 18:00:00,12,Beijing,LSTM,47.545456,54.331226,test
2016-09-04 07:00:00,2016-09-04 19:00:00,12,Beijing,LSTM,54.25,56.20305,test
2016-09-04 08:00:00,2016-09-04 20:00:00,12,Beijing,LSTM,65.916664,57.76498,test
2016-09-04 09:00:00,2016-09-04 21:00:00,12,Beijing,LSTM,65.5,59.002563,test
2016-09-04 10:00:00,2016-09-04 22:00:00,12,Beijing,LSTM,76.333336,60.063892,test
2016-09-04 11:00:00,2016-09-04 23:00:00,12,Beijing,LSTM,71.333336,60.34809,test
2016-09-04 12:00:00,2016-09-05 00:00:00,12,Beijing,LSTM,34.416668,59.07723,test
2016-09-04 13:00:00,2016-09-05 01:00:00,12,Beijing,LSTM,29.416668,48.16349,test
2016-09-04 14:00:00,2016-09-05 02:00:00,12,Beijing,LSTM,31.0,28.295492,test
2016-09-04 15:00:00,2016-09-05 03:00:00,12,Beijing,LSTM,30.083332,36.86764,test
2016-09-04 16:00:00,2016-09-05 04:00:00,12,Beijing,LSTM,30.166668,31.79688,test
2016-09-04 17:00:00,2016-09-05 05:00:00,12,Beijing,LSTM,29.25,24.860636,test
2016-09-04 18:00:00,2016-09-05 06:00:00,12,Beijing,LSTM,33.5,28.134903,test
2016-09-04 19:00:00,2016-09-05 07:00:00,12,Beijing,LSTM,38.666668,28.357655,test
2016-09-04 20:00:00,2016-09-05 08:00:00,12,Beijing,LSTM,37.25,26.04367,test
2016-09-04 21:00:00,2016-09-05 09:00:00,12,Beijing,LSTM,36.916668,21.181524,test
2016-09-04 22:00:00,2016-09-05 10:00:00,12,Beijing,LSTM,39.666668,20.357958,test
2016-09-04 23:00:00,2016-09-05 11:00:00,12,Beijing,LSTM,34.38889,19.246037,test
2016-09-05 00:00:00,2016-09-05 12:00:00,12,Beijing,LSTM,21.833332,19.176012,test
2016-09-05 01:00:00,2016-09-05 13:00:00,12,Beijing,LSTM,16.277779,20.998188,test
2016-09-05 02:00:00,2016-09-05 14:00:00,12,Beijing,LSTM,10.666667,26.636253,test
2016-09-05 03:00:00,2016-09-05 15:00:00,12,Beijing,LSTM,11.5,35.006817,test
2016-09-05 04:00:00,2016-09-05 16:00:00,12,Beijing,LSTM,10.333333,42.19232,test
2016-09-05 05:00:00,2016-09-05 17:00:00,12,Beijing,LSTM,8.916667,49.22405,test
2016-09-05 06:00:00,2016-09-05 18:00:00,12,Beijing,LSTM,12.958333,55.50084,test
2016-09-05 07:00:00,2016-09-05 19:00:00,12,Beijing,LSTM,20.5,62.727444,test
2016-09-05 08:00:00,2016-09-05 20:00:00,12,Beijing,LSTM,32.083332,65.560394,test
2016-09-05 09:00:00,2016-09-05 21:00:00,12,Beijing,LSTM,38.0,68.888016,test
2016-09-05 10:00:00,2016-09-05 22:00:00,12,Beijing,LSTM,37.833332,71.80167,test
2016-09-05 11:00:00,2016-09-05 23:00:00,12,Beijing,LSTM,35.5,74.86864,test
2016-09-05 12:00:00,2016-09-06 00:00:00,12,Beijing,LSTM,33.583332,69.0356,test
2016-09-05 13:00:00,2016-09-06 01:00:00,12,Beijing,LSTM,30.333332,67.554955,test
2016-09-05 14:00:00,2016-09-06 02:00:00,12,Beijing,LSTM,28.416668,73.47079,test
2016-09-05 15:00:00,2016-09-06 03:00:00,12,Beijing,LSTM,24.916668,76.693306,test
2016-09-05 16:00:00,2016-09-06 04:00:00,12,Beijing,LSTM,16.416668,79.65958,test
2016-09-05 17:00:00,2016-09-06 05:00:00,12,Beijing,LSTM,17.583332,80.778366,test
2016-09-05 18:00:00,2016-09-06 06:00:00,12,Beijing,LSTM,17.166668,82.63656,test
2016-09-05 19:00:00,2016-09-06 07:00:00,12,Beijing,LSTM,16.0,83.95834,test
2016-09-05 20:00:00,2016-09-06 08:00:00,12,Beijing,LSTM,18.583332,86.389084,test
2016-09-05 21:00:00,2016-09-06 09:00:00,12,Beijing,LSTM,19.0,90.96365,test
2016-09-05 22:00:00,2016-09-06 10:00:00,12,Beijing,LSTM,18.25,94.18829,test
2016-09-05 23:00:00,2016-09-06 11:00:00,12,Beijing,LSTM,20.333332,96.83272,test
2016-09-06 00:00:00,2016-09-06 12:00:00,12,Beijing,LSTM,17.25,96.72561,test
2016-09-06 01:00:00,2016-09-06 13:00:00,12,Beijing,LSTM,12.416667,94.81525,test
2016-09-06 02:00:00,2016-09-06 14:00:00,12,Beijing,LSTM,14.333333,91.19486,test
2016-09-06 03:00:00,2016-09-06 15:00:00,12,Beijing,LSTM,7.75,87.64269,test
2016-09-06 04:00:00,2016-09-06 16:00:00,12,Beijing,LSTM,7.416667,84.36182,test
2016-09-06 05:00:00,2016-09-06 17:00:00,12,Beijing,LSTM,10.416667,82.41626,test
2016-09-06 06:00:00,2016-09-06 18:00:00,12,Beijing,LSTM,54.666668,82.13931,test
2016-09-06 07:00:00,2016-09-06 19:00:00,12,Beijing,LSTM,60.083332,83.076324,test
2016-09-06 08:00:00,2016-09-06 20:00:00,12,Beijing,LSTM,60.666668,80.46845,test
2016-09-06 09:00:00,2016-09-06 21:00:00,12,Beijing,LSTM,54.0,78.27403,test
2016-09-06 10:00:00,2016-09-06 22:00:00,12,Beijing,LSTM,49.15278,78.40496,test
2016-09-06 11:00:00,2016-09-06 23:00:00,12,Beijing,LSTM,49.805557,75.41682,test
2016-09-06 12:00:00,2016-09-07 00:00:00,12,Beijing,LSTM,48.0,74.16313,test
2016-09-06 13:00:00,2016-09-07 01:00:00,12,Beijing,LSTM,41.333332,72.78698,test
2016-09-06 14:00:00,2016-09-07 02:00:00,12,Beijing,LSTM,38.583332,72.328735,test
2016-09-06 15:00:00,2016-09-07 03:00:00,12,Beijing,LSTM,35.833332,71.19213,test
2016-09-06 16:00:00,2016-09-07 04:00:00,12,Beijing,LSTM,33.083332,72.32535,test
2016-09-06 17:00:00,2016-09-07 05:00:00,12,Beijing,LSTM,21.583332,72.08636,test
2016-09-07 09:00:00,2016-09-07 21:00:00,12,Beijing,LSTM,22.916668,77.414986,test
2016-09-07 10:00:00,2016-09-07 22:00:00,12,Beijing,LSTM,20.75,80.02681,test
2016-09-07 11:00:00,2016-09-07 23:00:00,12,Beijing,LSTM,19.25,79.64697,test
2016-09-07 12:00:00,2016-09-08 00:00:00,12,Beijing,LSTM,20.166668,78.48236,test
2016-09-07 13:00:00,2016-09-08 01:00:00,12,Beijing,LSTM,21.166668,77.134,test
2016-09-07 14:00:00,2016-09-08 02:00:00,12,Beijing,LSTM,19.833332,75.589134,test
2016-09-07 15:00:00,2016-09-08 03:00:00,12,Beijing,LSTM,21.0,75.19254,test
2016-09-07 16:00:00,2016-09-08 04:00:00,12,Beijing,LSTM,21.833332,69.45511,test
2016-09-07 17:00:00,2016-09-08 05:00:00,12,Beijing,LSTM,21.166668,71.888374,test
2016-09-07 18:00:00,2016-09-08 06:00:00,12,Beijing,LSTM,20.833332,75.33073,test
2016-09-07 19:00:00,2016-09-08 07:00:00,12,Beijing,LSTM,22.166668,42.338497,test
2016-09-07 20:00:00,2016-09-08 08:00:00,12,Beijing,LSTM,24.0,29.390816,test
2016-09-07 21:00:00,2016-09-08 09:00:00,12,Beijing,LSTM,25.0,35.886734,test
2016-09-07 22:00:00,2016-09-08 10:00:00,12,Beijing,LSTM,23.75,41.71699,test
2016-09-07 23:00:00,2016-09-08 11:00:00,12,Beijing,LSTM,23.716667,45.073532,test
2016-09-08 00:00:00,2016-09-08 12:00:00,12,Beijing,LSTM,19.016666,48.966473,test
2016-09-08 01:00:00,2016-09-08 13:00:00,12,Beijing,LSTM,16.816668,53.100956,test
2016-09-08 02:00:00,2016-09-08 14:00:00,12,Beijing,LSTM,13.783333,55.673634,test
2016-09-08 03:00:00,2016-09-08 15:00:00,12,Beijing,LSTM,9.083333,59.050297,test
2016-09-08 04:00:00,2016-09-08 16:00:00,12,Beijing,LSTM,12.166667,61.3967,test
2016-09-08 05:00:00,2016-09-08 17:00:00,12,Beijing,LSTM,13.25,62.62659,test
2016-09-08 06:00:00,2016-09-08 18:00:00,12,Beijing,LSTM,15.333333,64.819664,test
2016-09-08 07:00:00,2016-09-08 19:00:00,12,Beijing,LSTM,19.666668,68.45076,test
2016-09-08 08:00:00,2016-09-08 20:00:00,12,Beijing,LSTM,24.25,69.79234,test
2016-09-08 09:00:00,2016-09-08 21:00:00,12,Beijing,LSTM,27.833332,71.97313,test
2016-09-08 10:00:00,2016-09-08 22:00:00,12,Beijing,LSTM,31.416668,71.80737,test
2016-09-08 11:00:00,2016-09-08 23:00:00,12,Beijing,LSTM,29.75,74.56178,test
2016-09-08 12:00:00,2016-09-09 00:00:00,12,Beijing,LSTM,27.416668,74.77714,test
2016-09-08 13:00:00,2016-09-09 01:00:00,12,Beijing,LSTM,26.333332,75.18587,test
2016-09-08 14:00:00,2016-09-09 02:00:00,12,Beijing,LSTM,25.416668,64.939735,test
2016-09-08 15:00:00,2016-09-09 03:00:00,12,Beijing,LSTM,24.583332,59.4073,test
2016-09-08 16:00:00,2016-09-09 04:00:00,12,Beijing,LSTM,19.833332,64.3718,test
2016-09-08 17:00:00,2016-09-09 05:00:00,12,Beijing,LSTM,17.583332,62.767105,test
2016-09-08 18:00:00,2016-09-09 06:00:00,12,Beijing,LSTM,17.75,61.33428,test
2016-09-08 19:00:00,2016-09-09 07:00:00,12,Beijing,LSTM,19.916668,62.39111,test
2016-09-08 20:00:00,2016-09-09 08:00:00,12,Beijing,LSTM,20.916668,63.4083,test
2016-09-08 21:00:00,2016-09-09 09:00:00,12,Beijing,LSTM,19.25,61.580585,test
2016-09-08 22:00:00,2016-09-09 10:00:00,12,Beijing,LSTM,18.75,55.080425,test
2016-09-08 23:00:00,2016-09-09 11:00:00,12,Beijing,LSTM,13.666667,52.6896,test
2016-09-09 00:00:00,2016-09-09 12:00:00,12,Beijing,LSTM,9.833333,50.982944,test
2016-09-09 01:00:00,2016-09-09 13:00:00,12,Beijing,LSTM,10.416667,46.37004,test
2016-09-09 02:00:00,2016-09-09 14:00:00,12,Beijing,LSTM,9.416667,46.120716,test
2016-09-09 03:00:00,2016-09-09 15:00:00,12,Beijing,LSTM,8.833333,45.60229,test
2016-09-09 04:00:00,2016-09-09 16:00:00,12,Beijing,LSTM,9.666667,44.562813,test
2016-09-09 05:00:00,2016-09-09 17:00:00,12,Beijing,LSTM,10.666667,43.338276,test
2016-09-09 06:00:00,2016-09-09 18:00:00,12,Beijing,LSTM,11.333333,47.542713,test
2016-09-09 07:00:00,2016-09-09 19:00:00,12,Beijing,LSTM,16.333332,50.66061,test
2016-09-09 08:00:00,2016-09-09 20:00:00,12,Beijing,LSTM,21.625,52.72406,test
2016-09-09 09:00:00,2016-09-09 21:00:00,12,Beijing,LSTM,24.416668,48.84878,test
2016-09-09 10:00:00,2016-09-09 22:00:00,12,Beijing,LSTM,25.5,46.6028,test
2016-09-09 11:00:00,2016-09-09 23:00:00,12,Beijing,LSTM,23.166668,41.18951,test
2016-09-09 12:00:00,2016-09-10 00:00:00,12,Beijing,LSTM,20.916668,42.90713,test
2016-09-09 13:00:00,2016-09-10 01:00:00,12,Beijing,LSTM,16.083332,36.005566,test
2016-09-09 14:00:00,2016-09-10 02:00:00,12,Beijing,LSTM,12.75,32.545216,test
2016-09-09 15:00:00,2016-09-10 03:00:00,12,Beijing,LSTM,12.083333,29.885914,test
2016-09-09 16:00:00,2016-09-10 04:00:00,12,Beijing,LSTM,11.25,26.624783,test
2016-09-09 17:00:00,2016-09-10 05:00:00,12,Beijing,LSTM,9.666667,24.344921,test
2016-09-09 18:00:00,2016-09-10 06:00:00,12,Beijing,LSTM,10.666667,21.579544,test
2016-09-09 19:00:00,2016-09-10 07:00:00,12,Beijing,LSTM,10.25,21.648058,test
2016-09-09 20:00:00,2016-09-10 08:00:00,12,Beijing,LSTM,9.833333,22.640446,test
2016-09-09 21:00:00,2016-09-10 09:00:00,12,Beijing,LSTM,11.083333,21.994347,test
2016-09-09 22:00:00,2016-09-10 10:00:00,12,Beijing,LSTM,13.5,21.123547,test
2016-09-09 23:00:00,2016-09-10 11:00:00,12,Beijing,LSTM,11.583333,18.812977,test
2016-09-10 00:00:00,2016-09-10 12:00:00,12,Beijing,LSTM,9.75,15.609533,test
2016-09-10 01:00:00,2016-09-10 13:00:00,12,Beijing,LSTM,7.916667,14.221321,test
2016-09-10 02:00:00,2016-09-10 14:00:00,12,Beijing,LSTM,9.916667,13.478697,test
2016-09-10 03:00:00,2016-09-10 15:00:00,12,Beijing,LSTM,11.5,12.900527,test
2016-09-10 04:00:00,2016-09-10 16:00:00,12,Beijing,LSTM,10.0,13.048328,test
2016-09-10 05:00:00,2016-09-10 17:00:00,12,Beijing,LSTM,15.166667,12.961019,test
2016-09-10 06:00:00,2016-09-10 18:00:00,12,Beijing,LSTM,17.166668,13.772545,test
2016-09-10 07:00:00,2016-09-10 19:00:00,12,Beijing,LSTM,21.583332,15.292058,test
2016-09-10 08:00:00,2016-09-10 20:00:00,12,Beijing,LSTM,25.75,17.31615,test
2016-09-10 09:00:00,2016-09-10 21:00:00,12,Beijing,LSTM,31.166668,19.547855,test
2016-09-10 10:00:00,2016-09-10 22:00:00,12,Beijing,LSTM,32.5,22.200445,test
2016-09-10 11:00:00,2016-09-10 23:00:00,12,Beijing,LSTM,36.25,24.140734,test
2016-09-10 12:00:00,2016-09-11 00:00:00,12,Beijing,LSTM,47.333332,24.811237,test
2016-09-10 13:00:00,2016-09-11 01:00:00,12,Beijing,LSTM,72.083336,25.059101,test
2016-09-10 14:00:00,2016-09-11 02:00:00,12,Beijing,LSTM,85.083336,25.751648,test
2016-09-10 15:00:00,2016-09-11 03:00:00,12,Beijing,LSTM,53.583332,25.019325,test
2016-09-10 16:00:00,2016-09-11 04:00:00,12,Beijing,LSTM,23.25,25.147907,test
2016-09-10 17:00:00,2016-09-11 05:00:00,12,Beijing,LSTM,20.333332,25.415447,test
2016-09-10 18:00:00,2016-09-11 06:00:00,12,Beijing,LSTM,24.25,24.803667,test
2016-09-10 19:00:00,2016-09-11 07:00:00,12,Beijing,LSTM,29.25,24.954468,test
2016-09-10 20:00:00,2016-09-11 08:00:00,12,Beijing,LSTM,29.583332,24.42952,test
2016-09-10 21:00:00,2016-09-11 09:00:00,12,Beijing,LSTM,28.666668,24.146889,test
2016-09-10 22:00:00,2016-09-11 10:00:00,12,Beijing,LSTM,25.0,23.811752,test
2016-09-10 23:00:00,2016-09-11 11:00:00,12,Beijing,LSTM,21.0,22.973066,test
2016-09-11 00:00:00,2016-09-11 12:00:00,12,Beijing,LSTM,20.166668,25.310616,test
2016-09-11 01:00:00,2016-09-11 13:00:00,12,Beijing,LSTM,19.75,32.080563,test
2016-09-11 02:00:00,2016-09-11 14:00:00,12,Beijing,LSTM,20.166668,37.60609,test
2016-09-11 03:00:00,2016-09-11 15:00:00,12,Beijing,LSTM,23.25,31.736124,test
2016-09-11 04:00:00,2016-09-11 16:00:00,12,Beijing,LSTM,24.083332,26.323973,test
2016-09-11 05:00:00,2016-09-11 17:00:00,12,Beijing,LSTM,26.5,25.851923,test
2016-09-11 06:00:00,2016-09-11 18:00:00,12,Beijing,LSTM,28.166668,26.70433,test
2016-09-11 07:00:00,2016-09-11 19:00:00,12,Beijing,LSTM,30.833332,30.984272,test
2016-09-11 08:00:00,2016-09-11 20:00:00,12,Beijing,LSTM,34.166668,34.54678,test
2016-09-11 09:00:00,2016-09-11 21:00:00,12,Beijing,LSTM,32.0,36.43433,test
2016-09-11 10:00:00,2016-09-11 22:00:00,12,Beijing,LSTM,30.083332,33.827587,test
2016-09-11 11:00:00,2016-09-11 23:00:00,12,Beijing,LSTM,27.083332,34.00664,test
2016-09-11 12:00:00,2016-09-12 00:00:00,12,Beijing,LSTM,24.833332,34.343006,test
2016-09-11 13:00:00,2016-09-12 01:00:00,12,Beijing,LSTM,25.583332,34.35221,test
2016-09-11 14:00:00,2016-09-12 02:00:00,12,Beijing,LSTM,24.0,37.227596,test
2016-09-11 15:00:00,2016-09-12 03:00:00,12,Beijing,LSTM,24.583332,38.723675,test
2016-09-11 16:00:00,2016-09-12 04:00:00,12,Beijing,LSTM,25.75,33.697845,test
2016-09-11 17:00:00,2016-09-12 05:00:00,12,Beijing,LSTM,29.083332,29.344593,test
2016-09-11 18:00:00,2016-09-12 06:00:00,12,Beijing,LSTM,28.916668,26.77891,test
2016-09-11 19:00:00,2016-09-12 07:00:00,12,Beijing,LSTM,28.833332,25.19502,test
2016-09-11 20:00:00,2016-09-12 08:00:00,12,Beijing,LSTM,31.666668,23.478893,test
2016-09-11 21:00:00,2016-09-12 09:00:00,12,Beijing,LSTM,35.727272,21.04742,test
2016-09-11 22:00:00,2016-09-12 10:00:00,12,Beijing,LSTM,33.727272,19.105598,test
2016-09-11 23:00:00,2016-09-12 11:00:00,12,Beijing,LSTM,31.909092,18.555466,test
2016-09-12 00:00:00,2016-09-12 12:00:00,12,Beijing,LSTM,28.909092,17.243176,test
2016-09-12 01:00:00,2016-09-12 13:00:00,12,Beijing,LSTM,27.363636,16.318756,test
2016-09-12 02:00:00,2016-09-12 14:00:00,12,Beijing,LSTM,26.545456,15.378123,test
2016-09-12 03:00:00,2016-09-12 15:00:00,12,Beijing,LSTM,29.636364,14.959762,test
2016-09-12 04:00:00,2016-09-12 16:00:00,12,Beijing,LSTM,30.636364,14.676627,test
2016-09-12 05:00:00,2016-09-12 17:00:00,12,Beijing,LSTM,31.636364,15.112943,test
2016-09-12 06:00:00,2016-09-12 18:00:00,12,Beijing,LSTM,32.727272,15.44056,test
2016-09-12 07:00:00,2016-09-12 19:00:00,12,Beijing,LSTM,35.416668,17.301815,test
2016-09-12 08:00:00,2016-09-12 20:00:00,12,Beijing,LSTM,40.333332,18.937393,test
2016-09-12 09:00:00,2016-09-12 21:00:00,12,Beijing,LSTM,43.583332,21.54166,test
2016-09-12 10:00:00,2016-09-12 22:00:00,12,Beijing,LSTM,45.833332,21.302576,test
2016-09-12 11:00:00,2016-09-12 23:00:00,12,Beijing,LSTM,49.583332,23.46046,test
2016-09-12 12:00:00,2016-09-13 00:00:00,12,Beijing,LSTM,50.833332,25.552092,test
2016-09-12 13:00:00,2016-09-13 01:00:00,12,Beijing,LSTM,49.916668,27.570936,test
2016-09-12 14:00:00,2016-09-13 02:00:00,12,Beijing,LSTM,54.5,29.484043,test
2016-09-12 15:00:00,2016-09-13 03:00:00,12,Beijing,LSTM,59.333332,31.729221,test
2016-09-12 16:00:00,2016-09-13 04:00:00,12,Beijing,LSTM,60.916668,33.654297,test
2016-09-12 17:00:00,2016-09-13 05:00:00,12,Beijing,LSTM,63.583332,35.350845,test
2016-09-12 18:00:00,2016-09-13 06:00:00,12,Beijing,LSTM,63.083332,38.810734,test
2016-09-12 19:00:00,2016-09-13 07:00:00,12,Beijing,LSTM,67.083336,42.771473,test
2016-09-12 20:00:00,2016-09-13 08:00:00,12,Beijing,LSTM,79.666664,45.159397,test
2016-09-12 21:00:00,2016-09-13 09:00:00,12,Beijing,LSTM,98.0,45.618034,test
2016-09-12 22:00:00,2016-09-13 10:00:00,12,Beijing,LSTM,109.416664,44.028423,test
2016-09-12 23:00:00,2016-09-13 11:00:00,12,Beijing,LSTM,117.166664,49.372196,test
2016-09-13 00:00:00,2016-09-13 12:00:00,12,Beijing,LSTM,121.416664,53.51926,test
2016-09-13 01:00:00,2016-09-13 13:00:00,12,Beijing,LSTM,125.916664,48.535046,test
2016-09-13 02:00:00,2016-09-13 14:00:00,12,Beijing,LSTM,115.25,51.83073,test
2016-09-13 03:00:00,2016-09-13 15:00:00,12,Beijing,LSTM,109.666664,52.86319,test
2016-09-13 04:00:00,2016-09-13 16:00:00,12,Beijing,LSTM,100.75,55.384678,test
2016-09-13 05:00:00,2016-09-13 17:00:00,12,Beijing,LSTM,97.666664,57.33941,test
2016-09-13 06:00:00,2016-09-13 18:00:00,12,Beijing,LSTM,88.0,58.963818,test
2016-09-13 07:00:00,2016-09-13 19:00:00,12,Beijing,LSTM,84.666664,63.53346,test
2016-09-13 08:00:00,2016-09-13 20:00:00,12,Beijing,LSTM,85.666664,68.74014,test
2016-09-13 09:00:00,2016-09-13 21:00:00,12,Beijing,LSTM,89.25,74.817566,test
2016-09-13 10:00:00,2016-09-13 22:00:00,12,Beijing,LSTM,94.083336,80.8842,test
2016-09-13 11:00:00,2016-09-13 23:00:00,12,Beijing,LSTM,96.0,86.4537,test
2016-09-13 12:00:00,2016-09-14 00:00:00,12,Beijing,LSTM,100.583336,91.39415,test
2016-09-13 13:00:00,2016-09-14 01:00:00,12,Beijing,LSTM,102.5,95.651855,test
2016-09-13 14:00:00,2016-09-14 02:00:00,12,Beijing,LSTM,101.916664,98.79448,test
2016-09-13 15:00:00,2016-09-14 03:00:00,12,Beijing,LSTM,102.75,100.5831,test
2016-09-13 16:00:00,2016-09-14 04:00:00,12,Beijing,LSTM,109.416664,100.708435,test
2016-09-13 17:00:00,2016-09-14 05:00:00,12,Beijing,LSTM,108.416664,100.70022,test
2016-09-13 18:00:00,2016-09-14 06:00:00,12,Beijing,LSTM,108.083336,99.31908,test
2016-09-13 19:00:00,2016-09-14 07:00:00,12,Beijing,LSTM,108.0,101.46461,test
2016-09-13 20:00:00,2016-09-14 08:00:00,12,Beijing,LSTM,120.083336,101.866905,test
2016-09-13 21:00:00,2016-09-14 09:00:00,12,Beijing,LSTM,140.41667,101.22685,test
2016-09-13 22:00:00,2016-09-14 10:00:00,12,Beijing,LSTM,149.25,101.358025,test
2016-09-13 23:00:00,2016-09-14 11:00:00,12,Beijing,LSTM,147.83333,100.972565,test
2016-09-14 00:00:00,2016-09-14 12:00:00,12,Beijing,LSTM,137.66667,101.488174,test
2016-09-14 01:00:00,2016-09-14 13:00:00,12,Beijing,LSTM,106.75,101.31778,test
2016-09-14 02:00:00,2016-09-14 14:00:00,12,Beijing,LSTM,95.0,101.65828,test
2016-09-14 03:00:00,2016-09-14 15:00:00,12,Beijing,LSTM,89.416664,101.81575,test
2016-09-14 04:00:00,2016-09-14 16:00:00,12,Beijing,LSTM,84.0,101.689224,test
2016-09-14 05:00:00,2016-09-14 17:00:00,12,Beijing,LSTM,88.90909,101.96099,test
2016-09-14 06:00:00,2016-09-14 18:00:00,12,Beijing,LSTM,100.454544,102.06198,test
2016-09-14 07:00:00,2016-09-14 19:00:00,12,Beijing,LSTM,89.454544,102.06258,test
2016-09-14 08:00:00,2016-09-14 20:00:00,12,Beijing,LSTM,62.454544,102.05361,test
2016-09-14 09:00:00,2016-09-14 21:00:00,12,Beijing,LSTM,63.272728,101.993576,test
2016-09-14 10:00:00,2016-09-14 22:00:00,12,Beijing,LSTM,56.181816,102.21835,test
2016-09-14 11:00:00,2016-09-14 23:00:00,12,Beijing,LSTM,45.272728,100.28665,test
2016-09-14 12:00:00,2016-09-15 00:00:00,12,Beijing,LSTM,47.727272,100.33834,test
2016-09-14 13:00:00,2016-09-15 01:00:00,12,Beijing,LSTM,52.181816,92.13452,test
2016-09-14 14:00:00,2016-09-15 02:00:00,12,Beijing,LSTM,49.454544,100.027176,test
2016-09-14 15:00:00,2016-09-15 03:00:00,12,Beijing,LSTM,46.545456,100.17557,test
2016-09-14 16:00:00,2016-09-15 04:00:00,12,Beijing,LSTM,53.090908,100.111755,test
2016-09-14 17:00:00,2016-09-15 05:00:00,12,Beijing,LSTM,57.0,100.806885,test
2016-09-14 18:00:00,2016-09-15 06:00:00,12,Beijing,LSTM,55.090908,101.42834,test
2016-09-14 19:00:00,2016-09-15 07:00:00,12,Beijing,LSTM,51.454544,88.098785,test
2016-09-14 20:00:00,2016-09-15 08:00:00,12,Beijing,LSTM,55.636364,66.21314,test
2016-09-14 21:00:00,2016-09-15 09:00:00,12,Beijing,LSTM,67.0,60.423298,test
2016-09-14 22:00:00,2016-09-15 10:00:00,12,Beijing,LSTM,64.90909,61.745007,test
2016-09-14 23:00:00,2016-09-15 11:00:00,12,Beijing,LSTM,60.75,39.044033,test
2016-09-15 00:00:00,2016-09-15 12:00:00,12,Beijing,LSTM,54.25,38.41719,test
2016-09-15 01:00:00,2016-09-15 13:00:00,12,Beijing,LSTM,45.333332,33.703403,test
2016-09-15 02:00:00,2016-09-15 14:00:00,12,Beijing,LSTM,43.083332,34.64081,test
2016-09-15 03:00:00,2016-09-15 15:00:00,12,Beijing,LSTM,39.75,34.380856,test
2016-09-15 04:00:00,2016-09-15 16:00:00,12,Beijing,LSTM,47.166668,39.764477,test
2016-09-15 05:00:00,2016-09-15 17:00:00,12,Beijing,LSTM,69.833336,45.497375,test
2016-09-15 06:00:00,2016-09-15 18:00:00,12,Beijing,LSTM,87.833336,49.58346,test
2016-09-15 07:00:00,2016-09-15 19:00:00,12,Beijing,LSTM,101.583336,54.92384,test
2016-09-15 08:00:00,2016-09-15 20:00:00,12,Beijing,LSTM,114.5,57.983707,test
2016-09-15 09:00:00,2016-09-15 21:00:00,12,Beijing,LSTM,124.416664,63.951763,test
2016-09-15 10:00:00,2016-09-15 22:00:00,12,Beijing,LSTM,137.33333,65.71213,test
2016-09-15 11:00:00,2016-09-15 23:00:00,12,Beijing,LSTM,145.0,70.61519,test
2016-09-15 12:00:00,2016-09-16 00:00:00,12,Beijing,LSTM,148.58333,74.25815,test
2016-09-15 13:00:00,2016-09-16 01:00:00,12,Beijing,LSTM,154.33333,76.91264,test
2016-09-15 14:00:00,2016-09-16 02:00:00,12,Beijing,LSTM,147.5,78.1892,test
2016-09-15 15:00:00,2016-09-16 03:00:00,12,Beijing,LSTM,135.41667,78.63837,test
2016-09-15 16:00:00,2016-09-16 04:00:00,12,Beijing,LSTM,131.91667,81.30957,test
2016-09-15 17:00:00,2016-09-16 05:00:00,12,Beijing,LSTM,129.58333,84.76549,test
2016-09-15 18:00:00,2016-09-16 06:00:00,12,Beijing,LSTM,134.16667,88.89064,test
2016-09-15 19:00:00,2016-09-16 07:00:00,12,Beijing,LSTM,143.33333,92.665726,test
2016-09-15 20:00:00,2016-09-16 08:00:00,12,Beijing,LSTM,149.16667,96.17976,test
2016-09-15 21:00:00,2016-09-16 09:00:00,12,Beijing,LSTM,159.0,99.1546,test
2016-09-15 22:00:00,2016-09-16 10:00:00,12,Beijing,LSTM,167.90909,100.927155,test
2016-09-15 23:00:00,2016-09-16 11:00:00,12,Beijing,LSTM,179.81818,101.731804,test
2016-09-16 00:00:00,2016-09-16 12:00:00,12,Beijing,LSTM,180.18182,102.01931,test
2016-09-16 01:00:00,2016-09-16 13:00:00,12,Beijing,LSTM,171.36363,102.160995,test
2016-09-16 02:00:00,2016-09-16 14:00:00,12,Beijing,LSTM,167.27272,102.21555,test
2016-09-16 03:00:00,2016-09-16 15:00:00,12,Beijing,LSTM,149.27272,102.238304,test
2016-09-16 04:00:00,2016-09-16 16:00:00,12,Beijing,LSTM,146.63637,102.245865,test
2016-09-16 05:00:00,2016-09-16 17:00:00,12,Beijing,LSTM,151.5,102.24521,test
2016-09-16 06:00:00,2016-09-16 18:00:00,12,Beijing,LSTM,157.58333,102.25408,test
2016-09-16 07:00:00,2016-09-16 19:00:00,12,Beijing,LSTM,123.083336,102.26229,test
2016-09-16 08:00:00,2016-09-16 20:00:00,12,Beijing,LSTM,56.083332,102.25964,test
2016-09-16 09:00:00,2016-09-16 21:00:00,12,Beijing,LSTM,38.583332,102.25906,test
2016-09-16 10:00:00,2016-09-16 22:00:00,12,Beijing,LSTM,38.083332,102.13584,test
2016-09-16 11:00:00,2016-09-16 23:00:00,12,Beijing,LSTM,46.5,102.21215,test
2016-09-16 12:00:00,2016-09-17 00:00:00,12,Beijing,LSTM,54.166668,102.23202,test
2016-09-16 13:00:00,2016-09-17 01:00:00,12,Beijing,LSTM,62.833332,102.04137,test
2016-09-16 14:00:00,2016-09-17 02:00:00,12,Beijing,LSTM,66.0,101.63357,test
2016-09-16 15:00:00,2016-09-17 03:00:00,12,Beijing,LSTM,64.583336,96.039795,test
2016-09-16 16:00:00,2016-09-17 04:00:00,12,Beijing,LSTM,62.5,99.08453,test
2016-09-16 17:00:00,2016-09-17 05:00:00,12,Beijing,LSTM,64.25,100.797,test
2016-09-16 18:00:00,2016-09-17 06:00:00,12,Beijing,LSTM,68.166664,83.94127,test
2016-09-16 19:00:00,2016-09-17 07:00:00,12,Beijing,LSTM,67.333336,28.858553,test
2016-09-16 20:00:00,2016-09-17 08:00:00,12,Beijing,LSTM,49.166668,22.487333,test
2016-09-16 21:00:00,2016-09-17 09:00:00,12,Beijing,LSTM,37.583332,21.414467,test
2016-09-16 22:00:00,2016-09-17 10:00:00,12,Beijing,LSTM,36.666668,19.864964,test
2016-09-16 23:00:00,2016-09-17 11:00:00,12,Beijing,LSTM,34.416668,23.258034,test
2016-09-17 00:00:00,2016-09-17 12:00:00,12,Beijing,LSTM,29.583332,26.55133,test
2016-09-17 01:00:00,2016-09-17 13:00:00,12,Beijing,LSTM,26.083332,35.599766,test
2016-09-17 02:00:00,2016-09-17 14:00:00,12,Beijing,LSTM,24.5,47.010815,test
2016-09-17 03:00:00,2016-09-17 15:00:00,12,Beijing,LSTM,23.25,56.160355,test
2016-09-17 04:00:00,2016-09-17 16:00:00,12,Beijing,LSTM,26.083332,61.750668,test
2016-09-17 05:00:00,2016-09-17 17:00:00,12,Beijing,LSTM,28.75,67.66299,test
2016-09-17 06:00:00,2016-09-17 18:00:00,12,Beijing,LSTM,27.25,73.800095,test
2016-09-17 07:00:00,2016-09-17 19:00:00,12,Beijing,LSTM,28.833332,80.013824,test
2016-09-17 08:00:00,2016-09-17 20:00:00,12,Beijing,LSTM,28.166668,85.877594,test
2016-09-17 09:00:00,2016-09-17 21:00:00,12,Beijing,LSTM,28.333332,90.54782,test
2016-09-17 10:00:00,2016-09-17 22:00:00,12,Beijing,LSTM,28.75,91.975044,test
2016-09-17 11:00:00,2016-09-17 23:00:00,12,Beijing,LSTM,28.916668,94.383194,test
2016-09-17 12:00:00,2016-09-18 00:00:00,12,Beijing,LSTM,27.833332,94.5316,test
2016-09-17 13:00:00,2016-09-18 01:00:00,12,Beijing,LSTM,25.666668,93.77381,test
2016-09-17 14:00:00,2016-09-18 02:00:00,12,Beijing,LSTM,22.916668,94.95321,test
2016-09-17 15:00:00,2016-09-18 03:00:00,12,Beijing,LSTM,21.583332,93.93378,test
2016-09-17 16:00:00,2016-09-18 04:00:00,12,Beijing,LSTM,21.416668,92.43943,test
2016-09-17 17:00:00,2016-09-18 05:00:00,12,Beijing,LSTM,22.666668,90.11877,test
2016-09-17 18:00:00,2016-09-18 06:00:00,12,Beijing,LSTM,23.25,82.449265,test
2016-09-17 19:00:00,2016-09-18 07:00:00,12,Beijing,LSTM,23.0,59.862366,test
2016-09-17 20:00:00,2016-09-18 08:00:00,12,Beijing,LSTM,23.166668,29.537855,test
2016-09-17 21:00:00,2016-09-18 09:00:00,12,Beijing,LSTM,25.5,20.739246,test
2016-09-17 22:00:00,2016-09-18 10:00:00,12,Beijing,LSTM,25.833332,18.5461,test
2016-09-17 23:00:00,2016-09-18 11:00:00,12,Beijing,LSTM,24.416668,17.510622,test
2016-09-18 00:00:00,2016-09-18 12:00:00,12,Beijing,LSTM,21.75,16.51871,test
2016-09-18 01:00:00,2016-09-18 13:00:00,12,Beijing,LSTM,19.666668,16.497519,test
2016-09-18 02:00:00,2016-09-18 14:00:00,12,Beijing,LSTM,21.055555,17.586063,test
2016-09-18 03:00:00,2016-09-18 15:00:00,12,Beijing,LSTM,21.21212,20.91521,test
2016-09-18 04:00:00,2016-09-18 16:00:00,12,Beijing,LSTM,14.181818,23.962204,test
2016-09-18 05:00:00,2016-09-18 17:00:00,12,Beijing,LSTM,10.363636,26.535742,test
2016-09-18 06:00:00,2016-09-18 18:00:00,12,Beijing,LSTM,15.0,28.916857,test
2016-09-18 07:00:00,2016-09-18 19:00:00,12,Beijing,LSTM,17.636364,33.252144,test
2016-09-18 08:00:00,2016-09-18 20:00:00,12,Beijing,LSTM,20.454544,37.540997,test
2016-09-18 09:00:00,2016-09-18 21:00:00,12,Beijing,LSTM,19.636364,43.18595,test
2016-09-18 10:00:00,2016-09-18 22:00:00,12,Beijing,LSTM,18.454544,47.033665,test
2016-09-18 11:00:00,2016-09-18 23:00:00,12,Beijing,LSTM,15.545455,51.297794,test
2016-09-18 12:00:00,2016-09-19 00:00:00,12,Beijing,LSTM,13.090909,55.231953,test
2016-09-18 13:00:00,2016-09-19 01:00:00,12,Beijing,LSTM,14.0,53.404057,test
2016-09-18 14:00:00,2016-09-19 02:00:00,12,Beijing,LSTM,13.272727,47.004063,test
2016-09-18 15:00:00,2016-09-19 03:00:00,12,Beijing,LSTM,9.909091,33.55256,test
2016-09-18 16:00:00,2016-09-19 04:00:00,12,Beijing,LSTM,9.454545,27.634438,test
2016-09-18 17:00:00,2016-09-19 05:00:00,12,Beijing,LSTM,8.272727,24.48798,test
2016-09-18 18:00:00,2016-09-19 06:00:00,12,Beijing,LSTM,8.090909,21.92553,test
2016-09-18 19:00:00,2016-09-19 07:00:00,12,Beijing,LSTM,6.909091,19.593807,test
2016-09-18 20:00:00,2016-09-19 08:00:00,12,Beijing,LSTM,8.818182,17.10051,test
2016-09-18 21:00:00,2016-09-19 09:00:00,12,Beijing,LSTM,8.363636,15.087615,test
2016-09-18 22:00:00,2016-09-19 10:00:00,12,Beijing,LSTM,7.090909,13.805825,test
2016-09-18 23:00:00,2016-09-19 11:00:00,12,Beijing,LSTM,5.583333,13.008046,test
2016-09-19 00:00:00,2016-09-19 12:00:00,12,Beijing,LSTM,5.416667,12.124625,test
2016-09-19 01:00:00,2016-09-19 13:00:00,12,Beijing,LSTM,7.0,11.637834,test
2016-09-19 02:00:00,2016-09-19 14:00:00,12,Beijing,LSTM,7.5,11.601153,test
2016-09-19 03:00:00,2016-09-19 15:00:00,12,Beijing,LSTM,5.75,11.467829,test
2016-09-19 04:00:00,2016-09-19 16:00:00,12,Beijing,LSTM,7.083333,12.173658,test
2016-09-19 05:00:00,2016-09-19 17:00:00,12,Beijing,LSTM,6.916667,12.331731,test
2016-09-19 06:00:00,2016-09-19 18:00:00,12,Beijing,LSTM,8.083333,13.193715,test
2016-09-19 07:00:00,2016-09-19 19:00:00,12,Beijing,LSTM,11.666667,15.177595,test
2016-09-19 08:00:00,2016-09-19 20:00:00,12,Beijing,LSTM,25.25,17.161972,test
2016-09-19 09:00:00,2016-09-19 21:00:00,12,Beijing,LSTM,24.166668,19.157127,test
2016-09-19 10:00:00,2016-09-19 22:00:00,12,Beijing,LSTM,21.75,19.928112,test
2016-09-19 11:00:00,2016-09-19 23:00:00,12,Beijing,LSTM,21.916668,21.061007,test
2016-09-19 12:00:00,2016-09-20 00:00:00,12,Beijing,LSTM,23.416668,21.488323,test
2016-09-19 13:00:00,2016-09-20 01:00:00,12,Beijing,LSTM,22.416668,21.050623,test
2016-09-19 14:00:00,2016-09-20 02:00:00,12,Beijing,LSTM,19.25,20.82393,test
2016-09-19 15:00:00,2016-09-20 03:00:00,12,Beijing,LSTM,17.5,20.940073,test
2016-09-19 16:00:00,2016-09-20 04:00:00,12,Beijing,LSTM,17.083332,20.563328,test
2016-09-19 17:00:00,2016-09-20 05:00:00,12,Beijing,LSTM,12.75,20.490871,test
2016-09-19 18:00:00,2016-09-20 06:00:00,12,Beijing,LSTM,10.083333,18.314396,test
2016-09-19 19:00:00,2016-09-20 07:00:00,12,Beijing,LSTM,14.666667,19.485382,test
2016-09-19 20:00:00,2016-09-20 08:00:00,12,Beijing,LSTM,16.416668,20.56357,test
2016-09-19 21:00:00,2016-09-20 09:00:00,12,Beijing,LSTM,17.583332,22.538359,test
2016-09-19 22:00:00,2016-09-20 10:00:00,12,Beijing,LSTM,17.583332,23.036394,test
2016-09-19 23:00:00,2016-09-20 11:00:00,12,Beijing,LSTM,15.363636,23.47677,test
2016-09-20 00:00:00,2016-09-20 12:00:00,12,Beijing,LSTM,16.0,24.213736,test
2016-09-20 01:00:00,2016-09-20 13:00:00,12,Beijing,LSTM,13.090909,24.7203,test
2016-09-20 02:00:00,2016-09-20 14:00:00,12,Beijing,LSTM,11.181818,24.62117,test
2016-09-20 03:00:00,2016-09-20 15:00:00,12,Beijing,LSTM,12.272727,25.798248,test
2016-09-20 04:00:00,2016-09-20 16:00:00,12,Beijing,LSTM,14.545455,23.156927,test
2016-09-20 05:00:00,2016-09-20 17:00:00,12,Beijing,LSTM,15.454545,24.321777,test
2016-09-20 06:00:00,2016-09-20 18:00:00,12,Beijing,LSTM,18.363636,24.686275,test
2016-09-20 07:00:00,2016-09-20 19:00:00,12,Beijing,LSTM,23.0,27.136923,test
2016-09-20 08:00:00,2016-09-20 20:00:00,12,Beijing,LSTM,28.5,29.917416,test
2016-09-20 09:00:00,2016-09-20 21:00:00,12,Beijing,LSTM,33.272728,32.414417,test
2016-09-20 10:00:00,2016-09-20 22:00:00,12,Beijing,LSTM,36.818184,34.820236,test
2016-09-20 11:00:00,2016-09-20 23:00:00,12,Beijing,LSTM,41.272728,36.85462,test
2016-09-20 12:00:00,2016-09-21 00:00:00,12,Beijing,LSTM,41.272728,38.438435,test
2016-09-20 13:00:00,2016-09-21 01:00:00,12,Beijing,LSTM,40.727272,35.846283,test
2016-09-20 14:00:00,2016-09-21 02:00:00,12,Beijing,LSTM,41.484848,35.770348,test
2016-09-20 15:00:00,2016-09-21 03:00:00,12,Beijing,LSTM,40.969696,35.989277,test
2016-09-20 16:00:00,2016-09-21 04:00:00,12,Beijing,LSTM,43.727272,35.436268,test
2016-09-20 17:00:00,2016-09-21 05:00:00,12,Beijing,LSTM,46.636364,34.929096,test
2016-09-20 18:00:00,2016-09-21 06:00:00,12,Beijing,LSTM,48.181816,35.684696,test
2016-09-20 19:00:00,2016-09-21 07:00:00,12,Beijing,LSTM,49.727272,38.218536,test
2016-09-20 20:00:00,2016-09-21 08:00:00,12,Beijing,LSTM,51.363636,41.182716,test
2016-09-20 21:00:00,2016-09-21 09:00:00,12,Beijing,LSTM,54.636364,45.18812,test
2016-09-20 22:00:00,2016-09-21 10:00:00,12,Beijing,LSTM,58.166668,50.564888,test
2016-09-20 23:00:00,2016-09-21 11:00:00,12,Beijing,LSTM,61.625,56.673252,test
2016-09-21 00:00:00,2016-09-21 12:00:00,12,Beijing,LSTM,63.916668,63.345806,test
2016-09-21 01:00:00,2016-09-21 13:00:00,12,Beijing,LSTM,69.791664,69.72851,test
2016-09-21 02:00:00,2016-09-21 14:00:00,12,Beijing,LSTM,72.666664,77.01712,test
2016-09-21 03:00:00,2016-09-21 15:00:00,12,Beijing,LSTM,82.583336,85.593445,test
2016-09-21 04:00:00,2016-09-21 16:00:00,12,Beijing,LSTM,85.916664,93.66813,test
2016-09-21 05:00:00,2016-09-21 17:00:00,12,Beijing,LSTM,87.25,99.007965,test
2016-09-21 06:00:00,2016-09-21 18:00:00,12,Beijing,LSTM,82.666664,101.3306,test
2016-09-21 07:00:00,2016-09-21 19:00:00,12,Beijing,LSTM,82.333336,101.99393,test
2016-09-21 08:00:00,2016-09-21 20:00:00,12,Beijing,LSTM,80.083336,102.15342,test
2016-09-21 09:00:00,2016-09-21 21:00:00,12,Beijing,LSTM,78.75,102.18212,test
2016-09-21 10:00:00,2016-09-21 22:00:00,12,Beijing,LSTM,83.333336,102.09956,test
2016-09-21 11:00:00,2016-09-21 23:00:00,12,Beijing,LSTM,87.666664,101.90962,test
2016-09-21 12:00:00,2016-09-22 00:00:00,12,Beijing,LSTM,92.833336,101.99798,test
2016-09-21 13:00:00,2016-09-22 01:00:00,12,Beijing,LSTM,95.5,101.520874,test
2016-09-21 14:00:00,2016-09-22 02:00:00,12,Beijing,LSTM,95.166664,101.817154,test
2016-09-21 15:00:00,2016-09-22 03:00:00,12,Beijing,LSTM,92.041664,101.742645,test
2016-09-21 16:00:00,2016-09-22 04:00:00,12,Beijing,LSTM,88.416664,102.042984,test
2016-09-21 17:00:00,2016-09-22 05:00:00,12,Beijing,LSTM,84.666664,102.10077,test
2016-09-21 18:00:00,2016-09-22 06:00:00,12,Beijing,LSTM,85.833336,101.51218,test
2016-09-21 19:00:00,2016-09-22 07:00:00,12,Beijing,LSTM,85.333336,101.27966,test
2016-09-21 20:00:00,2016-09-22 08:00:00,12,Beijing,LSTM,86.583336,94.48233,test
2016-09-21 21:00:00,2016-09-22 09:00:00,12,Beijing,LSTM,82.986115,73.29417,test
2016-09-21 22:00:00,2016-09-22 10:00:00,12,Beijing,LSTM,80.638885,83.162506,test
2016-09-21 23:00:00,2016-09-22 11:00:00,12,Beijing,LSTM,84.84167,93.243,test
2016-09-22 00:00:00,2016-09-22 12:00:00,12,Beijing,LSTM,88.6,92.62486,test
2016-09-22 01:00:00,2016-09-22 13:00:00,12,Beijing,LSTM,97.316666,96.38073,test
2016-09-22 02:00:00,2016-09-22 14:00:00,12,Beijing,LSTM,100.95,97.05927,test
2016-09-22 03:00:00,2016-09-22 15:00:00,12,Beijing,LSTM,103.083336,99.02782,test
2016-09-22 04:00:00,2016-09-22 16:00:00,12,Beijing,LSTM,109.666664,99.261444,test
2016-09-22 05:00:00,2016-09-22 17:00:00,12,Beijing,LSTM,115.583336,96.011856,test
2016-09-22 06:00:00,2016-09-22 18:00:00,12,Beijing,LSTM,116.166664,93.98521,test
2016-09-22 07:00:00,2016-09-22 19:00:00,12,Beijing,LSTM,117.75,93.18516,test
2016-09-22 08:00:00,2016-09-22 20:00:00,12,Beijing,LSTM,122.666664,94.15501,test
2016-09-22 09:00:00,2016-09-22 21:00:00,12,Beijing,LSTM,123.916664,80.86957,test
2016-09-22 10:00:00,2016-09-22 22:00:00,12,Beijing,LSTM,126.791664,48.78207,test
2016-09-22 11:00:00,2016-09-22 23:00:00,12,Beijing,LSTM,126.333336,68.14658,test
2016-09-22 12:00:00,2016-09-23 00:00:00,12,Beijing,LSTM,120.833336,81.25218,test
2016-09-22 13:00:00,2016-09-23 01:00:00,12,Beijing,LSTM,107.666664,83.9577,test
2016-09-22 14:00:00,2016-09-23 02:00:00,12,Beijing,LSTM,89.416664,82.70671,test
2016-09-22 15:00:00,2016-09-23 03:00:00,12,Beijing,LSTM,91.75694,83.12869,test
2016-09-22 16:00:00,2016-09-23 04:00:00,12,Beijing,LSTM,100.513885,83.63135,test
2016-09-22 17:00:00,2016-09-23 05:00:00,12,Beijing,LSTM,106.854164,84.73898,test
2016-09-22 18:00:00,2016-09-23 06:00:00,12,Beijing,LSTM,106.138885,86.670006,test
2016-09-22 19:00:00,2016-09-23 07:00:00,12,Beijing,LSTM,107.47222,89.650925,test
2016-09-22 20:00:00,2016-09-23 08:00:00,12,Beijing,LSTM,119.138885,94.31504,test
2016-09-22 21:00:00,2016-09-23 09:00:00,12,Beijing,LSTM,132.16667,96.41862,test
2016-09-22 22:00:00,2016-09-23 10:00:00,12,Beijing,LSTM,135.0,98.524506,test
2016-09-22 23:00:00,2016-09-23 11:00:00,12,Beijing,LSTM,123.25,97.19197,test
2016-09-23 00:00:00,2016-09-23 12:00:00,12,Beijing,LSTM,114.75,87.59868,test
2016-09-23 01:00:00,2016-09-23 13:00:00,12,Beijing,LSTM,116.90909,84.74634,test
2016-09-23 02:00:00,2016-09-23 14:00:00,12,Beijing,LSTM,121.63637,96.44633,test
2016-09-23 03:00:00,2016-09-23 15:00:00,12,Beijing,LSTM,124.96364,101.03623,test
2016-09-23 04:00:00,2016-09-23 16:00:00,12,Beijing,LSTM,124.92728,102.003174,test
2016-09-23 05:00:00,2016-09-23 17:00:00,12,Beijing,LSTM,124.8,101.95856,test
2016-09-23 06:00:00,2016-09-23 18:00:00,12,Beijing,LSTM,123.490906,101.27016,test
2016-09-23 07:00:00,2016-09-23 19:00:00,12,Beijing,LSTM,128.09091,98.9502,test
2016-09-23 08:00:00,2016-09-23 20:00:00,12,Beijing,LSTM,138.90909,100.71669,test
2016-09-23 09:00:00,2016-09-23 21:00:00,12,Beijing,LSTM,153.0,99.51686,test
2016-09-23 10:00:00,2016-09-23 22:00:00,12,Beijing,LSTM,161.18182,98.91011,test
2016-09-23 11:00:00,2016-09-23 23:00:00,12,Beijing,LSTM,169.58333,77.81203,test
2016-09-23 12:00:00,2016-09-24 00:00:00,12,Beijing,LSTM,156.08333,49.560062,test
2016-09-23 13:00:00,2016-09-24 01:00:00,12,Beijing,LSTM,137.75,33.240803,test
2016-09-23 14:00:00,2016-09-24 02:00:00,12,Beijing,LSTM,77.916664,43.339817,test
2016-09-23 15:00:00,2016-09-24 03:00:00,12,Beijing,LSTM,35.083332,41.930904,test
2016-09-23 16:00:00,2016-09-24 04:00:00,12,Beijing,LSTM,34.5,44.60571,test
2016-09-23 17:00:00,2016-09-24 05:00:00,12,Beijing,LSTM,32.5,45.692837,test
2016-09-23 18:00:00,2016-09-24 06:00:00,12,Beijing,LSTM,30.666668,52.827744,test
2016-09-23 19:00:00,2016-09-24 07:00:00,12,Beijing,LSTM,30.666668,55.597027,test
2016-09-23 20:00:00,2016-09-24 08:00:00,12,Beijing,LSTM,32.666668,60.5676,test
2016-09-23 21:00:00,2016-09-24 09:00:00,12,Beijing,LSTM,42.916668,58.210453,test
2016-09-23 22:00:00,2016-09-24 10:00:00,12,Beijing,LSTM,49.666668,60.890263,test
2016-09-23 23:00:00,2016-09-24 11:00:00,12,Beijing,LSTM,63.666668,40.279865,test
2016-09-24 00:00:00,2016-09-24 12:00:00,12,Beijing,LSTM,87.166664,23.35822,test
2016-09-24 01:00:00,2016-09-24 13:00:00,12,Beijing,LSTM,108.625,23.519901,test
2016-09-24 02:00:00,2016-09-24 14:00:00,12,Beijing,LSTM,128.58333,13.765395,test
2016-09-24 03:00:00,2016-09-24 15:00:00,12,Beijing,LSTM,142.41667,17.84916,test
2016-09-24 04:00:00,2016-09-24 16:00:00,12,Beijing,LSTM,153.58333,19.126356,test
2016-09-24 05:00:00,2016-09-24 17:00:00,12,Beijing,LSTM,164.66667,23.578754,test
2016-09-24 06:00:00,2016-09-24 18:00:00,12,Beijing,LSTM,174.83333,28.993172,test
2016-09-24 07:00:00,2016-09-24 19:00:00,12,Beijing,LSTM,187.83333,31.697514,test
2016-09-24 08:00:00,2016-09-24 20:00:00,12,Beijing,LSTM,200.66667,31.288235,test
2016-09-24 09:00:00,2016-09-24 21:00:00,12,Beijing,LSTM,206.33333,37.463383,test
2016-09-24 10:00:00,2016-09-24 22:00:00,12,Beijing,LSTM,206.33333,41.946827,test
2016-09-24 11:00:00,2016-09-24 23:00:00,12,Beijing,LSTM,212.58333,45.713646,test
2016-09-24 12:00:00,2016-09-25 00:00:00,12,Beijing,LSTM,214.66667,48.869408,test
2016-09-24 13:00:00,2016-09-25 01:00:00,12,Beijing,LSTM,216.58333,51.869526,test
2016-09-24 14:00:00,2016-09-25 02:00:00,12,Beijing,LSTM,216.0,55.857235,test
2016-09-24 15:00:00,2016-09-25 03:00:00,12,Beijing,LSTM,210.58333,57.80142,test
2016-09-24 16:00:00,2016-09-25 04:00:00,12,Beijing,LSTM,203.95833,59.99736,test
2016-09-24 17:00:00,2016-09-25 05:00:00,12,Beijing,LSTM,190.5,61.194622,test
2016-09-24 18:00:00,2016-09-25 06:00:00,12,Beijing,LSTM,180.75,63.67167,test
2016-09-24 19:00:00,2016-09-25 07:00:00,12,Beijing,LSTM,165.83333,66.70819,test
2016-09-24 20:00:00,2016-09-25 08:00:00,12,Beijing,LSTM,152.0,71.38481,test
2016-09-24 21:00:00,2016-09-25 09:00:00,12,Beijing,LSTM,142.0,73.68805,test
2016-09-24 22:00:00,2016-09-25 10:00:00,12,Beijing,LSTM,137.36363,76.81532,test
2016-09-24 23:00:00,2016-09-25 11:00:00,12,Beijing,LSTM,135.63637,81.66887,test
2016-09-25 00:00:00,2016-09-25 12:00:00,12,Beijing,LSTM,147.27272,87.551796,test
2016-09-25 01:00:00,2016-09-25 13:00:00,12,Beijing,LSTM,147.36363,91.00102,test
2016-09-25 02:00:00,2016-09-25 14:00:00,12,Beijing,LSTM,139.09091,94.136795,test
2016-09-25 03:00:00,2016-09-25 15:00:00,12,Beijing,LSTM,143.90909,96.648705,test
2016-09-25 04:00:00,2016-09-25 16:00:00,12,Beijing,LSTM,158.08333,98.13285,test
2016-09-25 05:00:00,2016-09-25 17:00:00,12,Beijing,LSTM,168.16667,98.94568,test
2016-09-25 06:00:00,2016-09-25 18:00:00,12,Beijing,LSTM,162.0,100.522896,test
2016-09-25 07:00:00,2016-09-25 19:00:00,12,Beijing,LSTM,166.58333,100.82451,test
2016-09-25 08:00:00,2016-09-25 20:00:00,12,Beijing,LSTM,162.5,100.20956,test
2016-09-25 09:00:00,2016-09-25 21:00:00,12,Beijing,LSTM,133.41667,100.516235,test
2016-09-25 10:00:00,2016-09-25 22:00:00,12,Beijing,LSTM,114.0,100.75168,test
2016-09-25 11:00:00,2016-09-25 23:00:00,12,Beijing,LSTM,100.333336,85.58639,test
2016-09-25 12:00:00,2016-09-26 00:00:00,12,Beijing,LSTM,93.0,101.28489,test
2016-09-25 13:00:00,2016-09-26 01:00:00,12,Beijing,LSTM,88.0,101.75057,test
2016-09-25 14:00:00,2016-09-26 02:00:00,12,Beijing,LSTM,83.833336,102.03896,test
2016-09-25 15:00:00,2016-09-26 03:00:00,12,Beijing,LSTM,49.833332,101.7527,test
2016-09-25 16:00:00,2016-09-26 04:00:00,12,Beijing,LSTM,30.166668,101.88579,test
2016-09-25 17:00:00,2016-09-26 05:00:00,12,Beijing,LSTM,20.666668,101.85484,test
2016-09-25 18:00:00,2016-09-26 06:00:00,12,Beijing,LSTM,24.333332,100.271454,test
2016-09-25 19:00:00,2016-09-26 07:00:00,12,Beijing,LSTM,29.333332,93.91348,test
2016-09-25 20:00:00,2016-09-26 08:00:00,12,Beijing,LSTM,33.5,66.151405,test
2016-09-25 21:00:00,2016-09-26 09:00:00,12,Beijing,LSTM,34.0,33.35019,test
2016-09-25 22:00:00,2016-09-26 10:00:00,12,Beijing,LSTM,35.666668,26.80392,test
2016-09-25 23:00:00,2016-09-26 11:00:00,12,Beijing,LSTM,40.416668,26.003345,test
2016-09-26 00:00:00,2016-09-26 12:00:00,12,Beijing,LSTM,44.791668,27.959778,test
2016-09-26 01:00:00,2016-09-26 13:00:00,12,Beijing,LSTM,48.5,33.085,test
2016-09-26 02:00:00,2016-09-26 14:00:00,12,Beijing,LSTM,52.25,42.743637,test
2016-09-26 03:00:00,2016-09-26 15:00:00,12,Beijing,LSTM,53.416668,30.045086,test
2016-09-26 04:00:00,2016-09-26 16:00:00,12,Beijing,LSTM,64.583336,18.916039,test
2016-09-26 05:00:00,2016-09-26 17:00:00,12,Beijing,LSTM,73.916664,14.047733,test
2016-09-26 06:00:00,2016-09-26 18:00:00,12,Beijing,LSTM,73.5,16.130558,test
2016-09-26 07:00:00,2016-09-26 19:00:00,12,Beijing,LSTM,77.75,15.839583,test
2016-09-26 08:00:00,2016-09-26 20:00:00,12,Beijing,LSTM,85.083336,17.667067,test
2016-09-26 09:00:00,2016-09-26 21:00:00,12,Beijing,LSTM,88.833336,20.6454,test
2016-09-26 10:00:00,2016-09-26 22:00:00,12,Beijing,LSTM,94.583336,21.114973,test
2016-09-26 11:00:00,2016-09-26 23:00:00,12,Beijing,LSTM,88.75,23.195175,test
2016-09-26 12:00:00,2016-09-27 00:00:00,12,Beijing,LSTM,83.666664,22.146973,test
2016-09-26 13:00:00,2016-09-27 01:00:00,12,Beijing,LSTM,85.25,26.182209,test
2016-09-26 14:00:00,2016-09-27 02:00:00,12,Beijing,LSTM,83.166664,25.191553,test
2016-09-26 15:00:00,2016-09-27 03:00:00,12,Beijing,LSTM,78.666664,28.505116,test
2016-09-26 16:00:00,2016-09-27 04:00:00,12,Beijing,LSTM,62.833332,35.48483,test
2016-09-26 17:00:00,2016-09-27 05:00:00,12,Beijing,LSTM,29.75,42.498455,test
2016-09-26 18:00:00,2016-09-27 06:00:00,12,Beijing,LSTM,16.833332,47.650604,test
2016-09-26 19:00:00,2016-09-27 07:00:00,12,Beijing,LSTM,12.083333,51.683918,test
2016-09-26 20:00:00,2016-09-27 08:00:00,12,Beijing,LSTM,11.916667,56.620716,test
2016-09-26 21:00:00,2016-09-27 09:00:00,12,Beijing,LSTM,8.75,62.551785,test
2016-09-26 22:00:00,2016-09-27 10:00:00,12,Beijing,LSTM,7.916667,67.333145,test
2016-09-26 23:00:00,2016-09-27 11:00:00,12,Beijing,LSTM,6.75,75.42631,test
2016-09-27 00:00:00,2016-09-27 12:00:00,12,Beijing,LSTM,7.25,84.65993,test
2016-09-27 01:00:00,2016-09-27 13:00:00,12,Beijing,LSTM,7.25,93.34169,test
2016-09-27 02:00:00,2016-09-27 14:00:00,12,Beijing,LSTM,6.666667,98.600525,test
2016-09-27 03:00:00,2016-09-27 15:00:00,12,Beijing,LSTM,6.75,99.1122,test
2016-09-27 04:00:00,2016-09-27 16:00:00,12,Beijing,LSTM,9.625,30.957413,test
2016-09-27 05:00:00,2016-09-27 17:00:00,12,Beijing,LSTM,11.75,13.166619,test
2016-09-27 06:00:00,2016-09-27 18:00:00,12,Beijing,LSTM,12.75,10.149202,test
2016-09-27 07:00:00,2016-09-27 19:00:00,12,Beijing,LSTM,10.583333,10.232902,test
2016-09-27 08:00:00,2016-09-27 20:00:00,12,Beijing,LSTM,10.083333,12.058026,test
2016-09-27 09:00:00,2016-09-27 21:00:00,12,Beijing,LSTM,12.083333,11.767104,test
2016-09-27 10:00:00,2016-09-27 22:00:00,12,Beijing,LSTM,12.833333,11.538225,test
2016-09-27 11:00:00,2016-09-27 23:00:00,12,Beijing,LSTM,10.5,12.063774,test
2016-09-27 12:00:00,2016-09-28 00:00:00,12,Beijing,LSTM,11.333333,12.999335,test
2016-09-27 13:00:00,2016-09-28 01:00:00,12,Beijing,LSTM,12.0,14.343827,test
2016-09-27 14:00:00,2016-09-28 02:00:00,12,Beijing,LSTM,9.5,15.172074,test
2016-09-27 15:00:00,2016-09-28 03:00:00,12,Beijing,LSTM,9.75,15.179315,test
2016-09-27 16:00:00,2016-09-28 04:00:00,12,Beijing,LSTM,9.333333,14.683215,test
2016-09-27 17:00:00,2016-09-28 05:00:00,12,Beijing,LSTM,8.333333,14.616937,test
2016-09-27 18:00:00,2016-09-28 06:00:00,12,Beijing,LSTM,8.916667,13.687734,test
2016-09-27 19:00:00,2016-09-28 07:00:00,12,Beijing,LSTM,10.416667,13.604247,test
2016-09-27 20:00:00,2016-09-28 08:00:00,12,Beijing,LSTM,10.833333,13.352689,test
2016-09-27 21:00:00,2016-09-28 09:00:00,12,Beijing,LSTM,10.666667,14.043064,test
2016-09-27 22:00:00,2016-09-28 10:00:00,12,Beijing,LSTM,8.361111,14.57642,test
2016-09-27 23:00:00,2016-09-28 11:00:00,12,Beijing,LSTM,9.680556,14.722373,test
2016-09-28 00:00:00,2016-09-28 12:00:00,12,Beijing,LSTM,9.833333,14.213776,test
2016-09-28 01:00:00,2016-09-28 13:00:00,12,Beijing,LSTM,10.791667,14.465592,test
2016-09-28 02:00:00,2016-09-28 14:00:00,12,Beijing,LSTM,10.583333,13.408338,test
2016-09-28 03:00:00,2016-09-28 15:00:00,12,Beijing,LSTM,11.25,13.387638,test
2016-09-28 04:00:00,2016-09-28 16:00:00,12,Beijing,LSTM,11.625,14.512955,test
2016-09-28 05:00:00,2016-09-28 17:00:00,12,Beijing,LSTM,9.333333,15.094827,test
2016-09-28 06:00:00,2016-09-28 18:00:00,12,Beijing,LSTM,11.916667,17.161339,test
2016-09-28 07:00:00,2016-09-28 19:00:00,12,Beijing,LSTM,19.166668,19.380962,test
2016-09-28 08:00:00,2016-09-28 20:00:00,12,Beijing,LSTM,25.083332,17.751045,test
2016-09-28 09:00:00,2016-09-28 21:00:00,12,Beijing,LSTM,30.75,18.135,test
2016-09-28 10:00:00,2016-09-28 22:00:00,12,Beijing,LSTM,33.083332,17.616707,test
2016-09-28 11:00:00,2016-09-28 23:00:00,12,Beijing,LSTM,39.5,19.693155,test
2016-09-28 12:00:00,2016-09-29 00:00:00,12,Beijing,LSTM,37.25,19.621056,test
2016-09-28 13:00:00,2016-09-29 01:00:00,12,Beijing,LSTM,33.166668,20.206131,test
2016-09-28 14:00:00,2016-09-29 02:00:00,12,Beijing,LSTM,32.0,20.306824,test
2016-09-28 15:00:00,2016-09-29 03:00:00,12,Beijing,LSTM,32.0,21.032772,test
2016-09-28 16:00:00,2016-09-29 04:00:00,12,Beijing,LSTM,34.666668,20.972069,test
2016-09-28 17:00:00,2016-09-29 05:00:00,12,Beijing,LSTM,30.75,20.26371,test
2016-09-28 18:00:00,2016-09-29 06:00:00,12,Beijing,LSTM,25.833332,19.53261,test
2016-09-28 19:00:00,2016-09-29 07:00:00,12,Beijing,LSTM,21.25,17.144457,test
2016-09-28 20:00:00,2016-09-29 08:00:00,12,Beijing,LSTM,23.5,18.91964,test
2016-09-28 21:00:00,2016-09-29 09:00:00,12,Beijing,LSTM,27.583332,19.19624,test
2016-09-28 22:00:00,2016-09-29 10:00:00,12,Beijing,LSTM,34.0,19.778751,test
2016-09-28 23:00:00,2016-09-29 11:00:00,12,Beijing,LSTM,47.36111,20.02893,test
2016-09-29 00:00:00,2016-09-29 12:00:00,12,Beijing,LSTM,54.63889,20.22425,test
2016-09-29 01:00:00,2016-09-29 13:00:00,12,Beijing,LSTM,56.208332,20.856848,test
2016-09-29 02:00:00,2016-09-29 14:00:00,12,Beijing,LSTM,55.5,21.8253,test
2016-09-29 03:00:00,2016-09-29 15:00:00,12,Beijing,LSTM,58.75,22.89632,test
2016-09-29 04:00:00,2016-09-29 16:00:00,12,Beijing,LSTM,62.75,24.33962,test
2016-09-29 05:00:00,2016-09-29 17:00:00,12,Beijing,LSTM,74.25,24.967943,test
2016-09-29 06:00:00,2016-09-29 18:00:00,12,Beijing,LSTM,76.72727,26.734571,test
2016-09-29 07:00:00,2016-09-29 19:00:00,12,Beijing,LSTM,75.63637,29.298737,test
2016-09-29 08:00:00,2016-09-29 20:00:00,12,Beijing,LSTM,78.63637,31.921886,test
2016-09-29 09:00:00,2016-09-29 21:00:00,12,Beijing,LSTM,79.36363,35.523533,test
2016-09-29 10:00:00,2016-09-29 22:00:00,12,Beijing,LSTM,78.72727,38.96852,test
2016-09-29 11:00:00,2016-09-29 23:00:00,12,Beijing,LSTM,82.27273,41.17672,test
2016-09-29 12:00:00,2016-09-30 00:00:00,12,Beijing,LSTM,86.09091,40.97991,test
2016-09-29 13:00:00,2016-09-30 01:00:00,12,Beijing,LSTM,87.181816,44.338425,test
2016-09-29 14:00:00,2016-09-30 02:00:00,12,Beijing,LSTM,86.181816,46.48177,test
2016-09-29 15:00:00,2016-09-30 03:00:00,12,Beijing,LSTM,80.0,48.3663,test
2016-09-29 16:00:00,2016-09-30 04:00:00,12,Beijing,LSTM,73.27273,49.36634,test
2016-09-29 17:00:00,2016-09-30 05:00:00,12,Beijing,LSTM,72.545456,51.737022,test
2016-09-29 18:00:00,2016-09-30 06:00:00,12,Beijing,LSTM,73.72727,49.337624,test
2016-09-29 19:00:00,2016-09-30 07:00:00,12,Beijing,LSTM,74.545456,46.42719,test
2016-09-29 20:00:00,2016-09-30 08:00:00,12,Beijing,LSTM,77.09091,41.863758,test
2016-09-29 21:00:00,2016-09-30 09:00:00,12,Beijing,LSTM,81.818184,43.159634,test
2016-09-29 22:00:00,2016-09-30 10:00:00,12,Beijing,LSTM,88.63637,44.98596,test
2016-09-29 23:00:00,2016-09-30 11:00:00,12,Beijing,LSTM,90.27273,49.71243,test
2016-09-30 00:00:00,2016-09-30 12:00:00,12,Beijing,LSTM,93.86363,62.098938,test
2016-09-30 01:00:00,2016-09-30 13:00:00,12,Beijing,LSTM,100.916664,75.683,test
2016-09-30 02:00:00,2016-09-30 14:00:00,12,Beijing,LSTM,106.333336,88.57294,test
2016-09-30 03:00:00,2016-09-30 15:00:00,12,Beijing,LSTM,106.0,95.51985,test
2016-09-30 04:00:00,2016-09-30 16:00:00,12,Beijing,LSTM,104.166664,98.231125,test
2016-09-30 05:00:00,2016-09-30 17:00:00,12,Beijing,LSTM,106.0,99.3996,test
2016-09-30 06:00:00,2016-09-30 18:00:00,12,Beijing,LSTM,110.166664,101.04959,test
2016-09-30 07:00:00,2016-09-30 19:00:00,12,Beijing,LSTM,119.25,102.06946,test
2016-09-30 08:00:00,2016-09-30 20:00:00,12,Beijing,LSTM,126.916664,102.16539,test
2016-09-30 09:00:00,2016-09-30 21:00:00,12,Beijing,LSTM,128.25,102.18675,test
2016-09-30 10:00:00,2016-09-30 22:00:00,12,Beijing,LSTM,129.16667,102.16604,test
2016-09-30 11:00:00,2016-09-30 23:00:00,12,Beijing,LSTM,131.66667,102.18283,test
2016-09-30 12:00:00,2016-10-01 00:00:00,12,Beijing,LSTM,133.58333,102.118515,test
2016-09-30 13:00:00,2016-10-01 01:00:00,12,Beijing,LSTM,134.16667,102.15883,test
2016-09-30 14:00:00,2016-10-01 02:00:00,12,Beijing,LSTM,137.0,102.115685,test
2016-09-30 15:00:00,2016-10-01 03:00:00,12,Beijing,LSTM,144.5,102.09761,test
2016-09-30 16:00:00,2016-10-01 04:00:00,12,Beijing,LSTM,150.83333,100.94348,test
2016-09-30 17:00:00,2016-10-01 05:00:00,12,Beijing,LSTM,145.91667,101.36052,test
2016-09-30 18:00:00,2016-10-01 06:00:00,12,Beijing,LSTM,146.66667,101.59395,test
2016-09-30 19:00:00,2016-10-01 07:00:00,12,Beijing,LSTM,144.41667,101.9223,test
2016-09-30 20:00:00,2016-10-01 08:00:00,12,Beijing,LSTM,147.41667,101.4737,test
2016-09-30 21:00:00,2016-10-01 09:00:00,12,Beijing,LSTM,160.83333,98.88937,test
2016-09-30 22:00:00,2016-10-01 10:00:00,12,Beijing,LSTM,180.33333,92.77989,test
2016-09-30 23:00:00,2016-10-01 11:00:00,12,Beijing,LSTM,191.16667,98.45607,test
2016-10-01 00:00:00,2016-10-01 12:00:00,12,Beijing,LSTM,198.75,100.892685,test
2016-10-01 01:00:00,2016-10-01 13:00:00,12,Beijing,LSTM,201.33333,101.21599,test
2016-10-01 02:00:00,2016-10-01 14:00:00,12,Beijing,LSTM,178.0,59.19135,test
2016-10-01 03:00:00,2016-10-01 15:00:00,12,Beijing,LSTM,165.41667,91.573,test
2016-10-01 04:00:00,2016-10-01 16:00:00,12,Beijing,LSTM,167.08333,97.63896,test
2016-10-01 05:00:00,2016-10-01 17:00:00,12,Beijing,LSTM,167.25,100.877426,test
2016-10-01 06:00:00,2016-10-01 18:00:00,12,Beijing,LSTM,159.83333,101.743454,test
2016-10-01 07:00:00,2016-10-01 19:00:00,12,Beijing,LSTM,164.75,102.02641,test
2016-10-01 08:00:00,2016-10-01 20:00:00,12,Beijing,LSTM,179.66667,102.15429,test
2016-10-01 09:00:00,2016-10-01 21:00:00,12,Beijing,LSTM,189.5,102.2011,test
2016-10-01 10:00:00,2016-10-01 22:00:00,12,Beijing,LSTM,193.75,102.19757,test
2016-10-01 11:00:00,2016-10-01 23:00:00,12,Beijing,LSTM,198.25,102.19122,test
2016-10-01 12:00:00,2016-10-02 00:00:00,12,Beijing,LSTM,202.0,102.21253,test
2016-10-01 13:00:00,2016-10-02 01:00:00,12,Beijing,LSTM,200.33333,102.176254,test
2016-10-01 14:00:00,2016-10-02 02:00:00,12,Beijing,LSTM,199.08333,99.59419,test
2016-10-01 15:00:00,2016-10-02 03:00:00,12,Beijing,LSTM,194.16667,81.15846,test
2016-10-01 16:00:00,2016-10-02 04:00:00,12,Beijing,LSTM,187.75,87.71168,test
2016-10-01 17:00:00,2016-10-02 05:00:00,12,Beijing,LSTM,177.5,95.483,test
2016-10-01 18:00:00,2016-10-02 06:00:00,12,Beijing,LSTM,171.41667,96.42555,test
2016-10-01 19:00:00,2016-10-02 07:00:00,12,Beijing,LSTM,169.5,97.45372,test
2016-10-01 20:00:00,2016-10-02 08:00:00,12,Beijing,LSTM,183.33333,98.84247,test
2016-10-01 21:00:00,2016-10-02 09:00:00,12,Beijing,LSTM,187.83333,98.75504,test
2016-10-01 22:00:00,2016-10-02 10:00:00,12,Beijing,LSTM,183.58333,93.74979,test
2016-10-01 23:00:00,2016-10-02 11:00:00,12,Beijing,LSTM,184.75,91.49567,test
2016-10-02 00:00:00,2016-10-02 12:00:00,12,Beijing,LSTM,184.16667,94.93936,test
2016-10-02 01:00:00,2016-10-02 13:00:00,12,Beijing,LSTM,176.66667,97.10487,test
2016-10-02 02:00:00,2016-10-02 14:00:00,12,Beijing,LSTM,175.66667,98.68471,test
2016-10-02 03:00:00,2016-10-02 15:00:00,12,Beijing,LSTM,164.83333,100.08858,test
2016-10-02 04:00:00,2016-10-02 16:00:00,12,Beijing,LSTM,159.08333,101.3201,test
2016-10-02 05:00:00,2016-10-02 17:00:00,12,Beijing,LSTM,161.83333,101.58943,test
2016-10-02 06:00:00,2016-10-02 18:00:00,12,Beijing,LSTM,170.75,101.36592,test
2016-10-02 07:00:00,2016-10-02 19:00:00,12,Beijing,LSTM,186.08333,101.8958,test
2016-10-02 08:00:00,2016-10-02 20:00:00,12,Beijing,LSTM,201.58333,102.099495,test
2016-10-02 09:00:00,2016-10-02 21:00:00,12,Beijing,LSTM,211.25,102.04588,test
2016-10-02 10:00:00,2016-10-02 22:00:00,12,Beijing,LSTM,210.33333,101.428505,test
2016-10-02 11:00:00,2016-10-02 23:00:00,12,Beijing,LSTM,167.08333,99.27872,test
2016-10-02 12:00:00,2016-10-03 00:00:00,12,Beijing,LSTM,136.33333,101.26984,test
2016-10-02 13:00:00,2016-10-03 01:00:00,12,Beijing,LSTM,123.833336,101.19664,test
2016-10-02 14:00:00,2016-10-03 02:00:00,12,Beijing,LSTM,119.0,101.080734,test
2016-10-02 15:00:00,2016-10-03 03:00:00,12,Beijing,LSTM,120.5,97.91402,test
2016-10-02 16:00:00,2016-10-03 04:00:00,12,Beijing,LSTM,123.333336,93.10475,test
2016-10-02 17:00:00,2016-10-03 05:00:00,12,Beijing,LSTM,130.66667,94.189384,test
2016-10-02 18:00:00,2016-10-03 06:00:00,12,Beijing,LSTM,132.66667,97.88049,test
2016-10-02 19:00:00,2016-10-03 07:00:00,12,Beijing,LSTM,132.75,98.56021,test
2016-10-02 20:00:00,2016-10-03 08:00:00,12,Beijing,LSTM,127.666664,100.33872,test
2016-10-02 21:00:00,2016-10-03 09:00:00,12,Beijing,LSTM,134.5,101.11664,test
2016-10-02 22:00:00,2016-10-03 10:00:00,12,Beijing,LSTM,153.08333,100.164955,test
2016-10-02 23:00:00,2016-10-03 11:00:00,12,Beijing,LSTM,158.66667,48.15195,test
2016-10-03 00:00:00,2016-10-03 12:00:00,12,Beijing,LSTM,155.25,35.427143,test
2016-10-03 01:00:00,2016-10-03 13:00:00,12,Beijing,LSTM,127.25,41.614857,test
2016-10-03 02:00:00,2016-10-03 14:00:00,12,Beijing,LSTM,106.833336,53.84018,test
2016-10-03 03:00:00,2016-10-03 15:00:00,12,Beijing,LSTM,80.333336,66.134895,test
2016-10-03 04:00:00,2016-10-03 16:00:00,12,Beijing,LSTM,61.666668,71.923325,test
2016-10-03 05:00:00,2016-10-03 17:00:00,12,Beijing,LSTM,63.666668,81.06377,test
2016-10-03 06:00:00,2016-10-03 18:00:00,12,Beijing,LSTM,87.0,88.20882,test
2016-10-03 07:00:00,2016-10-03 19:00:00,12,Beijing,LSTM,108.666664,94.41372,test
2016-10-03 08:00:00,2016-10-03 20:00:00,12,Beijing,LSTM,114.25,95.393616,test
2016-10-03 09:00:00,2016-10-03 21:00:00,12,Beijing,LSTM,121.583336,97.55438,test
2016-10-03 10:00:00,2016-10-03 22:00:00,12,Beijing,LSTM,130.0,100.44536,test
2016-10-03 11:00:00,2016-10-03 23:00:00,12,Beijing,LSTM,158.66667,101.05551,test
2016-10-03 12:00:00,2016-10-04 00:00:00,12,Beijing,LSTM,128.25,100.283,test
2016-10-03 13:00:00,2016-10-04 01:00:00,12,Beijing,LSTM,35.0,69.56522,test
2016-10-03 14:00:00,2016-10-04 02:00:00,12,Beijing,LSTM,21.083332,56.766647,test
2016-10-03 15:00:00,2016-10-04 03:00:00,12,Beijing,LSTM,22.083332,45.24725,test
2016-10-03 16:00:00,2016-10-04 04:00:00,12,Beijing,LSTM,23.333332,28.213097,test
2016-10-03 17:00:00,2016-10-04 05:00:00,12,Beijing,LSTM,21.916668,24.781284,test
2016-10-03 18:00:00,2016-10-04 06:00:00,12,Beijing,LSTM,21.5,22.90903,test
2016-10-03 19:00:00,2016-10-04 07:00:00,12,Beijing,LSTM,22.583332,24.672081,test
2016-10-03 20:00:00,2016-10-04 08:00:00,12,Beijing,LSTM,25.0,24.969135,test
2016-10-03 21:00:00,2016-10-04 09:00:00,12,Beijing,LSTM,26.0,26.120325,test
2016-10-03 22:00:00,2016-10-04 10:00:00,12,Beijing,LSTM,29.75,27.953568,test
2016-10-03 23:00:00,2016-10-04 11:00:00,12,Beijing,LSTM,28.916668,17.34051,test
2016-10-04 00:00:00,2016-10-04 12:00:00,12,Beijing,LSTM,31.666668,10.483727,test
2016-10-04 01:00:00,2016-10-04 13:00:00,12,Beijing,LSTM,35.333332,7.371854,test
2016-10-04 02:00:00,2016-10-04 14:00:00,12,Beijing,LSTM,36.916668,8.259265,test
2016-10-04 03:00:00,2016-10-04 15:00:00,12,Beijing,LSTM,42.416668,9.433577,test
2016-10-04 04:00:00,2016-10-04 16:00:00,12,Beijing,LSTM,39.909092,10.729146,test
2016-10-04 05:00:00,2016-10-04 17:00:00,12,Beijing,LSTM,38.545456,11.266978,test
2016-10-04 06:00:00,2016-10-04 18:00:00,12,Beijing,LSTM,35.909092,10.976401,test
2016-10-04 07:00:00,2016-10-04 19:00:00,12,Beijing,LSTM,37.454544,12.657496,test
2016-10-04 08:00:00,2016-10-04 20:00:00,12,Beijing,LSTM,34.636364,13.828733,test
2016-10-04 09:00:00,2016-10-04 21:00:00,12,Beijing,LSTM,34.272728,15.219379,test
2016-10-04 10:00:00,2016-10-04 22:00:00,12,Beijing,LSTM,32.454544,18.090286,test
2016-10-04 11:00:00,2016-10-04 23:00:00,12,Beijing,LSTM,27.727274,19.636013,test
2016-10-04 12:00:00,2016-10-05 00:00:00,12,Beijing,LSTM,27.272726,21.749018,test
2016-10-04 13:00:00,2016-10-05 01:00:00,12,Beijing,LSTM,25.454544,24.925787,test
2016-10-04 14:00:00,2016-10-05 02:00:00,12,Beijing,LSTM,22.636364,24.95892,test
2016-10-04 15:00:00,2016-10-05 03:00:00,12,Beijing,LSTM,23.454544,18.051613,test
2016-10-04 16:00:00,2016-10-05 04:00:00,12,Beijing,LSTM,36.909092,17.260569,test
2016-10-04 17:00:00,2016-10-05 05:00:00,12,Beijing,LSTM,39.636364,19.95676,test
2016-10-04 18:00:00,2016-10-05 06:00:00,12,Beijing,LSTM,38.818184,20.119146,test
2016-10-04 19:00:00,2016-10-05 07:00:00,12,Beijing,LSTM,39.545456,24.509241,test
2016-10-04 20:00:00,2016-10-05 08:00:00,12,Beijing,LSTM,41.272728,23.155043,test
2016-10-04 21:00:00,2016-10-05 09:00:00,12,Beijing,LSTM,43.727272,25.352047,test
2016-10-04 22:00:00,2016-10-05 10:00:00,12,Beijing,LSTM,49.636364,25.732075,test
2016-10-04 23:00:00,2016-10-05 11:00:00,12,Beijing,LSTM,55.909092,27.163166,test
2016-10-05 00:00:00,2016-10-05 12:00:00,12,Beijing,LSTM,59.25,30.511135,test
2016-10-05 01:00:00,2016-10-05 13:00:00,12,Beijing,LSTM,61.5,31.54696,test
2016-10-05 02:00:00,2016-10-05 14:00:00,12,Beijing,LSTM,64.583336,33.697285,test
2016-10-05 03:00:00,2016-10-05 15:00:00,12,Beijing,LSTM,64.666664,37.828514,test
2016-10-05 04:00:00,2016-10-05 16:00:00,12,Beijing,LSTM,63.0,45.861244,test
2016-10-05 05:00:00,2016-10-05 17:00:00,12,Beijing,LSTM,65.0,51.329205,test
2016-10-05 06:00:00,2016-10-05 18:00:00,12,Beijing,LSTM,70.25,59.866043,test
2016-10-05 07:00:00,2016-10-05 19:00:00,12,Beijing,LSTM,79.833336,65.5647,test
2016-10-05 08:00:00,2016-10-05 20:00:00,12,Beijing,LSTM,88.916664,69.9936,test
2016-10-05 09:00:00,2016-10-05 21:00:00,12,Beijing,LSTM,91.75,73.050354,test
2016-10-05 10:00:00,2016-10-05 22:00:00,12,Beijing,LSTM,89.833336,78.14946,test
2016-10-05 11:00:00,2016-10-05 23:00:00,12,Beijing,LSTM,90.25,83.311745,test
2016-10-05 12:00:00,2016-10-06 00:00:00,12,Beijing,LSTM,88.166664,86.879074,test
2016-10-05 13:00:00,2016-10-06 01:00:00,12,Beijing,LSTM,86.583336,88.87166,test
2016-10-05 14:00:00,2016-10-06 02:00:00,12,Beijing,LSTM,85.25,88.711914,test
2016-10-05 15:00:00,2016-10-06 03:00:00,12,Beijing,LSTM,80.5,88.365585,test
2016-10-05 16:00:00,2016-10-06 04:00:00,12,Beijing,LSTM,83.666664,88.14005,test
2016-10-05 17:00:00,2016-10-06 05:00:00,12,Beijing,LSTM,84.0,86.94599,test
2016-10-05 18:00:00,2016-10-06 06:00:00,12,Beijing,LSTM,82.5,86.06113,test
2016-10-05 19:00:00,2016-10-06 07:00:00,12,Beijing,LSTM,87.75,86.72934,test
2016-10-05 20:00:00,2016-10-06 08:00:00,12,Beijing,LSTM,88.0,73.41966,test
2016-10-05 21:00:00,2016-10-06 09:00:00,12,Beijing,LSTM,85.083336,58.343906,test
2016-10-05 22:00:00,2016-10-06 10:00:00,12,Beijing,LSTM,77.916664,40.43398,test
2016-10-05 23:00:00,2016-10-06 11:00:00,12,Beijing,LSTM,71.0,38.464985,test
2016-10-06 00:00:00,2016-10-06 12:00:00,12,Beijing,LSTM,64.583336,41.623882,test
2016-10-06 01:00:00,2016-10-06 13:00:00,12,Beijing,LSTM,60.25,44.14567,test
2016-10-06 02:00:00,2016-10-06 14:00:00,12,Beijing,LSTM,58.583332,40.74395,test
2016-10-06 03:00:00,2016-10-06 15:00:00,12,Beijing,LSTM,59.083332,36.618008,test
2016-10-06 04:00:00,2016-10-06 16:00:00,12,Beijing,LSTM,56.75,39.902554,test
2016-10-06 05:00:00,2016-10-06 17:00:00,12,Beijing,LSTM,59.416668,41.229855,test
2016-10-06 06:00:00,2016-10-06 18:00:00,12,Beijing,LSTM,66.666664,56.291775,test
2016-10-06 07:00:00,2016-10-06 19:00:00,12,Beijing,LSTM,71.833336,66.372955,test
2016-10-06 08:00:00,2016-10-06 20:00:00,12,Beijing,LSTM,73.416664,74.07982,test
2016-10-06 09:00:00,2016-10-06 21:00:00,12,Beijing,LSTM,67.0,83.7901,test
2016-10-06 10:00:00,2016-10-06 22:00:00,12,Beijing,LSTM,52.75,91.244514,test
2016-10-06 11:00:00,2016-10-06 23:00:00,12,Beijing,LSTM,48.583332,95.617615,test
2016-10-06 12:00:00,2016-10-07 00:00:00,12,Beijing,LSTM,44.25,97.55711,test
2016-10-06 13:00:00,2016-10-07 01:00:00,12,Beijing,LSTM,43.75,99.07169,test
2016-10-06 14:00:00,2016-10-07 02:00:00,12,Beijing,LSTM,43.166668,100.78253,test
2016-10-06 15:00:00,2016-10-07 03:00:00,12,Beijing,LSTM,40.583332,100.905754,test
2016-10-06 16:00:00,2016-10-07 04:00:00,12,Beijing,LSTM,38.75,98.2929,test
2016-10-06 17:00:00,2016-10-07 05:00:00,12,Beijing,LSTM,37.916668,84.61508,test
2016-10-06 18:00:00,2016-10-07 06:00:00,12,Beijing,LSTM,36.916668,44.847042,test
2016-10-06 19:00:00,2016-10-07 07:00:00,12,Beijing,LSTM,38.0,39.1058,test
2016-10-06 20:00:00,2016-10-07 08:00:00,12,Beijing,LSTM,38.75,43.18796,test
2016-10-06 21:00:00,2016-10-07 09:00:00,12,Beijing,LSTM,38.583332,35.575016,test
2016-10-06 22:00:00,2016-10-07 10:00:00,12,Beijing,LSTM,40.5,22.329718,test
2016-10-06 23:00:00,2016-10-07 11:00:00,12,Beijing,LSTM,42.166668,16.784786,test
2016-10-07 00:00:00,2016-10-07 12:00:00,12,Beijing,LSTM,40.5,16.05934,test
2016-10-07 01:00:00,2016-10-07 13:00:00,12,Beijing,LSTM,38.833332,15.76591,test
2016-10-07 02:00:00,2016-10-07 14:00:00,12,Beijing,LSTM,38.083332,19.17028,test
2016-10-07 03:00:00,2016-10-07 15:00:00,12,Beijing,LSTM,39.333332,21.56522,test
2016-10-07 04:00:00,2016-10-07 16:00:00,12,Beijing,LSTM,44.416668,23.675705,test
2016-10-07 05:00:00,2016-10-07 17:00:00,12,Beijing,LSTM,42.5,26.585535,test
2016-10-07 06:00:00,2016-10-07 18:00:00,12,Beijing,LSTM,45.0,29.58268,test
2016-10-07 07:00:00,2016-10-07 19:00:00,12,Beijing,LSTM,47.75,31.585297,test
2016-10-07 08:00:00,2016-10-07 20:00:00,12,Beijing,LSTM,49.25,35.780117,test
2016-10-07 09:00:00,2016-10-07 21:00:00,12,Beijing,LSTM,43.583332,39.768764,test
2016-10-07 10:00:00,2016-10-07 22:00:00,12,Beijing,LSTM,25.75,42.753483,test
2016-10-07 11:00:00,2016-10-07 23:00:00,12,Beijing,LSTM,14.666667,50.61624,test
2016-10-07 12:00:00,2016-10-08 00:00:00,12,Beijing,LSTM,11.0,53.715614,test
2016-10-07 13:00:00,2016-10-08 01:00:00,12,Beijing,LSTM,6.583333,51.06911,test
2016-10-07 14:00:00,2016-10-08 02:00:00,12,Beijing,LSTM,7.75,54.489643,test
2016-10-07 15:00:00,2016-10-08 03:00:00,12,Beijing,LSTM,5.833333,57.922775,test
2016-10-07 16:00:00,2016-10-08 04:00:00,12,Beijing,LSTM,7.166667,61.62491,test
2016-10-07 17:00:00,2016-10-08 05:00:00,12,Beijing,LSTM,8.666667,57.405964,test
2016-10-07 18:00:00,2016-10-08 06:00:00,12,Beijing,LSTM,8.194444,61.41908,test
2016-10-07 19:00:00,2016-10-08 07:00:00,12,Beijing,LSTM,7.722222,61.81272,test
2016-10-07 20:00:00,2016-10-08 08:00:00,12,Beijing,LSTM,9.75,57.631428,test
2016-10-07 21:00:00,2016-10-08 09:00:00,12,Beijing,LSTM,9.916667,27.877138,test
2016-10-07 22:00:00,2016-10-08 10:00:00,12,Beijing,LSTM,9.666667,17.809538,test
2016-10-07 23:00:00,2016-10-08 11:00:00,12,Beijing,LSTM,11.0,11.2134285,test
2016-10-08 00:00:00,2016-10-08 12:00:00,12,Beijing,LSTM,13.25,11.23203,test
2016-10-08 01:00:00,2016-10-08 13:00:00,12,Beijing,LSTM,14.666667,10.464542,test
2016-10-08 02:00:00,2016-10-08 14:00:00,12,Beijing,LSTM,11.583333,11.4742775,test
2016-10-08 03:00:00,2016-10-08 15:00:00,12,Beijing,LSTM,13.75,10.65488,test
2016-10-08 04:00:00,2016-10-08 16:00:00,12,Beijing,LSTM,18.833332,12.090552,test
2016-10-08 05:00:00,2016-10-08 17:00:00,12,Beijing,LSTM,10.227273,12.817049,test
2016-10-08 06:00:00,2016-10-08 18:00:00,12,Beijing,LSTM,10.0,14.034829,test
2016-10-08 07:00:00,2016-10-08 19:00:00,12,Beijing,LSTM,13.454545,16.142597,test
2016-10-08 08:00:00,2016-10-08 20:00:00,12,Beijing,LSTM,19.818182,17.151474,test
2016-10-08 09:00:00,2016-10-08 21:00:00,12,Beijing,LSTM,21.272726,16.364677,test
2016-10-08 10:00:00,2016-10-08 22:00:00,12,Beijing,LSTM,22.454544,18.112694,test
2016-10-08 11:00:00,2016-10-08 23:00:00,12,Beijing,LSTM,26.181818,17.39287,test
2016-10-08 12:00:00,2016-10-09 00:00:00,12,Beijing,LSTM,25.545456,18.891504,test
2016-10-08 13:00:00,2016-10-09 01:00:00,12,Beijing,LSTM,23.454544,20.278034,test
2016-10-08 14:00:00,2016-10-09 02:00:00,12,Beijing,LSTM,22.0,20.048996,test
2016-10-08 15:00:00,2016-10-09 03:00:00,12,Beijing,LSTM,25.090908,20.735645,test
2016-10-08 16:00:00,2016-10-09 04:00:00,12,Beijing,LSTM,28.818182,20.09725,test
2016-10-08 17:00:00,2016-10-09 05:00:00,12,Beijing,LSTM,28.7,19.409422,test
2016-10-08 18:00:00,2016-10-09 06:00:00,12,Beijing,LSTM,26.4,16.145317,test
2016-10-08 19:00:00,2016-10-09 07:00:00,12,Beijing,LSTM,25.7,14.535606,test
2016-10-08 20:00:00,2016-10-09 08:00:00,12,Beijing,LSTM,22.5,13.989331,test
2016-10-08 21:00:00,2016-10-09 09:00:00,12,Beijing,LSTM,20.9,13.7326,test
2016-10-08 22:00:00,2016-10-09 10:00:00,12,Beijing,LSTM,22.5,13.522822,test
2016-10-08 23:00:00,2016-10-09 11:00:00,12,Beijing,LSTM,25.7,13.918908,test
2016-10-09 00:00:00,2016-10-09 12:00:00,12,Beijing,LSTM,34.454544,14.858615,test
2016-10-09 01:00:00,2016-10-09 13:00:00,12,Beijing,LSTM,41.045456,16.483076,test
2016-10-09 02:00:00,2016-10-09 14:00:00,12,Beijing,LSTM,33.363636,17.930157,test
2016-10-09 03:00:00,2016-10-09 15:00:00,12,Beijing,LSTM,31.818182,21.367651,test
2016-10-09 04:00:00,2016-10-09 16:00:00,12,Beijing,LSTM,28.272726,24.820976,test
2016-10-09 05:00:00,2016-10-09 17:00:00,12,Beijing,LSTM,25.454544,27.943682,test
2016-10-09 06:00:00,2016-10-09 18:00:00,12,Beijing,LSTM,32.272728,32.86291,test
2016-10-09 07:00:00,2016-10-09 19:00:00,12,Beijing,LSTM,40.727272,38.34799,test
2016-10-09 08:00:00,2016-10-09 20:00:00,12,Beijing,LSTM,45.545456,44.3549,test
2016-10-09 09:00:00,2016-10-09 21:00:00,12,Beijing,LSTM,47.090908,50.50128,test
2016-10-09 10:00:00,2016-10-09 22:00:00,12,Beijing,LSTM,48.181816,56.460484,test
2016-10-09 11:00:00,2016-10-09 23:00:00,12,Beijing,LSTM,50.636364,61.705624,test
2016-10-09 12:00:00,2016-10-10 00:00:00,12,Beijing,LSTM,49.090908,65.6492,test
2016-10-09 13:00:00,2016-10-10 01:00:00,12,Beijing,LSTM,50.363636,68.75664,test
2016-10-09 14:00:00,2016-10-10 02:00:00,12,Beijing,LSTM,55.454544,71.16339,test
2016-10-09 15:00:00,2016-10-10 03:00:00,12,Beijing,LSTM,54.818184,67.27371,test
2016-10-09 16:00:00,2016-10-10 04:00:00,12,Beijing,LSTM,54.454544,66.5421,test
2016-10-09 17:00:00,2016-10-10 05:00:00,12,Beijing,LSTM,52.727272,63.168705,test
2016-10-09 18:00:00,2016-10-10 06:00:00,12,Beijing,LSTM,50.090908,58.266422,test
2016-10-09 19:00:00,2016-10-10 07:00:00,12,Beijing,LSTM,49.727272,52.81267,test
2016-10-09 20:00:00,2016-10-10 08:00:00,12,Beijing,LSTM,47.878788,44.26398,test
2016-10-09 21:00:00,2016-10-10 09:00:00,12,Beijing,LSTM,51.121212,39.09847,test
2016-10-09 22:00:00,2016-10-10 10:00:00,12,Beijing,LSTM,56.022728,36.515064,test
2016-10-09 23:00:00,2016-10-10 11:00:00,12,Beijing,LSTM,69.5,35.31946,test
2016-10-10 00:00:00,2016-10-10 12:00:00,12,Beijing,LSTM,82.61363,33.329376,test
2016-10-10 01:00:00,2016-10-10 13:00:00,12,Beijing,LSTM,96.90909,40.341198,test
2016-10-10 02:00:00,2016-10-10 14:00:00,12,Beijing,LSTM,105.72727,45.263237,test
2016-10-10 03:00:00,2016-10-10 15:00:00,12,Beijing,LSTM,111.083336,52.37247,test
2016-10-10 04:00:00,2016-10-10 16:00:00,12,Beijing,LSTM,119.416664,57.722424,test
2016-10-10 05:00:00,2016-10-10 17:00:00,12,Beijing,LSTM,122.36363,62.984932,test
2016-10-10 06:00:00,2016-10-10 18:00:00,12,Beijing,LSTM,120.818184,69.95999,test
2016-10-10 07:00:00,2016-10-10 19:00:00,12,Beijing,LSTM,127.90909,78.201416,test
2016-10-10 08:00:00,2016-10-10 20:00:00,12,Beijing,LSTM,134.54546,86.15666,test
2016-10-10 09:00:00,2016-10-10 21:00:00,12,Beijing,LSTM,140.0,92.502396,test
2016-10-10 10:00:00,2016-10-10 22:00:00,12,Beijing,LSTM,146.63637,96.79843,test
2016-10-10 11:00:00,2016-10-10 23:00:00,12,Beijing,LSTM,144.0,99.138916,test
2016-10-10 12:00:00,2016-10-11 00:00:00,12,Beijing,LSTM,136.63637,100.418526,test
2016-10-10 13:00:00,2016-10-11 01:00:00,12,Beijing,LSTM,134.72728,101.148254,test
2016-10-10 14:00:00,2016-10-11 02:00:00,12,Beijing,LSTM,132.27272,101.400925,test
2016-10-10 15:00:00,2016-10-11 03:00:00,12,Beijing,LSTM,126.90909,101.538284,test
2016-10-10 16:00:00,2016-10-11 04:00:00,12,Beijing,LSTM,123.90909,101.783104,test
2016-10-10 17:00:00,2016-10-11 05:00:00,12,Beijing,LSTM,118.454544,101.95481,test
2016-10-10 18:00:00,2016-10-11 06:00:00,12,Beijing,LSTM,117.181816,102.063194,test
2016-10-10 19:00:00,2016-10-11 07:00:00,12,Beijing,LSTM,116.454544,102.11876,test
2016-10-10 20:00:00,2016-10-11 08:00:00,12,Beijing,LSTM,117.181816,102.168106,test
2016-10-10 21:00:00,2016-10-11 09:00:00,12,Beijing,LSTM,113.63637,102.17778,test
2016-10-10 22:00:00,2016-10-11 10:00:00,12,Beijing,LSTM,103.545456,102.18765,test
2016-10-10 23:00:00,2016-10-11 11:00:00,12,Beijing,LSTM,103.63637,101.19977,test
2016-10-11 00:00:00,2016-10-11 12:00:00,12,Beijing,LSTM,118.09091,101.918655,test
2016-10-11 01:00:00,2016-10-11 13:00:00,12,Beijing,LSTM,129.81818,102.11484,test
2016-10-11 02:00:00,2016-10-11 14:00:00,12,Beijing,LSTM,148.27272,102.23657,test
2016-10-11 03:00:00,2016-10-11 15:00:00,12,Beijing,LSTM,150.90909,102.234406,test
2016-10-11 04:00:00,2016-10-11 16:00:00,12,Beijing,LSTM,146.54546,102.21258,test
2016-10-11 05:00:00,2016-10-11 17:00:00,12,Beijing,LSTM,125.181816,101.13672,test
2016-10-11 06:00:00,2016-10-11 18:00:00,12,Beijing,LSTM,118.36363,96.35013,test
2016-10-11 07:00:00,2016-10-11 19:00:00,12,Beijing,LSTM,116.454544,83.407425,test
2016-10-11 08:00:00,2016-10-11 20:00:00,12,Beijing,LSTM,104.181816,68.590096,test
2016-10-11 09:00:00,2016-10-11 21:00:00,12,Beijing,LSTM,86.454544,63.31212,test
2016-10-11 10:00:00,2016-10-11 22:00:00,12,Beijing,LSTM,67.36363,54.859623,test
2016-10-11 11:00:00,2016-10-11 23:00:00,12,Beijing,LSTM,57.272728,34.13197,test
2016-10-11 12:00:00,2016-10-12 00:00:00,12,Beijing,LSTM,54.363636,53.058273,test
2016-10-11 13:00:00,2016-10-12 01:00:00,12,Beijing,LSTM,54.636364,61.03507,test
2016-10-11 14:00:00,2016-10-12 02:00:00,12,Beijing,LSTM,52.636364,63.32597,test
2016-10-11 15:00:00,2016-10-12 03:00:00,12,Beijing,LSTM,49.363636,64.11505,test
2016-10-11 16:00:00,2016-10-12 04:00:00,12,Beijing,LSTM,49.636364,57.76991,test
2016-10-11 17:00:00,2016-10-12 05:00:00,12,Beijing,LSTM,54.090908,48.98559,test
2016-10-11 18:00:00,2016-10-12 06:00:00,12,Beijing,LSTM,56.363636,47.538555,test
2016-10-11 19:00:00,2016-10-12 07:00:00,12,Beijing,LSTM,57.454544,42.361233,test
2016-10-11 20:00:00,2016-10-12 08:00:00,12,Beijing,LSTM,61.545456,34.227757,test
2016-10-11 21:00:00,2016-10-12 09:00:00,12,Beijing,LSTM,62.545456,22.068722,test
2016-10-11 22:00:00,2016-10-12 10:00:00,12,Beijing,LSTM,66.57576,17.871119,test
2016-10-11 23:00:00,2016-10-12 11:00:00,12,Beijing,LSTM,70.87879,17.741486,test
2016-10-12 00:00:00,2016-10-12 12:00:00,12,Beijing,LSTM,77.954544,19.171825,test
2016-10-12 01:00:00,2016-10-12 13:00:00,12,Beijing,LSTM,87.181816,23.876942,test
2016-10-12 02:00:00,2016-10-12 14:00:00,12,Beijing,LSTM,92.13637,31.20279,test
2016-10-12 03:00:00,2016-10-12 15:00:00,12,Beijing,LSTM,96.454544,38.101433,test
2016-10-12 04:00:00,2016-10-12 16:00:00,12,Beijing,LSTM,95.72727,44.101677,test
2016-10-12 05:00:00,2016-10-12 17:00:00,12,Beijing,LSTM,87.545456,52.236473,test
2016-10-12 06:00:00,2016-10-12 18:00:00,12,Beijing,LSTM,87.27273,60.36346,test
2016-10-12 07:00:00,2016-10-12 19:00:00,12,Beijing,LSTM,94.0,65.96457,test
2016-10-12 08:00:00,2016-10-12 20:00:00,12,Beijing,LSTM,102.27273,71.11285,test
2016-10-12 09:00:00,2016-10-12 21:00:00,12,Beijing,LSTM,109.36363,77.29169,test
2016-10-12 10:00:00,2016-10-12 22:00:00,12,Beijing,LSTM,117.454544,84.78251,test
2016-10-12 11:00:00,2016-10-12 23:00:00,12,Beijing,LSTM,119.63637,91.07854,test
2016-10-12 12:00:00,2016-10-13 00:00:00,12,Beijing,LSTM,119.545456,95.14743,test
2016-10-12 13:00:00,2016-10-13 01:00:00,12,Beijing,LSTM,118.72727,97.220184,test
2016-10-12 14:00:00,2016-10-13 02:00:00,12,Beijing,LSTM,117.27273,98.39214,test
2016-10-12 15:00:00,2016-10-13 03:00:00,12,Beijing,LSTM,115.0,98.86047,test
2016-10-12 16:00:00,2016-10-13 04:00:00,12,Beijing,LSTM,106.181816,99.422676,test
2016-10-12 17:00:00,2016-10-13 05:00:00,12,Beijing,LSTM,101.0,100.33433,test
2016-10-12 18:00:00,2016-10-13 06:00:00,12,Beijing,LSTM,100.545456,101.27998,test
2016-10-12 19:00:00,2016-10-13 07:00:00,12,Beijing,LSTM,100.27273,101.68872,test
2016-10-12 20:00:00,2016-10-13 08:00:00,12,Beijing,LSTM,103.36363,101.36835,test
2016-10-12 21:00:00,2016-10-13 09:00:00,12,Beijing,LSTM,119.27273,99.43748,test
2016-10-12 22:00:00,2016-10-13 10:00:00,12,Beijing,LSTM,132.18182,100.73508,test
2016-10-12 23:00:00,2016-10-13 11:00:00,12,Beijing,LSTM,139.79546,101.76586,test
2016-10-13 00:00:00,2016-10-13 12:00:00,12,Beijing,LSTM,151.68182,102.077126,test
2016-10-13 01:00:00,2016-10-13 13:00:00,12,Beijing,LSTM,160.65909,102.078354,test
2016-10-13 02:00:00,2016-10-13 14:00:00,12,Beijing,LSTM,165.18182,102.13229,test
2016-10-13 03:00:00,2016-10-13 15:00:00,12,Beijing,LSTM,167.90909,102.16896,test
2016-10-13 04:00:00,2016-10-13 16:00:00,12,Beijing,LSTM,159.72728,101.91484,test
2016-10-13 05:00:00,2016-10-13 17:00:00,12,Beijing,LSTM,173.5,101.43382,test
2016-10-13 06:00:00,2016-10-13 18:00:00,12,Beijing,LSTM,183.91667,100.01997,test
2016-10-13 07:00:00,2016-10-13 19:00:00,12,Beijing,LSTM,203.83333,100.1906,test
2016-10-13 08:00:00,2016-10-13 20:00:00,12,Beijing,LSTM,214.5,100.8784,test
2016-10-13 09:00:00,2016-10-13 21:00:00,12,Beijing,LSTM,218.16667,101.909615,test
2016-10-13 10:00:00,2016-10-13 22:00:00,12,Beijing,LSTM,215.83333,101.72319,test
2016-10-13 11:00:00,2016-10-13 23:00:00,12,Beijing,LSTM,216.41667,101.96211,test
2016-10-13 12:00:00,2016-10-14 00:00:00,12,Beijing,LSTM,212.33333,102.18473,test
2016-10-13 13:00:00,2016-10-14 01:00:00,12,Beijing,LSTM,207.08333,102.19122,test
2016-10-13 14:00:00,2016-10-14 02:00:00,12,Beijing,LSTM,202.25,102.102005,test
2016-10-13 15:00:00,2016-10-14 03:00:00,12,Beijing,LSTM,195.5,101.60919,test
2016-10-13 16:00:00,2016-10-14 04:00:00,12,Beijing,LSTM,194.25,100.1821,test
2016-10-13 17:00:00,2016-10-14 05:00:00,12,Beijing,LSTM,187.83333,100.68641,test
2016-10-13 18:00:00,2016-10-14 06:00:00,12,Beijing,LSTM,185.58333,98.27,test
2016-10-13 19:00:00,2016-10-14 07:00:00,12,Beijing,LSTM,178.75,95.57776,test
2016-10-13 20:00:00,2016-10-14 08:00:00,12,Beijing,LSTM,176.33333,89.21318,test
2016-10-13 21:00:00,2016-10-14 09:00:00,12,Beijing,LSTM,194.25,78.2359,test
2016-10-13 22:00:00,2016-10-14 10:00:00,12,Beijing,LSTM,235.08333,63.110172,test
2016-10-13 23:00:00,2016-10-14 11:00:00,12,Beijing,LSTM,262.19446,52.11304,test
2016-10-14 00:00:00,2016-10-14 12:00:00,12,Beijing,LSTM,269.1389,51.04778,test
2016-10-14 01:00:00,2016-10-14 13:00:00,12,Beijing,LSTM,271.82083,43.107582,test
2016-10-14 02:00:00,2016-10-14 14:00:00,12,Beijing,LSTM,292.69724,46.97641,test
2016-10-14 03:00:00,2016-10-14 15:00:00,12,Beijing,LSTM,287.28485,55.747013,test
2016-10-14 04:00:00,2016-10-14 16:00:00,12,Beijing,LSTM,259.76666,69.96008,test
2016-10-14 05:00:00,2016-10-14 17:00:00,12,Beijing,LSTM,233.91667,82.455475,test
2016-10-14 06:00:00,2016-10-14 18:00:00,12,Beijing,LSTM,230.0,92.96672,test
2016-10-14 07:00:00,2016-10-14 19:00:00,12,Beijing,LSTM,247.03703,98.75141,test
2016-10-14 08:00:00,2016-10-14 20:00:00,12,Beijing,LSTM,265.85184,100.87142,test
2016-10-14 09:00:00,2016-10-14 21:00:00,12,Beijing,LSTM,255.77777,101.747406,test
2016-10-14 10:00:00,2016-10-14 22:00:00,12,Beijing,LSTM,253.25926,102.04722,test
2016-10-14 11:00:00,2016-10-14 23:00:00,12,Beijing,LSTM,255.46666,102.15806,test
2016-10-14 12:00:00,2016-10-15 00:00:00,12,Beijing,LSTM,250.33333,102.21043,test
2016-10-14 13:00:00,2016-10-15 01:00:00,12,Beijing,LSTM,228.41667,102.23572,test
2016-10-14 14:00:00,2016-10-15 02:00:00,12,Beijing,LSTM,221.29167,102.24911,test
2016-10-14 15:00:00,2016-10-15 03:00:00,12,Beijing,LSTM,214.16667,102.23791,test
2016-10-14 16:00:00,2016-10-15 04:00:00,12,Beijing,LSTM,210.5,102.23067,test
2016-10-14 17:00:00,2016-10-15 05:00:00,12,Beijing,LSTM,204.66667,102.25778,test
2016-10-14 18:00:00,2016-10-15 06:00:00,12,Beijing,LSTM,194.125,102.26289,test
2016-10-14 19:00:00,2016-10-15 07:00:00,12,Beijing,LSTM,178.5,102.26279,test
2016-10-14 20:00:00,2016-10-15 08:00:00,12,Beijing,LSTM,160.41667,102.26346,test
2016-10-14 21:00:00,2016-10-15 09:00:00,12,Beijing,LSTM,161.16667,102.26092,test
2016-10-14 22:00:00,2016-10-15 10:00:00,12,Beijing,LSTM,172.41667,102.22781,test
2016-10-14 23:00:00,2016-10-15 11:00:00,12,Beijing,LSTM,183.66667,102.26224,test
2016-10-15 00:00:00,2016-10-15 12:00:00,12,Beijing,LSTM,182.5,102.26283,test
2016-10-15 01:00:00,2016-10-15 13:00:00,12,Beijing,LSTM,183.70833,102.04636,test
2016-10-15 02:00:00,2016-10-15 14:00:00,12,Beijing,LSTM,188.91667,102.24784,test
2016-10-15 03:00:00,2016-10-15 15:00:00,12,Beijing,LSTM,189.0,102.24271,test
2016-10-15 04:00:00,2016-10-15 16:00:00,12,Beijing,LSTM,185.33333,102.25056,test
2016-10-15 05:00:00,2016-10-15 17:00:00,12,Beijing,LSTM,184.91667,102.2634,test
2016-10-15 06:00:00,2016-10-15 18:00:00,12,Beijing,LSTM,183.41667,102.207726,test
2016-10-15 07:00:00,2016-10-15 19:00:00,12,Beijing,LSTM,186.75,102.236404,test
2016-10-15 08:00:00,2016-10-15 20:00:00,12,Beijing,LSTM,187.25,101.8553,test
2016-10-15 09:00:00,2016-10-15 21:00:00,12,Beijing,LSTM,183.83333,102.18695,test
2016-10-15 10:00:00,2016-10-15 22:00:00,12,Beijing,LSTM,179.58333,102.261055,test
2016-10-15 11:00:00,2016-10-15 23:00:00,12,Beijing,LSTM,173.25,102.26625,test
2016-10-15 12:00:00,2016-10-16 00:00:00,12,Beijing,LSTM,170.75,102.26165,test
2016-10-15 13:00:00,2016-10-16 01:00:00,12,Beijing,LSTM,150.41667,102.26213,test
2016-10-15 14:00:00,2016-10-16 02:00:00,12,Beijing,LSTM,139.33333,102.25086,test
2016-10-15 15:00:00,2016-10-16 03:00:00,12,Beijing,LSTM,127.083336,102.25467,test
2016-10-15 16:00:00,2016-10-16 04:00:00,12,Beijing,LSTM,120.5,102.22905,test
2016-10-15 17:00:00,2016-10-16 05:00:00,12,Beijing,LSTM,118.166664,102.08891,test
2016-10-15 18:00:00,2016-10-16 06:00:00,12,Beijing,LSTM,117.166664,101.94658,test
2016-10-15 19:00:00,2016-10-16 07:00:00,12,Beijing,LSTM,115.916664,101.46782,test
2016-10-15 20:00:00,2016-10-16 08:00:00,12,Beijing,LSTM,117.083336,96.34857,test
2016-10-15 21:00:00,2016-10-16 09:00:00,12,Beijing,LSTM,123.916664,74.54697,test
2016-10-15 22:00:00,2016-10-16 10:00:00,12,Beijing,LSTM,136.58333,80.26344,test
2016-10-15 23:00:00,2016-10-16 11:00:00,12,Beijing,LSTM,141.66667,67.723724,test
2016-10-16 00:00:00,2016-10-16 12:00:00,12,Beijing,LSTM,135.91667,84.4477,test
2016-10-16 01:00:00,2016-10-16 13:00:00,12,Beijing,LSTM,125.583336,83.666885,test
2016-10-16 02:00:00,2016-10-16 14:00:00,12,Beijing,LSTM,110.75,87.28867,test
2016-10-16 03:00:00,2016-10-16 15:00:00,12,Beijing,LSTM,99.083336,86.49275,test
2016-10-16 04:00:00,2016-10-16 16:00:00,12,Beijing,LSTM,93.583336,82.75126,test
2016-10-16 05:00:00,2016-10-16 17:00:00,12,Beijing,LSTM,90.75,78.46131,test
2016-10-16 06:00:00,2016-10-16 18:00:00,12,Beijing,LSTM,93.75,76.38997,test
2016-10-16 07:00:00,2016-10-16 19:00:00,12,Beijing,LSTM,100.916664,78.36426,test
2016-10-16 08:00:00,2016-10-16 20:00:00,12,Beijing,LSTM,107.833336,70.694626,test
2016-10-16 09:00:00,2016-10-16 21:00:00,12,Beijing,LSTM,113.166664,69.891495,test
2016-10-16 10:00:00,2016-10-16 22:00:00,12,Beijing,LSTM,119.75,69.70178,test
2016-10-16 11:00:00,2016-10-16 23:00:00,12,Beijing,LSTM,118.416664,70.368866,test
2016-10-16 12:00:00,2016-10-17 00:00:00,12,Beijing,LSTM,118.583336,68.38728,test
2016-10-16 13:00:00,2016-10-17 01:00:00,12,Beijing,LSTM,113.0,63.860966,test
2016-10-16 14:00:00,2016-10-17 02:00:00,12,Beijing,LSTM,105.25,55.212494,test
2016-10-16 15:00:00,2016-10-17 03:00:00,12,Beijing,LSTM,94.916664,39.61099,test
2016-10-16 16:00:00,2016-10-17 04:00:00,12,Beijing,LSTM,84.916664,30.40516,test
2016-10-16 17:00:00,2016-10-17 05:00:00,12,Beijing,LSTM,69.166664,26.729492,test
2016-10-16 18:00:00,2016-10-17 06:00:00,12,Beijing,LSTM,48.083332,24.963972,test
2016-10-16 19:00:00,2016-10-17 07:00:00,12,Beijing,LSTM,51.083332,22.898151,test
2016-10-16 20:00:00,2016-10-17 08:00:00,12,Beijing,LSTM,54.833332,20.168715,test
2016-10-16 21:00:00,2016-10-17 09:00:00,12,Beijing,LSTM,53.25,19.796474,test
2016-10-16 22:00:00,2016-10-17 10:00:00,12,Beijing,LSTM,39.541668,19.772415,test
2016-10-16 23:00:00,2016-10-17 11:00:00,12,Beijing,LSTM,26.5,17.335104,test
2016-10-17 00:00:00,2016-10-17 12:00:00,12,Beijing,LSTM,27.25,18.374252,test
2016-10-17 01:00:00,2016-10-17 13:00:00,12,Beijing,LSTM,25.5,16.123486,test
2016-10-17 02:00:00,2016-10-17 14:00:00,12,Beijing,LSTM,24.5,18.376404,test
2016-10-17 03:00:00,2016-10-17 15:00:00,12,Beijing,LSTM,25.916668,19.820143,test
2016-10-17 04:00:00,2016-10-17 16:00:00,12,Beijing,LSTM,32.833332,18.494751,test
2016-10-17 05:00:00,2016-10-17 17:00:00,12,Beijing,LSTM,40.166668,14.387399,test
2016-10-17 06:00:00,2016-10-17 18:00:00,12,Beijing,LSTM,43.5,15.702896,test
2016-10-17 07:00:00,2016-10-17 19:00:00,12,Beijing,LSTM,52.416668,18.670826,test
2016-10-17 08:00:00,2016-10-17 20:00:00,12,Beijing,LSTM,57.083332,25.83347,test
2016-10-17 09:00:00,2016-10-17 21:00:00,12,Beijing,LSTM,70.583336,27.841084,test
2016-10-17 10:00:00,2016-10-17 22:00:00,12,Beijing,LSTM,90.333336,25.799953,test
2016-10-17 11:00:00,2016-10-17 23:00:00,12,Beijing,LSTM,95.916664,26.53001,test
2016-10-17 12:00:00,2016-10-18 00:00:00,12,Beijing,LSTM,100.75,31.823305,test
2016-10-17 13:00:00,2016-10-18 01:00:00,12,Beijing,LSTM,96.916664,36.818523,test
2016-10-17 14:00:00,2016-10-18 02:00:00,12,Beijing,LSTM,91.583336,38.843403,test
2016-10-17 15:00:00,2016-10-18 03:00:00,12,Beijing,LSTM,84.166664,38.899353,test
2016-10-17 16:00:00,2016-10-18 04:00:00,12,Beijing,LSTM,70.75,39.719383,test
2016-10-17 17:00:00,2016-10-18 05:00:00,12,Beijing,LSTM,64.0,42.122135,test
2016-10-17 18:00:00,2016-10-18 06:00:00,12,Beijing,LSTM,65.833336,43.172115,test
2016-10-17 19:00:00,2016-10-18 07:00:00,12,Beijing,LSTM,68.0,46.427517,test
2016-10-17 20:00:00,2016-10-18 08:00:00,12,Beijing,LSTM,72.666664,47.083397,test
2016-10-17 21:00:00,2016-10-18 09:00:00,12,Beijing,LSTM,77.0,52.66912,test
2016-10-17 22:00:00,2016-10-18 10:00:00,12,Beijing,LSTM,87.583336,60.066418,test
2016-10-17 23:00:00,2016-10-18 11:00:00,12,Beijing,LSTM,98.083336,62.672653,test
2016-10-18 00:00:00,2016-10-18 12:00:00,12,Beijing,LSTM,111.416664,65.52758,test
2016-10-18 01:00:00,2016-10-18 13:00:00,12,Beijing,LSTM,121.916664,68.64522,test
2016-10-18 02:00:00,2016-10-18 14:00:00,12,Beijing,LSTM,132.83333,73.89746,test
2016-10-18 03:00:00,2016-10-18 15:00:00,12,Beijing,LSTM,141.36111,81.598785,test
2016-10-18 04:00:00,2016-10-18 16:00:00,12,Beijing,LSTM,142.38889,89.23792,test
2016-10-18 05:00:00,2016-10-18 17:00:00,12,Beijing,LSTM,146.33333,95.90545,test
2016-10-18 06:00:00,2016-10-18 18:00:00,12,Beijing,LSTM,157.16667,99.926605,test
2016-10-18 07:00:00,2016-10-18 19:00:00,12,Beijing,LSTM,167.33333,101.44274,test
2016-10-18 08:00:00,2016-10-18 20:00:00,12,Beijing,LSTM,173.66667,101.947945,test
2016-10-18 09:00:00,2016-10-18 21:00:00,12,Beijing,LSTM,178.83333,102.12558,test
2016-10-18 10:00:00,2016-10-18 22:00:00,12,Beijing,LSTM,183.16667,102.2047,test
2016-10-18 11:00:00,2016-10-18 23:00:00,12,Beijing,LSTM,189.16667,102.23541,test
2016-10-18 12:00:00,2016-10-19 00:00:00,12,Beijing,LSTM,185.16667,102.24786,test
2016-10-18 13:00:00,2016-10-19 01:00:00,12,Beijing,LSTM,188.75,102.252235,test
2016-10-18 14:00:00,2016-10-19 02:00:00,12,Beijing,LSTM,186.16667,102.240814,test
2016-10-18 15:00:00,2016-10-19 03:00:00,12,Beijing,LSTM,189.0,102.23863,test
2016-10-18 16:00:00,2016-10-19 04:00:00,12,Beijing,LSTM,191.29167,102.22797,test
2016-10-18 17:00:00,2016-10-19 05:00:00,12,Beijing,LSTM,185.25,102.24878,test
2016-10-18 18:00:00,2016-10-19 06:00:00,12,Beijing,LSTM,176.66667,102.23709,test
2016-10-18 19:00:00,2016-10-19 07:00:00,12,Beijing,LSTM,173.16667,102.245895,test
2016-10-18 20:00:00,2016-10-19 08:00:00,12,Beijing,LSTM,172.25,102.12506,test
2016-10-18 21:00:00,2016-10-19 09:00:00,12,Beijing,LSTM,195.5,102.217636,test
2016-10-18 22:00:00,2016-10-19 10:00:00,12,Beijing,LSTM,218.08333,102.21339,test
2016-10-18 23:00:00,2016-10-19 11:00:00,12,Beijing,LSTM,230.25,102.246445,test
2016-10-19 00:00:00,2016-10-19 12:00:00,12,Beijing,LSTM,237.91667,102.249405,test
2016-10-19 01:00:00,2016-10-19 13:00:00,12,Beijing,LSTM,249.41667,102.258224,test
2016-10-19 02:00:00,2016-10-19 14:00:00,12,Beijing,LSTM,272.95834,102.26192,test
2016-10-19 03:00:00,2016-10-19 15:00:00,12,Beijing,LSTM,270.08334,102.26441,test
2016-10-19 04:00:00,2016-10-19 16:00:00,12,Beijing,LSTM,257.54166,102.266464,test
2016-10-19 05:00:00,2016-10-19 17:00:00,12,Beijing,LSTM,266.41666,102.26396,test
2016-10-19 06:00:00,2016-10-19 18:00:00,12,Beijing,LSTM,261.08334,102.26548,test
2016-10-19 07:00:00,2016-10-19 19:00:00,12,Beijing,LSTM,255.16667,102.254166,test
2016-10-19 08:00:00,2016-10-19 20:00:00,12,Beijing,LSTM,247.91667,102.21341,test
2016-10-19 09:00:00,2016-10-19 21:00:00,12,Beijing,LSTM,235.75,102.24073,test
2016-10-19 10:00:00,2016-10-19 22:00:00,12,Beijing,LSTM,231.66667,102.24928,test
2016-10-19 11:00:00,2016-10-19 23:00:00,12,Beijing,LSTM,228.58333,102.25293,test
2016-10-19 12:00:00,2016-10-20 00:00:00,12,Beijing,LSTM,225.5,102.25346,test
2016-10-19 13:00:00,2016-10-20 01:00:00,12,Beijing,LSTM,223.41667,102.23309,test
2016-10-19 14:00:00,2016-10-20 02:00:00,12,Beijing,LSTM,232.41667,102.24903,test
2016-10-19 15:00:00,2016-10-20 03:00:00,12,Beijing,LSTM,241.0,102.24773,test
2016-10-19 16:00:00,2016-10-20 04:00:00,12,Beijing,LSTM,241.75,102.22821,test
2016-10-19 17:00:00,2016-10-20 05:00:00,12,Beijing,LSTM,235.75,102.25597,test
2016-10-19 18:00:00,2016-10-20 06:00:00,12,Beijing,LSTM,140.25,102.240204,test
2016-10-19 19:00:00,2016-10-20 07:00:00,12,Beijing,LSTM,70.5,102.228264,test
2016-10-19 20:00:00,2016-10-20 08:00:00,12,Beijing,LSTM,51.333332,102.13265,test
2016-10-19 21:00:00,2016-10-20 09:00:00,12,Beijing,LSTM,44.583332,100.67421,test
2016-10-19 22:00:00,2016-10-20 10:00:00,12,Beijing,LSTM,43.833332,95.69128,test
2016-10-19 23:00:00,2016-10-20 11:00:00,12,Beijing,LSTM,39.416668,87.82361,test
2016-10-20 00:00:00,2016-10-20 12:00:00,12,Beijing,LSTM,38.833332,96.416,test
2016-10-20 01:00:00,2016-10-20 13:00:00,12,Beijing,LSTM,39.416668,89.91073,test
2016-10-20 02:00:00,2016-10-20 14:00:00,12,Beijing,LSTM,40.5,96.977844,test
2016-10-20 03:00:00,2016-10-20 15:00:00,12,Beijing,LSTM,39.833332,99.229095,test
2016-10-20 04:00:00,2016-10-20 16:00:00,12,Beijing,LSTM,39.416668,78.23578,test
2016-10-20 05:00:00,2016-10-20 17:00:00,12,Beijing,LSTM,41.583332,27.382324,test
2016-10-20 06:00:00,2016-10-20 18:00:00,12,Beijing,LSTM,46.25,12.048402,test
2016-10-20 07:00:00,2016-10-20 19:00:00,12,Beijing,LSTM,45.333332,13.166385,test
2016-10-20 08:00:00,2016-10-20 20:00:00,12,Beijing,LSTM,45.0,17.653114,test
2016-10-20 09:00:00,2016-10-20 21:00:00,12,Beijing,LSTM,41.5,19.465616,test
2016-10-20 10:00:00,2016-10-20 22:00:00,12,Beijing,LSTM,40.25,23.626995,test
2016-10-20 11:00:00,2016-10-20 23:00:00,12,Beijing,LSTM,38.833332,24.626919,test
2016-10-20 12:00:00,2016-10-21 00:00:00,12,Beijing,LSTM,36.833332,28.754395,test
2016-10-20 13:00:00,2016-10-21 01:00:00,12,Beijing,LSTM,36.583332,34.320866,test
2016-10-20 14:00:00,2016-10-21 02:00:00,12,Beijing,LSTM,36.166668,36.83293,test
2016-10-20 15:00:00,2016-10-21 03:00:00,12,Beijing,LSTM,38.333332,39.80251,test
2016-10-20 16:00:00,2016-10-21 04:00:00,12,Beijing,LSTM,40.833332,37.291656,test
2016-10-20 17:00:00,2016-10-21 05:00:00,12,Beijing,LSTM,41.5,31.094421,test
2016-10-20 18:00:00,2016-10-21 06:00:00,12,Beijing,LSTM,41.5,19.101532,test
2016-10-20 19:00:00,2016-10-21 07:00:00,12,Beijing,LSTM,41.333332,18.716808,test
2016-10-20 20:00:00,2016-10-21 08:00:00,12,Beijing,LSTM,40.583332,18.892384,test
2016-10-20 21:00:00,2016-10-21 09:00:00,12,Beijing,LSTM,41.75,19.703854,test
2016-10-20 22:00:00,2016-10-21 10:00:00,12,Beijing,LSTM,46.333332,20.123213,test
2016-10-20 23:00:00,2016-10-21 11:00:00,12,Beijing,LSTM,49.416668,19.22299,test
2016-10-21 00:00:00,2016-10-21 12:00:00,12,Beijing,LSTM,51.25,19.398739,test
2016-10-21 01:00:00,2016-10-21 13:00:00,12,Beijing,LSTM,54.5,21.311852,test
2016-10-21 02:00:00,2016-10-21 14:00:00,12,Beijing,LSTM,56.583332,23.404305,test
2016-10-21 03:00:00,2016-10-21 15:00:00,12,Beijing,LSTM,57.5,26.494999,test
2016-10-21 04:00:00,2016-10-21 16:00:00,12,Beijing,LSTM,54.75,30.11728,test
2016-10-21 05:00:00,2016-10-21 17:00:00,12,Beijing,LSTM,48.333332,34.751915,test
2016-10-21 06:00:00,2016-10-21 18:00:00,12,Beijing,LSTM,42.833332,39.960075,test
2016-10-21 07:00:00,2016-10-21 19:00:00,12,Beijing,LSTM,39.75,47.86371,test
2016-10-21 08:00:00,2016-10-21 20:00:00,12,Beijing,LSTM,40.083332,53.055634,test
2016-10-21 09:00:00,2016-10-21 21:00:00,12,Beijing,LSTM,34.166668,57.303524,test
2016-10-21 10:00:00,2016-10-21 22:00:00,12,Beijing,LSTM,32.75,61.80068,test
2016-10-21 11:00:00,2016-10-21 23:00:00,12,Beijing,LSTM,31.5,66.2561,test
2016-10-21 12:00:00,2016-10-22 00:00:00,12,Beijing,LSTM,29.083332,70.119064,test
2016-10-21 13:00:00,2016-10-22 01:00:00,12,Beijing,LSTM,27.666668,74.566154,test
2016-10-21 14:00:00,2016-10-22 02:00:00,12,Beijing,LSTM,25.666668,77.30814,test
2016-10-21 15:00:00,2016-10-22 03:00:00,12,Beijing,LSTM,22.833332,79.345314,test
2016-10-21 16:00:00,2016-10-22 04:00:00,12,Beijing,LSTM,19.083332,80.376945,test
2016-10-21 17:00:00,2016-10-22 05:00:00,12,Beijing,LSTM,16.083332,74.36481,test
2016-10-21 18:00:00,2016-10-22 06:00:00,12,Beijing,LSTM,16.333332,56.038067,test
2016-10-21 19:00:00,2016-10-22 07:00:00,12,Beijing,LSTM,11.333333,33.29552,test
2016-10-21 20:00:00,2016-10-22 08:00:00,12,Beijing,LSTM,9.666667,26.320013,test
2016-10-21 21:00:00,2016-10-22 09:00:00,12,Beijing,LSTM,10.833333,23.005234,test
2016-10-21 22:00:00,2016-10-22 10:00:00,12,Beijing,LSTM,8.5,24.649616,test
2016-10-21 23:00:00,2016-10-22 11:00:00,12,Beijing,LSTM,6.416667,22.561983,test
2016-10-22 00:00:00,2016-10-22 12:00:00,12,Beijing,LSTM,5.916667,22.599594,test
2016-10-22 01:00:00,2016-10-22 13:00:00,12,Beijing,LSTM,7.916667,22.093895,test
2016-10-22 02:00:00,2016-10-22 14:00:00,12,Beijing,LSTM,9.916667,21.179005,test
2016-10-22 03:00:00,2016-10-22 15:00:00,12,Beijing,LSTM,7.083333,23.504051,test
2016-10-22 04:00:00,2016-10-22 16:00:00,12,Beijing,LSTM,10.0,22.742867,test
2016-10-22 05:00:00,2016-10-22 17:00:00,12,Beijing,LSTM,9.25,19.579853,test
2016-10-22 06:00:00,2016-10-22 18:00:00,12,Beijing,LSTM,11.0,19.036242,test
2016-10-22 07:00:00,2016-10-22 19:00:00,12,Beijing,LSTM,13.833333,19.68966,test
2016-10-22 08:00:00,2016-10-22 20:00:00,12,Beijing,LSTM,14.25,20.978113,test
2016-10-22 09:00:00,2016-10-22 21:00:00,12,Beijing,LSTM,15.666667,19.251034,test
2016-10-22 10:00:00,2016-10-22 22:00:00,12,Beijing,LSTM,17.75,18.233137,test
2016-10-22 11:00:00,2016-10-22 23:00:00,12,Beijing,LSTM,21.5,17.784517,test
2016-10-22 12:00:00,2016-10-23 00:00:00,12,Beijing,LSTM,21.833332,17.90477,test
2016-10-22 13:00:00,2016-10-23 01:00:00,12,Beijing,LSTM,21.416668,17.42151,test
2016-10-22 14:00:00,2016-10-23 02:00:00,12,Beijing,LSTM,23.583332,16.622011,test
2016-10-22 15:00:00,2016-10-23 03:00:00,12,Beijing,LSTM,26.25,15.744725,test
2016-10-22 16:00:00,2016-10-23 04:00:00,12,Beijing,LSTM,22.166668,15.466176,test
2016-10-22 17:00:00,2016-10-23 05:00:00,12,Beijing,LSTM,23.5,14.5648575,test
2016-10-22 18:00:00,2016-10-23 06:00:00,12,Beijing,LSTM,22.416668,14.24973,test
2016-10-22 19:00:00,2016-10-23 07:00:00,12,Beijing,LSTM,22.833332,13.987702,test
2016-10-22 20:00:00,2016-10-23 08:00:00,12,Beijing,LSTM,23.416668,13.446848,test
2016-10-22 21:00:00,2016-10-23 09:00:00,12,Beijing,LSTM,22.0,12.873786,test
2016-10-22 22:00:00,2016-10-23 10:00:00,12,Beijing,LSTM,21.333332,12.559279,test
2016-10-22 23:00:00,2016-10-23 11:00:00,12,Beijing,LSTM,21.333332,13.107879,test
2016-10-23 00:00:00,2016-10-23 12:00:00,12,Beijing,LSTM,21.583332,13.573391,test
2016-10-23 01:00:00,2016-10-23 13:00:00,12,Beijing,LSTM,23.25,14.52867,test
2016-10-23 02:00:00,2016-10-23 14:00:00,12,Beijing,LSTM,23.5,15.74096,test
2016-10-23 03:00:00,2016-10-23 15:00:00,12,Beijing,LSTM,25.0,16.46845,test
2016-10-23 04:00:00,2016-10-23 16:00:00,12,Beijing,LSTM,26.75,18.609104,test
2016-10-23 05:00:00,2016-10-23 17:00:00,12,Beijing,LSTM,27.416668,19.820358,test
2016-10-23 06:00:00,2016-10-23 18:00:00,12,Beijing,LSTM,27.75,23.232117,test
2016-10-23 07:00:00,2016-10-23 19:00:00,12,Beijing,LSTM,33.083332,29.432833,test
2016-10-23 08:00:00,2016-10-23 20:00:00,12,Beijing,LSTM,35.416668,35.7579,test
2016-10-23 09:00:00,2016-10-23 21:00:00,12,Beijing,LSTM,37.333332,40.860313,test
2016-10-23 10:00:00,2016-10-23 22:00:00,12,Beijing,LSTM,42.166668,41.398327,test
2016-10-23 11:00:00,2016-10-23 23:00:00,12,Beijing,LSTM,42.25,47.742218,test
2016-10-23 12:00:00,2016-10-24 00:00:00,12,Beijing,LSTM,45.25,52.72032,test
2016-10-23 13:00:00,2016-10-24 01:00:00,12,Beijing,LSTM,47.916668,56.37833,test
2016-10-23 14:00:00,2016-10-24 02:00:00,12,Beijing,LSTM,45.083332,59.888363,test
2016-10-23 15:00:00,2016-10-24 03:00:00,12,Beijing,LSTM,42.833332,61.55325,test
2016-10-23 16:00:00,2016-10-24 04:00:00,12,Beijing,LSTM,43.416668,64.966606,test
2016-10-23 17:00:00,2016-10-24 05:00:00,12,Beijing,LSTM,41.666668,67.13699,test
2016-10-23 18:00:00,2016-10-24 06:00:00,12,Beijing,LSTM,37.333332,56.292862,test
2016-10-23 19:00:00,2016-10-24 07:00:00,12,Beijing,LSTM,33.5,49.838215,test
2016-10-23 20:00:00,2016-10-24 08:00:00,12,Beijing,LSTM,30.5,50.6244,test
2016-10-23 21:00:00,2016-10-24 09:00:00,12,Beijing,LSTM,34.583332,34.543842,test
2016-10-23 22:00:00,2016-10-24 10:00:00,12,Beijing,LSTM,42.333332,33.60612,test
2016-10-23 23:00:00,2016-10-24 11:00:00,12,Beijing,LSTM,49.0,27.800314,test
2016-10-24 00:00:00,2016-10-24 12:00:00,12,Beijing,LSTM,56.666668,35.303326,test
2016-10-24 01:00:00,2016-10-24 13:00:00,12,Beijing,LSTM,66.583336,43.187725,test
2016-10-24 02:00:00,2016-10-24 14:00:00,12,Beijing,LSTM,74.416664,49.521687,test
2016-10-24 03:00:00,2016-10-24 15:00:00,12,Beijing,LSTM,78.333336,54.57359,test
2016-10-24 04:00:00,2016-10-24 16:00:00,12,Beijing,LSTM,78.0,58.815834,test
2016-10-24 05:00:00,2016-10-24 17:00:00,12,Beijing,LSTM,84.583336,64.21294,test
2016-10-24 06:00:00,2016-10-24 18:00:00,12,Beijing,LSTM,81.916664,71.50429,test
2016-10-24 07:00:00,2016-10-24 19:00:00,12,Beijing,LSTM,85.5,77.98262,test
2016-10-24 08:00:00,2016-10-24 20:00:00,12,Beijing,LSTM,93.333336,83.063095,test
2016-10-24 09:00:00,2016-10-24 21:00:00,12,Beijing,LSTM,95.583336,87.60797,test
2016-10-24 10:00:00,2016-10-24 22:00:00,12,Beijing,LSTM,92.25,92.27547,test
2016-10-24 11:00:00,2016-10-24 23:00:00,12,Beijing,LSTM,89.666664,96.16081,test
2016-10-24 12:00:00,2016-10-25 00:00:00,12,Beijing,LSTM,87.833336,98.618774,test
2016-10-24 13:00:00,2016-10-25 01:00:00,12,Beijing,LSTM,86.083336,99.57697,test
2016-10-24 14:00:00,2016-10-25 02:00:00,12,Beijing,LSTM,82.75,100.26261,test
2016-10-24 15:00:00,2016-10-25 03:00:00,12,Beijing,LSTM,78.916664,100.88796,test
2016-10-24 16:00:00,2016-10-25 04:00:00,12,Beijing,LSTM,74.916664,101.35529,test
2016-10-24 17:00:00,2016-10-25 05:00:00,12,Beijing,LSTM,70.5,101.79004,test
2016-10-24 18:00:00,2016-10-25 06:00:00,12,Beijing,LSTM,63.166668,100.6464,test
2016-10-24 19:00:00,2016-10-25 07:00:00,12,Beijing,LSTM,62.833332,94.25496,test
2016-10-24 20:00:00,2016-10-25 08:00:00,12,Beijing,LSTM,65.666664,89.50366,test
2016-10-24 21:00:00,2016-10-25 09:00:00,12,Beijing,LSTM,76.0,78.06514,test
2016-10-24 22:00:00,2016-10-25 10:00:00,12,Beijing,LSTM,86.166664,64.332245,test
2016-10-24 23:00:00,2016-10-25 11:00:00,12,Beijing,LSTM,94.69444,60.56719,test
2016-10-25 00:00:00,2016-10-25 12:00:00,12,Beijing,LSTM,95.18056,55.402977,test
2016-10-25 01:00:00,2016-10-25 13:00:00,12,Beijing,LSTM,106.0,61.04005,test
2016-10-25 02:00:00,2016-10-25 14:00:00,12,Beijing,LSTM,125.833336,47.871487,test
2016-10-25 03:00:00,2016-10-25 15:00:00,12,Beijing,LSTM,126.75,43.55116,test
2016-10-25 04:00:00,2016-10-25 16:00:00,12,Beijing,LSTM,106.0,55.452736,test
2016-10-25 05:00:00,2016-10-25 17:00:00,12,Beijing,LSTM,108.583336,47.99922,test
2016-10-25 06:00:00,2016-10-25 18:00:00,12,Beijing,LSTM,106.416664,60.107754,test
2016-10-25 07:00:00,2016-10-25 19:00:00,12,Beijing,LSTM,112.5,72.30713,test
2016-10-25 08:00:00,2016-10-25 20:00:00,12,Beijing,LSTM,122.833336,86.721176,test
2016-10-25 09:00:00,2016-10-25 21:00:00,12,Beijing,LSTM,130.66667,93.51097,test
2016-10-25 10:00:00,2016-10-25 22:00:00,12,Beijing,LSTM,129.16667,98.09325,test
2016-10-25 11:00:00,2016-10-25 23:00:00,12,Beijing,LSTM,125.083336,100.27283,test
2016-10-25 12:00:00,2016-10-26 00:00:00,12,Beijing,LSTM,120.5,101.14599,test
2016-10-25 13:00:00,2016-10-26 01:00:00,12,Beijing,LSTM,113.5,101.56605,test
2016-10-25 14:00:00,2016-10-26 02:00:00,12,Beijing,LSTM,119.166664,101.81503,test
2016-10-25 15:00:00,2016-10-26 03:00:00,12,Beijing,LSTM,111.5,101.84674,test
2016-10-25 16:00:00,2016-10-26 04:00:00,12,Beijing,LSTM,100.666664,76.05284,test
2016-10-25 17:00:00,2016-10-26 05:00:00,12,Beijing,LSTM,81.916664,96.6168,test
2016-10-25 18:00:00,2016-10-26 06:00:00,12,Beijing,LSTM,47.75,96.80524,test
2016-10-25 19:00:00,2016-10-26 07:00:00,12,Beijing,LSTM,21.916668,85.72961,test
2016-10-25 20:00:00,2016-10-26 08:00:00,12,Beijing,LSTM,12.833333,88.51319,test
2016-10-25 21:00:00,2016-10-26 09:00:00,12,Beijing,LSTM,13.583333,79.34154,test
2016-10-25 22:00:00,2016-10-26 10:00:00,12,Beijing,LSTM,14.625,68.82327,test
2016-10-25 23:00:00,2016-10-26 11:00:00,12,Beijing,LSTM,10.666667,31.187637,test
2016-10-26 00:00:00,2016-10-26 12:00:00,12,Beijing,LSTM,9.166667,22.497166,test
2016-10-26 01:00:00,2016-10-26 13:00:00,12,Beijing,LSTM,12.333333,17.429276,test
2016-10-26 02:00:00,2016-10-26 14:00:00,12,Beijing,LSTM,18.818182,21.96437,test
2016-10-26 03:00:00,2016-10-26 15:00:00,12,Beijing,LSTM,25.818182,26.569813,test
2016-10-26 04:00:00,2016-10-26 16:00:00,12,Beijing,LSTM,27.181818,33.316395,test
2016-10-26 05:00:00,2016-10-26 17:00:00,12,Beijing,LSTM,21.454544,15.348317,test
2016-10-26 06:00:00,2016-10-26 18:00:00,12,Beijing,LSTM,26.363636,9.99581,test
2016-10-26 07:00:00,2016-10-26 19:00:00,12,Beijing,LSTM,26.727274,13.07041,test
2016-10-26 08:00:00,2016-10-26 20:00:00,12,Beijing,LSTM,29.545456,12.844422,test
2016-10-26 09:00:00,2016-10-26 21:00:00,12,Beijing,LSTM,28.454544,16.015383,test
2016-10-26 10:00:00,2016-10-26 22:00:00,12,Beijing,LSTM,30.454544,15.643626,test
2016-10-26 11:00:00,2016-10-26 23:00:00,12,Beijing,LSTM,28.272726,16.147717,test
2016-10-26 12:00:00,2016-10-27 00:00:00,12,Beijing,LSTM,28.090908,20.696043,test
2016-10-26 13:00:00,2016-10-27 01:00:00,12,Beijing,LSTM,27.181818,26.813456,test
2016-10-26 14:00:00,2016-10-27 02:00:00,12,Beijing,LSTM,23.818182,34.058956,test
2016-10-26 15:00:00,2016-10-27 03:00:00,12,Beijing,LSTM,20.818182,26.588902,test
2016-10-26 16:00:00,2016-10-27 04:00:00,12,Beijing,LSTM,19.181818,20.337465,test
2016-10-26 17:00:00,2016-10-27 05:00:00,12,Beijing,LSTM,18.454544,18.147165,test
2016-10-26 18:00:00,2016-10-27 06:00:00,12,Beijing,LSTM,19.818182,18.485004,test
2016-10-26 19:00:00,2016-10-27 07:00:00,12,Beijing,LSTM,23.090908,19.06783,test
2016-10-26 20:00:00,2016-10-27 08:00:00,12,Beijing,LSTM,27.0,19.144962,test
2016-10-26 21:00:00,2016-10-27 09:00:00,12,Beijing,LSTM,31.363636,16.921825,test
2016-10-26 22:00:00,2016-10-27 10:00:00,12,Beijing,LSTM,36.818184,17.479967,test
2016-10-26 23:00:00,2016-10-27 11:00:00,12,Beijing,LSTM,38.363636,18.521267,test
2016-10-27 00:00:00,2016-10-27 12:00:00,12,Beijing,LSTM,42.80303,16.95638,test
2016-10-27 01:00:00,2016-10-27 13:00:00,12,Beijing,LSTM,45.78788,18.888891,test
2016-10-27 02:00:00,2016-10-27 14:00:00,12,Beijing,LSTM,44.318184,18.369904,test
2016-10-27 03:00:00,2016-10-27 15:00:00,12,Beijing,LSTM,45.666668,20.253565,test
2016-10-27 04:00:00,2016-10-27 16:00:00,12,Beijing,LSTM,43.560604,21.025639,test
2016-10-27 05:00:00,2016-10-27 17:00:00,12,Beijing,LSTM,39.416668,23.975159,test
2016-10-27 06:00:00,2016-10-27 18:00:00,12,Beijing,LSTM,36.194443,28.795498,test
2016-10-27 07:00:00,2016-10-27 19:00:00,12,Beijing,LSTM,32.055557,34.710728,test
2016-10-27 08:00:00,2016-10-27 20:00:00,12,Beijing,LSTM,28.333332,42.32053,test
2016-10-27 09:00:00,2016-10-27 21:00:00,12,Beijing,LSTM,23.909092,49.605965,test
2016-10-27 10:00:00,2016-10-27 22:00:00,12,Beijing,LSTM,20.636364,54.65726,test
2016-10-27 11:00:00,2016-10-27 23:00:00,12,Beijing,LSTM,19.090908,59.828453,test
2016-10-27 12:00:00,2016-10-28 00:00:00,12,Beijing,LSTM,18.272726,63.363487,test
2016-10-27 13:00:00,2016-10-28 01:00:00,12,Beijing,LSTM,17.727274,64.99709,test
2016-10-27 14:00:00,2016-10-28 02:00:00,12,Beijing,LSTM,17.0,62.886517,test
2016-10-27 15:00:00,2016-10-28 03:00:00,12,Beijing,LSTM,18.727274,55.034405,test
2016-10-27 16:00:00,2016-10-28 04:00:00,12,Beijing,LSTM,13.0,34.981983,test
2016-10-27 17:00:00,2016-10-28 05:00:00,12,Beijing,LSTM,12.272727,24.096283,test
2016-10-27 18:00:00,2016-10-28 06:00:00,12,Beijing,LSTM,9.363636,20.787659,test
2016-10-27 19:00:00,2016-10-28 07:00:00,12,Beijing,LSTM,12.454545,15.460684,test
2016-10-27 20:00:00,2016-10-28 08:00:00,12,Beijing,LSTM,7.272727,16.967588,test
2016-10-27 21:00:00,2016-10-28 09:00:00,12,Beijing,LSTM,9.363636,15.688317,test
2016-10-27 22:00:00,2016-10-28 10:00:00,12,Beijing,LSTM,6.666667,15.828992,test
2016-10-27 23:00:00,2016-10-28 11:00:00,12,Beijing,LSTM,6.361111,14.1626425,test
2016-10-28 00:00:00,2016-10-28 12:00:00,12,Beijing,LSTM,7.555556,13.775096,test
2016-10-28 01:00:00,2016-10-28 13:00:00,12,Beijing,LSTM,4.833333,14.970756,test
2016-10-28 02:00:00,2016-10-28 14:00:00,12,Beijing,LSTM,5.666667,14.628732,test
2016-10-28 03:00:00,2016-10-28 15:00:00,12,Beijing,LSTM,5.75,14.039936,test
2016-10-28 04:00:00,2016-10-28 16:00:00,12,Beijing,LSTM,5.666667,14.29772,test
2016-10-28 05:00:00,2016-10-28 17:00:00,12,Beijing,LSTM,6.0,13.655204,test
2016-10-28 06:00:00,2016-10-28 18:00:00,12,Beijing,LSTM,6.75,13.833272,test
2016-10-28 07:00:00,2016-10-28 19:00:00,12,Beijing,LSTM,10.916667,15.934052,test
2016-10-28 08:00:00,2016-10-28 20:00:00,12,Beijing,LSTM,14.75,12.402394,test
2016-10-28 09:00:00,2016-10-28 21:00:00,12,Beijing,LSTM,16.25,12.201772,test
2016-10-28 10:00:00,2016-10-28 22:00:00,12,Beijing,LSTM,16.416668,11.604709,test
2016-10-28 11:00:00,2016-10-28 23:00:00,12,Beijing,LSTM,20.333332,12.389951,test
2016-10-28 12:00:00,2016-10-29 00:00:00,12,Beijing,LSTM,22.916668,12.651642,test
2016-10-28 13:00:00,2016-10-29 01:00:00,12,Beijing,LSTM,21.666668,12.863467,test
2016-10-28 14:00:00,2016-10-29 02:00:00,12,Beijing,LSTM,17.333332,13.052075,test
2016-10-28 15:00:00,2016-10-29 03:00:00,12,Beijing,LSTM,12.916667,12.107892,test
2016-10-28 16:00:00,2016-10-29 04:00:00,12,Beijing,LSTM,14.25,11.424289,test
2016-10-28 17:00:00,2016-10-29 05:00:00,12,Beijing,LSTM,11.916667,11.098174,test
2016-10-28 18:00:00,2016-10-29 06:00:00,12,Beijing,LSTM,13.5,10.541134,test
2016-10-28 19:00:00,2016-10-29 07:00:00,12,Beijing,LSTM,13.916667,10.605213,test
2016-10-28 20:00:00,2016-10-29 08:00:00,12,Beijing,LSTM,15.0,10.193948,test
2016-10-28 21:00:00,2016-10-29 09:00:00,12,Beijing,LSTM,16.833332,10.310939,test
2016-10-28 22:00:00,2016-10-29 10:00:00,12,Beijing,LSTM,17.333332,10.465881,test
2016-10-28 23:00:00,2016-10-29 11:00:00,12,Beijing,LSTM,19.416668,10.804005,test
2016-10-29 00:00:00,2016-10-29 12:00:00,12,Beijing,LSTM,20.5,11.470075,test
2016-10-29 01:00:00,2016-10-29 13:00:00,12,Beijing,LSTM,25.0,12.767314,test
2016-10-29 02:00:00,2016-10-29 14:00:00,12,Beijing,LSTM,24.416668,13.402948,test
2016-10-29 03:00:00,2016-10-29 15:00:00,12,Beijing,LSTM,26.916668,14.978128,test
2016-10-29 04:00:00,2016-10-29 16:00:00,12,Beijing,LSTM,25.25,17.122599,test
2016-10-29 05:00:00,2016-10-29 17:00:00,12,Beijing,LSTM,24.75,19.544079,test
2016-10-29 06:00:00,2016-10-29 18:00:00,12,Beijing,LSTM,28.166668,24.350449,test
2016-10-29 07:00:00,2016-10-29 19:00:00,12,Beijing,LSTM,34.833332,30.467594,test
2016-10-29 08:00:00,2016-10-29 20:00:00,12,Beijing,LSTM,41.666668,37.10738,test
2016-10-29 09:00:00,2016-10-29 21:00:00,12,Beijing,LSTM,42.083332,44.15964,test
2016-10-29 10:00:00,2016-10-29 22:00:00,12,Beijing,LSTM,43.833332,50.298782,test
2016-10-29 11:00:00,2016-10-29 23:00:00,12,Beijing,LSTM,45.5,54.663128,test
2016-10-29 12:00:00,2016-10-30 00:00:00,12,Beijing,LSTM,48.0,53.063446,test
2016-10-29 13:00:00,2016-10-30 01:00:00,12,Beijing,LSTM,47.333332,56.320904,test
2016-10-29 14:00:00,2016-10-30 02:00:00,12,Beijing,LSTM,50.708332,55.408947,test
2016-10-29 15:00:00,2016-10-30 03:00:00,12,Beijing,LSTM,51.583332,57.740337,test
2016-10-29 16:00:00,2016-10-30 04:00:00,12,Beijing,LSTM,52.25,51.4616,test
2016-10-29 17:00:00,2016-10-30 05:00:00,12,Beijing,LSTM,54.5,46.320637,test
2016-10-29 18:00:00,2016-10-30 06:00:00,12,Beijing,LSTM,58.916668,43.593967,test
2016-10-29 19:00:00,2016-10-30 07:00:00,12,Beijing,LSTM,60.416668,40.16534,test
2016-10-29 20:00:00,2016-10-30 08:00:00,12,Beijing,LSTM,63.833332,36.030704,test
2016-10-29 21:00:00,2016-10-30 09:00:00,12,Beijing,LSTM,72.583336,35.582577,test
2016-10-29 22:00:00,2016-10-30 10:00:00,12,Beijing,LSTM,74.5,33.503292,test
2016-10-29 23:00:00,2016-10-30 11:00:00,12,Beijing,LSTM,81.166664,26.745514,test
2016-10-30 00:00:00,2016-10-30 12:00:00,12,Beijing,LSTM,84.708336,29.236412,test
2016-10-30 01:00:00,2016-10-30 13:00:00,12,Beijing,LSTM,87.083336,33.767662,test
2016-10-30 02:00:00,2016-10-30 14:00:00,12,Beijing,LSTM,77.75,38.24735,test
2016-10-30 03:00:00,2016-10-30 15:00:00,12,Beijing,LSTM,39.083332,42.19312,test
2016-10-30 04:00:00,2016-10-30 16:00:00,12,Beijing,LSTM,11.416667,47.458736,test
2016-10-30 05:00:00,2016-10-30 17:00:00,12,Beijing,LSTM,7.25,52.71045,test
2016-10-30 06:00:00,2016-10-30 18:00:00,12,Beijing,LSTM,7.333333,60.01929,test
2016-10-30 07:00:00,2016-10-30 19:00:00,12,Beijing,LSTM,6.583333,66.80331,test
2016-10-30 08:00:00,2016-10-30 20:00:00,12,Beijing,LSTM,6.333333,73.22777,test
2016-10-30 09:00:00,2016-10-30 21:00:00,12,Beijing,LSTM,6.583333,79.367935,test
2016-10-30 10:00:00,2016-10-30 22:00:00,12,Beijing,LSTM,3.666667,85.55873,test
2016-10-30 11:00:00,2016-10-30 23:00:00,12,Beijing,LSTM,4.333333,92.24078,test
2016-10-30 12:00:00,2016-10-31 00:00:00,12,Beijing,LSTM,4.25,97.18882,test
2016-10-30 13:00:00,2016-10-31 01:00:00,12,Beijing,LSTM,3.25,99.170525,test
2016-10-30 14:00:00,2016-10-31 02:00:00,12,Beijing,LSTM,3.666667,92.76073,test
2016-10-30 15:00:00,2016-10-31 03:00:00,12,Beijing,LSTM,4.0,23.28217,test
2016-10-30 16:00:00,2016-10-31 04:00:00,12,Beijing,LSTM,4.0,11.783824,test
2016-10-30 17:00:00,2016-10-31 05:00:00,12,Beijing,LSTM,3.5,11.4127,test
2016-10-30 18:00:00,2016-10-31 06:00:00,12,Beijing,LSTM,3.333333,9.334954,test
2016-10-30 19:00:00,2016-10-31 07:00:00,12,Beijing,LSTM,4.0,9.687523,test
2016-10-30 20:00:00,2016-10-31 08:00:00,12,Beijing,LSTM,5.583333,9.42376,test
2016-10-30 21:00:00,2016-10-31 09:00:00,12,Beijing,LSTM,6.166667,8.626107,test
2016-10-30 22:00:00,2016-10-31 10:00:00,12,Beijing,LSTM,5.666667,8.7437935,test
2016-10-30 23:00:00,2016-10-31 11:00:00,12,Beijing,LSTM,7.416667,8.707923,test
2016-10-31 00:00:00,2016-10-31 12:00:00,12,Beijing,LSTM,7.479167,9.585819,test
2016-10-31 01:00:00,2016-10-31 13:00:00,12,Beijing,LSTM,6.041667,10.597138,test
2016-10-31 02:00:00,2016-10-31 14:00:00,12,Beijing,LSTM,5.6875,10.643449,test
2016-10-31 03:00:00,2016-10-31 15:00:00,12,Beijing,LSTM,7.583333,11.556116,test
2016-10-31 04:00:00,2016-10-31 16:00:00,12,Beijing,LSTM,8.791667,10.45757,test
2016-10-31 05:00:00,2016-10-31 17:00:00,12,Beijing,LSTM,9.916667,10.439339,test
2016-10-31 06:00:00,2016-10-31 18:00:00,12,Beijing,LSTM,11.666667,9.278771,test
2016-10-31 07:00:00,2016-10-31 19:00:00,12,Beijing,LSTM,15.166667,11.361064,test
2016-10-31 08:00:00,2016-10-31 20:00:00,12,Beijing,LSTM,19.0,12.980637,test
2016-10-31 09:00:00,2016-10-31 21:00:00,12,Beijing,LSTM,18.916668,12.181615,test
2016-10-31 10:00:00,2016-10-31 22:00:00,12,Beijing,LSTM,21.5,12.5183325,test
2016-10-31 11:00:00,2016-10-31 23:00:00,12,Beijing,LSTM,20.416668,12.439123,test
2016-10-31 12:00:00,2016-11-01 00:00:00,12,Beijing,LSTM,19.916668,12.421077,test
2016-10-31 13:00:00,2016-11-01 01:00:00,12,Beijing,LSTM,19.583332,12.440215,test
2016-10-31 14:00:00,2016-11-01 02:00:00,12,Beijing,LSTM,17.166668,12.37461,test
2016-10-31 15:00:00,2016-11-01 03:00:00,12,Beijing,LSTM,18.0,12.895089,test
2016-10-31 16:00:00,2016-11-01 04:00:00,12,Beijing,LSTM,17.5,12.5451765,test
2016-10-31 17:00:00,2016-11-01 05:00:00,12,Beijing,LSTM,19.666668,12.003127,test
2016-10-31 18:00:00,2016-11-01 06:00:00,12,Beijing,LSTM,18.916668,11.714709,test
2016-10-31 19:00:00,2016-11-01 07:00:00,12,Beijing,LSTM,19.833332,12.168578,test
2016-10-31 20:00:00,2016-11-01 08:00:00,12,Beijing,LSTM,24.166668,12.444339,test
2016-10-31 21:00:00,2016-11-01 09:00:00,12,Beijing,LSTM,23.083332,13.021052,test
2016-10-31 22:00:00,2016-11-01 10:00:00,12,Beijing,LSTM,22.916668,13.231994,test
2016-10-31 23:00:00,2016-11-01 11:00:00,12,Beijing,LSTM,31.75,13.8349495,test
2016-11-01 00:00:00,2016-11-01 12:00:00,12,Beijing,LSTM,40.0,15.009105,test
2016-11-01 01:00:00,2016-11-01 13:00:00,12,Beijing,LSTM,47.5,16.30676,test
2016-11-01 02:00:00,2016-11-01 14:00:00,12,Beijing,LSTM,51.583332,18.011919,test
2016-11-01 03:00:00,2016-11-01 15:00:00,12,Beijing,LSTM,53.916668,21.405941,test
2016-11-01 04:00:00,2016-11-01 16:00:00,12,Beijing,LSTM,57.333332,23.995604,test
2016-11-01 05:00:00,2016-11-01 17:00:00,12,Beijing,LSTM,56.75,28.907001,test
2016-11-01 06:00:00,2016-11-01 18:00:00,12,Beijing,LSTM,62.583332,34.174725,test
2016-11-01 07:00:00,2016-11-01 19:00:00,12,Beijing,LSTM,68.333336,41.844746,test
2016-11-01 08:00:00,2016-11-01 20:00:00,12,Beijing,LSTM,67.583336,50.23283,test
2016-11-01 09:00:00,2016-11-01 21:00:00,12,Beijing,LSTM,72.0,56.982025,test
2016-11-01 10:00:00,2016-11-01 22:00:00,12,Beijing,LSTM,76.833336,62.75181,test
2016-11-01 11:00:00,2016-11-01 23:00:00,12,Beijing,LSTM,81.166664,67.20297,test
2016-11-01 12:00:00,2016-11-02 00:00:00,12,Beijing,LSTM,85.666664,71.64689,test
2016-11-01 13:00:00,2016-11-02 01:00:00,12,Beijing,LSTM,87.25,75.20262,test
2016-11-01 14:00:00,2016-11-02 02:00:00,12,Beijing,LSTM,86.5,76.73027,test
2016-11-01 15:00:00,2016-11-02 03:00:00,12,Beijing,LSTM,88.833336,76.25104,test
2016-11-01 16:00:00,2016-11-02 04:00:00,12,Beijing,LSTM,88.583336,75.387375,test
2016-11-01 17:00:00,2016-11-02 05:00:00,12,Beijing,LSTM,87.0,73.879456,test
2016-11-01 18:00:00,2016-11-02 06:00:00,12,Beijing,LSTM,85.916664,72.14789,test
2016-11-01 19:00:00,2016-11-02 07:00:00,12,Beijing,LSTM,81.416664,66.41852,test
2016-11-01 20:00:00,2016-11-02 08:00:00,12,Beijing,LSTM,81.666664,62.88532,test
2016-11-01 21:00:00,2016-11-02 09:00:00,12,Beijing,LSTM,88.666664,65.23897,test
2016-11-01 22:00:00,2016-11-02 10:00:00,12,Beijing,LSTM,87.666664,67.67134,test
2016-11-01 23:00:00,2016-11-02 11:00:00,12,Beijing,LSTM,91.666664,73.52643,test
2016-11-02 00:00:00,2016-11-02 12:00:00,12,Beijing,LSTM,99.0,81.54554,test
2016-11-02 01:00:00,2016-11-02 13:00:00,12,Beijing,LSTM,99.916664,89.517525,test
2016-11-02 02:00:00,2016-11-02 14:00:00,12,Beijing,LSTM,90.75,96.26126,test
2016-11-02 03:00:00,2016-11-02 15:00:00,12,Beijing,LSTM,91.0,99.833145,test
2016-11-02 04:00:00,2016-11-02 16:00:00,12,Beijing,LSTM,93.666664,101.30024,test
2016-11-02 05:00:00,2016-11-02 17:00:00,12,Beijing,LSTM,99.02778,101.84935,test
2016-11-02 06:00:00,2016-11-02 18:00:00,12,Beijing,LSTM,105.888885,102.066605,test
2016-11-02 07:00:00,2016-11-02 19:00:00,12,Beijing,LSTM,114.083336,102.14603,test
2016-11-02 08:00:00,2016-11-02 20:00:00,12,Beijing,LSTM,135.91667,102.18699,test
2016-11-02 09:00:00,2016-11-02 21:00:00,12,Beijing,LSTM,143.08333,102.1908,test
2016-11-02 10:00:00,2016-11-02 22:00:00,12,Beijing,LSTM,144.41667,102.151855,test
2016-11-02 11:00:00,2016-11-02 23:00:00,12,Beijing,LSTM,144.0,102.18314,test
2016-11-02 12:00:00,2016-11-03 00:00:00,12,Beijing,LSTM,138.83333,102.08982,test
2016-11-02 13:00:00,2016-11-03 01:00:00,12,Beijing,LSTM,132.25,101.88443,test
2016-11-02 14:00:00,2016-11-03 02:00:00,12,Beijing,LSTM,128.41667,93.32697,test
2016-11-02 15:00:00,2016-11-03 03:00:00,12,Beijing,LSTM,127.666664,85.44484,test
2016-11-02 16:00:00,2016-11-03 04:00:00,12,Beijing,LSTM,127.666664,76.426025,test
2016-11-02 17:00:00,2016-11-03 05:00:00,12,Beijing,LSTM,125.666664,76.45234,test
2016-11-02 18:00:00,2016-11-03 06:00:00,12,Beijing,LSTM,120.083336,65.76709,test
2016-11-02 19:00:00,2016-11-03 07:00:00,12,Beijing,LSTM,110.25,52.624622,test
2016-11-02 20:00:00,2016-11-03 08:00:00,12,Beijing,LSTM,104.833336,43.883045,test
2016-11-02 21:00:00,2016-11-03 09:00:00,12,Beijing,LSTM,103.166664,29.452652,test
2016-11-02 22:00:00,2016-11-03 10:00:00,12,Beijing,LSTM,120.166664,25.096016,test
2016-11-02 23:00:00,2016-11-03 11:00:00,12,Beijing,LSTM,148.58333,26.217764,test
2016-11-03 00:00:00,2016-11-03 12:00:00,12,Beijing,LSTM,175.58333,29.25609,test
2016-11-03 01:00:00,2016-11-03 13:00:00,12,Beijing,LSTM,193.25,32.31673,test
2016-11-03 02:00:00,2016-11-03 14:00:00,12,Beijing,LSTM,224.75,37.33903,test
2016-11-03 03:00:00,2016-11-03 15:00:00,12,Beijing,LSTM,265.41666,40.590103,test
2016-11-03 04:00:00,2016-11-03 16:00:00,12,Beijing,LSTM,251.41667,47.058228,test
2016-11-03 05:00:00,2016-11-03 17:00:00,12,Beijing,LSTM,243.59723,57.503548,test
2016-11-03 06:00:00,2016-11-03 18:00:00,12,Beijing,LSTM,253.27777,64.610954,test
2016-11-03 07:00:00,2016-11-03 19:00:00,12,Beijing,LSTM,262.375,75.77114,test
2016-11-03 08:00:00,2016-11-03 20:00:00,12,Beijing,LSTM,264.97223,82.46419,test
2016-11-03 09:00:00,2016-11-03 21:00:00,12,Beijing,LSTM,261.90277,89.31804,test
2016-11-03 10:00:00,2016-11-03 22:00:00,12,Beijing,LSTM,248.58333,95.49437,test
2016-11-03 11:00:00,2016-11-03 23:00:00,12,Beijing,LSTM,240.66667,98.77199,test
2016-11-03 12:00:00,2016-11-04 00:00:00,12,Beijing,LSTM,239.25,99.741554,test
2016-11-03 13:00:00,2016-11-04 01:00:00,12,Beijing,LSTM,235.33333,100.38813,test
2016-11-03 14:00:00,2016-11-04 02:00:00,12,Beijing,LSTM,221.83333,100.49259,test
2016-11-03 15:00:00,2016-11-04 03:00:00,12,Beijing,LSTM,216.41667,100.48187,test
2016-11-03 16:00:00,2016-11-04 04:00:00,12,Beijing,LSTM,210.58333,100.35501,test
2016-11-03 17:00:00,2016-11-04 05:00:00,12,Beijing,LSTM,205.58333,100.592285,test
2016-11-03 18:00:00,2016-11-04 06:00:00,12,Beijing,LSTM,203.41667,101.017075,test
2016-11-03 19:00:00,2016-11-04 07:00:00,12,Beijing,LSTM,197.0,101.471245,test
2016-11-03 20:00:00,2016-11-04 08:00:00,12,Beijing,LSTM,190.75,101.78176,test
2016-11-03 21:00:00,2016-11-04 09:00:00,12,Beijing,LSTM,198.33333,101.97933,test
2016-11-03 22:00:00,2016-11-04 10:00:00,12,Beijing,LSTM,237.0,102.08001,test
2016-11-03 23:00:00,2016-11-04 11:00:00,12,Beijing,LSTM,270.16666,102.102264,test
2016-11-04 00:00:00,2016-11-04 12:00:00,12,Beijing,LSTM,286.47272,102.14435,test
2016-11-04 01:00:00,2016-11-04 13:00:00,12,Beijing,LSTM,301.76364,102.22301,test
2016-11-04 02:00:00,2016-11-04 14:00:00,12,Beijing,LSTM,307.79544,102.2379,test
2016-11-04 03:00:00,2016-11-04 15:00:00,12,Beijing,LSTM,307.03183,102.24918,test
2016-11-04 04:00:00,2016-11-04 16:00:00,12,Beijing,LSTM,289.99545,102.25046,test
2016-11-04 05:00:00,2016-11-04 17:00:00,12,Beijing,LSTM,268.12274,102.260635,test
2016-11-04 06:00:00,2016-11-04 18:00:00,12,Beijing,LSTM,254.45454,102.265305,test
2016-11-04 07:00:00,2016-11-04 19:00:00,12,Beijing,LSTM,242.54546,102.26388,test
2016-11-04 08:00:00,2016-11-04 20:00:00,12,Beijing,LSTM,228.90909,102.2324,test
2016-11-04 09:00:00,2016-11-04 21:00:00,12,Beijing,LSTM,225.08333,102.24634,test
2016-11-04 10:00:00,2016-11-04 22:00:00,12,Beijing,LSTM,214.16667,102.26394,test
2016-11-04 11:00:00,2016-11-04 23:00:00,12,Beijing,LSTM,200.91667,102.26527,test
2016-11-04 12:00:00,2016-11-05 00:00:00,12,Beijing,LSTM,207.08333,102.265366,test
2016-11-04 13:00:00,2016-11-05 01:00:00,12,Beijing,LSTM,209.58333,102.26447,test
2016-11-04 14:00:00,2016-11-05 02:00:00,12,Beijing,LSTM,202.66667,102.25574,test
2016-11-04 15:00:00,2016-11-05 03:00:00,12,Beijing,LSTM,189.91667,102.247536,test
2016-11-04 16:00:00,2016-11-05 04:00:00,12,Beijing,LSTM,176.83333,101.876495,test
2016-11-04 17:00:00,2016-11-05 05:00:00,12,Beijing,LSTM,161.08333,101.727936,test
2016-11-04 18:00:00,2016-11-05 06:00:00,12,Beijing,LSTM,151.83333,98.48656,test
2016-11-04 19:00:00,2016-11-05 07:00:00,12,Beijing,LSTM,141.75,99.84881,test
2016-11-04 20:00:00,2016-11-05 08:00:00,12,Beijing,LSTM,141.75,99.72143,test
2016-11-04 21:00:00,2016-11-05 09:00:00,12,Beijing,LSTM,162.25,101.17616,test
2016-11-04 22:00:00,2016-11-05 10:00:00,12,Beijing,LSTM,200.16667,101.012436,test
2016-11-04 23:00:00,2016-11-05 11:00:00,12,Beijing,LSTM,206.5,101.56668,test
2016-11-05 00:00:00,2016-11-05 12:00:00,12,Beijing,LSTM,177.25,102.05204,test
2016-11-05 01:00:00,2016-11-05 13:00:00,12,Beijing,LSTM,195.16667,102.226166,test
2016-11-05 02:00:00,2016-11-05 14:00:00,12,Beijing,LSTM,187.83333,102.2115,test
2016-11-05 03:00:00,2016-11-05 15:00:00,12,Beijing,LSTM,196.75,102.13878,test
2016-11-05 04:00:00,2016-11-05 16:00:00,12,Beijing,LSTM,198.91667,101.755264,test
2016-11-05 05:00:00,2016-11-05 17:00:00,12,Beijing,LSTM,199.25,96.19902,test
2016-11-05 06:00:00,2016-11-05 18:00:00,12,Beijing,LSTM,200.08333,101.07534,test
2016-11-05 07:00:00,2016-11-05 19:00:00,12,Beijing,LSTM,200.0,101.400955,test
2016-11-05 08:00:00,2016-11-05 20:00:00,12,Beijing,LSTM,184.66667,101.82324,test
2016-11-05 09:00:00,2016-11-05 21:00:00,12,Beijing,LSTM,150.83333,102.18615,test
2016-11-05 10:00:00,2016-11-05 22:00:00,12,Beijing,LSTM,147.25,102.25209,test
2016-11-05 11:00:00,2016-11-05 23:00:00,12,Beijing,LSTM,131.33333,102.23541,test
2016-11-05 12:00:00,2016-11-06 00:00:00,12,Beijing,LSTM,129.91667,54.534603,test
2016-11-05 13:00:00,2016-11-06 01:00:00,12,Beijing,LSTM,132.08333,31.13374,test
2016-11-05 14:00:00,2016-11-06 02:00:00,12,Beijing,LSTM,118.416664,29.340822,test
2016-11-05 15:00:00,2016-11-06 03:00:00,12,Beijing,LSTM,101.666664,36.872997,test
2016-11-05 16:00:00,2016-11-06 04:00:00,12,Beijing,LSTM,89.416664,44.367214,test
2016-11-05 17:00:00,2016-11-06 05:00:00,12,Beijing,LSTM,77.083336,49.047543,test
2016-11-05 18:00:00,2016-11-06 06:00:00,12,Beijing,LSTM,64.083336,51.1093,test
2016-11-05 19:00:00,2016-11-06 07:00:00,12,Beijing,LSTM,56.666668,44.309917,test
2016-11-05 20:00:00,2016-11-06 08:00:00,12,Beijing,LSTM,52.0,23.198532,test
2016-11-05 21:00:00,2016-11-06 09:00:00,12,Beijing,LSTM,49.916668,12.728708,test
2016-11-05 22:00:00,2016-11-06 10:00:00,12,Beijing,LSTM,49.666668,14.953493,test
2016-11-05 23:00:00,2016-11-06 11:00:00,12,Beijing,LSTM,50.166668,16.131186,test
2016-11-06 00:00:00,2016-11-06 12:00:00,12,Beijing,LSTM,49.583332,19.071325,test
2016-11-06 01:00:00,2016-11-06 13:00:00,12,Beijing,LSTM,48.25,18.740105,test
2016-11-06 02:00:00,2016-11-06 14:00:00,12,Beijing,LSTM,45.166668,18.918377,test
2016-11-06 03:00:00,2016-11-06 15:00:00,12,Beijing,LSTM,45.416668,20.410898,test
2016-11-06 04:00:00,2016-11-06 16:00:00,12,Beijing,LSTM,44.916668,20.415508,test
2016-11-06 05:00:00,2016-11-06 17:00:00,12,Beijing,LSTM,46.0,21.10851,test
2016-11-06 06:00:00,2016-11-06 18:00:00,12,Beijing,LSTM,54.666668,22.349533,test
2016-11-06 07:00:00,2016-11-06 19:00:00,12,Beijing,LSTM,63.75,24.637909,test
2016-11-06 08:00:00,2016-11-06 20:00:00,12,Beijing,LSTM,78.916664,24.36232,test
2016-11-06 09:00:00,2016-11-06 21:00:00,12,Beijing,LSTM,86.666664,32.262047,test
2016-11-06 10:00:00,2016-11-06 22:00:00,12,Beijing,LSTM,91.25,37.113605,test
2016-11-06 11:00:00,2016-11-06 23:00:00,12,Beijing,LSTM,98.0,38.361748,test
2016-11-06 12:00:00,2016-11-07 00:00:00,12,Beijing,LSTM,105.166664,42.534325,test
2016-11-06 13:00:00,2016-11-07 01:00:00,12,Beijing,LSTM,95.25,45.987377,test
2016-11-06 14:00:00,2016-11-07 02:00:00,12,Beijing,LSTM,89.666664,44.83773,test
2016-11-06 15:00:00,2016-11-07 03:00:00,12,Beijing,LSTM,82.333336,43.51868,test
2016-11-06 16:00:00,2016-11-07 04:00:00,12,Beijing,LSTM,75.833336,38.285362,test
2016-11-06 17:00:00,2016-11-07 05:00:00,12,Beijing,LSTM,73.75,41.722095,test
2016-11-06 18:00:00,2016-11-07 06:00:00,12,Beijing,LSTM,69.5,47.794834,test
2016-11-06 19:00:00,2016-11-07 07:00:00,12,Beijing,LSTM,67.416664,56.709965,test
2016-11-06 20:00:00,2016-11-07 08:00:00,12,Beijing,LSTM,63.25,69.36954,test
2016-11-06 21:00:00,2016-11-07 09:00:00,12,Beijing,LSTM,58.916668,80.10076,test
2016-11-06 22:00:00,2016-11-07 10:00:00,12,Beijing,LSTM,39.666668,92.033585,test
2016-11-06 23:00:00,2016-11-07 11:00:00,12,Beijing,LSTM,19.0,98.931046,test
2016-11-07 00:00:00,2016-11-07 12:00:00,12,Beijing,LSTM,12.25,101.35401,test
2016-11-07 01:00:00,2016-11-07 13:00:00,12,Beijing,LSTM,8.583333,101.79736,test
2016-11-07 02:00:00,2016-11-07 14:00:00,12,Beijing,LSTM,7.666667,101.19121,test
2016-11-07 03:00:00,2016-11-07 15:00:00,12,Beijing,LSTM,7.333333,100.78722,test
2016-11-07 04:00:00,2016-11-07 16:00:00,12,Beijing,LSTM,8.5,99.17842,test
2016-11-07 05:00:00,2016-11-07 17:00:00,12,Beijing,LSTM,6.583333,100.749344,test
2016-11-07 06:00:00,2016-11-07 18:00:00,12,Beijing,LSTM,8.166667,100.74091,test
2016-11-07 07:00:00,2016-11-07 19:00:00,12,Beijing,LSTM,10.166667,99.44563,test
2016-11-07 08:00:00,2016-11-07 20:00:00,12,Beijing,LSTM,12.333333,92.644196,test
2016-11-07 09:00:00,2016-11-07 21:00:00,12,Beijing,LSTM,11.0,70.40271,test
2016-11-07 10:00:00,2016-11-07 22:00:00,12,Beijing,LSTM,9.583333,27.299484,test
2016-11-07 11:00:00,2016-11-07 23:00:00,12,Beijing,LSTM,9.5,24.957626,test
2016-11-07 12:00:00,2016-11-08 00:00:00,12,Beijing,LSTM,11.166667,14.790612,test
2016-11-07 13:00:00,2016-11-08 01:00:00,12,Beijing,LSTM,14.333333,16.093456,test
2016-11-07 14:00:00,2016-11-08 02:00:00,12,Beijing,LSTM,11.583333,16.769339,test
2016-11-07 15:00:00,2016-11-08 03:00:00,12,Beijing,LSTM,11.333333,14.856671,test
2016-11-07 16:00:00,2016-11-08 04:00:00,12,Beijing,LSTM,12.916667,14.7129135,test
2016-11-07 17:00:00,2016-11-08 05:00:00,12,Beijing,LSTM,12.833333,13.018207,test
2016-11-07 18:00:00,2016-11-08 06:00:00,12,Beijing,LSTM,13.666667,15.82088,test
2016-11-07 19:00:00,2016-11-08 07:00:00,12,Beijing,LSTM,17.75,18.4429,test
2016-11-07 20:00:00,2016-11-08 08:00:00,12,Beijing,LSTM,20.0,16.551289,test
2016-11-07 21:00:00,2016-11-08 09:00:00,12,Beijing,LSTM,23.833332,15.823498,test
2016-11-07 22:00:00,2016-11-08 10:00:00,12,Beijing,LSTM,23.25,16.806377,test
2016-11-07 23:00:00,2016-11-08 11:00:00,12,Beijing,LSTM,23.5,20.034168,test
2016-11-08 00:00:00,2016-11-08 12:00:00,12,Beijing,LSTM,24.208332,22.838327,test
2016-11-08 01:00:00,2016-11-08 13:00:00,12,Beijing,LSTM,25.25,27.222672,test
2016-11-08 02:00:00,2016-11-08 14:00:00,12,Beijing,LSTM,30.083332,31.418674,test
2016-11-08 03:00:00,2016-11-08 15:00:00,12,Beijing,LSTM,34.0,38.4612,test
2016-11-08 04:00:00,2016-11-08 16:00:00,12,Beijing,LSTM,37.61111,46.605175,test
2016-11-08 05:00:00,2016-11-08 17:00:00,12,Beijing,LSTM,53.13889,54.518345,test
2016-11-08 06:00:00,2016-11-08 18:00:00,12,Beijing,LSTM,58.25,62.593395,test
2016-11-08 07:00:00,2016-11-08 19:00:00,12,Beijing,LSTM,63.166668,68.94182,test
2016-11-08 08:00:00,2016-11-08 20:00:00,12,Beijing,LSTM,72.333336,73.56831,test
2016-11-08 09:00:00,2016-11-08 21:00:00,12,Beijing,LSTM,79.166664,77.91653,test
2016-11-08 10:00:00,2016-11-08 22:00:00,12,Beijing,LSTM,82.833336,81.9964,test
2016-11-08 11:00:00,2016-11-08 23:00:00,12,Beijing,LSTM,85.583336,85.67987,test
2016-11-08 12:00:00,2016-11-09 00:00:00,12,Beijing,LSTM,84.25,87.90401,test
2016-11-08 13:00:00,2016-11-09 01:00:00,12,Beijing,LSTM,83.333336,89.42923,test
2016-11-08 14:00:00,2016-11-09 02:00:00,12,Beijing,LSTM,85.75,90.22342,test
2016-11-08 15:00:00,2016-11-09 03:00:00,12,Beijing,LSTM,89.666664,90.28958,test
2016-11-08 16:00:00,2016-11-09 04:00:00,12,Beijing,LSTM,90.75,90.31119,test
2016-11-08 17:00:00,2016-11-09 05:00:00,12,Beijing,LSTM,89.0,89.77604,test
2016-11-08 18:00:00,2016-11-09 06:00:00,12,Beijing,LSTM,91.916664,88.32802,test
2016-11-08 19:00:00,2016-11-09 07:00:00,12,Beijing,LSTM,98.25,85.73892,test
2016-11-08 20:00:00,2016-11-09 08:00:00,12,Beijing,LSTM,105.416664,85.489944,test
2016-11-08 21:00:00,2016-11-09 09:00:00,12,Beijing,LSTM,115.416664,86.27649,test
2016-11-08 22:00:00,2016-11-09 10:00:00,12,Beijing,LSTM,129.75,89.31764,test
2016-11-08 23:00:00,2016-11-09 11:00:00,12,Beijing,LSTM,145.75,94.248474,test
2016-11-09 00:00:00,2016-11-09 12:00:00,12,Beijing,LSTM,164.75,98.02682,test
2016-11-09 01:00:00,2016-11-09 13:00:00,12,Beijing,LSTM,177.08333,100.95899,test
2016-11-09 02:00:00,2016-11-09 14:00:00,12,Beijing,LSTM,181.08333,101.83409,test
2016-11-09 03:00:00,2016-11-09 15:00:00,12,Beijing,LSTM,189.5,102.10233,test
2016-11-09 04:00:00,2016-11-09 16:00:00,12,Beijing,LSTM,195.75,102.20607,test
2016-11-09 05:00:00,2016-11-09 17:00:00,12,Beijing,LSTM,198.47223,102.23155,test
2016-11-09 06:00:00,2016-11-09 18:00:00,12,Beijing,LSTM,200.94444,102.257416,test
2016-11-09 07:00:00,2016-11-09 19:00:00,12,Beijing,LSTM,190.41667,102.2619,test
2016-11-09 08:00:00,2016-11-09 20:00:00,12,Beijing,LSTM,200.41667,102.25899,test
2016-11-09 09:00:00,2016-11-09 21:00:00,12,Beijing,LSTM,208.83333,102.26543,test
2016-11-09 10:00:00,2016-11-09 22:00:00,12,Beijing,LSTM,215.83333,102.26825,test
2016-11-09 11:00:00,2016-11-09 23:00:00,12,Beijing,LSTM,224.33333,102.268974,test
2016-11-09 12:00:00,2016-11-10 00:00:00,12,Beijing,LSTM,232.41667,102.26955,test
2016-11-09 13:00:00,2016-11-10 01:00:00,12,Beijing,LSTM,221.25,102.26856,test
2016-11-09 14:00:00,2016-11-10 02:00:00,12,Beijing,LSTM,209.83333,102.269554,test
2016-11-09 15:00:00,2016-11-10 03:00:00,12,Beijing,LSTM,192.25,102.27018,test
2016-11-09 16:00:00,2016-11-10 04:00:00,12,Beijing,LSTM,178.08333,102.26998,test
2016-11-09 17:00:00,2016-11-10 05:00:00,12,Beijing,LSTM,166.41667,102.2702,test
2016-11-09 18:00:00,2016-11-10 06:00:00,12,Beijing,LSTM,161.25,102.26964,test
2016-11-09 19:00:00,2016-11-10 07:00:00,12,Beijing,LSTM,159.91667,102.260895,test
2016-11-09 20:00:00,2016-11-10 08:00:00,12,Beijing,LSTM,155.58333,102.26649,test
2016-11-09 21:00:00,2016-11-10 09:00:00,12,Beijing,LSTM,158.83333,102.26824,test
2016-11-09 22:00:00,2016-11-10 10:00:00,12,Beijing,LSTM,163.0,102.26834,test
2016-11-09 23:00:00,2016-11-10 11:00:00,12,Beijing,LSTM,182.25,102.2666,test
2016-11-10 00:00:00,2016-11-10 12:00:00,12,Beijing,LSTM,178.25,102.26703,test
2016-11-10 01:00:00,2016-11-10 13:00:00,12,Beijing,LSTM,187.75,102.265724,test
2016-11-10 02:00:00,2016-11-10 14:00:00,12,Beijing,LSTM,186.41667,102.26138,test
2016-11-10 03:00:00,2016-11-10 15:00:00,12,Beijing,LSTM,160.70833,102.26038,test
2016-11-10 04:00:00,2016-11-10 16:00:00,12,Beijing,LSTM,135.25,102.260895,test
2016-11-10 05:00:00,2016-11-10 17:00:00,12,Beijing,LSTM,107.0,102.12813,test
2016-11-10 06:00:00,2016-11-10 18:00:00,12,Beijing,LSTM,133.25,101.98764,test
2016-11-10 07:00:00,2016-11-10 19:00:00,12,Beijing,LSTM,169.58333,102.175644,test
2016-11-10 08:00:00,2016-11-10 20:00:00,12,Beijing,LSTM,130.25,102.195854,test
2016-11-10 09:00:00,2016-11-10 21:00:00,12,Beijing,LSTM,69.75,102.061356,test
2016-11-10 10:00:00,2016-11-10 22:00:00,12,Beijing,LSTM,54.083332,101.790596,test
2016-11-10 11:00:00,2016-11-10 23:00:00,12,Beijing,LSTM,48.583332,102.14348,test
2016-11-10 12:00:00,2016-11-11 00:00:00,12,Beijing,LSTM,45.5,100.77627,test
2016-11-10 13:00:00,2016-11-11 01:00:00,12,Beijing,LSTM,41.75,100.27761,test
2016-11-10 14:00:00,2016-11-11 02:00:00,12,Beijing,LSTM,57.666668,79.259285,test
2016-11-10 15:00:00,2016-11-11 03:00:00,12,Beijing,LSTM,73.25,35.45786,test
2016-11-10 16:00:00,2016-11-11 04:00:00,12,Beijing,LSTM,90.5,17.048239,test
2016-11-10 17:00:00,2016-11-11 05:00:00,12,Beijing,LSTM,100.0,10.774053,test
2016-11-10 18:00:00,2016-11-11 06:00:00,12,Beijing,LSTM,99.833336,13.298536,test
2016-11-10 19:00:00,2016-11-11 07:00:00,12,Beijing,LSTM,103.666664,15.2836075,test
2016-11-10 20:00:00,2016-11-11 08:00:00,12,Beijing,LSTM,115.833336,11.918143,test
2016-11-10 21:00:00,2016-11-11 09:00:00,12,Beijing,LSTM,116.583336,10.470395,test
2016-11-10 22:00:00,2016-11-11 10:00:00,12,Beijing,LSTM,114.166664,11.727197,test
2016-11-10 23:00:00,2016-11-11 11:00:00,12,Beijing,LSTM,107.0,12.572743,test
2016-11-11 00:00:00,2016-11-11 12:00:00,12,Beijing,LSTM,99.583336,13.4224615,test
2016-11-11 01:00:00,2016-11-11 13:00:00,12,Beijing,LSTM,88.25,13.19743,test
2016-11-11 02:00:00,2016-11-11 14:00:00,12,Beijing,LSTM,68.833336,16.634483,test
2016-11-11 03:00:00,2016-11-11 15:00:00,12,Beijing,LSTM,58.0,23.860868,test
2016-11-11 04:00:00,2016-11-11 16:00:00,12,Beijing,LSTM,53.083332,34.956398,test
2016-11-11 05:00:00,2016-11-11 17:00:00,12,Beijing,LSTM,52.083332,47.34959,test
2016-11-11 06:00:00,2016-11-11 18:00:00,12,Beijing,LSTM,51.166668,56.3997,test
2016-11-11 07:00:00,2016-11-11 19:00:00,12,Beijing,LSTM,62.583332,62.964863,test
2016-11-11 08:00:00,2016-11-11 20:00:00,12,Beijing,LSTM,68.5,70.42143,test
2016-11-11 09:00:00,2016-11-11 21:00:00,12,Beijing,LSTM,67.25,79.54014,test
2016-11-11 10:00:00,2016-11-11 22:00:00,12,Beijing,LSTM,69.5,87.77333,test
2016-11-11 11:00:00,2016-11-11 23:00:00,12,Beijing,LSTM,72.583336,93.90928,test
2016-11-11 12:00:00,2016-11-12 00:00:00,12,Beijing,LSTM,68.5,97.50444,test
2016-11-11 13:00:00,2016-11-12 01:00:00,12,Beijing,LSTM,70.083336,97.19943,test
2016-11-11 14:00:00,2016-11-12 02:00:00,12,Beijing,LSTM,70.416664,82.63974,test
2016-11-11 15:00:00,2016-11-12 03:00:00,12,Beijing,LSTM,70.333336,65.45539,test
2016-11-11 16:00:00,2016-11-12 04:00:00,12,Beijing,LSTM,64.25,52.09253,test
2016-11-11 17:00:00,2016-11-12 05:00:00,12,Beijing,LSTM,65.25,42.605015,test
2016-11-11 18:00:00,2016-11-12 06:00:00,12,Beijing,LSTM,63.583332,33.60893,test
2016-11-11 19:00:00,2016-11-12 07:00:00,12,Beijing,LSTM,63.166668,34.87202,test
2016-11-11 20:00:00,2016-11-12 08:00:00,12,Beijing,LSTM,61.75,35.198475,test
2016-11-11 21:00:00,2016-11-12 09:00:00,12,Beijing,LSTM,57.75,34.708748,test
2016-11-11 22:00:00,2016-11-12 10:00:00,12,Beijing,LSTM,49.416668,35.271328,test
2016-11-11 23:00:00,2016-11-12 11:00:00,12,Beijing,LSTM,55.916668,38.88225,test
2016-11-12 00:00:00,2016-11-12 12:00:00,12,Beijing,LSTM,62.0,43.3626,test
2016-11-12 01:00:00,2016-11-12 13:00:00,12,Beijing,LSTM,74.583336,51.693623,test
2016-11-12 02:00:00,2016-11-12 14:00:00,12,Beijing,LSTM,77.416664,58.272385,test
2016-11-12 03:00:00,2016-11-12 15:00:00,12,Beijing,LSTM,81.0,65.513794,test
2016-11-12 04:00:00,2016-11-12 16:00:00,12,Beijing,LSTM,86.75,69.85145,test
2016-11-12 05:00:00,2016-11-12 17:00:00,12,Beijing,LSTM,90.25,76.47106,test
2016-11-12 06:00:00,2016-11-12 18:00:00,12,Beijing,LSTM,96.583336,83.71022,test
2016-11-12 07:00:00,2016-11-12 19:00:00,12,Beijing,LSTM,104.083336,91.8181,test
2016-11-12 08:00:00,2016-11-12 20:00:00,12,Beijing,LSTM,103.916664,97.70764,test
2016-11-12 09:00:00,2016-11-12 21:00:00,12,Beijing,LSTM,102.916664,100.50372,test
2016-11-12 10:00:00,2016-11-12 22:00:00,12,Beijing,LSTM,88.166664,101.31681,test
2016-11-12 11:00:00,2016-11-12 23:00:00,12,Beijing,LSTM,65.666664,101.943146,test
2016-11-12 12:00:00,2016-11-13 00:00:00,12,Beijing,LSTM,54.916668,102.06444,test
2016-11-12 13:00:00,2016-11-13 01:00:00,12,Beijing,LSTM,51.583332,102.104706,test
2016-11-12 14:00:00,2016-11-13 02:00:00,12,Beijing,LSTM,49.916668,102.12836,test
2016-11-12 15:00:00,2016-11-13 03:00:00,12,Beijing,LSTM,47.416668,102.01314,test
2016-11-12 16:00:00,2016-11-13 04:00:00,12,Beijing,LSTM,49.0,101.97374,test
2016-11-12 17:00:00,2016-11-13 05:00:00,12,Beijing,LSTM,52.166668,101.92578,test
2016-11-12 18:00:00,2016-11-13 06:00:00,12,Beijing,LSTM,53.5,99.28404,test
2016-11-12 19:00:00,2016-11-13 07:00:00,12,Beijing,LSTM,56.833332,61.213825,test
2016-11-12 20:00:00,2016-11-13 08:00:00,12,Beijing,LSTM,59.583332,40.55332,test
2016-11-12 21:00:00,2016-11-13 09:00:00,12,Beijing,LSTM,63.333332,16.603943,test
2016-11-12 22:00:00,2016-11-13 10:00:00,12,Beijing,LSTM,69.0,12.691934,test
2016-11-12 23:00:00,2016-11-13 11:00:00,12,Beijing,LSTM,78.083336,9.169039,test
2016-11-13 00:00:00,2016-11-13 12:00:00,12,Beijing,LSTM,89.5,10.64107,test
2016-11-13 01:00:00,2016-11-13 13:00:00,12,Beijing,LSTM,98.166664,11.805105,test
2016-11-13 02:00:00,2016-11-13 14:00:00,12,Beijing,LSTM,108.166664,12.704476,test
2016-11-13 03:00:00,2016-11-13 15:00:00,12,Beijing,LSTM,115.916664,15.7875595,test
2016-11-13 04:00:00,2016-11-13 16:00:00,12,Beijing,LSTM,124.083336,20.154835,test
2016-11-13 05:00:00,2016-11-13 17:00:00,12,Beijing,LSTM,132.25,26.192804,test
2016-11-13 06:00:00,2016-11-13 18:00:00,12,Beijing,LSTM,137.75,35.362015,test
2016-11-13 07:00:00,2016-11-13 19:00:00,12,Beijing,LSTM,143.83333,45.15111,test
2016-11-13 08:00:00,2016-11-13 20:00:00,12,Beijing,LSTM,146.5,51.428722,test
2016-11-13 09:00:00,2016-11-13 21:00:00,12,Beijing,LSTM,153.33333,56.995827,test
2016-11-13 10:00:00,2016-11-13 22:00:00,12,Beijing,LSTM,162.08333,64.001015,test
2016-11-13 11:00:00,2016-11-13 23:00:00,12,Beijing,LSTM,159.25,72.90013,test
2016-11-13 12:00:00,2016-11-14 00:00:00,12,Beijing,LSTM,155.33333,80.32456,test
2016-11-13 13:00:00,2016-11-14 01:00:00,12,Beijing,LSTM,146.16667,85.019875,test
2016-11-13 14:00:00,2016-11-14 02:00:00,12,Beijing,LSTM,141.41667,87.967384,test
2016-11-13 15:00:00,2016-11-14 03:00:00,12,Beijing,LSTM,133.25,89.180405,test
2016-11-13 16:00:00,2016-11-14 04:00:00,12,Beijing,LSTM,127.833336,90.7056,test
2016-11-13 17:00:00,2016-11-14 05:00:00,12,Beijing,LSTM,94.0,91.67041,test
2016-11-13 18:00:00,2016-11-14 06:00:00,12,Beijing,LSTM,49.333332,90.16747,test
2016-11-13 19:00:00,2016-11-14 07:00:00,12,Beijing,LSTM,23.833332,84.67217,test
2016-11-13 20:00:00,2016-11-14 08:00:00,12,Beijing,LSTM,13.333333,55.965416,test
2016-11-13 21:00:00,2016-11-14 09:00:00,12,Beijing,LSTM,12.083333,34.67131,test
2016-11-13 22:00:00,2016-11-14 10:00:00,12,Beijing,LSTM,9.916667,27.926363,test
2016-11-13 23:00:00,2016-11-14 11:00:00,12,Beijing,LSTM,8.25,23.67325,test
2016-11-14 00:00:00,2016-11-14 12:00:00,12,Beijing,LSTM,9.333333,19.287275,test
2016-11-14 01:00:00,2016-11-14 13:00:00,12,Beijing,LSTM,7.166667,15.105595,test
2016-11-14 02:00:00,2016-11-14 14:00:00,12,Beijing,LSTM,9.75,13.471839,test
2016-11-14 03:00:00,2016-11-14 15:00:00,12,Beijing,LSTM,6.333333,10.8784075,test
2016-11-14 04:00:00,2016-11-14 16:00:00,12,Beijing,LSTM,6.916667,13.885339,test
2016-11-14 05:00:00,2016-11-14 17:00:00,12,Beijing,LSTM,6.083333,9.952653,test
2016-11-14 06:00:00,2016-11-14 18:00:00,12,Beijing,LSTM,7.333333,7.961795,test
2016-11-14 07:00:00,2016-11-14 19:00:00,12,Beijing,LSTM,11.916667,9.846765,test
2016-11-14 08:00:00,2016-11-14 20:00:00,12,Beijing,LSTM,14.416667,9.790657,test
2016-11-14 09:00:00,2016-11-14 21:00:00,12,Beijing,LSTM,15.916667,12.357125,test
2016-11-14 10:00:00,2016-11-14 22:00:00,12,Beijing,LSTM,14.416667,10.655074,test
2016-11-14 11:00:00,2016-11-14 23:00:00,12,Beijing,LSTM,12.333333,9.775392,test
2016-11-14 12:00:00,2016-11-15 00:00:00,12,Beijing,LSTM,11.666667,9.398119,test
2016-11-14 13:00:00,2016-11-15 01:00:00,12,Beijing,LSTM,11.5,9.389674,test
2016-11-14 14:00:00,2016-11-15 02:00:00,12,Beijing,LSTM,13.75,9.096875,test
2016-11-14 15:00:00,2016-11-15 03:00:00,12,Beijing,LSTM,14.416667,8.4217,test
2016-11-14 16:00:00,2016-11-15 04:00:00,12,Beijing,LSTM,11.416667,8.821385,test
2016-11-14 17:00:00,2016-11-15 05:00:00,12,Beijing,LSTM,8.75,9.570026,test
2016-11-14 18:00:00,2016-11-15 06:00:00,12,Beijing,LSTM,10.416667,11.055042,test
2016-11-14 19:00:00,2016-11-15 07:00:00,12,Beijing,LSTM,14.5,11.757686,test
2016-11-14 20:00:00,2016-11-15 08:00:00,12,Beijing,LSTM,21.916668,13.274423,test
2016-11-14 21:00:00,2016-11-15 09:00:00,12,Beijing,LSTM,20.083332,14.693692,test
2016-11-14 22:00:00,2016-11-15 10:00:00,12,Beijing,LSTM,32.0,16.206463,test
2016-11-14 23:00:00,2016-11-15 11:00:00,12,Beijing,LSTM,33.25,15.454562,test
2016-11-15 00:00:00,2016-11-15 12:00:00,12,Beijing,LSTM,29.25,16.945951,test
2016-11-15 01:00:00,2016-11-15 13:00:00,12,Beijing,LSTM,30.25,18.361332,test
2016-11-15 02:00:00,2016-11-15 14:00:00,12,Beijing,LSTM,38.5,20.628098,test
2016-11-15 03:00:00,2016-11-15 15:00:00,12,Beijing,LSTM,46.583332,23.644995,test
2016-11-15 04:00:00,2016-11-15 16:00:00,12,Beijing,LSTM,47.916668,27.969137,test
2016-11-15 05:00:00,2016-11-15 17:00:00,12,Beijing,LSTM,48.833332,32.299465,test
2016-11-15 06:00:00,2016-11-15 18:00:00,12,Beijing,LSTM,58.166668,44.068977,test
2016-11-15 07:00:00,2016-11-15 19:00:00,12,Beijing,LSTM,65.75,55.38174,test
2016-11-15 08:00:00,2016-11-15 20:00:00,12,Beijing,LSTM,76.083336,63.630756,test
2016-11-15 09:00:00,2016-11-15 21:00:00,12,Beijing,LSTM,83.166664,70.024414,test
2016-11-15 10:00:00,2016-11-15 22:00:00,12,Beijing,LSTM,94.833336,76.74582,test
2016-11-15 11:00:00,2016-11-15 23:00:00,12,Beijing,LSTM,119.166664,81.522804,test
2016-11-15 12:00:00,2016-11-16 00:00:00,12,Beijing,LSTM,126.5,85.03958,test
2016-11-15 13:00:00,2016-11-16 01:00:00,12,Beijing,LSTM,110.583336,87.753075,test
2016-11-15 14:00:00,2016-11-16 02:00:00,12,Beijing,LSTM,103.583336,89.26671,test
2016-11-15 15:00:00,2016-11-16 03:00:00,12,Beijing,LSTM,92.916664,89.95549,test
2016-11-15 16:00:00,2016-11-16 04:00:00,12,Beijing,LSTM,83.416664,90.17783,test
2016-11-15 17:00:00,2016-11-16 05:00:00,12,Beijing,LSTM,74.75,89.711624,test
2016-11-15 18:00:00,2016-11-16 06:00:00,12,Beijing,LSTM,70.833336,88.79208,test
2016-11-15 19:00:00,2016-11-16 07:00:00,12,Beijing,LSTM,72.333336,88.79991,test
2016-11-15 20:00:00,2016-11-16 08:00:00,12,Beijing,LSTM,75.416664,91.00192,test
2016-11-15 21:00:00,2016-11-16 09:00:00,12,Beijing,LSTM,78.416664,94.44981,test
2016-11-15 22:00:00,2016-11-16 10:00:00,12,Beijing,LSTM,77.48333,98.29281,test
2016-11-15 23:00:00,2016-11-16 11:00:00,12,Beijing,LSTM,84.21667,100.55966,test
2016-11-16 00:00:00,2016-11-16 12:00:00,12,Beijing,LSTM,85.28333,101.59627,test
2016-11-16 01:00:00,2016-11-16 13:00:00,12,Beijing,LSTM,89.1,102.02275,test
2016-11-16 02:00:00,2016-11-16 14:00:00,12,Beijing,LSTM,92.583336,102.179115,test
2016-11-16 03:00:00,2016-11-16 15:00:00,12,Beijing,LSTM,93.47222,102.22656,test
2016-11-16 04:00:00,2016-11-16 16:00:00,12,Beijing,LSTM,91.611115,102.23284,test
2016-11-16 05:00:00,2016-11-16 17:00:00,12,Beijing,LSTM,90.333336,102.223206,test
2016-11-16 06:00:00,2016-11-16 18:00:00,12,Beijing,LSTM,97.0,102.24783,test
2016-11-16 07:00:00,2016-11-16 19:00:00,12,Beijing,LSTM,110.083336,102.25868,test
2016-11-16 08:00:00,2016-11-16 20:00:00,12,Beijing,LSTM,124.166664,102.253494,test
2016-11-16 09:00:00,2016-11-16 21:00:00,12,Beijing,LSTM,130.83333,102.25054,test
2016-11-16 10:00:00,2016-11-16 22:00:00,12,Beijing,LSTM,133.58333,102.19992,test
2016-11-16 11:00:00,2016-11-16 23:00:00,12,Beijing,LSTM,149.16667,101.36131,test
2016-11-16 12:00:00,2016-11-17 00:00:00,12,Beijing,LSTM,154.08333,101.37007,test
2016-11-16 13:00:00,2016-11-17 01:00:00,12,Beijing,LSTM,151.75,101.89494,test
2016-11-16 14:00:00,2016-11-17 02:00:00,12,Beijing,LSTM,153.16667,101.89476,test
2016-11-16 15:00:00,2016-11-17 03:00:00,12,Beijing,LSTM,152.83333,101.84055,test
2016-11-16 16:00:00,2016-11-17 04:00:00,12,Beijing,LSTM,136.33333,101.11597,test
2016-11-16 17:00:00,2016-11-17 05:00:00,12,Beijing,LSTM,113.5,97.39055,test
2016-11-16 18:00:00,2016-11-17 06:00:00,12,Beijing,LSTM,93.833336,62.04887,test
2016-11-16 19:00:00,2016-11-17 07:00:00,12,Beijing,LSTM,89.583336,51.54097,test
2016-11-16 20:00:00,2016-11-17 08:00:00,12,Beijing,LSTM,81.75,40.06896,test
2016-11-16 21:00:00,2016-11-17 09:00:00,12,Beijing,LSTM,81.833336,34.89006,test
2016-11-16 22:00:00,2016-11-17 10:00:00,12,Beijing,LSTM,82.833336,24.507793,test
2016-11-16 23:00:00,2016-11-17 11:00:00,12,Beijing,LSTM,84.166664,26.892849,test
2016-11-17 00:00:00,2016-11-17 12:00:00,12,Beijing,LSTM,85.0,26.782198,test
2016-11-17 01:00:00,2016-11-17 13:00:00,12,Beijing,LSTM,88.166664,33.204155,test
2016-11-17 02:00:00,2016-11-17 14:00:00,12,Beijing,LSTM,89.416664,37.82955,test
2016-11-17 03:00:00,2016-11-17 15:00:00,12,Beijing,LSTM,94.0,42.726147,test
2016-11-17 04:00:00,2016-11-17 16:00:00,12,Beijing,LSTM,101.333336,36.41288,test
2016-11-17 05:00:00,2016-11-17 17:00:00,12,Beijing,LSTM,107.0,47.76788,test
2016-11-17 06:00:00,2016-11-17 18:00:00,12,Beijing,LSTM,115.083336,65.19412,test
2016-11-17 07:00:00,2016-11-17 19:00:00,12,Beijing,LSTM,122.333336,87.17142,test
2016-11-17 08:00:00,2016-11-17 20:00:00,12,Beijing,LSTM,133.16667,96.92546,test
2016-11-17 09:00:00,2016-11-17 21:00:00,12,Beijing,LSTM,141.08333,100.69807,test
2016-11-17 10:00:00,2016-11-17 22:00:00,12,Beijing,LSTM,146.41667,101.716965,test
2016-11-17 11:00:00,2016-11-17 23:00:00,12,Beijing,LSTM,149.58333,101.980934,test
2016-11-17 12:00:00,2016-11-18 00:00:00,12,Beijing,LSTM,155.25,102.01549,test
2016-11-17 13:00:00,2016-11-18 01:00:00,12,Beijing,LSTM,164.08333,102.076546,test
2016-11-17 14:00:00,2016-11-18 02:00:00,12,Beijing,LSTM,164.91667,102.08312,test
2016-11-17 15:00:00,2016-11-18 03:00:00,12,Beijing,LSTM,164.75,102.14784,test
2016-11-17 16:00:00,2016-11-18 04:00:00,12,Beijing,LSTM,162.75,102.15327,test
2016-11-17 17:00:00,2016-11-18 05:00:00,12,Beijing,LSTM,159.75,102.13959,test
2016-11-17 18:00:00,2016-11-18 06:00:00,12,Beijing,LSTM,162.08333,101.59815,test
2016-11-17 19:00:00,2016-11-18 07:00:00,12,Beijing,LSTM,163.83333,101.58702,test
2016-11-17 20:00:00,2016-11-18 08:00:00,12,Beijing,LSTM,163.58333,102.02698,test
2016-11-17 21:00:00,2016-11-18 09:00:00,12,Beijing,LSTM,169.16667,101.993484,test
2016-11-17 22:00:00,2016-11-18 10:00:00,12,Beijing,LSTM,175.75,101.82454,test
2016-11-17 23:00:00,2016-11-18 11:00:00,12,Beijing,LSTM,188.91667,101.83784,test
2016-11-18 00:00:00,2016-11-18 12:00:00,12,Beijing,LSTM,201.08333,101.992294,test
2016-11-18 01:00:00,2016-11-18 13:00:00,12,Beijing,LSTM,213.16667,102.04324,test
2016-11-18 02:00:00,2016-11-18 14:00:00,12,Beijing,LSTM,221.16667,101.89637,test
2016-11-18 03:00:00,2016-11-18 15:00:00,12,Beijing,LSTM,223.0,102.17859,test
2016-11-18 04:00:00,2016-11-18 16:00:00,12,Beijing,LSTM,221.91667,102.22101,test
2016-11-18 05:00:00,2016-11-18 17:00:00,12,Beijing,LSTM,220.58333,102.23402,test
2016-11-18 06:00:00,2016-11-18 18:00:00,12,Beijing,LSTM,214.41667,102.23485,test
2016-11-18 07:00:00,2016-11-18 19:00:00,12,Beijing,LSTM,205.16667,102.24641,test
2016-11-18 08:00:00,2016-11-18 20:00:00,12,Beijing,LSTM,206.66667,102.16188,test
2016-11-18 09:00:00,2016-11-18 21:00:00,12,Beijing,LSTM,205.91667,102.156815,test
2016-11-18 10:00:00,2016-11-18 22:00:00,12,Beijing,LSTM,206.58333,102.12398,test
2016-11-18 11:00:00,2016-11-18 23:00:00,12,Beijing,LSTM,202.25,102.20653,test
2016-11-18 12:00:00,2016-11-19 00:00:00,12,Beijing,LSTM,212.08333,102.203125,test
2016-11-18 13:00:00,2016-11-19 01:00:00,12,Beijing,LSTM,221.33333,102.16405,test
2016-11-18 14:00:00,2016-11-19 02:00:00,12,Beijing,LSTM,219.41667,101.54725,test
2016-11-18 15:00:00,2016-11-19 03:00:00,12,Beijing,LSTM,213.58333,100.56744,test
2016-11-18 16:00:00,2016-11-19 04:00:00,12,Beijing,LSTM,200.75,98.48801,test
2016-11-18 17:00:00,2016-11-19 05:00:00,12,Beijing,LSTM,189.0,98.57274,test
2016-11-18 18:00:00,2016-11-19 06:00:00,12,Beijing,LSTM,177.08333,68.98364,test
2016-11-18 19:00:00,2016-11-19 07:00:00,12,Beijing,LSTM,124.916664,48.09666,test
2016-11-18 20:00:00,2016-11-19 08:00:00,12,Beijing,LSTM,79.5,42.03761,test
2016-11-18 21:00:00,2016-11-19 09:00:00,12,Beijing,LSTM,48.75,41.162956,test
2016-11-18 22:00:00,2016-11-19 10:00:00,12,Beijing,LSTM,43.416668,34.938953,test
2016-11-18 23:00:00,2016-11-19 11:00:00,12,Beijing,LSTM,35.916668,32.45941,test
2016-11-19 00:00:00,2016-11-19 12:00:00,12,Beijing,LSTM,31.75,34.818287,test
2016-11-19 01:00:00,2016-11-19 13:00:00,12,Beijing,LSTM,28.25,39.08108,test
2016-11-19 02:00:00,2016-11-19 14:00:00,12,Beijing,LSTM,22.75,49.186203,test
2016-11-19 03:00:00,2016-11-19 15:00:00,12,Beijing,LSTM,24.25,61.86321,test
2016-11-19 04:00:00,2016-11-19 16:00:00,12,Beijing,LSTM,47.75,71.14286,test
2016-11-19 05:00:00,2016-11-19 17:00:00,12,Beijing,LSTM,116.916664,38.179142,test
2016-11-19 06:00:00,2016-11-19 18:00:00,12,Beijing,LSTM,155.08333,22.928545,test
2016-11-19 07:00:00,2016-11-19 19:00:00,12,Beijing,LSTM,177.75,16.013456,test
2016-11-19 08:00:00,2016-11-19 20:00:00,12,Beijing,LSTM,192.58333,22.751076,test
2016-11-19 09:00:00,2016-11-19 21:00:00,12,Beijing,LSTM,169.91667,21.466518,test
2016-11-19 10:00:00,2016-11-19 22:00:00,12,Beijing,LSTM,135.0,15.092248,test
2016-11-19 11:00:00,2016-11-19 23:00:00,12,Beijing,LSTM,112.666664,14.693694,test
2016-11-19 12:00:00,2016-11-20 00:00:00,12,Beijing,LSTM,109.583336,16.758465,test
2016-11-19 13:00:00,2016-11-20 01:00:00,12,Beijing,LSTM,102.416664,21.447983,test
2016-11-19 14:00:00,2016-11-20 02:00:00,12,Beijing,LSTM,89.666664,20.220776,test
2016-11-19 15:00:00,2016-11-20 03:00:00,12,Beijing,LSTM,76.333336,16.906754,test
2016-11-19 16:00:00,2016-11-20 04:00:00,12,Beijing,LSTM,64.25,16.517803,test
2016-11-19 17:00:00,2016-11-20 05:00:00,12,Beijing,LSTM,58.583332,21.845875,test
2016-11-19 18:00:00,2016-11-20 06:00:00,12,Beijing,LSTM,51.25,27.916933,test
2016-11-19 19:00:00,2016-11-20 07:00:00,12,Beijing,LSTM,49.5,34.746887,test
2016-11-19 20:00:00,2016-11-20 08:00:00,12,Beijing,LSTM,47.916668,32.380157,test
2016-11-19 21:00:00,2016-11-20 09:00:00,12,Beijing,LSTM,52.666668,22.556967,test
2016-11-19 22:00:00,2016-11-20 10:00:00,12,Beijing,LSTM,57.25,17.512358,test
2016-11-19 23:00:00,2016-11-20 11:00:00,12,Beijing,LSTM,57.75,18.97371,test
2016-11-20 00:00:00,2016-11-20 12:00:00,12,Beijing,LSTM,63.916668,24.215431,test
2016-11-20 01:00:00,2016-11-20 13:00:00,12,Beijing,LSTM,68.666664,33.745117,test
2016-11-20 02:00:00,2016-11-20 14:00:00,12,Beijing,LSTM,68.416664,34.0004,test
2016-11-20 03:00:00,2016-11-20 15:00:00,12,Beijing,LSTM,67.0,43.49628,test
2016-11-20 04:00:00,2016-11-20 16:00:00,12,Beijing,LSTM,56.5,47.091297,test
2016-11-20 05:00:00,2016-11-20 17:00:00,12,Beijing,LSTM,52.0,41.412403,test
2016-11-20 06:00:00,2016-11-20 18:00:00,12,Beijing,LSTM,35.333332,35.787205,test
2016-11-20 07:00:00,2016-11-20 19:00:00,12,Beijing,LSTM,29.0,29.650171,test
2016-11-20 08:00:00,2016-11-20 20:00:00,12,Beijing,LSTM,21.416668,24.102417,test
2016-11-20 09:00:00,2016-11-20 21:00:00,12,Beijing,LSTM,14.916667,24.76604,test
2016-11-20 10:00:00,2016-11-20 22:00:00,12,Beijing,LSTM,13.166667,21.022427,test
2016-11-20 11:00:00,2016-11-20 23:00:00,12,Beijing,LSTM,12.0,19.640388,test
2016-11-20 12:00:00,2016-11-21 00:00:00,12,Beijing,LSTM,11.166667,19.66317,test
2016-11-20 13:00:00,2016-11-21 01:00:00,12,Beijing,LSTM,13.416667,19.236614,test
2016-11-20 14:00:00,2016-11-21 02:00:00,12,Beijing,LSTM,12.416667,17.300955,test
2016-11-20 15:00:00,2016-11-21 03:00:00,12,Beijing,LSTM,10.333333,15.789548,test
2016-11-20 16:00:00,2016-11-21 04:00:00,12,Beijing,LSTM,9.583333,12.912049,test
2016-11-20 17:00:00,2016-11-21 05:00:00,12,Beijing,LSTM,11.083333,13.548509,test
2016-11-20 18:00:00,2016-11-21 06:00:00,12,Beijing,LSTM,6.916667,10.254499,test
2016-11-20 19:00:00,2016-11-21 07:00:00,12,Beijing,LSTM,9.5,9.875712,test
2016-11-20 20:00:00,2016-11-21 08:00:00,12,Beijing,LSTM,7.333333,9.256812,test
2016-11-20 21:00:00,2016-11-21 09:00:00,12,Beijing,LSTM,8.5,8.946263,test
2016-11-20 22:00:00,2016-11-21 10:00:00,12,Beijing,LSTM,9.583333,8.671667,test
2016-11-20 23:00:00,2016-11-21 11:00:00,12,Beijing,LSTM,9.416667,8.828978,test
2016-11-21 00:00:00,2016-11-21 12:00:00,12,Beijing,LSTM,9.666667,9.691228,test
2016-11-21 01:00:00,2016-11-21 13:00:00,12,Beijing,LSTM,11.0,9.635717,test
2016-11-21 02:00:00,2016-11-21 14:00:00,12,Beijing,LSTM,9.25,8.797372,test
2016-11-21 03:00:00,2016-11-21 15:00:00,12,Beijing,LSTM,8.75,8.813092,test
2016-11-21 04:00:00,2016-11-21 16:00:00,12,Beijing,LSTM,9.583333,8.448562,test
2016-11-21 05:00:00,2016-11-21 17:00:00,12,Beijing,LSTM,8.166667,8.308778,test
2016-11-21 06:00:00,2016-11-21 18:00:00,12,Beijing,LSTM,9.416667,8.305024,test
2016-11-21 07:00:00,2016-11-21 19:00:00,12,Beijing,LSTM,11.0,8.616817,test
2016-11-21 08:00:00,2016-11-21 20:00:00,12,Beijing,LSTM,10.833333,9.044417,test
2016-11-21 09:00:00,2016-11-21 21:00:00,12,Beijing,LSTM,9.083333,10.512143,test
2016-11-21 10:00:00,2016-11-21 22:00:00,12,Beijing,LSTM,8.416667,10.879779,test
2016-11-21 11:00:00,2016-11-21 23:00:00,12,Beijing,LSTM,7.083333,10.250192,test
2016-11-21 12:00:00,2016-11-22 00:00:00,12,Beijing,LSTM,8.25,11.29288,test
2016-11-21 13:00:00,2016-11-22 01:00:00,12,Beijing,LSTM,7.25,10.281148,test
2016-11-21 14:00:00,2016-11-22 02:00:00,12,Beijing,LSTM,5.333333,9.881215,test
2016-11-21 15:00:00,2016-11-22 03:00:00,12,Beijing,LSTM,5.916667,8.923795,test
2016-11-21 16:00:00,2016-11-22 04:00:00,12,Beijing,LSTM,6.0,9.147515,test
2016-11-21 17:00:00,2016-11-22 05:00:00,12,Beijing,LSTM,5.75,9.423627,test
2016-11-21 18:00:00,2016-11-22 06:00:00,12,Beijing,LSTM,4.666667,9.553708,test
2016-11-21 19:00:00,2016-11-22 07:00:00,12,Beijing,LSTM,6.5,10.78987,test
2016-11-21 20:00:00,2016-11-22 08:00:00,12,Beijing,LSTM,7.5,9.586953,test
2016-11-21 21:00:00,2016-11-22 09:00:00,12,Beijing,LSTM,7.833333,9.889986,test
2016-11-21 22:00:00,2016-11-22 10:00:00,12,Beijing,LSTM,8.083333,8.409571,test
2016-11-21 23:00:00,2016-11-22 11:00:00,12,Beijing,LSTM,7.75,8.323855,test
2016-11-22 00:00:00,2016-11-22 12:00:00,12,Beijing,LSTM,6.5,8.565692,test
2016-11-22 01:00:00,2016-11-22 13:00:00,12,Beijing,LSTM,6.0,10.552106,test
2016-11-22 02:00:00,2016-11-22 14:00:00,12,Beijing,LSTM,7.583333,9.88531,test
2016-11-22 03:00:00,2016-11-22 15:00:00,12,Beijing,LSTM,6.583333,11.145646,test
2016-11-22 04:00:00,2016-11-22 16:00:00,12,Beijing,LSTM,7.166667,11.238221,test
2016-11-22 05:00:00,2016-11-22 17:00:00,12,Beijing,LSTM,7.333333,12.5442095,test
2016-11-22 06:00:00,2016-11-22 18:00:00,12,Beijing,LSTM,9.416667,17.453854,test
2016-11-22 07:00:00,2016-11-22 19:00:00,12,Beijing,LSTM,14.083333,19.566406,test
2016-11-22 08:00:00,2016-11-22 20:00:00,12,Beijing,LSTM,13.666667,19.195839,test
2016-11-22 09:00:00,2016-11-22 21:00:00,12,Beijing,LSTM,13.416667,24.398754,test
2016-11-22 10:00:00,2016-11-22 22:00:00,12,Beijing,LSTM,12.25,21.850506,test
2016-11-22 11:00:00,2016-11-22 23:00:00,12,Beijing,LSTM,11.333333,27.549847,test
2016-11-22 12:00:00,2016-11-23 00:00:00,12,Beijing,LSTM,11.333333,26.032719,test
2016-11-22 13:00:00,2016-11-23 01:00:00,12,Beijing,LSTM,11.0,26.209635,test
2016-11-22 14:00:00,2016-11-23 02:00:00,12,Beijing,LSTM,10.5,24.614426,test
2016-11-22 15:00:00,2016-11-23 03:00:00,12,Beijing,LSTM,10.333333,23.914082,test
2016-11-22 16:00:00,2016-11-23 04:00:00,12,Beijing,LSTM,8.666667,23.62558,test
2016-11-22 17:00:00,2016-11-23 05:00:00,12,Beijing,LSTM,8.416667,23.479935,test
2016-11-22 18:00:00,2016-11-23 06:00:00,12,Beijing,LSTM,9.25,22.185282,test
2016-11-22 19:00:00,2016-11-23 07:00:00,12,Beijing,LSTM,12.166667,21.699535,test
2016-11-22 20:00:00,2016-11-23 08:00:00,12,Beijing,LSTM,15.583333,21.032595,test
2016-11-22 21:00:00,2016-11-23 09:00:00,12,Beijing,LSTM,24.75,20.779285,test
2016-11-22 22:00:00,2016-11-23 10:00:00,12,Beijing,LSTM,33.333332,20.728012,test
2016-11-22 23:00:00,2016-11-23 11:00:00,12,Beijing,LSTM,32.02778,18.818398,test
2016-11-23 00:00:00,2016-11-23 12:00:00,12,Beijing,LSTM,35.055557,19.561987,test
2016-11-23 01:00:00,2016-11-23 13:00:00,12,Beijing,LSTM,31.5,19.383514,test
2016-11-23 02:00:00,2016-11-23 14:00:00,12,Beijing,LSTM,31.416668,20.411983,test
2016-11-23 03:00:00,2016-11-23 15:00:00,12,Beijing,LSTM,18.666668,22.326166,test
2016-11-23 04:00:00,2016-11-23 16:00:00,12,Beijing,LSTM,10.416667,23.983685,test
2016-11-23 05:00:00,2016-11-23 17:00:00,12,Beijing,LSTM,16.333332,28.495592,test
2016-11-23 06:00:00,2016-11-23 18:00:00,12,Beijing,LSTM,23.333332,33.89055,test
2016-11-23 07:00:00,2016-11-23 19:00:00,12,Beijing,LSTM,29.25,40.10099,test
2016-11-23 08:00:00,2016-11-23 20:00:00,12,Beijing,LSTM,22.416668,49.930172,test
2016-11-23 09:00:00,2016-11-23 21:00:00,12,Beijing,LSTM,23.75,59.238163,test
2016-11-23 10:00:00,2016-11-23 22:00:00,12,Beijing,LSTM,14.416667,65.84897,test
2016-11-23 11:00:00,2016-11-23 23:00:00,12,Beijing,LSTM,10.5,68.963135,test
2016-11-23 12:00:00,2016-11-24 00:00:00,12,Beijing,LSTM,12.583333,72.11863,test
2016-11-23 13:00:00,2016-11-24 01:00:00,12,Beijing,LSTM,11.583333,73.17175,test
2016-11-23 14:00:00,2016-11-24 02:00:00,12,Beijing,LSTM,14.75,71.46553,test
2016-11-23 15:00:00,2016-11-24 03:00:00,12,Beijing,LSTM,11.333333,42.366085,test
2016-11-23 16:00:00,2016-11-24 04:00:00,12,Beijing,LSTM,11.916667,34.016937,test
2016-11-23 17:00:00,2016-11-24 05:00:00,12,Beijing,LSTM,12.666667,31.741024,test
2016-11-23 18:00:00,2016-11-24 06:00:00,12,Beijing,LSTM,16.666668,30.138157,test
2016-11-23 19:00:00,2016-11-24 07:00:00,12,Beijing,LSTM,17.916668,31.201809,test
2016-11-23 20:00:00,2016-11-24 08:00:00,12,Beijing,LSTM,31.333332,23.580858,test
2016-11-23 21:00:00,2016-11-24 09:00:00,12,Beijing,LSTM,54.0,22.49835,test
2016-11-23 22:00:00,2016-11-24 10:00:00,12,Beijing,LSTM,54.666668,20.713314,test
2016-11-23 23:00:00,2016-11-24 11:00:00,12,Beijing,LSTM,60.583332,20.822454,test
2016-11-24 00:00:00,2016-11-24 12:00:00,12,Beijing,LSTM,67.0,21.502626,test
2016-11-24 01:00:00,2016-11-24 13:00:00,12,Beijing,LSTM,68.5,22.98166,test
2016-11-24 02:00:00,2016-11-24 14:00:00,12,Beijing,LSTM,70.208336,25.138313,test
2016-11-24 03:00:00,2016-11-24 15:00:00,12,Beijing,LSTM,74.916664,31.06468,test
2016-11-24 04:00:00,2016-11-24 16:00:00,12,Beijing,LSTM,79.916664,32.83175,test
2016-11-24 05:00:00,2016-11-24 17:00:00,12,Beijing,LSTM,88.333336,40.188564,test
2016-11-24 06:00:00,2016-11-24 18:00:00,12,Beijing,LSTM,109.25,50.398106,test
2016-11-24 07:00:00,2016-11-24 19:00:00,12,Beijing,LSTM,136.16667,58.67172,test
2016-11-24 08:00:00,2016-11-24 20:00:00,12,Beijing,LSTM,152.33333,66.384834,test
2016-11-24 09:00:00,2016-11-24 21:00:00,12,Beijing,LSTM,157.5,72.0814,test
2016-11-24 10:00:00,2016-11-24 22:00:00,12,Beijing,LSTM,151.75,76.28285,test
2016-11-24 11:00:00,2016-11-24 23:00:00,12,Beijing,LSTM,152.75,79.73837,test
2016-11-24 12:00:00,2016-11-25 00:00:00,12,Beijing,LSTM,155.08333,82.49268,test
2016-11-24 13:00:00,2016-11-25 01:00:00,12,Beijing,LSTM,150.0,83.95256,test
2016-11-24 14:00:00,2016-11-25 02:00:00,12,Beijing,LSTM,143.5,84.17125,test
2016-11-24 15:00:00,2016-11-25 03:00:00,12,Beijing,LSTM,140.16667,83.19554,test
2016-11-24 16:00:00,2016-11-25 04:00:00,12,Beijing,LSTM,129.66667,81.1031,test
2016-11-24 17:00:00,2016-11-25 05:00:00,12,Beijing,LSTM,110.083336,78.59157,test
2016-11-24 18:00:00,2016-11-25 06:00:00,12,Beijing,LSTM,99.583336,73.354965,test
2016-11-24 19:00:00,2016-11-25 07:00:00,12,Beijing,LSTM,95.75,71.24254,test
2016-11-24 20:00:00,2016-11-25 08:00:00,12,Beijing,LSTM,91.583336,65.24693,test
2016-11-24 21:00:00,2016-11-25 09:00:00,12,Beijing,LSTM,92.5,56.108807,test
2016-11-24 22:00:00,2016-11-25 10:00:00,12,Beijing,LSTM,98.0,41.784992,test
2016-11-24 23:00:00,2016-11-25 11:00:00,12,Beijing,LSTM,103.0,36.210735,test
2016-11-25 00:00:00,2016-11-25 12:00:00,12,Beijing,LSTM,105.833336,33.61789,test
2016-11-25 01:00:00,2016-11-25 13:00:00,12,Beijing,LSTM,110.666664,33.395657,test
2016-11-25 02:00:00,2016-11-25 14:00:00,12,Beijing,LSTM,112.166664,36.301895,test
2016-11-25 03:00:00,2016-11-25 15:00:00,12,Beijing,LSTM,119.25,42.39678,test
2016-11-25 04:00:00,2016-11-25 16:00:00,12,Beijing,LSTM,139.66667,57.401276,test
2016-11-25 05:00:00,2016-11-25 17:00:00,12,Beijing,LSTM,160.66667,67.94856,test
2016-11-25 06:00:00,2016-11-25 18:00:00,12,Beijing,LSTM,191.58333,88.05647,test
2016-11-25 07:00:00,2016-11-25 19:00:00,12,Beijing,LSTM,236.5,96.50216,test
2016-11-25 08:00:00,2016-11-25 20:00:00,12,Beijing,LSTM,246.15237,100.04118,test
2016-11-25 09:00:00,2016-11-25 21:00:00,12,Beijing,LSTM,256.05475,101.07564,test
2016-11-25 10:00:00,2016-11-25 22:00:00,12,Beijing,LSTM,255.54742,101.770996,test
2016-11-25 11:00:00,2016-11-25 23:00:00,12,Beijing,LSTM,259.70676,101.98236,test
2016-11-25 12:00:00,2016-11-26 00:00:00,12,Beijing,LSTM,264.36606,102.12558,test
2016-11-25 13:00:00,2016-11-26 01:00:00,12,Beijing,LSTM,258.0476,102.18651,test
2016-11-25 14:00:00,2016-11-26 02:00:00,12,Beijing,LSTM,247.0,102.20157,test
2016-11-25 15:00:00,2016-11-26 03:00:00,12,Beijing,LSTM,250.83333,102.18115,test
2016-11-25 16:00:00,2016-11-26 04:00:00,12,Beijing,LSTM,236.16667,102.1622,test
2016-11-25 17:00:00,2016-11-26 05:00:00,12,Beijing,LSTM,246.65,102.12507,test
2016-11-25 18:00:00,2016-11-26 06:00:00,12,Beijing,LSTM,252.55,98.66379,test
2016-11-25 19:00:00,2016-11-26 07:00:00,12,Beijing,LSTM,241.95,99.9012,test
2016-11-25 20:00:00,2016-11-26 08:00:00,12,Beijing,LSTM,241.68333,94.06618,test
2016-11-25 21:00:00,2016-11-26 09:00:00,12,Beijing,LSTM,261.66666,86.83335,test
2016-11-25 22:00:00,2016-11-26 10:00:00,12,Beijing,LSTM,275.93054,87.24335,test
2016-11-25 23:00:00,2016-11-26 11:00:00,12,Beijing,LSTM,285.19446,90.872215,test
2016-11-26 00:00:00,2016-11-26 12:00:00,12,Beijing,LSTM,235.0,95.52504,test
2016-11-26 01:00:00,2016-11-26 13:00:00,12,Beijing,LSTM,217.33333,98.42609,test
2016-11-26 02:00:00,2016-11-26 14:00:00,12,Beijing,LSTM,203.08333,99.67737,test
2016-11-26 03:00:00,2016-11-26 15:00:00,12,Beijing,LSTM,188.5,101.105225,test
2016-11-26 04:00:00,2016-11-26 16:00:00,12,Beijing,LSTM,189.11905,101.7079,test
2016-11-26 05:00:00,2016-11-26 17:00:00,12,Beijing,LSTM,230.15475,102.05621,test
2016-11-26 06:00:00,2016-11-26 18:00:00,12,Beijing,LSTM,257.0238,102.17554,test
2016-11-26 07:00:00,2016-11-26 19:00:00,12,Beijing,LSTM,267.2143,102.21791,test
2016-11-26 08:00:00,2016-11-26 20:00:00,12,Beijing,LSTM,273.50198,102.231155,test
2016-11-26 09:00:00,2016-11-26 21:00:00,12,Beijing,LSTM,266.70636,102.2495,test
2016-11-26 10:00:00,2016-11-26 22:00:00,12,Beijing,LSTM,260.88293,102.25389,test
2016-11-26 11:00:00,2016-11-26 23:00:00,12,Beijing,LSTM,261.57938,102.25247,test
2016-11-26 12:00:00,2016-11-27 00:00:00,12,Beijing,LSTM,253.60913,100.28391,test
2016-11-26 13:00:00,2016-11-27 01:00:00,12,Beijing,LSTM,240.80556,100.96644,test
2016-11-26 14:00:00,2016-11-27 02:00:00,12,Beijing,LSTM,212.36111,98.348434,test
2016-11-26 15:00:00,2016-11-27 03:00:00,12,Beijing,LSTM,115.5,91.42235,test
2016-11-26 16:00:00,2016-11-27 04:00:00,12,Beijing,LSTM,88.916664,96.73342,test
2016-11-26 17:00:00,2016-11-27 05:00:00,12,Beijing,LSTM,65.333336,99.76735,test
2016-11-26 18:00:00,2016-11-27 06:00:00,12,Beijing,LSTM,47.666668,100.75216,test
2016-11-26 19:00:00,2016-11-27 07:00:00,12,Beijing,LSTM,37.583332,101.192474,test
2016-11-26 20:00:00,2016-11-27 08:00:00,12,Beijing,LSTM,20.333332,101.641014,test
2016-11-26 21:00:00,2016-11-27 09:00:00,12,Beijing,LSTM,12.833333,101.57878,test
2016-11-26 22:00:00,2016-11-27 10:00:00,12,Beijing,LSTM,13.333333,101.64744,test
2016-11-26 23:00:00,2016-11-27 11:00:00,12,Beijing,LSTM,11.083333,101.83716,test
2016-11-27 00:00:00,2016-11-27 12:00:00,12,Beijing,LSTM,9.833333,101.97443,test
2016-11-27 01:00:00,2016-11-27 13:00:00,12,Beijing,LSTM,9.333333,102.10759,test
2016-11-27 02:00:00,2016-11-27 14:00:00,12,Beijing,LSTM,9.5,100.4023,test
2016-11-27 03:00:00,2016-11-27 15:00:00,12,Beijing,LSTM,11.0,40.495014,test
2016-11-27 04:00:00,2016-11-27 16:00:00,12,Beijing,LSTM,8.333333,46.610867,test
2016-11-27 05:00:00,2016-11-27 17:00:00,12,Beijing,LSTM,10.083333,46.323193,test
2016-11-27 06:00:00,2016-11-27 18:00:00,12,Beijing,LSTM,12.5,48.903587,test
2016-11-27 07:00:00,2016-11-27 19:00:00,12,Beijing,LSTM,16.916668,50.092205,test
2016-11-27 08:00:00,2016-11-27 20:00:00,12,Beijing,LSTM,19.833332,48.72534,test
2016-11-27 09:00:00,2016-11-27 21:00:00,12,Beijing,LSTM,23.083332,40.716793,test
2016-11-27 10:00:00,2016-11-27 22:00:00,12,Beijing,LSTM,30.416668,37.5352,test
2016-11-27 11:00:00,2016-11-27 23:00:00,12,Beijing,LSTM,25.5,26.609316,test
2016-11-27 12:00:00,2016-11-28 00:00:00,12,Beijing,LSTM,24.25,27.902672,test
2016-11-27 13:00:00,2016-11-28 01:00:00,12,Beijing,LSTM,28.666668,17.470282,test
2016-11-27 14:00:00,2016-11-28 02:00:00,12,Beijing,LSTM,41.333332,16.397926,test
2016-11-27 15:00:00,2016-11-28 03:00:00,12,Beijing,LSTM,47.333332,11.979495,test
2016-11-27 16:00:00,2016-11-28 04:00:00,12,Beijing,LSTM,49.916668,10.62556,test
2016-11-27 17:00:00,2016-11-28 05:00:00,12,Beijing,LSTM,50.166668,11.178581,test
2016-11-27 18:00:00,2016-11-28 06:00:00,12,Beijing,LSTM,47.25,12.133796,test
2016-11-27 19:00:00,2016-11-28 07:00:00,12,Beijing,LSTM,47.5,13.620286,test
2016-11-27 20:00:00,2016-11-28 08:00:00,12,Beijing,LSTM,47.25,14.967157,test
2016-11-27 21:00:00,2016-11-28 09:00:00,12,Beijing,LSTM,46.5,16.855871,test
2016-11-27 22:00:00,2016-11-28 10:00:00,12,Beijing,LSTM,44.166668,19.902277,test
2016-11-27 23:00:00,2016-11-28 11:00:00,12,Beijing,LSTM,47.166668,20.491257,test
2016-11-28 00:00:00,2016-11-28 12:00:00,12,Beijing,LSTM,48.416668,27.76898,test
2016-11-28 01:00:00,2016-11-28 13:00:00,12,Beijing,LSTM,54.583332,40.19881,test
2016-11-28 02:00:00,2016-11-28 14:00:00,12,Beijing,LSTM,64.333336,57.034798,test
2016-11-28 03:00:00,2016-11-28 15:00:00,12,Beijing,LSTM,66.958336,72.687126,test
2016-11-28 04:00:00,2016-11-28 16:00:00,12,Beijing,LSTM,67.833336,86.982605,test
2016-11-28 05:00:00,2016-11-28 17:00:00,12,Beijing,LSTM,72.75,96.99965,test
2016-11-28 06:00:00,2016-11-28 18:00:00,12,Beijing,LSTM,80.333336,100.90291,test
2016-11-28 07:00:00,2016-11-28 19:00:00,12,Beijing,LSTM,94.166664,101.91398,test
2016-11-28 08:00:00,2016-11-28 20:00:00,12,Beijing,LSTM,95.0,102.15142,test
2016-11-28 09:00:00,2016-11-28 21:00:00,12,Beijing,LSTM,86.333336,102.196365,test
2016-11-28 10:00:00,2016-11-28 22:00:00,12,Beijing,LSTM,85.166664,102.173706,test
2016-11-28 11:00:00,2016-11-28 23:00:00,12,Beijing,LSTM,82.833336,102.21043,test
2016-11-28 12:00:00,2016-11-29 00:00:00,12,Beijing,LSTM,85.25,102.23723,test
2016-11-28 13:00:00,2016-11-29 01:00:00,12,Beijing,LSTM,86.0,102.25281,test
2016-11-28 14:00:00,2016-11-29 02:00:00,12,Beijing,LSTM,79.833336,102.25597,test
2016-11-28 15:00:00,2016-11-29 03:00:00,12,Beijing,LSTM,75.666664,102.24533,test
2016-11-28 16:00:00,2016-11-29 04:00:00,12,Beijing,LSTM,71.75,102.227356,test
2016-11-28 17:00:00,2016-11-29 05:00:00,12,Beijing,LSTM,68.25,102.163704,test
2016-11-28 18:00:00,2016-11-29 06:00:00,12,Beijing,LSTM,61.0,101.4315,test
2016-11-28 19:00:00,2016-11-29 07:00:00,12,Beijing,LSTM,50.833332,99.43818,test
2016-11-28 20:00:00,2016-11-29 08:00:00,12,Beijing,LSTM,48.0,96.18831,test
2016-11-28 21:00:00,2016-11-29 09:00:00,12,Beijing,LSTM,58.833332,87.05859,test
2016-11-28 22:00:00,2016-11-29 10:00:00,12,Beijing,LSTM,72.5,58.890102,test
2016-11-28 23:00:00,2016-11-29 11:00:00,12,Beijing,LSTM,97.25,55.505825,test
2016-11-29 00:00:00,2016-11-29 12:00:00,12,Beijing,LSTM,130.58333,48.357098,test
2016-11-29 01:00:00,2016-11-29 13:00:00,12,Beijing,LSTM,139.25,56.80879,test
2016-11-29 02:00:00,2016-11-29 14:00:00,12,Beijing,LSTM,137.83333,43.06117,test
2016-11-29 03:00:00,2016-11-29 15:00:00,12,Beijing,LSTM,124.0,54.483448,test
2016-11-29 04:00:00,2016-11-29 16:00:00,12,Beijing,LSTM,117.583336,68.90762,test
2016-11-29 05:00:00,2016-11-29 17:00:00,12,Beijing,LSTM,108.166664,85.06979,test
2016-11-29 06:00:00,2016-11-29 18:00:00,12,Beijing,LSTM,112.25,95.95307,test
2016-11-29 07:00:00,2016-11-29 19:00:00,12,Beijing,LSTM,112.75,99.967575,test
2016-11-29 08:00:00,2016-11-29 20:00:00,12,Beijing,LSTM,124.833336,100.8834,test
2016-11-29 09:00:00,2016-11-29 21:00:00,12,Beijing,LSTM,126.25,101.66268,test
2016-11-29 10:00:00,2016-11-29 22:00:00,12,Beijing,LSTM,118.666664,101.92376,test
2016-11-29 11:00:00,2016-11-29 23:00:00,12,Beijing,LSTM,114.0,102.134636,test
2016-11-29 12:00:00,2016-11-30 00:00:00,12,Beijing,LSTM,107.416664,102.199326,test
2016-11-29 13:00:00,2016-11-30 01:00:00,12,Beijing,LSTM,102.833336,102.23277,test
2016-11-29 14:00:00,2016-11-30 02:00:00,12,Beijing,LSTM,102.083336,102.24733,test
2016-11-29 15:00:00,2016-11-30 03:00:00,12,Beijing,LSTM,102.833336,102.24542,test
2016-11-29 16:00:00,2016-11-30 04:00:00,12,Beijing,LSTM,103.083336,102.20901,test
2016-11-29 17:00:00,2016-11-30 05:00:00,12,Beijing,LSTM,107.0,102.24289,test
2016-11-29 18:00:00,2016-11-30 06:00:00,12,Beijing,LSTM,115.083336,102.23834,test
2016-11-29 19:00:00,2016-11-30 07:00:00,12,Beijing,LSTM,113.5,102.24072,test
2016-11-29 20:00:00,2016-11-30 08:00:00,12,Beijing,LSTM,116.583336,102.25299,test
2016-11-29 21:00:00,2016-11-30 09:00:00,12,Beijing,LSTM,118.833336,102.22941,test
2016-11-29 22:00:00,2016-11-30 10:00:00,12,Beijing,LSTM,134.91667,101.954544,test
2016-11-29 23:00:00,2016-11-30 11:00:00,12,Beijing,LSTM,155.5,102.1357,test
2016-11-30 00:00:00,2016-11-30 12:00:00,12,Beijing,LSTM,175.66667,102.15914,test
2016-11-30 01:00:00,2016-11-30 13:00:00,12,Beijing,LSTM,156.66667,102.142006,test
2016-11-30 02:00:00,2016-11-30 14:00:00,12,Beijing,LSTM,129.91667,102.191635,test
2016-11-30 03:00:00,2016-11-30 15:00:00,12,Beijing,LSTM,105.916664,102.22544,test
2016-11-30 04:00:00,2016-11-30 16:00:00,12,Beijing,LSTM,87.166664,102.24318,test
2016-11-30 05:00:00,2016-11-30 17:00:00,12,Beijing,LSTM,51.416668,102.22538,test
2016-11-30 06:00:00,2016-11-30 18:00:00,12,Beijing,LSTM,30.333332,102.236755,test
2016-11-30 07:00:00,2016-11-30 19:00:00,12,Beijing,LSTM,10.0,102.24345,test
2016-11-30 08:00:00,2016-11-30 20:00:00,12,Beijing,LSTM,9.583333,102.197685,test
2016-11-30 09:00:00,2016-11-30 21:00:00,12,Beijing,LSTM,7.416667,102.10133,test
2016-11-30 10:00:00,2016-11-30 22:00:00,12,Beijing,LSTM,8.083333,102.07379,test
2016-11-30 11:00:00,2016-11-30 23:00:00,12,Beijing,LSTM,9.25,102.11601,test
2016-11-30 12:00:00,2016-12-01 00:00:00,12,Beijing,LSTM,8.583333,101.87492,test
2016-11-30 13:00:00,2016-12-01 01:00:00,12,Beijing,LSTM,11.833333,94.70337,test
2016-11-30 14:00:00,2016-12-01 02:00:00,12,Beijing,LSTM,11.916667,39.131817,test
2016-11-30 15:00:00,2016-12-01 03:00:00,12,Beijing,LSTM,9.75,26.561579,test
2016-11-30 16:00:00,2016-12-01 04:00:00,12,Beijing,LSTM,9.583333,12.189591,test
2016-11-30 17:00:00,2016-12-01 05:00:00,12,Beijing,LSTM,7.583333,9.81028,test
2016-11-30 18:00:00,2016-12-01 06:00:00,12,Beijing,LSTM,8.416667,9.382116,test
2016-11-30 19:00:00,2016-12-01 07:00:00,12,Beijing,LSTM,8.166667,10.497805,test
2016-11-30 20:00:00,2016-12-01 08:00:00,12,Beijing,LSTM,10.416667,12.170221,test
2016-11-30 21:00:00,2016-12-01 09:00:00,12,Beijing,LSTM,11.25,12.642512,test
2016-11-30 22:00:00,2016-12-01 10:00:00,12,Beijing,LSTM,10.333333,13.749707,test
2016-11-30 23:00:00,2016-12-01 11:00:00,12,Beijing,LSTM,8.75,18.320547,test
2016-12-01 00:00:00,2016-12-01 12:00:00,12,Beijing,LSTM,8.916667,22.265202,test
2016-12-01 01:00:00,2016-12-01 13:00:00,12,Beijing,LSTM,10.833333,29.01528,test
2016-12-01 02:00:00,2016-12-01 14:00:00,12,Beijing,LSTM,10.833333,36.64665,test
2016-12-01 03:00:00,2016-12-01 15:00:00,12,Beijing,LSTM,10.833333,43.620026,test
2016-12-01 04:00:00,2016-12-01 16:00:00,12,Beijing,LSTM,13.333333,52.546383,test
2016-12-01 05:00:00,2016-12-01 17:00:00,12,Beijing,LSTM,25.0,52.334377,test
2016-12-01 06:00:00,2016-12-01 18:00:00,12,Beijing,LSTM,50.0,61.088303,test
2016-12-01 07:00:00,2016-12-01 19:00:00,12,Beijing,LSTM,69.25,54.21059,test
2016-12-01 08:00:00,2016-12-01 20:00:00,12,Beijing,LSTM,86.25,54.42508,test
2016-12-01 09:00:00,2016-12-01 21:00:00,12,Beijing,LSTM,85.75,56.556843,test
2016-12-01 10:00:00,2016-12-01 22:00:00,12,Beijing,LSTM,87.583336,52.967236,test
2016-12-01 11:00:00,2016-12-01 23:00:00,12,Beijing,LSTM,93.083336,51.469166,test
2016-12-01 12:00:00,2016-12-02 00:00:00,12,Beijing,LSTM,95.583336,56.30081,test
2016-12-01 13:00:00,2016-12-02 01:00:00,12,Beijing,LSTM,95.166664,59.551807,test
2016-12-01 14:00:00,2016-12-02 02:00:00,12,Beijing,LSTM,97.333336,64.30568,test
2016-12-01 15:00:00,2016-12-02 03:00:00,12,Beijing,LSTM,87.916664,63.66583,test
2016-12-01 16:00:00,2016-12-02 04:00:00,12,Beijing,LSTM,73.083336,67.97339,test
2016-12-01 17:00:00,2016-12-02 05:00:00,12,Beijing,LSTM,53.166668,74.393135,test
2016-12-01 18:00:00,2016-12-02 06:00:00,12,Beijing,LSTM,46.25,80.03793,test
2016-12-01 19:00:00,2016-12-02 07:00:00,12,Beijing,LSTM,47.083332,84.14307,test
2016-12-01 20:00:00,2016-12-02 08:00:00,12,Beijing,LSTM,40.916668,86.71036,test
2016-12-01 21:00:00,2016-12-02 09:00:00,12,Beijing,LSTM,42.416668,88.78162,test
2016-12-01 22:00:00,2016-12-02 10:00:00,12,Beijing,LSTM,47.0,92.40549,test
2016-12-01 23:00:00,2016-12-02 11:00:00,12,Beijing,LSTM,52.166668,97.05963,test
2016-12-02 00:00:00,2016-12-02 12:00:00,12,Beijing,LSTM,58.083332,100.09248,test
2016-12-02 01:00:00,2016-12-02 13:00:00,12,Beijing,LSTM,58.083332,101.55037,test
2016-12-02 02:00:00,2016-12-02 14:00:00,12,Beijing,LSTM,64.770836,102.0518,test
2016-12-02 03:00:00,2016-12-02 15:00:00,12,Beijing,LSTM,75.958336,102.182465,test
2016-12-02 04:00:00,2016-12-02 16:00:00,12,Beijing,LSTM,88.395836,102.22983,test
2016-12-02 05:00:00,2016-12-02 17:00:00,12,Beijing,LSTM,113.916664,102.21382,test
2016-12-02 06:00:00,2016-12-02 18:00:00,12,Beijing,LSTM,135.33333,102.23971,test
2016-12-02 07:00:00,2016-12-02 19:00:00,12,Beijing,LSTM,147.83333,102.24746,test
2016-12-02 08:00:00,2016-12-02 20:00:00,12,Beijing,LSTM,162.41667,102.23417,test
2016-12-02 09:00:00,2016-12-02 21:00:00,12,Beijing,LSTM,176.75,102.24007,test
2016-12-02 10:00:00,2016-12-02 22:00:00,12,Beijing,LSTM,185.25,102.21919,test
2016-12-02 11:00:00,2016-12-02 23:00:00,12,Beijing,LSTM,180.33333,102.23468,test
2016-12-02 12:00:00,2016-12-03 00:00:00,12,Beijing,LSTM,158.5,102.26071,test
2016-12-02 13:00:00,2016-12-03 01:00:00,12,Beijing,LSTM,137.08333,102.25939,test
2016-12-02 14:00:00,2016-12-03 02:00:00,12,Beijing,LSTM,132.33333,102.25642,test
2016-12-02 15:00:00,2016-12-03 03:00:00,12,Beijing,LSTM,132.5,102.258545,test
2016-12-02 16:00:00,2016-12-03 04:00:00,12,Beijing,LSTM,123.833336,102.25663,test
2016-12-02 17:00:00,2016-12-03 05:00:00,12,Beijing,LSTM,107.416664,102.26028,test
2016-12-02 18:00:00,2016-12-03 06:00:00,12,Beijing,LSTM,89.833336,102.25852,test
2016-12-02 19:00:00,2016-12-03 07:00:00,12,Beijing,LSTM,82.5,102.252396,test
2016-12-02 20:00:00,2016-12-03 08:00:00,12,Beijing,LSTM,81.666664,102.23015,test
2016-12-02 21:00:00,2016-12-03 09:00:00,12,Beijing,LSTM,84.833336,102.2535,test
2016-12-02 22:00:00,2016-12-03 10:00:00,12,Beijing,LSTM,96.333336,102.25552,test
2016-12-02 23:00:00,2016-12-03 11:00:00,12,Beijing,LSTM,93.5,102.23897,test
2016-12-03 00:00:00,2016-12-03 12:00:00,12,Beijing,LSTM,111.416664,102.15571,test
2016-12-03 01:00:00,2016-12-03 13:00:00,12,Beijing,LSTM,141.83333,102.22259,test
2016-12-03 02:00:00,2016-12-03 14:00:00,12,Beijing,LSTM,166.0,102.25625,test
2016-12-03 03:00:00,2016-12-03 15:00:00,12,Beijing,LSTM,196.5,102.26328,test
2016-12-03 04:00:00,2016-12-03 16:00:00,12,Beijing,LSTM,226.58333,102.261734,test
2016-12-03 05:00:00,2016-12-03 17:00:00,12,Beijing,LSTM,239.0,102.234665,test
2016-12-03 06:00:00,2016-12-03 18:00:00,12,Beijing,LSTM,249.97223,102.18862,test
2016-12-03 07:00:00,2016-12-03 19:00:00,12,Beijing,LSTM,257.71112,102.20548,test
2016-12-03 08:00:00,2016-12-03 20:00:00,12,Beijing,LSTM,258.95,102.23745,test
2016-12-03 09:00:00,2016-12-03 21:00:00,12,Beijing,LSTM,254.35556,102.25664,test
2016-12-03 10:00:00,2016-12-03 22:00:00,12,Beijing,LSTM,259.7611,102.25365,test
2016-12-03 11:00:00,2016-12-03 23:00:00,12,Beijing,LSTM,264.16666,102.242805,test
2016-12-03 12:00:00,2016-12-04 00:00:00,12,Beijing,LSTM,220.25,102.26111,test
2016-12-03 13:00:00,2016-12-04 01:00:00,12,Beijing,LSTM,217.6875,102.26714,test
2016-12-03 14:00:00,2016-12-04 02:00:00,12,Beijing,LSTM,229.875,102.26813,test
2016-12-03 15:00:00,2016-12-04 03:00:00,12,Beijing,LSTM,221.4375,102.26945,test
2016-12-03 16:00:00,2016-12-04 04:00:00,12,Beijing,LSTM,204.25,102.26924,test
2016-12-03 17:00:00,2016-12-04 05:00:00,12,Beijing,LSTM,206.4,102.26982,test
2016-12-03 18:00:00,2016-12-04 06:00:00,12,Beijing,LSTM,190.8,102.26984,test
2016-12-03 19:00:00,2016-12-04 07:00:00,12,Beijing,LSTM,208.83333,102.26987,test
2016-12-03 20:00:00,2016-12-04 08:00:00,12,Beijing,LSTM,188.83333,102.269424,test
2016-12-03 21:00:00,2016-12-04 09:00:00,12,Beijing,LSTM,237.77777,102.26944,test
2016-12-03 22:00:00,2016-12-04 10:00:00,12,Beijing,LSTM,239.59091,102.26911,test
2016-12-03 23:00:00,2016-12-04 11:00:00,12,Beijing,LSTM,211.58333,102.26956,test
2016-12-04 00:00:00,2016-12-04 12:00:00,12,Beijing,LSTM,179.66667,102.19531,test
2016-12-04 01:00:00,2016-12-04 13:00:00,12,Beijing,LSTM,160.08333,102.26528,test
2016-12-04 02:00:00,2016-12-04 14:00:00,12,Beijing,LSTM,124.916664,102.26827,test
2016-12-04 03:00:00,2016-12-04 15:00:00,12,Beijing,LSTM,83.0,102.26813,test
2016-12-04 04:00:00,2016-12-04 16:00:00,12,Beijing,LSTM,65.916664,102.26698,test
2016-12-04 05:00:00,2016-12-04 17:00:00,12,Beijing,LSTM,72.0,102.26495,test
2016-12-04 06:00:00,2016-12-04 18:00:00,12,Beijing,LSTM,105.0,102.26437,test
2016-12-04 07:00:00,2016-12-04 19:00:00,12,Beijing,LSTM,198.41667,102.26748,test
2016-12-04 08:00:00,2016-12-04 20:00:00,12,Beijing,LSTM,232.41667,102.254654,test
2016-12-04 09:00:00,2016-12-04 21:00:00,12,Beijing,LSTM,244.75,102.26788,test
2016-12-04 10:00:00,2016-12-04 22:00:00,12,Beijing,LSTM,239.08333,102.26567,test
2016-12-04 11:00:00,2016-12-04 23:00:00,12,Beijing,LSTM,224.5,102.212845,test
2016-12-04 12:00:00,2016-12-05 00:00:00,12,Beijing,LSTM,194.27777,102.18599,test
2016-12-04 13:00:00,2016-12-05 01:00:00,12,Beijing,LSTM,136.38889,100.864395,test
2016-12-04 14:00:00,2016-12-05 02:00:00,12,Beijing,LSTM,124.75,79.571335,test
2016-12-04 15:00:00,2016-12-05 03:00:00,12,Beijing,LSTM,110.916664,44.156044,test
2016-12-04 16:00:00,2016-12-05 04:00:00,12,Beijing,LSTM,104.0,35.829967,test
2016-12-04 17:00:00,2016-12-05 05:00:00,12,Beijing,LSTM,101.333336,38.257652,test
2016-12-04 18:00:00,2016-12-05 06:00:00,12,Beijing,LSTM,91.0,41.26757,test
2016-12-04 19:00:00,2016-12-05 07:00:00,12,Beijing,LSTM,74.916664,51.166996,test
2016-12-04 20:00:00,2016-12-05 08:00:00,12,Beijing,LSTM,66.416664,51.54888,test
2016-12-04 21:00:00,2016-12-05 09:00:00,12,Beijing,LSTM,39.083332,51.8601,test
2016-12-04 22:00:00,2016-12-05 10:00:00,12,Beijing,LSTM,15.916667,53.44337,test
2016-12-04 23:00:00,2016-12-05 11:00:00,12,Beijing,LSTM,11.333333,57.445156,test
2016-12-05 00:00:00,2016-12-05 12:00:00,12,Beijing,LSTM,6.083333,59.80101,test
2016-12-05 01:00:00,2016-12-05 13:00:00,12,Beijing,LSTM,7.5,40.04032,test
2016-12-05 02:00:00,2016-12-05 14:00:00,12,Beijing,LSTM,8.083333,68.20767,test
2016-12-05 03:00:00,2016-12-05 15:00:00,12,Beijing,LSTM,6.75,79.11636,test
2016-12-05 04:00:00,2016-12-05 16:00:00,12,Beijing,LSTM,6.375,89.23408,test
2016-12-05 05:00:00,2016-12-05 17:00:00,12,Beijing,LSTM,5.833333,94.61872,test
2016-12-05 06:00:00,2016-12-05 18:00:00,12,Beijing,LSTM,6.416667,97.37474,test
2016-12-05 07:00:00,2016-12-05 19:00:00,12,Beijing,LSTM,9.25,83.72137,test
2016-12-05 08:00:00,2016-12-05 20:00:00,12,Beijing,LSTM,11.833333,36.6909,test
2016-12-05 09:00:00,2016-12-05 21:00:00,12,Beijing,LSTM,15.416667,19.91013,test
2016-12-05 10:00:00,2016-12-05 22:00:00,12,Beijing,LSTM,18.416668,13.982657,test
2016-12-05 11:00:00,2016-12-05 23:00:00,12,Beijing,LSTM,22.416668,13.256242,test
2016-12-05 12:00:00,2016-12-06 00:00:00,12,Beijing,LSTM,28.583332,12.506398,test
2016-12-05 13:00:00,2016-12-06 01:00:00,12,Beijing,LSTM,35.583332,12.430131,test
2016-12-05 14:00:00,2016-12-06 02:00:00,12,Beijing,LSTM,39.916668,10.189712,test
2016-12-05 15:00:00,2016-12-06 03:00:00,12,Beijing,LSTM,38.333332,9.514986,test
2016-12-05 16:00:00,2016-12-06 04:00:00,12,Beijing,LSTM,38.25,9.606103,test
2016-12-05 17:00:00,2016-12-06 05:00:00,12,Beijing,LSTM,40.333332,10.950135,test
2016-12-05 18:00:00,2016-12-06 06:00:00,12,Beijing,LSTM,39.25,13.180202,test
2016-12-05 19:00:00,2016-12-06 07:00:00,12,Beijing,LSTM,45.75,15.700822,test
2016-12-05 20:00:00,2016-12-06 08:00:00,12,Beijing,LSTM,56.75,20.359066,test
2016-12-05 21:00:00,2016-12-06 09:00:00,12,Beijing,LSTM,59.583332,28.743797,test
2016-12-05 22:00:00,2016-12-06 10:00:00,12,Beijing,LSTM,63.5,39.405956,test
2016-12-05 23:00:00,2016-12-06 11:00:00,12,Beijing,LSTM,70.083336,50.81377,test
2016-12-06 00:00:00,2016-12-06 12:00:00,12,Beijing,LSTM,71.708336,59.39055,test
2016-12-06 01:00:00,2016-12-06 13:00:00,12,Beijing,LSTM,77.666664,69.38854,test
2016-12-06 02:00:00,2016-12-06 14:00:00,12,Beijing,LSTM,82.69444,79.68039,test
2016-12-06 03:00:00,2016-12-06 15:00:00,12,Beijing,LSTM,89.0,91.09731,test
2016-12-06 04:00:00,2016-12-06 16:00:00,12,Beijing,LSTM,92.861115,98.533714,test
2016-12-06 05:00:00,2016-12-06 17:00:00,12,Beijing,LSTM,99.486115,101.230255,test
2016-12-06 06:00:00,2016-12-06 18:00:00,12,Beijing,LSTM,115.416664,101.96251,test
2016-12-06 07:00:00,2016-12-06 19:00:00,12,Beijing,LSTM,117.583336,102.17239,test
2016-12-06 08:00:00,2016-12-06 20:00:00,12,Beijing,LSTM,128.08333,102.230484,test
2016-12-06 09:00:00,2016-12-06 21:00:00,12,Beijing,LSTM,142.08333,102.246605,test
2016-12-06 10:00:00,2016-12-06 22:00:00,12,Beijing,LSTM,130.08333,102.24545,test
2016-12-06 11:00:00,2016-12-06 23:00:00,12,Beijing,LSTM,130.08333,102.259735,test
2016-12-06 12:00:00,2016-12-07 00:00:00,12,Beijing,LSTM,141.91667,102.263435,test
2016-12-06 13:00:00,2016-12-07 01:00:00,12,Beijing,LSTM,122.25,102.26454,test
2016-12-06 14:00:00,2016-12-07 02:00:00,12,Beijing,LSTM,113.0,102.263535,test
2016-12-06 15:00:00,2016-12-07 03:00:00,12,Beijing,LSTM,112.916664,102.26182,test
2016-12-06 16:00:00,2016-12-07 04:00:00,12,Beijing,LSTM,107.916664,102.26001,test
2016-12-06 17:00:00,2016-12-07 05:00:00,12,Beijing,LSTM,95.75,102.2555,test
2016-12-06 18:00:00,2016-12-07 06:00:00,12,Beijing,LSTM,72.25,102.22101,test
2016-12-06 19:00:00,2016-12-07 07:00:00,12,Beijing,LSTM,51.833332,98.27817,test
2016-12-06 20:00:00,2016-12-07 08:00:00,12,Beijing,LSTM,45.833332,101.1676,test
2016-12-06 21:00:00,2016-12-07 09:00:00,12,Beijing,LSTM,53.916668,101.66723,test
2016-12-06 22:00:00,2016-12-07 10:00:00,12,Beijing,LSTM,86.583336,99.37381,test
2016-12-06 23:00:00,2016-12-07 11:00:00,12,Beijing,LSTM,119.583336,98.73793,test
2016-12-07 00:00:00,2016-12-07 12:00:00,12,Beijing,LSTM,112.75,99.35574,test
2016-12-07 01:00:00,2016-12-07 13:00:00,12,Beijing,LSTM,102.75,95.70997,test
2016-12-07 02:00:00,2016-12-07 14:00:00,12,Beijing,LSTM,108.416664,80.18694,test
2016-12-07 03:00:00,2016-12-07 15:00:00,12,Beijing,LSTM,124.25,94.959305,test
2016-12-07 04:00:00,2016-12-07 16:00:00,12,Beijing,LSTM,158.25,100.12721,test
2016-12-07 05:00:00,2016-12-07 17:00:00,12,Beijing,LSTM,162.16667,101.3261,test
2016-12-07 06:00:00,2016-12-07 18:00:00,12,Beijing,LSTM,165.41667,100.61987,test
2016-12-07 07:00:00,2016-12-07 19:00:00,12,Beijing,LSTM,162.5,98.63339,test
2016-12-07 08:00:00,2016-12-07 20:00:00,12,Beijing,LSTM,169.16667,101.04385,test
2016-12-07 09:00:00,2016-12-07 21:00:00,12,Beijing,LSTM,167.83333,101.862625,test
2016-12-07 10:00:00,2016-12-07 22:00:00,12,Beijing,LSTM,166.25,102.21595,test
2016-12-07 11:00:00,2016-12-07 23:00:00,12,Beijing,LSTM,183.25,102.259796,test
2016-12-07 12:00:00,2016-12-08 00:00:00,12,Beijing,LSTM,189.75,102.261444,test
2016-12-07 13:00:00,2016-12-08 01:00:00,12,Beijing,LSTM,204.16667,102.25677,test
2016-12-07 14:00:00,2016-12-08 02:00:00,12,Beijing,LSTM,198.16667,102.20523,test
2016-12-07 15:00:00,2016-12-08 03:00:00,12,Beijing,LSTM,199.16667,102.22604,test
2016-12-07 16:00:00,2016-12-08 04:00:00,12,Beijing,LSTM,196.83333,102.2267,test
2016-12-07 17:00:00,2016-12-08 05:00:00,12,Beijing,LSTM,190.5,102.19872,test
2016-12-07 18:00:00,2016-12-08 06:00:00,12,Beijing,LSTM,183.16667,102.223755,test
2016-12-07 19:00:00,2016-12-08 07:00:00,12,Beijing,LSTM,178.0,102.097015,test
2016-12-07 20:00:00,2016-12-08 08:00:00,12,Beijing,LSTM,175.58333,101.71788,test
2016-12-07 21:00:00,2016-12-08 09:00:00,12,Beijing,LSTM,181.41667,99.35316,test
2016-12-07 22:00:00,2016-12-08 10:00:00,12,Beijing,LSTM,153.5,99.57869,test
2016-12-07 23:00:00,2016-12-08 11:00:00,12,Beijing,LSTM,55.333332,101.7827,test
2016-12-08 00:00:00,2016-12-08 12:00:00,12,Beijing,LSTM,21.166668,101.892914,test
2016-12-08 01:00:00,2016-12-08 13:00:00,12,Beijing,LSTM,8.833333,102.06314,test
2016-12-08 02:00:00,2016-12-08 14:00:00,12,Beijing,LSTM,6.166667,102.076294,test
2016-12-08 03:00:00,2016-12-08 15:00:00,12,Beijing,LSTM,7.083333,102.13137,test
2016-12-08 04:00:00,2016-12-08 16:00:00,12,Beijing,LSTM,5.583333,102.18207,test
2016-12-08 05:00:00,2016-12-08 17:00:00,12,Beijing,LSTM,6.75,102.12574,test
2016-12-08 06:00:00,2016-12-08 18:00:00,12,Beijing,LSTM,9.75,102.191475,test
2016-12-08 07:00:00,2016-12-08 19:00:00,12,Beijing,LSTM,10.0,102.20482,test
2016-12-08 08:00:00,2016-12-08 20:00:00,12,Beijing,LSTM,10.0,102.200775,test
2016-12-08 09:00:00,2016-12-08 21:00:00,12,Beijing,LSTM,7.833333,102.23147,test
2016-12-08 10:00:00,2016-12-08 22:00:00,12,Beijing,LSTM,7.333333,30.27523,test
2016-12-08 11:00:00,2016-12-08 23:00:00,12,Beijing,LSTM,6.25,12.373402,test
2016-12-08 12:00:00,2016-12-09 00:00:00,12,Beijing,LSTM,6.916667,8.99407,test
2016-12-08 13:00:00,2016-12-09 01:00:00,12,Beijing,LSTM,7.5,8.920886,test
2016-12-08 14:00:00,2016-12-09 02:00:00,12,Beijing,LSTM,9.083333,8.73379,test
2016-12-08 15:00:00,2016-12-09 03:00:00,12,Beijing,LSTM,9.333333,8.5675535,test
2016-12-08 16:00:00,2016-12-09 04:00:00,12,Beijing,LSTM,10.333333,9.424457,test
2016-12-08 17:00:00,2016-12-09 05:00:00,12,Beijing,LSTM,10.416667,10.762528,test
2016-12-08 18:00:00,2016-12-09 06:00:00,12,Beijing,LSTM,9.333333,12.463438,test
2016-12-08 19:00:00,2016-12-09 07:00:00,12,Beijing,LSTM,10.833333,13.654513,test
2016-12-08 20:00:00,2016-12-09 08:00:00,12,Beijing,LSTM,12.75,13.115529,test
2016-12-08 21:00:00,2016-12-09 09:00:00,12,Beijing,LSTM,13.416667,13.393098,test
2016-12-08 22:00:00,2016-12-09 10:00:00,12,Beijing,LSTM,13.166667,12.84881,test
2016-12-08 23:00:00,2016-12-09 11:00:00,12,Beijing,LSTM,13.166667,14.594972,test
2016-12-09 00:00:00,2016-12-09 12:00:00,12,Beijing,LSTM,11.0,16.014751,test
2016-12-09 01:00:00,2016-12-09 13:00:00,12,Beijing,LSTM,10.666667,19.950565,test
2016-12-09 02:00:00,2016-12-09 14:00:00,12,Beijing,LSTM,11.416667,22.946043,test
2016-12-09 03:00:00,2016-12-09 15:00:00,12,Beijing,LSTM,15.083333,26.073053,test
2016-12-09 04:00:00,2016-12-09 16:00:00,12,Beijing,LSTM,22.5,25.537842,test
2016-12-09 05:00:00,2016-12-09 17:00:00,12,Beijing,LSTM,30.416668,20.332104,test
2016-12-09 06:00:00,2016-12-09 18:00:00,12,Beijing,LSTM,36.583332,22.663784,test
2016-12-09 07:00:00,2016-12-09 19:00:00,12,Beijing,LSTM,45.5,23.262146,test
2016-12-09 08:00:00,2016-12-09 20:00:00,12,Beijing,LSTM,52.916668,25.787436,test
2016-12-09 09:00:00,2016-12-09 21:00:00,12,Beijing,LSTM,53.75,27.87756,test
2016-12-09 10:00:00,2016-12-09 22:00:00,12,Beijing,LSTM,54.833332,26.558254,test
2016-12-09 11:00:00,2016-12-09 23:00:00,12,Beijing,LSTM,56.333332,27.798965,test
2016-12-09 12:00:00,2016-12-10 00:00:00,12,Beijing,LSTM,53.75,29.681503,test
2016-12-09 13:00:00,2016-12-10 01:00:00,12,Beijing,LSTM,52.333332,28.420107,test
2016-12-09 14:00:00,2016-12-10 02:00:00,12,Beijing,LSTM,52.416668,28.002443,test
2016-12-09 15:00:00,2016-12-10 03:00:00,12,Beijing,LSTM,50.916668,26.833824,test
2016-12-09 16:00:00,2016-12-10 04:00:00,12,Beijing,LSTM,41.333332,27.122265,test
2016-12-09 17:00:00,2016-12-10 05:00:00,12,Beijing,LSTM,35.083332,24.776533,test
2016-12-09 18:00:00,2016-12-10 06:00:00,12,Beijing,LSTM,32.916668,23.854176,test
2016-12-09 19:00:00,2016-12-10 07:00:00,12,Beijing,LSTM,26.5,23.73537,test
2016-12-09 20:00:00,2016-12-10 08:00:00,12,Beijing,LSTM,22.833332,25.02577,test
2016-12-09 21:00:00,2016-12-10 09:00:00,12,Beijing,LSTM,26.666668,25.375881,test
2016-12-09 22:00:00,2016-12-10 10:00:00,12,Beijing,LSTM,34.25,25.73226,test
2016-12-09 23:00:00,2016-12-10 11:00:00,12,Beijing,LSTM,41.416668,26.539831,test
2016-12-10 00:00:00,2016-12-10 12:00:00,12,Beijing,LSTM,44.666668,24.227692,test
2016-12-10 01:00:00,2016-12-10 13:00:00,12,Beijing,LSTM,43.916668,27.829052,test
2016-12-10 02:00:00,2016-12-10 14:00:00,12,Beijing,LSTM,41.666668,29.975624,test
2016-12-10 03:00:00,2016-12-10 15:00:00,12,Beijing,LSTM,39.333332,39.795925,test
2016-12-10 04:00:00,2016-12-10 16:00:00,12,Beijing,LSTM,39.166668,52.190235,test
2016-12-10 05:00:00,2016-12-10 17:00:00,12,Beijing,LSTM,41.666668,64.26647,test
2016-12-10 06:00:00,2016-12-10 18:00:00,12,Beijing,LSTM,49.75,76.22797,test
2016-12-10 07:00:00,2016-12-10 19:00:00,12,Beijing,LSTM,61.666668,87.44765,test
2016-12-10 08:00:00,2016-12-10 20:00:00,12,Beijing,LSTM,64.25,95.624115,test
2016-12-10 09:00:00,2016-12-10 21:00:00,12,Beijing,LSTM,76.416664,99.604195,test
2016-12-10 10:00:00,2016-12-10 22:00:00,12,Beijing,LSTM,79.416664,101.054825,test
2016-12-10 11:00:00,2016-12-10 23:00:00,12,Beijing,LSTM,87.166664,101.59276,test
2016-12-10 12:00:00,2016-12-11 00:00:00,12,Beijing,LSTM,100.583336,101.8206,test
2016-12-10 13:00:00,2016-12-11 01:00:00,12,Beijing,LSTM,114.666664,101.94374,test
2016-12-10 14:00:00,2016-12-11 02:00:00,12,Beijing,LSTM,109.583336,102.017265,test
2016-12-10 15:00:00,2016-12-11 03:00:00,12,Beijing,LSTM,109.666664,102.04695,test
2016-12-10 16:00:00,2016-12-11 04:00:00,12,Beijing,LSTM,114.833336,101.94592,test
2016-12-10 17:00:00,2016-12-11 05:00:00,12,Beijing,LSTM,119.75,101.24601,test
2016-12-10 18:00:00,2016-12-11 06:00:00,12,Beijing,LSTM,123.416664,99.02626,test
2016-12-10 19:00:00,2016-12-11 07:00:00,12,Beijing,LSTM,126.583336,91.58484,test
2016-12-10 20:00:00,2016-12-11 08:00:00,12,Beijing,LSTM,125.333336,78.063644,test
2016-12-10 21:00:00,2016-12-11 09:00:00,12,Beijing,LSTM,133.0,64.17284,test
2016-12-10 22:00:00,2016-12-11 10:00:00,12,Beijing,LSTM,140.41667,53.675114,test
2016-12-10 23:00:00,2016-12-11 11:00:00,12,Beijing,LSTM,144.16667,41.17287,test
2016-12-11 00:00:00,2016-12-11 12:00:00,12,Beijing,LSTM,160.75,33.512043,test
2016-12-11 01:00:00,2016-12-11 13:00:00,12,Beijing,LSTM,180.58333,37.888042,test
2016-12-11 02:00:00,2016-12-11 14:00:00,12,Beijing,LSTM,194.16667,39.43902,test
2016-12-11 03:00:00,2016-12-11 15:00:00,12,Beijing,LSTM,187.75,45.198296,test
2016-12-11 04:00:00,2016-12-11 16:00:00,12,Beijing,LSTM,184.16667,47.892574,test
2016-12-11 05:00:00,2016-12-11 17:00:00,12,Beijing,LSTM,193.0,58.556564,test
2016-12-11 06:00:00,2016-12-11 18:00:00,12,Beijing,LSTM,205.83333,70.643776,test
2016-12-11 07:00:00,2016-12-11 19:00:00,12,Beijing,LSTM,209.08333,82.398926,test
2016-12-11 08:00:00,2016-12-11 20:00:00,12,Beijing,LSTM,208.16667,91.99851,test
2016-12-11 09:00:00,2016-12-11 21:00:00,12,Beijing,LSTM,213.33333,97.94688,test
2016-12-11 10:00:00,2016-12-11 22:00:00,12,Beijing,LSTM,224.91667,100.56697,test
2016-12-11 11:00:00,2016-12-11 23:00:00,12,Beijing,LSTM,225.91667,101.470795,test
2016-12-11 12:00:00,2016-12-12 00:00:00,12,Beijing,LSTM,227.5,101.8468,test
2016-12-11 13:00:00,2016-12-12 01:00:00,12,Beijing,LSTM,223.75,101.97703,test
2016-12-11 14:00:00,2016-12-12 02:00:00,12,Beijing,LSTM,222.16667,102.04599,test
2016-12-11 15:00:00,2016-12-12 03:00:00,12,Beijing,LSTM,214.25,102.05461,test
2016-12-11 16:00:00,2016-12-12 04:00:00,12,Beijing,LSTM,214.33333,102.097595,test
2016-12-11 17:00:00,2016-12-12 05:00:00,12,Beijing,LSTM,213.41667,102.15668,test
2016-12-11 18:00:00,2016-12-12 06:00:00,12,Beijing,LSTM,216.41667,102.160736,test
2016-12-11 19:00:00,2016-12-12 07:00:00,12,Beijing,LSTM,219.08333,101.87758,test
2016-12-11 20:00:00,2016-12-12 08:00:00,12,Beijing,LSTM,221.16667,101.14218,test
2016-12-11 21:00:00,2016-12-12 09:00:00,12,Beijing,LSTM,219.25,101.42776,test
2016-12-11 22:00:00,2016-12-12 10:00:00,12,Beijing,LSTM,223.58333,100.808914,test
2016-12-11 23:00:00,2016-12-12 11:00:00,12,Beijing,LSTM,226.16667,97.400566,test
2016-12-12 00:00:00,2016-12-12 12:00:00,12,Beijing,LSTM,232.33333,99.008194,test
2016-12-12 01:00:00,2016-12-12 13:00:00,12,Beijing,LSTM,226.66667,99.31044,test
2016-12-12 02:00:00,2016-12-12 14:00:00,12,Beijing,LSTM,223.16667,96.7056,test
2016-12-12 03:00:00,2016-12-12 15:00:00,12,Beijing,LSTM,210.75,96.58255,test
2016-12-12 04:00:00,2016-12-12 16:00:00,12,Beijing,LSTM,200.08333,93.46368,test
2016-12-12 05:00:00,2016-12-12 17:00:00,12,Beijing,LSTM,212.0,96.12033,test
2016-12-12 06:00:00,2016-12-12 18:00:00,12,Beijing,LSTM,238.81667,99.85969,test
2016-12-12 07:00:00,2016-12-12 19:00:00,12,Beijing,LSTM,242.3,101.24466,test
2016-12-12 08:00:00,2016-12-12 20:00:00,12,Beijing,LSTM,234.86667,101.5135,test
2016-12-12 09:00:00,2016-12-12 21:00:00,12,Beijing,LSTM,226.18333,101.81357,test
2016-12-12 10:00:00,2016-12-12 22:00:00,12,Beijing,LSTM,218.58333,100.97553,test
2016-12-12 11:00:00,2016-12-12 23:00:00,12,Beijing,LSTM,210.75,101.14714,test
2016-12-12 12:00:00,2016-12-13 00:00:00,12,Beijing,LSTM,201.66667,99.89187,test
2016-12-12 13:00:00,2016-12-13 01:00:00,12,Beijing,LSTM,179.08333,99.49783,test
2016-12-12 14:00:00,2016-12-13 02:00:00,12,Beijing,LSTM,150.58333,91.59314,test
2016-12-12 15:00:00,2016-12-13 03:00:00,12,Beijing,LSTM,141.16667,72.617935,test
2016-12-12 16:00:00,2016-12-13 04:00:00,12,Beijing,LSTM,124.333336,54.459557,test
2016-12-12 17:00:00,2016-12-13 05:00:00,12,Beijing,LSTM,77.5,48.80273,test
2016-12-12 18:00:00,2016-12-13 06:00:00,12,Beijing,LSTM,32.5,56.23181,test
2016-12-12 19:00:00,2016-12-13 07:00:00,12,Beijing,LSTM,23.666668,56.626255,test
2016-12-12 20:00:00,2016-12-13 08:00:00,12,Beijing,LSTM,17.583332,55.511074,test
2016-12-12 21:00:00,2016-12-13 09:00:00,12,Beijing,LSTM,19.666668,54.36343,test
2016-12-12 22:00:00,2016-12-13 10:00:00,12,Beijing,LSTM,19.916668,46.680954,test
2016-12-12 23:00:00,2016-12-13 11:00:00,12,Beijing,LSTM,16.916668,48.99116,test
2016-12-13 00:00:00,2016-12-13 12:00:00,12,Beijing,LSTM,14.666667,47.30953,test
2016-12-13 01:00:00,2016-12-13 13:00:00,12,Beijing,LSTM,18.333332,53.106655,test
2016-12-13 02:00:00,2016-12-13 14:00:00,12,Beijing,LSTM,17.416668,42.197216,test
2016-12-13 03:00:00,2016-12-13 15:00:00,12,Beijing,LSTM,18.5,58.187374,test
2016-12-13 04:00:00,2016-12-13 16:00:00,12,Beijing,LSTM,18.666668,45.022358,test
2016-12-13 05:00:00,2016-12-13 17:00:00,12,Beijing,LSTM,22.916668,21.425291,test
2016-12-13 06:00:00,2016-12-13 18:00:00,12,Beijing,LSTM,33.0,17.45615,test
2016-12-13 07:00:00,2016-12-13 19:00:00,12,Beijing,LSTM,38.75,17.71388,test
2016-12-13 08:00:00,2016-12-13 20:00:00,12,Beijing,LSTM,34.0,16.681162,test
2016-12-13 09:00:00,2016-12-13 21:00:00,12,Beijing,LSTM,20.416668,17.860605,test
2016-12-13 10:00:00,2016-12-13 22:00:00,12,Beijing,LSTM,22.916668,16.801033,test
2016-12-13 11:00:00,2016-12-13 23:00:00,12,Beijing,LSTM,18.416668,19.790619,test
2016-12-13 12:00:00,2016-12-14 00:00:00,12,Beijing,LSTM,11.333333,25.100103,test
2016-12-13 13:00:00,2016-12-14 01:00:00,12,Beijing,LSTM,10.833333,33.673206,test
2016-12-13 14:00:00,2016-12-14 02:00:00,12,Beijing,LSTM,7.583333,41.60922,test
2016-12-13 15:00:00,2016-12-14 03:00:00,12,Beijing,LSTM,6.416667,48.44019,test
2016-12-13 16:00:00,2016-12-14 04:00:00,12,Beijing,LSTM,6.333333,47.167927,test
2016-12-13 17:00:00,2016-12-14 05:00:00,12,Beijing,LSTM,5.0,52.510685,test
2016-12-13 18:00:00,2016-12-14 06:00:00,12,Beijing,LSTM,7.25,58.875355,test
2016-12-13 19:00:00,2016-12-14 07:00:00,12,Beijing,LSTM,8.166667,65.74846,test
2016-12-13 20:00:00,2016-12-14 08:00:00,12,Beijing,LSTM,10.333333,52.20389,test
2016-12-13 21:00:00,2016-12-14 09:00:00,12,Beijing,LSTM,13.416667,28.710823,test
2016-12-13 22:00:00,2016-12-14 10:00:00,12,Beijing,LSTM,14.75,23.563179,test
2016-12-13 23:00:00,2016-12-14 11:00:00,12,Beijing,LSTM,13.777778,19.817896,test
2016-12-14 00:00:00,2016-12-14 12:00:00,12,Beijing,LSTM,12.972222,20.028156,test
2016-12-14 01:00:00,2016-12-14 13:00:00,12,Beijing,LSTM,13.333333,19.519579,test
2016-12-14 02:00:00,2016-12-14 14:00:00,12,Beijing,LSTM,14.916667,18.593412,test
2016-12-14 03:00:00,2016-12-14 15:00:00,12,Beijing,LSTM,17.194445,18.893764,test
2016-12-14 04:00:00,2016-12-14 16:00:00,12,Beijing,LSTM,22.305555,20.568193,test
2016-12-14 05:00:00,2016-12-14 17:00:00,12,Beijing,LSTM,35.083332,21.866863,test
2016-12-14 06:00:00,2016-12-14 18:00:00,12,Beijing,LSTM,48.583332,27.840073,test
2016-12-14 07:00:00,2016-12-14 19:00:00,12,Beijing,LSTM,50.333332,34.96842,test
2016-12-14 08:00:00,2016-12-14 20:00:00,12,Beijing,LSTM,59.083332,42.695427,test
2016-12-14 09:00:00,2016-12-14 21:00:00,12,Beijing,LSTM,63.083332,48.6914,test
2016-12-14 10:00:00,2016-12-14 22:00:00,12,Beijing,LSTM,67.166664,53.243843,test
2016-12-14 11:00:00,2016-12-14 23:00:00,12,Beijing,LSTM,72.666664,58.067535,test
2016-12-14 12:00:00,2016-12-15 00:00:00,12,Beijing,LSTM,74.416664,60.475407,test
2016-12-14 13:00:00,2016-12-15 01:00:00,12,Beijing,LSTM,72.916664,59.12287,test
2016-12-14 14:00:00,2016-12-15 02:00:00,12,Beijing,LSTM,67.666664,57.097534,test
2016-12-14 15:00:00,2016-12-15 03:00:00,12,Beijing,LSTM,62.166668,52.755596,test
2016-12-14 16:00:00,2016-12-15 04:00:00,12,Beijing,LSTM,57.25,48.264347,test
2016-12-14 17:00:00,2016-12-15 05:00:00,12,Beijing,LSTM,45.25,43.50318,test
2016-12-14 18:00:00,2016-12-15 06:00:00,12,Beijing,LSTM,22.5,40.107048,test
2016-12-14 19:00:00,2016-12-15 07:00:00,12,Beijing,LSTM,10.25,29.591307,test
2016-12-14 20:00:00,2016-12-15 08:00:00,12,Beijing,LSTM,12.75,27.60442,test
2016-12-14 21:00:00,2016-12-15 09:00:00,12,Beijing,LSTM,11.333333,23.954603,test
2016-12-14 22:00:00,2016-12-15 10:00:00,12,Beijing,LSTM,11.25,27.203724,test
2016-12-14 23:00:00,2016-12-15 11:00:00,12,Beijing,LSTM,8.166667,28.933863,test
2016-12-15 00:00:00,2016-12-15 12:00:00,12,Beijing,LSTM,7.25,28.118488,test
2016-12-15 01:00:00,2016-12-15 13:00:00,12,Beijing,LSTM,7.916667,27.90286,test
2016-12-15 02:00:00,2016-12-15 14:00:00,12,Beijing,LSTM,6.416667,23.861843,test
2016-12-15 03:00:00,2016-12-15 15:00:00,12,Beijing,LSTM,7.666667,24.842184,test
2016-12-15 04:00:00,2016-12-15 16:00:00,12,Beijing,LSTM,6.833333,28.970291,test
2016-12-15 05:00:00,2016-12-15 17:00:00,12,Beijing,LSTM,6.25,27.083126,test
2016-12-15 06:00:00,2016-12-15 18:00:00,12,Beijing,LSTM,9.833333,21.910593,test
2016-12-15 07:00:00,2016-12-15 19:00:00,12,Beijing,LSTM,17.5,16.832521,test
2016-12-15 08:00:00,2016-12-15 20:00:00,12,Beijing,LSTM,24.333332,20.36284,test
2016-12-15 09:00:00,2016-12-15 21:00:00,12,Beijing,LSTM,20.083332,13.776,test
2016-12-15 10:00:00,2016-12-15 22:00:00,12,Beijing,LSTM,20.833332,17.714605,test
2016-12-15 11:00:00,2016-12-15 23:00:00,12,Beijing,LSTM,32.583332,12.635795,test
2016-12-15 12:00:00,2016-12-16 00:00:00,12,Beijing,LSTM,63.333332,13.04715,test
2016-12-15 13:00:00,2016-12-16 01:00:00,12,Beijing,LSTM,80.916664,14.081054,test
2016-12-15 14:00:00,2016-12-16 02:00:00,12,Beijing,LSTM,97.666664,15.086652,test
2016-12-15 15:00:00,2016-12-16 03:00:00,12,Beijing,LSTM,112.833336,15.159823,test
2016-12-15 16:00:00,2016-12-16 04:00:00,12,Beijing,LSTM,109.416664,14.946602,test
2016-12-15 17:00:00,2016-12-16 05:00:00,12,Beijing,LSTM,73.833336,15.527737,test
2016-12-15 18:00:00,2016-12-16 06:00:00,12,Beijing,LSTM,55.166668,15.827905,test
2016-12-15 19:00:00,2016-12-16 07:00:00,12,Beijing,LSTM,33.75,17.143051,test
2016-12-15 20:00:00,2016-12-16 08:00:00,12,Beijing,LSTM,30.583332,19.049683,test
2016-12-15 21:00:00,2016-12-16 09:00:00,12,Beijing,LSTM,31.5,20.079277,test
2016-12-15 22:00:00,2016-12-16 10:00:00,12,Beijing,LSTM,43.416668,21.430132,test
2016-12-15 23:00:00,2016-12-16 11:00:00,12,Beijing,LSTM,50.0,26.354286,test
2016-12-16 00:00:00,2016-12-16 12:00:00,12,Beijing,LSTM,70.583336,34.59619,test
2016-12-16 01:00:00,2016-12-16 13:00:00,12,Beijing,LSTM,94.416664,46.308712,test
2016-12-16 02:00:00,2016-12-16 14:00:00,12,Beijing,LSTM,114.916664,54.74842,test
2016-12-16 03:00:00,2016-12-16 15:00:00,12,Beijing,LSTM,132.5,60.48438,test
2016-12-16 04:00:00,2016-12-16 16:00:00,12,Beijing,LSTM,140.16667,67.06865,test
2016-12-16 05:00:00,2016-12-16 17:00:00,12,Beijing,LSTM,133.91667,74.90779,test
2016-12-16 06:00:00,2016-12-16 18:00:00,12,Beijing,LSTM,166.91667,82.709045,test
2016-12-16 07:00:00,2016-12-16 19:00:00,12,Beijing,LSTM,192.66667,91.32778,test
2016-12-16 08:00:00,2016-12-16 20:00:00,12,Beijing,LSTM,195.33333,97.208176,test
2016-12-16 09:00:00,2016-12-16 21:00:00,12,Beijing,LSTM,181.0,99.81291,test
2016-12-16 10:00:00,2016-12-16 22:00:00,12,Beijing,LSTM,172.66667,100.81591,test
2016-12-16 11:00:00,2016-12-16 23:00:00,12,Beijing,LSTM,165.25,101.2896,test
2016-12-16 12:00:00,2016-12-17 00:00:00,12,Beijing,LSTM,149.08333,101.54629,test
2016-12-16 13:00:00,2016-12-17 01:00:00,12,Beijing,LSTM,143.91667,101.716995,test
2016-12-16 14:00:00,2016-12-17 02:00:00,12,Beijing,LSTM,159.33333,101.850006,test
2016-12-16 15:00:00,2016-12-17 03:00:00,12,Beijing,LSTM,145.08333,101.983444,test
2016-12-16 16:00:00,2016-12-17 04:00:00,12,Beijing,LSTM,121.166664,102.0793,test
2016-12-16 17:00:00,2016-12-17 05:00:00,12,Beijing,LSTM,111.416664,102.16352,test
2016-12-16 18:00:00,2016-12-17 06:00:00,12,Beijing,LSTM,107.666664,102.21388,test
2016-12-16 19:00:00,2016-12-17 07:00:00,12,Beijing,LSTM,104.75,102.24233,test
2016-12-16 20:00:00,2016-12-17 08:00:00,12,Beijing,LSTM,97.75,102.25276,test
2016-12-16 21:00:00,2016-12-17 09:00:00,12,Beijing,LSTM,95.25,102.25447,test
2016-12-16 22:00:00,2016-12-17 10:00:00,12,Beijing,LSTM,101.0,102.237495,test
2016-12-16 23:00:00,2016-12-17 11:00:00,12,Beijing,LSTM,129.33333,102.22334,test
2016-12-17 00:00:00,2016-12-17 12:00:00,12,Beijing,LSTM,158.83333,102.17383,test
2016-12-17 01:00:00,2016-12-17 13:00:00,12,Beijing,LSTM,187.41667,102.24932,test
2016-12-17 02:00:00,2016-12-17 14:00:00,12,Beijing,LSTM,209.66667,102.26684,test
2016-12-17 03:00:00,2016-12-17 15:00:00,12,Beijing,LSTM,224.0,102.20202,test
2016-12-17 04:00:00,2016-12-17 16:00:00,12,Beijing,LSTM,237.75,101.97372,test
2016-12-17 05:00:00,2016-12-17 17:00:00,12,Beijing,LSTM,247.58333,102.21791,test
2016-12-17 06:00:00,2016-12-17 18:00:00,12,Beijing,LSTM,267.0643,102.24657,test
2016-12-17 07:00:00,2016-12-17 19:00:00,12,Beijing,LSTM,267.59482,102.253456,test
2016-12-17 08:00:00,2016-12-17 20:00:00,12,Beijing,LSTM,258.87704,102.22797,test
2016-12-17 09:00:00,2016-12-17 21:00:00,12,Beijing,LSTM,254.52295,102.13769,test
2016-12-17 10:00:00,2016-12-17 22:00:00,12,Beijing,LSTM,246.44156,102.231834,test
2016-12-17 11:00:00,2016-12-17 23:00:00,12,Beijing,LSTM,243.97835,102.264114,test
2016-12-17 12:00:00,2016-12-18 00:00:00,12,Beijing,LSTM,241.2197,102.26845,test
2016-12-17 13:00:00,2016-12-18 01:00:00,12,Beijing,LSTM,238.77272,102.26959,test
2016-12-17 14:00:00,2016-12-18 02:00:00,12,Beijing,LSTM,226.29546,102.26994,test
2016-12-17 15:00:00,2016-12-18 03:00:00,12,Beijing,LSTM,220.81818,102.269806,test
2016-12-17 16:00:00,2016-12-18 04:00:00,12,Beijing,LSTM,220.58333,102.270004,test
2016-12-17 17:00:00,2016-12-18 05:00:00,12,Beijing,LSTM,215.16667,102.2698,test
2016-12-17 18:00:00,2016-12-18 06:00:00,12,Beijing,LSTM,211.58333,102.26994,test
2016-12-17 19:00:00,2016-12-18 07:00:00,12,Beijing,LSTM,199.25,102.26829,test
2016-12-17 20:00:00,2016-12-18 08:00:00,12,Beijing,LSTM,188.41667,102.26759,test
2016-12-17 21:00:00,2016-12-18 09:00:00,12,Beijing,LSTM,178.91667,102.258286,test
2016-12-17 22:00:00,2016-12-18 10:00:00,12,Beijing,LSTM,182.91667,102.26187,test
2016-12-17 23:00:00,2016-12-18 11:00:00,12,Beijing,LSTM,191.75,102.26465,test
2016-12-18 00:00:00,2016-12-18 12:00:00,12,Beijing,LSTM,193.83333,102.26559,test
2016-12-18 01:00:00,2016-12-18 13:00:00,12,Beijing,LSTM,203.33333,102.26667,test
2016-12-18 02:00:00,2016-12-18 14:00:00,12,Beijing,LSTM,207.83333,102.130844,test
2016-12-18 03:00:00,2016-12-18 15:00:00,12,Beijing,LSTM,204.66667,102.24579,test
2016-12-18 04:00:00,2016-12-18 16:00:00,12,Beijing,LSTM,204.91667,102.255936,test
2016-12-18 05:00:00,2016-12-18 17:00:00,12,Beijing,LSTM,215.41667,102.26543,test
2016-12-18 06:00:00,2016-12-18 18:00:00,12,Beijing,LSTM,235.5,102.26281,test
2016-12-18 07:00:00,2016-12-18 19:00:00,12,Beijing,LSTM,249.08333,102.22523,test
2016-12-18 08:00:00,2016-12-18 20:00:00,12,Beijing,LSTM,246.16667,102.16545,test
2016-12-18 09:00:00,2016-12-18 21:00:00,12,Beijing,LSTM,248.08333,101.6302,test
2016-12-18 10:00:00,2016-12-18 22:00:00,12,Beijing,LSTM,240.75,102.22301,test
2016-12-18 11:00:00,2016-12-18 23:00:00,12,Beijing,LSTM,240.16667,102.230484,test
2016-12-18 12:00:00,2016-12-19 00:00:00,12,Beijing,LSTM,231.33333,102.25813,test
2016-12-18 13:00:00,2016-12-19 01:00:00,12,Beijing,LSTM,220.83333,102.264595,test
2016-12-18 14:00:00,2016-12-19 02:00:00,12,Beijing,LSTM,218.0,102.267715,test
2016-12-18 15:00:00,2016-12-19 03:00:00,12,Beijing,LSTM,210.70833,102.26741,test
2016-12-18 16:00:00,2016-12-19 04:00:00,12,Beijing,LSTM,214.83333,102.26232,test
2016-12-18 17:00:00,2016-12-19 05:00:00,12,Beijing,LSTM,211.25,102.26228,test
2016-12-18 18:00:00,2016-12-19 06:00:00,12,Beijing,LSTM,196.25,102.26048,test
2016-12-18 19:00:00,2016-12-19 07:00:00,12,Beijing,LSTM,183.58333,102.26124,test
2016-12-18 20:00:00,2016-12-19 08:00:00,12,Beijing,LSTM,164.58333,102.24681,test
2016-12-18 21:00:00,2016-12-19 09:00:00,12,Beijing,LSTM,166.58333,101.594154,test
2016-12-18 22:00:00,2016-12-19 10:00:00,12,Beijing,LSTM,170.0,101.66689,test
2016-12-18 23:00:00,2016-12-19 11:00:00,12,Beijing,LSTM,169.83333,102.06317,test
2016-12-19 00:00:00,2016-12-19 12:00:00,12,Beijing,LSTM,178.25,102.12632,test
2016-12-19 01:00:00,2016-12-19 13:00:00,12,Beijing,LSTM,185.83333,102.10594,test
2016-12-19 02:00:00,2016-12-19 14:00:00,12,Beijing,LSTM,185.75,102.20703,test
2016-12-19 03:00:00,2016-12-19 15:00:00,12,Beijing,LSTM,186.08333,102.22638,test
2016-12-19 04:00:00,2016-12-19 16:00:00,12,Beijing,LSTM,187.66667,102.258835,test
2016-12-19 05:00:00,2016-12-19 17:00:00,12,Beijing,LSTM,187.33333,102.23801,test
2016-12-19 06:00:00,2016-12-19 18:00:00,12,Beijing,LSTM,197.83333,102.15507,test
2016-12-19 07:00:00,2016-12-19 19:00:00,12,Beijing,LSTM,226.08333,101.96205,test
2016-12-19 08:00:00,2016-12-19 20:00:00,12,Beijing,LSTM,253.27272,100.91317,test
2016-12-19 09:00:00,2016-12-19 21:00:00,12,Beijing,LSTM,238.0625,101.45176,test
2016-12-19 10:00:00,2016-12-19 22:00:00,12,Beijing,LSTM,236.0,102.05684,test
2016-12-19 11:00:00,2016-12-19 23:00:00,12,Beijing,LSTM,237.6375,101.85979,test
2016-12-19 12:00:00,2016-12-20 00:00:00,12,Beijing,LSTM,236.025,102.20767,test
2016-12-19 13:00:00,2016-12-20 01:00:00,12,Beijing,LSTM,223.6,102.25364,test
2016-12-19 14:00:00,2016-12-20 02:00:00,12,Beijing,LSTM,212.91429,102.25865,test
2016-12-19 15:00:00,2016-12-20 03:00:00,12,Beijing,LSTM,235.19048,102.24501,test
2016-12-19 16:00:00,2016-12-20 04:00:00,12,Beijing,LSTM,237.53334,102.23425,test
2016-12-19 17:00:00,2016-12-20 05:00:00,12,Beijing,LSTM,248.6,102.17525,test
2016-12-19 18:00:00,2016-12-20 06:00:00,12,Beijing,LSTM,244.0,101.44336,test
2016-12-19 19:00:00,2016-12-20 07:00:00,12,Beijing,LSTM,252.4,102.13875,test
2016-12-19 20:00:00,2016-12-20 08:00:00,12,Beijing,LSTM,268.3143,102.23583,test
2016-12-19 21:00:00,2016-12-20 09:00:00,12,Beijing,LSTM,263.425,102.00206,test
2016-12-19 22:00:00,2016-12-20 10:00:00,12,Beijing,LSTM,267.65714,101.09047,test
2016-12-19 23:00:00,2016-12-20 11:00:00,12,Beijing,LSTM,266.13333,99.39581,test
2016-12-20 00:00:00,2016-12-20 12:00:00,12,Beijing,LSTM,269.2857,99.45833,test
2016-12-20 01:00:00,2016-12-20 13:00:00,12,Beijing,LSTM,273.5,80.30861,test
2016-12-20 02:00:00,2016-12-20 14:00:00,12,Beijing,LSTM,270.79166,77.680984,test
2016-12-20 03:00:00,2016-12-20 15:00:00,12,Beijing,LSTM,169.44444,98.84579,test
2016-12-20 04:00:00,2016-12-20 16:00:00,12,Beijing,LSTM,222.16667,101.37221,test
2016-12-20 05:00:00,2016-12-20 17:00:00,12,Beijing,LSTM,266.83334,102.025925,test
2016-12-20 06:00:00,2016-12-20 18:00:00,12,Beijing,LSTM,300.83334,102.16725,test
2016-12-20 07:00:00,2016-12-20 19:00:00,12,Beijing,LSTM,305.0,102.23264,test
2016-12-20 08:00:00,2016-12-20 20:00:00,12,Beijing,LSTM,302.0,102.24648,test
2016-12-20 09:00:00,2016-12-20 21:00:00,12,Beijing,LSTM,317.0,102.18672,test
2016-12-20 10:00:00,2016-12-20 22:00:00,12,Beijing,LSTM,321.4,102.23181,test
2016-12-20 11:00:00,2016-12-20 23:00:00,12,Beijing,LSTM,321.8,102.23584,test
2016-12-20 12:00:00,2016-12-21 00:00:00,12,Beijing,LSTM,322.2,102.24441,test
2016-12-20 13:00:00,2016-12-21 01:00:00,12,Beijing,LSTM,316.1,102.25259,test
2016-12-20 14:00:00,2016-12-21 02:00:00,12,Beijing,LSTM,298.0,102.247734,test
2016-12-20 15:00:00,2016-12-21 03:00:00,12,Beijing,LSTM,282.0,83.12038,test
2016-12-20 16:00:00,2016-12-21 04:00:00,12,Beijing,LSTM,275.5,101.83786,test
2016-12-20 17:00:00,2016-12-21 05:00:00,12,Beijing,LSTM,282.0,102.22339,test
2016-12-20 18:00:00,2016-12-21 06:00:00,12,Beijing,LSTM,272.5,102.24791,test
2016-12-20 19:00:00,2016-12-21 07:00:00,12,Beijing,LSTM,286.0,102.243164,test
2016-12-20 20:00:00,2016-12-21 08:00:00,12,Beijing,LSTM,315.5,102.2113,test
2016-12-20 21:00:00,2016-12-21 09:00:00,12,Beijing,LSTM,334.0,102.20315,test
2016-12-20 22:00:00,2016-12-21 10:00:00,12,Beijing,LSTM,342.0,102.15233,test
2016-12-20 23:00:00,2016-12-21 11:00:00,12,Beijing,LSTM,340.0,102.102585,test
2016-12-21 00:00:00,2016-12-21 12:00:00,12,Beijing,LSTM,318.5,102.06414,test
2016-12-21 01:00:00,2016-12-21 13:00:00,12,Beijing,LSTM,127.0,102.20758,test
2016-12-21 02:00:00,2016-12-21 14:00:00,12,Beijing,LSTM,105.333336,102.087814,test
2016-12-21 03:00:00,2016-12-21 15:00:00,12,Beijing,LSTM,82.25,102.22095,test
2016-12-21 04:00:00,2016-12-21 16:00:00,12,Beijing,LSTM,89.28571,102.23711,test
2016-12-21 05:00:00,2016-12-21 17:00:00,12,Beijing,LSTM,34.8,102.24999,test
2016-12-21 06:00:00,2016-12-21 18:00:00,12,Beijing,LSTM,11.8,102.24702,test
2016-12-21 07:00:00,2016-12-21 19:00:00,12,Beijing,LSTM,27.25,102.25946,test
2016-12-21 08:00:00,2016-12-21 20:00:00,12,Beijing,LSTM,13.833333,102.266304,test
2016-12-21 09:00:00,2016-12-21 21:00:00,12,Beijing,LSTM,13.166667,102.26651,test
2016-12-21 10:00:00,2016-12-21 22:00:00,12,Beijing,LSTM,15.25,102.26626,test
2016-12-21 13:00:00,2016-12-22 01:00:00,12,Beijing,LSTM,14.416667,102.267715,test
2016-12-21 15:00:00,2016-12-22 03:00:00,12,Beijing,LSTM,13.916667,102.26816,test
2016-12-22 00:00:00,2016-12-22 12:00:00,12,Beijing,LSTM,12.833333,69.86182,test
2016-12-22 01:00:00,2016-12-22 13:00:00,12,Beijing,LSTM,11.833333,82.6493,test
2016-12-22 02:00:00,2016-12-22 14:00:00,12,Beijing,LSTM,12.416667,52.28481,test
2016-12-22 03:00:00,2016-12-22 15:00:00,12,Beijing,LSTM,9.416667,38.205963,test
2016-12-22 04:00:00,2016-12-22 16:00:00,12,Beijing,LSTM,8.333333,18.796425,test
2016-12-22 05:00:00,2016-12-22 17:00:00,12,Beijing,LSTM,7.75,14.2839775,test
2016-12-22 06:00:00,2016-12-22 18:00:00,12,Beijing,LSTM,10.083333,14.120069,test
2016-12-22 07:00:00,2016-12-22 19:00:00,12,Beijing,LSTM,12.75,12.508841,test
2016-12-22 08:00:00,2016-12-22 20:00:00,12,Beijing,LSTM,13.833333,12.902152,test
2016-12-22 09:00:00,2016-12-22 21:00:00,12,Beijing,LSTM,12.333333,13.704677,test
2016-12-22 10:00:00,2016-12-22 22:00:00,12,Beijing,LSTM,11.75,12.248289,test
2016-12-22 11:00:00,2016-12-22 23:00:00,12,Beijing,LSTM,13.333333,11.729161,test
2016-12-22 12:00:00,2016-12-23 00:00:00,12,Beijing,LSTM,15.083333,11.61873,test
2016-12-22 13:00:00,2016-12-23 01:00:00,12,Beijing,LSTM,17.833332,11.498476,test
2016-12-22 14:00:00,2016-12-23 02:00:00,12,Beijing,LSTM,16.166668,10.518203,test
2016-12-22 15:00:00,2016-12-23 03:00:00,12,Beijing,LSTM,17.0,9.978589,test
2016-12-22 16:00:00,2016-12-23 04:00:00,12,Beijing,LSTM,14.916667,10.937763,test
2016-12-22 17:00:00,2016-12-23 05:00:00,12,Beijing,LSTM,14.666667,13.010034,test
2016-12-22 18:00:00,2016-12-23 06:00:00,12,Beijing,LSTM,14.388889,16.182226,test
2016-12-22 19:00:00,2016-12-23 07:00:00,12,Beijing,LSTM,14.194444,18.347286,test
2016-12-22 20:00:00,2016-12-23 08:00:00,12,Beijing,LSTM,17.083332,20.12556,test
2016-12-22 21:00:00,2016-12-23 09:00:00,12,Beijing,LSTM,16.25,23.048965,test
2016-12-22 22:00:00,2016-12-23 10:00:00,12,Beijing,LSTM,18.25,25.177504,test
2016-12-22 23:00:00,2016-12-23 11:00:00,12,Beijing,LSTM,21.333332,24.541681,test
2016-12-23 00:00:00,2016-12-23 12:00:00,12,Beijing,LSTM,20.63889,26.85669,test
2016-12-23 01:00:00,2016-12-23 13:00:00,12,Beijing,LSTM,19.777779,28.878082,test
2016-12-23 02:00:00,2016-12-23 14:00:00,12,Beijing,LSTM,24.083332,28.463472,test
2016-12-23 03:00:00,2016-12-23 15:00:00,12,Beijing,LSTM,18.083332,27.951471,test
2016-12-23 04:00:00,2016-12-23 16:00:00,12,Beijing,LSTM,20.833332,30.758175,test
2016-12-23 05:00:00,2016-12-23 17:00:00,12,Beijing,LSTM,29.666668,31.922363,test
2016-12-23 06:00:00,2016-12-23 18:00:00,12,Beijing,LSTM,47.416668,36.515064,test
2016-12-23 07:00:00,2016-12-23 19:00:00,12,Beijing,LSTM,64.25,39.881954,test
2016-12-23 08:00:00,2016-12-23 20:00:00,12,Beijing,LSTM,71.0,45.10117,test
2016-12-23 09:00:00,2016-12-23 21:00:00,12,Beijing,LSTM,74.25,46.652332,test
2016-12-23 10:00:00,2016-12-23 22:00:00,12,Beijing,LSTM,74.833336,39.06342,test
2016-12-23 11:00:00,2016-12-23 23:00:00,12,Beijing,LSTM,78.416664,48.379948,test
2016-12-23 12:00:00,2016-12-24 00:00:00,12,Beijing,LSTM,76.416664,51.999584,test
2016-12-23 13:00:00,2016-12-24 01:00:00,12,Beijing,LSTM,79.333336,52.320496,test
2016-12-23 14:00:00,2016-12-24 02:00:00,12,Beijing,LSTM,82.916664,51.958122,test
2016-12-23 15:00:00,2016-12-24 03:00:00,12,Beijing,LSTM,84.083336,48.799183,test
2016-12-23 16:00:00,2016-12-24 04:00:00,12,Beijing,LSTM,89.583336,43.320465,test
2016-12-23 17:00:00,2016-12-24 05:00:00,12,Beijing,LSTM,89.416664,40.954327,test
2016-12-23 18:00:00,2016-12-24 06:00:00,12,Beijing,LSTM,96.666664,36.314827,test
2016-12-23 19:00:00,2016-12-24 07:00:00,12,Beijing,LSTM,100.166664,33.682285,test
2016-12-23 20:00:00,2016-12-24 08:00:00,12,Beijing,LSTM,103.75,31.721867,test
2016-12-23 21:00:00,2016-12-24 09:00:00,12,Beijing,LSTM,102.25,28.545902,test
2016-12-23 22:00:00,2016-12-24 10:00:00,12,Beijing,LSTM,103.583336,27.238781,test
2016-12-23 23:00:00,2016-12-24 11:00:00,12,Beijing,LSTM,110.416664,21.409798,test
2016-12-24 00:00:00,2016-12-24 12:00:00,12,Beijing,LSTM,120.416664,24.485989,test
2016-12-24 01:00:00,2016-12-24 13:00:00,12,Beijing,LSTM,127.75,32.333996,test
2016-12-24 02:00:00,2016-12-24 14:00:00,12,Beijing,LSTM,124.666664,37.368626,test
2016-12-24 03:00:00,2016-12-24 15:00:00,12,Beijing,LSTM,125.916664,46.27122,test
2016-12-24 04:00:00,2016-12-24 16:00:00,12,Beijing,LSTM,135.41667,58.162003,test
2016-12-24 05:00:00,2016-12-24 17:00:00,12,Beijing,LSTM,146.16667,67.33635,test
2016-12-24 06:00:00,2016-12-24 18:00:00,12,Beijing,LSTM,148.25,77.25511,test
2016-12-24 07:00:00,2016-12-24 19:00:00,12,Beijing,LSTM,147.0,85.69413,test
2016-12-24 08:00:00,2016-12-24 20:00:00,12,Beijing,LSTM,152.41667,92.55347,test
2016-12-24 09:00:00,2016-12-24 21:00:00,12,Beijing,LSTM,157.0,97.321,test
2016-12-24 10:00:00,2016-12-24 22:00:00,12,Beijing,LSTM,156.08333,100.02948,test
2016-12-24 11:00:00,2016-12-24 23:00:00,12,Beijing,LSTM,161.08333,101.215096,test
2016-12-24 12:00:00,2016-12-25 00:00:00,12,Beijing,LSTM,168.91667,101.694244,test
2016-12-24 13:00:00,2016-12-25 01:00:00,12,Beijing,LSTM,166.45454,101.90082,test
2016-12-24 14:00:00,2016-12-25 02:00:00,12,Beijing,LSTM,158.45454,102.0124,test
2016-12-24 15:00:00,2016-12-25 03:00:00,12,Beijing,LSTM,156.09091,102.09018,test
2016-12-24 16:00:00,2016-12-25 04:00:00,12,Beijing,LSTM,143.36363,102.14055,test
2016-12-24 17:00:00,2016-12-25 05:00:00,12,Beijing,LSTM,133.81818,102.18116,test
2016-12-24 18:00:00,2016-12-25 06:00:00,12,Beijing,LSTM,125.72727,101.86685,test
2016-12-24 19:00:00,2016-12-25 07:00:00,12,Beijing,LSTM,121.90909,100.79819,test
2016-12-24 20:00:00,2016-12-25 08:00:00,12,Beijing,LSTM,121.181816,89.67428,test
2016-12-24 21:00:00,2016-12-25 09:00:00,12,Beijing,LSTM,116.416664,73.80968,test
2016-12-24 22:00:00,2016-12-25 10:00:00,12,Beijing,LSTM,121.166664,39.2432,test
2016-12-24 23:00:00,2016-12-25 11:00:00,12,Beijing,LSTM,124.5,32.966747,test
2016-12-25 00:00:00,2016-12-25 12:00:00,12,Beijing,LSTM,128.16667,34.59773,test
2016-12-25 01:00:00,2016-12-25 13:00:00,12,Beijing,LSTM,129.25,38.0097,test
2016-12-25 02:00:00,2016-12-25 14:00:00,12,Beijing,LSTM,135.33333,34.39079,test
2016-12-25 03:00:00,2016-12-25 15:00:00,12,Beijing,LSTM,140.5,39.813396,test
2016-12-25 04:00:00,2016-12-25 16:00:00,12,Beijing,LSTM,143.58333,47.880024,test
2016-12-25 05:00:00,2016-12-25 17:00:00,12,Beijing,LSTM,148.08333,63.488712,test
2016-12-25 06:00:00,2016-12-25 18:00:00,12,Beijing,LSTM,154.0,80.6092,test
2016-12-25 07:00:00,2016-12-25 19:00:00,12,Beijing,LSTM,165.41667,96.79007,test
2016-12-25 08:00:00,2016-12-25 20:00:00,12,Beijing,LSTM,172.91667,100.71547,test
2016-12-25 09:00:00,2016-12-25 21:00:00,12,Beijing,LSTM,175.33333,101.5841,test
2016-12-25 10:00:00,2016-12-25 22:00:00,12,Beijing,LSTM,180.58333,102.0125,test
2016-12-25 11:00:00,2016-12-25 23:00:00,12,Beijing,LSTM,175.75,102.12038,test
2016-12-25 12:00:00,2016-12-26 00:00:00,12,Beijing,LSTM,171.33333,102.19421,test
2016-12-25 13:00:00,2016-12-26 01:00:00,12,Beijing,LSTM,157.5,102.21168,test
2016-12-25 14:00:00,2016-12-26 02:00:00,12,Beijing,LSTM,151.33333,102.24182,test
2016-12-25 15:00:00,2016-12-26 03:00:00,12,Beijing,LSTM,135.66667,102.245895,test
2016-12-25 16:00:00,2016-12-26 04:00:00,12,Beijing,LSTM,109.083336,102.24776,test
2016-12-25 17:00:00,2016-12-26 05:00:00,12,Beijing,LSTM,58.0,102.23737,test
2016-12-25 18:00:00,2016-12-26 06:00:00,12,Beijing,LSTM,34.333332,102.09422,test
2016-12-25 19:00:00,2016-12-26 07:00:00,12,Beijing,LSTM,24.333332,102.15152,test
2016-12-25 20:00:00,2016-12-26 08:00:00,12,Beijing,LSTM,22.333332,102.12924,test
2016-12-25 21:00:00,2016-12-26 09:00:00,12,Beijing,LSTM,21.5,101.85236,test
2016-12-25 22:00:00,2016-12-26 10:00:00,12,Beijing,LSTM,28.083332,102.07895,test
2016-12-25 23:00:00,2016-12-26 11:00:00,12,Beijing,LSTM,18.5,101.41806,test
2016-12-26 00:00:00,2016-12-26 12:00:00,12,Beijing,LSTM,17.75,100.269,test
2016-12-26 01:00:00,2016-12-26 13:00:00,12,Beijing,LSTM,15.5,80.67734,test
2016-12-26 02:00:00,2016-12-26 14:00:00,12,Beijing,LSTM,13.916667,62.768993,test
2016-12-26 03:00:00,2016-12-26 15:00:00,12,Beijing,LSTM,10.5,27.43737,test
2016-12-26 04:00:00,2016-12-26 16:00:00,12,Beijing,LSTM,11.833333,21.052967,test
2016-12-26 05:00:00,2016-12-26 17:00:00,12,Beijing,LSTM,11.416667,17.517391,test
2016-12-26 06:00:00,2016-12-26 18:00:00,12,Beijing,LSTM,12.666667,20.721264,test
2016-12-26 07:00:00,2016-12-26 19:00:00,12,Beijing,LSTM,14.083333,23.070751,test
2016-12-26 08:00:00,2016-12-26 20:00:00,12,Beijing,LSTM,16.75,29.359432,test
2016-12-26 09:00:00,2016-12-26 21:00:00,12,Beijing,LSTM,15.916667,33.047222,test
2016-12-26 10:00:00,2016-12-26 22:00:00,12,Beijing,LSTM,16.083332,33.996918,test
2016-12-26 11:00:00,2016-12-26 23:00:00,12,Beijing,LSTM,13.75,32.501305,test
2016-12-26 12:00:00,2016-12-27 00:00:00,12,Beijing,LSTM,12.166667,24.632431,test
2016-12-26 13:00:00,2016-12-27 01:00:00,12,Beijing,LSTM,13.916667,27.868156,test
2016-12-26 14:00:00,2016-12-27 02:00:00,12,Beijing,LSTM,15.583333,26.28617,test
2016-12-26 15:00:00,2016-12-27 03:00:00,12,Beijing,LSTM,18.0,22.722296,test
2016-12-26 16:00:00,2016-12-27 04:00:00,12,Beijing,LSTM,16.166668,23.979538,test
2016-12-26 17:00:00,2016-12-27 05:00:00,12,Beijing,LSTM,13.916667,26.842533,test
2016-12-26 18:00:00,2016-12-27 06:00:00,12,Beijing,LSTM,14.166667,30.144302,test
2016-12-26 19:00:00,2016-12-27 07:00:00,12,Beijing,LSTM,19.375,33.37788,test
2016-12-26 20:00:00,2016-12-27 08:00:00,12,Beijing,LSTM,19.333332,39.59738,test
2016-12-26 21:00:00,2016-12-27 09:00:00,12,Beijing,LSTM,17.916668,35.3478,test
2016-12-26 22:00:00,2016-12-27 10:00:00,12,Beijing,LSTM,15.75,33.871006,test
2016-12-26 23:00:00,2016-12-27 11:00:00,12,Beijing,LSTM,13.555556,29.254711,test
2016-12-27 00:00:00,2016-12-27 12:00:00,12,Beijing,LSTM,13.444444,29.81609,test
2016-12-27 01:00:00,2016-12-27 13:00:00,12,Beijing,LSTM,14.916667,32.036983,test
2016-12-27 02:00:00,2016-12-27 14:00:00,12,Beijing,LSTM,15.083333,38.43704,test
2016-12-27 03:00:00,2016-12-27 15:00:00,12,Beijing,LSTM,15.0,40.636044,test
2016-12-27 04:00:00,2016-12-27 16:00:00,12,Beijing,LSTM,14.583333,45.574768,test
2016-12-27 05:00:00,2016-12-27 17:00:00,12,Beijing,LSTM,22.333332,47.386726,test
2016-12-27 06:00:00,2016-12-27 18:00:00,12,Beijing,LSTM,46.666668,57.953236,test
2016-12-27 07:00:00,2016-12-27 19:00:00,12,Beijing,LSTM,74.833336,68.94574,test
2016-12-27 08:00:00,2016-12-27 20:00:00,12,Beijing,LSTM,112.416664,80.60776,test
2016-12-27 09:00:00,2016-12-27 21:00:00,12,Beijing,LSTM,102.083336,86.20023,test
2016-12-27 10:00:00,2016-12-27 22:00:00,12,Beijing,LSTM,115.583336,76.8474,test
2016-12-27 11:00:00,2016-12-27 23:00:00,12,Beijing,LSTM,124.166664,82.49009,test
2016-12-27 12:00:00,2016-12-28 00:00:00,12,Beijing,LSTM,129.66667,88.563896,test
2016-12-27 13:00:00,2016-12-28 01:00:00,12,Beijing,LSTM,135.16667,88.89558,test
2016-12-27 14:00:00,2016-12-28 02:00:00,12,Beijing,LSTM,142.16667,86.95506,test
2016-12-27 15:00:00,2016-12-28 03:00:00,12,Beijing,LSTM,151.0,84.591415,test
2016-12-27 16:00:00,2016-12-28 04:00:00,12,Beijing,LSTM,149.33333,81.872025,test
2016-12-27 17:00:00,2016-12-28 05:00:00,12,Beijing,LSTM,150.0,79.20785,test
2016-12-27 18:00:00,2016-12-28 06:00:00,12,Beijing,LSTM,131.5,75.57426,test
2016-12-27 19:00:00,2016-12-28 07:00:00,12,Beijing,LSTM,121.083336,74.904686,test
2016-12-27 20:00:00,2016-12-28 08:00:00,12,Beijing,LSTM,112.666664,73.70952,test
2016-12-27 21:00:00,2016-12-28 09:00:00,12,Beijing,LSTM,89.916664,70.23039,test
2016-12-27 22:00:00,2016-12-28 10:00:00,12,Beijing,LSTM,56.833332,67.43536,test
2016-12-27 23:00:00,2016-12-28 11:00:00,12,Beijing,LSTM,32.375,66.59061,test
2016-12-28 00:00:00,2016-12-28 12:00:00,12,Beijing,LSTM,19.583332,68.35551,test
2016-12-28 01:00:00,2016-12-28 13:00:00,12,Beijing,LSTM,14.833333,71.254196,test
2016-12-28 02:00:00,2016-12-28 14:00:00,12,Beijing,LSTM,13.645833,74.95729,test
2016-12-28 03:00:00,2016-12-28 15:00:00,12,Beijing,LSTM,9.458333,79.53658,test
2016-12-28 04:00:00,2016-12-28 16:00:00,12,Beijing,LSTM,9.854167,83.3909,test
2016-12-28 05:00:00,2016-12-28 17:00:00,12,Beijing,LSTM,9.770833,87.90988,test
2016-12-28 06:00:00,2016-12-28 18:00:00,12,Beijing,LSTM,9.583333,92.65143,test
2016-12-28 07:00:00,2016-12-28 19:00:00,12,Beijing,LSTM,8.895833,97.28711,test
2016-12-28 08:00:00,2016-12-28 20:00:00,12,Beijing,LSTM,10.0,100.20449,test
2016-12-28 09:00:00,2016-12-28 21:00:00,12,Beijing,LSTM,8.666667,34.20099,test
2016-12-28 10:00:00,2016-12-28 22:00:00,12,Beijing,LSTM,9.0,17.246412,test
2016-12-28 11:00:00,2016-12-28 23:00:00,12,Beijing,LSTM,10.0,13.461774,test
2016-12-28 12:00:00,2016-12-29 00:00:00,12,Beijing,LSTM,12.833333,12.731125,test
2016-12-28 13:00:00,2016-12-29 01:00:00,12,Beijing,LSTM,13.0,10.181448,test
2016-12-28 14:00:00,2016-12-29 02:00:00,12,Beijing,LSTM,12.25,9.519527,test
2016-12-28 15:00:00,2016-12-29 03:00:00,12,Beijing,LSTM,10.916667,10.079267,test
2016-12-28 16:00:00,2016-12-29 04:00:00,12,Beijing,LSTM,10.333333,9.817407,test
2016-12-28 17:00:00,2016-12-29 05:00:00,12,Beijing,LSTM,9.916667,10.231732,test
2016-12-28 18:00:00,2016-12-29 06:00:00,12,Beijing,LSTM,10.0,11.024639,test
2016-12-28 19:00:00,2016-12-29 07:00:00,12,Beijing,LSTM,11.833333,11.187783,test
2016-12-28 20:00:00,2016-12-29 08:00:00,12,Beijing,LSTM,13.083333,13.121557,test
2016-12-28 21:00:00,2016-12-29 09:00:00,12,Beijing,LSTM,15.166667,15.50117,test
2016-12-28 22:00:00,2016-12-29 10:00:00,12,Beijing,LSTM,15.166667,16.80044,test
2016-12-28 23:00:00,2016-12-29 11:00:00,12,Beijing,LSTM,17.958332,15.336916,test
2016-12-29 00:00:00,2016-12-29 12:00:00,12,Beijing,LSTM,30.75,15.289516,test
2016-12-29 01:00:00,2016-12-29 13:00:00,12,Beijing,LSTM,39.875,14.883924,test
2016-12-29 02:00:00,2016-12-29 14:00:00,12,Beijing,LSTM,46.333332,15.971295,test
2016-12-29 03:00:00,2016-12-29 15:00:00,12,Beijing,LSTM,46.916668,14.337317,test
2016-12-29 04:00:00,2016-12-29 16:00:00,12,Beijing,LSTM,52.083332,16.290464,test
2016-12-29 05:00:00,2016-12-29 17:00:00,12,Beijing,LSTM,53.083332,15.28642,test
2016-12-29 06:00:00,2016-12-29 18:00:00,12,Beijing,LSTM,58.416668,17.669685,test
2016-12-29 07:00:00,2016-12-29 19:00:00,12,Beijing,LSTM,79.0,17.800251,test
2016-12-29 08:00:00,2016-12-29 20:00:00,12,Beijing,LSTM,120.916664,22.358824,test
2016-12-29 09:00:00,2016-12-29 21:00:00,12,Beijing,LSTM,143.0,31.090698,test
2016-12-29 10:00:00,2016-12-29 22:00:00,12,Beijing,LSTM,187.41667,41.110157,test
2016-12-29 11:00:00,2016-12-29 23:00:00,12,Beijing,LSTM,183.72,52.799114,test
2016-12-29 12:00:00,2016-12-30 00:00:00,12,Beijing,LSTM,195.39,63.62818,test
2016-12-29 13:00:00,2016-12-30 01:00:00,12,Beijing,LSTM,185.21,67.92122,test
2016-12-29 14:00:00,2016-12-30 02:00:00,12,Beijing,LSTM,177.86333,67.194725,test
2016-12-29 15:00:00,2016-12-30 03:00:00,12,Beijing,LSTM,166.96666,61.805027,test
2016-12-29 16:00:00,2016-12-30 04:00:00,12,Beijing,LSTM,134.1,52.692722,test
2016-12-29 17:00:00,2016-12-30 05:00:00,12,Beijing,LSTM,132.05,40.262405,test
2016-12-29 18:00:00,2016-12-30 06:00:00,12,Beijing,LSTM,142.66667,26.26043,test
2016-12-29 19:00:00,2016-12-30 07:00:00,12,Beijing,LSTM,130.08333,25.204594,test
2016-12-29 20:00:00,2016-12-30 08:00:00,12,Beijing,LSTM,129.54167,31.435085,test
2016-12-29 21:00:00,2016-12-30 09:00:00,12,Beijing,LSTM,120.5,35.844166,test
2016-12-29 22:00:00,2016-12-30 10:00:00,12,Beijing,LSTM,129.41667,42.922188,test
2016-12-29 23:00:00,2016-12-30 11:00:00,12,Beijing,LSTM,132.875,44.07497,test
2016-12-30 00:00:00,2016-12-30 12:00:00,12,Beijing,LSTM,129.5,47.051422,test
2016-12-30 01:00:00,2016-12-30 13:00:00,12,Beijing,LSTM,142.58333,49.783146,test
2016-12-30 02:00:00,2016-12-30 14:00:00,12,Beijing,LSTM,143.0,55.40829,test
2016-12-30 03:00:00,2016-12-30 15:00:00,12,Beijing,LSTM,156.91667,63.392136,test
2016-12-30 04:00:00,2016-12-30 16:00:00,12,Beijing,LSTM,194.83333,72.354454,test
2016-12-30 05:00:00,2016-12-30 17:00:00,12,Beijing,LSTM,233.99583,85.45091,test
2016-12-30 06:00:00,2016-12-30 18:00:00,12,Beijing,LSTM,248.97778,94.19852,test
2016-12-30 07:00:00,2016-12-30 19:00:00,12,Beijing,LSTM,256.6264,98.86376,test
2016-12-30 08:00:00,2016-12-30 20:00:00,12,Beijing,LSTM,262.85834,100.72563,test
2016-12-30 09:00:00,2016-12-30 21:00:00,12,Beijing,LSTM,261.94446,101.320915,test
2016-12-30 10:00:00,2016-12-30 22:00:00,12,Beijing,LSTM,256.34723,101.79968,test
2016-12-30 11:00:00,2016-12-30 23:00:00,12,Beijing,LSTM,254.66667,102.044,test
2016-12-30 12:00:00,2016-12-31 00:00:00,12,Beijing,LSTM,247.775,102.16551,test
2016-12-30 13:00:00,2016-12-31 01:00:00,12,Beijing,LSTM,245.59763,102.21362,test
2016-12-30 14:00:00,2016-12-31 02:00:00,12,Beijing,LSTM,244.75357,102.23472,test
2016-12-30 15:00:00,2016-12-31 03:00:00,12,Beijing,LSTM,234.59703,102.24431,test
2016-12-30 16:00:00,2016-12-31 04:00:00,12,Beijing,LSTM,230.8988,102.2539,test
2016-12-30 17:00:00,2016-12-31 05:00:00,12,Beijing,LSTM,230.09225,102.25975,test
2016-12-30 18:00:00,2016-12-31 06:00:00,12,Beijing,LSTM,223.61905,102.261894,test
2016-12-30 19:00:00,2016-12-31 07:00:00,12,Beijing,LSTM,210.33333,102.26504,test
2016-12-30 20:00:00,2016-12-31 08:00:00,12,Beijing,LSTM,193.16667,102.26253,test
2016-12-30 21:00:00,2016-12-31 09:00:00,12,Beijing,LSTM,176.0,102.26142,test
2016-12-30 22:00:00,2016-12-31 10:00:00,12,Beijing,LSTM,193.90909,102.253334,test
2016-12-30 23:00:00,2016-12-31 11:00:00,12,Beijing,LSTM,195.63637,102.25842,test
2016-12-31 00:00:00,2016-12-31 12:00:00,12,Beijing,LSTM,207.27272,102.24539,test
2016-12-31 01:00:00,2016-12-31 13:00:00,12,Beijing,LSTM,228.36363,102.25492,test
2016-12-31 02:00:00,2016-12-31 14:00:00,12,Beijing,LSTM,227.625,102.25571,test
2016-12-31 03:00:00,2016-12-31 15:00:00,12,Beijing,LSTM,189.95,102.24641,test
2016-12-31 04:00:00,2016-12-31 16:00:00,12,Beijing,LSTM,210.4,102.25356,test
2016-12-31 05:00:00,2016-12-31 17:00:00,12,Beijing,LSTM,220.225,102.25314,test
2016-12-31 06:00:00,2016-12-31 18:00:00,12,Beijing,LSTM,231.3,102.2455,test
2016-12-31 07:00:00,2016-12-31 19:00:00,12,Beijing,LSTM,241.75,102.23848,test
2016-12-31 08:00:00,2016-12-31 20:00:00,12,Beijing,LSTM,258.25,102.212906,test
2016-12-31 09:00:00,2016-12-31 21:00:00,12,Beijing,LSTM,218.66667,102.001175,test
2016-12-31 10:00:00,2016-12-31 22:00:00,12,Beijing,LSTM,202.0,102.22003,test
2016-12-31 11:00:00,2016-12-31 23:00:00,12,Beijing,LSTM,198.33333,102.25429,test
2016-12-31 12:00:00,2017-01-01 00:00:00,12,Beijing,LSTM,227.0,102.26293,test
2016-12-31 13:00:00,2017-01-01 01:00:00,12,Beijing,LSTM,235.66667,102.26778,test
2016-12-31 14:00:00,2017-01-01 02:00:00,12,Beijing,LSTM,244.66667,102.266785,test
2016-12-31 15:00:00,2017-01-01 03:00:00,12,Beijing,LSTM,240.0,102.21135,test
2016-12-31 16:00:00,2017-01-01 04:00:00,12,Beijing,LSTM,227.41667,102.264084,test
2016-12-31 17:00:00,2017-01-01 05:00:00,12,Beijing,LSTM,222.83333,102.26572,test
2016-12-31 18:00:00,2017-01-01 06:00:00,12,Beijing,LSTM,225.75,102.264984,test
2016-12-31 19:00:00,2017-01-01 07:00:00,12,Beijing,LSTM,225.16667,102.26504,test
2016-12-31 20:00:00,2017-01-01 08:00:00,12,Beijing,LSTM,233.08333,102.2661,test
2016-12-31 21:00:00,2017-01-01 09:00:00,12,Beijing,LSTM,238.21428,102.16824,test
2016-12-31 22:00:00,2017-01-01 10:00:00,12,Beijing,LSTM,246.42857,102.185196,test
2016-12-31 23:00:00,2017-01-01 11:00:00,12,Beijing,LSTM,254.64285,102.16609,test
2017-01-01 00:00:00,2017-01-01 12:00:00,12,Beijing,LSTM,244.71428,102.265045,test
2017-01-01 01:00:00,2017-01-01 13:00:00,12,Beijing,LSTM,254.14285,102.26582,test
2017-01-01 02:00:00,2017-01-01 14:00:00,12,Beijing,LSTM,263.57144,102.26614,test
2017-01-01 03:00:00,2017-01-01 15:00:00,12,Beijing,LSTM,273.0,102.26395,test
2017-01-01 04:00:00,2017-01-01 16:00:00,12,Beijing,LSTM,256.0,102.26346,test
2017-01-01 05:00:00,2017-01-01 17:00:00,12,Beijing,LSTM,177.0,102.26451,test
2017-01-01 06:00:00,2017-01-01 18:00:00,12,Beijing,LSTM,103.666664,102.26192,test
2017-01-01 07:00:00,2017-01-01 19:00:00,12,Beijing,LSTM,170.375,102.25499,test
2017-01-01 08:00:00,2017-01-01 20:00:00,12,Beijing,LSTM,137.54546,102.25728,test
2017-01-01 09:00:00,2017-01-01 21:00:00,12,Beijing,LSTM,86.666664,102.2621,test
2017-01-01 10:00:00,2017-01-01 22:00:00,12,Beijing,LSTM,57.25,102.265434,test
2017-01-01 11:00:00,2017-01-01 23:00:00,12,Beijing,LSTM,46.666668,102.26729,test
2017-01-01 12:00:00,2017-01-02 00:00:00,12,Beijing,LSTM,52.583332,102.26425,test
2017-01-01 13:00:00,2017-01-02 01:00:00,12,Beijing,LSTM,57.13333,102.26705,test
2017-01-01 14:00:00,2017-01-02 02:00:00,12,Beijing,LSTM,87.933334,102.26735,test
2017-01-01 15:00:00,2017-01-02 03:00:00,12,Beijing,LSTM,151.19167,102.26753,test
2017-01-02 01:00:00,2017-01-02 13:00:00,12,Beijing,LSTM,174.86667,102.19963,test
2017-01-02 02:00:00,2017-01-02 14:00:00,12,Beijing,LSTM,176.75,60.44912,test
2017-01-02 03:00:00,2017-01-02 15:00:00,12,Beijing,LSTM,205.83333,48.37745,test
2017-01-02 04:00:00,2017-01-02 16:00:00,12,Beijing,LSTM,211.5,93.66841,test
2017-01-02 05:00:00,2017-01-02 17:00:00,12,Beijing,LSTM,213.91667,52.606895,test
2017-01-02 06:00:00,2017-01-02 18:00:00,12,Beijing,LSTM,195.0,48.970837,test
2017-01-02 07:00:00,2017-01-02 19:00:00,12,Beijing,LSTM,192.08333,44.766174,test
2017-01-02 08:00:00,2017-01-02 20:00:00,12,Beijing,LSTM,182.5,43.07845,test
2017-01-02 09:00:00,2017-01-02 21:00:00,12,Beijing,LSTM,189.75,62.20219,test
2017-01-02 10:00:00,2017-01-02 22:00:00,12,Beijing,LSTM,213.66667,71.17604,test
2017-01-02 11:00:00,2017-01-02 23:00:00,12,Beijing,LSTM,222.91667,75.5546,test
2017-01-02 12:00:00,2017-01-03 00:00:00,12,Beijing,LSTM,238.0,78.86435,test
2017-01-02 13:00:00,2017-01-03 01:00:00,12,Beijing,LSTM,261.5,81.65633,test
2017-01-02 14:00:00,2017-01-03 02:00:00,12,Beijing,LSTM,264.64285,83.508224,test
2017-01-02 15:00:00,2017-01-03 03:00:00,12,Beijing,LSTM,258.05237,86.252686,test
2017-01-02 16:00:00,2017-01-03 04:00:00,12,Beijing,LSTM,247.7119,88.4536,test
2017-01-02 17:00:00,2017-01-03 05:00:00,12,Beijing,LSTM,245.64226,90.9456,test
2017-01-02 18:00:00,2017-01-03 06:00:00,12,Beijing,LSTM,243.23929,92.27436,test
2017-01-02 19:00:00,2017-01-03 07:00:00,12,Beijing,LSTM,234.16965,96.60862,test
2017-01-02 20:00:00,2017-01-03 08:00:00,12,Beijing,LSTM,219.33333,99.402855,test
2017-01-02 21:00:00,2017-01-03 09:00:00,12,Beijing,LSTM,221.58333,101.12696,test
2017-01-02 22:00:00,2017-01-03 10:00:00,12,Beijing,LSTM,216.16667,101.83357,test
2017-01-02 23:00:00,2017-01-03 11:00:00,12,Beijing,LSTM,216.55556,102.08711,test
2017-01-03 00:00:00,2017-01-03 12:00:00,12,Beijing,LSTM,223.36111,102.18872,test
2017-01-03 01:00:00,2017-01-03 13:00:00,12,Beijing,LSTM,221.91667,102.2307,test
2017-01-03 02:00:00,2017-01-03 14:00:00,12,Beijing,LSTM,217.08333,102.247856,test
2017-01-03 03:00:00,2017-01-03 15:00:00,12,Beijing,LSTM,222.9,102.25491,test
2017-01-03 04:00:00,2017-01-03 16:00:00,12,Beijing,LSTM,236.875,102.25441,test
2017-01-03 05:00:00,2017-01-03 17:00:00,12,Beijing,LSTM,250.28572,102.25732,test
2017-01-03 06:00:00,2017-01-03 18:00:00,12,Beijing,LSTM,236.2,102.26192,test
2017-01-03 07:00:00,2017-01-03 19:00:00,12,Beijing,LSTM,196.0,102.26086,test
2017-01-03 08:00:00,2017-01-03 20:00:00,12,Beijing,LSTM,219.66667,102.14897,test
2017-01-03 09:00:00,2017-01-03 21:00:00,12,Beijing,LSTM,208.0,102.235664,test
2017-01-03 10:00:00,2017-01-03 22:00:00,12,Beijing,LSTM,199.5,102.18622,test
2017-01-03 11:00:00,2017-01-03 23:00:00,12,Beijing,LSTM,174.0,102.17978,test
2017-01-03 12:00:00,2017-01-04 00:00:00,12,Beijing,LSTM,178.5,102.2439,test
2017-01-03 13:00:00,2017-01-04 01:00:00,12,Beijing,LSTM,197.0,102.25235,test
2017-01-03 14:00:00,2017-01-04 02:00:00,12,Beijing,LSTM,153.0,102.24929,test
2017-01-03 15:00:00,2017-01-04 03:00:00,12,Beijing,LSTM,105.5,102.18795,test
2017-01-03 16:00:00,2017-01-04 04:00:00,12,Beijing,LSTM,141.66667,102.11322,test
2017-01-03 17:00:00,2017-01-04 05:00:00,12,Beijing,LSTM,130.66667,101.9185,test
2017-01-03 18:00:00,2017-01-04 06:00:00,12,Beijing,LSTM,119.0,91.10921,test
2017-01-03 19:00:00,2017-01-04 07:00:00,12,Beijing,LSTM,109.333336,43.197624,test
2017-01-03 20:00:00,2017-01-04 08:00:00,12,Beijing,LSTM,182.66667,69.09507,test
2017-01-03 21:00:00,2017-01-04 09:00:00,12,Beijing,LSTM,173.57143,54.7805,test
2017-01-03 22:00:00,2017-01-04 10:00:00,12,Beijing,LSTM,194.9375,54.800816,test
2017-01-03 23:00:00,2017-01-04 11:00:00,12,Beijing,LSTM,191.48148,37.61457,test
2017-01-04 00:00:00,2017-01-04 12:00:00,12,Beijing,LSTM,187.37878,52.845158,test
2017-01-04 01:00:00,2017-01-04 13:00:00,12,Beijing,LSTM,176.86363,64.095436,test
2017-01-04 02:00:00,2017-01-04 14:00:00,12,Beijing,LSTM,188.66667,36.30604,test
2017-01-04 03:00:00,2017-01-04 15:00:00,12,Beijing,LSTM,226.63333,31.143074,test
2017-01-04 04:00:00,2017-01-04 16:00:00,12,Beijing,LSTM,258.68332,51.740967,test
2017-01-04 05:00:00,2017-01-04 17:00:00,12,Beijing,LSTM,275.42856,58.2018,test
2017-01-04 06:00:00,2017-01-04 18:00:00,12,Beijing,LSTM,246.0,64.69726,test
2017-01-04 07:00:00,2017-01-04 19:00:00,12,Beijing,LSTM,284.7381,68.31665,test
2017-01-04 08:00:00,2017-01-04 20:00:00,12,Beijing,LSTM,284.6111,84.49885,test
2017-01-04 09:00:00,2017-01-04 21:00:00,12,Beijing,LSTM,277.52777,92.5448,test
2017-01-04 10:00:00,2017-01-04 22:00:00,12,Beijing,LSTM,284.44446,97.6801,test
2017-01-04 11:00:00,2017-01-04 23:00:00,12,Beijing,LSTM,284.10416,99.552635,test
2017-01-04 12:00:00,2017-01-05 00:00:00,12,Beijing,LSTM,238.0,100.761536,test
2017-01-04 13:00:00,2017-01-05 01:00:00,12,Beijing,LSTM,192.84285,100.81266,test
2017-01-04 14:00:00,2017-01-05 02:00:00,12,Beijing,LSTM,190.8961,101.45032,test
2017-01-04 15:00:00,2017-01-05 03:00:00,12,Beijing,LSTM,203.79048,101.87703,test
2017-01-04 16:00:00,2017-01-05 04:00:00,12,Beijing,LSTM,223.4262,102.06609,test
2017-01-04 17:00:00,2017-01-05 05:00:00,12,Beijing,LSTM,256.29108,102.15324,test
2017-01-04 18:00:00,2017-01-05 06:00:00,12,Beijing,LSTM,284.44763,101.949036,test
2017-01-04 19:00:00,2017-01-05 07:00:00,12,Beijing,LSTM,285.72916,102.18347,test
2017-01-04 20:00:00,2017-01-05 08:00:00,12,Beijing,LSTM,267.41666,102.07444,test
2017-01-04 21:00:00,2017-01-05 09:00:00,12,Beijing,LSTM,262.72223,101.77884,test
2017-01-04 22:00:00,2017-01-05 10:00:00,12,Beijing,LSTM,261.8611,100.04539,test
2017-01-04 23:00:00,2017-01-05 11:00:00,12,Beijing,LSTM,268.75,101.06754,test
2017-01-05 00:00:00,2017-01-05 12:00:00,12,Beijing,LSTM,257.58334,69.27846,test
2017-01-05 01:00:00,2017-01-05 13:00:00,12,Beijing,LSTM,201.58333,94.34561,test
2017-01-05 02:00:00,2017-01-05 14:00:00,12,Beijing,LSTM,200.66667,100.03518,test
2017-01-05 03:00:00,2017-01-05 15:00:00,12,Beijing,LSTM,180.08333,101.62482,test
2017-01-05 04:00:00,2017-01-05 16:00:00,12,Beijing,LSTM,155.33333,101.987854,test
2017-01-05 05:00:00,2017-01-05 17:00:00,12,Beijing,LSTM,157.41667,102.13228,test
2017-01-05 06:00:00,2017-01-05 18:00:00,12,Beijing,LSTM,162.91667,102.212906,test
2017-01-05 07:00:00,2017-01-05 19:00:00,12,Beijing,LSTM,178.91667,102.22595,test
2017-01-05 08:00:00,2017-01-05 20:00:00,12,Beijing,LSTM,186.41667,102.1516,test
2017-01-05 09:00:00,2017-01-05 21:00:00,12,Beijing,LSTM,183.5,102.175476,test
2017-01-05 10:00:00,2017-01-05 22:00:00,12,Beijing,LSTM,190.5,102.157486,test
2017-01-05 11:00:00,2017-01-05 23:00:00,12,Beijing,LSTM,187.16667,102.241104,test
2017-01-05 12:00:00,2017-01-06 00:00:00,12,Beijing,LSTM,184.75,102.24814,test
2017-01-05 13:00:00,2017-01-06 01:00:00,12,Beijing,LSTM,183.16667,102.00424,test
2017-01-05 14:00:00,2017-01-06 02:00:00,12,Beijing,LSTM,178.66667,102.20572,test
2017-01-05 15:00:00,2017-01-06 03:00:00,12,Beijing,LSTM,178.0,102.11142,test
2017-01-05 16:00:00,2017-01-06 04:00:00,12,Beijing,LSTM,176.41667,101.90634,test
2017-01-05 17:00:00,2017-01-06 05:00:00,12,Beijing,LSTM,173.41667,102.19214,test
2017-01-05 18:00:00,2017-01-06 06:00:00,12,Beijing,LSTM,166.08333,102.23378,test
2017-01-05 19:00:00,2017-01-06 07:00:00,12,Beijing,LSTM,170.25,102.245125,test
2017-01-05 20:00:00,2017-01-06 08:00:00,12,Beijing,LSTM,173.41667,102.259796,test
2017-01-05 21:00:00,2017-01-06 09:00:00,12,Beijing,LSTM,180.16667,102.258316,test
2017-01-05 22:00:00,2017-01-06 10:00:00,12,Beijing,LSTM,202.33333,102.2632,test
2017-01-05 23:00:00,2017-01-06 11:00:00,12,Beijing,LSTM,201.83333,102.25405,test
2017-01-06 00:00:00,2017-01-06 12:00:00,12,Beijing,LSTM,204.75,102.260544,test
2017-01-06 01:00:00,2017-01-06 13:00:00,12,Beijing,LSTM,185.91667,102.263245,test
2017-01-06 02:00:00,2017-01-06 14:00:00,12,Beijing,LSTM,194.83333,102.25823,test
2017-01-06 03:00:00,2017-01-06 15:00:00,12,Beijing,LSTM,204.33333,102.256584,test
2017-01-06 04:00:00,2017-01-06 16:00:00,12,Beijing,LSTM,204.66667,102.18004,test
2017-01-06 05:00:00,2017-01-06 17:00:00,12,Beijing,LSTM,205.33333,102.17967,test
2017-01-06 06:00:00,2017-01-06 18:00:00,12,Beijing,LSTM,204.91667,102.234024,test
2017-01-06 07:00:00,2017-01-06 19:00:00,12,Beijing,LSTM,210.08333,102.25845,test
2017-01-06 08:00:00,2017-01-06 20:00:00,12,Beijing,LSTM,212.0,102.24543,test
2017-01-06 09:00:00,2017-01-06 21:00:00,12,Beijing,LSTM,216.16667,102.23626,test
2017-01-06 10:00:00,2017-01-06 22:00:00,12,Beijing,LSTM,222.0,102.26065,test
2017-01-06 11:00:00,2017-01-06 23:00:00,12,Beijing,LSTM,222.16667,102.25565,test
2017-01-06 12:00:00,2017-01-07 00:00:00,12,Beijing,LSTM,221.0,102.249985,test
2017-01-06 13:00:00,2017-01-07 01:00:00,12,Beijing,LSTM,220.41667,102.216385,test
2017-01-06 14:00:00,2017-01-07 02:00:00,12,Beijing,LSTM,220.58333,102.25366,test
2017-01-06 15:00:00,2017-01-07 03:00:00,12,Beijing,LSTM,210.58333,102.26424,test
2017-01-06 16:00:00,2017-01-07 04:00:00,12,Beijing,LSTM,214.16667,102.25099,test
2017-01-06 17:00:00,2017-01-07 05:00:00,12,Beijing,LSTM,215.41667,102.235664,test
2017-01-06 18:00:00,2017-01-07 06:00:00,12,Beijing,LSTM,199.83333,102.1692,test
2017-01-06 19:00:00,2017-01-07 07:00:00,12,Beijing,LSTM,192.91667,102.21571,test
2017-01-06 20:00:00,2017-01-07 08:00:00,12,Beijing,LSTM,191.75,102.14978,test
2017-01-06 21:00:00,2017-01-07 09:00:00,12,Beijing,LSTM,188.91667,102.08237,test
2017-01-06 22:00:00,2017-01-07 10:00:00,12,Beijing,LSTM,187.16667,102.20974,test
2017-01-06 23:00:00,2017-01-07 11:00:00,12,Beijing,LSTM,181.16667,102.11809,test
2017-01-07 00:00:00,2017-01-07 12:00:00,12,Beijing,LSTM,187.41667,102.22626,test
2017-01-07 01:00:00,2017-01-07 13:00:00,12,Beijing,LSTM,166.91667,102.20529,test
2017-01-07 02:00:00,2017-01-07 14:00:00,12,Beijing,LSTM,139.33333,102.24417,test
2017-01-07 03:00:00,2017-01-07 15:00:00,12,Beijing,LSTM,115.5,102.193665,test
2017-01-07 04:00:00,2017-01-07 16:00:00,12,Beijing,LSTM,106.25,102.24484,test
2017-01-07 05:00:00,2017-01-07 17:00:00,12,Beijing,LSTM,106.75,102.242905,test
2017-01-07 06:00:00,2017-01-07 18:00:00,12,Beijing,LSTM,103.416664,102.200066,test
2017-01-07 07:00:00,2017-01-07 19:00:00,12,Beijing,LSTM,110.333336,102.12726,test
2017-01-07 08:00:00,2017-01-07 20:00:00,12,Beijing,LSTM,117.25,102.11784,test
2017-01-07 09:00:00,2017-01-07 21:00:00,12,Beijing,LSTM,121.416664,97.83082,test
2017-01-07 10:00:00,2017-01-07 22:00:00,12,Beijing,LSTM,125.583336,101.21787,test
2017-01-07 11:00:00,2017-01-07 23:00:00,12,Beijing,LSTM,139.58333,99.27089,test
2017-01-07 12:00:00,2017-01-08 00:00:00,12,Beijing,LSTM,133.83333,101.89187,test
2017-01-07 13:00:00,2017-01-08 01:00:00,12,Beijing,LSTM,113.0,100.88956,test
2017-01-07 14:00:00,2017-01-08 02:00:00,12,Beijing,LSTM,72.666664,96.405975,test
2017-01-07 15:00:00,2017-01-08 03:00:00,12,Beijing,LSTM,43.583332,72.63036,test
2017-01-07 16:00:00,2017-01-08 04:00:00,12,Beijing,LSTM,31.083332,57.317886,test
2017-01-07 17:00:00,2017-01-08 05:00:00,12,Beijing,LSTM,22.5,40.663418,test
2017-01-07 18:00:00,2017-01-08 06:00:00,12,Beijing,LSTM,21.0,28.691391,test
2017-01-07 19:00:00,2017-01-08 07:00:00,12,Beijing,LSTM,19.916668,23.78005,test
2017-01-07 20:00:00,2017-01-08 08:00:00,12,Beijing,LSTM,20.75,20.45522,test
2017-01-07 21:00:00,2017-01-08 09:00:00,12,Beijing,LSTM,23.583332,20.735077,test
2017-01-07 22:00:00,2017-01-08 10:00:00,12,Beijing,LSTM,23.166668,20.311394,test
2017-01-07 23:00:00,2017-01-08 11:00:00,12,Beijing,LSTM,24.25,24.54875,test
2017-01-08 00:00:00,2017-01-08 12:00:00,12,Beijing,LSTM,26.833332,18.678556,test
2017-01-08 01:00:00,2017-01-08 13:00:00,12,Beijing,LSTM,29.583332,16.40833,test
2017-01-08 02:00:00,2017-01-08 14:00:00,12,Beijing,LSTM,30.25,12.068617,test
2017-01-08 03:00:00,2017-01-08 15:00:00,12,Beijing,LSTM,38.166668,12.2987175,test
2017-01-08 04:00:00,2017-01-08 16:00:00,12,Beijing,LSTM,47.083332,11.52035,test
2017-01-08 05:00:00,2017-01-08 17:00:00,12,Beijing,LSTM,43.5,10.814267,test
2017-01-08 06:00:00,2017-01-08 18:00:00,12,Beijing,LSTM,41.666668,11.285386,test
2017-01-08 07:00:00,2017-01-08 19:00:00,12,Beijing,LSTM,40.083332,10.915235,test
2017-01-08 08:00:00,2017-01-08 20:00:00,12,Beijing,LSTM,17.833332,12.550748,test
2017-01-08 09:00:00,2017-01-08 21:00:00,12,Beijing,LSTM,11.583333,12.924684,test
2017-01-08 10:00:00,2017-01-08 22:00:00,12,Beijing,LSTM,10.166667,14.530974,test
2017-01-08 11:00:00,2017-01-08 23:00:00,12,Beijing,LSTM,10.333333,14.620832,test
2017-01-08 12:00:00,2017-01-09 00:00:00,12,Beijing,LSTM,11.0,17.118605,test
2017-01-08 13:00:00,2017-01-09 01:00:00,12,Beijing,LSTM,7.583333,20.008356,test
2017-01-08 14:00:00,2017-01-09 02:00:00,12,Beijing,LSTM,9.166667,21.921917,test
2017-01-08 15:00:00,2017-01-09 03:00:00,12,Beijing,LSTM,9.583333,21.682058,test
2017-01-08 16:00:00,2017-01-09 04:00:00,12,Beijing,LSTM,8.75,19.814756,test
2017-01-08 17:00:00,2017-01-09 05:00:00,12,Beijing,LSTM,8.416667,18.47979,test
2017-01-08 18:00:00,2017-01-09 06:00:00,12,Beijing,LSTM,9.083333,16.653378,test
2017-01-08 19:00:00,2017-01-09 07:00:00,12,Beijing,LSTM,11.083333,16.28738,test
2017-01-08 20:00:00,2017-01-09 08:00:00,12,Beijing,LSTM,11.666667,14.997493,test
2017-01-08 21:00:00,2017-01-09 09:00:00,12,Beijing,LSTM,13.333333,14.637507,test
2017-01-08 22:00:00,2017-01-09 10:00:00,12,Beijing,LSTM,13.0,14.632844,test
2017-01-08 23:00:00,2017-01-09 11:00:00,12,Beijing,LSTM,12.416667,11.988559,test
2017-01-09 00:00:00,2017-01-09 12:00:00,12,Beijing,LSTM,12.916667,10.520471,test
2017-01-09 01:00:00,2017-01-09 13:00:00,12,Beijing,LSTM,13.916667,11.40603,test
2017-01-09 02:00:00,2017-01-09 14:00:00,12,Beijing,LSTM,16.333332,12.75157,test
2017-01-09 03:00:00,2017-01-09 15:00:00,12,Beijing,LSTM,19.75,14.061732,test
2017-01-09 04:00:00,2017-01-09 16:00:00,12,Beijing,LSTM,28.041668,15.625091,test
2017-01-09 05:00:00,2017-01-09 17:00:00,12,Beijing,LSTM,39.083332,18.100842,test
2017-01-09 06:00:00,2017-01-09 18:00:00,12,Beijing,LSTM,49.958332,17.216318,test
2017-01-09 07:00:00,2017-01-09 19:00:00,12,Beijing,LSTM,64.583336,25.570019,test
2017-01-09 08:00:00,2017-01-09 20:00:00,12,Beijing,LSTM,82.583336,33.66059,test
2017-01-09 09:00:00,2017-01-09 21:00:00,12,Beijing,LSTM,102.166664,29.119328,test
2017-01-09 10:00:00,2017-01-09 22:00:00,12,Beijing,LSTM,118.666664,26.620914,test
2017-01-09 11:00:00,2017-01-09 23:00:00,12,Beijing,LSTM,110.25,29.824463,test
2017-01-09 12:00:00,2017-01-10 00:00:00,12,Beijing,LSTM,65.416664,33.3073,test
2017-01-09 13:00:00,2017-01-10 01:00:00,12,Beijing,LSTM,33.5,31.505943,test
2017-01-09 14:00:00,2017-01-10 02:00:00,12,Beijing,LSTM,9.25,28.692636,test
2017-01-09 15:00:00,2017-01-10 03:00:00,12,Beijing,LSTM,6.583333,27.274128,test
2017-01-09 16:00:00,2017-01-10 04:00:00,12,Beijing,LSTM,5.833333,26.189701,test
2017-01-09 17:00:00,2017-01-10 05:00:00,12,Beijing,LSTM,5.75,26.723919,test
2017-01-09 18:00:00,2017-01-10 06:00:00,12,Beijing,LSTM,6.333333,28.591385,test
2017-01-09 19:00:00,2017-01-10 07:00:00,12,Beijing,LSTM,8.083333,31.315086,test
2017-01-09 20:00:00,2017-01-10 08:00:00,12,Beijing,LSTM,8.0,28.12134,test
2017-01-09 21:00:00,2017-01-10 09:00:00,12,Beijing,LSTM,12.416667,33.16659,test
2017-01-09 22:00:00,2017-01-10 10:00:00,12,Beijing,LSTM,10.333333,35.32588,test
2017-01-09 23:00:00,2017-01-10 11:00:00,12,Beijing,LSTM,7.583333,36.84725,test
2017-01-10 00:00:00,2017-01-10 12:00:00,12,Beijing,LSTM,6.166667,24.901482,test
2017-01-10 01:00:00,2017-01-10 13:00:00,12,Beijing,LSTM,7.416667,11.56312,test
2017-01-10 02:00:00,2017-01-10 14:00:00,12,Beijing,LSTM,6.5,11.502328,test
2017-01-10 03:00:00,2017-01-10 15:00:00,12,Beijing,LSTM,6.666667,8.76835,test
2017-01-10 04:00:00,2017-01-10 16:00:00,12,Beijing,LSTM,7.333333,10.55725,test
2017-01-10 05:00:00,2017-01-10 17:00:00,12,Beijing,LSTM,15.166667,12.5962,test
2017-01-10 06:00:00,2017-01-10 18:00:00,12,Beijing,LSTM,27.5,17.101803,test
2017-01-10 07:00:00,2017-01-10 19:00:00,12,Beijing,LSTM,49.833332,24.60896,test
2017-01-10 08:00:00,2017-01-10 20:00:00,12,Beijing,LSTM,64.0,34.53567,test
2017-01-10 09:00:00,2017-01-10 21:00:00,12,Beijing,LSTM,69.166664,49.85581,test
2017-01-10 10:00:00,2017-01-10 22:00:00,12,Beijing,LSTM,68.916664,34.41168,test
2017-01-10 11:00:00,2017-01-10 23:00:00,12,Beijing,LSTM,67.833336,24.026913,test
2017-01-10 12:00:00,2017-01-11 00:00:00,12,Beijing,LSTM,63.083332,21.990776,test
2017-01-10 13:00:00,2017-01-11 01:00:00,12,Beijing,LSTM,64.75,23.901104,test
2017-01-10 14:00:00,2017-01-11 02:00:00,12,Beijing,LSTM,63.083332,25.231392,test
2017-01-10 15:00:00,2017-01-11 03:00:00,12,Beijing,LSTM,64.583336,25.787636,test
2017-01-10 16:00:00,2017-01-11 04:00:00,12,Beijing,LSTM,64.0,22.951115,test
2017-01-10 17:00:00,2017-01-11 05:00:00,12,Beijing,LSTM,60.333332,25.742163,test
2017-01-10 18:00:00,2017-01-11 06:00:00,12,Beijing,LSTM,53.333332,30.925503,test
2017-01-10 19:00:00,2017-01-11 07:00:00,12,Beijing,LSTM,45.25,38.48141,test
2017-01-10 20:00:00,2017-01-11 08:00:00,12,Beijing,LSTM,43.166668,46.7481,test
2017-01-10 21:00:00,2017-01-11 09:00:00,12,Beijing,LSTM,46.916668,53.929535,test
2017-01-10 22:00:00,2017-01-11 10:00:00,12,Beijing,LSTM,56.083332,55.250774,test
2017-01-10 23:00:00,2017-01-11 11:00:00,12,Beijing,LSTM,59.583332,55.998417,test
2017-01-11 00:00:00,2017-01-11 12:00:00,12,Beijing,LSTM,61.0,59.43277,test
2017-01-11 01:00:00,2017-01-11 13:00:00,12,Beijing,LSTM,67.583336,74.52658,test
2017-01-11 02:00:00,2017-01-11 14:00:00,12,Beijing,LSTM,47.5,86.64479,test
2017-01-11 03:00:00,2017-01-11 15:00:00,12,Beijing,LSTM,44.833332,95.73218,test
2017-01-11 04:00:00,2017-01-11 16:00:00,12,Beijing,LSTM,65.0,99.97273,test
2017-01-11 05:00:00,2017-01-11 17:00:00,12,Beijing,LSTM,74.25,101.46939,test
2017-01-11 06:00:00,2017-01-11 18:00:00,12,Beijing,LSTM,77.5,101.95648,test
2017-01-11 07:00:00,2017-01-11 19:00:00,12,Beijing,LSTM,75.333336,102.12425,test
2017-01-11 08:00:00,2017-01-11 20:00:00,12,Beijing,LSTM,68.5,102.18689,test
2017-01-11 09:00:00,2017-01-11 21:00:00,12,Beijing,LSTM,57.666668,102.21711,test
2017-01-11 10:00:00,2017-01-11 22:00:00,12,Beijing,LSTM,38.0,102.22343,test
2017-01-11 11:00:00,2017-01-11 23:00:00,12,Beijing,LSTM,27.0,102.23779,test
2017-01-11 12:00:00,2017-01-12 00:00:00,12,Beijing,LSTM,27.083332,102.25083,test
2017-01-11 13:00:00,2017-01-12 01:00:00,12,Beijing,LSTM,28.0,102.24951,test
2017-01-11 14:00:00,2017-01-12 02:00:00,12,Beijing,LSTM,23.75,101.84204,test
2017-01-11 15:00:00,2017-01-12 03:00:00,12,Beijing,LSTM,25.583332,100.79648,test
2017-01-11 16:00:00,2017-01-12 04:00:00,12,Beijing,LSTM,22.916668,101.47923,test
2017-01-11 17:00:00,2017-01-12 05:00:00,12,Beijing,LSTM,26.416668,101.0485,test
2017-01-11 18:00:00,2017-01-12 06:00:00,12,Beijing,LSTM,22.75,95.22097,test
2017-01-11 19:00:00,2017-01-12 07:00:00,12,Beijing,LSTM,26.166668,70.254105,test
2017-01-11 20:00:00,2017-01-12 08:00:00,12,Beijing,LSTM,25.083332,35.78155,test
2017-01-11 21:00:00,2017-01-12 09:00:00,12,Beijing,LSTM,25.416668,18.61161,test
2017-01-11 22:00:00,2017-01-12 10:00:00,12,Beijing,LSTM,27.083332,13.48161,test
2017-01-11 23:00:00,2017-01-12 11:00:00,12,Beijing,LSTM,24.833332,12.563722,test
2017-01-12 00:00:00,2017-01-12 12:00:00,12,Beijing,LSTM,34.666668,13.191226,test
2017-01-12 01:00:00,2017-01-12 13:00:00,12,Beijing,LSTM,54.083332,16.620167,test
2017-01-12 02:00:00,2017-01-12 14:00:00,12,Beijing,LSTM,59.666668,20.687338,test
2017-01-12 03:00:00,2017-01-12 15:00:00,12,Beijing,LSTM,66.083336,28.67995,test
2017-01-12 04:00:00,2017-01-12 16:00:00,12,Beijing,LSTM,76.833336,39.25854,test
2017-01-12 05:00:00,2017-01-12 17:00:00,12,Beijing,LSTM,82.333336,34.809612,test
2017-01-12 06:00:00,2017-01-12 18:00:00,12,Beijing,LSTM,89.833336,49.164207,test
2017-01-12 07:00:00,2017-01-12 19:00:00,12,Beijing,LSTM,103.916664,62.868694,test
2017-01-12 08:00:00,2017-01-12 20:00:00,12,Beijing,LSTM,106.25,70.87224,test
2017-01-12 09:00:00,2017-01-12 21:00:00,12,Beijing,LSTM,53.916668,78.4263,test
2017-01-12 10:00:00,2017-01-12 22:00:00,12,Beijing,LSTM,13.083333,83.664825,test
2017-01-12 11:00:00,2017-01-12 23:00:00,12,Beijing,LSTM,12.583333,87.83605,test
2017-01-12 12:00:00,2017-01-13 00:00:00,12,Beijing,LSTM,12.5,88.91396,test
2017-01-12 13:00:00,2017-01-13 01:00:00,12,Beijing,LSTM,12.5,88.53445,test
2017-01-12 14:00:00,2017-01-13 02:00:00,12,Beijing,LSTM,14.75,86.50497,test
2017-01-12 15:00:00,2017-01-13 03:00:00,12,Beijing,LSTM,11.75,85.2875,test
2017-01-12 16:00:00,2017-01-13 04:00:00,12,Beijing,LSTM,8.583333,83.71325,test
2017-01-12 17:00:00,2017-01-13 05:00:00,12,Beijing,LSTM,10.833333,82.30476,test
2017-01-12 18:00:00,2017-01-13 06:00:00,12,Beijing,LSTM,13.25,80.20914,test
2017-01-12 19:00:00,2017-01-13 07:00:00,12,Beijing,LSTM,13.583333,74.77194,test
2017-01-12 20:00:00,2017-01-13 08:00:00,12,Beijing,LSTM,13.833333,53.095947,test
2017-01-12 21:00:00,2017-01-13 09:00:00,12,Beijing,LSTM,16.0,16.990597,test
2017-01-12 22:00:00,2017-01-13 10:00:00,12,Beijing,LSTM,11.916667,9.3168335,test
2017-01-12 23:00:00,2017-01-13 11:00:00,12,Beijing,LSTM,15.75,11.233609,test
2017-01-13 00:00:00,2017-01-13 12:00:00,12,Beijing,LSTM,12.25,9.806828,test
2017-01-13 01:00:00,2017-01-13 13:00:00,12,Beijing,LSTM,13.166667,12.786579,test
2017-01-13 02:00:00,2017-01-13 14:00:00,12,Beijing,LSTM,12.25,12.612631,test
2017-01-13 03:00:00,2017-01-13 15:00:00,12,Beijing,LSTM,11.333333,10.942735,test
2017-01-13 04:00:00,2017-01-13 16:00:00,12,Beijing,LSTM,11.833333,14.7165785,test
2017-01-13 05:00:00,2017-01-13 17:00:00,12,Beijing,LSTM,10.25,17.543732,test
2017-01-13 06:00:00,2017-01-13 18:00:00,12,Beijing,LSTM,12.916667,23.21604,test
2017-01-13 07:00:00,2017-01-13 19:00:00,12,Beijing,LSTM,14.583333,26.712128,test
2017-01-13 08:00:00,2017-01-13 20:00:00,12,Beijing,LSTM,16.75,26.543121,test
2017-01-13 09:00:00,2017-01-13 21:00:00,12,Beijing,LSTM,15.25,20.2738,test
2017-01-13 10:00:00,2017-01-13 22:00:00,12,Beijing,LSTM,14.916667,16.79832,test
2017-01-13 11:00:00,2017-01-13 23:00:00,12,Beijing,LSTM,17.0,13.0256605,test
2017-01-13 12:00:00,2017-01-14 00:00:00,12,Beijing,LSTM,16.25,13.050494,test
2017-01-13 13:00:00,2017-01-14 01:00:00,12,Beijing,LSTM,17.166668,12.150477,test
2017-01-13 14:00:00,2017-01-14 02:00:00,12,Beijing,LSTM,14.5,11.926207,test
2017-01-13 15:00:00,2017-01-14 03:00:00,12,Beijing,LSTM,15.583333,11.192113,test
2017-01-13 16:00:00,2017-01-14 04:00:00,12,Beijing,LSTM,15.083333,10.757884,test
2017-01-13 17:00:00,2017-01-14 05:00:00,12,Beijing,LSTM,14.5,10.588648,test
2017-01-13 18:00:00,2017-01-14 06:00:00,12,Beijing,LSTM,11.166667,10.653947,test
2017-01-13 19:00:00,2017-01-14 07:00:00,12,Beijing,LSTM,16.25,10.198953,test
2017-01-13 20:00:00,2017-01-14 08:00:00,12,Beijing,LSTM,19.583332,10.2269945,test
2017-01-13 21:00:00,2017-01-14 09:00:00,12,Beijing,LSTM,18.166668,8.939093,test
2017-01-13 22:00:00,2017-01-14 10:00:00,12,Beijing,LSTM,22.75,10.1240425,test
2017-01-13 23:00:00,2017-01-14 11:00:00,12,Beijing,LSTM,23.5,11.263165,test
2017-01-14 00:00:00,2017-01-14 12:00:00,12,Beijing,LSTM,15.916667,12.671092,test
2017-01-14 01:00:00,2017-01-14 13:00:00,12,Beijing,LSTM,16.25,13.107304,test
2017-01-14 02:00:00,2017-01-14 14:00:00,12,Beijing,LSTM,18.416668,15.13464,test
2017-01-14 03:00:00,2017-01-14 15:00:00,12,Beijing,LSTM,17.416668,12.458366,test
2017-01-14 04:00:00,2017-01-14 16:00:00,12,Beijing,LSTM,18.25,12.134819,test
2017-01-14 05:00:00,2017-01-14 17:00:00,12,Beijing,LSTM,21.666668,14.939882,test
2017-01-14 06:00:00,2017-01-14 18:00:00,12,Beijing,LSTM,28.0,14.629156,test
2017-01-14 07:00:00,2017-01-14 19:00:00,12,Beijing,LSTM,38.5,20.604324,test
2017-01-14 08:00:00,2017-01-14 20:00:00,12,Beijing,LSTM,49.0,33.005795,test
2017-01-14 09:00:00,2017-01-14 21:00:00,12,Beijing,LSTM,53.0,41.94645,test
2017-01-14 10:00:00,2017-01-14 22:00:00,12,Beijing,LSTM,47.666668,41.96629,test
2017-01-14 11:00:00,2017-01-14 23:00:00,12,Beijing,LSTM,42.583332,50.127087,test
2017-01-14 12:00:00,2017-01-15 00:00:00,12,Beijing,LSTM,42.416668,65.37463,test
2017-01-14 13:00:00,2017-01-15 01:00:00,12,Beijing,LSTM,43.25,78.06003,test
2017-01-14 14:00:00,2017-01-15 02:00:00,12,Beijing,LSTM,42.333332,86.399185,test
2017-01-14 15:00:00,2017-01-15 03:00:00,12,Beijing,LSTM,41.666668,92.112465,test
2017-01-14 16:00:00,2017-01-15 04:00:00,12,Beijing,LSTM,43.5,93.079636,test
2017-01-14 17:00:00,2017-01-15 05:00:00,12,Beijing,LSTM,38.916668,95.279205,test
2017-01-14 18:00:00,2017-01-15 06:00:00,12,Beijing,LSTM,36.5,93.26042,test
2017-01-14 19:00:00,2017-01-15 07:00:00,12,Beijing,LSTM,36.333332,89.40497,test
2017-01-14 20:00:00,2017-01-15 08:00:00,12,Beijing,LSTM,36.583332,78.1098,test
2017-01-14 21:00:00,2017-01-15 09:00:00,12,Beijing,LSTM,38.666668,70.02562,test
2017-01-14 22:00:00,2017-01-15 10:00:00,12,Beijing,LSTM,42.416668,39.75633,test
2017-01-14 23:00:00,2017-01-15 11:00:00,12,Beijing,LSTM,46.833332,28.771791,test
2017-01-15 00:00:00,2017-01-15 12:00:00,12,Beijing,LSTM,49.666668,26.137781,test
2017-01-15 01:00:00,2017-01-15 13:00:00,12,Beijing,LSTM,52.25,30.274532,test
2017-01-15 02:00:00,2017-01-15 14:00:00,12,Beijing,LSTM,58.666668,33.09692,test
2017-01-15 03:00:00,2017-01-15 15:00:00,12,Beijing,LSTM,64.0,37.54861,test
2017-01-15 04:00:00,2017-01-15 16:00:00,12,Beijing,LSTM,67.25,42.42806,test
2017-01-15 05:00:00,2017-01-15 17:00:00,12,Beijing,LSTM,74.083336,51.46308,test
2017-01-15 06:00:00,2017-01-15 18:00:00,12,Beijing,LSTM,79.25,65.65311,test
2017-01-15 07:00:00,2017-01-15 19:00:00,12,Beijing,LSTM,80.666664,79.35544,test
2017-01-15 08:00:00,2017-01-15 20:00:00,12,Beijing,LSTM,83.5,89.60541,test
2017-01-15 09:00:00,2017-01-15 21:00:00,12,Beijing,LSTM,85.666664,94.715675,test
2017-01-15 10:00:00,2017-01-15 22:00:00,12,Beijing,LSTM,85.5,96.90512,test
2017-01-15 11:00:00,2017-01-15 23:00:00,12,Beijing,LSTM,93.75,99.11121,test
2017-01-15 12:00:00,2017-01-16 00:00:00,12,Beijing,LSTM,96.166664,100.52236,test
2017-01-15 13:00:00,2017-01-16 01:00:00,12,Beijing,LSTM,94.166664,101.37314,test
2017-01-15 14:00:00,2017-01-16 02:00:00,12,Beijing,LSTM,98.333336,101.611725,test
2017-01-15 15:00:00,2017-01-16 03:00:00,12,Beijing,LSTM,96.333336,101.7225,test
2017-01-15 16:00:00,2017-01-16 04:00:00,12,Beijing,LSTM,94.5,101.65596,test
2017-01-15 17:00:00,2017-01-16 05:00:00,12,Beijing,LSTM,92.833336,101.65018,test
2017-01-15 18:00:00,2017-01-16 06:00:00,12,Beijing,LSTM,96.166664,101.33094,test
2017-01-15 19:00:00,2017-01-16 07:00:00,12,Beijing,LSTM,90.083336,96.259094,test
2017-01-15 20:00:00,2017-01-16 08:00:00,12,Beijing,LSTM,89.833336,49.43657,test
2017-01-15 21:00:00,2017-01-16 09:00:00,12,Beijing,LSTM,86.333336,30.445984,test
2017-01-15 22:00:00,2017-01-16 10:00:00,12,Beijing,LSTM,77.416664,26.273495,test
2017-01-15 23:00:00,2017-01-16 11:00:00,12,Beijing,LSTM,73.0,26.416168,test
2017-01-16 00:00:00,2017-01-16 12:00:00,12,Beijing,LSTM,72.083336,28.806633,test
2017-01-16 01:00:00,2017-01-16 13:00:00,12,Beijing,LSTM,83.416664,32.514515,test
2017-01-16 02:00:00,2017-01-16 14:00:00,12,Beijing,LSTM,93.583336,33.41978,test
2017-01-16 03:00:00,2017-01-16 15:00:00,12,Beijing,LSTM,95.333336,27.429228,test
2017-01-16 04:00:00,2017-01-16 16:00:00,12,Beijing,LSTM,92.833336,33.265347,test
2017-01-16 05:00:00,2017-01-16 17:00:00,12,Beijing,LSTM,112.5,39.87071,test
2017-01-16 06:00:00,2017-01-16 18:00:00,12,Beijing,LSTM,111.833336,52.93894,test
2017-01-16 07:00:00,2017-01-16 19:00:00,12,Beijing,LSTM,113.25,55.80741,test
2017-01-16 08:00:00,2017-01-16 20:00:00,12,Beijing,LSTM,122.75,69.77893,test
2017-01-16 09:00:00,2017-01-16 21:00:00,12,Beijing,LSTM,128.16667,75.94222,test
2017-01-16 10:00:00,2017-01-16 22:00:00,12,Beijing,LSTM,126.916664,75.69459,test
2017-01-16 11:00:00,2017-01-16 23:00:00,12,Beijing,LSTM,125.0,68.81705,test
2017-01-16 12:00:00,2017-01-17 00:00:00,12,Beijing,LSTM,122.666664,85.882034,test
2017-01-16 13:00:00,2017-01-17 01:00:00,12,Beijing,LSTM,126.333336,94.20227,test
2017-01-16 14:00:00,2017-01-17 02:00:00,12,Beijing,LSTM,129.66667,99.13308,test
2017-01-16 15:00:00,2017-01-17 03:00:00,12,Beijing,LSTM,127.083336,100.613174,test
2017-01-16 16:00:00,2017-01-17 04:00:00,12,Beijing,LSTM,128.91667,100.93495,test
2017-01-16 17:00:00,2017-01-17 05:00:00,12,Beijing,LSTM,128.91667,100.20363,test
2017-01-16 18:00:00,2017-01-17 06:00:00,12,Beijing,LSTM,121.833336,96.30525,test
2017-01-16 19:00:00,2017-01-17 07:00:00,12,Beijing,LSTM,121.333336,64.72687,test
2017-01-16 20:00:00,2017-01-17 08:00:00,12,Beijing,LSTM,128.33333,46.171734,test
2017-01-16 21:00:00,2017-01-17 09:00:00,12,Beijing,LSTM,136.25,33.239124,test
2017-01-16 22:00:00,2017-01-17 10:00:00,12,Beijing,LSTM,139.91667,26.604876,test
2017-01-16 23:00:00,2017-01-17 11:00:00,12,Beijing,LSTM,121.833336,28.1019,test
2017-01-17 00:00:00,2017-01-17 12:00:00,12,Beijing,LSTM,135.75,23.085594,test
2017-01-17 01:00:00,2017-01-17 13:00:00,12,Beijing,LSTM,151.25,26.200657,test
2017-01-17 02:00:00,2017-01-17 14:00:00,12,Beijing,LSTM,142.54167,35.178974,test
2017-01-17 03:00:00,2017-01-17 15:00:00,12,Beijing,LSTM,120.25,42.334545,test
2017-01-17 04:00:00,2017-01-17 16:00:00,12,Beijing,LSTM,135.5,51.23193,test
2017-01-17 05:00:00,2017-01-17 17:00:00,12,Beijing,LSTM,155.08333,60.70201,test
2017-01-17 06:00:00,2017-01-17 18:00:00,12,Beijing,LSTM,165.16667,70.079544,test
2017-01-17 07:00:00,2017-01-17 19:00:00,12,Beijing,LSTM,168.16667,83.120895,test
2017-01-17 08:00:00,2017-01-17 20:00:00,12,Beijing,LSTM,170.58333,92.50344,test
2017-01-17 09:00:00,2017-01-17 21:00:00,12,Beijing,LSTM,154.91667,97.376274,test
2017-01-17 10:00:00,2017-01-17 22:00:00,12,Beijing,LSTM,142.5,98.04459,test
2017-01-17 11:00:00,2017-01-17 23:00:00,12,Beijing,LSTM,134.75,83.67671,test
2017-01-17 12:00:00,2017-01-18 00:00:00,12,Beijing,LSTM,99.583336,98.43579,test
2017-01-17 13:00:00,2017-01-18 01:00:00,12,Beijing,LSTM,55.5,100.84639,test
2017-01-17 14:00:00,2017-01-18 02:00:00,12,Beijing,LSTM,45.416668,101.642204,test
2017-01-17 15:00:00,2017-01-18 03:00:00,12,Beijing,LSTM,39.75,97.01059,test
2017-01-17 16:00:00,2017-01-18 04:00:00,12,Beijing,LSTM,31.25,96.41269,test
2017-01-17 17:00:00,2017-01-18 05:00:00,12,Beijing,LSTM,31.083332,99.70369,test
2017-01-17 18:00:00,2017-01-18 06:00:00,12,Beijing,LSTM,29.166668,94.98891,test
2017-01-17 19:00:00,2017-01-18 07:00:00,12,Beijing,LSTM,27.25,61.08753,test
2017-01-17 20:00:00,2017-01-18 08:00:00,12,Beijing,LSTM,29.0,33.14691,test
2017-01-17 21:00:00,2017-01-18 09:00:00,12,Beijing,LSTM,26.666668,21.116951,test
2017-01-17 22:00:00,2017-01-18 10:00:00,12,Beijing,LSTM,27.25,18.990374,test
2017-01-17 23:00:00,2017-01-18 11:00:00,12,Beijing,LSTM,23.833332,23.01798,test
2017-01-18 00:00:00,2017-01-18 12:00:00,12,Beijing,LSTM,22.666668,15.352592,test
2017-01-18 01:00:00,2017-01-18 13:00:00,12,Beijing,LSTM,23.666668,15.187907,test
2017-01-18 02:00:00,2017-01-18 14:00:00,12,Beijing,LSTM,22.5,18.415146,test
2017-01-18 03:00:00,2017-01-18 15:00:00,12,Beijing,LSTM,30.0,18.14668,test
2017-01-18 04:00:00,2017-01-18 16:00:00,12,Beijing,LSTM,46.0,18.785398,test
2017-01-18 05:00:00,2017-01-18 17:00:00,12,Beijing,LSTM,49.75,22.323694,test
2017-01-18 06:00:00,2017-01-18 18:00:00,12,Beijing,LSTM,42.75,27.784271,test
2017-01-18 07:00:00,2017-01-18 19:00:00,12,Beijing,LSTM,43.75,38.36763,test
2017-01-18 08:00:00,2017-01-18 20:00:00,12,Beijing,LSTM,48.833332,52.18712,test
2017-01-18 09:00:00,2017-01-18 21:00:00,12,Beijing,LSTM,52.166668,51.08788,test
2017-01-18 10:00:00,2017-01-18 22:00:00,12,Beijing,LSTM,58.583332,59.936077,test
2017-01-18 11:00:00,2017-01-18 23:00:00,12,Beijing,LSTM,61.666668,51.60903,test
2017-01-18 12:00:00,2017-01-19 00:00:00,12,Beijing,LSTM,73.0,64.32537,test
2017-01-18 13:00:00,2017-01-19 01:00:00,12,Beijing,LSTM,85.416664,77.11607,test
2017-01-18 14:00:00,2017-01-19 02:00:00,12,Beijing,LSTM,91.0,85.93486,test
2017-01-18 15:00:00,2017-01-19 03:00:00,12,Beijing,LSTM,92.916664,92.36364,test
2017-01-18 16:00:00,2017-01-19 04:00:00,12,Beijing,LSTM,99.583336,97.24579,test
2017-01-18 17:00:00,2017-01-19 05:00:00,12,Beijing,LSTM,104.166664,99.96063,test
2017-01-18 18:00:00,2017-01-19 06:00:00,12,Beijing,LSTM,101.166664,101.08035,test
2017-01-18 19:00:00,2017-01-19 07:00:00,12,Beijing,LSTM,101.833336,101.4599,test
2017-01-18 20:00:00,2017-01-19 08:00:00,12,Beijing,LSTM,98.916664,101.00003,test
2017-01-18 21:00:00,2017-01-19 09:00:00,12,Beijing,LSTM,84.0,100.8793,test
2017-01-18 22:00:00,2017-01-19 10:00:00,12,Beijing,LSTM,48.916668,101.22307,test
2017-01-18 23:00:00,2017-01-19 11:00:00,12,Beijing,LSTM,16.0,101.62368,test
2017-01-19 00:00:00,2017-01-19 12:00:00,12,Beijing,LSTM,11.5,102.045006,test
2017-01-19 01:00:00,2017-01-19 13:00:00,12,Beijing,LSTM,10.666667,102.209854,test
2017-01-19 02:00:00,2017-01-19 14:00:00,12,Beijing,LSTM,8.416667,102.25189,test
2017-01-19 03:00:00,2017-01-19 15:00:00,12,Beijing,LSTM,8.916667,102.25789,test
2017-01-19 04:00:00,2017-01-19 16:00:00,12,Beijing,LSTM,9.5,102.26168,test
2017-01-19 05:00:00,2017-01-19 17:00:00,12,Beijing,LSTM,9.583333,102.262215,test
2017-01-19 06:00:00,2017-01-19 18:00:00,12,Beijing,LSTM,9.666667,102.26199,test
2017-01-19 07:00:00,2017-01-19 19:00:00,12,Beijing,LSTM,9.416667,102.26286,test
2017-01-19 08:00:00,2017-01-19 20:00:00,12,Beijing,LSTM,8.666667,102.25884,test
2017-01-19 09:00:00,2017-01-19 21:00:00,12,Beijing,LSTM,8.0,99.925446,test
2017-01-19 10:00:00,2017-01-19 22:00:00,12,Beijing,LSTM,7.916667,57.438774,test
2017-01-19 11:00:00,2017-01-19 23:00:00,12,Beijing,LSTM,6.833333,26.483543,test
2017-01-19 12:00:00,2017-01-20 00:00:00,12,Beijing,LSTM,7.583333,18.119684,test
2017-01-19 13:00:00,2017-01-20 01:00:00,12,Beijing,LSTM,9.583333,11.550508,test
2017-01-19 14:00:00,2017-01-20 02:00:00,12,Beijing,LSTM,7.75,9.270735,test
2017-01-19 15:00:00,2017-01-20 03:00:00,12,Beijing,LSTM,7.333333,8.000012,test
2017-01-19 16:00:00,2017-01-20 04:00:00,12,Beijing,LSTM,6.583333,7.658477,test
2017-01-19 17:00:00,2017-01-20 05:00:00,12,Beijing,LSTM,6.25,8.023806,test
2017-01-19 18:00:00,2017-01-20 06:00:00,12,Beijing,LSTM,6.166667,9.243556,test
2017-01-19 19:00:00,2017-01-20 07:00:00,12,Beijing,LSTM,7.833333,8.856452,test
2017-01-19 20:00:00,2017-01-20 08:00:00,12,Beijing,LSTM,9.083333,9.113875,test
2017-01-19 21:00:00,2017-01-20 09:00:00,12,Beijing,LSTM,12.833333,8.769343,test
2017-01-19 22:00:00,2017-01-20 10:00:00,12,Beijing,LSTM,14.916667,10.850965,test
2017-01-19 23:00:00,2017-01-20 11:00:00,12,Beijing,LSTM,14.833333,10.859346,test
2017-01-20 00:00:00,2017-01-20 12:00:00,12,Beijing,LSTM,14.0,12.347333,test
2017-01-20 01:00:00,2017-01-20 13:00:00,12,Beijing,LSTM,15.916667,12.7069845,test
2017-01-20 02:00:00,2017-01-20 14:00:00,12,Beijing,LSTM,16.666668,9.971672,test
2017-01-20 03:00:00,2017-01-20 15:00:00,12,Beijing,LSTM,19.166668,8.921795,test
2017-01-20 04:00:00,2017-01-20 16:00:00,12,Beijing,LSTM,20.25,10.793073,test
2017-01-20 05:00:00,2017-01-20 17:00:00,12,Beijing,LSTM,23.833332,10.332539,test
2017-01-20 06:00:00,2017-01-20 18:00:00,12,Beijing,LSTM,28.583332,12.352849,test
2017-01-20 07:00:00,2017-01-20 19:00:00,12,Beijing,LSTM,38.416668,16.661863,test
2017-01-20 08:00:00,2017-01-20 20:00:00,12,Beijing,LSTM,46.666668,25.020342,test
2017-01-20 09:00:00,2017-01-20 21:00:00,12,Beijing,LSTM,54.666668,31.837517,test
2017-01-20 10:00:00,2017-01-20 22:00:00,12,Beijing,LSTM,63.166668,32.67201,test
2017-01-20 11:00:00,2017-01-20 23:00:00,12,Beijing,LSTM,68.416664,39.363422,test
2017-01-20 12:00:00,2017-01-21 00:00:00,12,Beijing,LSTM,71.666664,43.0268,test
2017-01-20 13:00:00,2017-01-21 01:00:00,12,Beijing,LSTM,71.583336,46.45899,test
2017-01-20 14:00:00,2017-01-21 02:00:00,12,Beijing,LSTM,72.916664,42.114407,test
2017-01-20 15:00:00,2017-01-21 03:00:00,12,Beijing,LSTM,73.25,36.7637,test
2017-01-20 16:00:00,2017-01-21 04:00:00,12,Beijing,LSTM,74.916664,31.742542,test
2017-01-20 17:00:00,2017-01-21 05:00:00,12,Beijing,LSTM,66.75,28.902142,test
2017-01-20 18:00:00,2017-01-21 06:00:00,12,Beijing,LSTM,42.666668,28.35528,test
2017-01-20 19:00:00,2017-01-21 07:00:00,12,Beijing,LSTM,20.583332,29.272673,test
2017-01-20 20:00:00,2017-01-21 08:00:00,12,Beijing,LSTM,11.666667,30.805775,test
2017-01-20 21:00:00,2017-01-21 09:00:00,12,Beijing,LSTM,7.583333,31.985147,test
2017-01-20 22:00:00,2017-01-21 10:00:00,12,Beijing,LSTM,5.833333,34.662514,test
2017-01-20 23:00:00,2017-01-21 11:00:00,12,Beijing,LSTM,7.416667,39.219738,test
2017-01-21 00:00:00,2017-01-21 12:00:00,12,Beijing,LSTM,8.083333,38.764717,test
2017-01-21 01:00:00,2017-01-21 13:00:00,12,Beijing,LSTM,8.333333,33.161953,test
2017-01-21 02:00:00,2017-01-21 14:00:00,12,Beijing,LSTM,8.583333,42.737316,test
2017-01-21 03:00:00,2017-01-21 15:00:00,12,Beijing,LSTM,7.583333,37.748905,test
2017-01-21 04:00:00,2017-01-21 16:00:00,12,Beijing,LSTM,7.25,48.63528,test
2017-01-21 05:00:00,2017-01-21 17:00:00,12,Beijing,LSTM,6.75,47.172108,test
2017-01-21 06:00:00,2017-01-21 18:00:00,12,Beijing,LSTM,8.333333,35.36065,test
2017-01-21 07:00:00,2017-01-21 19:00:00,12,Beijing,LSTM,9.0,51.959686,test
2017-01-21 08:00:00,2017-01-21 20:00:00,12,Beijing,LSTM,9.333333,52.55307,test
2017-01-21 09:00:00,2017-01-21 21:00:00,12,Beijing,LSTM,11.75,48.06026,test
2017-01-21 10:00:00,2017-01-21 22:00:00,12,Beijing,LSTM,9.666667,30.584337,test
2017-01-21 11:00:00,2017-01-21 23:00:00,12,Beijing,LSTM,11.166667,21.346678,test
2017-01-21 12:00:00,2017-01-22 00:00:00,12,Beijing,LSTM,11.833333,17.045748,test
2017-01-21 13:00:00,2017-01-22 01:00:00,12,Beijing,LSTM,10.833333,16.412512,test
2017-01-21 14:00:00,2017-01-22 02:00:00,12,Beijing,LSTM,12.833333,13.397944,test
2017-01-21 15:00:00,2017-01-22 03:00:00,12,Beijing,LSTM,11.833333,11.454419,test
2017-01-21 16:00:00,2017-01-22 04:00:00,12,Beijing,LSTM,12.0,10.485425,test
2017-01-21 17:00:00,2017-01-22 05:00:00,12,Beijing,LSTM,11.25,10.895567,test
2017-01-21 18:00:00,2017-01-22 06:00:00,12,Beijing,LSTM,10.416667,11.262971,test
2017-01-21 19:00:00,2017-01-22 07:00:00,12,Beijing,LSTM,10.583333,11.328935,test
2017-01-21 20:00:00,2017-01-22 08:00:00,12,Beijing,LSTM,11.666667,13.632608,test
2017-01-21 21:00:00,2017-01-22 09:00:00,12,Beijing,LSTM,12.083333,15.554798,test
2017-01-21 22:00:00,2017-01-22 10:00:00,12,Beijing,LSTM,14.083333,17.001047,test
2017-01-21 23:00:00,2017-01-22 11:00:00,12,Beijing,LSTM,13.666667,19.038425,test
2017-01-22 00:00:00,2017-01-22 12:00:00,12,Beijing,LSTM,13.583333,21.47073,test
2017-01-22 01:00:00,2017-01-22 13:00:00,12,Beijing,LSTM,17.166668,22.927954,test
2017-01-22 02:00:00,2017-01-22 14:00:00,12,Beijing,LSTM,18.583332,29.027477,test
2017-01-22 03:00:00,2017-01-22 15:00:00,12,Beijing,LSTM,20.5,34.038982,test
2017-01-22 04:00:00,2017-01-22 16:00:00,12,Beijing,LSTM,27.666668,41.80578,test
2017-01-22 05:00:00,2017-01-22 17:00:00,12,Beijing,LSTM,43.833332,51.16476,test
2017-01-22 06:00:00,2017-01-22 18:00:00,12,Beijing,LSTM,53.666668,67.88381,test
2017-01-22 07:00:00,2017-01-22 19:00:00,12,Beijing,LSTM,60.583332,81.882065,test
2017-01-22 08:00:00,2017-01-22 20:00:00,12,Beijing,LSTM,55.916668,90.47874,test
2017-01-22 09:00:00,2017-01-22 21:00:00,12,Beijing,LSTM,42.25,93.71139,test
2017-01-22 10:00:00,2017-01-22 22:00:00,12,Beijing,LSTM,38.416668,95.719154,test
2017-01-22 11:00:00,2017-01-22 23:00:00,12,Beijing,LSTM,36.916668,97.590385,test
2017-01-22 12:00:00,2017-01-23 00:00:00,12,Beijing,LSTM,28.25,98.47937,test
2017-01-22 13:00:00,2017-01-23 01:00:00,12,Beijing,LSTM,25.75,99.76216,test
2017-01-22 14:00:00,2017-01-23 02:00:00,12,Beijing,LSTM,23.083332,100.85084,test
2017-01-22 15:00:00,2017-01-23 03:00:00,12,Beijing,LSTM,22.25,101.5744,test
2017-01-22 16:00:00,2017-01-23 04:00:00,12,Beijing,LSTM,18.583332,101.933266,test
2017-01-22 17:00:00,2017-01-23 05:00:00,12,Beijing,LSTM,16.416668,102.11441,test
2017-01-22 18:00:00,2017-01-23 06:00:00,12,Beijing,LSTM,16.416668,102.191185,test
2017-01-22 19:00:00,2017-01-23 07:00:00,12,Beijing,LSTM,17.666668,102.04272,test
2017-01-22 20:00:00,2017-01-23 08:00:00,12,Beijing,LSTM,17.083332,101.3913,test
2017-01-22 21:00:00,2017-01-23 09:00:00,12,Beijing,LSTM,17.75,80.90106,test
2017-01-22 22:00:00,2017-01-23 10:00:00,12,Beijing,LSTM,20.583332,50.001537,test
2017-01-22 23:00:00,2017-01-23 11:00:00,12,Beijing,LSTM,23.5,41.702816,test
2017-01-23 00:00:00,2017-01-23 12:00:00,12,Beijing,LSTM,21.333332,29.010597,test
2017-01-23 01:00:00,2017-01-23 13:00:00,12,Beijing,LSTM,22.75,28.92274,test
2017-01-23 02:00:00,2017-01-23 14:00:00,12,Beijing,LSTM,22.5,22.829977,test
2017-01-23 03:00:00,2017-01-23 15:00:00,12,Beijing,LSTM,28.5,28.472443,test
2017-01-23 04:00:00,2017-01-23 16:00:00,12,Beijing,LSTM,34.333332,36.871056,test
2017-01-23 05:00:00,2017-01-23 17:00:00,12,Beijing,LSTM,37.416668,45.512333,test
2017-01-23 06:00:00,2017-01-23 18:00:00,12,Beijing,LSTM,38.25,62.147602,test
2017-01-23 07:00:00,2017-01-23 19:00:00,12,Beijing,LSTM,47.0,82.12411,test
2017-01-23 08:00:00,2017-01-23 20:00:00,12,Beijing,LSTM,62.0,91.679985,test
2017-01-23 09:00:00,2017-01-23 21:00:00,12,Beijing,LSTM,70.25,97.275116,test
2017-01-23 10:00:00,2017-01-23 22:00:00,12,Beijing,LSTM,75.333336,99.93992,test
2017-01-23 11:00:00,2017-01-23 23:00:00,12,Beijing,LSTM,83.666664,101.21733,test
2017-01-23 12:00:00,2017-01-24 00:00:00,12,Beijing,LSTM,88.333336,101.74747,test
2017-01-23 13:00:00,2017-01-24 01:00:00,12,Beijing,LSTM,87.5,102.011475,test
2017-01-23 14:00:00,2017-01-24 02:00:00,12,Beijing,LSTM,83.416664,102.13085,test
2017-01-23 15:00:00,2017-01-24 03:00:00,12,Beijing,LSTM,80.583336,102.15863,test
2017-01-23 16:00:00,2017-01-24 04:00:00,12,Beijing,LSTM,80.75,102.173874,test
2017-01-23 17:00:00,2017-01-24 05:00:00,12,Beijing,LSTM,78.583336,102.13869,test
2017-01-23 18:00:00,2017-01-24 06:00:00,12,Beijing,LSTM,76.833336,101.6176,test
2017-01-23 19:00:00,2017-01-24 07:00:00,12,Beijing,LSTM,70.833336,100.92196,test
2017-01-23 20:00:00,2017-01-24 08:00:00,12,Beijing,LSTM,56.666668,100.275024,test
2017-01-23 21:00:00,2017-01-24 09:00:00,12,Beijing,LSTM,48.5,99.2094,test
2017-01-23 22:00:00,2017-01-24 10:00:00,12,Beijing,LSTM,43.666668,96.60339,test
2017-01-23 23:00:00,2017-01-24 11:00:00,12,Beijing,LSTM,47.25,86.30325,test
2017-01-24 00:00:00,2017-01-24 12:00:00,12,Beijing,LSTM,60.75,79.2753,test
2017-01-24 01:00:00,2017-01-24 13:00:00,12,Beijing,LSTM,66.083336,75.95009,test
2017-01-24 02:00:00,2017-01-24 14:00:00,12,Beijing,LSTM,64.333336,60.5401,test
2017-01-24 03:00:00,2017-01-24 15:00:00,12,Beijing,LSTM,73.666664,50.160397,test
2017-01-24 04:00:00,2017-01-24 16:00:00,12,Beijing,LSTM,95.583336,54.255054,test
2017-01-24 05:00:00,2017-01-24 17:00:00,12,Beijing,LSTM,106.333336,67.94467,test
2017-01-24 06:00:00,2017-01-24 18:00:00,12,Beijing,LSTM,112.0,80.94968,test
2017-01-24 07:00:00,2017-01-24 19:00:00,12,Beijing,LSTM,121.75,87.427795,test
2017-01-24 08:00:00,2017-01-24 20:00:00,12,Beijing,LSTM,126.25,88.7445,test
2017-01-24 09:00:00,2017-01-24 21:00:00,12,Beijing,LSTM,122.916664,91.6877,test
2017-01-24 10:00:00,2017-01-24 22:00:00,12,Beijing,LSTM,126.666664,96.44523,test
2017-01-24 11:00:00,2017-01-24 23:00:00,12,Beijing,LSTM,141.33333,99.49075,test
2017-01-24 12:00:00,2017-01-25 00:00:00,12,Beijing,LSTM,150.58333,101.572754,test
2017-01-24 13:00:00,2017-01-25 01:00:00,12,Beijing,LSTM,151.25,102.03721,test
2017-01-24 14:00:00,2017-01-25 02:00:00,12,Beijing,LSTM,154.83333,102.18245,test
2017-01-24 15:00:00,2017-01-25 03:00:00,12,Beijing,LSTM,162.33333,102.20038,test
2017-01-24 16:00:00,2017-01-25 04:00:00,12,Beijing,LSTM,164.83333,102.22128,test
2017-01-24 17:00:00,2017-01-25 05:00:00,12,Beijing,LSTM,165.91667,102.236374,test
2017-01-24 18:00:00,2017-01-25 06:00:00,12,Beijing,LSTM,165.25,102.24051,test
2017-01-24 19:00:00,2017-01-25 07:00:00,12,Beijing,LSTM,160.91667,102.22867,test
2017-01-24 20:00:00,2017-01-25 08:00:00,12,Beijing,LSTM,147.75,102.15691,test
2017-01-24 21:00:00,2017-01-25 09:00:00,12,Beijing,LSTM,143.0,102.01911,test
2017-01-24 22:00:00,2017-01-25 10:00:00,12,Beijing,LSTM,141.83333,102.12956,test
2017-01-24 23:00:00,2017-01-25 11:00:00,12,Beijing,LSTM,140.91667,102.2332,test
2017-01-25 00:00:00,2017-01-25 12:00:00,12,Beijing,LSTM,144.16667,102.24646,test
2017-01-25 01:00:00,2017-01-25 13:00:00,12,Beijing,LSTM,148.16667,102.24576,test
2017-01-25 02:00:00,2017-01-25 14:00:00,12,Beijing,LSTM,155.125,102.1875,test
2017-01-25 03:00:00,2017-01-25 15:00:00,12,Beijing,LSTM,162.08333,102.246826,test
2017-01-25 04:00:00,2017-01-25 16:00:00,12,Beijing,LSTM,169.5,102.26167,test
2017-01-25 05:00:00,2017-01-25 17:00:00,12,Beijing,LSTM,181.58333,102.24971,test
2017-01-25 06:00:00,2017-01-25 18:00:00,12,Beijing,LSTM,189.91667,102.246155,test
2017-01-25 07:00:00,2017-01-25 19:00:00,12,Beijing,LSTM,197.91667,102.24072,test
2017-01-25 08:00:00,2017-01-25 20:00:00,12,Beijing,LSTM,216.33333,101.661064,test
2017-01-25 09:00:00,2017-01-25 21:00:00,12,Beijing,LSTM,220.91667,102.054016,test
2017-01-25 10:00:00,2017-01-25 22:00:00,12,Beijing,LSTM,237.91667,102.13053,test
2017-01-25 11:00:00,2017-01-25 23:00:00,12,Beijing,LSTM,242.8125,101.89302,test
2017-01-25 12:00:00,2017-01-26 00:00:00,12,Beijing,LSTM,249.54167,102.19868,test
2017-01-25 13:00:00,2017-01-26 01:00:00,12,Beijing,LSTM,260.9375,102.25963,test
2017-01-25 14:00:00,2017-01-26 02:00:00,12,Beijing,LSTM,276.58334,102.26598,test
2017-01-25 15:00:00,2017-01-26 03:00:00,12,Beijing,LSTM,280.77777,102.26683,test
2017-01-25 16:00:00,2017-01-26 04:00:00,12,Beijing,LSTM,276.05554,102.265434,test
2017-01-25 17:00:00,2017-01-26 05:00:00,12,Beijing,LSTM,276.33334,102.26817,test
2017-01-25 18:00:00,2017-01-26 06:00:00,12,Beijing,LSTM,271.0,102.26906,test
2017-01-25 19:00:00,2017-01-26 07:00:00,12,Beijing,LSTM,264.16666,102.26924,test
2017-01-25 20:00:00,2017-01-26 08:00:00,12,Beijing,LSTM,255.41667,102.26969,test
2017-01-25 21:00:00,2017-01-26 09:00:00,12,Beijing,LSTM,252.75,102.26899,test
2017-01-25 22:00:00,2017-01-26 10:00:00,12,Beijing,LSTM,267.75,102.2696,test
2017-01-25 23:00:00,2017-01-26 11:00:00,12,Beijing,LSTM,245.41667,102.26471,test
2017-01-26 00:00:00,2017-01-26 12:00:00,12,Beijing,LSTM,213.75,102.25334,test
2017-01-26 01:00:00,2017-01-26 13:00:00,12,Beijing,LSTM,165.79167,102.26477,test
2017-01-26 02:00:00,2017-01-26 14:00:00,12,Beijing,LSTM,110.666664,102.26381,test
2017-01-26 03:00:00,2017-01-26 15:00:00,12,Beijing,LSTM,47.166668,102.26889,test
2017-01-26 04:00:00,2017-01-26 16:00:00,12,Beijing,LSTM,10.5,102.26961,test
2017-01-26 05:00:00,2017-01-26 17:00:00,12,Beijing,LSTM,8.166667,102.270035,test
2017-01-26 06:00:00,2017-01-26 18:00:00,12,Beijing,LSTM,9.666667,102.26822,test
2017-01-26 07:00:00,2017-01-26 19:00:00,12,Beijing,LSTM,8.166667,102.26798,test
2017-01-26 08:00:00,2017-01-26 20:00:00,12,Beijing,LSTM,9.0,102.26625,test
2017-01-26 09:00:00,2017-01-26 21:00:00,12,Beijing,LSTM,8.25,102.26535,test
2017-01-26 10:00:00,2017-01-26 22:00:00,12,Beijing,LSTM,5.916667,102.267944,test
2017-01-26 11:00:00,2017-01-26 23:00:00,12,Beijing,LSTM,10.583333,102.204124,test
2017-01-26 12:00:00,2017-01-27 00:00:00,12,Beijing,LSTM,8.333333,101.23822,test
2017-01-26 13:00:00,2017-01-27 01:00:00,12,Beijing,LSTM,9.0,52.64964,test
2017-01-26 14:00:00,2017-01-27 02:00:00,12,Beijing,LSTM,8.75,24.0502,test
2017-01-26 15:00:00,2017-01-27 03:00:00,12,Beijing,LSTM,7.833333,16.20641,test
2017-01-26 16:00:00,2017-01-27 04:00:00,12,Beijing,LSTM,6.833333,10.440239,test
2017-01-26 17:00:00,2017-01-27 05:00:00,12,Beijing,LSTM,5.833333,9.95275,test
2017-01-26 18:00:00,2017-01-27 06:00:00,12,Beijing,LSTM,7.166667,10.03615,test
2017-01-26 19:00:00,2017-01-27 07:00:00,12,Beijing,LSTM,10.25,11.473247,test
2017-01-26 20:00:00,2017-01-27 08:00:00,12,Beijing,LSTM,13.583333,10.272695,test
2017-01-26 21:00:00,2017-01-27 09:00:00,12,Beijing,LSTM,19.25,10.10609,test
2017-01-26 22:00:00,2017-01-27 10:00:00,12,Beijing,LSTM,28.25,10.97893,test
2017-01-26 23:00:00,2017-01-27 11:00:00,12,Beijing,LSTM,30.833332,12.690456,test
2017-01-27 00:00:00,2017-01-27 12:00:00,12,Beijing,LSTM,36.25,14.1545315,test
2017-01-27 01:00:00,2017-01-27 13:00:00,12,Beijing,LSTM,39.916668,17.224339,test
2017-01-27 02:00:00,2017-01-27 14:00:00,12,Beijing,LSTM,38.166668,20.083717,test
2017-01-27 03:00:00,2017-01-27 15:00:00,12,Beijing,LSTM,44.333332,24.330872,test
2017-01-27 04:00:00,2017-01-27 16:00:00,12,Beijing,LSTM,51.916668,34.165073,test
2017-01-27 05:00:00,2017-01-27 17:00:00,12,Beijing,LSTM,56.833332,37.571102,test
2017-01-27 06:00:00,2017-01-27 18:00:00,12,Beijing,LSTM,67.166664,54.964836,test
2017-01-27 07:00:00,2017-01-27 19:00:00,12,Beijing,LSTM,95.333336,74.81395,test
2017-01-27 08:00:00,2017-01-27 20:00:00,12,Beijing,LSTM,132.91667,89.596214,test
2017-01-27 09:00:00,2017-01-27 21:00:00,12,Beijing,LSTM,187.08333,97.53853,test
2017-01-27 10:00:00,2017-01-27 22:00:00,12,Beijing,LSTM,233.59091,99.10906,test
2017-01-27 11:00:00,2017-01-27 23:00:00,12,Beijing,LSTM,239.14285,98.75846,test
2017-01-27 12:00:00,2017-01-28 00:00:00,12,Beijing,LSTM,195.5,97.47719,test
2017-01-27 13:00:00,2017-01-28 01:00:00,12,Beijing,LSTM,178.14285,97.61145,test
2017-01-27 14:00:00,2017-01-28 02:00:00,12,Beijing,LSTM,196.28572,95.93781,test
2017-01-27 15:00:00,2017-01-28 03:00:00,12,Beijing,LSTM,230.7619,93.84223,test
2017-01-27 16:00:00,2017-01-28 04:00:00,12,Beijing,LSTM,236.90475,90.776794,test
2017-01-27 17:00:00,2017-01-28 05:00:00,12,Beijing,LSTM,241.71428,85.75792,test
2017-01-27 18:00:00,2017-01-28 06:00:00,12,Beijing,LSTM,241.85715,80.5013,test
2017-01-27 19:00:00,2017-01-28 07:00:00,12,Beijing,LSTM,247.33333,76.120605,test
2017-01-27 20:00:00,2017-01-28 08:00:00,12,Beijing,LSTM,237.33333,72.140686,test
2017-01-27 21:00:00,2017-01-28 09:00:00,12,Beijing,LSTM,271.0,69.809616,test
2017-01-27 22:00:00,2017-01-28 10:00:00,12,Beijing,LSTM,282.3,69.29953,test
2017-01-27 23:00:00,2017-01-28 11:00:00,12,Beijing,LSTM,267.08334,70.18764,test
2017-01-28 00:00:00,2017-01-28 12:00:00,12,Beijing,LSTM,248.41667,71.90862,test
2017-01-28 01:00:00,2017-01-28 13:00:00,12,Beijing,LSTM,228.83333,78.18851,test
2017-01-28 02:00:00,2017-01-28 14:00:00,12,Beijing,LSTM,218.91667,83.641266,test
2017-01-28 03:00:00,2017-01-28 15:00:00,12,Beijing,LSTM,219.16667,89.85852,test
2017-01-28 04:00:00,2017-01-28 16:00:00,12,Beijing,LSTM,220.91667,94.279724,test
2017-01-28 05:00:00,2017-01-28 17:00:00,12,Beijing,LSTM,229.33333,97.37918,test
2017-01-28 06:00:00,2017-01-28 18:00:00,12,Beijing,LSTM,230.33333,99.7624,test
2017-01-28 07:00:00,2017-01-28 19:00:00,12,Beijing,LSTM,235.58333,101.18001,test
2017-01-28 08:00:00,2017-01-28 20:00:00,12,Beijing,LSTM,243.83333,101.798004,test
2017-01-28 09:00:00,2017-01-28 21:00:00,12,Beijing,LSTM,250.75,102.05833,test
2017-01-28 10:00:00,2017-01-28 22:00:00,12,Beijing,LSTM,254.41667,102.15852,test
2017-01-28 11:00:00,2017-01-28 23:00:00,12,Beijing,LSTM,261.83334,102.190346,test
2017-01-28 12:00:00,2017-01-29 00:00:00,12,Beijing,LSTM,256.75,102.1255,test
2017-01-28 13:00:00,2017-01-29 01:00:00,12,Beijing,LSTM,238.25,102.159966,test
2017-01-28 14:00:00,2017-01-29 02:00:00,12,Beijing,LSTM,180.5,102.21832,test
2017-01-28 15:00:00,2017-01-29 03:00:00,12,Beijing,LSTM,45.833332,102.19456,test
2017-01-28 16:00:00,2017-01-29 04:00:00,12,Beijing,LSTM,11.333333,102.214935,test
2017-01-28 17:00:00,2017-01-29 05:00:00,12,Beijing,LSTM,8.0,102.23378,test
2017-01-28 18:00:00,2017-01-29 06:00:00,12,Beijing,LSTM,10.833333,102.24025,test
2017-01-28 19:00:00,2017-01-29 07:00:00,12,Beijing,LSTM,9.75,102.16458,test
2017-01-28 20:00:00,2017-01-29 08:00:00,12,Beijing,LSTM,9.833333,101.98733,test
2017-01-28 21:00:00,2017-01-29 09:00:00,12,Beijing,LSTM,10.5,101.297806,test
2017-01-28 22:00:00,2017-01-29 10:00:00,12,Beijing,LSTM,8.75,101.15636,test
2017-01-28 23:00:00,2017-01-29 11:00:00,12,Beijing,LSTM,9.0,101.11346,test
2017-01-29 00:00:00,2017-01-29 12:00:00,12,Beijing,LSTM,11.333333,101.11525,test
2017-01-29 01:00:00,2017-01-29 13:00:00,12,Beijing,LSTM,11.583333,97.544975,test
2017-01-29 02:00:00,2017-01-29 14:00:00,12,Beijing,LSTM,12.416667,29.794775,test
2017-01-29 03:00:00,2017-01-29 15:00:00,12,Beijing,LSTM,11.916667,14.131364,test
2017-01-29 04:00:00,2017-01-29 16:00:00,12,Beijing,LSTM,13.25,13.235256,test
2017-01-29 05:00:00,2017-01-29 17:00:00,12,Beijing,LSTM,13.166667,15.909386,test
2017-01-29 06:00:00,2017-01-29 18:00:00,12,Beijing,LSTM,11.916667,15.139804,test
2017-01-29 07:00:00,2017-01-29 19:00:00,12,Beijing,LSTM,10.666667,14.639894,test
2017-01-29 08:00:00,2017-01-29 20:00:00,12,Beijing,LSTM,8.583333,13.759281,test
2017-01-29 09:00:00,2017-01-29 21:00:00,12,Beijing,LSTM,9.083333,15.031444,test
2017-01-29 10:00:00,2017-01-29 22:00:00,12,Beijing,LSTM,8.833333,13.528532,test
2017-01-29 11:00:00,2017-01-29 23:00:00,12,Beijing,LSTM,8.916667,12.24484,test
2017-01-29 12:00:00,2017-01-30 00:00:00,12,Beijing,LSTM,8.25,11.371451,test
2017-01-29 13:00:00,2017-01-30 01:00:00,12,Beijing,LSTM,8.333333,10.882288,test
2017-01-29 14:00:00,2017-01-30 02:00:00,12,Beijing,LSTM,8.083333,10.885398,test
2017-01-29 15:00:00,2017-01-30 03:00:00,12,Beijing,LSTM,6.666667,10.407912,test
2017-01-29 16:00:00,2017-01-30 04:00:00,12,Beijing,LSTM,7.583333,9.45296,test
2017-01-29 17:00:00,2017-01-30 05:00:00,12,Beijing,LSTM,7.416667,10.269114,test
2017-01-29 18:00:00,2017-01-30 06:00:00,12,Beijing,LSTM,7.083333,10.762772,test
2017-01-29 19:00:00,2017-01-30 07:00:00,12,Beijing,LSTM,8.666667,10.497177,test
2017-01-29 20:00:00,2017-01-30 08:00:00,12,Beijing,LSTM,8.166667,12.849421,test
2017-01-29 21:00:00,2017-01-30 09:00:00,12,Beijing,LSTM,9.25,10.510235,test
2017-01-29 22:00:00,2017-01-30 10:00:00,12,Beijing,LSTM,12.0,11.527719,test
2017-01-29 23:00:00,2017-01-30 11:00:00,12,Beijing,LSTM,8.666667,11.786143,test
2017-01-30 00:00:00,2017-01-30 12:00:00,12,Beijing,LSTM,7.0,13.661268,test
2017-01-30 01:00:00,2017-01-30 13:00:00,12,Beijing,LSTM,8.083333,15.97852,test
2017-01-30 02:00:00,2017-01-30 14:00:00,12,Beijing,LSTM,10.25,17.61929,test
2017-01-30 03:00:00,2017-01-30 15:00:00,12,Beijing,LSTM,9.916667,16.896532,test
2017-01-30 04:00:00,2017-01-30 16:00:00,12,Beijing,LSTM,11.833333,19.853817,test
2017-01-30 05:00:00,2017-01-30 17:00:00,12,Beijing,LSTM,39.666668,21.628647,test
2017-01-30 06:00:00,2017-01-30 18:00:00,12,Beijing,LSTM,76.25,29.028316,test
2017-01-30 07:00:00,2017-01-30 19:00:00,12,Beijing,LSTM,59.583332,36.306545,test
2017-01-30 08:00:00,2017-01-30 20:00:00,12,Beijing,LSTM,62.666668,42.522694,test
2017-01-30 09:00:00,2017-01-30 21:00:00,12,Beijing,LSTM,67.25,47.070835,test
2017-01-30 10:00:00,2017-01-30 22:00:00,12,Beijing,LSTM,68.666664,60.21774,test
2017-01-30 11:00:00,2017-01-30 23:00:00,12,Beijing,LSTM,73.166664,71.412544,test
2017-01-30 12:00:00,2017-01-31 00:00:00,12,Beijing,LSTM,79.416664,80.10942,test
2017-01-30 13:00:00,2017-01-31 01:00:00,12,Beijing,LSTM,89.333336,86.34665,test
2017-01-30 14:00:00,2017-01-31 02:00:00,12,Beijing,LSTM,91.25,90.423294,test
2017-01-30 15:00:00,2017-01-31 03:00:00,12,Beijing,LSTM,91.666664,87.28459,test
2017-01-30 16:00:00,2017-01-31 04:00:00,12,Beijing,LSTM,91.833336,79.95195,test
2017-01-30 17:00:00,2017-01-31 05:00:00,12,Beijing,LSTM,92.5,70.77478,test
2017-01-30 18:00:00,2017-01-31 06:00:00,12,Beijing,LSTM,88.833336,64.81701,test
2017-01-30 19:00:00,2017-01-31 07:00:00,12,Beijing,LSTM,93.333336,44.88501,test
2017-01-30 20:00:00,2017-01-31 08:00:00,12,Beijing,LSTM,92.916664,33.49938,test
2017-01-30 21:00:00,2017-01-31 09:00:00,12,Beijing,LSTM,89.916664,24.324465,test
2017-01-30 22:00:00,2017-01-31 10:00:00,12,Beijing,LSTM,86.833336,24.66061,test
2017-01-30 23:00:00,2017-01-31 11:00:00,12,Beijing,LSTM,84.333336,21.958576,test
2017-01-31 00:00:00,2017-01-31 12:00:00,12,Beijing,LSTM,71.583336,23.996868,test
2017-01-31 01:00:00,2017-01-31 13:00:00,12,Beijing,LSTM,66.333336,23.738935,test
2017-01-31 02:00:00,2017-01-31 14:00:00,12,Beijing,LSTM,71.416664,26.920702,test
2017-01-31 03:00:00,2017-01-31 15:00:00,12,Beijing,LSTM,68.166664,33.750874,test
2017-01-31 04:00:00,2017-01-31 16:00:00,12,Beijing,LSTM,66.833336,45.142696,test
2017-01-31 05:00:00,2017-01-31 17:00:00,12,Beijing,LSTM,59.083332,53.721416,test
2017-01-31 06:00:00,2017-01-31 18:00:00,12,Beijing,LSTM,63.583332,62.945126,test
2017-01-31 07:00:00,2017-01-31 19:00:00,12,Beijing,LSTM,78.916664,71.24138,test
2017-01-31 08:00:00,2017-01-31 20:00:00,12,Beijing,LSTM,86.25,78.34674,test
2017-01-31 09:00:00,2017-01-31 21:00:00,12,Beijing,LSTM,76.333336,84.737595,test
2017-01-31 10:00:00,2017-01-31 22:00:00,12,Beijing,LSTM,23.333332,89.87276,test
2017-01-31 11:00:00,2017-01-31 23:00:00,12,Beijing,LSTM,13.25,93.47017,test
2017-01-31 12:00:00,2017-02-01 00:00:00,12,Beijing,LSTM,9.416667,96.16254,test
2017-01-31 13:00:00,2017-02-01 01:00:00,12,Beijing,LSTM,10.25,98.07467,test
2017-01-31 14:00:00,2017-02-01 02:00:00,12,Beijing,LSTM,9.75,98.71086,test
2017-01-31 15:00:00,2017-02-01 03:00:00,12,Beijing,LSTM,9.0,98.069466,test
2017-01-31 16:00:00,2017-02-01 04:00:00,12,Beijing,LSTM,7.75,63.77611,test
2017-01-31 17:00:00,2017-02-01 05:00:00,12,Beijing,LSTM,8.125,34.956295,test
2017-01-31 18:00:00,2017-02-01 06:00:00,12,Beijing,LSTM,7.333333,24.985924,test
2017-01-31 19:00:00,2017-02-01 07:00:00,12,Beijing,LSTM,6.0,26.440315,test
2017-01-31 20:00:00,2017-02-01 08:00:00,12,Beijing,LSTM,5.833333,26.613714,test
2017-01-31 21:00:00,2017-02-01 09:00:00,12,Beijing,LSTM,7.0,14.093426,test
2017-01-31 22:00:00,2017-02-01 10:00:00,12,Beijing,LSTM,7.083333,8.957957,test
2017-01-31 23:00:00,2017-02-01 11:00:00,12,Beijing,LSTM,6.916667,10.404754,test
2017-02-01 00:00:00,2017-02-01 12:00:00,12,Beijing,LSTM,8.5,9.751719,test
2017-02-01 01:00:00,2017-02-01 13:00:00,12,Beijing,LSTM,11.166667,11.560981,test
2017-02-01 02:00:00,2017-02-01 14:00:00,12,Beijing,LSTM,8.833333,14.097429,test
2017-02-01 03:00:00,2017-02-01 15:00:00,12,Beijing,LSTM,11.5,15.3340435,test
2017-02-01 04:00:00,2017-02-01 16:00:00,12,Beijing,LSTM,13.333333,17.055689,test
2017-02-01 05:00:00,2017-02-01 17:00:00,12,Beijing,LSTM,23.75,20.087627,test
2017-02-01 06:00:00,2017-02-01 18:00:00,12,Beijing,LSTM,40.583332,20.062609,test
2017-02-01 07:00:00,2017-02-01 19:00:00,12,Beijing,LSTM,61.25,24.937687,test
2017-02-01 08:00:00,2017-02-01 20:00:00,12,Beijing,LSTM,91.666664,30.05543,test
2017-02-01 09:00:00,2017-02-01 21:00:00,12,Beijing,LSTM,123.916664,30.94989,test
2017-02-01 10:00:00,2017-02-01 22:00:00,12,Beijing,LSTM,121.333336,27.998589,test
2017-02-01 11:00:00,2017-02-01 23:00:00,12,Beijing,LSTM,131.75,27.648872,test
2017-02-01 12:00:00,2017-02-02 00:00:00,12,Beijing,LSTM,127.916664,29.332863,test
2017-02-01 13:00:00,2017-02-02 01:00:00,12,Beijing,LSTM,111.916664,31.858978,test
2017-02-01 14:00:00,2017-02-02 02:00:00,12,Beijing,LSTM,98.916664,31.985806,test
2017-02-01 15:00:00,2017-02-02 03:00:00,12,Beijing,LSTM,91.416664,31.79428,test
2017-02-01 16:00:00,2017-02-02 04:00:00,12,Beijing,LSTM,69.5,30.973497,test
2017-02-01 17:00:00,2017-02-02 05:00:00,12,Beijing,LSTM,57.0,37.49145,test
2017-02-01 18:00:00,2017-02-02 06:00:00,12,Beijing,LSTM,52.333332,46.973587,test
2017-02-01 19:00:00,2017-02-02 07:00:00,12,Beijing,LSTM,44.833332,58.0439,test
2017-02-01 20:00:00,2017-02-02 08:00:00,12,Beijing,LSTM,43.25,68.02731,test
2017-02-01 21:00:00,2017-02-02 09:00:00,12,Beijing,LSTM,42.833332,74.02573,test
2017-02-01 22:00:00,2017-02-02 10:00:00,12,Beijing,LSTM,49.090908,77.55925,test
2017-02-01 23:00:00,2017-02-02 11:00:00,12,Beijing,LSTM,55.545456,81.198845,test
2017-02-02 00:00:00,2017-02-02 12:00:00,12,Beijing,LSTM,60.545456,85.37059,test
2017-02-02 01:00:00,2017-02-02 13:00:00,12,Beijing,LSTM,57.727272,91.95266,test
2017-02-02 02:00:00,2017-02-02 14:00:00,12,Beijing,LSTM,59.909092,97.97477,test
2017-02-02 03:00:00,2017-02-02 15:00:00,12,Beijing,LSTM,63.545456,100.82561,test
2017-02-02 04:00:00,2017-02-02 16:00:00,12,Beijing,LSTM,71.36363,101.75273,test
2017-02-02 05:00:00,2017-02-02 17:00:00,12,Beijing,LSTM,75.27273,102.035034,test
2017-02-02 06:00:00,2017-02-02 18:00:00,12,Beijing,LSTM,78.583336,102.17807,test
2017-02-02 07:00:00,2017-02-02 19:00:00,12,Beijing,LSTM,94.25,102.19237,test
2017-02-02 08:00:00,2017-02-02 20:00:00,12,Beijing,LSTM,124.083336,102.216644,test
2017-02-02 09:00:00,2017-02-02 21:00:00,12,Beijing,LSTM,128.66667,102.21547,test
2017-02-02 10:00:00,2017-02-02 22:00:00,12,Beijing,LSTM,137.41667,102.24529,test
2017-02-02 11:00:00,2017-02-02 23:00:00,12,Beijing,LSTM,145.58333,102.25657,test
2017-02-02 12:00:00,2017-02-03 00:00:00,12,Beijing,LSTM,143.75,102.26166,test
2017-02-02 13:00:00,2017-02-03 01:00:00,12,Beijing,LSTM,144.58333,102.264084,test
2017-02-02 14:00:00,2017-02-03 02:00:00,12,Beijing,LSTM,140.33333,102.26151,test
2017-02-02 15:00:00,2017-02-03 03:00:00,12,Beijing,LSTM,142.41667,102.2583,test
2017-02-02 16:00:00,2017-02-03 04:00:00,12,Beijing,LSTM,132.25,102.25914,test
2017-02-02 17:00:00,2017-02-03 05:00:00,12,Beijing,LSTM,118.166664,102.25735,test
2017-02-02 18:00:00,2017-02-03 06:00:00,12,Beijing,LSTM,92.0,102.227104,test
2017-02-02 19:00:00,2017-02-03 07:00:00,12,Beijing,LSTM,80.333336,102.20528,test
2017-02-02 20:00:00,2017-02-03 08:00:00,12,Beijing,LSTM,78.583336,102.247986,test
2017-02-02 21:00:00,2017-02-03 09:00:00,12,Beijing,LSTM,88.5,102.2531,test
2017-02-02 22:00:00,2017-02-03 10:00:00,12,Beijing,LSTM,84.0,102.256836,test
2017-02-02 23:00:00,2017-02-03 11:00:00,12,Beijing,LSTM,86.083336,102.260086,test
2017-02-03 00:00:00,2017-02-03 12:00:00,12,Beijing,LSTM,93.416664,102.25419,test
2017-02-03 01:00:00,2017-02-03 13:00:00,12,Beijing,LSTM,111.083336,102.212555,test
2017-02-03 02:00:00,2017-02-03 14:00:00,12,Beijing,LSTM,127.333336,102.19992,test
2017-02-03 03:00:00,2017-02-03 15:00:00,12,Beijing,LSTM,147.16667,102.25574,test
2017-02-03 04:00:00,2017-02-03 16:00:00,12,Beijing,LSTM,179.5,102.262375,test
2017-02-03 05:00:00,2017-02-03 17:00:00,12,Beijing,LSTM,205.25,102.24936,test
2017-02-03 06:00:00,2017-02-03 18:00:00,12,Beijing,LSTM,218.25,102.066605,test
2017-02-03 07:00:00,2017-02-03 19:00:00,12,Beijing,LSTM,231.25,102.11531,test
2017-02-03 08:00:00,2017-02-03 20:00:00,12,Beijing,LSTM,247.33333,102.16465,test
2017-02-03 09:00:00,2017-02-03 21:00:00,12,Beijing,LSTM,265.58334,102.255775,test
2017-02-03 10:00:00,2017-02-03 22:00:00,12,Beijing,LSTM,275.27777,102.25893,test
2017-02-03 11:00:00,2017-02-03 23:00:00,12,Beijing,LSTM,274.24304,102.25802,test
2017-02-03 12:00:00,2017-02-04 00:00:00,12,Beijing,LSTM,278.375,102.265305,test
2017-02-03 13:00:00,2017-02-04 01:00:00,12,Beijing,LSTM,271.47916,102.26858,test
2017-02-03 14:00:00,2017-02-04 02:00:00,12,Beijing,LSTM,265.58334,102.2695,test
2017-02-03 15:00:00,2017-02-04 03:00:00,12,Beijing,LSTM,270.83334,102.26959,test
2017-02-03 16:00:00,2017-02-04 04:00:00,12,Beijing,LSTM,268.41666,102.26986,test
2017-02-03 17:00:00,2017-02-04 05:00:00,12,Beijing,LSTM,275.56668,102.2702,test
2017-02-03 18:00:00,2017-02-04 06:00:00,12,Beijing,LSTM,280.83334,102.27026,test
2017-02-03 19:00:00,2017-02-04 07:00:00,12,Beijing,LSTM,283.55832,102.27035,test
2017-02-03 20:00:00,2017-02-04 08:00:00,12,Beijing,LSTM,288.325,102.270355,test
2017-02-03 21:00:00,2017-02-04 09:00:00,12,Beijing,LSTM,290.63333,102.27072,test
2017-02-03 22:00:00,2017-02-04 10:00:00,12,Beijing,LSTM,285.29166,102.27051,test
2017-02-03 23:00:00,2017-02-04 11:00:00,12,Beijing,LSTM,283.22223,102.27002,test
2017-02-04 00:00:00,2017-02-04 12:00:00,12,Beijing,LSTM,291.19446,102.27001,test
2017-02-04 01:00:00,2017-02-04 13:00:00,12,Beijing,LSTM,281.3,102.27028,test
2017-02-04 02:00:00,2017-02-04 14:00:00,12,Beijing,LSTM,259.6143,102.26952,test
2017-02-04 03:00:00,2017-02-04 15:00:00,12,Beijing,LSTM,244.82857,102.26971,test
2017-02-04 04:00:00,2017-02-04 16:00:00,12,Beijing,LSTM,236.68286,102.27012,test
2017-02-04 05:00:00,2017-02-04 17:00:00,12,Beijing,LSTM,232.32881,102.27048,test
2017-02-04 06:00:00,2017-02-04 18:00:00,12,Beijing,LSTM,218.74142,102.26995,test
2017-02-04 07:00:00,2017-02-04 19:00:00,12,Beijing,LSTM,194.20404,102.27016,test
2017-02-04 08:00:00,2017-02-04 20:00:00,12,Beijing,LSTM,121.9,102.268814,test
2017-02-04 09:00:00,2017-02-04 21:00:00,12,Beijing,LSTM,57.416668,102.26725,test
2017-02-04 10:00:00,2017-02-04 22:00:00,12,Beijing,LSTM,30.0,102.25566,test
2017-02-04 11:00:00,2017-02-04 23:00:00,12,Beijing,LSTM,19.083332,102.26312,test
2017-02-04 12:00:00,2017-02-05 00:00:00,12,Beijing,LSTM,17.583332,102.26684,test
2017-02-04 13:00:00,2017-02-05 01:00:00,12,Beijing,LSTM,17.75,102.265076,test
2017-02-04 14:00:00,2017-02-05 02:00:00,12,Beijing,LSTM,22.666668,102.26071,test
2017-02-04 15:00:00,2017-02-05 03:00:00,12,Beijing,LSTM,23.083332,102.109344,test
2017-02-04 16:00:00,2017-02-05 04:00:00,12,Beijing,LSTM,21.5,101.88687,test
2017-02-04 17:00:00,2017-02-05 05:00:00,12,Beijing,LSTM,19.916668,97.812256,test
2017-02-04 18:00:00,2017-02-05 06:00:00,12,Beijing,LSTM,15.0,90.93404,test
2017-02-04 19:00:00,2017-02-05 07:00:00,12,Beijing,LSTM,13.416667,75.59204,test
2017-02-04 20:00:00,2017-02-05 08:00:00,12,Beijing,LSTM,11.083333,33.450016,test
2017-02-04 21:00:00,2017-02-05 09:00:00,12,Beijing,LSTM,11.333333,23.160948,test
2017-02-04 22:00:00,2017-02-05 10:00:00,12,Beijing,LSTM,11.0,29.452332,test
2017-02-04 23:00:00,2017-02-05 11:00:00,12,Beijing,LSTM,8.416667,30.862759,test
2017-02-05 00:00:00,2017-02-05 12:00:00,12,Beijing,LSTM,6.916667,36.35546,test
2017-02-05 01:00:00,2017-02-05 13:00:00,12,Beijing,LSTM,7.083333,39.09817,test
2017-02-05 02:00:00,2017-02-05 14:00:00,12,Beijing,LSTM,6.583333,48.065197,test
2017-02-05 03:00:00,2017-02-05 15:00:00,12,Beijing,LSTM,9.5,52.850185,test
2017-02-05 04:00:00,2017-02-05 16:00:00,12,Beijing,LSTM,11.75,54.612488,test
2017-02-05 05:00:00,2017-02-05 17:00:00,12,Beijing,LSTM,14.083333,57.52246,test
2017-02-05 06:00:00,2017-02-05 18:00:00,12,Beijing,LSTM,10.833333,64.32105,test
2017-02-05 07:00:00,2017-02-05 19:00:00,12,Beijing,LSTM,8.333333,66.267395,test
2017-02-05 08:00:00,2017-02-05 20:00:00,12,Beijing,LSTM,7.833333,70.4778,test
2017-02-05 09:00:00,2017-02-05 21:00:00,12,Beijing,LSTM,8.166667,79.265755,test
2017-02-05 10:00:00,2017-02-05 22:00:00,12,Beijing,LSTM,8.833333,84.881485,test
2017-02-05 11:00:00,2017-02-05 23:00:00,12,Beijing,LSTM,8.333333,85.4097,test
2017-02-05 12:00:00,2017-02-06 00:00:00,12,Beijing,LSTM,7.916667,87.10823,test
2017-02-05 13:00:00,2017-02-06 01:00:00,12,Beijing,LSTM,6.75,84.7825,test
2017-02-05 14:00:00,2017-02-06 02:00:00,12,Beijing,LSTM,5.833333,65.81662,test
2017-02-05 15:00:00,2017-02-06 03:00:00,12,Beijing,LSTM,4.75,44.216972,test
2017-02-05 16:00:00,2017-02-06 04:00:00,12,Beijing,LSTM,4.083333,32.393295,test
2017-02-05 17:00:00,2017-02-06 05:00:00,12,Beijing,LSTM,5.416667,24.616926,test
2017-02-05 18:00:00,2017-02-06 06:00:00,12,Beijing,LSTM,6.083333,22.344818,test
2017-02-05 19:00:00,2017-02-06 07:00:00,12,Beijing,LSTM,6.583333,19.670393,test
2017-02-05 20:00:00,2017-02-06 08:00:00,12,Beijing,LSTM,7.916667,17.696705,test
2017-02-05 21:00:00,2017-02-06 09:00:00,12,Beijing,LSTM,8.333333,20.459213,test
2017-02-05 22:00:00,2017-02-06 10:00:00,12,Beijing,LSTM,10.333333,20.837914,test
2017-02-05 23:00:00,2017-02-06 11:00:00,12,Beijing,LSTM,9.416667,20.894814,test
2017-02-06 00:00:00,2017-02-06 12:00:00,12,Beijing,LSTM,7.416667,18.11819,test
2017-02-06 01:00:00,2017-02-06 13:00:00,12,Beijing,LSTM,5.166667,18.196074,test
2017-02-06 02:00:00,2017-02-06 14:00:00,12,Beijing,LSTM,6.333333,15.28444,test
2017-02-06 03:00:00,2017-02-06 15:00:00,12,Beijing,LSTM,7.083333,16.08106,test
2017-02-06 04:00:00,2017-02-06 16:00:00,12,Beijing,LSTM,7.25,14.454645,test
2017-02-06 05:00:00,2017-02-06 17:00:00,12,Beijing,LSTM,9.583333,14.703443,test
2017-02-06 06:00:00,2017-02-06 18:00:00,12,Beijing,LSTM,14.583333,19.547255,test
2017-02-06 07:00:00,2017-02-06 19:00:00,12,Beijing,LSTM,21.25,24.962347,test
2017-02-06 08:00:00,2017-02-06 20:00:00,12,Beijing,LSTM,31.5,30.599249,test
2017-02-06 09:00:00,2017-02-06 21:00:00,12,Beijing,LSTM,35.166668,26.19434,test
2017-02-06 10:00:00,2017-02-06 22:00:00,12,Beijing,LSTM,39.75,28.44329,test
2017-02-06 11:00:00,2017-02-06 23:00:00,12,Beijing,LSTM,42.416668,31.81943,test
2017-02-06 12:00:00,2017-02-07 00:00:00,12,Beijing,LSTM,48.25,38.30008,test
2017-02-06 13:00:00,2017-02-07 01:00:00,12,Beijing,LSTM,61.75,41.505695,test
2017-02-06 14:00:00,2017-02-07 02:00:00,12,Beijing,LSTM,64.166664,41.008038,test
2017-02-06 15:00:00,2017-02-07 03:00:00,12,Beijing,LSTM,64.333336,40.045647,test
2017-02-06 16:00:00,2017-02-07 04:00:00,12,Beijing,LSTM,67.75,31.411268,test
2017-02-06 17:00:00,2017-02-07 05:00:00,12,Beijing,LSTM,69.416664,32.50925,test
2017-02-06 18:00:00,2017-02-07 06:00:00,12,Beijing,LSTM,69.25,31.94932,test
2017-02-06 19:00:00,2017-02-07 07:00:00,12,Beijing,LSTM,69.666664,33.345455,test
2017-02-06 20:00:00,2017-02-07 08:00:00,12,Beijing,LSTM,72.083336,32.20937,test
2017-02-06 21:00:00,2017-02-07 09:00:00,12,Beijing,LSTM,76.583336,35.89964,test
2017-02-06 22:00:00,2017-02-07 10:00:00,12,Beijing,LSTM,80.166664,40.170044,test
2017-02-06 23:00:00,2017-02-07 11:00:00,12,Beijing,LSTM,61.5,44.673878,test
2017-02-07 00:00:00,2017-02-07 12:00:00,12,Beijing,LSTM,55.083332,51.408787,test
2017-02-07 01:00:00,2017-02-07 13:00:00,12,Beijing,LSTM,57.416668,60.578854,test
2017-02-07 02:00:00,2017-02-07 14:00:00,12,Beijing,LSTM,61.0,66.802635,test
2017-02-07 03:00:00,2017-02-07 15:00:00,12,Beijing,LSTM,64.333336,71.67508,test
2017-02-07 04:00:00,2017-02-07 16:00:00,12,Beijing,LSTM,67.416664,77.65105,test
2017-02-07 05:00:00,2017-02-07 17:00:00,12,Beijing,LSTM,81.916664,83.19115,test
2017-02-07 06:00:00,2017-02-07 18:00:00,12,Beijing,LSTM,93.5,88.12915,test
2017-02-07 07:00:00,2017-02-07 19:00:00,12,Beijing,LSTM,103.25,92.76612,test
2017-02-07 08:00:00,2017-02-07 20:00:00,12,Beijing,LSTM,108.333336,96.4375,test
2017-02-07 09:00:00,2017-02-07 21:00:00,12,Beijing,LSTM,107.333336,98.69883,test
2017-02-07 10:00:00,2017-02-07 22:00:00,12,Beijing,LSTM,107.166664,99.995804,test
2017-02-07 11:00:00,2017-02-07 23:00:00,12,Beijing,LSTM,109.0,100.501396,test
2017-02-07 12:00:00,2017-02-08 00:00:00,12,Beijing,LSTM,106.833336,101.3053,test
2017-02-07 13:00:00,2017-02-08 01:00:00,12,Beijing,LSTM,106.416664,101.620255,test
2017-02-07 14:00:00,2017-02-08 02:00:00,12,Beijing,LSTM,105.333336,101.835175,test
2017-02-07 15:00:00,2017-02-08 03:00:00,12,Beijing,LSTM,100.333336,101.9471,test
2017-02-07 16:00:00,2017-02-08 04:00:00,12,Beijing,LSTM,89.833336,102.0222,test
2017-02-07 17:00:00,2017-02-08 05:00:00,12,Beijing,LSTM,70.666664,102.07699,test
2017-02-07 18:00:00,2017-02-08 06:00:00,12,Beijing,LSTM,39.166668,102.10279,test
2017-02-07 19:00:00,2017-02-08 07:00:00,12,Beijing,LSTM,16.166668,102.112625,test
2017-02-07 20:00:00,2017-02-08 08:00:00,12,Beijing,LSTM,10.25,102.11719,test
2017-02-07 21:00:00,2017-02-08 09:00:00,12,Beijing,LSTM,7.5,102.138824,test
2017-02-07 22:00:00,2017-02-08 10:00:00,12,Beijing,LSTM,8.833333,102.1745,test
2017-02-07 23:00:00,2017-02-08 11:00:00,12,Beijing,LSTM,10.416667,102.20757,test
2017-02-08 00:00:00,2017-02-08 12:00:00,12,Beijing,LSTM,9.75,102.19861,test
2017-02-08 01:00:00,2017-02-08 13:00:00,12,Beijing,LSTM,11.833333,102.22265,test
2017-02-08 02:00:00,2017-02-08 14:00:00,12,Beijing,LSTM,10.75,101.67747,test
2017-02-08 03:00:00,2017-02-08 15:00:00,12,Beijing,LSTM,9.583333,99.553825,test
2017-02-08 04:00:00,2017-02-08 16:00:00,12,Beijing,LSTM,10.25,99.7805,test
2017-02-08 05:00:00,2017-02-08 17:00:00,12,Beijing,LSTM,9.666667,53.007156,test
2017-02-08 06:00:00,2017-02-08 18:00:00,12,Beijing,LSTM,9.166667,31.448849,test
2017-02-08 07:00:00,2017-02-08 19:00:00,12,Beijing,LSTM,9.166667,29.89557,test
2017-02-08 08:00:00,2017-02-08 20:00:00,12,Beijing,LSTM,9.916667,24.70478,test
2017-02-08 09:00:00,2017-02-08 21:00:00,12,Beijing,LSTM,8.5,19.55383,test
2017-02-08 10:00:00,2017-02-08 22:00:00,12,Beijing,LSTM,9.75,17.137686,test
2017-02-08 11:00:00,2017-02-08 23:00:00,12,Beijing,LSTM,8.083333,15.87729,test
2017-02-08 12:00:00,2017-02-09 00:00:00,12,Beijing,LSTM,9.333333,15.010646,test
2017-02-08 13:00:00,2017-02-09 01:00:00,12,Beijing,LSTM,7.5,15.201039,test
2017-02-08 14:00:00,2017-02-09 02:00:00,12,Beijing,LSTM,7.666667,13.653597,test
2017-02-08 15:00:00,2017-02-09 03:00:00,12,Beijing,LSTM,7.375,14.1262045,test
2017-02-08 16:00:00,2017-02-09 04:00:00,12,Beijing,LSTM,7.083333,11.089598,test
2017-02-08 17:00:00,2017-02-09 05:00:00,12,Beijing,LSTM,6.75,11.136994,test
2017-02-08 18:00:00,2017-02-09 06:00:00,12,Beijing,LSTM,5.75,12.457063,test
2017-02-08 19:00:00,2017-02-09 07:00:00,12,Beijing,LSTM,6.083333,13.96768,test
2017-02-08 20:00:00,2017-02-09 08:00:00,12,Beijing,LSTM,7.25,15.2094,test
2017-02-08 21:00:00,2017-02-09 09:00:00,12,Beijing,LSTM,6.0,15.66039,test
2017-02-08 22:00:00,2017-02-09 10:00:00,12,Beijing,LSTM,7.0,18.006779,test
2017-02-08 23:00:00,2017-02-09 11:00:00,12,Beijing,LSTM,6.833333,19.679686,test
2017-02-09 00:00:00,2017-02-09 12:00:00,12,Beijing,LSTM,7.416667,20.175617,test
2017-02-09 01:00:00,2017-02-09 13:00:00,12,Beijing,LSTM,6.833333,22.350456,test
2017-02-09 02:00:00,2017-02-09 14:00:00,12,Beijing,LSTM,8.0,15.2602625,test
2017-02-09 03:00:00,2017-02-09 15:00:00,12,Beijing,LSTM,6.666667,14.180412,test
2017-02-09 04:00:00,2017-02-09 16:00:00,12,Beijing,LSTM,6.916667,14.270818,test
2017-02-09 05:00:00,2017-02-09 17:00:00,12,Beijing,LSTM,6.166667,14.946425,test
2017-02-09 06:00:00,2017-02-09 18:00:00,12,Beijing,LSTM,5.583333,16.893946,test
2017-02-09 07:00:00,2017-02-09 19:00:00,12,Beijing,LSTM,6.583333,14.886802,test
2017-02-09 08:00:00,2017-02-09 20:00:00,12,Beijing,LSTM,6.916667,17.725063,test
2017-02-09 09:00:00,2017-02-09 21:00:00,12,Beijing,LSTM,7.666667,16.58019,test
2017-02-09 10:00:00,2017-02-09 22:00:00,12,Beijing,LSTM,6.666667,16.87658,test
2017-02-09 11:00:00,2017-02-09 23:00:00,12,Beijing,LSTM,5.75,14.125559,test
2017-02-09 12:00:00,2017-02-10 00:00:00,12,Beijing,LSTM,6.416667,14.243056,test
2017-02-09 13:00:00,2017-02-10 01:00:00,12,Beijing,LSTM,5.416667,14.081567,test
2017-02-09 14:00:00,2017-02-10 02:00:00,12,Beijing,LSTM,6.416667,14.581941,test
2017-02-09 15:00:00,2017-02-10 03:00:00,12,Beijing,LSTM,7.25,14.929319,test
2017-02-09 16:00:00,2017-02-10 04:00:00,12,Beijing,LSTM,4.666667,15.144843,test
2017-02-09 17:00:00,2017-02-10 05:00:00,12,Beijing,LSTM,4.916667,14.746629,test
2017-02-09 18:00:00,2017-02-10 06:00:00,12,Beijing,LSTM,5.25,15.512454,test
2017-02-09 19:00:00,2017-02-10 07:00:00,12,Beijing,LSTM,4.75,15.57682,test
2017-02-09 20:00:00,2017-02-10 08:00:00,12,Beijing,LSTM,6.333333,16.851713,test
2017-02-09 21:00:00,2017-02-10 09:00:00,12,Beijing,LSTM,7.333333,19.835442,test
2017-02-09 22:00:00,2017-02-10 10:00:00,12,Beijing,LSTM,7.083333,15.304691,test
2017-02-09 23:00:00,2017-02-10 11:00:00,12,Beijing,LSTM,6.5,16.160168,test
2017-02-10 00:00:00,2017-02-10 12:00:00,12,Beijing,LSTM,7.083333,15.514703,test
2017-02-10 01:00:00,2017-02-10 13:00:00,12,Beijing,LSTM,7.583333,14.010247,test
2017-02-10 02:00:00,2017-02-10 14:00:00,12,Beijing,LSTM,6.583333,16.358423,test
2017-02-10 03:00:00,2017-02-10 15:00:00,12,Beijing,LSTM,7.166667,15.310645,test
2017-02-10 04:00:00,2017-02-10 16:00:00,12,Beijing,LSTM,6.333333,17.740421,test
2017-02-10 05:00:00,2017-02-10 17:00:00,12,Beijing,LSTM,6.916667,19.182423,test
2017-02-10 06:00:00,2017-02-10 18:00:00,12,Beijing,LSTM,6.666667,19.881594,test
2017-02-10 07:00:00,2017-02-10 19:00:00,12,Beijing,LSTM,8.916667,24.697678,test
2017-02-10 08:00:00,2017-02-10 20:00:00,12,Beijing,LSTM,9.333333,27.68573,test
2017-02-10 09:00:00,2017-02-10 21:00:00,12,Beijing,LSTM,10.583333,34.615482,test
2017-02-10 10:00:00,2017-02-10 22:00:00,12,Beijing,LSTM,9.916667,32.279953,test
2017-02-10 11:00:00,2017-02-10 23:00:00,12,Beijing,LSTM,10.916667,26.10785,test
2017-02-10 12:00:00,2017-02-11 00:00:00,12,Beijing,LSTM,14.666667,26.755344,test
2017-02-10 13:00:00,2017-02-11 01:00:00,12,Beijing,LSTM,13.916667,26.698734,test
2017-02-10 14:00:00,2017-02-11 02:00:00,12,Beijing,LSTM,12.916667,25.391903,test
2017-02-10 15:00:00,2017-02-11 03:00:00,12,Beijing,LSTM,11.666667,22.846268,test
2017-02-10 16:00:00,2017-02-11 04:00:00,12,Beijing,LSTM,13.25,19.04665,test
2017-02-10 17:00:00,2017-02-11 05:00:00,12,Beijing,LSTM,13.333333,18.407211,test
2017-02-10 18:00:00,2017-02-11 06:00:00,12,Beijing,LSTM,13.083333,18.517368,test
2017-02-10 19:00:00,2017-02-11 07:00:00,12,Beijing,LSTM,13.5,19.190865,test
2017-02-10 20:00:00,2017-02-11 08:00:00,12,Beijing,LSTM,14.583333,20.62883,test
2017-02-10 21:00:00,2017-02-11 09:00:00,12,Beijing,LSTM,19.416668,21.938126,test
2017-02-10 22:00:00,2017-02-11 10:00:00,12,Beijing,LSTM,21.0,23.172405,test
2017-02-10 23:00:00,2017-02-11 11:00:00,12,Beijing,LSTM,17.833332,21.979305,test
2017-02-11 00:00:00,2017-02-11 12:00:00,12,Beijing,LSTM,13.583333,24.582106,test
2017-02-11 01:00:00,2017-02-11 13:00:00,12,Beijing,LSTM,12.333333,29.07307,test
2017-02-11 02:00:00,2017-02-11 14:00:00,12,Beijing,LSTM,11.5,32.085224,test
2017-02-11 03:00:00,2017-02-11 15:00:00,12,Beijing,LSTM,13.75,39.627262,test
2017-02-11 04:00:00,2017-02-11 16:00:00,12,Beijing,LSTM,21.166668,50.409863,test
2017-02-11 05:00:00,2017-02-11 17:00:00,12,Beijing,LSTM,33.416668,58.954613,test
2017-02-11 06:00:00,2017-02-11 18:00:00,12,Beijing,LSTM,39.0,66.02376,test
2017-02-11 07:00:00,2017-02-11 19:00:00,12,Beijing,LSTM,58.833332,72.68678,test
2017-02-11 08:00:00,2017-02-11 20:00:00,12,Beijing,LSTM,96.333336,80.03139,test
2017-02-11 09:00:00,2017-02-11 21:00:00,12,Beijing,LSTM,139.5,87.02455,test
2017-02-11 10:00:00,2017-02-11 22:00:00,12,Beijing,LSTM,191.125,91.82097,test
2017-02-11 11:00:00,2017-02-11 23:00:00,12,Beijing,LSTM,193.75,94.397446,test
2017-02-11 12:00:00,2017-02-12 00:00:00,12,Beijing,LSTM,180.79167,94.73944,test
2017-02-11 13:00:00,2017-02-12 01:00:00,12,Beijing,LSTM,161.58333,95.83652,test
2017-02-11 14:00:00,2017-02-12 02:00:00,12,Beijing,LSTM,138.41667,97.24994,test
2017-02-11 15:00:00,2017-02-12 03:00:00,12,Beijing,LSTM,120.083336,97.18877,test
2017-02-11 16:00:00,2017-02-12 04:00:00,12,Beijing,LSTM,86.0,97.750565,test
2017-02-11 17:00:00,2017-02-12 05:00:00,12,Beijing,LSTM,59.583332,97.7752,test
2017-02-11 18:00:00,2017-02-12 06:00:00,12,Beijing,LSTM,48.166668,97.26877,test
2017-02-11 19:00:00,2017-02-12 07:00:00,12,Beijing,LSTM,49.833332,96.77664,test
2017-02-11 20:00:00,2017-02-12 08:00:00,12,Beijing,LSTM,66.083336,97.395294,test
2017-02-11 21:00:00,2017-02-12 09:00:00,12,Beijing,LSTM,86.25,98.14694,test
2017-02-11 22:00:00,2017-02-12 10:00:00,12,Beijing,LSTM,93.416664,99.15454,test
2017-02-11 23:00:00,2017-02-12 11:00:00,12,Beijing,LSTM,105.75,99.98579,test
2017-02-12 00:00:00,2017-02-12 12:00:00,12,Beijing,LSTM,103.083336,100.629555,test
2017-02-12 01:00:00,2017-02-12 13:00:00,12,Beijing,LSTM,98.5,101.30123,test
2017-02-12 02:00:00,2017-02-12 14:00:00,12,Beijing,LSTM,98.833336,101.820045,test
2017-02-12 03:00:00,2017-02-12 15:00:00,12,Beijing,LSTM,96.25,102.03482,test
2017-02-12 04:00:00,2017-02-12 16:00:00,12,Beijing,LSTM,91.5,102.1496,test
2017-02-12 05:00:00,2017-02-12 17:00:00,12,Beijing,LSTM,97.666664,102.11546,test
2017-02-12 06:00:00,2017-02-12 18:00:00,12,Beijing,LSTM,107.083336,102.219666,test
2017-02-12 07:00:00,2017-02-12 19:00:00,12,Beijing,LSTM,112.333336,102.252426,test
2017-02-12 08:00:00,2017-02-12 20:00:00,12,Beijing,LSTM,115.083336,102.26047,test
2017-02-12 09:00:00,2017-02-12 21:00:00,12,Beijing,LSTM,124.916664,102.26616,test
2017-02-12 10:00:00,2017-02-12 22:00:00,12,Beijing,LSTM,130.33333,102.267,test
2017-02-12 11:00:00,2017-02-12 23:00:00,12,Beijing,LSTM,140.0,102.268326,test
2017-02-12 12:00:00,2017-02-13 00:00:00,12,Beijing,LSTM,141.5,102.26905,test
2017-02-12 13:00:00,2017-02-13 01:00:00,12,Beijing,LSTM,137.75,102.26845,test
2017-02-12 14:00:00,2017-02-13 02:00:00,12,Beijing,LSTM,146.41667,102.267654,test
2017-02-12 15:00:00,2017-02-13 03:00:00,12,Beijing,LSTM,146.5,102.26524,test
2017-02-12 16:00:00,2017-02-13 04:00:00,12,Beijing,LSTM,142.83333,102.258835,test
2017-02-12 17:00:00,2017-02-13 05:00:00,12,Beijing,LSTM,123.75,102.25957,test
2017-02-12 18:00:00,2017-02-13 06:00:00,12,Beijing,LSTM,110.583336,102.24873,test
2017-02-12 19:00:00,2017-02-13 07:00:00,12,Beijing,LSTM,93.25,102.24934,test
2017-02-12 20:00:00,2017-02-13 08:00:00,12,Beijing,LSTM,80.333336,102.25357,test
2017-02-12 21:00:00,2017-02-13 09:00:00,12,Beijing,LSTM,66.75,102.25409,test
2017-02-12 22:00:00,2017-02-13 10:00:00,12,Beijing,LSTM,50.583332,102.256645,test
2017-02-12 23:00:00,2017-02-13 11:00:00,12,Beijing,LSTM,36.083332,102.25784,test
2017-02-13 00:00:00,2017-02-13 12:00:00,12,Beijing,LSTM,22.75,102.25015,test
2017-02-13 01:00:00,2017-02-13 13:00:00,12,Beijing,LSTM,16.5,102.25356,test
2017-02-13 02:00:00,2017-02-13 14:00:00,12,Beijing,LSTM,14.833333,102.25714,test
2017-02-13 03:00:00,2017-02-13 15:00:00,12,Beijing,LSTM,14.916667,102.255264,test
2017-02-13 04:00:00,2017-02-13 16:00:00,12,Beijing,LSTM,17.333332,102.25716,test
2017-02-13 05:00:00,2017-02-13 17:00:00,12,Beijing,LSTM,18.916668,102.10625,test
2017-02-13 06:00:00,2017-02-13 18:00:00,12,Beijing,LSTM,23.5,101.88141,test
2017-02-13 07:00:00,2017-02-13 19:00:00,12,Beijing,LSTM,43.083332,100.64381,test
2017-02-13 08:00:00,2017-02-13 20:00:00,12,Beijing,LSTM,81.75,98.50802,test
2017-02-13 09:00:00,2017-02-13 21:00:00,12,Beijing,LSTM,102.083336,97.44989,test
2017-02-13 10:00:00,2017-02-13 22:00:00,12,Beijing,LSTM,137.33333,95.47183,test
2017-02-13 11:00:00,2017-02-13 23:00:00,12,Beijing,LSTM,158.66667,99.71563,test
2017-02-13 12:00:00,2017-02-14 00:00:00,12,Beijing,LSTM,151.08333,101.80407,test
2017-02-13 13:00:00,2017-02-14 01:00:00,12,Beijing,LSTM,136.41667,102.19158,test
2017-02-13 14:00:00,2017-02-14 02:00:00,12,Beijing,LSTM,137.16667,102.24695,test
2017-02-13 15:00:00,2017-02-14 03:00:00,12,Beijing,LSTM,142.91667,102.245705,test
2017-02-13 16:00:00,2017-02-14 04:00:00,12,Beijing,LSTM,142.33333,102.245705,test
2017-02-13 17:00:00,2017-02-14 05:00:00,12,Beijing,LSTM,139.66667,102.2095,test
2017-02-13 18:00:00,2017-02-14 06:00:00,12,Beijing,LSTM,135.0,102.16509,test
2017-02-13 19:00:00,2017-02-14 07:00:00,12,Beijing,LSTM,137.25,102.13853,test
2017-02-13 20:00:00,2017-02-14 08:00:00,12,Beijing,LSTM,141.41667,102.22809,test
2017-02-13 21:00:00,2017-02-14 09:00:00,12,Beijing,LSTM,147.83333,102.23908,test
2017-02-13 22:00:00,2017-02-14 10:00:00,12,Beijing,LSTM,163.83333,102.2428,test
2017-02-13 23:00:00,2017-02-14 11:00:00,12,Beijing,LSTM,179.5,102.255264,test
2017-02-14 00:00:00,2017-02-14 12:00:00,12,Beijing,LSTM,187.91667,102.22578,test
2017-02-14 01:00:00,2017-02-14 13:00:00,12,Beijing,LSTM,177.58333,102.169395,test
2017-02-14 02:00:00,2017-02-14 14:00:00,12,Beijing,LSTM,181.33333,102.253876,test
2017-02-14 03:00:00,2017-02-14 15:00:00,12,Beijing,LSTM,188.16667,102.265854,test
2017-02-14 04:00:00,2017-02-14 16:00:00,12,Beijing,LSTM,208.5,102.267105,test
2017-02-14 05:00:00,2017-02-14 17:00:00,12,Beijing,LSTM,213.5,102.26695,test
2017-02-14 06:00:00,2017-02-14 18:00:00,12,Beijing,LSTM,210.16667,102.267654,test
2017-02-14 07:00:00,2017-02-14 19:00:00,12,Beijing,LSTM,215.83333,102.26506,test
2017-02-14 08:00:00,2017-02-14 20:00:00,12,Beijing,LSTM,221.25,102.26545,test
2017-02-14 09:00:00,2017-02-14 21:00:00,12,Beijing,LSTM,227.5,102.26738,test
2017-02-14 10:00:00,2017-02-14 22:00:00,12,Beijing,LSTM,227.75,102.26837,test
2017-02-14 11:00:00,2017-02-14 23:00:00,12,Beijing,LSTM,236.16667,102.26904,test
2017-02-14 12:00:00,2017-02-15 00:00:00,12,Beijing,LSTM,243.83333,102.26853,test
2017-02-14 13:00:00,2017-02-15 01:00:00,12,Beijing,LSTM,243.08333,102.268845,test
2017-02-14 14:00:00,2017-02-15 02:00:00,12,Beijing,LSTM,238.41667,102.268974,test
2017-02-14 15:00:00,2017-02-15 03:00:00,12,Beijing,LSTM,229.75,102.26959,test
2017-02-14 16:00:00,2017-02-15 04:00:00,12,Beijing,LSTM,226.5,102.269135,test
2017-02-14 17:00:00,2017-02-15 05:00:00,12,Beijing,LSTM,227.16667,102.26942,test
2017-02-14 18:00:00,2017-02-15 06:00:00,12,Beijing,LSTM,229.66667,102.268875,test
2017-02-14 19:00:00,2017-02-15 07:00:00,12,Beijing,LSTM,226.08333,102.268875,test
2017-02-14 20:00:00,2017-02-15 08:00:00,12,Beijing,LSTM,224.25,102.269264,test
2017-02-14 21:00:00,2017-02-15 09:00:00,12,Beijing,LSTM,229.75,102.26851,test
2017-02-14 22:00:00,2017-02-15 10:00:00,12,Beijing,LSTM,214.66667,102.26549,test
2017-02-14 23:00:00,2017-02-15 11:00:00,12,Beijing,LSTM,223.83333,102.26778,test
2017-02-15 00:00:00,2017-02-15 12:00:00,12,Beijing,LSTM,241.16667,102.26974,test
2017-02-15 01:00:00,2017-02-15 13:00:00,12,Beijing,LSTM,208.0,102.26866,test
2017-02-15 02:00:00,2017-02-15 14:00:00,12,Beijing,LSTM,184.41667,102.26938,test
2017-02-15 03:00:00,2017-02-15 15:00:00,12,Beijing,LSTM,169.41667,102.25305,test
2017-02-15 04:00:00,2017-02-15 16:00:00,12,Beijing,LSTM,187.75,102.264435,test
2017-02-15 05:00:00,2017-02-15 17:00:00,12,Beijing,LSTM,235.16667,102.26847,test
2017-02-15 06:00:00,2017-02-15 18:00:00,12,Beijing,LSTM,250.16667,102.26933,test
2017-02-15 07:00:00,2017-02-15 19:00:00,12,Beijing,LSTM,256.75,102.268524,test
2017-02-15 08:00:00,2017-02-15 20:00:00,12,Beijing,LSTM,261.91666,102.26723,test
2017-02-15 09:00:00,2017-02-15 21:00:00,12,Beijing,LSTM,261.66666,102.26253,test
2017-02-15 10:00:00,2017-02-15 22:00:00,12,Beijing,LSTM,267.16666,102.2207,test
2017-02-15 11:00:00,2017-02-15 23:00:00,12,Beijing,LSTM,265.8611,102.26361,test
2017-02-15 12:00:00,2017-02-16 00:00:00,12,Beijing,LSTM,263.55554,102.26895,test
2017-02-15 13:00:00,2017-02-16 01:00:00,12,Beijing,LSTM,261.91666,102.266716,test
2017-02-15 14:00:00,2017-02-16 02:00:00,12,Beijing,LSTM,266.33334,102.24882,test
2017-02-15 15:00:00,2017-02-16 03:00:00,12,Beijing,LSTM,260.08334,101.954865,test
2017-02-15 16:00:00,2017-02-16 04:00:00,12,Beijing,LSTM,258.54166,102.21773,test
2017-02-15 17:00:00,2017-02-16 05:00:00,12,Beijing,LSTM,254.0,102.25745,test
2017-02-15 18:00:00,2017-02-16 06:00:00,12,Beijing,LSTM,246.25,102.26674,test
2017-02-15 19:00:00,2017-02-16 07:00:00,12,Beijing,LSTM,232.83333,102.26555,test
2017-02-15 20:00:00,2017-02-16 08:00:00,12,Beijing,LSTM,187.5,102.26422,test
2017-02-15 21:00:00,2017-02-16 09:00:00,12,Beijing,LSTM,137.58333,102.26614,test
2017-02-15 22:00:00,2017-02-16 10:00:00,12,Beijing,LSTM,70.25,102.26879,test
2017-02-15 23:00:00,2017-02-16 11:00:00,12,Beijing,LSTM,31.916668,102.26852,test
2017-02-16 00:00:00,2017-02-16 12:00:00,12,Beijing,LSTM,17.333332,102.26811,test
2017-02-16 01:00:00,2017-02-16 13:00:00,12,Beijing,LSTM,13.5,102.26248,test
2017-02-16 02:00:00,2017-02-16 14:00:00,12,Beijing,LSTM,11.916667,102.26451,test
2017-02-16 03:00:00,2017-02-16 15:00:00,12,Beijing,LSTM,8.833333,102.26288,test
2017-02-16 04:00:00,2017-02-16 16:00:00,12,Beijing,LSTM,7.416667,102.25974,test
2017-02-16 05:00:00,2017-02-16 17:00:00,12,Beijing,LSTM,9.583333,102.22961,test
2017-02-16 06:00:00,2017-02-16 18:00:00,12,Beijing,LSTM,9.416667,101.81857,test
2017-02-16 07:00:00,2017-02-16 19:00:00,12,Beijing,LSTM,10.75,75.77457,test
2017-02-16 08:00:00,2017-02-16 20:00:00,12,Beijing,LSTM,9.583333,46.363087,test
2017-02-16 09:00:00,2017-02-16 21:00:00,12,Beijing,LSTM,7.333333,29.018923,test
2017-02-16 10:00:00,2017-02-16 22:00:00,12,Beijing,LSTM,7.75,16.377235,test
2017-02-16 11:00:00,2017-02-16 23:00:00,12,Beijing,LSTM,6.416667,11.26552,test
2017-02-16 12:00:00,2017-02-17 00:00:00,12,Beijing,LSTM,6.0,9.671866,test
2017-02-16 13:00:00,2017-02-17 01:00:00,12,Beijing,LSTM,6.5,9.765589,test
2017-02-16 14:00:00,2017-02-17 02:00:00,12,Beijing,LSTM,6.333333,9.359326,test
2017-02-16 15:00:00,2017-02-17 03:00:00,12,Beijing,LSTM,6.833333,9.054595,test
2017-02-16 16:00:00,2017-02-17 04:00:00,12,Beijing,LSTM,8.166667,8.560816,test
2017-02-16 17:00:00,2017-02-17 05:00:00,12,Beijing,LSTM,7.666667,8.8874855,test
2017-02-16 18:00:00,2017-02-17 06:00:00,12,Beijing,LSTM,7.833333,9.024536,test
2017-02-16 19:00:00,2017-02-17 07:00:00,12,Beijing,LSTM,9.333333,9.970284,test
2017-02-16 20:00:00,2017-02-17 08:00:00,12,Beijing,LSTM,9.583333,9.165174,test
2017-02-16 21:00:00,2017-02-17 09:00:00,12,Beijing,LSTM,9.916667,8.834341,test
2017-02-16 22:00:00,2017-02-17 10:00:00,12,Beijing,LSTM,6.916667,7.6582155,test
2017-02-16 23:00:00,2017-02-17 11:00:00,12,Beijing,LSTM,6.75,7.960494,test
2017-02-17 00:00:00,2017-02-17 12:00:00,12,Beijing,LSTM,7.083333,9.1756315,test
2017-02-17 01:00:00,2017-02-17 13:00:00,12,Beijing,LSTM,6.166667,9.852482,test
2017-02-17 02:00:00,2017-02-17 14:00:00,12,Beijing,LSTM,5.833333,12.318377,test
2017-02-17 03:00:00,2017-02-17 15:00:00,12,Beijing,LSTM,11.583333,16.339888,test
2017-02-17 04:00:00,2017-02-17 16:00:00,12,Beijing,LSTM,19.75,19.483791,test
2017-02-17 05:00:00,2017-02-17 17:00:00,12,Beijing,LSTM,33.416668,24.180275,test
2017-02-17 06:00:00,2017-02-17 18:00:00,12,Beijing,LSTM,44.333332,28.468956,test
2017-02-17 07:00:00,2017-02-17 19:00:00,12,Beijing,LSTM,57.25,35.272305,test
2017-02-17 08:00:00,2017-02-17 20:00:00,12,Beijing,LSTM,57.75,43.883736,test
2017-02-17 09:00:00,2017-02-17 21:00:00,12,Beijing,LSTM,58.333332,43.64001,test
2017-02-17 10:00:00,2017-02-17 22:00:00,12,Beijing,LSTM,57.833332,33.14023,test
2017-02-17 11:00:00,2017-02-17 23:00:00,12,Beijing,LSTM,58.0,30.566395,test
2017-02-17 12:00:00,2017-02-18 00:00:00,12,Beijing,LSTM,60.916668,28.63912,test
2017-02-17 13:00:00,2017-02-18 01:00:00,12,Beijing,LSTM,66.166664,24.837868,test
2017-02-17 14:00:00,2017-02-18 02:00:00,12,Beijing,LSTM,75.166664,21.950792,test
2017-02-17 15:00:00,2017-02-18 03:00:00,12,Beijing,LSTM,77.0,19.66722,test
2017-02-17 16:00:00,2017-02-18 04:00:00,12,Beijing,LSTM,79.666664,19.36924,test
2017-02-17 17:00:00,2017-02-18 05:00:00,12,Beijing,LSTM,72.5,19.47754,test
2017-02-17 18:00:00,2017-02-18 06:00:00,12,Beijing,LSTM,68.333336,21.741098,test
2017-02-17 19:00:00,2017-02-18 07:00:00,12,Beijing,LSTM,65.333336,24.293728,test
2017-02-17 20:00:00,2017-02-18 08:00:00,12,Beijing,LSTM,64.333336,27.933338,test
2017-02-17 21:00:00,2017-02-18 09:00:00,12,Beijing,LSTM,67.916664,29.686977,test
2017-02-17 22:00:00,2017-02-18 10:00:00,12,Beijing,LSTM,78.166664,29.653275,test
2017-02-17 23:00:00,2017-02-18 11:00:00,12,Beijing,LSTM,89.25,33.330936,test
2017-02-18 00:00:00,2017-02-18 12:00:00,12,Beijing,LSTM,91.0,37.304966,test
2017-02-18 01:00:00,2017-02-18 13:00:00,12,Beijing,LSTM,83.583336,43.35346,test
2017-02-18 02:00:00,2017-02-18 14:00:00,12,Beijing,LSTM,84.083336,50.175068,test
2017-02-18 03:00:00,2017-02-18 15:00:00,12,Beijing,LSTM,85.583336,55.69949,test
2017-02-18 04:00:00,2017-02-18 16:00:00,12,Beijing,LSTM,87.0,60.31271,test
2017-02-18 05:00:00,2017-02-18 17:00:00,12,Beijing,LSTM,79.0,65.460815,test
2017-02-18 06:00:00,2017-02-18 18:00:00,12,Beijing,LSTM,76.25,73.8735,test
2017-02-18 07:00:00,2017-02-18 19:00:00,12,Beijing,LSTM,95.25,83.800705,test
2017-02-18 08:00:00,2017-02-18 20:00:00,12,Beijing,LSTM,107.333336,93.13561,test
2017-02-18 09:00:00,2017-02-18 21:00:00,12,Beijing,LSTM,120.083336,98.49759,test
2017-02-18 10:00:00,2017-02-18 22:00:00,12,Beijing,LSTM,117.333336,100.527725,test
2017-02-18 11:00:00,2017-02-18 23:00:00,12,Beijing,LSTM,123.25,101.27394,test
2017-02-18 12:00:00,2017-02-19 00:00:00,12,Beijing,LSTM,129.66667,101.61948,test
2017-02-18 13:00:00,2017-02-19 01:00:00,12,Beijing,LSTM,133.0,101.79917,test
2017-02-18 14:00:00,2017-02-19 02:00:00,12,Beijing,LSTM,136.5,101.90405,test
2017-02-18 15:00:00,2017-02-19 03:00:00,12,Beijing,LSTM,142.66667,101.89111,test
2017-02-18 16:00:00,2017-02-19 04:00:00,12,Beijing,LSTM,146.58333,101.800095,test
2017-02-18 17:00:00,2017-02-19 05:00:00,12,Beijing,LSTM,151.25,101.68011,test
2017-02-18 18:00:00,2017-02-19 06:00:00,12,Beijing,LSTM,152.0,101.859116,test
2017-02-18 19:00:00,2017-02-19 07:00:00,12,Beijing,LSTM,152.58333,101.96052,test
2017-02-18 20:00:00,2017-02-19 08:00:00,12,Beijing,LSTM,149.25,102.07341,test
2017-02-18 21:00:00,2017-02-19 09:00:00,12,Beijing,LSTM,153.0,102.10977,test
2017-02-18 22:00:00,2017-02-19 10:00:00,12,Beijing,LSTM,155.75,102.00829,test
2017-02-18 23:00:00,2017-02-19 11:00:00,12,Beijing,LSTM,157.83333,102.15127,test
2017-02-19 00:00:00,2017-02-19 12:00:00,12,Beijing,LSTM,163.41667,102.1653,test
2017-02-19 01:00:00,2017-02-19 13:00:00,12,Beijing,LSTM,165.91667,102.193085,test
2017-02-19 02:00:00,2017-02-19 14:00:00,12,Beijing,LSTM,127.166664,102.17909,test
2017-02-19 03:00:00,2017-02-19 15:00:00,12,Beijing,LSTM,51.75,102.18492,test
2017-02-19 04:00:00,2017-02-19 16:00:00,12,Beijing,LSTM,13.333333,102.190414,test
2017-02-19 05:00:00,2017-02-19 17:00:00,12,Beijing,LSTM,9.416667,102.191956,test
2017-02-19 06:00:00,2017-02-19 18:00:00,12,Beijing,LSTM,9.25,102.09258,test
2017-02-19 07:00:00,2017-02-19 19:00:00,12,Beijing,LSTM,8.666667,102.0676,test
2017-02-19 08:00:00,2017-02-19 20:00:00,12,Beijing,LSTM,10.416667,101.438255,test
2017-02-19 09:00:00,2017-02-19 21:00:00,12,Beijing,LSTM,8.666667,100.93077,test
2017-02-19 10:00:00,2017-02-19 22:00:00,12,Beijing,LSTM,7.833333,67.03436,test
2017-02-19 11:00:00,2017-02-19 23:00:00,12,Beijing,LSTM,6.75,27.970556,test
2017-02-19 12:00:00,2017-02-20 00:00:00,12,Beijing,LSTM,6.25,23.453915,test
2017-02-19 13:00:00,2017-02-20 01:00:00,12,Beijing,LSTM,4.833333,30.897362,test
2017-02-19 14:00:00,2017-02-20 02:00:00,12,Beijing,LSTM,7.0,13.866768,test
2017-02-19 15:00:00,2017-02-20 03:00:00,12,Beijing,LSTM,6.0,7.0660563,test
2017-02-19 16:00:00,2017-02-20 04:00:00,12,Beijing,LSTM,5.0,6.666216,test
2017-02-19 17:00:00,2017-02-20 05:00:00,12,Beijing,LSTM,6.083333,7.9249716,test
2017-02-19 18:00:00,2017-02-20 06:00:00,12,Beijing,LSTM,5.583333,8.841069,test
2017-02-19 19:00:00,2017-02-20 07:00:00,12,Beijing,LSTM,4.75,9.930183,test
2017-02-19 20:00:00,2017-02-20 08:00:00,12,Beijing,LSTM,6.916667,11.956561,test
2017-02-19 21:00:00,2017-02-20 09:00:00,12,Beijing,LSTM,6.916667,11.115087,test
2017-02-19 22:00:00,2017-02-20 10:00:00,12,Beijing,LSTM,7.333333,11.777602,test
2017-02-19 23:00:00,2017-02-20 11:00:00,12,Beijing,LSTM,6.75,11.764647,test
2017-02-20 00:00:00,2017-02-20 12:00:00,12,Beijing,LSTM,8.5,14.036618,test
2017-02-20 01:00:00,2017-02-20 13:00:00,12,Beijing,LSTM,9.0,11.7465925,test
2017-02-20 02:00:00,2017-02-20 14:00:00,12,Beijing,LSTM,9.75,11.127786,test
2017-02-20 03:00:00,2017-02-20 15:00:00,12,Beijing,LSTM,9.75,8.775025,test
2017-02-20 04:00:00,2017-02-20 16:00:00,12,Beijing,LSTM,9.75,11.062219,test
2017-02-20 05:00:00,2017-02-20 17:00:00,12,Beijing,LSTM,9.75,12.299809,test
2017-02-20 06:00:00,2017-02-20 18:00:00,12,Beijing,LSTM,13.625,13.594125,test
2017-02-20 07:00:00,2017-02-20 19:00:00,12,Beijing,LSTM,17.5,14.146609,test
2017-02-20 08:00:00,2017-02-20 20:00:00,12,Beijing,LSTM,21.333332,16.881378,test
2017-02-20 09:00:00,2017-02-20 21:00:00,12,Beijing,LSTM,25.583332,17.08926,test
2017-02-20 10:00:00,2017-02-20 22:00:00,12,Beijing,LSTM,29.583332,14.20616,test
2017-02-20 11:00:00,2017-02-20 23:00:00,12,Beijing,LSTM,39.25,11.855005,test
2017-02-20 12:00:00,2017-02-21 00:00:00,12,Beijing,LSTM,42.52778,13.081859,test
2017-02-20 13:00:00,2017-02-21 01:00:00,12,Beijing,LSTM,44.805557,13.538369,test
2017-02-20 14:00:00,2017-02-21 02:00:00,12,Beijing,LSTM,45.583332,14.418705,test
2017-02-20 15:00:00,2017-02-21 03:00:00,12,Beijing,LSTM,46.75,16.435738,test
2017-02-20 16:00:00,2017-02-21 04:00:00,12,Beijing,LSTM,55.583332,16.873672,test
2017-02-20 17:00:00,2017-02-21 05:00:00,12,Beijing,LSTM,64.833336,18.871477,test
2017-02-20 18:00:00,2017-02-21 06:00:00,12,Beijing,LSTM,74.083336,20.672522,test
2017-02-20 19:00:00,2017-02-21 07:00:00,12,Beijing,LSTM,73.47222,21.360645,test
2017-02-20 20:00:00,2017-02-21 08:00:00,12,Beijing,LSTM,75.69444,20.889067,test
2017-02-20 21:00:00,2017-02-21 09:00:00,12,Beijing,LSTM,78.25,20.749006,test
2017-02-20 22:00:00,2017-02-21 10:00:00,12,Beijing,LSTM,79.916664,19.58654,test
2017-02-20 23:00:00,2017-02-21 11:00:00,12,Beijing,LSTM,80.416664,23.980238,test
2017-02-21 00:00:00,2017-02-21 12:00:00,12,Beijing,LSTM,80.916664,30.816576,test
2017-02-21 01:00:00,2017-02-21 13:00:00,12,Beijing,LSTM,66.916664,36.73016,test
2017-02-21 02:00:00,2017-02-21 14:00:00,12,Beijing,LSTM,52.916668,43.13329,test
2017-02-21 03:00:00,2017-02-21 15:00:00,12,Beijing,LSTM,51.958332,49.82076,test
2017-02-21 04:00:00,2017-02-21 16:00:00,12,Beijing,LSTM,47.5,57.77566,test
2017-02-21 05:00:00,2017-02-21 17:00:00,12,Beijing,LSTM,47.791668,65.313705,test
2017-02-21 06:00:00,2017-02-21 18:00:00,12,Beijing,LSTM,46.916668,71.38811,test
2017-02-21 07:00:00,2017-02-21 19:00:00,12,Beijing,LSTM,52.416668,76.961555,test
2017-02-21 08:00:00,2017-02-21 20:00:00,12,Beijing,LSTM,62.583332,81.9563,test
2017-02-21 09:00:00,2017-02-21 21:00:00,12,Beijing,LSTM,66.75,86.2202,test
2017-02-21 10:00:00,2017-02-21 22:00:00,12,Beijing,LSTM,65.25,90.28682,test
2017-02-21 11:00:00,2017-02-21 23:00:00,12,Beijing,LSTM,67.666664,93.649315,test
2017-02-21 12:00:00,2017-02-22 00:00:00,12,Beijing,LSTM,69.833336,96.342834,test
2017-02-21 13:00:00,2017-02-22 01:00:00,12,Beijing,LSTM,76.25,98.02349,test
2017-02-21 14:00:00,2017-02-22 02:00:00,12,Beijing,LSTM,83.833336,100.97481,test
2017-02-21 15:00:00,2017-02-22 03:00:00,12,Beijing,LSTM,87.75,101.651665,test
2017-02-21 16:00:00,2017-02-22 04:00:00,12,Beijing,LSTM,89.166664,101.971146,test
2017-02-21 17:00:00,2017-02-22 05:00:00,12,Beijing,LSTM,89.75,101.944046,test
2017-02-21 18:00:00,2017-02-22 06:00:00,12,Beijing,LSTM,91.416664,100.657455,test
2017-02-21 19:00:00,2017-02-22 07:00:00,12,Beijing,LSTM,94.833336,101.59483,test
2017-02-21 20:00:00,2017-02-22 08:00:00,12,Beijing,LSTM,100.166664,101.1032,test
2017-02-21 21:00:00,2017-02-22 09:00:00,12,Beijing,LSTM,109.416664,100.73615,test
2017-02-21 22:00:00,2017-02-22 10:00:00,12,Beijing,LSTM,121.75,93.81984,test
2017-02-21 23:00:00,2017-02-22 11:00:00,12,Beijing,LSTM,128.08333,81.15885,test
2017-02-22 00:00:00,2017-02-22 12:00:00,12,Beijing,LSTM,125.09091,64.844345,test
2017-02-22 01:00:00,2017-02-22 13:00:00,12,Beijing,LSTM,138.09091,71.41547,test
2017-02-22 02:00:00,2017-02-22 14:00:00,12,Beijing,LSTM,142.36363,70.200874,test
2017-02-22 03:00:00,2017-02-22 15:00:00,12,Beijing,LSTM,124.72727,71.72111,test
2017-02-22 04:00:00,2017-02-22 16:00:00,12,Beijing,LSTM,106.666664,72.61138,test
2017-02-22 05:00:00,2017-02-22 17:00:00,12,Beijing,LSTM,54.69697,75.00454,test
2017-02-22 06:00:00,2017-02-22 18:00:00,12,Beijing,LSTM,16.227274,81.53009,test
2017-02-22 07:00:00,2017-02-22 19:00:00,12,Beijing,LSTM,9.333333,86.185,test
2017-02-22 08:00:00,2017-02-22 20:00:00,12,Beijing,LSTM,9.166667,88.69783,test
2017-02-22 09:00:00,2017-02-22 21:00:00,12,Beijing,LSTM,8.708333,80.938194,test
2017-02-22 10:00:00,2017-02-22 22:00:00,12,Beijing,LSTM,9.416667,84.52982,test
2017-02-22 11:00:00,2017-02-22 23:00:00,12,Beijing,LSTM,10.666667,89.12698,test
2017-02-22 12:00:00,2017-02-23 00:00:00,12,Beijing,LSTM,10.916667,94.82047,test
2017-02-22 13:00:00,2017-02-23 01:00:00,12,Beijing,LSTM,11.666667,98.77025,test
2017-02-22 14:00:00,2017-02-23 02:00:00,12,Beijing,LSTM,11.083333,100.54883,test
2017-02-22 15:00:00,2017-02-23 03:00:00,12,Beijing,LSTM,10.25,99.995544,test
2017-02-22 16:00:00,2017-02-23 04:00:00,12,Beijing,LSTM,11.416667,82.94565,test
2017-02-22 17:00:00,2017-02-23 05:00:00,12,Beijing,LSTM,12.0,20.900654,test
2017-02-22 18:00:00,2017-02-23 06:00:00,12,Beijing,LSTM,12.083333,10.840331,test
2017-02-22 19:00:00,2017-02-23 07:00:00,12,Beijing,LSTM,11.25,10.9754925,test
2017-02-22 20:00:00,2017-02-23 08:00:00,12,Beijing,LSTM,14.166667,10.722646,test
2017-02-22 21:00:00,2017-02-23 09:00:00,12,Beijing,LSTM,15.166667,12.056445,test
2017-02-22 22:00:00,2017-02-23 10:00:00,12,Beijing,LSTM,13.666667,12.019496,test
2017-02-22 23:00:00,2017-02-23 11:00:00,12,Beijing,LSTM,11.75,11.940507,test
2017-02-23 00:00:00,2017-02-23 12:00:00,12,Beijing,LSTM,10.5,14.205433,test
2017-02-23 01:00:00,2017-02-23 13:00:00,12,Beijing,LSTM,10.75,16.396488,test
2017-02-23 02:00:00,2017-02-23 14:00:00,12,Beijing,LSTM,8.666667,20.597038,test
2017-02-23 03:00:00,2017-02-23 15:00:00,12,Beijing,LSTM,15.5,26.075737,test
2017-02-23 04:00:00,2017-02-23 16:00:00,12,Beijing,LSTM,23.222221,27.011667,test
2017-02-23 05:00:00,2017-02-23 17:00:00,12,Beijing,LSTM,21.277779,34.45848,test
2017-02-23 06:00:00,2017-02-23 18:00:00,12,Beijing,LSTM,20.0,44.73061,test
2017-02-23 07:00:00,2017-02-23 19:00:00,12,Beijing,LSTM,21.416668,56.971786,test
2017-02-23 08:00:00,2017-02-23 20:00:00,12,Beijing,LSTM,31.416668,70.94925,test
2017-02-23 09:00:00,2017-02-23 21:00:00,12,Beijing,LSTM,32.333332,83.862976,test
2017-02-23 10:00:00,2017-02-23 22:00:00,12,Beijing,LSTM,34.25,91.750595,test
2017-02-23 11:00:00,2017-02-23 23:00:00,12,Beijing,LSTM,41.333332,95.017395,test
2017-02-23 12:00:00,2017-02-24 00:00:00,12,Beijing,LSTM,46.666668,96.610985,test
2017-02-23 13:00:00,2017-02-24 01:00:00,12,Beijing,LSTM,49.333332,96.183685,test
2017-02-23 14:00:00,2017-02-24 02:00:00,12,Beijing,LSTM,52.0,94.304146,test
2017-02-23 15:00:00,2017-02-24 03:00:00,12,Beijing,LSTM,52.416668,90.914734,test
2017-02-23 16:00:00,2017-02-24 04:00:00,12,Beijing,LSTM,49.5,83.90243,test
2017-02-23 17:00:00,2017-02-24 05:00:00,12,Beijing,LSTM,44.416668,77.15407,test
2017-02-23 18:00:00,2017-02-24 06:00:00,12,Beijing,LSTM,34.416668,69.88478,test
2017-02-23 19:00:00,2017-02-24 07:00:00,12,Beijing,LSTM,26.583332,60.83289,test
2017-02-23 20:00:00,2017-02-24 08:00:00,12,Beijing,LSTM,23.583332,58.307796,test
2017-02-23 21:00:00,2017-02-24 09:00:00,12,Beijing,LSTM,20.75,54.932476,test
2017-02-23 22:00:00,2017-02-24 10:00:00,12,Beijing,LSTM,19.25,54.174686,test
2017-02-23 23:00:00,2017-02-24 11:00:00,12,Beijing,LSTM,15.5,56.58346,test
2017-02-24 00:00:00,2017-02-24 12:00:00,12,Beijing,LSTM,15.25,57.779514,test
2017-02-24 01:00:00,2017-02-24 13:00:00,12,Beijing,LSTM,14.416667,61.43027,test
2017-02-24 02:00:00,2017-02-24 14:00:00,12,Beijing,LSTM,17.458332,64.28263,test
2017-02-24 03:00:00,2017-02-24 15:00:00,12,Beijing,LSTM,18.583332,70.33245,test
2017-02-24 04:00:00,2017-02-24 16:00:00,12,Beijing,LSTM,17.166668,78.06243,test
2017-02-24 05:00:00,2017-02-24 17:00:00,12,Beijing,LSTM,14.916667,86.82386,test
2017-02-24 06:00:00,2017-02-24 18:00:00,12,Beijing,LSTM,13.916667,94.76166,test
2017-02-24 07:00:00,2017-02-24 19:00:00,12,Beijing,LSTM,15.75,99.37491,test
2017-02-24 08:00:00,2017-02-24 20:00:00,12,Beijing,LSTM,12.5,101.089035,test
2017-02-24 09:00:00,2017-02-24 21:00:00,12,Beijing,LSTM,10.5,101.73656,test
2017-02-24 10:00:00,2017-02-24 22:00:00,12,Beijing,LSTM,12.083333,102.07568,test
2017-02-24 11:00:00,2017-02-24 23:00:00,12,Beijing,LSTM,13.25,102.184,test
2017-02-24 12:00:00,2017-02-25 00:00:00,12,Beijing,LSTM,12.833333,102.224396,test
2017-02-24 13:00:00,2017-02-25 01:00:00,12,Beijing,LSTM,10.416667,102.2461,test
2017-02-24 14:00:00,2017-02-25 02:00:00,12,Beijing,LSTM,8.916667,102.249054,test
2017-02-24 15:00:00,2017-02-25 03:00:00,12,Beijing,LSTM,7.75,102.25367,test
2017-02-24 16:00:00,2017-02-25 04:00:00,12,Beijing,LSTM,7.916667,102.08655,test
2017-02-24 17:00:00,2017-02-25 05:00:00,12,Beijing,LSTM,7.166667,101.61761,test
2017-02-24 18:00:00,2017-02-25 06:00:00,12,Beijing,LSTM,6.0,99.5659,test
2017-02-24 19:00:00,2017-02-25 07:00:00,12,Beijing,LSTM,8.5,99.415245,test
2017-02-24 20:00:00,2017-02-25 08:00:00,12,Beijing,LSTM,12.75,97.636055,test
2017-02-24 21:00:00,2017-02-25 09:00:00,12,Beijing,LSTM,12.666667,92.49614,test
2017-02-24 22:00:00,2017-02-25 10:00:00,12,Beijing,LSTM,12.5,87.72584,test
2017-02-24 23:00:00,2017-02-25 11:00:00,12,Beijing,LSTM,12.083333,83.65573,test
2017-02-25 00:00:00,2017-02-25 12:00:00,12,Beijing,LSTM,9.916667,77.09822,test
2017-02-25 01:00:00,2017-02-25 13:00:00,12,Beijing,LSTM,10.5,68.14434,test
2017-02-25 02:00:00,2017-02-25 14:00:00,12,Beijing,LSTM,10.916667,66.39325,test
2017-02-25 03:00:00,2017-02-25 15:00:00,12,Beijing,LSTM,9.166667,71.22339,test
2017-02-25 04:00:00,2017-02-25 16:00:00,12,Beijing,LSTM,9.916667,78.46498,test
2017-02-25 05:00:00,2017-02-25 17:00:00,12,Beijing,LSTM,11.458333,86.43273,test
2017-02-25 06:00:00,2017-02-25 18:00:00,12,Beijing,LSTM,11.708333,94.61723,test
2017-02-25 07:00:00,2017-02-25 19:00:00,12,Beijing,LSTM,13.666667,99.473236,test
2017-02-25 08:00:00,2017-02-25 20:00:00,12,Beijing,LSTM,17.5,101.31597,test
2017-02-25 09:00:00,2017-02-25 21:00:00,12,Beijing,LSTM,16.75,101.91759,test
2017-02-25 10:00:00,2017-02-25 22:00:00,12,Beijing,LSTM,17.0,102.11178,test
2017-02-25 11:00:00,2017-02-25 23:00:00,12,Beijing,LSTM,14.583333,102.20232,test
2017-02-25 12:00:00,2017-02-26 00:00:00,12,Beijing,LSTM,16.875,102.22238,test
2017-02-25 13:00:00,2017-02-26 01:00:00,12,Beijing,LSTM,19.75,102.22484,test
2017-02-25 14:00:00,2017-02-26 02:00:00,12,Beijing,LSTM,18.333332,102.23478,test
2017-02-25 15:00:00,2017-02-26 03:00:00,12,Beijing,LSTM,18.666668,102.20806,test
2017-02-25 16:00:00,2017-02-26 04:00:00,12,Beijing,LSTM,17.333332,102.2319,test
2017-02-25 17:00:00,2017-02-26 05:00:00,12,Beijing,LSTM,19.416668,102.23859,test
2017-02-25 18:00:00,2017-02-26 06:00:00,12,Beijing,LSTM,20.916668,102.1868,test
2017-02-25 19:00:00,2017-02-26 07:00:00,12,Beijing,LSTM,21.583332,102.09116,test
2017-02-25 20:00:00,2017-02-26 08:00:00,12,Beijing,LSTM,23.75,100.65811,test
2017-02-25 21:00:00,2017-02-26 09:00:00,12,Beijing,LSTM,23.166668,91.14366,test
2017-02-25 22:00:00,2017-02-26 10:00:00,12,Beijing,LSTM,24.916668,72.20576,test
2017-02-25 23:00:00,2017-02-26 11:00:00,12,Beijing,LSTM,24.583332,59.73459,test
2017-02-26 00:00:00,2017-02-26 12:00:00,12,Beijing,LSTM,22.25,57.312607,test
2017-02-26 01:00:00,2017-02-26 13:00:00,12,Beijing,LSTM,22.583332,59.544994,test
2017-02-26 02:00:00,2017-02-26 14:00:00,12,Beijing,LSTM,23.958332,63.255062,test
2017-02-26 03:00:00,2017-02-26 15:00:00,12,Beijing,LSTM,23.666668,69.11162,test
2017-02-26 04:00:00,2017-02-26 16:00:00,12,Beijing,LSTM,27.0,74.04924,test
2017-02-26 05:00:00,2017-02-26 17:00:00,12,Beijing,LSTM,27.25,82.46954,test
2017-02-26 06:00:00,2017-02-26 18:00:00,12,Beijing,LSTM,29.5,91.86952,test
2017-02-26 07:00:00,2017-02-26 19:00:00,12,Beijing,LSTM,35.75,97.370285,test
2017-02-26 08:00:00,2017-02-26 20:00:00,12,Beijing,LSTM,42.25,92.87828,test
2017-02-26 09:00:00,2017-02-26 21:00:00,12,Beijing,LSTM,52.5,97.69847,test
2017-02-26 10:00:00,2017-02-26 22:00:00,12,Beijing,LSTM,54.083332,100.544304,test
2017-02-26 11:00:00,2017-02-26 23:00:00,12,Beijing,LSTM,54.833332,101.674286,test
2017-02-26 12:00:00,2017-02-27 00:00:00,12,Beijing,LSTM,55.5,102.00136,test
2017-02-26 13:00:00,2017-02-27 01:00:00,12,Beijing,LSTM,53.875,102.132065,test
2017-02-26 14:00:00,2017-02-27 02:00:00,12,Beijing,LSTM,55.75,102.1905,test
2017-02-26 15:00:00,2017-02-27 03:00:00,12,Beijing,LSTM,57.5,102.23722,test
2017-02-26 16:00:00,2017-02-27 04:00:00,12,Beijing,LSTM,61.333332,102.20261,test
2017-02-26 17:00:00,2017-02-27 05:00:00,12,Beijing,LSTM,72.333336,101.85449,test
2017-02-26 18:00:00,2017-02-27 06:00:00,12,Beijing,LSTM,71.75,101.075806,test
2017-02-26 19:00:00,2017-02-27 07:00:00,12,Beijing,LSTM,68.25,101.29381,test
2017-02-26 20:00:00,2017-02-27 08:00:00,12,Beijing,LSTM,66.0,101.22705,test
2017-02-26 21:00:00,2017-02-27 09:00:00,12,Beijing,LSTM,67.666664,101.15342,test
2017-02-26 22:00:00,2017-02-27 10:00:00,12,Beijing,LSTM,76.458336,100.45421,test
2017-02-26 23:00:00,2017-02-27 11:00:00,12,Beijing,LSTM,84.958336,98.355194,test
2017-02-27 00:00:00,2017-02-27 12:00:00,12,Beijing,LSTM,93.388885,92.14633,test
2017-02-27 01:00:00,2017-02-27 13:00:00,12,Beijing,LSTM,93.44444,92.66176,test
2017-02-27 02:00:00,2017-02-27 14:00:00,12,Beijing,LSTM,93.558334,98.78669,test
2017-02-27 03:00:00,2017-02-27 15:00:00,12,Beijing,LSTM,89.2,98.61624,test
2017-02-27 04:00:00,2017-02-27 16:00:00,12,Beijing,LSTM,69.75833,100.31258,test
2017-02-27 05:00:00,2017-02-27 17:00:00,12,Beijing,LSTM,56.98182,101.50597,test
2017-02-27 06:00:00,2017-02-27 18:00:00,12,Beijing,LSTM,52.909092,101.92703,test
2017-02-27 07:00:00,2017-02-27 19:00:00,12,Beijing,LSTM,56.181816,102.087494,test
2017-02-27 08:00:00,2017-02-27 20:00:00,12,Beijing,LSTM,61.272728,102.11948,test
2017-02-27 09:00:00,2017-02-27 21:00:00,12,Beijing,LSTM,63.909092,102.13648,test
2017-02-27 10:00:00,2017-02-27 22:00:00,12,Beijing,LSTM,54.909092,102.182144,test
2017-02-27 11:00:00,2017-02-27 23:00:00,12,Beijing,LSTM,49.727272,102.2352,test
2017-02-27 12:00:00,2017-02-28 00:00:00,12,Beijing,LSTM,46.454544,102.25016,test
2017-02-27 13:00:00,2017-02-28 01:00:00,12,Beijing,LSTM,29.818182,102.24721,test
2017-02-27 14:00:00,2017-02-28 02:00:00,12,Beijing,LSTM,18.5,102.18019,test
2017-02-27 15:00:00,2017-02-28 03:00:00,12,Beijing,LSTM,18.818182,101.633896,test
2017-02-27 16:00:00,2017-02-28 04:00:00,12,Beijing,LSTM,17.272726,94.46446,test
2017-02-27 17:00:00,2017-02-28 05:00:00,12,Beijing,LSTM,13.363636,99.36749,test
2017-02-27 18:00:00,2017-02-28 06:00:00,12,Beijing,LSTM,16.0,101.104195,test
2017-02-27 19:00:00,2017-02-28 07:00:00,12,Beijing,LSTM,14.090909,101.686646,test
2017-02-27 20:00:00,2017-02-28 08:00:00,12,Beijing,LSTM,13.916667,101.89326,test
2017-02-27 21:00:00,2017-02-28 09:00:00,12,Beijing,LSTM,14.666667,99.36496,test
2017-02-27 22:00:00,2017-02-28 10:00:00,12,Beijing,LSTM,11.916667,83.80098,test
2017-02-27 23:00:00,2017-02-28 11:00:00,12,Beijing,LSTM,8.416667,90.61768,test
2017-02-28 00:00:00,2017-02-28 12:00:00,12,Beijing,LSTM,6.916667,93.922165,test
2017-02-28 01:00:00,2017-02-28 13:00:00,12,Beijing,LSTM,6.166667,86.46467,test
2017-02-28 02:00:00,2017-02-28 14:00:00,12,Beijing,LSTM,6.027778,83.77174,test
2017-02-28 03:00:00,2017-02-28 15:00:00,12,Beijing,LSTM,8.305556,89.1087,test
2017-02-28 04:00:00,2017-02-28 16:00:00,12,Beijing,LSTM,10.0,89.78685,test
2017-02-28 05:00:00,2017-02-28 17:00:00,12,Beijing,LSTM,11.916667,96.12525,test
2017-02-28 06:00:00,2017-02-28 18:00:00,12,Beijing,LSTM,12.0,98.63756,test
2017-02-28 07:00:00,2017-02-28 19:00:00,12,Beijing,LSTM,16.083332,101.27283,test
2017-02-28 08:00:00,2017-02-28 20:00:00,12,Beijing,LSTM,19.0,101.991486,test
2017-02-28 09:00:00,2017-02-28 21:00:00,12,Beijing,LSTM,15.666667,102.09248,test
2017-02-28 10:00:00,2017-02-28 22:00:00,12,Beijing,LSTM,13.666667,102.16377,test
2017-02-28 11:00:00,2017-02-28 23:00:00,12,Beijing,LSTM,15.0,101.870415,test
