forecast_origin_time,target_time,horizon_hours,city,model,y_true,y_pred,split
2016-05-12 08:00:00,2016-05-13 08:00:00,24,Beijing,Prophet,31.083333,0.0,test
2016-05-12 09:00:00,2016-05-13 09:00:00,24,Beijing,Prophet,37.25,0.0,test
2016-05-12 10:00:00,2016-05-13 10:00:00,24,Beijing,Prophet,38.583333,0.0,test
2016-05-12 11:00:00,2016-05-13 11:00:00,24,Beijing,Prophet,36.583333,0.0,test
2016-05-12 12:00:00,2016-05-13 12:00:00,24,Beijing,Prophet,31.333333,0.0,test
2016-05-12 13:00:00,2016-05-13 13:00:00,24,Beijing,Prophet,30.333333,0.0,test
2016-05-12 14:00:00,2016-05-13 14:00:00,24,Beijing,Prophet,39.25,0.0,test
2016-05-12 15:00:00,2016-05-13 15:00:00,24,Beijing,Prophet,40.083333,0.0,test
2016-05-12 16:00:00,2016-05-13 16:00:00,24,Beijing,Prophet,43.416667,0.0,test
2016-05-12 17:00:00,2016-05-13 17:00:00,24,Beijing,Prophet,42.416667,0.0,test
2016-05-12 18:00:00,2016-05-13 18:00:00,24,Beijing,Prophet,32.666667,0.0,test
2016-05-12 19:00:00,2016-05-13 19:00:00,24,Beijing,Prophet,29.25,0.0,test
2016-05-12 20:00:00,2016-05-13 20:00:00,24,Beijing,Prophet,27.833333,0.0,test
2016-05-12 21:00:00,2016-05-13 21:00:00,24,Beijing,Prophet,30.083333,0.0,test
2016-05-12 22:00:00,2016-05-13 22:00:00,24,Beijing,Prophet,34.25,0.0,test
2016-05-12 23:00:00,2016-05-13 23:00:00,24,Beijing,Prophet,35.916667,0.0,test
2016-05-13 00:00:00,2016-05-14 00:00:00,24,Beijing,Prophet,38.75,0.0,test
2016-05-13 01:00:00,2016-05-14 01:00:00,24,Beijing,Prophet,40.916667,0.0,test
2016-05-13 02:00:00,2016-05-14 02:00:00,24,Beijing,Prophet,45.5,0.0,test
2016-05-13 03:00:00,2016-05-14 03:00:00,24,Beijing,Prophet,39.833333,0.0,test
2016-05-13 04:00:00,2016-05-14 04:00:00,24,Beijing,Prophet,22.333333,0.0,test
2016-05-13 05:00:00,2016-05-14 05:00:00,24,Beijing,Prophet,21.583333,0.0,test
2016-05-13 06:00:00,2016-05-14 06:00:00,24,Beijing,Prophet,21.194444,0.0,test
2016-05-13 07:00:00,2016-05-14 07:00:00,24,Beijing,Prophet,25.347222,0.0,test
2016-05-13 08:00:00,2016-05-14 08:00:00,24,Beijing,Prophet,28.75,0.0,test
2016-05-13 09:00:00,2016-05-14 09:00:00,24,Beijing,Prophet,30.083333,0.0,test
2016-05-13 10:00:00,2016-05-14 10:00:00,24,Beijing,Prophet,34.083333,0.0,test
2016-05-13 11:00:00,2016-05-14 11:00:00,24,Beijing,Prophet,36.333333,0.0,test
2016-05-13 12:00:00,2016-05-14 12:00:00,24,Beijing,Prophet,36.333333,0.0,test
2016-05-13 13:00:00,2016-05-14 13:00:00,24,Beijing,Prophet,40.333333,0.0,test
2016-05-13 14:00:00,2016-05-14 14:00:00,24,Beijing,Prophet,39.916667,0.0,test
2016-05-13 15:00:00,2016-05-14 15:00:00,24,Beijing,Prophet,40.833333,0.0,test
2016-05-13 16:00:00,2016-05-14 16:00:00,24,Beijing,Prophet,40.333333,0.0,test
2016-05-13 17:00:00,2016-05-14 17:00:00,24,Beijing,Prophet,41.583333,0.0,test
2016-05-13 18:00:00,2016-05-14 18:00:00,24,Beijing,Prophet,44.5,0.0,test
2016-05-13 19:00:00,2016-05-14 19:00:00,24,Beijing,Prophet,47.416667,0.0,test
2016-05-13 20:00:00,2016-05-14 20:00:00,24,Beijing,Prophet,48.5,0.0,test
2016-05-13 21:00:00,2016-05-14 21:00:00,24,Beijing,Prophet,54.833333,0.0,test
2016-05-13 22:00:00,2016-05-14 22:00:00,24,Beijing,Prophet,59.0,0.0,test
2016-05-13 23:00:00,2016-05-14 23:00:00,24,Beijing,Prophet,64.25,0.0,test
2016-05-14 00:00:00,2016-05-15 00:00:00,24,Beijing,Prophet,65.583333,0.0,test
2016-05-14 01:00:00,2016-05-15 01:00:00,24,Beijing,Prophet,68.083333,0.0,test
2016-05-14 02:00:00,2016-05-15 02:00:00,24,Beijing,Prophet,67.666667,0.0,test
2016-05-14 03:00:00,2016-05-15 03:00:00,24,Beijing,Prophet,66.416667,0.0,test
2016-05-14 04:00:00,2016-05-15 04:00:00,24,Beijing,Prophet,63.333333,0.0,test
2016-05-14 05:00:00,2016-05-15 05:00:00,24,Beijing,Prophet,63.583333,0.0,test
2016-05-14 06:00:00,2016-05-15 06:00:00,24,Beijing,Prophet,58.25,0.0,test
2016-05-14 07:00:00,2016-05-15 07:00:00,24,Beijing,Prophet,51.583333,0.0,test
2016-05-14 08:00:00,2016-05-15 08:00:00,24,Beijing,Prophet,36.666667,0.0,test
2016-05-14 09:00:00,2016-05-15 09:00:00,24,Beijing,Prophet,21.583333,0.0,test
2016-05-14 10:00:00,2016-05-15 10:00:00,24,Beijing,Prophet,14.666667,0.0,test
2016-05-14 11:00:00,2016-05-15 11:00:00,24,Beijing,Prophet,13.791667,0.0,test
2016-05-14 12:00:00,2016-05-15 12:00:00,24,Beijing,Prophet,8.5,0.0,test
2016-05-14 13:00:00,2016-05-15 13:00:00,24,Beijing,Prophet,9.166667,0.0,test
2016-05-14 14:00:00,2016-05-15 14:00:00,24,Beijing,Prophet,12.333333,0.0,test
2016-05-14 15:00:00,2016-05-15 15:00:00,24,Beijing,Prophet,8.75,0.0,test
2016-05-14 16:00:00,2016-05-15 16:00:00,24,Beijing,Prophet,8.333333,0.0,test
2016-05-14 17:00:00,2016-05-15 17:00:00,24,Beijing,Prophet,7.833333,0.0,test
2016-05-14 18:00:00,2016-05-15 18:00:00,24,Beijing,Prophet,8.0,0.0,test
2016-05-14 19:00:00,2016-05-15 19:00:00,24,Beijing,Prophet,14.416667,0.0,test
2016-05-14 20:00:00,2016-05-15 20:00:00,24,Beijing,Prophet,15.833333,0.0,test
2016-05-14 21:00:00,2016-05-15 21:00:00,24,Beijing,Prophet,36.0,0.0,test
2016-05-14 22:00:00,2016-05-15 22:00:00,24,Beijing,Prophet,30.833333,0.0,test
2016-05-14 23:00:00,2016-05-15 23:00:00,24,Beijing,Prophet,42.416667,0.0,test
2016-05-15 00:00:00,2016-05-16 00:00:00,24,Beijing,Prophet,43.5,0.0,test
2016-05-15 01:00:00,2016-05-16 01:00:00,24,Beijing,Prophet,24.833333,0.0,test
2016-05-15 02:00:00,2016-05-16 02:00:00,24,Beijing,Prophet,17.583333,0.0,test
2016-05-15 03:00:00,2016-05-16 03:00:00,24,Beijing,Prophet,14.333333,0.0,test
2016-05-15 04:00:00,2016-05-16 04:00:00,24,Beijing,Prophet,21.25,0.0,test
2016-05-15 05:00:00,2016-05-16 05:00:00,24,Beijing,Prophet,20.083333,0.0,test
2016-05-15 06:00:00,2016-05-16 06:00:00,24,Beijing,Prophet,24.666667,0.0,test
2016-05-15 07:00:00,2016-05-16 07:00:00,24,Beijing,Prophet,30.416667,0.0,test
2016-05-15 08:00:00,2016-05-16 08:00:00,24,Beijing,Prophet,37.25,0.0,test
2016-05-15 09:00:00,2016-05-16 09:00:00,24,Beijing,Prophet,28.666667,0.0,test
2016-05-15 10:00:00,2016-05-16 10:00:00,24,Beijing,Prophet,31.75,0.0,test
2016-05-15 11:00:00,2016-05-16 11:00:00,24,Beijing,Prophet,23.5,0.0,test
2016-05-15 12:00:00,2016-05-16 12:00:00,24,Beijing,Prophet,21.583333,0.0,test
2016-05-15 13:00:00,2016-05-16 13:00:00,24,Beijing,Prophet,22.25,0.0,test
2016-05-15 14:00:00,2016-05-16 14:00:00,24,Beijing,Prophet,19.666667,0.0,test
2016-05-15 15:00:00,2016-05-16 15:00:00,24,Beijing,Prophet,12.0,0.0,test
2016-05-15 16:00:00,2016-05-16 16:00:00,24,Beijing,Prophet,10.805556,0.0,test
2016-05-15 17:00:00,2016-05-16 17:00:00,24,Beijing,Prophet,10.527778,0.0,test
2016-05-15 18:00:00,2016-05-16 18:00:00,24,Beijing,Prophet,12.833333,0.0,test
2016-05-15 19:00:00,2016-05-16 19:00:00,24,Beijing,Prophet,17.666667,0.0,test
2016-05-15 20:00:00,2016-05-16 20:00:00,24,Beijing,Prophet,18.916667,0.0,test
2016-05-15 21:00:00,2016-05-16 21:00:00,24,Beijing,Prophet,23.916667,0.0,test
2016-05-15 22:00:00,2016-05-16 22:00:00,24,Beijing,Prophet,27.25,0.0,test
2016-05-15 23:00:00,2016-05-16 23:00:00,24,Beijing,Prophet,32.916667,0.0,test
2016-05-16 00:00:00,2016-05-17 00:00:00,24,Beijing,Prophet,34.083333,0.0,test
2016-05-16 01:00:00,2016-05-17 01:00:00,24,Beijing,Prophet,36.166667,0.0,test
2016-05-16 02:00:00,2016-05-17 02:00:00,24,Beijing,Prophet,37.416667,0.0,test
2016-05-16 03:00:00,2016-05-17 03:00:00,24,Beijing,Prophet,36.166667,0.0,test
2016-05-16 04:00:00,2016-05-17 04:00:00,24,Beijing,Prophet,32.416667,0.0,test
2016-05-16 05:00:00,2016-05-17 05:00:00,24,Beijing,Prophet,34.75,0.0,test
2016-05-16 06:00:00,2016-05-17 06:00:00,24,Beijing,Prophet,35.166667,0.0,test
2016-05-16 07:00:00,2016-05-17 07:00:00,24,Beijing,Prophet,40.25,0.0,test
2016-05-16 08:00:00,2016-05-17 08:00:00,24,Beijing,Prophet,51.833333,0.0,test
2016-05-16 09:00:00,2016-05-17 09:00:00,24,Beijing,Prophet,57.5,0.0,test
2016-05-16 10:00:00,2016-05-17 10:00:00,24,Beijing,Prophet,63.75,0.0,test
2016-05-16 11:00:00,2016-05-17 11:00:00,24,Beijing,Prophet,70.583333,0.0,test
2016-05-16 12:00:00,2016-05-17 12:00:00,24,Beijing,Prophet,82.75,0.0,test
2016-05-16 13:00:00,2016-05-17 13:00:00,24,Beijing,Prophet,89.916667,0.0,test
2016-05-16 14:00:00,2016-05-17 14:00:00,24,Beijing,Prophet,86.833333,0.0,test
2016-05-16 15:00:00,2016-05-17 15:00:00,24,Beijing,Prophet,82.083333,0.0,test
2016-05-16 16:00:00,2016-05-17 16:00:00,24,Beijing,Prophet,66.583333,0.0,test
2016-05-16 17:00:00,2016-05-17 17:00:00,24,Beijing,Prophet,58.083333,0.0,test
2016-05-16 18:00:00,2016-05-17 18:00:00,24,Beijing,Prophet,58.0,0.0,test
2016-05-16 19:00:00,2016-05-17 19:00:00,24,Beijing,Prophet,68.083333,0.0,test
2016-05-16 20:00:00,2016-05-17 20:00:00,24,Beijing,Prophet,64.75,0.0,test
2016-05-16 21:00:00,2016-05-17 21:00:00,24,Beijing,Prophet,60.833333,0.0,test
2016-05-16 22:00:00,2016-05-17 22:00:00,24,Beijing,Prophet,53.583333,0.0,test
2016-05-16 23:00:00,2016-05-17 23:00:00,24,Beijing,Prophet,48.916667,0.0,test
2016-05-17 00:00:00,2016-05-18 00:00:00,24,Beijing,Prophet,45.75,0.0,test
2016-05-17 01:00:00,2016-05-18 01:00:00,24,Beijing,Prophet,45.833333,0.0,test
2016-05-17 02:00:00,2016-05-18 02:00:00,24,Beijing,Prophet,49.083333,0.0,test
2016-05-17 03:00:00,2016-05-18 03:00:00,24,Beijing,Prophet,50.333333,0.0,test
2016-05-17 04:00:00,2016-05-18 04:00:00,24,Beijing,Prophet,50.75,0.0,test
2016-05-17 05:00:00,2016-05-18 05:00:00,24,Beijing,Prophet,55.0,0.0,test
2016-05-17 06:00:00,2016-05-18 06:00:00,24,Beijing,Prophet,56.333333,0.0,test
2016-05-17 07:00:00,2016-05-18 07:00:00,24,Beijing,Prophet,62.666667,0.0,test
2016-05-17 08:00:00,2016-05-18 08:00:00,24,Beijing,Prophet,71.833333,0.0,test
2016-05-17 09:00:00,2016-05-18 09:00:00,24,Beijing,Prophet,75.083333,0.0,test
2016-05-17 10:00:00,2016-05-18 10:00:00,24,Beijing,Prophet,78.75,0.0,test
2016-05-17 11:00:00,2016-05-18 11:00:00,24,Beijing,Prophet,82.083333,0.0,test
2016-05-17 12:00:00,2016-05-18 12:00:00,24,Beijing,Prophet,73.0,0.0,test
2016-05-17 13:00:00,2016-05-18 13:00:00,24,Beijing,Prophet,58.416667,0.0,test
2016-05-17 14:00:00,2016-05-18 14:00:00,24,Beijing,Prophet,51.083333,0.0,test
2016-05-17 15:00:00,2016-05-18 15:00:00,24,Beijing,Prophet,49.583333,0.0,test
2016-05-17 16:00:00,2016-05-18 16:00:00,24,Beijing,Prophet,49.083333,0.0,test
2016-05-17 17:00:00,2016-05-18 17:00:00,24,Beijing,Prophet,47.75,0.0,test
2016-05-17 18:00:00,2016-05-18 18:00:00,24,Beijing,Prophet,51.0,0.0,test
2016-05-17 19:00:00,2016-05-18 19:00:00,24,Beijing,Prophet,54.416667,0.0,test
2016-05-17 20:00:00,2016-05-18 20:00:00,24,Beijing,Prophet,56.416667,0.0,test
2016-05-17 21:00:00,2016-05-18 21:00:00,24,Beijing,Prophet,61.666667,0.0,test
2016-05-17 22:00:00,2016-05-18 22:00:00,24,Beijing,Prophet,66.75,0.0,test
2016-05-17 23:00:00,2016-05-18 23:00:00,24,Beijing,Prophet,72.583333,0.0,test
2016-05-18 00:00:00,2016-05-19 00:00:00,24,Beijing,Prophet,78.083333,0.0,test
2016-05-18 01:00:00,2016-05-19 01:00:00,24,Beijing,Prophet,78.5,0.0,test
2016-05-18 02:00:00,2016-05-19 02:00:00,24,Beijing,Prophet,82.5,0.0,test
2016-05-18 03:00:00,2016-05-19 03:00:00,24,Beijing,Prophet,82.666667,0.0,test
2016-05-18 04:00:00,2016-05-19 04:00:00,24,Beijing,Prophet,87.083333,0.0,test
2016-05-18 05:00:00,2016-05-19 05:00:00,24,Beijing,Prophet,90.583333,0.0,test
2016-05-18 06:00:00,2016-05-19 06:00:00,24,Beijing,Prophet,97.916667,0.0,test
2016-05-18 07:00:00,2016-05-19 07:00:00,24,Beijing,Prophet,104.833333,0.0,test
2016-05-18 08:00:00,2016-05-19 08:00:00,24,Beijing,Prophet,115.416667,0.0,test
2016-05-18 09:00:00,2016-05-19 09:00:00,24,Beijing,Prophet,116.5,0.0,test
2016-05-18 10:00:00,2016-05-19 10:00:00,24,Beijing,Prophet,113.833333,0.0,test
2016-05-18 11:00:00,2016-05-19 11:00:00,24,Beijing,Prophet,108.416667,0.0,test
2016-05-18 12:00:00,2016-05-19 12:00:00,24,Beijing,Prophet,94.0,0.0,test
2016-05-18 13:00:00,2016-05-19 13:00:00,24,Beijing,Prophet,84.111111,0.0,test
2016-05-18 14:00:00,2016-05-19 14:00:00,24,Beijing,Prophet,76.638889,0.0,test
2016-05-18 15:00:00,2016-05-19 15:00:00,24,Beijing,Prophet,68.833333,0.0,test
2016-05-18 16:00:00,2016-05-19 16:00:00,24,Beijing,Prophet,64.666667,0.0,test
2016-05-18 17:00:00,2016-05-19 17:00:00,24,Beijing,Prophet,60.416667,0.0,test
2016-05-18 18:00:00,2016-05-19 18:00:00,24,Beijing,Prophet,59.166667,0.0,test
2016-05-18 19:00:00,2016-05-19 19:00:00,24,Beijing,Prophet,61.083333,0.0,test
2016-05-18 20:00:00,2016-05-19 20:00:00,24,Beijing,Prophet,67.75,0.0,test
2016-05-18 21:00:00,2016-05-19 21:00:00,24,Beijing,Prophet,71.583333,0.0,test
2016-05-18 22:00:00,2016-05-19 22:00:00,24,Beijing,Prophet,82.166667,0.0,test
2016-05-18 23:00:00,2016-05-19 23:00:00,24,Beijing,Prophet,86.083333,0.0,test
2016-05-19 00:00:00,2016-05-20 00:00:00,24,Beijing,Prophet,82.333333,0.0,test
2016-05-19 01:00:00,2016-05-20 01:00:00,24,Beijing,Prophet,79.583333,0.0,test
2016-05-19 02:00:00,2016-05-20 02:00:00,24,Beijing,Prophet,83.666667,0.0,test
2016-05-19 03:00:00,2016-05-20 03:00:00,24,Beijing,Prophet,99.75,0.0,test
2016-05-19 04:00:00,2016-05-20 04:00:00,24,Beijing,Prophet,103.416667,0.0,test
2016-05-19 05:00:00,2016-05-20 05:00:00,24,Beijing,Prophet,99.916667,0.0,test
2016-05-19 06:00:00,2016-05-20 06:00:00,24,Beijing,Prophet,105.5,0.0,test
2016-05-19 07:00:00,2016-05-20 07:00:00,24,Beijing,Prophet,107.083333,0.0,test
2016-05-19 08:00:00,2016-05-20 08:00:00,24,Beijing,Prophet,114.416667,0.0,test
2016-05-19 09:00:00,2016-05-20 09:00:00,24,Beijing,Prophet,113.75,0.0,test
2016-05-19 10:00:00,2016-05-20 10:00:00,24,Beijing,Prophet,111.75,0.0,test
2016-05-19 11:00:00,2016-05-20 11:00:00,24,Beijing,Prophet,109.083333,0.0,test
2016-05-19 12:00:00,2016-05-20 12:00:00,24,Beijing,Prophet,105.166667,0.0,test
2016-05-19 13:00:00,2016-05-20 13:00:00,24,Beijing,Prophet,98.416667,0.0,test
2016-05-19 14:00:00,2016-05-20 14:00:00,24,Beijing,Prophet,90.583333,0.0,test
2016-05-19 15:00:00,2016-05-20 15:00:00,24,Beijing,Prophet,89.916667,0.0,test
2016-05-19 16:00:00,2016-05-20 16:00:00,24,Beijing,Prophet,81.416667,0.0,test
2016-05-19 17:00:00,2016-05-20 17:00:00,24,Beijing,Prophet,72.5,0.0,test
2016-05-19 18:00:00,2016-05-20 18:00:00,24,Beijing,Prophet,60.083333,0.0,test
2016-05-19 19:00:00,2016-05-20 19:00:00,24,Beijing,Prophet,50.0,0.0,test
2016-05-19 20:00:00,2016-05-20 20:00:00,24,Beijing,Prophet,48.0625,0.0,test
2016-05-19 21:00:00,2016-05-20 21:00:00,24,Beijing,Prophet,57.875,0.0,test
2016-05-19 22:00:00,2016-05-20 22:00:00,24,Beijing,Prophet,69.1875,0.0,test
2016-05-19 23:00:00,2016-05-20 23:00:00,24,Beijing,Prophet,74.25,0.0,test
2016-05-20 00:00:00,2016-05-21 00:00:00,24,Beijing,Prophet,74.333333,0.0,test
2016-05-20 01:00:00,2016-05-21 01:00:00,24,Beijing,Prophet,73.5,0.0,test
2016-05-20 02:00:00,2016-05-21 02:00:00,24,Beijing,Prophet,77.166667,0.0,test
2016-05-20 03:00:00,2016-05-21 03:00:00,24,Beijing,Prophet,76.0,0.0,test
2016-05-20 04:00:00,2016-05-21 04:00:00,24,Beijing,Prophet,77.5,0.0,test
2016-05-20 05:00:00,2016-05-21 05:00:00,24,Beijing,Prophet,81.916667,0.0,test
2016-05-20 06:00:00,2016-05-21 06:00:00,24,Beijing,Prophet,88.333333,0.0,test
2016-05-20 07:00:00,2016-05-21 07:00:00,24,Beijing,Prophet,91.0,0.0,test
2016-05-20 08:00:00,2016-05-21 08:00:00,24,Beijing,Prophet,90.0,0.0,test
2016-05-20 09:00:00,2016-05-21 09:00:00,24,Beijing,Prophet,83.416667,0.0,test
2016-05-20 10:00:00,2016-05-21 10:00:00,24,Beijing,Prophet,82.083333,0.0,test
2016-05-20 11:00:00,2016-05-21 11:00:00,24,Beijing,Prophet,79.5,0.0,test
2016-05-20 12:00:00,2016-05-21 12:00:00,24,Beijing,Prophet,79.25,0.0,test
2016-05-20 13:00:00,2016-05-21 13:00:00,24,Beijing,Prophet,80.166667,0.0,test
2016-05-20 14:00:00,2016-05-21 14:00:00,24,Beijing,Prophet,79.666667,0.0,test
2016-05-20 15:00:00,2016-05-21 15:00:00,24,Beijing,Prophet,69.0,0.0,test
2016-05-20 16:00:00,2016-05-21 16:00:00,24,Beijing,Prophet,64.416667,0.0,test
2016-05-20 17:00:00,2016-05-21 17:00:00,24,Beijing,Prophet,50.333333,0.0,test
2016-05-20 18:00:00,2016-05-21 18:00:00,24,Beijing,Prophet,38.5,0.0,test
2016-05-20 19:00:00,2016-05-21 19:00:00,24,Beijing,Prophet,33.083333,0.0,test
2016-05-20 20:00:00,2016-05-21 20:00:00,24,Beijing,Prophet,37.083333,0.0,test
2016-05-20 21:00:00,2016-05-21 21:00:00,24,Beijing,Prophet,46.75,0.0,test
2016-05-20 22:00:00,2016-05-21 22:00:00,24,Beijing,Prophet,47.75,0.0,test
2016-05-20 23:00:00,2016-05-21 23:00:00,24,Beijing,Prophet,44.083333,0.0,test
2016-05-21 00:00:00,2016-05-22 00:00:00,24,Beijing,Prophet,45.0,0.0,test
2016-05-21 01:00:00,2016-05-22 01:00:00,24,Beijing,Prophet,49.25,0.0,test
2016-05-21 02:00:00,2016-05-22 02:00:00,24,Beijing,Prophet,49.5,0.0,test
2016-05-21 03:00:00,2016-05-22 03:00:00,24,Beijing,Prophet,50.416667,0.0,test
2016-05-21 04:00:00,2016-05-22 04:00:00,24,Beijing,Prophet,53.208333,0.0,test
2016-05-21 05:00:00,2016-05-22 05:00:00,24,Beijing,Prophet,55.666667,0.0,test
2016-05-21 06:00:00,2016-05-22 06:00:00,24,Beijing,Prophet,51.166667,0.0,test
2016-05-21 07:00:00,2016-05-22 07:00:00,24,Beijing,Prophet,46.583333,0.0,test
2016-05-21 08:00:00,2016-05-22 08:00:00,24,Beijing,Prophet,46.083333,0.0,test
2016-05-21 09:00:00,2016-05-22 09:00:00,24,Beijing,Prophet,48.5,0.0,test
2016-05-21 10:00:00,2016-05-22 10:00:00,24,Beijing,Prophet,42.916667,0.0,test
2016-05-21 11:00:00,2016-05-22 11:00:00,24,Beijing,Prophet,42.416667,0.0,test
2016-05-21 12:00:00,2016-05-22 12:00:00,24,Beijing,Prophet,41.583333,0.0,test
2016-05-21 13:00:00,2016-05-22 13:00:00,24,Beijing,Prophet,44.25,0.0,test
2016-05-21 14:00:00,2016-05-22 14:00:00,24,Beijing,Prophet,42.666667,0.0,test
2016-05-21 15:00:00,2016-05-22 15:00:00,24,Beijing,Prophet,43.333333,0.0,test
2016-05-21 16:00:00,2016-05-22 16:00:00,24,Beijing,Prophet,44.583333,0.0,test
2016-05-21 17:00:00,2016-05-22 17:00:00,24,Beijing,Prophet,44.75,0.0,test
2016-05-21 18:00:00,2016-05-22 18:00:00,24,Beijing,Prophet,44.75,0.0,test
2016-05-21 19:00:00,2016-05-22 19:00:00,24,Beijing,Prophet,41.166667,0.0,test
2016-05-21 20:00:00,2016-05-22 20:00:00,24,Beijing,Prophet,40.083333,0.0,test
2016-05-21 21:00:00,2016-05-22 21:00:00,24,Beijing,Prophet,47.583333,0.0,test
2016-05-21 22:00:00,2016-05-22 22:00:00,24,Beijing,Prophet,52.833333,0.0,test
2016-05-21 23:00:00,2016-05-22 23:00:00,24,Beijing,Prophet,60.166667,0.0,test
2016-05-22 00:00:00,2016-05-23 00:00:00,24,Beijing,Prophet,62.333333,0.0,test
2016-05-22 01:00:00,2016-05-23 01:00:00,24,Beijing,Prophet,57.25,0.0,test
2016-05-22 02:00:00,2016-05-23 02:00:00,24,Beijing,Prophet,55.583333,0.0,test
2016-05-22 03:00:00,2016-05-23 03:00:00,24,Beijing,Prophet,60.583333,0.0,test
2016-05-22 04:00:00,2016-05-23 04:00:00,24,Beijing,Prophet,67.833333,0.0,test
2016-05-22 05:00:00,2016-05-23 05:00:00,24,Beijing,Prophet,71.833333,0.0,test
2016-05-22 06:00:00,2016-05-23 06:00:00,24,Beijing,Prophet,75.333333,0.0,test
2016-05-22 07:00:00,2016-05-23 07:00:00,24,Beijing,Prophet,80.666667,0.0,test
2016-05-22 08:00:00,2016-05-23 08:00:00,24,Beijing,Prophet,84.166667,0.0,test
2016-05-22 09:00:00,2016-05-23 09:00:00,24,Beijing,Prophet,88.458333,0.0,test
2016-05-22 10:00:00,2016-05-23 10:00:00,24,Beijing,Prophet,86.166667,0.0,test
2016-05-22 11:00:00,2016-05-23 11:00:00,24,Beijing,Prophet,86.25,0.0,test
2016-05-22 12:00:00,2016-05-23 12:00:00,24,Beijing,Prophet,88.75,0.0,test
2016-05-22 13:00:00,2016-05-23 13:00:00,24,Beijing,Prophet,97.833333,0.0,test
2016-05-22 14:00:00,2016-05-23 14:00:00,24,Beijing,Prophet,90.0,0.0,test
2016-05-22 15:00:00,2016-05-23 15:00:00,24,Beijing,Prophet,79.333333,0.0,test
2016-05-22 16:00:00,2016-05-23 16:00:00,24,Beijing,Prophet,68.0,0.0,test
2016-05-22 17:00:00,2016-05-23 17:00:00,24,Beijing,Prophet,61.666667,0.0,test
2016-05-22 18:00:00,2016-05-23 18:00:00,24,Beijing,Prophet,56.75,0.0,test
2016-05-22 19:00:00,2016-05-23 19:00:00,24,Beijing,Prophet,41.25,0.0,test
2016-05-22 20:00:00,2016-05-23 20:00:00,24,Beijing,Prophet,14.833333,0.0,test
2016-05-22 21:00:00,2016-05-23 21:00:00,24,Beijing,Prophet,7.25,0.0,test
2016-05-22 22:00:00,2016-05-23 22:00:00,24,Beijing,Prophet,6.666667,0.0,test
2016-05-22 23:00:00,2016-05-23 23:00:00,24,Beijing,Prophet,6.416667,0.0,test
2016-05-23 00:00:00,2016-05-24 00:00:00,24,Beijing,Prophet,6.75,0.0,test
2016-05-23 01:00:00,2016-05-24 01:00:00,24,Beijing,Prophet,9.583333,0.0,test
2016-05-23 02:00:00,2016-05-24 02:00:00,24,Beijing,Prophet,11.0,0.0,test
2016-05-23 03:00:00,2016-05-24 03:00:00,24,Beijing,Prophet,8.25,0.0,test
2016-05-23 04:00:00,2016-05-24 04:00:00,24,Beijing,Prophet,14.416667,0.0,test
2016-05-23 05:00:00,2016-05-24 05:00:00,24,Beijing,Prophet,22.0,0.0,test
2016-05-23 06:00:00,2016-05-24 06:00:00,24,Beijing,Prophet,31.833333,0.0,test
2016-05-23 07:00:00,2016-05-24 07:00:00,24,Beijing,Prophet,38.25,0.0,test
2016-05-23 08:00:00,2016-05-24 08:00:00,24,Beijing,Prophet,36.5,0.0,test
2016-05-23 09:00:00,2016-05-24 09:00:00,24,Beijing,Prophet,29.875,0.0,test
2016-05-23 10:00:00,2016-05-24 10:00:00,24,Beijing,Prophet,20.5,0.0,test
2016-05-23 11:00:00,2016-05-24 11:00:00,24,Beijing,Prophet,17.770833,0.0,test
2016-05-23 12:00:00,2016-05-24 12:00:00,24,Beijing,Prophet,16.375,0.0,test
2016-05-23 13:00:00,2016-05-24 13:00:00,24,Beijing,Prophet,16.479167,0.0,test
2016-05-23 14:00:00,2016-05-24 14:00:00,24,Beijing,Prophet,13.416667,0.0,test
2016-05-23 15:00:00,2016-05-24 15:00:00,24,Beijing,Prophet,12.333333,0.0,test
2016-05-23 16:00:00,2016-05-24 16:00:00,24,Beijing,Prophet,11.583333,0.0,test
2016-05-23 17:00:00,2016-05-24 17:00:00,24,Beijing,Prophet,13.833333,0.0,test
2016-05-23 18:00:00,2016-05-24 18:00:00,24,Beijing,Prophet,19.0,0.0,test
2016-05-23 19:00:00,2016-05-24 19:00:00,24,Beijing,Prophet,24.0,0.0,test
2016-05-23 20:00:00,2016-05-24 20:00:00,24,Beijing,Prophet,22.666667,0.0,test
2016-05-23 21:00:00,2016-05-24 21:00:00,24,Beijing,Prophet,22.375,0.0,test
2016-05-23 22:00:00,2016-05-24 22:00:00,24,Beijing,Prophet,13.916667,0.0,test
2016-05-23 23:00:00,2016-05-24 23:00:00,24,Beijing,Prophet,7.583333,0.0,test
2016-05-24 00:00:00,2016-05-25 00:00:00,24,Beijing,Prophet,5.833333,0.0,test
2016-05-24 01:00:00,2016-05-25 01:00:00,24,Beijing,Prophet,8.416667,0.0,test
2016-05-24 02:00:00,2016-05-25 02:00:00,24,Beijing,Prophet,5.5,0.0,test
2016-05-24 03:00:00,2016-05-25 03:00:00,24,Beijing,Prophet,7.083333,0.0,test
2016-05-24 04:00:00,2016-05-25 04:00:00,24,Beijing,Prophet,8.916667,0.0,test
2016-05-24 05:00:00,2016-05-25 05:00:00,24,Beijing,Prophet,10.75,0.0,test
2016-05-24 06:00:00,2016-05-25 06:00:00,24,Beijing,Prophet,8.333333,0.0,test
2016-05-24 07:00:00,2016-05-25 07:00:00,24,Beijing,Prophet,8.083333,0.0,test
2016-05-24 08:00:00,2016-05-25 08:00:00,24,Beijing,Prophet,11.375,0.0,test
2016-05-24 09:00:00,2016-05-25 09:00:00,24,Beijing,Prophet,9.25,0.0,test
2016-05-24 10:00:00,2016-05-25 10:00:00,24,Beijing,Prophet,10.166667,0.0,test
2016-05-24 11:00:00,2016-05-25 11:00:00,24,Beijing,Prophet,12.583333,0.0,test
2016-05-24 12:00:00,2016-05-25 12:00:00,24,Beijing,Prophet,10.5,0.0,test
2016-05-24 13:00:00,2016-05-25 13:00:00,24,Beijing,Prophet,10.333333,0.0,test
2016-05-24 14:00:00,2016-05-25 14:00:00,24,Beijing,Prophet,11.583333,0.0,test
2016-05-24 15:00:00,2016-05-25 15:00:00,24,Beijing,Prophet,13.416667,0.0,test
2016-05-24 16:00:00,2016-05-25 16:00:00,24,Beijing,Prophet,12.0,0.0,test
2016-05-24 17:00:00,2016-05-25 17:00:00,24,Beijing,Prophet,14.25,0.0,test
2016-05-24 18:00:00,2016-05-25 18:00:00,24,Beijing,Prophet,15.75,0.0,test
2016-05-24 19:00:00,2016-05-25 19:00:00,24,Beijing,Prophet,14.833333,0.0,test
2016-05-24 20:00:00,2016-05-25 20:00:00,24,Beijing,Prophet,16.25,0.0,test
2016-05-24 21:00:00,2016-05-25 21:00:00,24,Beijing,Prophet,16.666667,0.0,test
2016-05-24 22:00:00,2016-05-25 22:00:00,24,Beijing,Prophet,18.75,0.0,test
2016-05-24 23:00:00,2016-05-25 23:00:00,24,Beijing,Prophet,22.5,0.0,test
2016-05-25 00:00:00,2016-05-26 00:00:00,24,Beijing,Prophet,20.833333,0.0,test
2016-05-25 01:00:00,2016-05-26 01:00:00,24,Beijing,Prophet,23.5,0.0,test
2016-05-25 02:00:00,2016-05-26 02:00:00,24,Beijing,Prophet,23.25,0.0,test
2016-05-25 03:00:00,2016-05-26 03:00:00,24,Beijing,Prophet,28.333333,0.0,test
2016-05-25 04:00:00,2016-05-26 04:00:00,24,Beijing,Prophet,40.625,0.0,test
2016-05-25 05:00:00,2016-05-26 05:00:00,24,Beijing,Prophet,41.5,0.0,test
2016-05-25 06:00:00,2016-05-26 06:00:00,24,Beijing,Prophet,37.916667,0.0,test
2016-05-25 07:00:00,2016-05-26 07:00:00,24,Beijing,Prophet,32.75,0.0,test
2016-05-25 08:00:00,2016-05-26 08:00:00,24,Beijing,Prophet,27.25,0.0,test
2016-05-25 09:00:00,2016-05-26 09:00:00,24,Beijing,Prophet,19.166667,0.0,test
2016-05-25 10:00:00,2016-05-26 10:00:00,24,Beijing,Prophet,15.166667,0.0,test
2016-05-25 11:00:00,2016-05-26 11:00:00,24,Beijing,Prophet,12.916667,0.0,test
2016-05-25 12:00:00,2016-05-26 12:00:00,24,Beijing,Prophet,13.333333,0.0,test
2016-05-25 13:00:00,2016-05-26 13:00:00,24,Beijing,Prophet,12.166667,0.0,test
2016-05-25 14:00:00,2016-05-26 14:00:00,24,Beijing,Prophet,11.666667,0.0,test
2016-05-25 15:00:00,2016-05-26 15:00:00,24,Beijing,Prophet,11.083333,0.0,test
2016-05-25 16:00:00,2016-05-26 16:00:00,24,Beijing,Prophet,13.166667,0.0,test
2016-05-25 17:00:00,2016-05-26 17:00:00,24,Beijing,Prophet,12.583333,0.0,test
2016-05-25 18:00:00,2016-05-26 18:00:00,24,Beijing,Prophet,14.416667,0.0,test
2016-05-25 19:00:00,2016-05-26 19:00:00,24,Beijing,Prophet,16.166667,0.0,test
2016-05-25 20:00:00,2016-05-26 20:00:00,24,Beijing,Prophet,21.833333,0.0,test
2016-05-25 21:00:00,2016-05-26 21:00:00,24,Beijing,Prophet,23.25,0.0,test
2016-05-25 22:00:00,2016-05-26 22:00:00,24,Beijing,Prophet,24.083333,0.0,test
2016-05-25 23:00:00,2016-05-26 23:00:00,24,Beijing,Prophet,26.0,0.0,test
2016-05-26 00:00:00,2016-05-27 00:00:00,24,Beijing,Prophet,25.333333,0.0,test
2016-05-26 01:00:00,2016-05-27 01:00:00,24,Beijing,Prophet,25.666667,0.0,test
2016-05-26 02:00:00,2016-05-27 02:00:00,24,Beijing,Prophet,25.5,0.0,test
2016-05-26 03:00:00,2016-05-27 03:00:00,24,Beijing,Prophet,26.083333,0.0,test
2016-05-26 04:00:00,2016-05-27 04:00:00,24,Beijing,Prophet,30.0,0.0,test
2016-05-26 05:00:00,2016-05-27 05:00:00,24,Beijing,Prophet,30.75,0.0,test
2016-05-26 06:00:00,2016-05-27 06:00:00,24,Beijing,Prophet,35.0,0.0,test
2016-05-26 07:00:00,2016-05-27 07:00:00,24,Beijing,Prophet,33.416667,0.0,test
2016-05-26 08:00:00,2016-05-27 08:00:00,24,Beijing,Prophet,41.75,0.0,test
2016-05-26 09:00:00,2016-05-27 09:00:00,24,Beijing,Prophet,52.5,0.0,test
2016-05-26 10:00:00,2016-05-27 10:00:00,24,Beijing,Prophet,61.333333,0.0,test
2016-05-26 11:00:00,2016-05-27 11:00:00,24,Beijing,Prophet,55.833333,0.0,test
2016-05-26 12:00:00,2016-05-27 12:00:00,24,Beijing,Prophet,52.763889,0.0,test
2016-05-26 13:00:00,2016-05-27 13:00:00,24,Beijing,Prophet,52.694444,0.0,test
2016-05-26 14:00:00,2016-05-27 14:00:00,24,Beijing,Prophet,49.75,0.0,test
2016-05-26 15:00:00,2016-05-27 15:00:00,24,Beijing,Prophet,61.472222,0.0,test
2016-05-26 16:00:00,2016-05-27 16:00:00,24,Beijing,Prophet,64.652778,0.0,test
2016-05-26 17:00:00,2016-05-27 17:00:00,24,Beijing,Prophet,59.833333,0.0,test
2016-05-26 18:00:00,2016-05-27 18:00:00,24,Beijing,Prophet,53.083333,0.0,test
2016-05-26 19:00:00,2016-05-27 19:00:00,24,Beijing,Prophet,71.0,0.0,test
2016-05-26 20:00:00,2016-05-27 20:00:00,24,Beijing,Prophet,74.416667,0.0,test
2016-05-26 21:00:00,2016-05-27 21:00:00,24,Beijing,Prophet,57.166667,0.0,test
2016-05-26 22:00:00,2016-05-27 22:00:00,24,Beijing,Prophet,44.75,0.0,test
2016-05-26 23:00:00,2016-05-27 23:00:00,24,Beijing,Prophet,41.0,0.0,test
2016-05-27 00:00:00,2016-05-28 00:00:00,24,Beijing,Prophet,36.833333,0.0,test
2016-05-27 01:00:00,2016-05-28 01:00:00,24,Beijing,Prophet,37.083333,0.0,test
2016-05-27 02:00:00,2016-05-28 02:00:00,24,Beijing,Prophet,36.083333,0.0,test
2016-05-27 03:00:00,2016-05-28 03:00:00,24,Beijing,Prophet,41.666667,0.0,test
2016-05-27 04:00:00,2016-05-28 04:00:00,24,Beijing,Prophet,44.916667,0.0,test
2016-05-27 05:00:00,2016-05-28 05:00:00,24,Beijing,Prophet,52.666667,0.0,test
2016-05-27 06:00:00,2016-05-28 06:00:00,24,Beijing,Prophet,53.083333,0.0,test
2016-05-27 07:00:00,2016-05-28 07:00:00,24,Beijing,Prophet,63.583333,0.0,test
2016-05-27 08:00:00,2016-05-28 08:00:00,24,Beijing,Prophet,65.083333,0.0,test
2016-05-27 09:00:00,2016-05-28 09:00:00,24,Beijing,Prophet,65.166667,0.0,test
2016-05-27 10:00:00,2016-05-28 10:00:00,24,Beijing,Prophet,62.0,0.0,test
2016-05-27 11:00:00,2016-05-28 11:00:00,24,Beijing,Prophet,52.708333,0.0,test
2016-05-27 12:00:00,2016-05-28 12:00:00,24,Beijing,Prophet,47.333333,0.0,test
2016-05-27 13:00:00,2016-05-28 13:00:00,24,Beijing,Prophet,47.166667,0.0,test
2016-05-27 14:00:00,2016-05-28 14:00:00,24,Beijing,Prophet,42.666667,0.0,test
2016-05-27 15:00:00,2016-05-28 15:00:00,24,Beijing,Prophet,42.166667,0.0,test
2016-05-27 16:00:00,2016-05-28 16:00:00,24,Beijing,Prophet,40.25,0.0,test
2016-05-27 17:00:00,2016-05-28 17:00:00,24,Beijing,Prophet,44.166667,0.0,test
2016-05-27 18:00:00,2016-05-28 18:00:00,24,Beijing,Prophet,45.416667,0.0,test
2016-05-27 19:00:00,2016-05-28 19:00:00,24,Beijing,Prophet,42.75,0.0,test
2016-05-27 20:00:00,2016-05-28 20:00:00,24,Beijing,Prophet,46.25,0.0,test
2016-05-27 21:00:00,2016-05-28 21:00:00,24,Beijing,Prophet,48.166667,0.0,test
2016-05-27 22:00:00,2016-05-28 22:00:00,24,Beijing,Prophet,50.75,0.0,test
2016-05-27 23:00:00,2016-05-28 23:00:00,24,Beijing,Prophet,51.833333,0.0,test
2016-05-28 00:00:00,2016-05-29 00:00:00,24,Beijing,Prophet,56.666667,0.0,test
2016-05-28 01:00:00,2016-05-29 01:00:00,24,Beijing,Prophet,60.583333,0.0,test
2016-05-28 02:00:00,2016-05-29 02:00:00,24,Beijing,Prophet,61.75,0.0,test
2016-05-28 03:00:00,2016-05-29 03:00:00,24,Beijing,Prophet,57.25,0.0,test
2016-05-28 04:00:00,2016-05-29 04:00:00,24,Beijing,Prophet,56.666667,0.0,test
2016-05-28 05:00:00,2016-05-29 05:00:00,24,Beijing,Prophet,54.166667,0.0,test
2016-05-28 06:00:00,2016-05-29 06:00:00,24,Beijing,Prophet,42.0,0.0,test
2016-05-28 07:00:00,2016-05-29 07:00:00,24,Beijing,Prophet,22.5,0.0,test
2016-05-28 08:00:00,2016-05-29 08:00:00,24,Beijing,Prophet,15.833333,0.0,test
2016-05-28 09:00:00,2016-05-29 09:00:00,24,Beijing,Prophet,10.333333,0.0,test
2016-05-28 10:00:00,2016-05-29 10:00:00,24,Beijing,Prophet,14.208333,0.0,test
2016-05-28 11:00:00,2016-05-29 11:00:00,24,Beijing,Prophet,11.583333,0.0,test
2016-05-28 12:00:00,2016-05-29 12:00:00,24,Beijing,Prophet,11.5,0.0,test
2016-05-28 13:00:00,2016-05-29 13:00:00,24,Beijing,Prophet,9.583333,0.0,test
2016-05-28 14:00:00,2016-05-29 14:00:00,24,Beijing,Prophet,17.666667,0.0,test
2016-05-28 15:00:00,2016-05-29 15:00:00,24,Beijing,Prophet,17.333333,0.0,test
2016-05-28 16:00:00,2016-05-29 16:00:00,24,Beijing,Prophet,19.083333,0.0,test
2016-05-28 17:00:00,2016-05-29 17:00:00,24,Beijing,Prophet,17.333333,0.0,test
2016-05-28 18:00:00,2016-05-29 18:00:00,24,Beijing,Prophet,19.666667,0.0,test
2016-05-28 19:00:00,2016-05-29 19:00:00,24,Beijing,Prophet,22.083333,0.0,test
2016-05-28 20:00:00,2016-05-29 20:00:00,24,Beijing,Prophet,25.666667,0.0,test
2016-05-28 21:00:00,2016-05-29 21:00:00,24,Beijing,Prophet,39.833333,0.0,test
2016-05-28 22:00:00,2016-05-29 22:00:00,24,Beijing,Prophet,49.833333,0.0,test
2016-05-28 23:00:00,2016-05-29 23:00:00,24,Beijing,Prophet,50.083333,0.0,test
2016-05-29 00:00:00,2016-05-30 00:00:00,24,Beijing,Prophet,51.5,0.0,test
2016-05-29 01:00:00,2016-05-30 01:00:00,24,Beijing,Prophet,54.083333,0.0,test
2016-05-29 02:00:00,2016-05-30 02:00:00,24,Beijing,Prophet,53.0,0.0,test
2016-05-29 03:00:00,2016-05-30 03:00:00,24,Beijing,Prophet,51.833333,0.0,test
2016-05-29 04:00:00,2016-05-30 04:00:00,24,Beijing,Prophet,46.583333,0.0,test
2016-05-29 05:00:00,2016-05-30 05:00:00,24,Beijing,Prophet,44.916667,0.0,test
2016-05-29 06:00:00,2016-05-30 06:00:00,24,Beijing,Prophet,47.166667,0.0,test
2016-05-29 07:00:00,2016-05-30 07:00:00,24,Beijing,Prophet,46.75,0.0,test
2016-05-29 08:00:00,2016-05-30 08:00:00,24,Beijing,Prophet,52.833333,0.0,test
2016-05-29 09:00:00,2016-05-30 09:00:00,24,Beijing,Prophet,59.833333,0.0,test
2016-05-29 10:00:00,2016-05-30 10:00:00,24,Beijing,Prophet,70.083333,0.0,test
2016-05-29 11:00:00,2016-05-30 11:00:00,24,Beijing,Prophet,77.583333,0.0,test
2016-05-29 12:00:00,2016-05-30 12:00:00,24,Beijing,Prophet,79.25,0.0,test
2016-05-29 13:00:00,2016-05-30 13:00:00,24,Beijing,Prophet,85.416667,0.0,test
2016-05-29 14:00:00,2016-05-30 14:00:00,24,Beijing,Prophet,92.5,0.0,test
2016-05-29 15:00:00,2016-05-30 15:00:00,24,Beijing,Prophet,96.083333,0.0,test
2016-05-29 16:00:00,2016-05-30 16:00:00,24,Beijing,Prophet,107.833333,0.0,test
2016-05-29 17:00:00,2016-05-30 17:00:00,24,Beijing,Prophet,112.75,0.0,test
2016-05-29 18:00:00,2016-05-30 18:00:00,24,Beijing,Prophet,111.25,0.0,test
2016-05-29 19:00:00,2016-05-30 19:00:00,24,Beijing,Prophet,114.916667,0.0,test
2016-05-29 20:00:00,2016-05-30 20:00:00,24,Beijing,Prophet,122.666667,0.0,test
2016-05-29 21:00:00,2016-05-30 21:00:00,24,Beijing,Prophet,120.5,0.0,test
2016-05-29 22:00:00,2016-05-30 22:00:00,24,Beijing,Prophet,110.25,0.0,test
2016-05-29 23:00:00,2016-05-30 23:00:00,24,Beijing,Prophet,102.0,0.0,test
2016-05-30 00:00:00,2016-05-31 00:00:00,24,Beijing,Prophet,89.75,0.0,test
2016-05-30 01:00:00,2016-05-31 01:00:00,24,Beijing,Prophet,82.833333,0.0,test
2016-05-30 02:00:00,2016-05-31 02:00:00,24,Beijing,Prophet,77.666667,0.0,test
2016-05-30 03:00:00,2016-05-31 03:00:00,24,Beijing,Prophet,78.583333,0.0,test
2016-05-30 04:00:00,2016-05-31 04:00:00,24,Beijing,Prophet,82.333333,0.0,test
2016-05-30 05:00:00,2016-05-31 05:00:00,24,Beijing,Prophet,91.416667,0.0,test
2016-05-30 06:00:00,2016-05-31 06:00:00,24,Beijing,Prophet,96.75,0.0,test
2016-05-30 07:00:00,2016-05-31 07:00:00,24,Beijing,Prophet,63.083333,0.0,test
2016-05-30 08:00:00,2016-05-31 08:00:00,24,Beijing,Prophet,45.416667,0.0,test
2016-05-30 09:00:00,2016-05-31 09:00:00,24,Beijing,Prophet,36.666667,0.0,test
2016-05-30 10:00:00,2016-05-31 10:00:00,24,Beijing,Prophet,36.833333,0.0,test
2016-05-30 11:00:00,2016-05-31 11:00:00,24,Beijing,Prophet,35.25,0.0,test
2016-05-30 12:00:00,2016-05-31 12:00:00,24,Beijing,Prophet,34.5,0.0,test
2016-05-30 13:00:00,2016-05-31 13:00:00,24,Beijing,Prophet,31.027778,0.0,test
2016-05-30 14:00:00,2016-05-31 14:00:00,24,Beijing,Prophet,33.659722,0.0,test
2016-05-30 15:00:00,2016-05-31 15:00:00,24,Beijing,Prophet,32.875,0.0,test
2016-05-30 16:00:00,2016-05-31 16:00:00,24,Beijing,Prophet,30.729167,0.0,test
2016-05-30 17:00:00,2016-05-31 17:00:00,24,Beijing,Prophet,31.041667,0.0,test
2016-05-30 18:00:00,2016-05-31 18:00:00,24,Beijing,Prophet,28.416667,0.0,test
2016-05-30 19:00:00,2016-05-31 19:00:00,24,Beijing,Prophet,31.125,0.0,test
2016-05-30 20:00:00,2016-05-31 20:00:00,24,Beijing,Prophet,33.388889,0.0,test
2016-05-30 21:00:00,2016-05-31 21:00:00,24,Beijing,Prophet,37.327778,0.0,test
2016-05-30 22:00:00,2016-05-31 22:00:00,24,Beijing,Prophet,37.1,0.0,test
2016-05-30 23:00:00,2016-05-31 23:00:00,24,Beijing,Prophet,34.205556,0.0,test
2016-05-31 00:00:00,2016-06-01 00:00:00,24,Beijing,Prophet,27.227778,0.0,test
2016-05-31 01:00:00,2016-06-01 01:00:00,24,Beijing,Prophet,26.25,0.0,test
2016-05-31 02:00:00,2016-06-01 02:00:00,24,Beijing,Prophet,24.583333,0.0,test
2016-05-31 03:00:00,2016-06-01 03:00:00,24,Beijing,Prophet,26.083333,0.0,test
2016-05-31 04:00:00,2016-06-01 04:00:00,24,Beijing,Prophet,25.0,0.0,test
2016-05-31 05:00:00,2016-06-01 05:00:00,24,Beijing,Prophet,24.583333,0.0,test
2016-05-31 06:00:00,2016-06-01 06:00:00,24,Beijing,Prophet,27.916667,0.0,test
2016-05-31 07:00:00,2016-06-01 07:00:00,24,Beijing,Prophet,31.333333,0.0,test
2016-05-31 08:00:00,2016-06-01 08:00:00,24,Beijing,Prophet,38.916667,0.0,test
2016-05-31 09:00:00,2016-06-01 09:00:00,24,Beijing,Prophet,37.583333,0.0,test
2016-05-31 10:00:00,2016-06-01 10:00:00,24,Beijing,Prophet,37.583333,0.0,test
2016-05-31 11:00:00,2016-06-01 11:00:00,24,Beijing,Prophet,41.333333,0.0,test
2016-05-31 12:00:00,2016-06-01 12:00:00,24,Beijing,Prophet,37.166667,0.0,test
2016-05-31 13:00:00,2016-06-01 13:00:00,24,Beijing,Prophet,34.833333,0.0,test
2016-05-31 14:00:00,2016-06-01 14:00:00,24,Beijing,Prophet,36.583333,0.0,test
2016-05-31 15:00:00,2016-06-01 15:00:00,24,Beijing,Prophet,39.166667,0.0,test
2016-05-31 16:00:00,2016-06-01 16:00:00,24,Beijing,Prophet,35.833333,0.0,test
2016-05-31 17:00:00,2016-06-01 17:00:00,24,Beijing,Prophet,47.166667,0.0,test
2016-05-31 18:00:00,2016-06-01 18:00:00,24,Beijing,Prophet,43.0,0.0,test
2016-05-31 19:00:00,2016-06-01 19:00:00,24,Beijing,Prophet,41.0,0.0,test
2016-05-31 20:00:00,2016-06-01 20:00:00,24,Beijing,Prophet,41.25,0.0,test
2016-05-31 21:00:00,2016-06-01 21:00:00,24,Beijing,Prophet,43.333333,0.0,test
2016-05-31 22:00:00,2016-06-01 22:00:00,24,Beijing,Prophet,44.25,0.0,test
2016-05-31 23:00:00,2016-06-01 23:00:00,24,Beijing,Prophet,44.333333,0.0,test
2016-06-01 00:00:00,2016-06-02 00:00:00,24,Beijing,Prophet,42.25,0.0,test
2016-06-01 01:00:00,2016-06-02 01:00:00,24,Beijing,Prophet,42.0,0.0,test
2016-06-01 02:00:00,2016-06-02 02:00:00,24,Beijing,Prophet,40.833333,0.0,test
2016-06-01 03:00:00,2016-06-02 03:00:00,24,Beijing,Prophet,39.083333,0.0,test
2016-06-01 04:00:00,2016-06-02 04:00:00,24,Beijing,Prophet,41.166667,0.0,test
2016-06-01 05:00:00,2016-06-02 05:00:00,24,Beijing,Prophet,45.416667,0.0,test
2016-06-01 06:00:00,2016-06-02 06:00:00,24,Beijing,Prophet,50.5,0.0,test
2016-06-01 07:00:00,2016-06-02 07:00:00,24,Beijing,Prophet,54.416667,0.0,test
2016-06-01 08:00:00,2016-06-02 08:00:00,24,Beijing,Prophet,69.083333,0.0,test
2016-06-01 09:00:00,2016-06-02 09:00:00,24,Beijing,Prophet,74.333333,0.0,test
2016-06-01 10:00:00,2016-06-02 10:00:00,24,Beijing,Prophet,78.375,0.0,test
2016-06-01 11:00:00,2016-06-02 11:00:00,24,Beijing,Prophet,79.0,0.0,test
2016-06-01 12:00:00,2016-06-02 12:00:00,24,Beijing,Prophet,60.361111,0.0,test
2016-06-01 13:00:00,2016-06-02 13:00:00,24,Beijing,Prophet,55.430556,0.0,test
2016-06-01 14:00:00,2016-06-02 14:00:00,24,Beijing,Prophet,50.916667,0.0,test
2016-06-01 15:00:00,2016-06-02 15:00:00,24,Beijing,Prophet,44.166667,0.0,test
2016-06-01 16:00:00,2016-06-02 16:00:00,24,Beijing,Prophet,47.25,0.0,test
2016-06-01 17:00:00,2016-06-02 17:00:00,24,Beijing,Prophet,47.583333,0.0,test
2016-06-01 18:00:00,2016-06-02 18:00:00,24,Beijing,Prophet,46.833333,0.0,test
2016-06-01 19:00:00,2016-06-02 19:00:00,24,Beijing,Prophet,41.5,0.0,test
2016-06-01 20:00:00,2016-06-02 20:00:00,24,Beijing,Prophet,40.833333,0.0,test
2016-06-01 21:00:00,2016-06-02 21:00:00,24,Beijing,Prophet,47.583333,0.0,test
2016-06-01 22:00:00,2016-06-02 22:00:00,24,Beijing,Prophet,51.75,0.0,test
2016-06-01 23:00:00,2016-06-02 23:00:00,24,Beijing,Prophet,55.666667,0.0,test
2016-06-02 00:00:00,2016-06-03 00:00:00,24,Beijing,Prophet,55.166667,0.0,test
2016-06-02 01:00:00,2016-06-03 01:00:00,24,Beijing,Prophet,54.0,0.0,test
2016-06-02 02:00:00,2016-06-03 02:00:00,24,Beijing,Prophet,55.833333,0.0,test
2016-06-02 03:00:00,2016-06-03 03:00:00,24,Beijing,Prophet,57.083333,0.0,test
2016-06-02 04:00:00,2016-06-03 04:00:00,24,Beijing,Prophet,58.166667,0.0,test
2016-06-02 05:00:00,2016-06-03 05:00:00,24,Beijing,Prophet,59.166667,0.0,test
2016-06-02 06:00:00,2016-06-03 06:00:00,24,Beijing,Prophet,64.833333,0.0,test
2016-06-02 07:00:00,2016-06-03 07:00:00,24,Beijing,Prophet,70.75,0.0,test
2016-06-02 08:00:00,2016-06-03 08:00:00,24,Beijing,Prophet,76.583333,0.0,test
2016-06-02 09:00:00,2016-06-03 09:00:00,24,Beijing,Prophet,88.166667,0.0,test
2016-06-02 10:00:00,2016-06-03 10:00:00,24,Beijing,Prophet,90.416667,0.0,test
2016-06-02 11:00:00,2016-06-03 11:00:00,24,Beijing,Prophet,92.666667,0.0,test
2016-06-02 12:00:00,2016-06-03 12:00:00,24,Beijing,Prophet,95.944444,0.0,test
2016-06-02 13:00:00,2016-06-03 13:00:00,24,Beijing,Prophet,93.805556,0.0,test
2016-06-02 14:00:00,2016-06-03 14:00:00,24,Beijing,Prophet,90.666667,0.0,test
2016-06-02 15:00:00,2016-06-03 15:00:00,24,Beijing,Prophet,86.5,0.0,test
2016-06-02 16:00:00,2016-06-03 16:00:00,24,Beijing,Prophet,73.083333,0.0,test
2016-06-02 17:00:00,2016-06-03 17:00:00,24,Beijing,Prophet,72.583333,0.0,test
2016-06-02 18:00:00,2016-06-03 18:00:00,24,Beijing,Prophet,78.166667,0.0,test
2016-06-02 19:00:00,2016-06-03 19:00:00,24,Beijing,Prophet,89.583333,0.0,test
2016-06-02 20:00:00,2016-06-03 20:00:00,24,Beijing,Prophet,106.416667,0.0,test
2016-06-02 21:00:00,2016-06-03 21:00:00,24,Beijing,Prophet,108.583333,0.0,test
2016-06-02 22:00:00,2016-06-03 22:00:00,24,Beijing,Prophet,101.166667,0.0,test
2016-06-02 23:00:00,2016-06-03 23:00:00,24,Beijing,Prophet,92.75,0.0,test
2016-06-03 00:00:00,2016-06-04 00:00:00,24,Beijing,Prophet,85.0,0.0,test
2016-06-03 01:00:00,2016-06-04 01:00:00,24,Beijing,Prophet,85.25,0.0,test
2016-06-03 02:00:00,2016-06-04 02:00:00,24,Beijing,Prophet,78.583333,0.0,test
2016-06-03 03:00:00,2016-06-04 03:00:00,24,Beijing,Prophet,74.583333,0.0,test
2016-06-03 04:00:00,2016-06-04 04:00:00,24,Beijing,Prophet,78.333333,0.0,test
2016-06-03 05:00:00,2016-06-04 05:00:00,24,Beijing,Prophet,82.25,0.0,test
2016-06-03 06:00:00,2016-06-04 06:00:00,24,Beijing,Prophet,85.166667,0.0,test
2016-06-03 07:00:00,2016-06-04 07:00:00,24,Beijing,Prophet,91.166667,0.0,test
2016-06-03 08:00:00,2016-06-04 08:00:00,24,Beijing,Prophet,101.0,0.0,test
2016-06-03 09:00:00,2016-06-04 09:00:00,24,Beijing,Prophet,111.545455,0.0,test
2016-06-03 10:00:00,2016-06-04 10:00:00,24,Beijing,Prophet,119.0,0.0,test
2016-06-03 11:00:00,2016-06-04 11:00:00,24,Beijing,Prophet,126.272727,0.0,test
2016-06-03 12:00:00,2016-06-04 12:00:00,24,Beijing,Prophet,114.090909,0.0,test
2016-06-03 13:00:00,2016-06-04 13:00:00,24,Beijing,Prophet,101.363636,0.0,test
2016-06-03 14:00:00,2016-06-04 14:00:00,24,Beijing,Prophet,89.727273,0.0,test
2016-06-03 15:00:00,2016-06-04 15:00:00,24,Beijing,Prophet,76.454545,0.0,test
2016-06-03 16:00:00,2016-06-04 16:00:00,24,Beijing,Prophet,69.090909,0.0,test
2016-06-03 17:00:00,2016-06-04 17:00:00,24,Beijing,Prophet,69.727273,0.0,test
2016-06-03 18:00:00,2016-06-04 18:00:00,24,Beijing,Prophet,72.181818,0.0,test
2016-06-03 19:00:00,2016-06-04 19:00:00,24,Beijing,Prophet,70.181818,0.0,test
2016-06-03 20:00:00,2016-06-04 20:00:00,24,Beijing,Prophet,72.909091,0.0,test
2016-06-03 21:00:00,2016-06-04 21:00:00,24,Beijing,Prophet,83.636364,0.0,test
2016-06-03 22:00:00,2016-06-04 22:00:00,24,Beijing,Prophet,78.909091,0.0,test
2016-06-03 23:00:00,2016-06-04 23:00:00,24,Beijing,Prophet,80.272727,0.0,test
2016-06-04 00:00:00,2016-06-05 00:00:00,24,Beijing,Prophet,86.363636,0.0,test
2016-06-04 01:00:00,2016-06-05 01:00:00,24,Beijing,Prophet,93.636364,0.0,test
2016-06-04 02:00:00,2016-06-05 02:00:00,24,Beijing,Prophet,95.545455,0.0,test
2016-06-04 03:00:00,2016-06-05 03:00:00,24,Beijing,Prophet,85.909091,0.0,test
2016-06-04 04:00:00,2016-06-05 04:00:00,24,Beijing,Prophet,75.363636,0.0,test
2016-06-04 05:00:00,2016-06-05 05:00:00,24,Beijing,Prophet,68.909091,0.0,test
2016-06-04 06:00:00,2016-06-05 06:00:00,24,Beijing,Prophet,67.727273,0.0,test
2016-06-04 07:00:00,2016-06-05 07:00:00,24,Beijing,Prophet,67.454545,0.0,test
2016-06-04 08:00:00,2016-06-05 08:00:00,24,Beijing,Prophet,68.636364,0.0,test
2016-06-04 09:00:00,2016-06-05 09:00:00,24,Beijing,Prophet,71.0,0.0,test
2016-06-04 10:00:00,2016-06-05 10:00:00,24,Beijing,Prophet,72.636364,0.0,test
2016-06-04 11:00:00,2016-06-05 11:00:00,24,Beijing,Prophet,79.272727,0.0,test
2016-06-04 12:00:00,2016-06-05 12:00:00,24,Beijing,Prophet,91.363636,0.0,test
2016-06-04 13:00:00,2016-06-05 13:00:00,24,Beijing,Prophet,96.818182,0.0,test
2016-06-04 14:00:00,2016-06-05 14:00:00,24,Beijing,Prophet,94.909091,0.0,test
2016-06-04 15:00:00,2016-06-05 15:00:00,24,Beijing,Prophet,86.818182,0.0,test
2016-06-04 16:00:00,2016-06-05 16:00:00,24,Beijing,Prophet,80.818182,0.0,test
2016-06-04 17:00:00,2016-06-05 17:00:00,24,Beijing,Prophet,77.090909,0.0,test
2016-06-04 18:00:00,2016-06-05 18:00:00,24,Beijing,Prophet,74.181818,0.0,test
2016-06-04 19:00:00,2016-06-05 19:00:00,24,Beijing,Prophet,68.909091,0.0,test
2016-06-04 20:00:00,2016-06-05 20:00:00,24,Beijing,Prophet,50.454545,0.0,test
2016-06-04 21:00:00,2016-06-05 21:00:00,24,Beijing,Prophet,44.636364,0.0,test
2016-06-04 22:00:00,2016-06-05 22:00:00,24,Beijing,Prophet,40.818182,0.0,test
2016-06-04 23:00:00,2016-06-05 23:00:00,24,Beijing,Prophet,39.454545,0.0,test
2016-06-05 00:00:00,2016-06-06 00:00:00,24,Beijing,Prophet,42.545455,0.0,test
2016-06-05 01:00:00,2016-06-06 01:00:00,24,Beijing,Prophet,48.090909,0.0,test
2016-06-05 02:00:00,2016-06-06 02:00:00,24,Beijing,Prophet,46.636364,0.0,test
2016-06-05 03:00:00,2016-06-06 03:00:00,24,Beijing,Prophet,49.909091,0.0,test
2016-06-05 04:00:00,2016-06-06 04:00:00,24,Beijing,Prophet,53.454545,0.0,test
2016-06-05 05:00:00,2016-06-06 05:00:00,24,Beijing,Prophet,61.181818,0.0,test
2016-06-05 06:00:00,2016-06-06 06:00:00,24,Beijing,Prophet,65.545455,0.0,test
2016-06-05 07:00:00,2016-06-06 07:00:00,24,Beijing,Prophet,69.454545,0.0,test
2016-06-05 08:00:00,2016-06-06 08:00:00,24,Beijing,Prophet,75.818182,0.0,test
2016-06-05 09:00:00,2016-06-06 09:00:00,24,Beijing,Prophet,78.272727,0.0,test
2016-06-05 10:00:00,2016-06-06 10:00:00,24,Beijing,Prophet,83.272727,0.0,test
2016-06-05 11:00:00,2016-06-06 11:00:00,24,Beijing,Prophet,92.636364,0.0,test
2016-06-05 12:00:00,2016-06-06 12:00:00,24,Beijing,Prophet,103.090909,0.0,test
2016-06-05 13:00:00,2016-06-06 13:00:00,24,Beijing,Prophet,110.636364,0.0,test
2016-06-05 14:00:00,2016-06-06 14:00:00,24,Beijing,Prophet,114.545455,0.0,test
2016-06-05 15:00:00,2016-06-06 15:00:00,24,Beijing,Prophet,117.727273,0.0,test
2016-06-05 16:00:00,2016-06-06 16:00:00,24,Beijing,Prophet,117.818182,0.0,test
2016-06-05 17:00:00,2016-06-06 17:00:00,24,Beijing,Prophet,123.181818,0.0,test
2016-06-05 18:00:00,2016-06-06 18:00:00,24,Beijing,Prophet,123.045455,0.0,test
2016-06-05 19:00:00,2016-06-06 19:00:00,24,Beijing,Prophet,125.833333,0.0,test
2016-06-05 20:00:00,2016-06-06 20:00:00,24,Beijing,Prophet,122.0,0.0,test
2016-06-05 21:00:00,2016-06-06 21:00:00,24,Beijing,Prophet,93.666667,0.0,test
2016-06-05 22:00:00,2016-06-06 22:00:00,24,Beijing,Prophet,69.0,0.0,test
2016-06-05 23:00:00,2016-06-06 23:00:00,24,Beijing,Prophet,52.666667,0.0,test
2016-06-06 00:00:00,2016-06-07 00:00:00,24,Beijing,Prophet,50.333333,0.0,test
2016-06-06 01:00:00,2016-06-07 01:00:00,24,Beijing,Prophet,54.75,0.0,test
2016-06-06 02:00:00,2016-06-07 02:00:00,24,Beijing,Prophet,56.083333,0.0,test
2016-06-06 03:00:00,2016-06-07 03:00:00,24,Beijing,Prophet,59.333333,0.0,test
2016-06-06 04:00:00,2016-06-07 04:00:00,24,Beijing,Prophet,59.833333,0.0,test
2016-06-06 05:00:00,2016-06-07 05:00:00,24,Beijing,Prophet,58.583333,0.0,test
2016-06-06 06:00:00,2016-06-07 06:00:00,24,Beijing,Prophet,53.416667,0.0,test
2016-06-06 07:00:00,2016-06-07 07:00:00,24,Beijing,Prophet,45.583333,0.0,test
2016-06-06 08:00:00,2016-06-07 08:00:00,24,Beijing,Prophet,41.166667,0.0,test
2016-06-06 09:00:00,2016-06-07 09:00:00,24,Beijing,Prophet,40.666667,0.0,test
2016-06-06 10:00:00,2016-06-07 10:00:00,24,Beijing,Prophet,41.916667,0.0,test
2016-06-06 11:00:00,2016-06-07 11:00:00,24,Beijing,Prophet,45.0,0.0,test
2016-06-06 12:00:00,2016-06-07 12:00:00,24,Beijing,Prophet,46.916667,0.0,test
2016-06-06 13:00:00,2016-06-07 13:00:00,24,Beijing,Prophet,56.333333,0.0,test
2016-06-06 14:00:00,2016-06-07 14:00:00,24,Beijing,Prophet,61.0,0.0,test
2016-06-06 15:00:00,2016-06-07 15:00:00,24,Beijing,Prophet,61.75,0.0,test
2016-06-06 16:00:00,2016-06-07 16:00:00,24,Beijing,Prophet,62.333333,0.0,test
2016-06-06 17:00:00,2016-06-07 17:00:00,24,Beijing,Prophet,61.833333,0.0,test
2016-06-06 18:00:00,2016-06-07 18:00:00,24,Beijing,Prophet,57.583333,0.0,test
2016-06-06 19:00:00,2016-06-07 19:00:00,24,Beijing,Prophet,61.916667,0.0,test
2016-06-06 20:00:00,2016-06-07 20:00:00,24,Beijing,Prophet,66.333333,0.0,test
2016-06-06 21:00:00,2016-06-07 21:00:00,24,Beijing,Prophet,77.166667,0.0,test
2016-06-06 22:00:00,2016-06-07 22:00:00,24,Beijing,Prophet,83.333333,0.0,test
2016-06-06 23:00:00,2016-06-07 23:00:00,24,Beijing,Prophet,86.666667,0.0,test
2016-06-07 00:00:00,2016-06-08 00:00:00,24,Beijing,Prophet,86.083333,0.0,test
2016-06-07 01:00:00,2016-06-08 01:00:00,24,Beijing,Prophet,83.416667,0.0,test
2016-06-07 02:00:00,2016-06-08 02:00:00,24,Beijing,Prophet,88.583333,0.0,test
2016-06-07 03:00:00,2016-06-08 03:00:00,24,Beijing,Prophet,98.166667,0.0,test
2016-06-07 04:00:00,2016-06-08 04:00:00,24,Beijing,Prophet,100.75,0.0,test
2016-06-07 05:00:00,2016-06-08 05:00:00,24,Beijing,Prophet,103.583333,0.0,test
2016-06-07 06:00:00,2016-06-08 06:00:00,24,Beijing,Prophet,111.166667,0.0,test
2016-06-07 07:00:00,2016-06-08 07:00:00,24,Beijing,Prophet,117.666667,0.0,test
2016-06-07 08:00:00,2016-06-08 08:00:00,24,Beijing,Prophet,129.916667,0.0,test
2016-06-07 09:00:00,2016-06-08 09:00:00,24,Beijing,Prophet,134.083333,0.0,test
2016-06-07 10:00:00,2016-06-08 10:00:00,24,Beijing,Prophet,125.333333,0.0,test
2016-06-07 11:00:00,2016-06-08 11:00:00,24,Beijing,Prophet,119.333333,0.0,test
2016-06-07 12:00:00,2016-06-08 12:00:00,24,Beijing,Prophet,113.416667,0.0,test
2016-06-07 13:00:00,2016-06-08 13:00:00,24,Beijing,Prophet,107.833333,0.0,test
2016-06-07 14:00:00,2016-06-08 14:00:00,24,Beijing,Prophet,102.138889,0.0,test
2016-06-07 15:00:00,2016-06-08 15:00:00,24,Beijing,Prophet,110.861111,0.0,test
2016-06-07 16:00:00,2016-06-08 16:00:00,24,Beijing,Prophet,103.083333,0.0,test
2016-06-07 17:00:00,2016-06-08 17:00:00,24,Beijing,Prophet,113.75,0.0,test
2016-06-07 18:00:00,2016-06-08 18:00:00,24,Beijing,Prophet,115.25,0.0,test
2016-06-07 19:00:00,2016-06-08 19:00:00,24,Beijing,Prophet,154.166667,0.0,test
2016-06-07 20:00:00,2016-06-08 20:00:00,24,Beijing,Prophet,183.416667,0.0,test
2016-06-07 21:00:00,2016-06-08 21:00:00,24,Beijing,Prophet,182.666667,0.0,test
2016-06-07 22:00:00,2016-06-08 22:00:00,24,Beijing,Prophet,178.916667,0.0,test
2016-06-07 23:00:00,2016-06-08 23:00:00,24,Beijing,Prophet,178.166667,0.0,test
2016-06-08 00:00:00,2016-06-09 00:00:00,24,Beijing,Prophet,177.0,0.0,test
2016-06-08 01:00:00,2016-06-09 01:00:00,24,Beijing,Prophet,158.916667,0.0,test
2016-06-08 02:00:00,2016-06-09 02:00:00,24,Beijing,Prophet,153.333333,0.0,test
2016-06-08 03:00:00,2016-06-09 03:00:00,24,Beijing,Prophet,145.583333,0.0,test
2016-06-08 04:00:00,2016-06-09 04:00:00,24,Beijing,Prophet,142.5,0.0,test
2016-06-08 05:00:00,2016-06-09 05:00:00,24,Beijing,Prophet,142.083333,0.0,test
2016-06-08 06:00:00,2016-06-09 06:00:00,24,Beijing,Prophet,142.333333,0.0,test
2016-06-08 07:00:00,2016-06-09 07:00:00,24,Beijing,Prophet,150.166667,0.0,test
2016-06-08 08:00:00,2016-06-09 08:00:00,24,Beijing,Prophet,161.416667,0.0,test
2016-06-08 09:00:00,2016-06-09 09:00:00,24,Beijing,Prophet,165.5,0.0,test
2016-06-08 10:00:00,2016-06-09 10:00:00,24,Beijing,Prophet,172.083333,0.0,test
2016-06-08 11:00:00,2016-06-09 11:00:00,24,Beijing,Prophet,162.916667,0.0,test
2016-06-08 12:00:00,2016-06-09 12:00:00,24,Beijing,Prophet,128.0,0.0,test
2016-06-08 13:00:00,2016-06-09 13:00:00,24,Beijing,Prophet,106.083333,0.0,test
2016-06-08 14:00:00,2016-06-09 14:00:00,24,Beijing,Prophet,75.833333,0.0,test
2016-06-08 15:00:00,2016-06-09 15:00:00,24,Beijing,Prophet,68.916667,0.0,test
2016-06-08 16:00:00,2016-06-09 16:00:00,24,Beijing,Prophet,59.083333,0.0,test
2016-06-08 17:00:00,2016-06-09 17:00:00,24,Beijing,Prophet,54.833333,0.0,test
2016-06-08 18:00:00,2016-06-09 18:00:00,24,Beijing,Prophet,52.583333,0.0,test
2016-06-08 19:00:00,2016-06-09 19:00:00,24,Beijing,Prophet,47.083333,0.0,test
2016-06-08 20:00:00,2016-06-09 20:00:00,24,Beijing,Prophet,47.333333,0.0,test
2016-06-08 21:00:00,2016-06-09 21:00:00,24,Beijing,Prophet,52.416667,0.0,test
2016-06-08 22:00:00,2016-06-09 22:00:00,24,Beijing,Prophet,57.166667,0.0,test
2016-06-08 23:00:00,2016-06-09 23:00:00,24,Beijing,Prophet,57.916667,0.0,test
2016-06-09 00:00:00,2016-06-10 00:00:00,24,Beijing,Prophet,58.916667,0.0,test
2016-06-09 01:00:00,2016-06-10 01:00:00,24,Beijing,Prophet,57.916667,0.0,test
2016-06-09 02:00:00,2016-06-10 02:00:00,24,Beijing,Prophet,57.666667,0.0,test
2016-06-09 03:00:00,2016-06-10 03:00:00,24,Beijing,Prophet,59.0,0.0,test
2016-06-09 04:00:00,2016-06-10 04:00:00,24,Beijing,Prophet,55.333333,0.0,test
2016-06-09 05:00:00,2016-06-10 05:00:00,24,Beijing,Prophet,50.083333,0.0,test
2016-06-09 06:00:00,2016-06-10 06:00:00,24,Beijing,Prophet,48.083333,0.0,test
2016-06-09 07:00:00,2016-06-10 07:00:00,24,Beijing,Prophet,50.25,0.0,test
2016-06-09 08:00:00,2016-06-10 08:00:00,24,Beijing,Prophet,52.666667,0.0,test
2016-06-09 09:00:00,2016-06-10 09:00:00,24,Beijing,Prophet,54.0,0.0,test
2016-06-09 10:00:00,2016-06-10 10:00:00,24,Beijing,Prophet,64.166667,0.0,test
2016-06-09 11:00:00,2016-06-10 11:00:00,24,Beijing,Prophet,73.083333,0.0,test
2016-06-09 12:00:00,2016-06-10 12:00:00,24,Beijing,Prophet,90.166667,0.0,test
2016-06-09 13:00:00,2016-06-10 13:00:00,24,Beijing,Prophet,99.75,0.0,test
2016-06-09 14:00:00,2016-06-10 14:00:00,24,Beijing,Prophet,101.25,0.0,test
2016-06-09 15:00:00,2016-06-10 15:00:00,24,Beijing,Prophet,96.083333,0.0,test
2016-06-09 16:00:00,2016-06-10 16:00:00,24,Beijing,Prophet,67.041667,0.0,test
2016-06-09 17:00:00,2016-06-10 17:00:00,24,Beijing,Prophet,39.083333,0.0,test
2016-06-09 18:00:00,2016-06-10 18:00:00,24,Beijing,Prophet,17.45,0.0,test
2016-06-09 19:00:00,2016-06-10 19:00:00,24,Beijing,Prophet,10.316667,0.0,test
2016-06-09 20:00:00,2016-06-10 20:00:00,24,Beijing,Prophet,8.766667,0.0,test
2016-06-09 21:00:00,2016-06-10 21:00:00,24,Beijing,Prophet,8.425,0.0,test
2016-06-09 22:00:00,2016-06-10 22:00:00,24,Beijing,Prophet,9.583333,0.0,test
2016-06-09 23:00:00,2016-06-10 23:00:00,24,Beijing,Prophet,11.166667,0.0,test
2016-06-10 00:00:00,2016-06-11 00:00:00,24,Beijing,Prophet,9.75,0.0,test
2016-06-10 01:00:00,2016-06-11 01:00:00,24,Beijing,Prophet,10.333333,0.0,test
2016-06-10 02:00:00,2016-06-11 02:00:00,24,Beijing,Prophet,7.0,0.0,test
2016-06-10 03:00:00,2016-06-11 03:00:00,24,Beijing,Prophet,4.75,0.0,test
2016-06-10 04:00:00,2016-06-11 04:00:00,24,Beijing,Prophet,5.5,0.0,test
2016-06-10 05:00:00,2016-06-11 05:00:00,24,Beijing,Prophet,5.166667,0.0,test
2016-06-10 06:00:00,2016-06-11 06:00:00,24,Beijing,Prophet,9.083333,0.0,test
2016-06-10 07:00:00,2016-06-11 07:00:00,24,Beijing,Prophet,9.333333,0.0,test
2016-06-10 08:00:00,2016-06-11 08:00:00,24,Beijing,Prophet,9.75,0.0,test
2016-06-10 09:00:00,2016-06-11 09:00:00,24,Beijing,Prophet,8.166667,0.0,test
2016-06-10 10:00:00,2016-06-11 10:00:00,24,Beijing,Prophet,7.916667,0.0,test
2016-06-10 11:00:00,2016-06-11 11:00:00,24,Beijing,Prophet,6.916667,0.0,test
2016-06-10 12:00:00,2016-06-11 12:00:00,24,Beijing,Prophet,7.916667,0.0,test
2016-06-10 13:00:00,2016-06-11 13:00:00,24,Beijing,Prophet,7.583333,0.0,test
2016-06-10 14:00:00,2016-06-11 14:00:00,24,Beijing,Prophet,8.083333,0.0,test
2016-06-10 15:00:00,2016-06-11 15:00:00,24,Beijing,Prophet,6.416667,0.0,test
2016-06-10 16:00:00,2016-06-11 16:00:00,24,Beijing,Prophet,9.083333,0.0,test
2016-06-10 17:00:00,2016-06-11 17:00:00,24,Beijing,Prophet,7.166667,0.0,test
2016-06-10 18:00:00,2016-06-11 18:00:00,24,Beijing,Prophet,8.666667,0.0,test
2016-06-10 19:00:00,2016-06-11 19:00:00,24,Beijing,Prophet,10.916667,0.0,test
2016-06-10 20:00:00,2016-06-11 20:00:00,24,Beijing,Prophet,14.5,0.0,test
2016-06-10 21:00:00,2016-06-11 21:00:00,24,Beijing,Prophet,20.25,0.0,test
2016-06-10 22:00:00,2016-06-11 22:00:00,24,Beijing,Prophet,22.0,0.0,test
2016-06-10 23:00:00,2016-06-11 23:00:00,24,Beijing,Prophet,27.0,0.0,test
2016-06-11 00:00:00,2016-06-12 00:00:00,24,Beijing,Prophet,31.166667,0.0,test
2016-06-11 01:00:00,2016-06-12 01:00:00,24,Beijing,Prophet,49.5,0.0,test
2016-06-11 02:00:00,2016-06-12 02:00:00,24,Beijing,Prophet,68.666667,0.0,test
2016-06-11 03:00:00,2016-06-12 03:00:00,24,Beijing,Prophet,74.583333,0.0,test
2016-06-11 04:00:00,2016-06-12 04:00:00,24,Beijing,Prophet,77.333333,0.0,test
2016-06-11 05:00:00,2016-06-12 05:00:00,24,Beijing,Prophet,78.833333,0.0,test
2016-06-11 06:00:00,2016-06-12 06:00:00,24,Beijing,Prophet,80.083333,0.0,test
2016-06-11 07:00:00,2016-06-12 07:00:00,24,Beijing,Prophet,83.583333,0.0,test
2016-06-11 08:00:00,2016-06-12 08:00:00,24,Beijing,Prophet,91.416667,0.0,test
2016-06-11 09:00:00,2016-06-12 09:00:00,24,Beijing,Prophet,98.75,0.0,test
2016-06-11 10:00:00,2016-06-12 10:00:00,24,Beijing,Prophet,102.083333,0.0,test
2016-06-11 11:00:00,2016-06-12 11:00:00,24,Beijing,Prophet,101.416667,0.0,test
2016-06-11 12:00:00,2016-06-12 12:00:00,24,Beijing,Prophet,97.75,0.0,test
2016-06-11 13:00:00,2016-06-12 13:00:00,24,Beijing,Prophet,79.5,0.0,test
2016-06-11 14:00:00,2016-06-12 14:00:00,24,Beijing,Prophet,63.166667,0.0,test
2016-06-11 15:00:00,2016-06-12 15:00:00,24,Beijing,Prophet,54.583333,0.0,test
2016-06-11 16:00:00,2016-06-12 16:00:00,24,Beijing,Prophet,52.416667,0.0,test
2016-06-11 17:00:00,2016-06-12 17:00:00,24,Beijing,Prophet,43.75,0.0,test
2016-06-11 18:00:00,2016-06-12 18:00:00,24,Beijing,Prophet,52.5,0.0,test
2016-06-11 19:00:00,2016-06-12 19:00:00,24,Beijing,Prophet,41.666667,0.0,test
2016-06-11 20:00:00,2016-06-12 20:00:00,24,Beijing,Prophet,39.5,0.0,test
2016-06-11 21:00:00,2016-06-12 21:00:00,24,Beijing,Prophet,54.583333,0.0,test
2016-06-11 22:00:00,2016-06-12 22:00:00,24,Beijing,Prophet,64.583333,0.0,test
2016-06-11 23:00:00,2016-06-12 23:00:00,24,Beijing,Prophet,57.416667,0.0,test
2016-06-12 00:00:00,2016-06-13 00:00:00,24,Beijing,Prophet,52.75,0.0,test
2016-06-12 01:00:00,2016-06-13 01:00:00,24,Beijing,Prophet,67.75,0.0,test
2016-06-12 02:00:00,2016-06-13 02:00:00,24,Beijing,Prophet,54.583333,0.0,test
2016-06-12 03:00:00,2016-06-13 03:00:00,24,Beijing,Prophet,47.0,0.0,test
2016-06-12 04:00:00,2016-06-13 04:00:00,24,Beijing,Prophet,45.083333,0.0,test
2016-06-12 05:00:00,2016-06-13 05:00:00,24,Beijing,Prophet,44.25,0.0,test
2016-06-12 06:00:00,2016-06-13 06:00:00,24,Beijing,Prophet,39.583333,0.0,test
2016-06-12 07:00:00,2016-06-13 07:00:00,24,Beijing,Prophet,34.833333,0.0,test
2016-06-12 08:00:00,2016-06-13 08:00:00,24,Beijing,Prophet,37.5,0.0,test
2016-06-12 09:00:00,2016-06-13 09:00:00,24,Beijing,Prophet,38.833333,0.0,test
2016-06-12 10:00:00,2016-06-13 10:00:00,24,Beijing,Prophet,37.645833,0.0,test
2016-06-12 11:00:00,2016-06-13 11:00:00,24,Beijing,Prophet,36.069444,0.0,test
2016-06-12 12:00:00,2016-06-13 12:00:00,24,Beijing,Prophet,35.326389,0.0,test
2016-06-12 13:00:00,2016-06-13 13:00:00,24,Beijing,Prophet,37.833333,0.0,test
2016-06-12 14:00:00,2016-06-13 14:00:00,24,Beijing,Prophet,39.333333,0.0,test
2016-06-12 15:00:00,2016-06-13 15:00:00,24,Beijing,Prophet,36.916667,0.0,test
2016-06-12 16:00:00,2016-06-13 16:00:00,24,Beijing,Prophet,41.5,0.0,test
2016-06-12 17:00:00,2016-06-13 17:00:00,24,Beijing,Prophet,43.75,0.0,test
2016-06-12 18:00:00,2016-06-13 18:00:00,24,Beijing,Prophet,47.25,0.0,test
2016-06-12 19:00:00,2016-06-13 19:00:00,24,Beijing,Prophet,50.5,0.0,test
2016-06-12 20:00:00,2016-06-13 20:00:00,24,Beijing,Prophet,53.75,0.0,test
2016-06-12 21:00:00,2016-06-13 21:00:00,24,Beijing,Prophet,53.416667,0.0,test
2016-06-12 22:00:00,2016-06-13 22:00:00,24,Beijing,Prophet,53.0,0.0,test
2016-06-12 23:00:00,2016-06-13 23:00:00,24,Beijing,Prophet,55.25,0.0,test
2016-06-13 00:00:00,2016-06-14 00:00:00,24,Beijing,Prophet,55.75,0.0,test
2016-06-13 01:00:00,2016-06-14 01:00:00,24,Beijing,Prophet,54.416667,0.0,test
2016-06-13 02:00:00,2016-06-14 02:00:00,24,Beijing,Prophet,53.083333,0.0,test
2016-06-13 03:00:00,2016-06-14 03:00:00,24,Beijing,Prophet,53.25,0.0,test
2016-06-13 04:00:00,2016-06-14 04:00:00,24,Beijing,Prophet,55.0,0.0,test
2016-06-13 05:00:00,2016-06-14 05:00:00,24,Beijing,Prophet,51.25,0.0,test
2016-06-13 06:00:00,2016-06-14 06:00:00,24,Beijing,Prophet,47.75,0.0,test
2016-06-13 07:00:00,2016-06-14 07:00:00,24,Beijing,Prophet,43.916667,0.0,test
2016-06-13 08:00:00,2016-06-14 08:00:00,24,Beijing,Prophet,40.916667,0.0,test
2016-06-13 09:00:00,2016-06-14 09:00:00,24,Beijing,Prophet,37.833333,0.0,test
2016-06-13 10:00:00,2016-06-14 10:00:00,24,Beijing,Prophet,31.0,0.0,test
2016-06-13 11:00:00,2016-06-14 11:00:00,24,Beijing,Prophet,29.833333,0.0,test
2016-06-13 12:00:00,2016-06-14 12:00:00,24,Beijing,Prophet,32.5,0.0,test
2016-06-13 13:00:00,2016-06-14 13:00:00,24,Beijing,Prophet,30.833333,0.0,test
2016-06-13 14:00:00,2016-06-14 14:00:00,24,Beijing,Prophet,28.166667,0.0,test
2016-06-13 15:00:00,2016-06-14 15:00:00,24,Beijing,Prophet,20.75,0.0,test
2016-06-13 16:00:00,2016-06-14 16:00:00,24,Beijing,Prophet,22.5,0.0,test
2016-06-13 17:00:00,2016-06-14 17:00:00,24,Beijing,Prophet,22.833333,0.0,test
2016-06-13 18:00:00,2016-06-14 18:00:00,24,Beijing,Prophet,23.25,0.0,test
2016-06-13 19:00:00,2016-06-14 19:00:00,24,Beijing,Prophet,22.5,0.0,test
2016-06-13 20:00:00,2016-06-14 20:00:00,24,Beijing,Prophet,23.166667,0.0,test
2016-06-13 21:00:00,2016-06-14 21:00:00,24,Beijing,Prophet,22.916667,0.0,test
2016-06-13 22:00:00,2016-06-14 22:00:00,24,Beijing,Prophet,21.166667,0.0,test
2016-06-13 23:00:00,2016-06-14 23:00:00,24,Beijing,Prophet,21.0,0.0,test
2016-06-14 00:00:00,2016-06-15 00:00:00,24,Beijing,Prophet,23.833333,0.0,test
2016-06-14 01:00:00,2016-06-15 01:00:00,24,Beijing,Prophet,19.916667,0.0,test
2016-06-14 02:00:00,2016-06-15 02:00:00,24,Beijing,Prophet,15.166667,0.0,test
2016-06-14 03:00:00,2016-06-15 03:00:00,24,Beijing,Prophet,13.333333,0.0,test
2016-06-14 04:00:00,2016-06-15 04:00:00,24,Beijing,Prophet,12.416667,0.0,test
2016-06-14 05:00:00,2016-06-15 05:00:00,24,Beijing,Prophet,13.25,0.0,test
2016-06-14 06:00:00,2016-06-15 06:00:00,24,Beijing,Prophet,12.916667,0.0,test
2016-06-14 07:00:00,2016-06-15 07:00:00,24,Beijing,Prophet,17.083333,0.0,test
2016-06-14 08:00:00,2016-06-15 08:00:00,24,Beijing,Prophet,16.583333,0.0,test
2016-06-14 09:00:00,2016-06-15 09:00:00,24,Beijing,Prophet,18.166667,0.0,test
2016-06-14 10:00:00,2016-06-15 10:00:00,24,Beijing,Prophet,16.75,0.0,test
2016-06-14 11:00:00,2016-06-15 11:00:00,24,Beijing,Prophet,13.777778,0.0,test
2016-06-14 12:00:00,2016-06-15 12:00:00,24,Beijing,Prophet,14.472222,0.0,test
2016-06-14 13:00:00,2016-06-15 13:00:00,24,Beijing,Prophet,13.583333,0.0,test
2016-06-14 14:00:00,2016-06-15 14:00:00,24,Beijing,Prophet,17.083333,0.0,test
2016-06-14 15:00:00,2016-06-15 15:00:00,24,Beijing,Prophet,16.416667,0.0,test
2016-06-14 16:00:00,2016-06-15 16:00:00,24,Beijing,Prophet,17.833333,0.0,test
2016-06-14 17:00:00,2016-06-15 17:00:00,24,Beijing,Prophet,19.833333,0.0,test
2016-06-14 18:00:00,2016-06-15 18:00:00,24,Beijing,Prophet,21.833333,0.0,test
2016-06-14 19:00:00,2016-06-15 19:00:00,24,Beijing,Prophet,24.166667,0.0,test
2016-06-14 20:00:00,2016-06-15 20:00:00,24,Beijing,Prophet,26.333333,0.0,test
2016-06-14 21:00:00,2016-06-15 21:00:00,24,Beijing,Prophet,28.0,0.0,test
2016-06-14 22:00:00,2016-06-15 22:00:00,24,Beijing,Prophet,23.25,0.0,test
2016-06-14 23:00:00,2016-06-15 23:00:00,24,Beijing,Prophet,23.333333,0.0,test
2016-06-15 00:00:00,2016-06-16 00:00:00,24,Beijing,Prophet,25.5,0.0,test
2016-06-15 01:00:00,2016-06-16 01:00:00,24,Beijing,Prophet,23.583333,0.0,test
2016-06-15 02:00:00,2016-06-16 02:00:00,24,Beijing,Prophet,21.638889,0.0,test
2016-06-15 03:00:00,2016-06-16 03:00:00,24,Beijing,Prophet,22.361111,0.0,test
2016-06-15 04:00:00,2016-06-16 04:00:00,24,Beijing,Prophet,24.083333,0.0,test
2016-06-15 05:00:00,2016-06-16 05:00:00,24,Beijing,Prophet,32.25,0.0,test
2016-06-15 06:00:00,2016-06-16 06:00:00,24,Beijing,Prophet,25.333333,0.0,test
2016-06-15 07:00:00,2016-06-16 07:00:00,24,Beijing,Prophet,25.416667,0.0,test
2016-06-15 08:00:00,2016-06-16 08:00:00,24,Beijing,Prophet,25.75,0.0,test
2016-06-15 09:00:00,2016-06-16 09:00:00,24,Beijing,Prophet,30.333333,0.0,test
2016-06-15 10:00:00,2016-06-16 10:00:00,24,Beijing,Prophet,28.25,0.0,test
2016-06-15 11:00:00,2016-06-16 11:00:00,24,Beijing,Prophet,27.0,0.0,test
2016-06-15 12:00:00,2016-06-16 12:00:00,24,Beijing,Prophet,25.333333,0.0,test
2016-06-15 13:00:00,2016-06-16 13:00:00,24,Beijing,Prophet,29.083333,0.0,test
2016-06-15 14:00:00,2016-06-16 14:00:00,24,Beijing,Prophet,22.555556,0.0,test
2016-06-15 15:00:00,2016-06-16 15:00:00,24,Beijing,Prophet,20.027778,0.0,test
2016-06-15 16:00:00,2016-06-16 16:00:00,24,Beijing,Prophet,17.875,0.0,test
2016-06-15 17:00:00,2016-06-16 17:00:00,24,Beijing,Prophet,14.333333,0.0,test
2016-06-15 18:00:00,2016-06-16 18:00:00,24,Beijing,Prophet,17.5,0.0,test
2016-06-15 19:00:00,2016-06-16 19:00:00,24,Beijing,Prophet,24.125,0.0,test
2016-06-15 20:00:00,2016-06-16 20:00:00,24,Beijing,Prophet,24.166667,0.0,test
2016-06-15 21:00:00,2016-06-16 21:00:00,24,Beijing,Prophet,28.083333,0.0,test
2016-06-15 22:00:00,2016-06-16 22:00:00,24,Beijing,Prophet,28.083333,0.0,test
2016-06-15 23:00:00,2016-06-16 23:00:00,24,Beijing,Prophet,30.083333,0.0,test
2016-06-16 00:00:00,2016-06-17 00:00:00,24,Beijing,Prophet,35.416667,0.0,test
2016-06-16 01:00:00,2016-06-17 01:00:00,24,Beijing,Prophet,34.666667,0.0,test
2016-06-16 02:00:00,2016-06-17 02:00:00,24,Beijing,Prophet,33.5,0.0,test
2016-06-16 03:00:00,2016-06-17 03:00:00,24,Beijing,Prophet,26.083333,0.0,test
2016-06-16 04:00:00,2016-06-17 04:00:00,24,Beijing,Prophet,23.5,0.0,test
2016-06-16 05:00:00,2016-06-17 05:00:00,24,Beijing,Prophet,21.916667,0.0,test
2016-06-16 06:00:00,2016-06-17 06:00:00,24,Beijing,Prophet,24.583333,0.0,test
2016-06-16 07:00:00,2016-06-17 07:00:00,24,Beijing,Prophet,23.083333,0.0,test
2016-06-16 08:00:00,2016-06-17 08:00:00,24,Beijing,Prophet,21.166667,0.0,test
2016-06-16 09:00:00,2016-06-17 09:00:00,24,Beijing,Prophet,26.083333,0.0,test
2016-06-16 10:00:00,2016-06-17 10:00:00,24,Beijing,Prophet,20.833333,0.0,test
2016-06-16 11:00:00,2016-06-17 11:00:00,24,Beijing,Prophet,17.25,0.0,test
2016-06-16 12:00:00,2016-06-17 12:00:00,24,Beijing,Prophet,16.916667,0.0,test
2016-06-16 13:00:00,2016-06-17 13:00:00,24,Beijing,Prophet,15.916667,0.0,test
2016-06-16 14:00:00,2016-06-17 14:00:00,24,Beijing,Prophet,18.75,0.0,test
2016-06-16 15:00:00,2016-06-17 15:00:00,24,Beijing,Prophet,15.0,0.0,test
2016-06-16 16:00:00,2016-06-17 16:00:00,24,Beijing,Prophet,17.5,0.0,test
2016-06-16 17:00:00,2016-06-17 17:00:00,24,Beijing,Prophet,22.166667,0.0,test
2016-06-16 18:00:00,2016-06-17 18:00:00,24,Beijing,Prophet,18.666667,0.0,test
2016-06-16 19:00:00,2016-06-17 19:00:00,24,Beijing,Prophet,18.625,0.0,test
2016-06-16 20:00:00,2016-06-17 20:00:00,24,Beijing,Prophet,23.5,0.0,test
2016-06-16 21:00:00,2016-06-17 21:00:00,24,Beijing,Prophet,27.125,0.0,test
2016-06-16 22:00:00,2016-06-17 22:00:00,24,Beijing,Prophet,24.75,0.0,test
2016-06-16 23:00:00,2016-06-17 23:00:00,24,Beijing,Prophet,28.416667,0.0,test
2016-06-17 00:00:00,2016-06-18 00:00:00,24,Beijing,Prophet,30.083333,0.0,test
2016-06-17 01:00:00,2016-06-18 01:00:00,24,Beijing,Prophet,30.166667,0.0,test
2016-06-17 02:00:00,2016-06-18 02:00:00,24,Beijing,Prophet,30.0,0.0,test
2016-06-17 03:00:00,2016-06-18 03:00:00,24,Beijing,Prophet,28.75,0.0,test
2016-06-17 04:00:00,2016-06-18 04:00:00,24,Beijing,Prophet,26.875,0.0,test
2016-06-17 05:00:00,2016-06-18 05:00:00,24,Beijing,Prophet,29.166667,0.0,test
2016-06-17 06:00:00,2016-06-18 06:00:00,24,Beijing,Prophet,28.25,0.0,test
2016-06-17 07:00:00,2016-06-18 07:00:00,24,Beijing,Prophet,30.583333,0.0,test
2016-06-17 08:00:00,2016-06-18 08:00:00,24,Beijing,Prophet,32.75,0.0,test
2016-06-17 09:00:00,2016-06-18 09:00:00,24,Beijing,Prophet,35.75,0.0,test
2016-06-17 10:00:00,2016-06-18 10:00:00,24,Beijing,Prophet,36.75,0.0,test
2016-06-17 11:00:00,2016-06-18 11:00:00,24,Beijing,Prophet,44.833333,0.0,test
2016-06-17 12:00:00,2016-06-18 12:00:00,24,Beijing,Prophet,47.083333,0.0,test
2016-06-17 13:00:00,2016-06-18 13:00:00,24,Beijing,Prophet,37.75,0.0,test
2016-06-17 14:00:00,2016-06-18 14:00:00,24,Beijing,Prophet,36.333333,0.0,test
2016-06-17 15:00:00,2016-06-18 15:00:00,24,Beijing,Prophet,38.0,0.0,test
2016-06-17 16:00:00,2016-06-18 16:00:00,24,Beijing,Prophet,42.583333,0.0,test
2016-06-17 17:00:00,2016-06-18 17:00:00,24,Beijing,Prophet,43.75,0.0,test
2016-06-17 18:00:00,2016-06-18 18:00:00,24,Beijing,Prophet,45.833333,0.0,test
2016-06-17 19:00:00,2016-06-18 19:00:00,24,Beijing,Prophet,43.166667,0.0,test
2016-06-17 20:00:00,2016-06-18 20:00:00,24,Beijing,Prophet,47.916667,0.0,test
2016-06-17 21:00:00,2016-06-18 21:00:00,24,Beijing,Prophet,51.166667,0.0,test
2016-06-17 22:00:00,2016-06-18 22:00:00,24,Beijing,Prophet,57.416667,0.0,test
2016-06-17 23:00:00,2016-06-18 23:00:00,24,Beijing,Prophet,68.083333,0.0,test
2016-06-18 00:00:00,2016-06-19 00:00:00,24,Beijing,Prophet,65.333333,0.0,test
2016-06-18 01:00:00,2016-06-19 01:00:00,24,Beijing,Prophet,59.666667,0.0,test
2016-06-18 02:00:00,2016-06-19 02:00:00,24,Beijing,Prophet,57.5,0.0,test
2016-06-18 03:00:00,2016-06-19 03:00:00,24,Beijing,Prophet,58.083333,0.0,test
2016-06-18 04:00:00,2016-06-19 04:00:00,24,Beijing,Prophet,57.416667,0.0,test
2016-06-18 05:00:00,2016-06-19 05:00:00,24,Beijing,Prophet,59.0,0.0,test
2016-06-18 06:00:00,2016-06-19 06:00:00,24,Beijing,Prophet,57.916667,0.0,test
2016-06-18 07:00:00,2016-06-19 07:00:00,24,Beijing,Prophet,68.583333,0.0,test
2016-06-18 08:00:00,2016-06-19 08:00:00,24,Beijing,Prophet,84.333333,0.0,test
2016-06-18 09:00:00,2016-06-19 09:00:00,24,Beijing,Prophet,89.333333,0.0,test
2016-06-18 10:00:00,2016-06-19 10:00:00,24,Beijing,Prophet,83.5,0.0,test
2016-06-18 11:00:00,2016-06-19 11:00:00,24,Beijing,Prophet,71.5,0.0,test
2016-06-18 12:00:00,2016-06-19 12:00:00,24,Beijing,Prophet,57.166667,0.0,test
2016-06-18 13:00:00,2016-06-19 13:00:00,24,Beijing,Prophet,54.833333,0.0,test
2016-06-18 14:00:00,2016-06-19 14:00:00,24,Beijing,Prophet,42.333333,0.0,test
2016-06-18 15:00:00,2016-06-19 15:00:00,24,Beijing,Prophet,30.416667,0.0,test
2016-06-18 16:00:00,2016-06-19 16:00:00,24,Beijing,Prophet,31.0,0.0,test
2016-06-18 17:00:00,2016-06-19 17:00:00,24,Beijing,Prophet,28.25,0.0,test
2016-06-18 18:00:00,2016-06-19 18:00:00,24,Beijing,Prophet,32.416667,0.0,test
2016-06-18 19:00:00,2016-06-19 19:00:00,24,Beijing,Prophet,33.583333,0.0,test
2016-06-18 20:00:00,2016-06-19 20:00:00,24,Beijing,Prophet,38.666667,0.0,test
2016-06-18 21:00:00,2016-06-19 21:00:00,24,Beijing,Prophet,43.25,0.0,test
2016-06-18 22:00:00,2016-06-19 22:00:00,24,Beijing,Prophet,81.833333,0.0,test
2016-06-18 23:00:00,2016-06-19 23:00:00,24,Beijing,Prophet,121.416667,0.0,test
2016-06-19 00:00:00,2016-06-20 00:00:00,24,Beijing,Prophet,146.416667,0.0,test
2016-06-19 01:00:00,2016-06-20 01:00:00,24,Beijing,Prophet,159.083333,0.0,test
2016-06-19 02:00:00,2016-06-20 02:00:00,24,Beijing,Prophet,155.166667,0.0,test
2016-06-19 03:00:00,2016-06-20 03:00:00,24,Beijing,Prophet,147.0,0.0,test
2016-06-19 04:00:00,2016-06-20 04:00:00,24,Beijing,Prophet,118.583333,0.0,test
2016-06-19 05:00:00,2016-06-20 05:00:00,24,Beijing,Prophet,90.083333,0.0,test
2016-06-19 06:00:00,2016-06-20 06:00:00,24,Beijing,Prophet,90.916667,0.0,test
2016-06-19 07:00:00,2016-06-20 07:00:00,24,Beijing,Prophet,97.833333,0.0,test
2016-06-19 08:00:00,2016-06-20 08:00:00,24,Beijing,Prophet,97.083333,0.0,test
2016-06-19 09:00:00,2016-06-20 09:00:00,24,Beijing,Prophet,98.416667,0.0,test
2016-06-19 10:00:00,2016-06-20 10:00:00,24,Beijing,Prophet,97.1,0.0,test
2016-06-19 11:00:00,2016-06-20 11:00:00,24,Beijing,Prophet,95.825,0.0,test
2016-06-19 12:00:00,2016-06-20 12:00:00,24,Beijing,Prophet,87.654167,0.0,test
2016-06-19 13:00:00,2016-06-20 13:00:00,24,Beijing,Prophet,82.275,0.0,test
2016-06-19 14:00:00,2016-06-20 14:00:00,24,Beijing,Prophet,69.395833,0.0,test
2016-06-19 15:00:00,2016-06-20 15:00:00,24,Beijing,Prophet,64.666667,0.0,test
2016-06-19 16:00:00,2016-06-20 16:00:00,24,Beijing,Prophet,61.0,0.0,test
2016-06-19 17:00:00,2016-06-20 17:00:00,24,Beijing,Prophet,58.818182,0.0,test
2016-06-19 18:00:00,2016-06-20 18:00:00,24,Beijing,Prophet,51.454545,0.0,test
2016-06-19 19:00:00,2016-06-20 19:00:00,24,Beijing,Prophet,55.636364,0.0,test
2016-06-19 20:00:00,2016-06-20 20:00:00,24,Beijing,Prophet,52.0,0.0,test
2016-06-19 21:00:00,2016-06-20 21:00:00,24,Beijing,Prophet,50.818182,0.0,test
2016-06-19 22:00:00,2016-06-20 22:00:00,24,Beijing,Prophet,53.909091,0.0,test
2016-06-19 23:00:00,2016-06-20 23:00:00,24,Beijing,Prophet,57.727273,0.0,test
2016-06-20 00:00:00,2016-06-21 00:00:00,24,Beijing,Prophet,61.0,0.0,test
2016-06-20 01:00:00,2016-06-21 01:00:00,24,Beijing,Prophet,63.545455,0.0,test
2016-06-20 02:00:00,2016-06-21 02:00:00,24,Beijing,Prophet,64.0,0.0,test
2016-06-20 03:00:00,2016-06-21 03:00:00,24,Beijing,Prophet,64.272727,0.0,test
2016-06-20 04:00:00,2016-06-21 04:00:00,24,Beijing,Prophet,68.545455,0.0,test
2016-06-20 05:00:00,2016-06-21 05:00:00,24,Beijing,Prophet,77.181818,0.0,test
2016-06-20 06:00:00,2016-06-21 06:00:00,24,Beijing,Prophet,84.090909,0.0,test
2016-06-20 07:00:00,2016-06-21 07:00:00,24,Beijing,Prophet,90.727273,0.0,test
2016-06-20 08:00:00,2016-06-21 08:00:00,24,Beijing,Prophet,110.363636,0.0,test
2016-06-20 09:00:00,2016-06-21 09:00:00,24,Beijing,Prophet,134.545455,0.0,test
2016-06-20 10:00:00,2016-06-21 10:00:00,24,Beijing,Prophet,139.272727,0.0,test
2016-06-20 11:00:00,2016-06-21 11:00:00,24,Beijing,Prophet,133.818182,0.0,test
2016-06-20 12:00:00,2016-06-21 12:00:00,24,Beijing,Prophet,129.909091,0.0,test
2016-06-20 13:00:00,2016-06-21 13:00:00,24,Beijing,Prophet,124.363636,0.0,test
2016-06-20 14:00:00,2016-06-21 14:00:00,24,Beijing,Prophet,99.583333,0.0,test
2016-06-20 15:00:00,2016-06-21 15:00:00,24,Beijing,Prophet,89.0,0.0,test
2016-06-20 16:00:00,2016-06-21 16:00:00,24,Beijing,Prophet,89.541667,0.0,test
2016-06-20 17:00:00,2016-06-21 17:00:00,24,Beijing,Prophet,104.0,0.0,test
2016-06-20 18:00:00,2016-06-21 18:00:00,24,Beijing,Prophet,99.5,0.0,test
2016-06-20 19:00:00,2016-06-21 19:00:00,24,Beijing,Prophet,85.333333,0.0,test
2016-06-20 20:00:00,2016-06-21 20:00:00,24,Beijing,Prophet,44.416667,0.0,test
2016-06-20 21:00:00,2016-06-21 21:00:00,24,Beijing,Prophet,24.0,0.0,test
2016-06-20 22:00:00,2016-06-21 22:00:00,24,Beijing,Prophet,29.416667,0.0,test
2016-06-20 23:00:00,2016-06-21 23:00:00,24,Beijing,Prophet,34.916667,0.0,test
2016-06-21 00:00:00,2016-06-22 00:00:00,24,Beijing,Prophet,38.833333,0.0,test
2016-06-21 01:00:00,2016-06-22 01:00:00,24,Beijing,Prophet,40.25,0.0,test
2016-06-21 02:00:00,2016-06-22 02:00:00,24,Beijing,Prophet,33.916667,0.0,test
2016-06-21 03:00:00,2016-06-22 03:00:00,24,Beijing,Prophet,31.5,0.0,test
2016-06-21 04:00:00,2016-06-22 04:00:00,24,Beijing,Prophet,32.583333,0.0,test
2016-06-21 05:00:00,2016-06-22 05:00:00,24,Beijing,Prophet,34.583333,0.0,test
2016-06-21 06:00:00,2016-06-22 06:00:00,24,Beijing,Prophet,37.916667,0.0,test
2016-06-21 07:00:00,2016-06-22 07:00:00,24,Beijing,Prophet,39.333333,0.0,test
2016-06-21 08:00:00,2016-06-22 08:00:00,24,Beijing,Prophet,39.166667,0.0,test
2016-06-21 09:00:00,2016-06-22 09:00:00,24,Beijing,Prophet,42.666667,0.0,test
2016-06-21 10:00:00,2016-06-22 10:00:00,24,Beijing,Prophet,42.75,0.0,test
2016-06-21 11:00:00,2016-06-22 11:00:00,24,Beijing,Prophet,54.666667,0.0,test
2016-06-21 12:00:00,2016-06-22 12:00:00,24,Beijing,Prophet,68.083333,0.0,test
2016-06-21 13:00:00,2016-06-22 13:00:00,24,Beijing,Prophet,77.333333,0.0,test
2016-06-21 14:00:00,2016-06-22 14:00:00,24,Beijing,Prophet,77.75,0.0,test
2016-06-21 15:00:00,2016-06-22 15:00:00,24,Beijing,Prophet,74.083333,0.0,test
2016-06-21 16:00:00,2016-06-22 16:00:00,24,Beijing,Prophet,71.0,0.0,test
2016-06-21 17:00:00,2016-06-22 17:00:00,24,Beijing,Prophet,72.333333,0.0,test
2016-06-21 18:00:00,2016-06-22 18:00:00,24,Beijing,Prophet,72.333333,0.0,test
2016-06-21 19:00:00,2016-06-22 19:00:00,24,Beijing,Prophet,57.083333,0.0,test
2016-06-21 20:00:00,2016-06-22 20:00:00,24,Beijing,Prophet,49.75,0.0,test
2016-06-21 21:00:00,2016-06-22 21:00:00,24,Beijing,Prophet,53.333333,0.0,test
2016-06-21 22:00:00,2016-06-22 22:00:00,24,Beijing,Prophet,77.666667,0.0,test
2016-06-21 23:00:00,2016-06-22 23:00:00,24,Beijing,Prophet,88.916667,0.0,test
2016-06-22 00:00:00,2016-06-23 00:00:00,24,Beijing,Prophet,74.916667,0.0,test
2016-06-22 01:00:00,2016-06-23 01:00:00,24,Beijing,Prophet,70.916667,0.0,test
2016-06-22 02:00:00,2016-06-23 02:00:00,24,Beijing,Prophet,71.916667,0.0,test
2016-06-22 03:00:00,2016-06-23 03:00:00,24,Beijing,Prophet,76.0,0.0,test
2016-06-22 04:00:00,2016-06-23 04:00:00,24,Beijing,Prophet,86.583333,0.0,test
2016-06-22 05:00:00,2016-06-23 05:00:00,24,Beijing,Prophet,108.916667,0.0,test
2016-06-22 06:00:00,2016-06-23 06:00:00,24,Beijing,Prophet,127.0,0.0,test
2016-06-22 07:00:00,2016-06-23 07:00:00,24,Beijing,Prophet,121.333333,0.0,test
2016-06-22 08:00:00,2016-06-23 08:00:00,24,Beijing,Prophet,105.333333,0.0,test
2016-06-22 09:00:00,2016-06-23 09:00:00,24,Beijing,Prophet,74.666667,0.0,test
2016-06-22 10:00:00,2016-06-23 10:00:00,24,Beijing,Prophet,47.416667,0.0,test
2016-06-22 11:00:00,2016-06-23 11:00:00,24,Beijing,Prophet,44.083333,0.0,test
2016-06-22 12:00:00,2016-06-23 12:00:00,24,Beijing,Prophet,76.0,0.0,test
2016-06-22 13:00:00,2016-06-23 13:00:00,24,Beijing,Prophet,102.916667,0.0,test
2016-06-22 14:00:00,2016-06-23 14:00:00,24,Beijing,Prophet,91.833333,0.0,test
2016-06-22 15:00:00,2016-06-23 15:00:00,24,Beijing,Prophet,79.333333,0.0,test
2016-06-22 16:00:00,2016-06-23 16:00:00,24,Beijing,Prophet,66.333333,0.0,test
2016-06-22 17:00:00,2016-06-23 17:00:00,24,Beijing,Prophet,59.5,0.0,test
2016-06-22 18:00:00,2016-06-23 18:00:00,24,Beijing,Prophet,67.583333,0.0,test
2016-06-22 19:00:00,2016-06-23 19:00:00,24,Beijing,Prophet,70.583333,0.0,test
2016-06-22 20:00:00,2016-06-23 20:00:00,24,Beijing,Prophet,75.791667,0.0,test
2016-06-22 21:00:00,2016-06-23 21:00:00,24,Beijing,Prophet,64.888889,0.0,test
2016-06-22 22:00:00,2016-06-23 22:00:00,24,Beijing,Prophet,42.944444,0.0,test
2016-06-22 23:00:00,2016-06-23 23:00:00,24,Beijing,Prophet,33.833333,0.0,test
2016-06-23 00:00:00,2016-06-24 00:00:00,24,Beijing,Prophet,34.208333,0.0,test
2016-06-23 01:00:00,2016-06-24 01:00:00,24,Beijing,Prophet,35.25,0.0,test
2016-06-23 02:00:00,2016-06-24 02:00:00,24,Beijing,Prophet,34.416667,0.0,test
2016-06-23 03:00:00,2016-06-24 03:00:00,24,Beijing,Prophet,32.333333,0.0,test
2016-06-23 04:00:00,2016-06-24 04:00:00,24,Beijing,Prophet,26.5,0.0,test
2016-06-23 05:00:00,2016-06-24 05:00:00,24,Beijing,Prophet,19.5,0.0,test
2016-06-23 06:00:00,2016-06-24 06:00:00,24,Beijing,Prophet,10.333333,0.0,test
2016-06-23 07:00:00,2016-06-24 07:00:00,24,Beijing,Prophet,10.5,0.0,test
2016-06-23 08:00:00,2016-06-24 08:00:00,24,Beijing,Prophet,9.666667,0.0,test
2016-06-23 09:00:00,2016-06-24 09:00:00,24,Beijing,Prophet,8.5,0.0,test
2016-06-23 10:00:00,2016-06-24 10:00:00,24,Beijing,Prophet,8.388889,0.0,test
2016-06-23 11:00:00,2016-06-24 11:00:00,24,Beijing,Prophet,10.444444,0.0,test
2016-06-23 12:00:00,2016-06-24 12:00:00,24,Beijing,Prophet,6.625,0.0,test
2016-06-23 13:00:00,2016-06-24 13:00:00,24,Beijing,Prophet,6.833333,0.0,test
2016-06-23 14:00:00,2016-06-24 14:00:00,24,Beijing,Prophet,8.708333,0.0,test
2016-06-23 15:00:00,2016-06-24 15:00:00,24,Beijing,Prophet,6.666667,0.0,test
2016-06-23 16:00:00,2016-06-24 16:00:00,24,Beijing,Prophet,8.75,0.0,test
2016-06-23 17:00:00,2016-06-24 17:00:00,24,Beijing,Prophet,11.916667,0.0,test
2016-06-23 18:00:00,2016-06-24 18:00:00,24,Beijing,Prophet,7.75,0.0,test
2016-06-23 19:00:00,2016-06-24 19:00:00,24,Beijing,Prophet,8.416667,0.0,test
2016-06-23 20:00:00,2016-06-24 20:00:00,24,Beijing,Prophet,9.75,0.0,test
2016-06-23 21:00:00,2016-06-24 21:00:00,24,Beijing,Prophet,9.0,0.0,test
2016-06-23 22:00:00,2016-06-24 22:00:00,24,Beijing,Prophet,8.583333,0.0,test
2016-06-23 23:00:00,2016-06-24 23:00:00,24,Beijing,Prophet,7.083333,0.0,test
2016-06-24 00:00:00,2016-06-25 00:00:00,24,Beijing,Prophet,5.583333,0.0,test
2016-06-24 01:00:00,2016-06-25 01:00:00,24,Beijing,Prophet,6.083333,0.0,test
2016-06-24 02:00:00,2016-06-25 02:00:00,24,Beijing,Prophet,7.25,0.0,test
2016-06-24 03:00:00,2016-06-25 03:00:00,24,Beijing,Prophet,6.916667,0.0,test
2016-06-24 04:00:00,2016-06-25 04:00:00,24,Beijing,Prophet,7.583333,0.0,test
2016-06-24 05:00:00,2016-06-25 05:00:00,24,Beijing,Prophet,8.5,0.0,test
2016-06-24 06:00:00,2016-06-25 06:00:00,24,Beijing,Prophet,8.333333,0.0,test
2016-06-24 07:00:00,2016-06-25 07:00:00,24,Beijing,Prophet,10.25,0.0,test
2016-06-24 08:00:00,2016-06-25 08:00:00,24,Beijing,Prophet,11.5,0.0,test
2016-06-24 09:00:00,2016-06-25 09:00:00,24,Beijing,Prophet,9.791667,0.0,test
2016-06-24 10:00:00,2016-06-25 10:00:00,24,Beijing,Prophet,9.818182,0.0,test
2016-06-24 11:00:00,2016-06-25 11:00:00,24,Beijing,Prophet,11.727273,0.0,test
2016-06-24 12:00:00,2016-06-25 12:00:00,24,Beijing,Prophet,13.727273,0.0,test
2016-06-24 13:00:00,2016-06-25 13:00:00,24,Beijing,Prophet,18.181818,0.0,test
2016-06-24 14:00:00,2016-06-25 14:00:00,24,Beijing,Prophet,20.181818,0.0,test
2016-06-24 15:00:00,2016-06-25 15:00:00,24,Beijing,Prophet,21.727273,0.0,test
2016-06-24 16:00:00,2016-06-25 16:00:00,24,Beijing,Prophet,22.0,0.0,test
2016-06-24 17:00:00,2016-06-25 17:00:00,24,Beijing,Prophet,24.6,0.0,test
2016-06-24 18:00:00,2016-06-25 18:00:00,24,Beijing,Prophet,24.909091,0.0,test
2016-06-24 19:00:00,2016-06-25 19:00:00,24,Beijing,Prophet,27.363636,0.0,test
2016-06-24 20:00:00,2016-06-25 20:00:00,24,Beijing,Prophet,24.909091,0.0,test
2016-06-24 21:00:00,2016-06-25 21:00:00,24,Beijing,Prophet,32.454545,0.0,test
2016-06-24 22:00:00,2016-06-25 22:00:00,24,Beijing,Prophet,32.636364,0.0,test
2016-06-24 23:00:00,2016-06-25 23:00:00,24,Beijing,Prophet,34.0,0.0,test
2016-06-25 00:00:00,2016-06-26 00:00:00,24,Beijing,Prophet,35.090909,0.0,test
2016-06-25 01:00:00,2016-06-26 01:00:00,24,Beijing,Prophet,36.727273,0.0,test
2016-06-25 02:00:00,2016-06-26 02:00:00,24,Beijing,Prophet,37.090909,0.0,test
2016-06-25 03:00:00,2016-06-26 03:00:00,24,Beijing,Prophet,38.727273,0.0,test
2016-06-25 04:00:00,2016-06-26 04:00:00,24,Beijing,Prophet,38.909091,0.0,test
2016-06-25 05:00:00,2016-06-26 05:00:00,24,Beijing,Prophet,39.272727,0.0,test
2016-06-25 06:00:00,2016-06-26 06:00:00,24,Beijing,Prophet,37.636364,0.0,test
2016-06-25 07:00:00,2016-06-26 07:00:00,24,Beijing,Prophet,34.363636,0.0,test
2016-06-25 08:00:00,2016-06-26 08:00:00,24,Beijing,Prophet,37.545455,0.0,test
2016-06-25 09:00:00,2016-06-26 09:00:00,24,Beijing,Prophet,35.545455,0.0,test
2016-06-25 10:00:00,2016-06-26 10:00:00,24,Beijing,Prophet,35.818182,0.0,test
2016-06-25 11:00:00,2016-06-26 11:00:00,24,Beijing,Prophet,41.090909,0.0,test
2016-06-25 12:00:00,2016-06-26 12:00:00,24,Beijing,Prophet,45.636364,0.0,test
2016-06-25 13:00:00,2016-06-26 13:00:00,24,Beijing,Prophet,45.545455,0.0,test
2016-06-25 14:00:00,2016-06-26 14:00:00,24,Beijing,Prophet,42.181818,0.0,test
2016-06-25 15:00:00,2016-06-26 15:00:00,24,Beijing,Prophet,40.181818,0.0,test
2016-06-25 16:00:00,2016-06-26 16:00:00,24,Beijing,Prophet,37.181818,0.0,test
2016-06-25 17:00:00,2016-06-26 17:00:00,24,Beijing,Prophet,37.272727,0.0,test
2016-06-25 18:00:00,2016-06-26 18:00:00,24,Beijing,Prophet,41.113636,0.0,test
2016-06-25 19:00:00,2016-06-26 19:00:00,24,Beijing,Prophet,44.045455,0.0,test
2016-06-25 20:00:00,2016-06-26 20:00:00,24,Beijing,Prophet,44.159091,0.0,test
2016-06-25 21:00:00,2016-06-26 21:00:00,24,Beijing,Prophet,47.363636,0.0,test
2016-06-25 22:00:00,2016-06-26 22:00:00,24,Beijing,Prophet,46.090909,0.0,test
2016-06-25 23:00:00,2016-06-26 23:00:00,24,Beijing,Prophet,45.818182,0.0,test
2016-06-26 00:00:00,2016-06-27 00:00:00,24,Beijing,Prophet,44.636364,0.0,test
2016-06-26 01:00:00,2016-06-27 01:00:00,24,Beijing,Prophet,44.727273,0.0,test
2016-06-26 02:00:00,2016-06-27 02:00:00,24,Beijing,Prophet,48.636364,0.0,test
2016-06-26 03:00:00,2016-06-27 03:00:00,24,Beijing,Prophet,51.909091,0.0,test
2016-06-26 04:00:00,2016-06-27 04:00:00,24,Beijing,Prophet,53.818182,0.0,test
2016-06-26 05:00:00,2016-06-27 05:00:00,24,Beijing,Prophet,58.727273,0.0,test
2016-06-26 06:00:00,2016-06-27 06:00:00,24,Beijing,Prophet,62.727273,0.0,test
2016-06-26 07:00:00,2016-06-27 07:00:00,24,Beijing,Prophet,65.454545,0.0,test
2016-06-26 08:00:00,2016-06-27 08:00:00,24,Beijing,Prophet,60.545455,0.0,test
2016-06-26 09:00:00,2016-06-27 09:00:00,24,Beijing,Prophet,51.636364,0.0,test
2016-06-26 10:00:00,2016-06-27 10:00:00,24,Beijing,Prophet,46.272727,0.0,test
2016-06-26 11:00:00,2016-06-27 11:00:00,24,Beijing,Prophet,49.0,0.0,test
2016-06-26 12:00:00,2016-06-27 12:00:00,24,Beijing,Prophet,55.5,0.0,test
2016-06-26 13:00:00,2016-06-27 13:00:00,24,Beijing,Prophet,58.25,0.0,test
2016-06-26 14:00:00,2016-06-27 14:00:00,24,Beijing,Prophet,70.5,0.0,test
2016-06-26 15:00:00,2016-06-27 15:00:00,24,Beijing,Prophet,73.833333,0.0,test
2016-06-26 16:00:00,2016-06-27 16:00:00,24,Beijing,Prophet,78.083333,0.0,test
2016-06-26 17:00:00,2016-06-27 17:00:00,24,Beijing,Prophet,77.666667,0.0,test
2016-06-26 18:00:00,2016-06-27 18:00:00,24,Beijing,Prophet,77.333333,0.0,test
2016-06-26 19:00:00,2016-06-27 19:00:00,24,Beijing,Prophet,71.666667,0.0,test
2016-06-26 20:00:00,2016-06-27 20:00:00,24,Beijing,Prophet,56.333333,0.0,test
2016-06-26 21:00:00,2016-06-27 21:00:00,24,Beijing,Prophet,52.333333,0.0,test
2016-06-26 22:00:00,2016-06-27 22:00:00,24,Beijing,Prophet,50.0,0.0,test
2016-06-26 23:00:00,2016-06-27 23:00:00,24,Beijing,Prophet,52.75,0.0,test
2016-06-27 00:00:00,2016-06-28 00:00:00,24,Beijing,Prophet,56.916667,0.0,test
2016-06-27 01:00:00,2016-06-28 01:00:00,24,Beijing,Prophet,58.666667,0.0,test
2016-06-27 02:00:00,2016-06-28 02:00:00,24,Beijing,Prophet,63.083333,0.0,test
2016-06-27 03:00:00,2016-06-28 03:00:00,24,Beijing,Prophet,63.0,0.0,test
2016-06-27 04:00:00,2016-06-28 04:00:00,24,Beijing,Prophet,62.583333,0.0,test
2016-06-27 05:00:00,2016-06-28 05:00:00,24,Beijing,Prophet,62.333333,0.0,test
2016-06-27 06:00:00,2016-06-28 06:00:00,24,Beijing,Prophet,59.416667,0.0,test
2016-06-27 07:00:00,2016-06-28 07:00:00,24,Beijing,Prophet,50.083333,0.0,test
2016-06-27 08:00:00,2016-06-28 08:00:00,24,Beijing,Prophet,33.416667,0.0,test
2016-06-27 09:00:00,2016-06-28 09:00:00,24,Beijing,Prophet,30.083333,0.0,test
2016-06-27 10:00:00,2016-06-28 10:00:00,24,Beijing,Prophet,29.25,0.0,test
2016-06-27 11:00:00,2016-06-28 11:00:00,24,Beijing,Prophet,38.416667,0.0,test
2016-06-27 12:00:00,2016-06-28 12:00:00,24,Beijing,Prophet,47.166667,0.0,test
2016-06-27 13:00:00,2016-06-28 13:00:00,24,Beijing,Prophet,54.416667,0.0,test
2016-06-27 14:00:00,2016-06-28 14:00:00,24,Beijing,Prophet,60.583333,0.0,test
2016-06-27 15:00:00,2016-06-28 15:00:00,24,Beijing,Prophet,66.25,0.0,test
2016-06-27 16:00:00,2016-06-28 16:00:00,24,Beijing,Prophet,75.666667,0.0,test
2016-06-27 17:00:00,2016-06-28 17:00:00,24,Beijing,Prophet,87.0,0.0,test
2016-06-27 18:00:00,2016-06-28 18:00:00,24,Beijing,Prophet,94.333333,0.0,test
2016-06-27 19:00:00,2016-06-28 19:00:00,24,Beijing,Prophet,96.583333,0.0,test
2016-06-27 20:00:00,2016-06-28 20:00:00,24,Beijing,Prophet,102.0,0.0,test
2016-06-27 21:00:00,2016-06-28 21:00:00,24,Beijing,Prophet,108.166667,0.0,test
2016-06-27 22:00:00,2016-06-28 22:00:00,24,Beijing,Prophet,111.416667,0.0,test
2016-06-27 23:00:00,2016-06-28 23:00:00,24,Beijing,Prophet,111.833333,0.0,test
2016-06-28 00:00:00,2016-06-29 00:00:00,24,Beijing,Prophet,106.916667,0.0,test
2016-06-28 01:00:00,2016-06-29 01:00:00,24,Beijing,Prophet,101.166667,0.0,test
2016-06-28 02:00:00,2016-06-29 02:00:00,24,Beijing,Prophet,98.0,0.0,test
2016-06-28 03:00:00,2016-06-29 03:00:00,24,Beijing,Prophet,98.833333,0.0,test
2016-06-28 04:00:00,2016-06-29 04:00:00,24,Beijing,Prophet,102.0,0.0,test
2016-06-28 05:00:00,2016-06-29 05:00:00,24,Beijing,Prophet,106.5,0.0,test
2016-06-28 06:00:00,2016-06-29 06:00:00,24,Beijing,Prophet,106.0,0.0,test
2016-06-28 07:00:00,2016-06-29 07:00:00,24,Beijing,Prophet,108.583333,0.0,test
2016-06-28 08:00:00,2016-06-29 08:00:00,24,Beijing,Prophet,117.166667,0.0,test
2016-06-28 09:00:00,2016-06-29 09:00:00,24,Beijing,Prophet,119.833333,0.0,test
2016-06-28 10:00:00,2016-06-29 10:00:00,24,Beijing,Prophet,114.75,0.0,test
2016-06-28 11:00:00,2016-06-29 11:00:00,24,Beijing,Prophet,105.416667,0.0,test
2016-06-28 12:00:00,2016-06-29 12:00:00,24,Beijing,Prophet,110.083333,0.0,test
2016-06-28 13:00:00,2016-06-29 13:00:00,24,Beijing,Prophet,115.583333,0.0,test
2016-06-28 14:00:00,2016-06-29 14:00:00,24,Beijing,Prophet,113.75,0.0,test
2016-06-28 15:00:00,2016-06-29 15:00:00,24,Beijing,Prophet,110.25,0.0,test
2016-06-28 16:00:00,2016-06-29 16:00:00,24,Beijing,Prophet,106.583333,0.0,test
2016-06-28 17:00:00,2016-06-29 17:00:00,24,Beijing,Prophet,113.916667,0.0,test
2016-06-28 18:00:00,2016-06-29 18:00:00,24,Beijing,Prophet,116.75,0.0,test
2016-06-28 19:00:00,2016-06-29 19:00:00,24,Beijing,Prophet,122.583333,0.0,test
2016-06-28 20:00:00,2016-06-29 20:00:00,24,Beijing,Prophet,120.416667,0.0,test
2016-06-28 21:00:00,2016-06-29 21:00:00,24,Beijing,Prophet,123.083333,0.0,test
2016-06-28 22:00:00,2016-06-29 22:00:00,24,Beijing,Prophet,115.083333,0.0,test
2016-06-28 23:00:00,2016-06-29 23:00:00,24,Beijing,Prophet,106.666667,0.0,test
2016-06-29 00:00:00,2016-06-30 00:00:00,24,Beijing,Prophet,89.333333,0.0,test
2016-06-29 01:00:00,2016-06-30 01:00:00,24,Beijing,Prophet,80.583333,0.0,test
2016-06-29 02:00:00,2016-06-30 02:00:00,24,Beijing,Prophet,82.166667,0.0,test
2016-06-29 03:00:00,2016-06-30 03:00:00,24,Beijing,Prophet,67.0,0.0,test
2016-06-29 04:00:00,2016-06-30 04:00:00,24,Beijing,Prophet,57.0,0.0,test
2016-06-29 05:00:00,2016-06-30 05:00:00,24,Beijing,Prophet,56.25,0.0,test
2016-06-29 06:00:00,2016-06-30 06:00:00,24,Beijing,Prophet,61.916667,0.0,test
2016-06-29 07:00:00,2016-06-30 07:00:00,24,Beijing,Prophet,61.833333,0.0,test
2016-06-29 08:00:00,2016-06-30 08:00:00,24,Beijing,Prophet,69.75,0.0,test
2016-06-29 09:00:00,2016-06-30 09:00:00,24,Beijing,Prophet,71.583333,0.0,test
2016-06-29 10:00:00,2016-06-30 10:00:00,24,Beijing,Prophet,67.0,0.0,test
2016-06-29 11:00:00,2016-06-30 11:00:00,24,Beijing,Prophet,66.5,0.0,test
2016-06-29 12:00:00,2016-06-30 12:00:00,24,Beijing,Prophet,56.75,0.0,test
2016-06-29 13:00:00,2016-06-30 13:00:00,24,Beijing,Prophet,51.0,0.0,test
2016-06-29 14:00:00,2016-06-30 14:00:00,24,Beijing,Prophet,48.25,0.0,test
2016-06-29 15:00:00,2016-06-30 15:00:00,24,Beijing,Prophet,41.083333,0.0,test
2016-06-29 16:00:00,2016-06-30 16:00:00,24,Beijing,Prophet,34.25,0.0,test
2016-06-29 17:00:00,2016-06-30 17:00:00,24,Beijing,Prophet,30.25,0.0,test
2016-06-29 18:00:00,2016-06-30 18:00:00,24,Beijing,Prophet,30.083333,0.0,test
2016-06-29 19:00:00,2016-06-30 19:00:00,24,Beijing,Prophet,39.75,0.0,test
2016-06-29 20:00:00,2016-06-30 20:00:00,24,Beijing,Prophet,56.75,0.0,test
2016-06-29 21:00:00,2016-06-30 21:00:00,24,Beijing,Prophet,69.166667,0.0,test
2016-06-29 22:00:00,2016-06-30 22:00:00,24,Beijing,Prophet,85.416667,0.0,test
2016-06-29 23:00:00,2016-06-30 23:00:00,24,Beijing,Prophet,90.166667,0.0,test
2016-06-30 00:00:00,2016-07-01 00:00:00,24,Beijing,Prophet,26.666667,0.0,test
2016-06-30 01:00:00,2016-07-01 01:00:00,24,Beijing,Prophet,8.416667,0.0,test
2016-06-30 02:00:00,2016-07-01 02:00:00,24,Beijing,Prophet,9.5,0.0,test
2016-06-30 03:00:00,2016-07-01 03:00:00,24,Beijing,Prophet,9.583333,0.0,test
2016-06-30 04:00:00,2016-07-01 04:00:00,24,Beijing,Prophet,10.916667,0.0,test
2016-06-30 05:00:00,2016-07-01 05:00:00,24,Beijing,Prophet,10.75,0.0,test
2016-06-30 06:00:00,2016-07-01 06:00:00,24,Beijing,Prophet,10.666667,0.0,test
2016-06-30 07:00:00,2016-07-01 07:00:00,24,Beijing,Prophet,11.5,0.0,test
2016-06-30 08:00:00,2016-07-01 08:00:00,24,Beijing,Prophet,10.416667,0.0,test
2016-06-30 09:00:00,2016-07-01 09:00:00,24,Beijing,Prophet,8.333333,0.0,test
2016-06-30 10:00:00,2016-07-01 10:00:00,24,Beijing,Prophet,6.666667,0.0,test
2016-06-30 11:00:00,2016-07-01 11:00:00,24,Beijing,Prophet,7.666667,0.0,test
2016-06-30 12:00:00,2016-07-01 12:00:00,24,Beijing,Prophet,6.833333,0.0,test
2016-06-30 13:00:00,2016-07-01 13:00:00,24,Beijing,Prophet,8.833333,0.0,test
2016-06-30 14:00:00,2016-07-01 14:00:00,24,Beijing,Prophet,9.138889,0.0,test
2016-06-30 15:00:00,2016-07-01 15:00:00,24,Beijing,Prophet,9.194444,0.0,test
2016-06-30 16:00:00,2016-07-01 16:00:00,24,Beijing,Prophet,7.333333,0.0,test
2016-06-30 17:00:00,2016-07-01 17:00:00,24,Beijing,Prophet,10.083333,0.0,test
2016-06-30 18:00:00,2016-07-01 18:00:00,24,Beijing,Prophet,15.25,0.0,test
2016-06-30 19:00:00,2016-07-01 19:00:00,24,Beijing,Prophet,19.333333,0.0,test
2016-06-30 20:00:00,2016-07-01 20:00:00,24,Beijing,Prophet,20.25,0.0,test
2016-06-30 21:00:00,2016-07-01 21:00:00,24,Beijing,Prophet,23.25,0.0,test
2016-06-30 22:00:00,2016-07-01 22:00:00,24,Beijing,Prophet,28.25,0.0,test
2016-06-30 23:00:00,2016-07-01 23:00:00,24,Beijing,Prophet,27.583333,0.0,test
2016-07-01 00:00:00,2016-07-02 00:00:00,24,Beijing,Prophet,27.583333,0.0,test
2016-07-01 01:00:00,2016-07-02 01:00:00,24,Beijing,Prophet,31.166667,0.0,test
2016-07-01 02:00:00,2016-07-02 02:00:00,24,Beijing,Prophet,35.5,0.0,test
2016-07-01 03:00:00,2016-07-02 03:00:00,24,Beijing,Prophet,41.666667,0.0,test
2016-07-01 04:00:00,2016-07-02 04:00:00,24,Beijing,Prophet,46.5,0.0,test
2016-07-01 05:00:00,2016-07-02 05:00:00,24,Beijing,Prophet,49.416667,0.0,test
2016-07-01 06:00:00,2016-07-02 06:00:00,24,Beijing,Prophet,58.5,0.0,test
2016-07-01 07:00:00,2016-07-02 07:00:00,24,Beijing,Prophet,74.083333,0.0,test
2016-07-01 08:00:00,2016-07-02 08:00:00,24,Beijing,Prophet,88.0,0.0,test
2016-07-01 09:00:00,2016-07-02 09:00:00,24,Beijing,Prophet,84.541667,0.0,test
2016-07-01 10:00:00,2016-07-02 10:00:00,24,Beijing,Prophet,71.583333,0.0,test
2016-07-01 11:00:00,2016-07-02 11:00:00,24,Beijing,Prophet,64.041667,0.0,test
2016-07-01 12:00:00,2016-07-02 12:00:00,24,Beijing,Prophet,58.083333,0.0,test
2016-07-01 13:00:00,2016-07-02 13:00:00,24,Beijing,Prophet,43.375,0.0,test
2016-07-01 14:00:00,2016-07-02 14:00:00,24,Beijing,Prophet,30.583333,0.0,test
2016-07-01 15:00:00,2016-07-02 15:00:00,24,Beijing,Prophet,25.25,0.0,test
2016-07-01 16:00:00,2016-07-02 16:00:00,24,Beijing,Prophet,22.75,0.0,test
2016-07-01 17:00:00,2016-07-02 17:00:00,24,Beijing,Prophet,24.75,0.0,test
2016-07-01 18:00:00,2016-07-02 18:00:00,24,Beijing,Prophet,26.666667,0.0,test
2016-07-01 19:00:00,2016-07-02 19:00:00,24,Beijing,Prophet,24.625,0.0,test
2016-07-01 20:00:00,2016-07-02 20:00:00,24,Beijing,Prophet,24.666667,0.0,test
2016-07-01 21:00:00,2016-07-02 21:00:00,24,Beijing,Prophet,32.75,0.0,test
2016-07-01 22:00:00,2016-07-02 22:00:00,24,Beijing,Prophet,38.958333,0.0,test
2016-07-01 23:00:00,2016-07-02 23:00:00,24,Beijing,Prophet,43.75,0.0,test
2016-07-02 00:00:00,2016-07-03 00:00:00,24,Beijing,Prophet,43.666667,0.0,test
2016-07-02 01:00:00,2016-07-03 01:00:00,24,Beijing,Prophet,51.166667,0.0,test
2016-07-02 02:00:00,2016-07-03 02:00:00,24,Beijing,Prophet,56.0,0.0,test
2016-07-02 03:00:00,2016-07-03 03:00:00,24,Beijing,Prophet,59.416667,0.0,test
2016-07-02 04:00:00,2016-07-03 04:00:00,24,Beijing,Prophet,61.333333,0.0,test
2016-07-02 05:00:00,2016-07-03 05:00:00,24,Beijing,Prophet,57.666667,0.0,test
2016-07-02 06:00:00,2016-07-03 06:00:00,24,Beijing,Prophet,59.416667,0.0,test
2016-07-02 07:00:00,2016-07-03 07:00:00,24,Beijing,Prophet,64.25,0.0,test
2016-07-02 08:00:00,2016-07-03 08:00:00,24,Beijing,Prophet,79.0,0.0,test
2016-07-02 09:00:00,2016-07-03 09:00:00,24,Beijing,Prophet,89.833333,0.0,test
2016-07-02 10:00:00,2016-07-03 10:00:00,24,Beijing,Prophet,91.833333,0.0,test
2016-07-02 11:00:00,2016-07-03 11:00:00,24,Beijing,Prophet,89.333333,0.0,test
2016-07-02 12:00:00,2016-07-03 12:00:00,24,Beijing,Prophet,89.333333,0.0,test
2016-07-02 13:00:00,2016-07-03 13:00:00,24,Beijing,Prophet,83.166667,0.0,test
2016-07-02 14:00:00,2016-07-03 14:00:00,24,Beijing,Prophet,76.416667,0.0,test
2016-07-02 15:00:00,2016-07-03 15:00:00,24,Beijing,Prophet,75.833333,0.0,test
2016-07-02 16:00:00,2016-07-03 16:00:00,24,Beijing,Prophet,76.166667,0.0,test
2016-07-02 17:00:00,2016-07-03 17:00:00,24,Beijing,Prophet,78.25,0.0,test
2016-07-02 18:00:00,2016-07-03 18:00:00,24,Beijing,Prophet,81.25,0.0,test
2016-07-02 19:00:00,2016-07-03 19:00:00,24,Beijing,Prophet,92.0,0.0,test
2016-07-02 20:00:00,2016-07-03 20:00:00,24,Beijing,Prophet,93.166667,0.0,test
2016-07-02 21:00:00,2016-07-03 21:00:00,24,Beijing,Prophet,97.75,0.0,test
2016-07-02 22:00:00,2016-07-03 22:00:00,24,Beijing,Prophet,107.083333,0.0,test
2016-07-02 23:00:00,2016-07-03 23:00:00,24,Beijing,Prophet,115.666667,0.0,test
2016-07-03 00:00:00,2016-07-04 00:00:00,24,Beijing,Prophet,128.25,0.0,test
2016-07-03 01:00:00,2016-07-04 01:00:00,24,Beijing,Prophet,137.583333,0.0,test
2016-07-03 02:00:00,2016-07-04 02:00:00,24,Beijing,Prophet,145.166667,0.0,test
2016-07-03 03:00:00,2016-07-04 03:00:00,24,Beijing,Prophet,163.916667,0.0,test
2016-07-03 04:00:00,2016-07-04 04:00:00,24,Beijing,Prophet,200.583333,0.0,test
2016-07-03 05:00:00,2016-07-04 05:00:00,24,Beijing,Prophet,208.666667,0.0,test
2016-07-03 06:00:00,2016-07-04 06:00:00,24,Beijing,Prophet,202.0,0.0,test
2016-07-03 07:00:00,2016-07-04 07:00:00,24,Beijing,Prophet,197.25,0.0,test
2016-07-03 08:00:00,2016-07-04 08:00:00,24,Beijing,Prophet,185.166667,0.0,test
2016-07-03 09:00:00,2016-07-04 09:00:00,24,Beijing,Prophet,172.083333,0.0,test
2016-07-03 10:00:00,2016-07-04 10:00:00,24,Beijing,Prophet,150.25,0.0,test
2016-07-03 11:00:00,2016-07-04 11:00:00,24,Beijing,Prophet,126.916667,0.0,test
2016-07-03 12:00:00,2016-07-04 12:00:00,24,Beijing,Prophet,112.333333,0.0,test
2016-07-03 13:00:00,2016-07-04 13:00:00,24,Beijing,Prophet,103.75,0.0,test
2016-07-03 14:00:00,2016-07-04 14:00:00,24,Beijing,Prophet,108.083333,0.0,test
2016-07-03 15:00:00,2016-07-04 15:00:00,24,Beijing,Prophet,108.208333,0.0,test
2016-07-03 16:00:00,2016-07-04 16:00:00,24,Beijing,Prophet,101.916667,0.0,test
2016-07-03 17:00:00,2016-07-04 17:00:00,24,Beijing,Prophet,100.916667,0.0,test
2016-07-03 18:00:00,2016-07-04 18:00:00,24,Beijing,Prophet,103.166667,0.0,test
2016-07-03 19:00:00,2016-07-04 19:00:00,24,Beijing,Prophet,102.333333,0.0,test
2016-07-03 20:00:00,2016-07-04 20:00:00,24,Beijing,Prophet,99.25,0.0,test
2016-07-03 21:00:00,2016-07-04 21:00:00,24,Beijing,Prophet,71.583333,0.0,test
2016-07-03 22:00:00,2016-07-04 22:00:00,24,Beijing,Prophet,56.916667,0.0,test
2016-07-03 23:00:00,2016-07-04 23:00:00,24,Beijing,Prophet,49.944444,0.0,test
2016-07-04 00:00:00,2016-07-05 00:00:00,24,Beijing,Prophet,60.138889,0.0,test
2016-07-04 01:00:00,2016-07-05 01:00:00,24,Beijing,Prophet,80.833333,0.0,test
2016-07-04 02:00:00,2016-07-05 02:00:00,24,Beijing,Prophet,100.666667,0.0,test
2016-07-04 03:00:00,2016-07-05 03:00:00,24,Beijing,Prophet,110.0,0.0,test
2016-07-04 04:00:00,2016-07-05 04:00:00,24,Beijing,Prophet,112.75,0.0,test
2016-07-04 05:00:00,2016-07-05 05:00:00,24,Beijing,Prophet,115.75,0.0,test
2016-07-04 06:00:00,2016-07-05 06:00:00,24,Beijing,Prophet,113.0,0.0,test
2016-07-04 07:00:00,2016-07-05 07:00:00,24,Beijing,Prophet,110.583333,0.0,test
2016-07-04 08:00:00,2016-07-05 08:00:00,24,Beijing,Prophet,109.666667,0.0,test
2016-07-04 09:00:00,2016-07-05 09:00:00,24,Beijing,Prophet,101.583333,0.0,test
2016-07-04 10:00:00,2016-07-05 10:00:00,24,Beijing,Prophet,98.25,0.0,test
2016-07-04 11:00:00,2016-07-05 11:00:00,24,Beijing,Prophet,91.416667,0.0,test
2016-07-04 12:00:00,2016-07-05 12:00:00,24,Beijing,Prophet,88.166667,0.0,test
2016-07-04 13:00:00,2016-07-05 13:00:00,24,Beijing,Prophet,88.083333,0.0,test
2016-07-04 14:00:00,2016-07-05 14:00:00,24,Beijing,Prophet,87.416667,0.0,test
2016-07-04 15:00:00,2016-07-05 15:00:00,24,Beijing,Prophet,83.583333,0.0,test
2016-07-04 16:00:00,2016-07-05 16:00:00,24,Beijing,Prophet,85.333333,0.0,test
2016-07-04 17:00:00,2016-07-05 17:00:00,24,Beijing,Prophet,81.916667,0.0,test
2016-07-04 18:00:00,2016-07-05 18:00:00,24,Beijing,Prophet,79.166667,0.0,test
2016-07-04 19:00:00,2016-07-05 19:00:00,24,Beijing,Prophet,79.833333,0.0,test
2016-07-04 20:00:00,2016-07-05 20:00:00,24,Beijing,Prophet,81.333333,0.0,test
2016-07-04 21:00:00,2016-07-05 21:00:00,24,Beijing,Prophet,85.25,0.0,test
2016-07-04 22:00:00,2016-07-05 22:00:00,24,Beijing,Prophet,92.5,0.0,test
2016-07-04 23:00:00,2016-07-05 23:00:00,24,Beijing,Prophet,99.833333,0.0,test
2016-07-05 00:00:00,2016-07-06 00:00:00,24,Beijing,Prophet,95.583333,0.0,test
2016-07-05 01:00:00,2016-07-06 01:00:00,24,Beijing,Prophet,83.25,0.0,test
2016-07-05 02:00:00,2016-07-06 02:00:00,24,Beijing,Prophet,73.083333,0.0,test
2016-07-05 03:00:00,2016-07-06 03:00:00,24,Beijing,Prophet,64.5,0.0,test
2016-07-05 04:00:00,2016-07-06 04:00:00,24,Beijing,Prophet,62.166667,0.0,test
2016-07-05 05:00:00,2016-07-06 05:00:00,24,Beijing,Prophet,72.666667,0.0,test
2016-07-05 06:00:00,2016-07-06 06:00:00,24,Beijing,Prophet,76.083333,0.0,test
2016-07-05 07:00:00,2016-07-06 07:00:00,24,Beijing,Prophet,87.0,0.0,test
2016-07-05 08:00:00,2016-07-06 08:00:00,24,Beijing,Prophet,99.0,0.0,test
2016-07-05 09:00:00,2016-07-06 09:00:00,24,Beijing,Prophet,102.75,0.0,test
2016-07-05 10:00:00,2016-07-06 10:00:00,24,Beijing,Prophet,104.666667,0.0,test
2016-07-05 11:00:00,2016-07-06 11:00:00,24,Beijing,Prophet,102.666667,0.0,test
2016-07-05 12:00:00,2016-07-06 12:00:00,24,Beijing,Prophet,95.25,0.0,test
2016-07-05 13:00:00,2016-07-06 13:00:00,24,Beijing,Prophet,81.833333,0.0,test
2016-07-05 14:00:00,2016-07-06 14:00:00,24,Beijing,Prophet,73.333333,0.0,test
2016-07-05 15:00:00,2016-07-06 15:00:00,24,Beijing,Prophet,66.0,0.0,test
2016-07-05 16:00:00,2016-07-06 16:00:00,24,Beijing,Prophet,53.083333,0.0,test
2016-07-05 17:00:00,2016-07-06 17:00:00,24,Beijing,Prophet,45.833333,0.0,test
2016-07-05 18:00:00,2016-07-06 18:00:00,24,Beijing,Prophet,43.916667,0.0,test
2016-07-05 19:00:00,2016-07-06 19:00:00,24,Beijing,Prophet,47.583333,0.0,test
2016-07-05 20:00:00,2016-07-06 20:00:00,24,Beijing,Prophet,54.416667,0.0,test
2016-07-05 21:00:00,2016-07-06 21:00:00,24,Beijing,Prophet,63.25,0.0,test
2016-07-05 22:00:00,2016-07-06 22:00:00,24,Beijing,Prophet,73.0,0.0,test
2016-07-05 23:00:00,2016-07-06 23:00:00,24,Beijing,Prophet,80.666667,0.0,test
2016-07-06 00:00:00,2016-07-07 00:00:00,24,Beijing,Prophet,85.666667,0.0,test
2016-07-06 01:00:00,2016-07-07 01:00:00,24,Beijing,Prophet,87.916667,0.0,test
2016-07-06 02:00:00,2016-07-07 02:00:00,24,Beijing,Prophet,92.333333,0.0,test
2016-07-06 03:00:00,2016-07-07 03:00:00,24,Beijing,Prophet,92.416667,0.0,test
2016-07-06 04:00:00,2016-07-07 04:00:00,24,Beijing,Prophet,97.166667,0.0,test
2016-07-06 05:00:00,2016-07-07 05:00:00,24,Beijing,Prophet,104.916667,0.0,test
2016-07-06 06:00:00,2016-07-07 06:00:00,24,Beijing,Prophet,120.583333,0.0,test
2016-07-06 07:00:00,2016-07-07 07:00:00,24,Beijing,Prophet,116.916667,0.0,test
2016-07-06 08:00:00,2016-07-07 08:00:00,24,Beijing,Prophet,119.75,0.0,test
2016-07-06 09:00:00,2016-07-07 09:00:00,24,Beijing,Prophet,121.083333,0.0,test
2016-07-06 10:00:00,2016-07-07 10:00:00,24,Beijing,Prophet,125.916667,0.0,test
2016-07-06 11:00:00,2016-07-07 11:00:00,24,Beijing,Prophet,128.916667,0.0,test
2016-07-06 12:00:00,2016-07-07 12:00:00,24,Beijing,Prophet,128.666667,0.0,test
2016-07-06 13:00:00,2016-07-07 13:00:00,24,Beijing,Prophet,126.75,0.0,test
2016-07-06 14:00:00,2016-07-07 14:00:00,24,Beijing,Prophet,118.666667,0.0,test
2016-07-06 15:00:00,2016-07-07 15:00:00,24,Beijing,Prophet,113.5,0.0,test
2016-07-06 16:00:00,2016-07-07 16:00:00,24,Beijing,Prophet,110.083333,0.0,test
2016-07-06 17:00:00,2016-07-07 17:00:00,24,Beijing,Prophet,110.916667,0.0,test
2016-07-06 18:00:00,2016-07-07 18:00:00,24,Beijing,Prophet,112.916667,0.0,test
2016-07-06 19:00:00,2016-07-07 19:00:00,24,Beijing,Prophet,121.416667,0.0,test
2016-07-06 20:00:00,2016-07-07 20:00:00,24,Beijing,Prophet,120.583333,0.0,test
2016-07-06 21:00:00,2016-07-07 21:00:00,24,Beijing,Prophet,103.583333,0.0,test
2016-07-06 22:00:00,2016-07-07 22:00:00,24,Beijing,Prophet,91.333333,0.0,test
2016-07-06 23:00:00,2016-07-07 23:00:00,24,Beijing,Prophet,82.75,0.0,test
2016-07-07 00:00:00,2016-07-08 00:00:00,24,Beijing,Prophet,74.333333,0.0,test
2016-07-07 01:00:00,2016-07-08 01:00:00,24,Beijing,Prophet,65.25,0.0,test
2016-07-07 02:00:00,2016-07-08 02:00:00,24,Beijing,Prophet,63.916667,0.0,test
2016-07-07 03:00:00,2016-07-08 03:00:00,24,Beijing,Prophet,61.0,0.0,test
2016-07-07 04:00:00,2016-07-08 04:00:00,24,Beijing,Prophet,62.083333,0.0,test
2016-07-07 05:00:00,2016-07-08 05:00:00,24,Beijing,Prophet,64.583333,0.0,test
2016-07-07 06:00:00,2016-07-08 06:00:00,24,Beijing,Prophet,65.166667,0.0,test
2016-07-07 07:00:00,2016-07-08 07:00:00,24,Beijing,Prophet,68.75,0.0,test
2016-07-07 08:00:00,2016-07-08 08:00:00,24,Beijing,Prophet,71.0,0.0,test
2016-07-07 09:00:00,2016-07-08 09:00:00,24,Beijing,Prophet,79.416667,0.0,test
2016-07-07 10:00:00,2016-07-08 10:00:00,24,Beijing,Prophet,88.083333,0.0,test
2016-07-07 11:00:00,2016-07-08 11:00:00,24,Beijing,Prophet,98.083333,0.0,test
2016-07-07 12:00:00,2016-07-08 12:00:00,24,Beijing,Prophet,108.833333,0.0,test
2016-07-07 13:00:00,2016-07-08 13:00:00,24,Beijing,Prophet,122.0,0.0,test
2016-07-07 14:00:00,2016-07-08 14:00:00,24,Beijing,Prophet,130.166667,0.0,test
2016-07-07 15:00:00,2016-07-08 15:00:00,24,Beijing,Prophet,131.583333,0.0,test
2016-07-07 16:00:00,2016-07-08 16:00:00,24,Beijing,Prophet,125.416667,0.0,test
2016-07-07 17:00:00,2016-07-08 17:00:00,24,Beijing,Prophet,117.5,0.0,test
2016-07-07 18:00:00,2016-07-08 18:00:00,24,Beijing,Prophet,111.666667,0.0,test
2016-07-07 19:00:00,2016-07-08 19:00:00,24,Beijing,Prophet,105.166667,0.0,test
2016-07-07 20:00:00,2016-07-08 20:00:00,24,Beijing,Prophet,110.5,0.0,test
2016-07-07 21:00:00,2016-07-08 21:00:00,24,Beijing,Prophet,119.583333,0.0,test
2016-07-07 22:00:00,2016-07-08 22:00:00,24,Beijing,Prophet,96.166667,0.0,test
2016-07-07 23:00:00,2016-07-08 23:00:00,24,Beijing,Prophet,69.833333,0.0,test
2016-07-08 00:00:00,2016-07-09 00:00:00,24,Beijing,Prophet,61.0,0.0,test
2016-07-08 01:00:00,2016-07-09 01:00:00,24,Beijing,Prophet,56.333333,0.0,test
2016-07-08 02:00:00,2016-07-09 02:00:00,24,Beijing,Prophet,56.333333,0.0,test
2016-07-08 03:00:00,2016-07-09 03:00:00,24,Beijing,Prophet,62.333333,0.0,test
2016-07-08 04:00:00,2016-07-09 04:00:00,24,Beijing,Prophet,65.583333,0.0,test
2016-07-08 05:00:00,2016-07-09 05:00:00,24,Beijing,Prophet,64.416667,0.0,test
2016-07-08 06:00:00,2016-07-09 06:00:00,24,Beijing,Prophet,65.333333,0.0,test
2016-07-08 07:00:00,2016-07-09 07:00:00,24,Beijing,Prophet,68.166667,0.0,test
2016-07-08 08:00:00,2016-07-09 08:00:00,24,Beijing,Prophet,75.5,0.0,test
2016-07-08 09:00:00,2016-07-09 09:00:00,24,Beijing,Prophet,82.583333,0.0,test
2016-07-08 10:00:00,2016-07-09 10:00:00,24,Beijing,Prophet,89.666667,0.0,test
2016-07-08 11:00:00,2016-07-09 11:00:00,24,Beijing,Prophet,98.333333,0.0,test
2016-07-08 12:00:00,2016-07-09 12:00:00,24,Beijing,Prophet,106.0,0.0,test
2016-07-08 13:00:00,2016-07-09 13:00:00,24,Beijing,Prophet,107.833333,0.0,test
2016-07-08 14:00:00,2016-07-09 14:00:00,24,Beijing,Prophet,95.25,0.0,test
2016-07-08 15:00:00,2016-07-09 15:00:00,24,Beijing,Prophet,84.333333,0.0,test
2016-07-08 16:00:00,2016-07-09 16:00:00,24,Beijing,Prophet,82.416667,0.0,test
2016-07-08 17:00:00,2016-07-09 17:00:00,24,Beijing,Prophet,83.166667,0.0,test
2016-07-08 18:00:00,2016-07-09 18:00:00,24,Beijing,Prophet,82.916667,0.0,test
2016-07-08 19:00:00,2016-07-09 19:00:00,24,Beijing,Prophet,80.333333,0.0,test
2016-07-08 20:00:00,2016-07-09 20:00:00,24,Beijing,Prophet,85.0,0.0,test
2016-07-08 21:00:00,2016-07-09 21:00:00,24,Beijing,Prophet,92.0,0.0,test
2016-07-08 22:00:00,2016-07-09 22:00:00,24,Beijing,Prophet,104.583333,0.0,test
2016-07-08 23:00:00,2016-07-09 23:00:00,24,Beijing,Prophet,97.833333,0.0,test
2016-07-09 00:00:00,2016-07-10 00:00:00,24,Beijing,Prophet,95.25,0.0,test
2016-07-09 01:00:00,2016-07-10 01:00:00,24,Beijing,Prophet,98.083333,0.0,test
2016-07-09 02:00:00,2016-07-10 02:00:00,24,Beijing,Prophet,104.583333,0.0,test
2016-07-09 03:00:00,2016-07-10 03:00:00,24,Beijing,Prophet,108.916667,0.0,test
2016-07-09 04:00:00,2016-07-10 04:00:00,24,Beijing,Prophet,115.25,0.0,test
2016-07-09 05:00:00,2016-07-10 05:00:00,24,Beijing,Prophet,119.916667,0.0,test
2016-07-09 06:00:00,2016-07-10 06:00:00,24,Beijing,Prophet,126.166667,0.0,test
2016-07-09 07:00:00,2016-07-10 07:00:00,24,Beijing,Prophet,135.25,0.0,test
2016-07-09 08:00:00,2016-07-10 08:00:00,24,Beijing,Prophet,139.0,0.0,test
2016-07-09 09:00:00,2016-07-10 09:00:00,24,Beijing,Prophet,146.25,0.0,test
2016-07-09 10:00:00,2016-07-10 10:00:00,24,Beijing,Prophet,147.5,0.0,test
2016-07-09 11:00:00,2016-07-10 11:00:00,24,Beijing,Prophet,133.75,0.0,test
2016-07-09 12:00:00,2016-07-10 12:00:00,24,Beijing,Prophet,98.0,0.0,test
2016-07-09 13:00:00,2016-07-10 13:00:00,24,Beijing,Prophet,77.666667,0.0,test
2016-07-09 14:00:00,2016-07-10 14:00:00,24,Beijing,Prophet,65.5,0.0,test
2016-07-09 15:00:00,2016-07-10 15:00:00,24,Beijing,Prophet,52.666667,0.0,test
2016-07-09 16:00:00,2016-07-10 16:00:00,24,Beijing,Prophet,60.333333,0.0,test
2016-07-09 17:00:00,2016-07-10 17:00:00,24,Beijing,Prophet,61.0,0.0,test
2016-07-09 18:00:00,2016-07-10 18:00:00,24,Beijing,Prophet,63.666667,0.0,test
2016-07-09 19:00:00,2016-07-10 19:00:00,24,Beijing,Prophet,61.666667,0.0,test
2016-07-09 20:00:00,2016-07-10 20:00:00,24,Beijing,Prophet,58.416667,0.0,test
2016-07-09 21:00:00,2016-07-10 21:00:00,24,Beijing,Prophet,53.833333,0.0,test
2016-07-09 22:00:00,2016-07-10 22:00:00,24,Beijing,Prophet,57.5,0.0,test
2016-07-09 23:00:00,2016-07-10 23:00:00,24,Beijing,Prophet,53.583333,0.0,test
2016-07-10 00:00:00,2016-07-11 00:00:00,24,Beijing,Prophet,54.0,0.0,test
2016-07-10 01:00:00,2016-07-11 01:00:00,24,Beijing,Prophet,55.916667,0.0,test
2016-07-10 02:00:00,2016-07-11 02:00:00,24,Beijing,Prophet,64.166667,0.0,test
2016-07-10 03:00:00,2016-07-11 03:00:00,24,Beijing,Prophet,73.166667,0.0,test
2016-07-10 04:00:00,2016-07-11 04:00:00,24,Beijing,Prophet,80.916667,0.0,test
2016-07-10 05:00:00,2016-07-11 05:00:00,24,Beijing,Prophet,87.416667,0.0,test
2016-07-10 06:00:00,2016-07-11 06:00:00,24,Beijing,Prophet,92.833333,0.0,test
2016-07-10 07:00:00,2016-07-11 07:00:00,24,Beijing,Prophet,99.0,0.0,test
2016-07-10 08:00:00,2016-07-11 08:00:00,24,Beijing,Prophet,105.416667,0.0,test
2016-07-10 09:00:00,2016-07-11 09:00:00,24,Beijing,Prophet,111.25,0.0,test
2016-07-10 10:00:00,2016-07-11 10:00:00,24,Beijing,Prophet,114.027778,0.0,test
2016-07-10 11:00:00,2016-07-11 11:00:00,24,Beijing,Prophet,113.555556,0.0,test
2016-07-10 12:00:00,2016-07-11 12:00:00,24,Beijing,Prophet,105.090909,0.0,test
2016-07-10 13:00:00,2016-07-11 13:00:00,24,Beijing,Prophet,89.545455,0.0,test
2016-07-10 14:00:00,2016-07-11 14:00:00,24,Beijing,Prophet,88.272727,0.0,test
2016-07-10 15:00:00,2016-07-11 15:00:00,24,Beijing,Prophet,92.090909,0.0,test
2016-07-10 16:00:00,2016-07-11 16:00:00,24,Beijing,Prophet,90.363636,0.0,test
2016-07-10 17:00:00,2016-07-11 17:00:00,24,Beijing,Prophet,85.909091,0.0,test
2016-07-10 18:00:00,2016-07-11 18:00:00,24,Beijing,Prophet,89.272727,0.0,test
2016-07-10 19:00:00,2016-07-11 19:00:00,24,Beijing,Prophet,92.363636,0.0,test
2016-07-10 20:00:00,2016-07-11 20:00:00,24,Beijing,Prophet,86.090909,0.0,test
2016-07-10 21:00:00,2016-07-11 21:00:00,24,Beijing,Prophet,79.363636,0.0,test
2016-07-10 22:00:00,2016-07-11 22:00:00,24,Beijing,Prophet,76.363636,0.0,test
2016-07-10 23:00:00,2016-07-11 23:00:00,24,Beijing,Prophet,68.545455,0.0,test
2016-07-11 00:00:00,2016-07-12 00:00:00,24,Beijing,Prophet,61.272727,0.0,test
2016-07-11 01:00:00,2016-07-12 01:00:00,24,Beijing,Prophet,58.181818,0.0,test
2016-07-11 02:00:00,2016-07-12 02:00:00,24,Beijing,Prophet,60.909091,0.0,test
2016-07-11 03:00:00,2016-07-12 03:00:00,24,Beijing,Prophet,59.090909,0.0,test
2016-07-11 04:00:00,2016-07-12 04:00:00,24,Beijing,Prophet,58.909091,0.0,test
2016-07-11 05:00:00,2016-07-12 05:00:00,24,Beijing,Prophet,59.545455,0.0,test
2016-07-11 06:00:00,2016-07-12 06:00:00,24,Beijing,Prophet,61.545455,0.0,test
2016-07-11 07:00:00,2016-07-12 07:00:00,24,Beijing,Prophet,64.545455,0.0,test
2016-07-11 08:00:00,2016-07-12 08:00:00,24,Beijing,Prophet,69.363636,0.0,test
2016-07-11 09:00:00,2016-07-12 09:00:00,24,Beijing,Prophet,50.166667,0.0,test
2016-07-11 10:00:00,2016-07-12 10:00:00,24,Beijing,Prophet,31.083333,0.0,test
2016-07-11 11:00:00,2016-07-12 11:00:00,24,Beijing,Prophet,26.090909,0.0,test
2016-07-11 12:00:00,2016-07-12 12:00:00,24,Beijing,Prophet,13.0,0.0,test
2016-07-11 13:00:00,2016-07-12 13:00:00,24,Beijing,Prophet,12.727273,0.0,test
2016-07-11 14:00:00,2016-07-12 14:00:00,24,Beijing,Prophet,11.363636,0.0,test
2016-07-11 15:00:00,2016-07-12 15:00:00,24,Beijing,Prophet,9.090909,0.0,test
2016-07-11 16:00:00,2016-07-12 16:00:00,24,Beijing,Prophet,7.272727,0.0,test
2016-07-11 17:00:00,2016-07-12 17:00:00,24,Beijing,Prophet,7.272727,0.0,test
2016-07-11 18:00:00,2016-07-12 18:00:00,24,Beijing,Prophet,7.909091,0.0,test
2016-07-11 19:00:00,2016-07-12 19:00:00,24,Beijing,Prophet,7.636364,0.0,test
2016-07-11 20:00:00,2016-07-12 20:00:00,24,Beijing,Prophet,8.666667,0.0,test
2016-07-11 21:00:00,2016-07-12 21:00:00,24,Beijing,Prophet,10.5,0.0,test
2016-07-11 22:00:00,2016-07-12 22:00:00,24,Beijing,Prophet,12.833333,0.0,test
2016-07-11 23:00:00,2016-07-12 23:00:00,24,Beijing,Prophet,12.166667,0.0,test
2016-07-12 00:00:00,2016-07-13 00:00:00,24,Beijing,Prophet,11.083333,0.0,test
2016-07-12 01:00:00,2016-07-13 01:00:00,24,Beijing,Prophet,12.583333,0.0,test
2016-07-12 02:00:00,2016-07-13 02:00:00,24,Beijing,Prophet,12.083333,0.0,test
2016-07-12 03:00:00,2016-07-13 03:00:00,24,Beijing,Prophet,16.083333,0.0,test
2016-07-12 04:00:00,2016-07-13 04:00:00,24,Beijing,Prophet,19.333333,0.0,test
2016-07-12 05:00:00,2016-07-13 05:00:00,24,Beijing,Prophet,17.833333,0.0,test
2016-07-12 06:00:00,2016-07-13 06:00:00,24,Beijing,Prophet,18.916667,0.0,test
2016-07-12 07:00:00,2016-07-13 07:00:00,24,Beijing,Prophet,18.25,0.0,test
2016-07-12 08:00:00,2016-07-13 08:00:00,24,Beijing,Prophet,21.833333,0.0,test
2016-07-12 09:00:00,2016-07-13 09:00:00,24,Beijing,Prophet,25.083333,0.0,test
2016-07-12 10:00:00,2016-07-13 10:00:00,24,Beijing,Prophet,17.75,0.0,test
2016-07-12 11:00:00,2016-07-13 11:00:00,24,Beijing,Prophet,10.666667,0.0,test
2016-07-12 12:00:00,2016-07-13 12:00:00,24,Beijing,Prophet,11.75,0.0,test
2016-07-12 13:00:00,2016-07-13 13:00:00,24,Beijing,Prophet,14.25,0.0,test
2016-07-12 14:00:00,2016-07-13 14:00:00,24,Beijing,Prophet,12.583333,0.0,test
2016-07-12 15:00:00,2016-07-13 15:00:00,24,Beijing,Prophet,16.166667,0.0,test
2016-07-12 16:00:00,2016-07-13 16:00:00,24,Beijing,Prophet,18.333333,0.0,test
2016-07-12 17:00:00,2016-07-13 17:00:00,24,Beijing,Prophet,17.833333,0.0,test
2016-07-12 18:00:00,2016-07-13 18:00:00,24,Beijing,Prophet,19.666667,0.0,test
2016-07-12 19:00:00,2016-07-13 19:00:00,24,Beijing,Prophet,20.458333,0.0,test
2016-07-12 20:00:00,2016-07-13 20:00:00,24,Beijing,Prophet,24.916667,0.0,test
2016-07-12 21:00:00,2016-07-13 21:00:00,24,Beijing,Prophet,29.083333,0.0,test
2016-07-12 22:00:00,2016-07-13 22:00:00,24,Beijing,Prophet,30.083333,0.0,test
2016-07-12 23:00:00,2016-07-13 23:00:00,24,Beijing,Prophet,31.0,0.0,test
2016-07-13 00:00:00,2016-07-14 00:00:00,24,Beijing,Prophet,35.5,0.0,test
2016-07-13 01:00:00,2016-07-14 01:00:00,24,Beijing,Prophet,35.166667,0.0,test
2016-07-13 02:00:00,2016-07-14 02:00:00,24,Beijing,Prophet,30.583333,0.0,test
2016-07-13 03:00:00,2016-07-14 03:00:00,24,Beijing,Prophet,29.75,0.0,test
2016-07-13 04:00:00,2016-07-14 04:00:00,24,Beijing,Prophet,31.666667,0.0,test
2016-07-13 05:00:00,2016-07-14 05:00:00,24,Beijing,Prophet,30.666667,0.0,test
2016-07-13 06:00:00,2016-07-14 06:00:00,24,Beijing,Prophet,33.25,0.0,test
2016-07-13 07:00:00,2016-07-14 07:00:00,24,Beijing,Prophet,36.25,0.0,test
2016-07-13 08:00:00,2016-07-14 08:00:00,24,Beijing,Prophet,41.5,0.0,test
2016-07-13 09:00:00,2016-07-14 09:00:00,24,Beijing,Prophet,42.25,0.0,test
2016-07-13 10:00:00,2016-07-14 10:00:00,24,Beijing,Prophet,37.208333,0.0,test
2016-07-13 11:00:00,2016-07-14 11:00:00,24,Beijing,Prophet,37.083333,0.0,test
2016-07-13 12:00:00,2016-07-14 12:00:00,24,Beijing,Prophet,31.166667,0.0,test
2016-07-13 13:00:00,2016-07-14 13:00:00,24,Beijing,Prophet,27.083333,0.0,test
2016-07-13 14:00:00,2016-07-14 14:00:00,24,Beijing,Prophet,28.333333,0.0,test
2016-07-13 15:00:00,2016-07-14 15:00:00,24,Beijing,Prophet,26.333333,0.0,test
2016-07-13 16:00:00,2016-07-14 16:00:00,24,Beijing,Prophet,25.0,0.0,test
2016-07-13 17:00:00,2016-07-14 17:00:00,24,Beijing,Prophet,27.666667,0.0,test
2016-07-13 18:00:00,2016-07-14 18:00:00,24,Beijing,Prophet,34.416667,0.0,test
2016-07-13 19:00:00,2016-07-14 19:00:00,24,Beijing,Prophet,31.833333,0.0,test
2016-07-13 20:00:00,2016-07-14 20:00:00,24,Beijing,Prophet,31.75,0.0,test
2016-07-13 21:00:00,2016-07-14 21:00:00,24,Beijing,Prophet,40.583333,0.0,test
2016-07-13 22:00:00,2016-07-14 22:00:00,24,Beijing,Prophet,52.333333,0.0,test
2016-07-13 23:00:00,2016-07-14 23:00:00,24,Beijing,Prophet,51.833333,0.0,test
2016-07-14 00:00:00,2016-07-15 00:00:00,24,Beijing,Prophet,51.25,0.0,test
2016-07-14 01:00:00,2016-07-15 01:00:00,24,Beijing,Prophet,57.166667,0.0,test
2016-07-14 02:00:00,2016-07-15 02:00:00,24,Beijing,Prophet,56.5,0.0,test
2016-07-14 03:00:00,2016-07-15 03:00:00,24,Beijing,Prophet,45.666667,0.0,test
2016-07-14 04:00:00,2016-07-15 04:00:00,24,Beijing,Prophet,35.416667,0.0,test
2016-07-14 05:00:00,2016-07-15 05:00:00,24,Beijing,Prophet,33.416667,0.0,test
2016-07-14 06:00:00,2016-07-15 06:00:00,24,Beijing,Prophet,28.416667,0.0,test
2016-07-14 07:00:00,2016-07-15 07:00:00,24,Beijing,Prophet,24.583333,0.0,test
2016-07-14 08:00:00,2016-07-15 08:00:00,24,Beijing,Prophet,24.583333,0.0,test
2016-07-14 09:00:00,2016-07-15 09:00:00,24,Beijing,Prophet,28.75,0.0,test
2016-07-14 10:00:00,2016-07-15 10:00:00,24,Beijing,Prophet,31.25,0.0,test
2016-07-14 11:00:00,2016-07-15 11:00:00,24,Beijing,Prophet,29.583333,0.0,test
2016-07-14 12:00:00,2016-07-15 12:00:00,24,Beijing,Prophet,32.25,0.0,test
2016-07-14 13:00:00,2016-07-15 13:00:00,24,Beijing,Prophet,33.866667,0.0,test
2016-07-14 14:00:00,2016-07-15 14:00:00,24,Beijing,Prophet,34.983333,0.0,test
2016-07-14 15:00:00,2016-07-15 15:00:00,24,Beijing,Prophet,34.1,0.0,test
2016-07-14 16:00:00,2016-07-15 16:00:00,24,Beijing,Prophet,33.05,0.0,test
2016-07-14 17:00:00,2016-07-15 17:00:00,24,Beijing,Prophet,31.666667,0.0,test
2016-07-14 18:00:00,2016-07-15 18:00:00,24,Beijing,Prophet,30.583333,0.0,test
2016-07-14 19:00:00,2016-07-15 19:00:00,24,Beijing,Prophet,31.5,0.0,test
2016-07-14 20:00:00,2016-07-15 20:00:00,24,Beijing,Prophet,32.083333,0.0,test
2016-07-14 21:00:00,2016-07-15 21:00:00,24,Beijing,Prophet,34.0,0.0,test
2016-07-14 22:00:00,2016-07-15 22:00:00,24,Beijing,Prophet,32.666667,0.0,test
2016-07-14 23:00:00,2016-07-15 23:00:00,24,Beijing,Prophet,33.833333,0.0,test
2016-07-15 00:00:00,2016-07-16 00:00:00,24,Beijing,Prophet,33.916667,0.0,test
2016-07-15 01:00:00,2016-07-16 01:00:00,24,Beijing,Prophet,32.0,0.0,test
2016-07-15 02:00:00,2016-07-16 02:00:00,24,Beijing,Prophet,30.75,0.0,test
2016-07-15 03:00:00,2016-07-16 03:00:00,24,Beijing,Prophet,29.25,0.0,test
2016-07-15 04:00:00,2016-07-16 04:00:00,24,Beijing,Prophet,28.833333,0.0,test
2016-07-15 05:00:00,2016-07-16 05:00:00,24,Beijing,Prophet,29.416667,0.0,test
2016-07-15 06:00:00,2016-07-16 06:00:00,24,Beijing,Prophet,31.166667,0.0,test
2016-07-15 07:00:00,2016-07-16 07:00:00,24,Beijing,Prophet,29.333333,0.0,test
2016-07-15 08:00:00,2016-07-16 08:00:00,24,Beijing,Prophet,29.666667,0.0,test
2016-07-15 09:00:00,2016-07-16 09:00:00,24,Beijing,Prophet,28.166667,0.0,test
2016-07-15 10:00:00,2016-07-16 10:00:00,24,Beijing,Prophet,30.5,0.0,test
2016-07-15 11:00:00,2016-07-16 11:00:00,24,Beijing,Prophet,31.75,0.0,test
2016-07-15 12:00:00,2016-07-16 12:00:00,24,Beijing,Prophet,35.333333,0.0,test
2016-07-15 13:00:00,2016-07-16 13:00:00,24,Beijing,Prophet,37.583333,0.0,test
2016-07-15 14:00:00,2016-07-16 14:00:00,24,Beijing,Prophet,38.916667,0.0,test
2016-07-15 15:00:00,2016-07-16 15:00:00,24,Beijing,Prophet,41.166667,0.0,test
2016-07-15 16:00:00,2016-07-16 16:00:00,24,Beijing,Prophet,38.083333,0.0,test
2016-07-15 17:00:00,2016-07-16 17:00:00,24,Beijing,Prophet,38.666667,0.0,test
2016-07-15 18:00:00,2016-07-16 18:00:00,24,Beijing,Prophet,39.833333,0.0,test
2016-07-15 19:00:00,2016-07-16 19:00:00,24,Beijing,Prophet,40.583333,0.0,test
2016-07-15 20:00:00,2016-07-16 20:00:00,24,Beijing,Prophet,42.833333,0.0,test
2016-07-15 21:00:00,2016-07-16 21:00:00,24,Beijing,Prophet,45.0,0.0,test
2016-07-15 22:00:00,2016-07-16 22:00:00,24,Beijing,Prophet,46.5,0.0,test
2016-07-15 23:00:00,2016-07-16 23:00:00,24,Beijing,Prophet,47.666667,0.0,test
2016-07-16 00:00:00,2016-07-17 00:00:00,24,Beijing,Prophet,51.416667,0.0,test
2016-07-16 01:00:00,2016-07-17 01:00:00,24,Beijing,Prophet,48.75,0.0,test
2016-07-16 02:00:00,2016-07-17 02:00:00,24,Beijing,Prophet,49.416667,0.0,test
2016-07-16 03:00:00,2016-07-17 03:00:00,24,Beijing,Prophet,49.583333,0.0,test
2016-07-16 04:00:00,2016-07-17 04:00:00,24,Beijing,Prophet,50.25,0.0,test
2016-07-16 05:00:00,2016-07-17 05:00:00,24,Beijing,Prophet,52.0,0.0,test
2016-07-16 06:00:00,2016-07-17 06:00:00,24,Beijing,Prophet,53.083333,0.0,test
2016-07-16 07:00:00,2016-07-17 07:00:00,24,Beijing,Prophet,54.25,0.0,test
2016-07-16 08:00:00,2016-07-17 08:00:00,24,Beijing,Prophet,61.25,0.0,test
2016-07-16 09:00:00,2016-07-17 09:00:00,24,Beijing,Prophet,73.166667,0.0,test
2016-07-16 10:00:00,2016-07-17 10:00:00,24,Beijing,Prophet,82.25,0.0,test
2016-07-16 11:00:00,2016-07-17 11:00:00,24,Beijing,Prophet,85.166667,0.0,test
2016-07-16 12:00:00,2016-07-17 12:00:00,24,Beijing,Prophet,89.083333,0.0,test
2016-07-16 13:00:00,2016-07-17 13:00:00,24,Beijing,Prophet,90.541667,0.0,test
2016-07-16 14:00:00,2016-07-17 14:00:00,24,Beijing,Prophet,94.916667,0.0,test
2016-07-16 15:00:00,2016-07-17 15:00:00,24,Beijing,Prophet,99.666667,0.0,test
2016-07-16 16:00:00,2016-07-17 16:00:00,24,Beijing,Prophet,98.083333,0.0,test
2016-07-16 17:00:00,2016-07-17 17:00:00,24,Beijing,Prophet,86.625,0.0,test
2016-07-16 18:00:00,2016-07-17 18:00:00,24,Beijing,Prophet,76.333333,0.0,test
2016-07-16 19:00:00,2016-07-17 19:00:00,24,Beijing,Prophet,81.0,0.0,test
2016-07-16 20:00:00,2016-07-17 20:00:00,24,Beijing,Prophet,89.333333,0.0,test
2016-07-16 21:00:00,2016-07-17 21:00:00,24,Beijing,Prophet,99.916667,0.0,test
2016-07-16 22:00:00,2016-07-17 22:00:00,24,Beijing,Prophet,103.083333,0.0,test
2016-07-16 23:00:00,2016-07-17 23:00:00,24,Beijing,Prophet,102.416667,0.0,test
2016-07-17 00:00:00,2016-07-18 00:00:00,24,Beijing,Prophet,105.166667,0.0,test
2016-07-17 01:00:00,2016-07-18 01:00:00,24,Beijing,Prophet,115.5,0.0,test
2016-07-17 02:00:00,2016-07-18 02:00:00,24,Beijing,Prophet,115.416667,0.0,test
2016-07-17 03:00:00,2016-07-18 03:00:00,24,Beijing,Prophet,106.5,0.0,test
2016-07-17 04:00:00,2016-07-18 04:00:00,24,Beijing,Prophet,102.0,0.0,test
2016-07-17 05:00:00,2016-07-18 05:00:00,24,Beijing,Prophet,103.833333,0.0,test
2016-07-17 06:00:00,2016-07-18 06:00:00,24,Beijing,Prophet,109.727273,0.0,test
2016-07-17 07:00:00,2016-07-18 07:00:00,24,Beijing,Prophet,115.818182,0.0,test
2016-07-17 08:00:00,2016-07-18 08:00:00,24,Beijing,Prophet,121.727273,0.0,test
2016-07-17 09:00:00,2016-07-18 09:00:00,24,Beijing,Prophet,115.090909,0.0,test
2016-07-17 10:00:00,2016-07-18 10:00:00,24,Beijing,Prophet,111.181818,0.0,test
2016-07-17 11:00:00,2016-07-18 11:00:00,24,Beijing,Prophet,109.636364,0.0,test
2016-07-17 12:00:00,2016-07-18 12:00:00,24,Beijing,Prophet,108.909091,0.0,test
2016-07-17 13:00:00,2016-07-18 13:00:00,24,Beijing,Prophet,111.636364,0.0,test
2016-07-17 14:00:00,2016-07-18 14:00:00,24,Beijing,Prophet,110.454545,0.0,test
2016-07-17 15:00:00,2016-07-18 15:00:00,24,Beijing,Prophet,107.727273,0.0,test
2016-07-17 16:00:00,2016-07-18 16:00:00,24,Beijing,Prophet,104.636364,0.0,test
2016-07-17 17:00:00,2016-07-18 17:00:00,24,Beijing,Prophet,102.25,0.0,test
2016-07-17 18:00:00,2016-07-18 18:00:00,24,Beijing,Prophet,98.583333,0.0,test
2016-07-17 19:00:00,2016-07-18 19:00:00,24,Beijing,Prophet,100.333333,0.0,test
2016-07-17 20:00:00,2016-07-18 20:00:00,24,Beijing,Prophet,104.833333,0.0,test
2016-07-17 21:00:00,2016-07-18 21:00:00,24,Beijing,Prophet,110.416667,0.0,test
2016-07-17 22:00:00,2016-07-18 22:00:00,24,Beijing,Prophet,99.833333,0.0,test
2016-07-17 23:00:00,2016-07-18 23:00:00,24,Beijing,Prophet,83.666667,0.0,test
2016-07-18 00:00:00,2016-07-19 00:00:00,24,Beijing,Prophet,73.416667,0.0,test
2016-07-18 01:00:00,2016-07-19 01:00:00,24,Beijing,Prophet,77.5,0.0,test
2016-07-18 02:00:00,2016-07-19 02:00:00,24,Beijing,Prophet,80.416667,0.0,test
2016-07-18 03:00:00,2016-07-19 03:00:00,24,Beijing,Prophet,93.666667,0.0,test
2016-07-18 04:00:00,2016-07-19 04:00:00,24,Beijing,Prophet,104.416667,0.0,test
2016-07-18 05:00:00,2016-07-19 05:00:00,24,Beijing,Prophet,111.916667,0.0,test
2016-07-18 06:00:00,2016-07-19 06:00:00,24,Beijing,Prophet,134.333333,0.0,test
2016-07-18 07:00:00,2016-07-19 07:00:00,24,Beijing,Prophet,144.0,0.0,test
2016-07-18 08:00:00,2016-07-19 08:00:00,24,Beijing,Prophet,144.25,0.0,test
2016-07-18 09:00:00,2016-07-19 09:00:00,24,Beijing,Prophet,132.583333,0.0,test
2016-07-18 10:00:00,2016-07-19 10:00:00,24,Beijing,Prophet,125.083333,0.0,test
2016-07-18 11:00:00,2016-07-19 11:00:00,24,Beijing,Prophet,103.833333,0.0,test
2016-07-18 12:00:00,2016-07-19 12:00:00,24,Beijing,Prophet,83.583333,0.0,test
2016-07-18 13:00:00,2016-07-19 13:00:00,24,Beijing,Prophet,76.0,0.0,test
2016-07-18 14:00:00,2016-07-19 14:00:00,24,Beijing,Prophet,75.416667,0.0,test
2016-07-18 15:00:00,2016-07-19 15:00:00,24,Beijing,Prophet,73.166667,0.0,test
2016-07-18 16:00:00,2016-07-19 16:00:00,24,Beijing,Prophet,73.916667,0.0,test
2016-07-18 17:00:00,2016-07-19 17:00:00,24,Beijing,Prophet,78.916667,0.0,test
2016-07-18 18:00:00,2016-07-19 18:00:00,24,Beijing,Prophet,78.333333,0.0,test
2016-07-18 19:00:00,2016-07-19 19:00:00,24,Beijing,Prophet,90.0,0.0,test
2016-07-18 20:00:00,2016-07-19 20:00:00,24,Beijing,Prophet,94.055556,0.0,test
2016-07-18 21:00:00,2016-07-19 21:00:00,24,Beijing,Prophet,92.027778,0.0,test
2016-07-18 22:00:00,2016-07-19 22:00:00,24,Beijing,Prophet,89.583333,0.0,test
2016-07-18 23:00:00,2016-07-19 23:00:00,24,Beijing,Prophet,95.0,0.0,test
2016-07-19 00:00:00,2016-07-20 00:00:00,24,Beijing,Prophet,92.5,0.0,test
2016-07-19 01:00:00,2016-07-20 01:00:00,24,Beijing,Prophet,91.416667,0.0,test
2016-07-19 02:00:00,2016-07-20 02:00:00,24,Beijing,Prophet,89.0,0.0,test
2016-07-19 03:00:00,2016-07-20 03:00:00,24,Beijing,Prophet,83.083333,0.0,test
2016-07-19 04:00:00,2016-07-20 04:00:00,24,Beijing,Prophet,75.833333,0.0,test
2016-07-19 05:00:00,2016-07-20 05:00:00,24,Beijing,Prophet,69.583333,0.0,test
2016-07-19 06:00:00,2016-07-20 06:00:00,24,Beijing,Prophet,61.666667,0.0,test
2016-07-19 07:00:00,2016-07-20 07:00:00,24,Beijing,Prophet,56.083333,0.0,test
2016-07-19 08:00:00,2016-07-20 08:00:00,24,Beijing,Prophet,52.583333,0.0,test
2016-07-19 09:00:00,2016-07-20 09:00:00,24,Beijing,Prophet,43.333333,0.0,test
2016-07-19 10:00:00,2016-07-20 10:00:00,24,Beijing,Prophet,32.333333,0.0,test
2016-07-19 11:00:00,2016-07-20 11:00:00,24,Beijing,Prophet,23.666667,0.0,test
2016-07-19 12:00:00,2016-07-20 12:00:00,24,Beijing,Prophet,15.416667,0.0,test
2016-07-19 13:00:00,2016-07-20 13:00:00,24,Beijing,Prophet,11.333333,0.0,test
2016-07-19 14:00:00,2016-07-20 14:00:00,24,Beijing,Prophet,9.5,0.0,test
2016-07-19 15:00:00,2016-07-20 15:00:00,24,Beijing,Prophet,8.416667,0.0,test
2016-07-19 16:00:00,2016-07-20 16:00:00,24,Beijing,Prophet,6.416667,0.0,test
2016-07-19 17:00:00,2016-07-20 17:00:00,24,Beijing,Prophet,5.916667,0.0,test
2016-07-19 18:00:00,2016-07-20 18:00:00,24,Beijing,Prophet,6.333333,0.0,test
2016-07-19 19:00:00,2016-07-20 19:00:00,24,Beijing,Prophet,5.916667,0.0,test
2016-07-19 20:00:00,2016-07-20 20:00:00,24,Beijing,Prophet,6.75,0.0,test
2016-07-19 21:00:00,2016-07-20 21:00:00,24,Beijing,Prophet,5.833333,0.0,test
2016-07-19 22:00:00,2016-07-20 22:00:00,24,Beijing,Prophet,6.833333,0.0,test
2016-07-19 23:00:00,2016-07-20 23:00:00,24,Beijing,Prophet,6.833333,0.0,test
2016-07-20 00:00:00,2016-07-21 00:00:00,24,Beijing,Prophet,6.916667,0.0,test
2016-07-20 01:00:00,2016-07-21 01:00:00,24,Beijing,Prophet,6.666667,0.0,test
2016-07-20 02:00:00,2016-07-21 02:00:00,24,Beijing,Prophet,6.5,0.0,test
2016-07-20 03:00:00,2016-07-21 03:00:00,24,Beijing,Prophet,6.75,0.0,test
2016-07-20 04:00:00,2016-07-21 04:00:00,24,Beijing,Prophet,6.083333,0.0,test
2016-07-20 05:00:00,2016-07-21 05:00:00,24,Beijing,Prophet,6.5,0.0,test
2016-07-20 06:00:00,2016-07-21 06:00:00,24,Beijing,Prophet,8.0,0.0,test
2016-07-20 07:00:00,2016-07-21 07:00:00,24,Beijing,Prophet,9.333333,0.0,test
2016-07-20 08:00:00,2016-07-21 08:00:00,24,Beijing,Prophet,11.333333,0.0,test
2016-07-20 09:00:00,2016-07-21 09:00:00,24,Beijing,Prophet,12.083333,0.0,test
2016-07-20 10:00:00,2016-07-21 10:00:00,24,Beijing,Prophet,13.0,0.0,test
2016-07-20 11:00:00,2016-07-21 11:00:00,24,Beijing,Prophet,13.416667,0.0,test
2016-07-20 12:00:00,2016-07-21 12:00:00,24,Beijing,Prophet,18.5,0.0,test
2016-07-20 13:00:00,2016-07-21 13:00:00,24,Beijing,Prophet,25.666667,0.0,test
2016-07-20 14:00:00,2016-07-21 14:00:00,24,Beijing,Prophet,27.583333,0.0,test
2016-07-20 15:00:00,2016-07-21 15:00:00,24,Beijing,Prophet,27.75,0.0,test
2016-07-20 16:00:00,2016-07-21 16:00:00,24,Beijing,Prophet,34.583333,0.0,test
2016-07-20 17:00:00,2016-07-21 17:00:00,24,Beijing,Prophet,37.833333,0.0,test
2016-07-20 18:00:00,2016-07-21 18:00:00,24,Beijing,Prophet,45.083333,0.0,test
2016-07-20 19:00:00,2016-07-21 19:00:00,24,Beijing,Prophet,47.833333,0.0,test
2016-07-20 20:00:00,2016-07-21 20:00:00,24,Beijing,Prophet,49.75,0.0,test
2016-07-20 21:00:00,2016-07-21 21:00:00,24,Beijing,Prophet,51.166667,0.0,test
2016-07-20 22:00:00,2016-07-21 22:00:00,24,Beijing,Prophet,55.0,0.0,test
2016-07-20 23:00:00,2016-07-21 23:00:00,24,Beijing,Prophet,58.75,0.0,test
2016-07-21 00:00:00,2016-07-22 00:00:00,24,Beijing,Prophet,64.833333,0.0,test
2016-07-21 01:00:00,2016-07-22 01:00:00,24,Beijing,Prophet,70.416667,0.0,test
2016-07-21 02:00:00,2016-07-22 02:00:00,24,Beijing,Prophet,74.333333,0.0,test
2016-07-21 03:00:00,2016-07-22 03:00:00,24,Beijing,Prophet,73.416667,0.0,test
2016-07-21 04:00:00,2016-07-22 04:00:00,24,Beijing,Prophet,73.5,0.0,test
2016-07-21 05:00:00,2016-07-22 05:00:00,24,Beijing,Prophet,70.0,0.0,test
2016-07-21 06:00:00,2016-07-22 06:00:00,24,Beijing,Prophet,69.166667,0.0,test
2016-07-21 07:00:00,2016-07-22 07:00:00,24,Beijing,Prophet,70.666667,0.0,test
2016-07-21 08:00:00,2016-07-22 08:00:00,24,Beijing,Prophet,79.333333,0.0,test
2016-07-21 09:00:00,2016-07-22 09:00:00,24,Beijing,Prophet,83.916667,0.0,test
2016-07-21 10:00:00,2016-07-22 10:00:00,24,Beijing,Prophet,81.05,0.0,test
2016-07-21 11:00:00,2016-07-22 11:00:00,24,Beijing,Prophet,81.766667,0.0,test
2016-07-21 12:00:00,2016-07-22 12:00:00,24,Beijing,Prophet,83.9,0.0,test
2016-07-21 13:00:00,2016-07-22 13:00:00,24,Beijing,Prophet,86.533333,0.0,test
2016-07-21 14:00:00,2016-07-22 14:00:00,24,Beijing,Prophet,82.833333,0.0,test
2016-07-21 15:00:00,2016-07-22 15:00:00,24,Beijing,Prophet,70.0,0.0,test
2016-07-21 16:00:00,2016-07-22 16:00:00,24,Beijing,Prophet,68.090909,0.0,test
2016-07-21 17:00:00,2016-07-22 17:00:00,24,Beijing,Prophet,64.818182,0.0,test
2016-07-21 18:00:00,2016-07-22 18:00:00,24,Beijing,Prophet,58.909091,0.0,test
2016-07-21 19:00:00,2016-07-22 19:00:00,24,Beijing,Prophet,55.818182,0.0,test
2016-07-21 20:00:00,2016-07-22 20:00:00,24,Beijing,Prophet,55.545455,0.0,test
2016-07-21 21:00:00,2016-07-22 21:00:00,24,Beijing,Prophet,68.818182,0.0,test
2016-07-21 22:00:00,2016-07-22 22:00:00,24,Beijing,Prophet,88.545455,0.0,test
2016-07-21 23:00:00,2016-07-22 23:00:00,24,Beijing,Prophet,100.454545,0.0,test
2016-07-22 00:00:00,2016-07-23 00:00:00,24,Beijing,Prophet,108.545455,0.0,test
2016-07-22 01:00:00,2016-07-23 01:00:00,24,Beijing,Prophet,114.454545,0.0,test
2016-07-22 02:00:00,2016-07-23 02:00:00,24,Beijing,Prophet,116.090909,0.0,test
2016-07-22 03:00:00,2016-07-23 03:00:00,24,Beijing,Prophet,116.181818,0.0,test
2016-07-22 04:00:00,2016-07-23 04:00:00,24,Beijing,Prophet,117.272727,0.0,test
2016-07-22 05:00:00,2016-07-23 05:00:00,24,Beijing,Prophet,113.818182,0.0,test
2016-07-22 06:00:00,2016-07-23 06:00:00,24,Beijing,Prophet,110.909091,0.0,test
2016-07-22 07:00:00,2016-07-23 07:00:00,24,Beijing,Prophet,109.181818,0.0,test
2016-07-22 08:00:00,2016-07-23 08:00:00,24,Beijing,Prophet,114.454545,0.0,test
2016-07-22 09:00:00,2016-07-23 09:00:00,24,Beijing,Prophet,129.636364,0.0,test
2016-07-22 10:00:00,2016-07-23 10:00:00,24,Beijing,Prophet,141.4,0.0,test
2016-07-22 11:00:00,2016-07-23 11:00:00,24,Beijing,Prophet,136.0,0.0,test
2016-07-22 12:00:00,2016-07-23 12:00:00,24,Beijing,Prophet,129.8,0.0,test
2016-07-22 13:00:00,2016-07-23 13:00:00,24,Beijing,Prophet,133.8,0.0,test
2016-07-22 14:00:00,2016-07-23 14:00:00,24,Beijing,Prophet,141.6,0.0,test
2016-07-22 15:00:00,2016-07-23 15:00:00,24,Beijing,Prophet,152.4,0.0,test
2016-07-22 16:00:00,2016-07-23 16:00:00,24,Beijing,Prophet,161.2,0.0,test
2016-07-22 17:00:00,2016-07-23 17:00:00,24,Beijing,Prophet,145.9,0.0,test
2016-07-22 18:00:00,2016-07-23 18:00:00,24,Beijing,Prophet,146.5,0.0,test
2016-07-22 19:00:00,2016-07-23 19:00:00,24,Beijing,Prophet,146.6,0.0,test
2016-07-22 20:00:00,2016-07-23 20:00:00,24,Beijing,Prophet,155.6,0.0,test
2016-07-22 21:00:00,2016-07-23 21:00:00,24,Beijing,Prophet,100.9,0.0,test
2016-07-22 22:00:00,2016-07-23 22:00:00,24,Beijing,Prophet,27.3,0.0,test
2016-07-22 23:00:00,2016-07-23 23:00:00,24,Beijing,Prophet,30.7,0.0,test
2016-07-23 00:00:00,2016-07-24 00:00:00,24,Beijing,Prophet,34.0,0.0,test
2016-07-23 01:00:00,2016-07-24 01:00:00,24,Beijing,Prophet,33.9,0.0,test
2016-07-23 02:00:00,2016-07-24 02:00:00,24,Beijing,Prophet,36.1,0.0,test
2016-07-23 03:00:00,2016-07-24 03:00:00,24,Beijing,Prophet,38.8,0.0,test
2016-07-23 04:00:00,2016-07-24 04:00:00,24,Beijing,Prophet,40.7,0.0,test
2016-07-23 05:00:00,2016-07-24 05:00:00,24,Beijing,Prophet,39.8,0.0,test
2016-07-23 06:00:00,2016-07-24 06:00:00,24,Beijing,Prophet,38.4,0.0,test
2016-07-23 07:00:00,2016-07-24 07:00:00,24,Beijing,Prophet,36.1,0.0,test
2016-07-23 08:00:00,2016-07-24 08:00:00,24,Beijing,Prophet,41.1,0.0,test
2016-07-23 09:00:00,2016-07-24 09:00:00,24,Beijing,Prophet,45.0,0.0,test
2016-07-23 10:00:00,2016-07-24 10:00:00,24,Beijing,Prophet,47.5,0.0,test
2016-07-23 11:00:00,2016-07-24 11:00:00,24,Beijing,Prophet,57.636364,0.0,test
2016-07-23 12:00:00,2016-07-24 12:00:00,24,Beijing,Prophet,67.454545,0.0,test
2016-07-23 13:00:00,2016-07-24 13:00:00,24,Beijing,Prophet,77.272727,0.0,test
2016-07-23 14:00:00,2016-07-24 14:00:00,24,Beijing,Prophet,94.818182,0.0,test
2016-07-23 15:00:00,2016-07-24 15:00:00,24,Beijing,Prophet,105.090909,0.0,test
2016-07-23 16:00:00,2016-07-24 16:00:00,24,Beijing,Prophet,104.727273,0.0,test
2016-07-23 17:00:00,2016-07-24 17:00:00,24,Beijing,Prophet,114.090909,0.0,test
2016-07-23 18:00:00,2016-07-24 18:00:00,24,Beijing,Prophet,119.0,0.0,test
2016-07-23 19:00:00,2016-07-24 19:00:00,24,Beijing,Prophet,107.909091,0.0,test
2016-07-23 20:00:00,2016-07-24 20:00:00,24,Beijing,Prophet,71.493506,0.0,test
2016-07-23 21:00:00,2016-07-24 21:00:00,24,Beijing,Prophet,70.532468,0.0,test
2016-07-23 22:00:00,2016-07-24 22:00:00,24,Beijing,Prophet,68.571429,0.0,test
2016-07-23 23:00:00,2016-07-24 23:00:00,24,Beijing,Prophet,64.61039,0.0,test
2016-07-24 00:00:00,2016-07-25 00:00:00,24,Beijing,Prophet,66.649351,0.0,test
2016-07-24 01:00:00,2016-07-25 01:00:00,24,Beijing,Prophet,67.415584,0.0,test
2016-07-24 02:00:00,2016-07-25 02:00:00,24,Beijing,Prophet,60.454545,0.0,test
2016-07-24 03:00:00,2016-07-25 03:00:00,24,Beijing,Prophet,58.0,0.0,test
2016-07-24 04:00:00,2016-07-25 04:00:00,24,Beijing,Prophet,58.0,0.0,test
2016-07-24 05:00:00,2016-07-25 05:00:00,24,Beijing,Prophet,56.181818,0.0,test
2016-07-24 06:00:00,2016-07-25 06:00:00,24,Beijing,Prophet,54.636364,0.0,test
2016-07-24 07:00:00,2016-07-25 07:00:00,24,Beijing,Prophet,52.0,0.0,test
2016-07-24 08:00:00,2016-07-25 08:00:00,24,Beijing,Prophet,49.818182,0.0,test
2016-07-24 09:00:00,2016-07-25 09:00:00,24,Beijing,Prophet,44.909091,0.0,test
2016-07-24 10:00:00,2016-07-25 10:00:00,24,Beijing,Prophet,38.681818,0.0,test
2016-07-24 11:00:00,2016-07-25 11:00:00,24,Beijing,Prophet,36.181818,0.0,test
2016-07-24 12:00:00,2016-07-25 12:00:00,24,Beijing,Prophet,37.590909,0.0,test
2016-07-24 13:00:00,2016-07-25 13:00:00,24,Beijing,Prophet,35.272727,0.0,test
2016-07-24 14:00:00,2016-07-25 14:00:00,24,Beijing,Prophet,38.181818,0.0,test
2016-07-24 15:00:00,2016-07-25 15:00:00,24,Beijing,Prophet,44.454545,0.0,test
2016-07-24 16:00:00,2016-07-25 16:00:00,24,Beijing,Prophet,38.272727,0.0,test
2016-07-24 17:00:00,2016-07-25 17:00:00,24,Beijing,Prophet,27.909091,0.0,test
2016-07-24 18:00:00,2016-07-25 18:00:00,24,Beijing,Prophet,24.636364,0.0,test
2016-07-24 19:00:00,2016-07-25 19:00:00,24,Beijing,Prophet,27.090909,0.0,test
2016-07-24 20:00:00,2016-07-25 20:00:00,24,Beijing,Prophet,28.636364,0.0,test
2016-07-24 21:00:00,2016-07-25 21:00:00,24,Beijing,Prophet,30.727273,0.0,test
2016-07-24 22:00:00,2016-07-25 22:00:00,24,Beijing,Prophet,27.272727,0.0,test
2016-07-24 23:00:00,2016-07-25 23:00:00,24,Beijing,Prophet,21.090909,0.0,test
2016-07-25 00:00:00,2016-07-26 00:00:00,24,Beijing,Prophet,10.727273,0.0,test
2016-07-25 01:00:00,2016-07-26 01:00:00,24,Beijing,Prophet,9.363636,0.0,test
2016-07-25 02:00:00,2016-07-26 02:00:00,24,Beijing,Prophet,6.818182,0.0,test
2016-07-25 03:00:00,2016-07-26 03:00:00,24,Beijing,Prophet,7.181818,0.0,test
2016-07-25 04:00:00,2016-07-26 04:00:00,24,Beijing,Prophet,7.772727,0.0,test
2016-07-25 05:00:00,2016-07-26 05:00:00,24,Beijing,Prophet,29.545455,0.0,test
2016-07-25 06:00:00,2016-07-26 06:00:00,24,Beijing,Prophet,14.818182,0.0,test
2016-07-25 07:00:00,2016-07-26 07:00:00,24,Beijing,Prophet,19.090909,0.0,test
2016-07-25 08:00:00,2016-07-26 08:00:00,24,Beijing,Prophet,21.636364,0.0,test
2016-07-25 09:00:00,2016-07-26 09:00:00,24,Beijing,Prophet,21.848485,0.0,test
2016-07-25 10:00:00,2016-07-26 10:00:00,24,Beijing,Prophet,21.060606,0.0,test
2016-07-25 11:00:00,2016-07-26 11:00:00,24,Beijing,Prophet,22.545455,0.0,test
2016-07-25 12:00:00,2016-07-26 12:00:00,24,Beijing,Prophet,22.939394,0.0,test
2016-07-25 13:00:00,2016-07-26 13:00:00,24,Beijing,Prophet,21.090909,0.0,test
2016-07-25 14:00:00,2016-07-26 14:00:00,24,Beijing,Prophet,19.878788,0.0,test
2016-07-25 15:00:00,2016-07-26 15:00:00,24,Beijing,Prophet,17.863636,0.0,test
2016-07-25 16:00:00,2016-07-26 16:00:00,24,Beijing,Prophet,19.727273,0.0,test
2016-07-25 17:00:00,2016-07-26 17:00:00,24,Beijing,Prophet,22.969697,0.0,test
2016-07-25 18:00:00,2016-07-26 18:00:00,24,Beijing,Prophet,23.944444,0.0,test
2016-07-25 19:00:00,2016-07-26 19:00:00,24,Beijing,Prophet,28.666667,0.0,test
2016-07-25 20:00:00,2016-07-26 20:00:00,24,Beijing,Prophet,33.5,0.0,test
2016-07-25 21:00:00,2016-07-26 21:00:00,24,Beijing,Prophet,34.916667,0.0,test
2016-07-25 22:00:00,2016-07-26 22:00:00,24,Beijing,Prophet,34.75,0.0,test
2016-07-25 23:00:00,2016-07-26 23:00:00,24,Beijing,Prophet,35.583333,0.0,test
2016-07-26 00:00:00,2016-07-27 00:00:00,24,Beijing,Prophet,38.083333,0.0,test
2016-07-26 01:00:00,2016-07-27 01:00:00,24,Beijing,Prophet,43.0,0.0,test
2016-07-26 02:00:00,2016-07-27 02:00:00,24,Beijing,Prophet,43.25,0.0,test
2016-07-26 03:00:00,2016-07-27 03:00:00,24,Beijing,Prophet,45.583333,0.0,test
2016-07-26 04:00:00,2016-07-27 04:00:00,24,Beijing,Prophet,42.75,0.0,test
2016-07-26 05:00:00,2016-07-27 05:00:00,24,Beijing,Prophet,41.583333,0.0,test
2016-07-26 06:00:00,2016-07-27 06:00:00,24,Beijing,Prophet,41.666667,0.0,test
2016-07-26 07:00:00,2016-07-27 07:00:00,24,Beijing,Prophet,40.083333,0.0,test
2016-07-26 08:00:00,2016-07-27 08:00:00,24,Beijing,Prophet,41.25,0.0,test
2016-07-26 09:00:00,2016-07-27 09:00:00,24,Beijing,Prophet,45.75,0.0,test
2016-07-26 10:00:00,2016-07-27 10:00:00,24,Beijing,Prophet,46.333333,0.0,test
2016-07-26 11:00:00,2016-07-27 11:00:00,24,Beijing,Prophet,43.583333,0.0,test
2016-07-26 12:00:00,2016-07-27 12:00:00,24,Beijing,Prophet,44.916667,0.0,test
2016-07-26 13:00:00,2016-07-27 13:00:00,24,Beijing,Prophet,51.75,0.0,test
2016-07-26 14:00:00,2016-07-27 14:00:00,24,Beijing,Prophet,70.166667,0.0,test
2016-07-26 15:00:00,2016-07-27 15:00:00,24,Beijing,Prophet,54.0,0.0,test
2016-07-26 16:00:00,2016-07-27 16:00:00,24,Beijing,Prophet,49.791667,0.0,test
2016-07-26 17:00:00,2016-07-27 17:00:00,24,Beijing,Prophet,56.833333,0.0,test
2016-07-26 18:00:00,2016-07-27 18:00:00,24,Beijing,Prophet,80.75,0.0,test
2016-07-26 19:00:00,2016-07-27 19:00:00,24,Beijing,Prophet,100.666667,0.0,test
2016-07-26 20:00:00,2016-07-27 20:00:00,24,Beijing,Prophet,56.818182,0.0,test
2016-07-26 21:00:00,2016-07-27 21:00:00,24,Beijing,Prophet,20.545455,0.0,test
2016-07-26 22:00:00,2016-07-27 22:00:00,24,Beijing,Prophet,21.090909,0.0,test
2016-07-26 23:00:00,2016-07-27 23:00:00,24,Beijing,Prophet,16.818182,0.0,test
2016-07-27 00:00:00,2016-07-28 00:00:00,24,Beijing,Prophet,19.272727,0.0,test
2016-07-27 01:00:00,2016-07-28 01:00:00,24,Beijing,Prophet,19.0,0.0,test
2016-07-27 02:00:00,2016-07-28 02:00:00,24,Beijing,Prophet,19.0,0.0,test
2016-07-27 03:00:00,2016-07-28 03:00:00,24,Beijing,Prophet,18.909091,0.0,test
2016-07-27 04:00:00,2016-07-28 04:00:00,24,Beijing,Prophet,20.272727,0.0,test
2016-07-27 05:00:00,2016-07-28 05:00:00,24,Beijing,Prophet,20.545455,0.0,test
2016-07-27 06:00:00,2016-07-28 06:00:00,24,Beijing,Prophet,19.636364,0.0,test
2016-07-27 07:00:00,2016-07-28 07:00:00,24,Beijing,Prophet,20.272727,0.0,test
2016-07-27 08:00:00,2016-07-28 08:00:00,24,Beijing,Prophet,24.636364,0.0,test
2016-07-27 09:00:00,2016-07-28 09:00:00,24,Beijing,Prophet,25.363636,0.0,test
2016-07-27 10:00:00,2016-07-28 10:00:00,24,Beijing,Prophet,24.363636,0.0,test
2016-07-27 11:00:00,2016-07-28 11:00:00,24,Beijing,Prophet,28.545455,0.0,test
2016-07-27 12:00:00,2016-07-28 12:00:00,24,Beijing,Prophet,35.681818,0.0,test
2016-07-27 13:00:00,2016-07-28 13:00:00,24,Beijing,Prophet,48.454545,0.0,test
2016-07-27 14:00:00,2016-07-28 14:00:00,24,Beijing,Prophet,58.727273,0.0,test
2016-07-27 15:00:00,2016-07-28 15:00:00,24,Beijing,Prophet,57.363636,0.0,test
2016-07-27 16:00:00,2016-07-28 16:00:00,24,Beijing,Prophet,56.545455,0.0,test
2016-07-27 17:00:00,2016-07-28 17:00:00,24,Beijing,Prophet,61.545455,0.0,test
2016-07-27 18:00:00,2016-07-28 18:00:00,24,Beijing,Prophet,69.863636,0.0,test
2016-07-27 19:00:00,2016-07-28 19:00:00,24,Beijing,Prophet,78.0,0.0,test
2016-07-27 20:00:00,2016-07-28 20:00:00,24,Beijing,Prophet,82.954545,0.0,test
2016-07-27 21:00:00,2016-07-28 21:00:00,24,Beijing,Prophet,89.636364,0.0,test
2016-07-27 22:00:00,2016-07-28 22:00:00,24,Beijing,Prophet,95.090909,0.0,test
2016-07-27 23:00:00,2016-07-28 23:00:00,24,Beijing,Prophet,95.545455,0.0,test
2016-07-28 00:00:00,2016-07-29 00:00:00,24,Beijing,Prophet,95.818182,0.0,test
2016-07-28 01:00:00,2016-07-29 01:00:00,24,Beijing,Prophet,99.363636,0.0,test
2016-07-28 02:00:00,2016-07-29 02:00:00,24,Beijing,Prophet,94.454545,0.0,test
2016-07-28 03:00:00,2016-07-29 03:00:00,24,Beijing,Prophet,83.636364,0.0,test
2016-07-28 04:00:00,2016-07-29 04:00:00,24,Beijing,Prophet,85.090909,0.0,test
2016-07-28 05:00:00,2016-07-29 05:00:00,24,Beijing,Prophet,88.363636,0.0,test
2016-07-28 06:00:00,2016-07-29 06:00:00,24,Beijing,Prophet,97.090909,0.0,test
2016-07-28 07:00:00,2016-07-29 07:00:00,24,Beijing,Prophet,96.272727,0.0,test
2016-07-28 08:00:00,2016-07-29 08:00:00,24,Beijing,Prophet,102.636364,0.0,test
2016-07-28 09:00:00,2016-07-29 09:00:00,24,Beijing,Prophet,110.818182,0.0,test
2016-07-28 10:00:00,2016-07-29 10:00:00,24,Beijing,Prophet,118.181818,0.0,test
2016-07-28 11:00:00,2016-07-29 11:00:00,24,Beijing,Prophet,119.0,0.0,test
2016-07-28 12:00:00,2016-07-29 12:00:00,24,Beijing,Prophet,129.916667,0.0,test
2016-07-28 13:00:00,2016-07-29 13:00:00,24,Beijing,Prophet,132.833333,0.0,test
2016-07-28 14:00:00,2016-07-29 14:00:00,24,Beijing,Prophet,134.416667,0.0,test
2016-07-28 15:00:00,2016-07-29 15:00:00,24,Beijing,Prophet,139.583333,0.0,test
2016-07-28 16:00:00,2016-07-29 16:00:00,24,Beijing,Prophet,140.25,0.0,test
2016-07-28 17:00:00,2016-07-29 17:00:00,24,Beijing,Prophet,134.833333,0.0,test
2016-07-28 18:00:00,2016-07-29 18:00:00,24,Beijing,Prophet,136.833333,0.0,test
2016-07-28 19:00:00,2016-07-29 19:00:00,24,Beijing,Prophet,131.416667,0.0,test
2016-07-28 20:00:00,2016-07-29 20:00:00,24,Beijing,Prophet,134.666667,0.0,test
2016-07-28 21:00:00,2016-07-29 21:00:00,24,Beijing,Prophet,135.583333,0.0,test
2016-07-28 22:00:00,2016-07-29 22:00:00,24,Beijing,Prophet,133.416667,0.0,test
2016-07-28 23:00:00,2016-07-29 23:00:00,24,Beijing,Prophet,133.583333,0.0,test
2016-07-29 00:00:00,2016-07-30 00:00:00,24,Beijing,Prophet,134.5,0.0,test
2016-07-29 01:00:00,2016-07-30 01:00:00,24,Beijing,Prophet,133.333333,0.0,test
2016-07-29 02:00:00,2016-07-30 02:00:00,24,Beijing,Prophet,130.833333,0.0,test
2016-07-29 03:00:00,2016-07-30 03:00:00,24,Beijing,Prophet,129.416667,0.0,test
2016-07-29 04:00:00,2016-07-30 04:00:00,24,Beijing,Prophet,128.0,0.0,test
2016-07-29 05:00:00,2016-07-30 05:00:00,24,Beijing,Prophet,93.833333,0.0,test
2016-07-29 06:00:00,2016-07-30 06:00:00,24,Beijing,Prophet,95.416667,0.0,test
2016-07-29 07:00:00,2016-07-30 07:00:00,24,Beijing,Prophet,107.083333,0.0,test
2016-07-29 08:00:00,2016-07-30 08:00:00,24,Beijing,Prophet,137.5,0.0,test
2016-07-29 09:00:00,2016-07-30 09:00:00,24,Beijing,Prophet,167.166667,0.0,test
2016-07-29 10:00:00,2016-07-30 10:00:00,24,Beijing,Prophet,177.875,0.0,test
2016-07-29 11:00:00,2016-07-30 11:00:00,24,Beijing,Prophet,188.583333,0.0,test
2016-07-29 12:00:00,2016-07-30 12:00:00,24,Beijing,Prophet,191.75,0.0,test
2016-07-29 13:00:00,2016-07-30 13:00:00,24,Beijing,Prophet,215.166667,0.0,test
2016-07-29 14:00:00,2016-07-30 14:00:00,24,Beijing,Prophet,221.416667,0.0,test
2016-07-29 15:00:00,2016-07-30 15:00:00,24,Beijing,Prophet,223.583333,0.0,test
2016-07-29 16:00:00,2016-07-30 16:00:00,24,Beijing,Prophet,213.333333,0.0,test
2016-07-29 17:00:00,2016-07-30 17:00:00,24,Beijing,Prophet,193.083333,0.0,test
2016-07-29 18:00:00,2016-07-30 18:00:00,24,Beijing,Prophet,111.75,0.0,test
2016-07-29 19:00:00,2016-07-30 19:00:00,24,Beijing,Prophet,50.25,0.0,test
2016-07-29 20:00:00,2016-07-30 20:00:00,24,Beijing,Prophet,44.0,0.0,test
2016-07-29 21:00:00,2016-07-30 21:00:00,24,Beijing,Prophet,37.416667,0.0,test
2016-07-29 22:00:00,2016-07-30 22:00:00,24,Beijing,Prophet,41.666667,0.0,test
2016-07-29 23:00:00,2016-07-30 23:00:00,24,Beijing,Prophet,47.083333,0.0,test
2016-07-30 00:00:00,2016-07-31 00:00:00,24,Beijing,Prophet,42.25,0.0,test
2016-07-30 01:00:00,2016-07-31 01:00:00,24,Beijing,Prophet,39.583333,0.0,test
2016-07-30 02:00:00,2016-07-31 02:00:00,24,Beijing,Prophet,37.916667,0.0,test
2016-07-30 03:00:00,2016-07-31 03:00:00,24,Beijing,Prophet,40.416667,0.0,test
2016-07-30 04:00:00,2016-07-31 04:00:00,24,Beijing,Prophet,46.583333,0.0,test
2016-07-30 05:00:00,2016-07-31 05:00:00,24,Beijing,Prophet,49.25,0.0,test
2016-07-30 06:00:00,2016-07-31 06:00:00,24,Beijing,Prophet,53.583333,0.0,test
2016-07-30 07:00:00,2016-07-31 07:00:00,24,Beijing,Prophet,57.5,0.0,test
2016-07-30 08:00:00,2016-07-31 08:00:00,24,Beijing,Prophet,57.5,0.0,test
2016-07-30 09:00:00,2016-07-31 09:00:00,24,Beijing,Prophet,59.25,0.0,test
2016-07-30 10:00:00,2016-07-31 10:00:00,24,Beijing,Prophet,54.75,0.0,test
2016-07-30 11:00:00,2016-07-31 11:00:00,24,Beijing,Prophet,56.583333,0.0,test
2016-07-30 12:00:00,2016-07-31 12:00:00,24,Beijing,Prophet,58.333333,0.0,test
2016-07-30 13:00:00,2016-07-31 13:00:00,24,Beijing,Prophet,62.833333,0.0,test
2016-07-30 14:00:00,2016-07-31 14:00:00,24,Beijing,Prophet,60.333333,0.0,test
2016-07-30 15:00:00,2016-07-31 15:00:00,24,Beijing,Prophet,47.166667,0.0,test
2016-07-30 16:00:00,2016-07-31 16:00:00,24,Beijing,Prophet,44.666667,0.0,test
2016-07-30 17:00:00,2016-07-31 17:00:00,24,Beijing,Prophet,45.666667,0.0,test
2016-07-30 18:00:00,2016-07-31 18:00:00,24,Beijing,Prophet,53.0,0.0,test
2016-07-30 19:00:00,2016-07-31 19:00:00,24,Beijing,Prophet,59.666667,0.0,test
2016-07-30 20:00:00,2016-07-31 20:00:00,24,Beijing,Prophet,62.75,0.0,test
2016-07-30 21:00:00,2016-07-31 21:00:00,24,Beijing,Prophet,66.916667,0.0,test
2016-07-30 22:00:00,2016-07-31 22:00:00,24,Beijing,Prophet,67.083333,0.0,test
2016-07-30 23:00:00,2016-07-31 23:00:00,24,Beijing,Prophet,61.166667,0.0,test
2016-07-31 00:00:00,2016-08-01 00:00:00,24,Beijing,Prophet,59.166667,0.0,test
2016-07-31 01:00:00,2016-08-01 01:00:00,24,Beijing,Prophet,58.416667,0.0,test
2016-07-31 02:00:00,2016-08-01 02:00:00,24,Beijing,Prophet,56.333333,0.0,test
2016-07-31 03:00:00,2016-08-01 03:00:00,24,Beijing,Prophet,57.0,0.0,test
2016-07-31 04:00:00,2016-08-01 04:00:00,24,Beijing,Prophet,59.333333,0.0,test
2016-07-31 05:00:00,2016-08-01 05:00:00,24,Beijing,Prophet,59.333333,0.0,test
2016-07-31 06:00:00,2016-08-01 06:00:00,24,Beijing,Prophet,63.083333,0.0,test
2016-07-31 07:00:00,2016-08-01 07:00:00,24,Beijing,Prophet,67.25,0.0,test
2016-07-31 08:00:00,2016-08-01 08:00:00,24,Beijing,Prophet,65.5,0.0,test
2016-07-31 09:00:00,2016-08-01 09:00:00,24,Beijing,Prophet,51.916667,0.0,test
2016-07-31 10:00:00,2016-08-01 10:00:00,24,Beijing,Prophet,52.166667,0.0,test
2016-07-31 11:00:00,2016-08-01 11:00:00,24,Beijing,Prophet,54.416667,0.0,test
2016-07-31 12:00:00,2016-08-01 12:00:00,24,Beijing,Prophet,53.5,0.0,test
2016-07-31 13:00:00,2016-08-01 13:00:00,24,Beijing,Prophet,57.583333,0.0,test
2016-07-31 14:00:00,2016-08-01 14:00:00,24,Beijing,Prophet,61.75,0.0,test
2016-07-31 15:00:00,2016-08-01 15:00:00,24,Beijing,Prophet,68.75,0.0,test
2016-07-31 16:00:00,2016-08-01 16:00:00,24,Beijing,Prophet,67.277778,0.0,test
2016-07-31 17:00:00,2016-08-01 17:00:00,24,Beijing,Prophet,63.472222,0.0,test
2016-07-31 18:00:00,2016-08-01 18:00:00,24,Beijing,Prophet,65.166667,0.0,test
2016-07-31 19:00:00,2016-08-01 19:00:00,24,Beijing,Prophet,73.583333,0.0,test
2016-07-31 20:00:00,2016-08-01 20:00:00,24,Beijing,Prophet,85.25,0.0,test
2016-07-31 21:00:00,2016-08-01 21:00:00,24,Beijing,Prophet,87.833333,0.0,test
2016-07-31 22:00:00,2016-08-01 22:00:00,24,Beijing,Prophet,100.25,0.0,test
2016-07-31 23:00:00,2016-08-01 23:00:00,24,Beijing,Prophet,108.75,0.0,test
2016-08-01 00:00:00,2016-08-02 00:00:00,24,Beijing,Prophet,117.083333,0.0,test
2016-08-01 01:00:00,2016-08-02 01:00:00,24,Beijing,Prophet,119.583333,0.0,test
2016-08-01 02:00:00,2016-08-02 02:00:00,24,Beijing,Prophet,114.0,0.0,test
2016-08-01 03:00:00,2016-08-02 03:00:00,24,Beijing,Prophet,99.916667,0.0,test
2016-08-01 04:00:00,2016-08-02 04:00:00,24,Beijing,Prophet,83.166667,0.0,test
2016-08-01 05:00:00,2016-08-02 05:00:00,24,Beijing,Prophet,65.75,0.0,test
2016-08-01 06:00:00,2016-08-02 06:00:00,24,Beijing,Prophet,59.416667,0.0,test
2016-08-01 07:00:00,2016-08-02 07:00:00,24,Beijing,Prophet,51.833333,0.0,test
2016-08-01 08:00:00,2016-08-02 08:00:00,24,Beijing,Prophet,45.166667,0.0,test
2016-08-01 09:00:00,2016-08-02 09:00:00,24,Beijing,Prophet,51.625,0.0,test
2016-08-01 10:00:00,2016-08-02 10:00:00,24,Beijing,Prophet,36.333333,0.0,test
2016-08-01 11:00:00,2016-08-02 11:00:00,24,Beijing,Prophet,24.333333,0.0,test
2016-08-01 12:00:00,2016-08-02 12:00:00,24,Beijing,Prophet,22.277778,0.0,test
2016-08-01 13:00:00,2016-08-02 13:00:00,24,Beijing,Prophet,19.805556,0.0,test
2016-08-01 14:00:00,2016-08-02 14:00:00,24,Beijing,Prophet,19.25,0.0,test
2016-08-01 15:00:00,2016-08-02 15:00:00,24,Beijing,Prophet,21.583333,0.0,test
2016-08-01 16:00:00,2016-08-02 16:00:00,24,Beijing,Prophet,22.25,0.0,test
2016-08-01 17:00:00,2016-08-02 17:00:00,24,Beijing,Prophet,24.916667,0.0,test
2016-08-01 18:00:00,2016-08-02 18:00:00,24,Beijing,Prophet,29.333333,0.0,test
2016-08-01 19:00:00,2016-08-02 19:00:00,24,Beijing,Prophet,32.083333,0.0,test
2016-08-01 20:00:00,2016-08-02 20:00:00,24,Beijing,Prophet,33.666667,0.0,test
2016-08-01 21:00:00,2016-08-02 21:00:00,24,Beijing,Prophet,35.0,0.0,test
2016-08-01 22:00:00,2016-08-02 22:00:00,24,Beijing,Prophet,37.166667,0.0,test
2016-08-01 23:00:00,2016-08-02 23:00:00,24,Beijing,Prophet,39.916667,0.0,test
2016-08-02 00:00:00,2016-08-03 00:00:00,24,Beijing,Prophet,45.083333,0.0,test
2016-08-02 01:00:00,2016-08-03 01:00:00,24,Beijing,Prophet,55.25,0.0,test
2016-08-02 02:00:00,2016-08-03 02:00:00,24,Beijing,Prophet,59.333333,0.0,test
2016-08-02 03:00:00,2016-08-03 03:00:00,24,Beijing,Prophet,61.5,0.0,test
2016-08-02 04:00:00,2016-08-03 04:00:00,24,Beijing,Prophet,67.166667,0.0,test
2016-08-02 05:00:00,2016-08-03 05:00:00,24,Beijing,Prophet,64.333333,0.0,test
2016-08-02 06:00:00,2016-08-03 06:00:00,24,Beijing,Prophet,56.583333,0.0,test
2016-08-02 07:00:00,2016-08-03 07:00:00,24,Beijing,Prophet,61.666667,0.0,test
2016-08-02 08:00:00,2016-08-03 08:00:00,24,Beijing,Prophet,83.416667,0.0,test
2016-08-02 09:00:00,2016-08-03 09:00:00,24,Beijing,Prophet,79.583333,0.0,test
2016-08-02 10:00:00,2016-08-03 10:00:00,24,Beijing,Prophet,62.75,0.0,test
2016-08-02 11:00:00,2016-08-03 11:00:00,24,Beijing,Prophet,52.883333,0.0,test
2016-08-02 12:00:00,2016-08-03 12:00:00,24,Beijing,Prophet,42.183333,0.0,test
2016-08-02 13:00:00,2016-08-03 13:00:00,24,Beijing,Prophet,35.4,0.0,test
2016-08-02 14:00:00,2016-08-03 14:00:00,24,Beijing,Prophet,33.533333,0.0,test
2016-08-02 15:00:00,2016-08-03 15:00:00,24,Beijing,Prophet,33.416667,0.0,test
2016-08-02 16:00:00,2016-08-03 16:00:00,24,Beijing,Prophet,38.75,0.0,test
2016-08-02 17:00:00,2016-08-03 17:00:00,24,Beijing,Prophet,48.083333,0.0,test
2016-08-02 18:00:00,2016-08-03 18:00:00,24,Beijing,Prophet,46.916667,0.0,test
2016-08-02 19:00:00,2016-08-03 19:00:00,24,Beijing,Prophet,44.0,0.0,test
2016-08-02 20:00:00,2016-08-03 20:00:00,24,Beijing,Prophet,44.0,0.0,test
2016-08-02 21:00:00,2016-08-03 21:00:00,24,Beijing,Prophet,50.75,0.0,test
2016-08-02 22:00:00,2016-08-03 22:00:00,24,Beijing,Prophet,54.083333,0.0,test
2016-08-02 23:00:00,2016-08-03 23:00:00,24,Beijing,Prophet,57.291667,0.0,test
2016-08-03 00:00:00,2016-08-04 00:00:00,24,Beijing,Prophet,67.25,0.0,test
2016-08-03 01:00:00,2016-08-04 01:00:00,24,Beijing,Prophet,72.666667,0.0,test
2016-08-03 02:00:00,2016-08-04 02:00:00,24,Beijing,Prophet,76.75,0.0,test
2016-08-03 03:00:00,2016-08-04 03:00:00,24,Beijing,Prophet,74.416667,0.0,test
2016-08-03 04:00:00,2016-08-04 04:00:00,24,Beijing,Prophet,78.25,0.0,test
2016-08-03 05:00:00,2016-08-04 05:00:00,24,Beijing,Prophet,83.75,0.0,test
2016-08-03 06:00:00,2016-08-04 06:00:00,24,Beijing,Prophet,88.583333,0.0,test
2016-08-03 07:00:00,2016-08-04 07:00:00,24,Beijing,Prophet,93.5,0.0,test
2016-08-03 08:00:00,2016-08-04 08:00:00,24,Beijing,Prophet,105.5,0.0,test
2016-08-03 09:00:00,2016-08-04 09:00:00,24,Beijing,Prophet,116.333333,0.0,test
2016-08-03 10:00:00,2016-08-04 10:00:00,24,Beijing,Prophet,122.75,0.0,test
2016-08-03 11:00:00,2016-08-04 11:00:00,24,Beijing,Prophet,124.75,0.0,test
2016-08-03 12:00:00,2016-08-04 12:00:00,24,Beijing,Prophet,123.791667,0.0,test
2016-08-03 13:00:00,2016-08-04 13:00:00,24,Beijing,Prophet,119.75,0.0,test
2016-08-03 14:00:00,2016-08-04 14:00:00,24,Beijing,Prophet,111.972222,0.0,test
2016-08-03 15:00:00,2016-08-04 15:00:00,24,Beijing,Prophet,105.194444,0.0,test
2016-08-03 16:00:00,2016-08-04 16:00:00,24,Beijing,Prophet,100.916667,0.0,test
2016-08-03 17:00:00,2016-08-04 17:00:00,24,Beijing,Prophet,101.708333,0.0,test
2016-08-03 18:00:00,2016-08-04 18:00:00,24,Beijing,Prophet,96.666667,0.0,test
2016-08-03 19:00:00,2016-08-04 19:00:00,24,Beijing,Prophet,94.708333,0.0,test
2016-08-03 20:00:00,2016-08-04 20:00:00,24,Beijing,Prophet,97.166667,0.0,test
2016-08-03 21:00:00,2016-08-04 21:00:00,24,Beijing,Prophet,109.5,0.0,test
2016-08-03 22:00:00,2016-08-04 22:00:00,24,Beijing,Prophet,102.833333,0.0,test
2016-08-03 23:00:00,2016-08-04 23:00:00,24,Beijing,Prophet,83.0,0.0,test
2016-08-04 00:00:00,2016-08-05 00:00:00,24,Beijing,Prophet,70.083333,0.0,test
2016-08-04 01:00:00,2016-08-05 01:00:00,24,Beijing,Prophet,57.833333,0.0,test
2016-08-04 02:00:00,2016-08-05 02:00:00,24,Beijing,Prophet,55.5,0.0,test
2016-08-04 03:00:00,2016-08-05 03:00:00,24,Beijing,Prophet,59.666667,0.0,test
2016-08-04 04:00:00,2016-08-05 04:00:00,24,Beijing,Prophet,64.916667,0.0,test
2016-08-04 05:00:00,2016-08-05 05:00:00,24,Beijing,Prophet,67.666667,0.0,test
2016-08-04 06:00:00,2016-08-05 06:00:00,24,Beijing,Prophet,68.083333,0.0,test
2016-08-04 07:00:00,2016-08-05 07:00:00,24,Beijing,Prophet,69.916667,0.0,test
2016-08-04 08:00:00,2016-08-05 08:00:00,24,Beijing,Prophet,76.25,0.0,test
2016-08-04 09:00:00,2016-08-05 09:00:00,24,Beijing,Prophet,75.5,0.0,test
2016-08-04 10:00:00,2016-08-05 10:00:00,24,Beijing,Prophet,70.583333,0.0,test
2016-08-04 11:00:00,2016-08-05 11:00:00,24,Beijing,Prophet,61.916667,0.0,test
2016-08-04 12:00:00,2016-08-05 12:00:00,24,Beijing,Prophet,58.0,0.0,test
2016-08-04 13:00:00,2016-08-05 13:00:00,24,Beijing,Prophet,57.333333,0.0,test
2016-08-04 14:00:00,2016-08-05 14:00:00,24,Beijing,Prophet,54.75,0.0,test
2016-08-04 15:00:00,2016-08-05 15:00:00,24,Beijing,Prophet,47.166667,0.0,test
2016-08-04 16:00:00,2016-08-05 16:00:00,24,Beijing,Prophet,49.083333,0.0,test
2016-08-04 17:00:00,2016-08-05 17:00:00,24,Beijing,Prophet,49.333333,0.0,test
2016-08-04 18:00:00,2016-08-05 18:00:00,24,Beijing,Prophet,52.583333,0.0,test
2016-08-04 19:00:00,2016-08-05 19:00:00,24,Beijing,Prophet,57.25,0.0,test
2016-08-04 20:00:00,2016-08-05 20:00:00,24,Beijing,Prophet,63.5,0.0,test
2016-08-04 21:00:00,2016-08-05 21:00:00,24,Beijing,Prophet,79.083333,0.0,test
2016-08-04 22:00:00,2016-08-05 22:00:00,24,Beijing,Prophet,88.333333,0.0,test
2016-08-04 23:00:00,2016-08-05 23:00:00,24,Beijing,Prophet,92.833333,0.0,test
2016-08-05 00:00:00,2016-08-06 00:00:00,24,Beijing,Prophet,95.5,0.0,test
2016-08-05 01:00:00,2016-08-06 01:00:00,24,Beijing,Prophet,99.583333,0.0,test
2016-08-05 02:00:00,2016-08-06 02:00:00,24,Beijing,Prophet,100.833333,0.0,test
2016-08-05 03:00:00,2016-08-06 03:00:00,24,Beijing,Prophet,101.333333,0.0,test
2016-08-05 04:00:00,2016-08-06 04:00:00,24,Beijing,Prophet,106.833333,0.0,test
2016-08-05 05:00:00,2016-08-06 05:00:00,24,Beijing,Prophet,108.25,0.0,test
2016-08-05 06:00:00,2016-08-06 06:00:00,24,Beijing,Prophet,108.5,0.0,test
2016-08-05 07:00:00,2016-08-06 07:00:00,24,Beijing,Prophet,108.75,0.0,test
2016-08-05 08:00:00,2016-08-06 08:00:00,24,Beijing,Prophet,120.0,0.0,test
2016-08-05 09:00:00,2016-08-06 09:00:00,24,Beijing,Prophet,128.0,0.0,test
2016-08-05 10:00:00,2016-08-06 10:00:00,24,Beijing,Prophet,125.0,0.0,test
2016-08-05 11:00:00,2016-08-06 11:00:00,24,Beijing,Prophet,111.5,0.0,test
2016-08-05 12:00:00,2016-08-06 12:00:00,24,Beijing,Prophet,100.583333,0.0,test
2016-08-05 13:00:00,2016-08-06 13:00:00,24,Beijing,Prophet,96.666667,0.0,test
2016-08-05 14:00:00,2016-08-06 14:00:00,24,Beijing,Prophet,92.333333,0.0,test
2016-08-05 15:00:00,2016-08-06 15:00:00,24,Beijing,Prophet,92.333333,0.0,test
2016-08-05 16:00:00,2016-08-06 16:00:00,24,Beijing,Prophet,96.0,0.0,test
2016-08-05 17:00:00,2016-08-06 17:00:00,24,Beijing,Prophet,94.083333,0.0,test
2016-08-05 18:00:00,2016-08-06 18:00:00,24,Beijing,Prophet,94.0,0.0,test
2016-08-05 19:00:00,2016-08-06 19:00:00,24,Beijing,Prophet,89.833333,0.0,test
2016-08-05 20:00:00,2016-08-06 20:00:00,24,Beijing,Prophet,94.416667,0.0,test
2016-08-05 21:00:00,2016-08-06 21:00:00,24,Beijing,Prophet,100.833333,0.0,test
2016-08-05 22:00:00,2016-08-06 22:00:00,24,Beijing,Prophet,90.666667,0.0,test
2016-08-05 23:00:00,2016-08-06 23:00:00,24,Beijing,Prophet,52.416667,0.0,test
2016-08-06 00:00:00,2016-08-07 00:00:00,24,Beijing,Prophet,26.333333,0.0,test
2016-08-06 01:00:00,2016-08-07 01:00:00,24,Beijing,Prophet,17.75,0.0,test
2016-08-06 02:00:00,2016-08-07 02:00:00,24,Beijing,Prophet,19.833333,0.0,test
2016-08-06 03:00:00,2016-08-07 03:00:00,24,Beijing,Prophet,20.666667,0.0,test
2016-08-06 04:00:00,2016-08-07 04:00:00,24,Beijing,Prophet,19.0,0.0,test
2016-08-06 05:00:00,2016-08-07 05:00:00,24,Beijing,Prophet,18.25,0.0,test
2016-08-06 06:00:00,2016-08-07 06:00:00,24,Beijing,Prophet,17.75,0.0,test
2016-08-06 07:00:00,2016-08-07 07:00:00,24,Beijing,Prophet,17.5,0.0,test
2016-08-06 08:00:00,2016-08-07 08:00:00,24,Beijing,Prophet,19.833333,0.0,test
2016-08-06 09:00:00,2016-08-07 09:00:00,24,Beijing,Prophet,15.916667,0.0,test
2016-08-06 10:00:00,2016-08-07 10:00:00,24,Beijing,Prophet,16.416667,0.0,test
2016-08-06 11:00:00,2016-08-07 11:00:00,24,Beijing,Prophet,16.333333,0.0,test
2016-08-06 12:00:00,2016-08-07 12:00:00,24,Beijing,Prophet,19.0,0.0,test
2016-08-06 13:00:00,2016-08-07 13:00:00,24,Beijing,Prophet,19.583333,0.0,test
2016-08-06 14:00:00,2016-08-07 14:00:00,24,Beijing,Prophet,16.5,0.0,test
2016-08-06 15:00:00,2016-08-07 15:00:00,24,Beijing,Prophet,15.5,0.0,test
2016-08-06 16:00:00,2016-08-07 16:00:00,24,Beijing,Prophet,12.5,0.0,test
2016-08-06 17:00:00,2016-08-07 17:00:00,24,Beijing,Prophet,14.166667,0.0,test
2016-08-06 18:00:00,2016-08-07 18:00:00,24,Beijing,Prophet,15.0,0.0,test
2016-08-06 19:00:00,2016-08-07 19:00:00,24,Beijing,Prophet,19.416667,0.0,test
2016-08-06 20:00:00,2016-08-07 20:00:00,24,Beijing,Prophet,23.666667,0.0,test
2016-08-06 21:00:00,2016-08-07 21:00:00,24,Beijing,Prophet,27.666667,0.0,test
2016-08-06 22:00:00,2016-08-07 22:00:00,24,Beijing,Prophet,25.75,0.0,test
2016-08-06 23:00:00,2016-08-07 23:00:00,24,Beijing,Prophet,27.333333,0.0,test
2016-08-07 00:00:00,2016-08-08 00:00:00,24,Beijing,Prophet,26.5,0.0,test
2016-08-07 01:00:00,2016-08-08 01:00:00,24,Beijing,Prophet,33.666667,0.0,test
2016-08-07 02:00:00,2016-08-08 02:00:00,24,Beijing,Prophet,38.166667,0.0,test
2016-08-07 03:00:00,2016-08-08 03:00:00,24,Beijing,Prophet,44.5,0.0,test
2016-08-07 04:00:00,2016-08-08 04:00:00,24,Beijing,Prophet,47.416667,0.0,test
2016-08-07 05:00:00,2016-08-08 05:00:00,24,Beijing,Prophet,42.166667,0.0,test
2016-08-07 06:00:00,2016-08-08 06:00:00,24,Beijing,Prophet,37.916667,0.0,test
2016-08-07 07:00:00,2016-08-08 07:00:00,24,Beijing,Prophet,38.666667,0.0,test
2016-08-07 08:00:00,2016-08-08 08:00:00,24,Beijing,Prophet,43.0,0.0,test
2016-08-07 09:00:00,2016-08-08 09:00:00,24,Beijing,Prophet,39.5,0.0,test
2016-08-07 10:00:00,2016-08-08 10:00:00,24,Beijing,Prophet,26.25,0.0,test
2016-08-07 11:00:00,2016-08-08 11:00:00,24,Beijing,Prophet,18.0,0.0,test
2016-08-07 12:00:00,2016-08-08 12:00:00,24,Beijing,Prophet,17.0,0.0,test
2016-08-07 13:00:00,2016-08-08 13:00:00,24,Beijing,Prophet,15.75,0.0,test
2016-08-07 14:00:00,2016-08-08 14:00:00,24,Beijing,Prophet,18.083333,0.0,test
2016-08-07 15:00:00,2016-08-08 15:00:00,24,Beijing,Prophet,19.416667,0.0,test
2016-08-07 16:00:00,2016-08-08 16:00:00,24,Beijing,Prophet,20.25,0.0,test
2016-08-07 17:00:00,2016-08-08 17:00:00,24,Beijing,Prophet,18.166667,0.0,test
2016-08-07 18:00:00,2016-08-08 18:00:00,24,Beijing,Prophet,21.083333,0.0,test
2016-08-07 19:00:00,2016-08-08 19:00:00,24,Beijing,Prophet,23.583333,0.0,test
2016-08-07 20:00:00,2016-08-08 20:00:00,24,Beijing,Prophet,29.916667,0.0,test
2016-08-07 21:00:00,2016-08-08 21:00:00,24,Beijing,Prophet,37.0,0.0,test
2016-08-07 22:00:00,2016-08-08 22:00:00,24,Beijing,Prophet,39.583333,0.0,test
2016-08-07 23:00:00,2016-08-08 23:00:00,24,Beijing,Prophet,38.666667,0.0,test
2016-08-08 00:00:00,2016-08-09 00:00:00,24,Beijing,Prophet,36.333333,0.0,test
2016-08-08 01:00:00,2016-08-09 01:00:00,24,Beijing,Prophet,37.833333,0.0,test
2016-08-08 02:00:00,2016-08-09 02:00:00,24,Beijing,Prophet,38.583333,0.0,test
2016-08-08 03:00:00,2016-08-09 03:00:00,24,Beijing,Prophet,38.833333,0.0,test
2016-08-08 04:00:00,2016-08-09 04:00:00,24,Beijing,Prophet,36.833333,0.0,test
2016-08-08 05:00:00,2016-08-09 05:00:00,24,Beijing,Prophet,39.0,0.0,test
2016-08-08 06:00:00,2016-08-09 06:00:00,24,Beijing,Prophet,39.25,0.0,test
2016-08-08 07:00:00,2016-08-09 07:00:00,24,Beijing,Prophet,42.416667,0.0,test
2016-08-08 08:00:00,2016-08-09 08:00:00,24,Beijing,Prophet,47.916667,0.0,test
2016-08-08 09:00:00,2016-08-09 09:00:00,24,Beijing,Prophet,48.083333,0.0,test
2016-08-08 10:00:00,2016-08-09 10:00:00,24,Beijing,Prophet,40.833333,0.0,test
2016-08-08 11:00:00,2016-08-09 11:00:00,24,Beijing,Prophet,39.958333,0.0,test
2016-08-08 12:00:00,2016-08-09 12:00:00,24,Beijing,Prophet,36.5,0.0,test
2016-08-08 13:00:00,2016-08-09 13:00:00,24,Beijing,Prophet,36.916667,0.0,test
2016-08-08 14:00:00,2016-08-09 14:00:00,24,Beijing,Prophet,38.583333,0.0,test
2016-08-08 15:00:00,2016-08-09 15:00:00,24,Beijing,Prophet,44.833333,0.0,test
2016-08-08 16:00:00,2016-08-09 16:00:00,24,Beijing,Prophet,53.333333,0.0,test
2016-08-08 17:00:00,2016-08-09 17:00:00,24,Beijing,Prophet,59.75,0.0,test
2016-08-08 18:00:00,2016-08-09 18:00:00,24,Beijing,Prophet,51.0,0.0,test
2016-08-08 19:00:00,2016-08-09 19:00:00,24,Beijing,Prophet,45.916667,0.0,test
2016-08-08 20:00:00,2016-08-09 20:00:00,24,Beijing,Prophet,46.916667,0.0,test
2016-08-08 21:00:00,2016-08-09 21:00:00,24,Beijing,Prophet,54.166667,0.0,test
2016-08-08 22:00:00,2016-08-09 22:00:00,24,Beijing,Prophet,60.0,0.0,test
2016-08-08 23:00:00,2016-08-09 23:00:00,24,Beijing,Prophet,61.0,0.0,test
2016-08-09 00:00:00,2016-08-10 00:00:00,24,Beijing,Prophet,62.666667,0.0,test
2016-08-09 01:00:00,2016-08-10 01:00:00,24,Beijing,Prophet,67.416667,0.0,test
2016-08-09 02:00:00,2016-08-10 02:00:00,24,Beijing,Prophet,71.75,0.0,test
2016-08-09 03:00:00,2016-08-10 03:00:00,24,Beijing,Prophet,77.833333,0.0,test
2016-08-09 04:00:00,2016-08-10 04:00:00,24,Beijing,Prophet,84.75,0.0,test
2016-08-09 05:00:00,2016-08-10 05:00:00,24,Beijing,Prophet,96.083333,0.0,test
2016-08-09 06:00:00,2016-08-10 06:00:00,24,Beijing,Prophet,99.916667,0.0,test
2016-08-09 07:00:00,2016-08-10 07:00:00,24,Beijing,Prophet,100.25,0.0,test
2016-08-09 08:00:00,2016-08-10 08:00:00,24,Beijing,Prophet,106.166667,0.0,test
2016-08-09 09:00:00,2016-08-10 09:00:00,24,Beijing,Prophet,99.0,0.0,test
2016-08-09 10:00:00,2016-08-10 10:00:00,24,Beijing,Prophet,86.916667,0.0,test
2016-08-09 11:00:00,2016-08-10 11:00:00,24,Beijing,Prophet,74.083333,0.0,test
2016-08-09 12:00:00,2016-08-10 12:00:00,24,Beijing,Prophet,70.166667,0.0,test
2016-08-09 13:00:00,2016-08-10 13:00:00,24,Beijing,Prophet,67.25,0.0,test
2016-08-09 14:00:00,2016-08-10 14:00:00,24,Beijing,Prophet,64.25,0.0,test
2016-08-09 15:00:00,2016-08-10 15:00:00,24,Beijing,Prophet,69.111111,0.0,test
2016-08-09 16:00:00,2016-08-10 16:00:00,24,Beijing,Prophet,72.222222,0.0,test
2016-08-09 17:00:00,2016-08-10 17:00:00,24,Beijing,Prophet,73.666667,0.0,test
2016-08-09 18:00:00,2016-08-10 18:00:00,24,Beijing,Prophet,85.5,0.0,test
2016-08-09 19:00:00,2016-08-10 19:00:00,24,Beijing,Prophet,93.083333,0.0,test
2016-08-09 20:00:00,2016-08-10 20:00:00,24,Beijing,Prophet,94.291667,0.0,test
2016-08-09 21:00:00,2016-08-10 21:00:00,24,Beijing,Prophet,91.0,0.0,test
2016-08-09 22:00:00,2016-08-10 22:00:00,24,Beijing,Prophet,84.333333,0.0,test
2016-08-09 23:00:00,2016-08-10 23:00:00,24,Beijing,Prophet,79.5,0.0,test
2016-08-10 00:00:00,2016-08-11 00:00:00,24,Beijing,Prophet,75.833333,0.0,test
2016-08-10 01:00:00,2016-08-11 01:00:00,24,Beijing,Prophet,73.666667,0.0,test
2016-08-10 02:00:00,2016-08-11 02:00:00,24,Beijing,Prophet,74.083333,0.0,test
2016-08-10 03:00:00,2016-08-11 03:00:00,24,Beijing,Prophet,75.166667,0.0,test
2016-08-10 04:00:00,2016-08-11 04:00:00,24,Beijing,Prophet,75.75,0.0,test
2016-08-10 05:00:00,2016-08-11 05:00:00,24,Beijing,Prophet,78.75,0.0,test
2016-08-10 06:00:00,2016-08-11 06:00:00,24,Beijing,Prophet,83.666667,0.0,test
2016-08-10 07:00:00,2016-08-11 07:00:00,24,Beijing,Prophet,86.166667,0.0,test
2016-08-10 08:00:00,2016-08-11 08:00:00,24,Beijing,Prophet,90.916667,0.0,test
2016-08-10 09:00:00,2016-08-11 09:00:00,24,Beijing,Prophet,96.666667,0.0,test
2016-08-10 10:00:00,2016-08-11 10:00:00,24,Beijing,Prophet,99.25,0.0,test
2016-08-10 11:00:00,2016-08-11 11:00:00,24,Beijing,Prophet,98.666667,0.0,test
2016-08-10 12:00:00,2016-08-11 12:00:00,24,Beijing,Prophet,89.208333,0.0,test
2016-08-10 13:00:00,2016-08-11 13:00:00,24,Beijing,Prophet,86.25,0.0,test
2016-08-10 14:00:00,2016-08-11 14:00:00,24,Beijing,Prophet,87.25,0.0,test
2016-08-10 15:00:00,2016-08-11 15:00:00,24,Beijing,Prophet,91.0,0.0,test
2016-08-10 16:00:00,2016-08-11 16:00:00,24,Beijing,Prophet,93.125,0.0,test
2016-08-10 17:00:00,2016-08-11 17:00:00,24,Beijing,Prophet,98.25,0.0,test
2016-08-10 18:00:00,2016-08-11 18:00:00,24,Beijing,Prophet,95.416667,0.0,test
2016-08-10 19:00:00,2016-08-11 19:00:00,24,Beijing,Prophet,84.666667,0.0,test
2016-08-10 20:00:00,2016-08-11 20:00:00,24,Beijing,Prophet,78.416667,0.0,test
2016-08-10 21:00:00,2016-08-11 21:00:00,24,Beijing,Prophet,83.375,0.0,test
2016-08-10 22:00:00,2016-08-11 22:00:00,24,Beijing,Prophet,87.166667,0.0,test
2016-08-10 23:00:00,2016-08-11 23:00:00,24,Beijing,Prophet,87.916667,0.0,test
2016-08-11 00:00:00,2016-08-12 00:00:00,24,Beijing,Prophet,88.583333,0.0,test
2016-08-11 01:00:00,2016-08-12 01:00:00,24,Beijing,Prophet,87.416667,0.0,test
2016-08-11 02:00:00,2016-08-12 02:00:00,24,Beijing,Prophet,85.25,0.0,test
2016-08-11 03:00:00,2016-08-12 03:00:00,24,Beijing,Prophet,85.166667,0.0,test
2016-08-11 04:00:00,2016-08-12 04:00:00,24,Beijing,Prophet,88.083333,0.0,test
2016-08-11 05:00:00,2016-08-12 05:00:00,24,Beijing,Prophet,90.166667,0.0,test
2016-08-11 06:00:00,2016-08-12 06:00:00,24,Beijing,Prophet,96.416667,0.0,test
2016-08-11 07:00:00,2016-08-12 07:00:00,24,Beijing,Prophet,106.5,0.0,test
2016-08-11 08:00:00,2016-08-12 08:00:00,24,Beijing,Prophet,109.666667,0.0,test
2016-08-11 09:00:00,2016-08-12 09:00:00,24,Beijing,Prophet,115.75,0.0,test
2016-08-11 10:00:00,2016-08-12 10:00:00,24,Beijing,Prophet,114.166667,0.0,test
2016-08-11 11:00:00,2016-08-12 11:00:00,24,Beijing,Prophet,98.472222,0.0,test
2016-08-11 12:00:00,2016-08-12 12:00:00,24,Beijing,Prophet,63.069444,0.0,test
2016-08-11 13:00:00,2016-08-12 13:00:00,24,Beijing,Prophet,26.5,0.0,test
2016-08-11 14:00:00,2016-08-12 14:00:00,24,Beijing,Prophet,16.833333,0.0,test
2016-08-11 15:00:00,2016-08-12 15:00:00,24,Beijing,Prophet,14.25,0.0,test
2016-08-11 16:00:00,2016-08-12 16:00:00,24,Beijing,Prophet,15.916667,0.0,test
2016-08-11 17:00:00,2016-08-12 17:00:00,24,Beijing,Prophet,15.833333,0.0,test
2016-08-11 18:00:00,2016-08-12 18:00:00,24,Beijing,Prophet,20.583333,0.0,test
2016-08-11 19:00:00,2016-08-12 19:00:00,24,Beijing,Prophet,21.666667,0.0,test
2016-08-11 20:00:00,2016-08-12 20:00:00,24,Beijing,Prophet,23.916667,0.0,test
2016-08-11 21:00:00,2016-08-12 21:00:00,24,Beijing,Prophet,21.75,0.0,test
2016-08-11 22:00:00,2016-08-12 22:00:00,24,Beijing,Prophet,23.666667,0.0,test
2016-08-11 23:00:00,2016-08-12 23:00:00,24,Beijing,Prophet,25.25,0.0,test
2016-08-12 00:00:00,2016-08-13 00:00:00,24,Beijing,Prophet,27.75,0.0,test
2016-08-12 01:00:00,2016-08-13 01:00:00,24,Beijing,Prophet,26.166667,0.0,test
2016-08-12 02:00:00,2016-08-13 02:00:00,24,Beijing,Prophet,25.083333,0.0,test
2016-08-12 03:00:00,2016-08-13 03:00:00,24,Beijing,Prophet,23.333333,0.0,test
2016-08-12 04:00:00,2016-08-13 04:00:00,24,Beijing,Prophet,25.166667,0.0,test
2016-08-12 05:00:00,2016-08-13 05:00:00,24,Beijing,Prophet,24.166667,0.0,test
2016-08-12 06:00:00,2016-08-13 06:00:00,24,Beijing,Prophet,25.75,0.0,test
2016-08-12 07:00:00,2016-08-13 07:00:00,24,Beijing,Prophet,24.833333,0.0,test
2016-08-12 08:00:00,2016-08-13 08:00:00,24,Beijing,Prophet,24.166667,0.0,test
2016-08-12 09:00:00,2016-08-13 09:00:00,24,Beijing,Prophet,22.916667,0.0,test
2016-08-12 10:00:00,2016-08-13 10:00:00,24,Beijing,Prophet,21.666667,0.0,test
2016-08-12 11:00:00,2016-08-13 11:00:00,24,Beijing,Prophet,22.166667,0.0,test
2016-08-12 12:00:00,2016-08-13 12:00:00,24,Beijing,Prophet,27.25,0.0,test
2016-08-12 13:00:00,2016-08-13 13:00:00,24,Beijing,Prophet,27.416667,0.0,test
2016-08-12 14:00:00,2016-08-13 14:00:00,24,Beijing,Prophet,28.416667,0.0,test
2016-08-12 15:00:00,2016-08-13 15:00:00,24,Beijing,Prophet,25.833333,0.0,test
2016-08-12 16:00:00,2016-08-13 16:00:00,24,Beijing,Prophet,20.583333,0.0,test
2016-08-12 17:00:00,2016-08-13 17:00:00,24,Beijing,Prophet,18.5,0.0,test
2016-08-12 18:00:00,2016-08-13 18:00:00,24,Beijing,Prophet,17.0,0.0,test
2016-08-12 19:00:00,2016-08-13 19:00:00,24,Beijing,Prophet,16.416667,0.0,test
2016-08-12 20:00:00,2016-08-13 20:00:00,24,Beijing,Prophet,16.0,0.0,test
2016-08-12 21:00:00,2016-08-13 21:00:00,24,Beijing,Prophet,16.666667,0.0,test
2016-08-12 22:00:00,2016-08-13 22:00:00,24,Beijing,Prophet,15.583333,0.0,test
2016-08-12 23:00:00,2016-08-13 23:00:00,24,Beijing,Prophet,14.0,0.0,test
2016-08-13 00:00:00,2016-08-14 00:00:00,24,Beijing,Prophet,13.583333,0.0,test
2016-08-13 01:00:00,2016-08-14 01:00:00,24,Beijing,Prophet,12.75,0.0,test
2016-08-13 02:00:00,2016-08-14 02:00:00,24,Beijing,Prophet,7.833333,0.0,test
2016-08-13 03:00:00,2016-08-14 03:00:00,24,Beijing,Prophet,10.25,0.0,test
2016-08-13 04:00:00,2016-08-14 04:00:00,24,Beijing,Prophet,10.583333,0.0,test
2016-08-13 05:00:00,2016-08-14 05:00:00,24,Beijing,Prophet,10.5,0.0,test
2016-08-13 06:00:00,2016-08-14 06:00:00,24,Beijing,Prophet,14.416667,0.0,test
2016-08-13 07:00:00,2016-08-14 07:00:00,24,Beijing,Prophet,15.166667,0.0,test
2016-08-13 08:00:00,2016-08-14 08:00:00,24,Beijing,Prophet,15.75,0.0,test
2016-08-13 09:00:00,2016-08-14 09:00:00,24,Beijing,Prophet,14.75,0.0,test
2016-08-13 10:00:00,2016-08-14 10:00:00,24,Beijing,Prophet,15.416667,0.0,test
2016-08-13 11:00:00,2016-08-14 11:00:00,24,Beijing,Prophet,14.416667,0.0,test
2016-08-13 12:00:00,2016-08-14 12:00:00,24,Beijing,Prophet,13.333333,0.0,test
2016-08-13 13:00:00,2016-08-14 13:00:00,24,Beijing,Prophet,14.25,0.0,test
2016-08-13 14:00:00,2016-08-14 14:00:00,24,Beijing,Prophet,14.166667,0.0,test
2016-08-13 15:00:00,2016-08-14 15:00:00,24,Beijing,Prophet,15.5,0.0,test
2016-08-13 16:00:00,2016-08-14 16:00:00,24,Beijing,Prophet,20.5,0.0,test
2016-08-13 17:00:00,2016-08-14 17:00:00,24,Beijing,Prophet,21.666667,0.0,test
2016-08-13 18:00:00,2016-08-14 18:00:00,24,Beijing,Prophet,26.333333,0.0,test
2016-08-13 19:00:00,2016-08-14 19:00:00,24,Beijing,Prophet,29.666667,0.0,test
2016-08-13 20:00:00,2016-08-14 20:00:00,24,Beijing,Prophet,33.416667,0.0,test
2016-08-13 21:00:00,2016-08-14 21:00:00,24,Beijing,Prophet,38.5,0.0,test
2016-08-13 22:00:00,2016-08-14 22:00:00,24,Beijing,Prophet,40.583333,0.0,test
2016-08-13 23:00:00,2016-08-14 23:00:00,24,Beijing,Prophet,42.833333,0.0,test
2016-08-14 00:00:00,2016-08-15 00:00:00,24,Beijing,Prophet,47.416667,0.0,test
2016-08-14 01:00:00,2016-08-15 01:00:00,24,Beijing,Prophet,44.5,0.0,test
2016-08-14 02:00:00,2016-08-15 02:00:00,24,Beijing,Prophet,48.75,0.0,test
2016-08-14 03:00:00,2016-08-15 03:00:00,24,Beijing,Prophet,54.75,0.0,test
2016-08-14 04:00:00,2016-08-15 04:00:00,24,Beijing,Prophet,49.166667,0.0,test
2016-08-14 05:00:00,2016-08-15 05:00:00,24,Beijing,Prophet,19.083333,0.0,test
2016-08-14 06:00:00,2016-08-15 06:00:00,24,Beijing,Prophet,13.166667,0.0,test
2016-08-14 07:00:00,2016-08-15 07:00:00,24,Beijing,Prophet,14.333333,0.0,test
2016-08-14 08:00:00,2016-08-15 08:00:00,24,Beijing,Prophet,13.25,0.0,test
2016-08-14 09:00:00,2016-08-15 09:00:00,24,Beijing,Prophet,13.166667,0.0,test
2016-08-14 10:00:00,2016-08-15 10:00:00,24,Beijing,Prophet,11.458333,0.0,test
2016-08-14 11:00:00,2016-08-15 11:00:00,24,Beijing,Prophet,12.666667,0.0,test
2016-08-14 12:00:00,2016-08-15 12:00:00,24,Beijing,Prophet,12.375,0.0,test
2016-08-14 13:00:00,2016-08-15 13:00:00,24,Beijing,Prophet,12.25,0.0,test
2016-08-14 14:00:00,2016-08-15 14:00:00,24,Beijing,Prophet,13.0,0.0,test
2016-08-14 15:00:00,2016-08-15 15:00:00,24,Beijing,Prophet,10.25,0.0,test
2016-08-14 16:00:00,2016-08-15 16:00:00,24,Beijing,Prophet,9.75,0.0,test
2016-08-14 17:00:00,2016-08-15 17:00:00,24,Beijing,Prophet,10.333333,0.0,test
2016-08-14 18:00:00,2016-08-15 18:00:00,24,Beijing,Prophet,11.166667,0.0,test
2016-08-14 19:00:00,2016-08-15 19:00:00,24,Beijing,Prophet,12.25,0.0,test
2016-08-14 20:00:00,2016-08-15 20:00:00,24,Beijing,Prophet,16.25,0.0,test
2016-08-14 21:00:00,2016-08-15 21:00:00,24,Beijing,Prophet,17.75,0.0,test
2016-08-14 22:00:00,2016-08-15 22:00:00,24,Beijing,Prophet,16.416667,0.0,test
2016-08-14 23:00:00,2016-08-15 23:00:00,24,Beijing,Prophet,18.083333,0.0,test
2016-08-15 00:00:00,2016-08-16 00:00:00,24,Beijing,Prophet,18.333333,0.0,test
2016-08-15 01:00:00,2016-08-16 01:00:00,24,Beijing,Prophet,20.0,0.0,test
2016-08-15 02:00:00,2016-08-16 02:00:00,24,Beijing,Prophet,19.833333,0.0,test
2016-08-15 03:00:00,2016-08-16 03:00:00,24,Beijing,Prophet,19.333333,0.0,test
2016-08-15 04:00:00,2016-08-16 04:00:00,24,Beijing,Prophet,20.083333,0.0,test
2016-08-15 05:00:00,2016-08-16 05:00:00,24,Beijing,Prophet,18.0,0.0,test
2016-08-15 06:00:00,2016-08-16 06:00:00,24,Beijing,Prophet,17.666667,0.0,test
2016-08-15 07:00:00,2016-08-16 07:00:00,24,Beijing,Prophet,18.333333,0.0,test
2016-08-15 08:00:00,2016-08-16 08:00:00,24,Beijing,Prophet,19.416667,0.0,test
2016-08-15 09:00:00,2016-08-16 09:00:00,24,Beijing,Prophet,19.666667,0.0,test
2016-08-15 10:00:00,2016-08-16 10:00:00,24,Beijing,Prophet,21.416667,0.0,test
2016-08-15 11:00:00,2016-08-16 11:00:00,24,Beijing,Prophet,22.083333,0.0,test
2016-08-15 12:00:00,2016-08-16 12:00:00,24,Beijing,Prophet,23.0,0.0,test
2016-08-15 13:00:00,2016-08-16 13:00:00,24,Beijing,Prophet,23.0,0.0,test
2016-08-15 14:00:00,2016-08-16 14:00:00,24,Beijing,Prophet,22.0,0.0,test
2016-08-15 15:00:00,2016-08-16 15:00:00,24,Beijing,Prophet,22.25,0.0,test
2016-08-15 16:00:00,2016-08-16 16:00:00,24,Beijing,Prophet,24.833333,0.0,test
2016-08-15 17:00:00,2016-08-16 17:00:00,24,Beijing,Prophet,26.916667,0.0,test
2016-08-15 18:00:00,2016-08-16 18:00:00,24,Beijing,Prophet,29.666667,0.0,test
2016-08-15 19:00:00,2016-08-16 19:00:00,24,Beijing,Prophet,32.0,0.0,test
2016-08-15 20:00:00,2016-08-16 20:00:00,24,Beijing,Prophet,30.916667,0.0,test
2016-08-15 21:00:00,2016-08-16 21:00:00,24,Beijing,Prophet,32.0,0.0,test
2016-08-15 22:00:00,2016-08-16 22:00:00,24,Beijing,Prophet,29.25,0.0,test
2016-08-15 23:00:00,2016-08-16 23:00:00,24,Beijing,Prophet,28.666667,0.0,test
2016-08-16 00:00:00,2016-08-17 00:00:00,24,Beijing,Prophet,32.666667,0.0,test
2016-08-16 01:00:00,2016-08-17 01:00:00,24,Beijing,Prophet,34.333333,0.0,test
2016-08-16 02:00:00,2016-08-17 02:00:00,24,Beijing,Prophet,34.5,0.0,test
2016-08-16 03:00:00,2016-08-17 03:00:00,24,Beijing,Prophet,34.25,0.0,test
2016-08-16 04:00:00,2016-08-17 04:00:00,24,Beijing,Prophet,33.916667,0.0,test
2016-08-16 05:00:00,2016-08-17 05:00:00,24,Beijing,Prophet,34.416667,0.0,test
2016-08-16 06:00:00,2016-08-17 06:00:00,24,Beijing,Prophet,38.083333,0.0,test
2016-08-16 07:00:00,2016-08-17 07:00:00,24,Beijing,Prophet,41.25,0.0,test
2016-08-16 08:00:00,2016-08-17 08:00:00,24,Beijing,Prophet,44.5,0.0,test
2016-08-16 09:00:00,2016-08-17 09:00:00,24,Beijing,Prophet,52.25,0.0,test
2016-08-16 10:00:00,2016-08-17 10:00:00,24,Beijing,Prophet,57.333333,0.0,test
2016-08-16 11:00:00,2016-08-17 11:00:00,24,Beijing,Prophet,61.083333,0.0,test
2016-08-16 12:00:00,2016-08-17 12:00:00,24,Beijing,Prophet,62.333333,0.0,test
2016-08-16 13:00:00,2016-08-17 13:00:00,24,Beijing,Prophet,63.666667,0.0,test
2016-08-16 14:00:00,2016-08-17 14:00:00,24,Beijing,Prophet,66.833333,0.0,test
2016-08-16 15:00:00,2016-08-17 15:00:00,24,Beijing,Prophet,69.666667,0.0,test
2016-08-16 16:00:00,2016-08-17 16:00:00,24,Beijing,Prophet,71.333333,0.0,test
2016-08-16 17:00:00,2016-08-17 17:00:00,24,Beijing,Prophet,76.5,0.0,test
2016-08-16 18:00:00,2016-08-17 18:00:00,24,Beijing,Prophet,79.916667,0.0,test
2016-08-16 19:00:00,2016-08-17 19:00:00,24,Beijing,Prophet,80.166667,0.0,test
2016-08-16 20:00:00,2016-08-17 20:00:00,24,Beijing,Prophet,82.583333,0.0,test
2016-08-16 21:00:00,2016-08-17 21:00:00,24,Beijing,Prophet,88.833333,0.0,test
2016-08-16 22:00:00,2016-08-17 22:00:00,24,Beijing,Prophet,93.916667,0.0,test
2016-08-16 23:00:00,2016-08-17 23:00:00,24,Beijing,Prophet,100.166667,0.0,test
2016-08-17 00:00:00,2016-08-18 00:00:00,24,Beijing,Prophet,104.166667,0.0,test
2016-08-17 01:00:00,2016-08-18 01:00:00,24,Beijing,Prophet,104.75,0.0,test
2016-08-17 02:00:00,2016-08-18 02:00:00,24,Beijing,Prophet,107.916667,0.0,test
2016-08-17 03:00:00,2016-08-18 03:00:00,24,Beijing,Prophet,110.5,0.0,test
2016-08-17 04:00:00,2016-08-18 04:00:00,24,Beijing,Prophet,110.0,0.0,test
2016-08-17 05:00:00,2016-08-18 05:00:00,24,Beijing,Prophet,108.0,0.0,test
2016-08-17 06:00:00,2016-08-18 06:00:00,24,Beijing,Prophet,104.833333,0.0,test
2016-08-17 07:00:00,2016-08-18 07:00:00,24,Beijing,Prophet,99.416667,0.0,test
2016-08-17 08:00:00,2016-08-18 08:00:00,24,Beijing,Prophet,84.916667,0.0,test
2016-08-17 09:00:00,2016-08-18 09:00:00,24,Beijing,Prophet,74.75,0.0,test
2016-08-17 10:00:00,2016-08-18 10:00:00,24,Beijing,Prophet,73.166667,0.0,test
2016-08-17 11:00:00,2016-08-18 11:00:00,24,Beijing,Prophet,62.833333,0.0,test
2016-08-17 12:00:00,2016-08-18 12:00:00,24,Beijing,Prophet,56.416667,0.0,test
2016-08-17 13:00:00,2016-08-18 13:00:00,24,Beijing,Prophet,56.833333,0.0,test
2016-08-17 14:00:00,2016-08-18 14:00:00,24,Beijing,Prophet,59.75,0.0,test
2016-08-17 15:00:00,2016-08-18 15:00:00,24,Beijing,Prophet,61.083333,0.0,test
2016-08-17 16:00:00,2016-08-18 16:00:00,24,Beijing,Prophet,56.916667,0.0,test
2016-08-17 17:00:00,2016-08-18 17:00:00,24,Beijing,Prophet,53.583333,0.0,test
2016-08-17 18:00:00,2016-08-18 18:00:00,24,Beijing,Prophet,56.333333,0.0,test
2016-08-17 19:00:00,2016-08-18 19:00:00,24,Beijing,Prophet,52.75,0.0,test
2016-08-17 20:00:00,2016-08-18 20:00:00,24,Beijing,Prophet,43.416667,0.0,test
2016-08-17 21:00:00,2016-08-18 21:00:00,24,Beijing,Prophet,48.416667,0.0,test
2016-08-17 22:00:00,2016-08-18 22:00:00,24,Beijing,Prophet,53.083333,0.0,test
2016-08-17 23:00:00,2016-08-18 23:00:00,24,Beijing,Prophet,45.916667,0.0,test
2016-08-18 00:00:00,2016-08-19 00:00:00,24,Beijing,Prophet,35.75,0.0,test
2016-08-18 01:00:00,2016-08-19 01:00:00,24,Beijing,Prophet,27.75,0.0,test
2016-08-18 02:00:00,2016-08-19 02:00:00,24,Beijing,Prophet,23.333333,0.0,test
2016-08-18 03:00:00,2016-08-19 03:00:00,24,Beijing,Prophet,17.5,0.0,test
2016-08-18 04:00:00,2016-08-19 04:00:00,24,Beijing,Prophet,14.083333,0.0,test
2016-08-18 05:00:00,2016-08-19 05:00:00,24,Beijing,Prophet,12.416667,0.0,test
2016-08-18 06:00:00,2016-08-19 06:00:00,24,Beijing,Prophet,11.416667,0.0,test
2016-08-18 07:00:00,2016-08-19 07:00:00,24,Beijing,Prophet,12.25,0.0,test
2016-08-18 08:00:00,2016-08-19 08:00:00,24,Beijing,Prophet,11.5,0.0,test
2016-08-18 09:00:00,2016-08-19 09:00:00,24,Beijing,Prophet,11.5,0.0,test
2016-08-18 10:00:00,2016-08-19 10:00:00,24,Beijing,Prophet,10.5,0.0,test
2016-08-18 11:00:00,2016-08-19 11:00:00,24,Beijing,Prophet,10.416667,0.0,test
2016-08-18 12:00:00,2016-08-19 12:00:00,24,Beijing,Prophet,10.5,0.0,test
2016-08-18 13:00:00,2016-08-19 13:00:00,24,Beijing,Prophet,9.916667,0.0,test
2016-08-18 14:00:00,2016-08-19 14:00:00,24,Beijing,Prophet,10.416667,0.0,test
2016-08-18 15:00:00,2016-08-19 15:00:00,24,Beijing,Prophet,10.583333,0.0,test
2016-08-18 16:00:00,2016-08-19 16:00:00,24,Beijing,Prophet,11.083333,0.0,test
2016-08-18 17:00:00,2016-08-19 17:00:00,24,Beijing,Prophet,11.666667,0.0,test
2016-08-18 18:00:00,2016-08-19 18:00:00,24,Beijing,Prophet,14.333333,0.0,test
2016-08-18 19:00:00,2016-08-19 19:00:00,24,Beijing,Prophet,18.0,0.0,test
2016-08-18 20:00:00,2016-08-19 20:00:00,24,Beijing,Prophet,29.583333,0.0,test
2016-08-18 21:00:00,2016-08-19 21:00:00,24,Beijing,Prophet,34.916667,0.0,test
2016-08-18 22:00:00,2016-08-19 22:00:00,24,Beijing,Prophet,35.083333,0.0,test
2016-08-18 23:00:00,2016-08-19 23:00:00,24,Beijing,Prophet,36.416667,0.0,test
2016-08-19 00:00:00,2016-08-20 00:00:00,24,Beijing,Prophet,39.333333,0.0,test
2016-08-19 01:00:00,2016-08-20 01:00:00,24,Beijing,Prophet,42.166667,0.0,test
2016-08-19 02:00:00,2016-08-20 02:00:00,24,Beijing,Prophet,44.916667,0.0,test
2016-08-19 03:00:00,2016-08-20 03:00:00,24,Beijing,Prophet,45.166667,0.0,test
2016-08-19 04:00:00,2016-08-20 04:00:00,24,Beijing,Prophet,48.583333,0.0,test
2016-08-19 05:00:00,2016-08-20 05:00:00,24,Beijing,Prophet,45.916667,0.0,test
2016-08-19 06:00:00,2016-08-20 06:00:00,24,Beijing,Prophet,47.25,0.0,test
2016-08-19 07:00:00,2016-08-20 07:00:00,24,Beijing,Prophet,48.5,0.0,test
2016-08-19 08:00:00,2016-08-20 08:00:00,24,Beijing,Prophet,55.583333,0.0,test
2016-08-19 09:00:00,2016-08-20 09:00:00,24,Beijing,Prophet,62.666667,0.0,test
2016-08-19 10:00:00,2016-08-20 10:00:00,24,Beijing,Prophet,71.083333,0.0,test
2016-08-19 11:00:00,2016-08-20 11:00:00,24,Beijing,Prophet,69.583333,0.0,test
2016-08-19 12:00:00,2016-08-20 12:00:00,24,Beijing,Prophet,65.166667,0.0,test
2016-08-19 13:00:00,2016-08-20 13:00:00,24,Beijing,Prophet,58.5,0.0,test
2016-08-19 14:00:00,2016-08-20 14:00:00,24,Beijing,Prophet,51.833333,0.0,test
2016-08-19 15:00:00,2016-08-20 15:00:00,24,Beijing,Prophet,46.583333,0.0,test
2016-08-19 16:00:00,2016-08-20 16:00:00,24,Beijing,Prophet,46.583333,0.0,test
2016-08-19 17:00:00,2016-08-20 17:00:00,24,Beijing,Prophet,49.875,0.0,test
2016-08-19 18:00:00,2016-08-20 18:00:00,24,Beijing,Prophet,53.25,0.0,test
2016-08-19 19:00:00,2016-08-20 19:00:00,24,Beijing,Prophet,52.166667,0.0,test
2016-08-19 20:00:00,2016-08-20 20:00:00,24,Beijing,Prophet,51.666667,0.0,test
2016-08-19 21:00:00,2016-08-20 21:00:00,24,Beijing,Prophet,54.0,0.0,test
2016-08-19 22:00:00,2016-08-20 22:00:00,24,Beijing,Prophet,55.75,0.0,test
2016-08-19 23:00:00,2016-08-20 23:00:00,24,Beijing,Prophet,53.666667,0.0,test
2016-08-20 00:00:00,2016-08-21 00:00:00,24,Beijing,Prophet,53.5,0.0,test
2016-08-20 01:00:00,2016-08-21 01:00:00,24,Beijing,Prophet,54.833333,0.0,test
2016-08-20 02:00:00,2016-08-21 02:00:00,24,Beijing,Prophet,53.083333,0.0,test
2016-08-20 03:00:00,2016-08-21 03:00:00,24,Beijing,Prophet,53.75,0.0,test
2016-08-20 04:00:00,2016-08-21 04:00:00,24,Beijing,Prophet,53.0,0.0,test
2016-08-20 05:00:00,2016-08-21 05:00:00,24,Beijing,Prophet,51.083333,0.0,test
2016-08-20 06:00:00,2016-08-21 06:00:00,24,Beijing,Prophet,52.583333,0.0,test
2016-08-20 07:00:00,2016-08-21 07:00:00,24,Beijing,Prophet,47.666667,0.0,test
2016-08-20 08:00:00,2016-08-21 08:00:00,24,Beijing,Prophet,45.75,0.0,test
2016-08-20 09:00:00,2016-08-21 09:00:00,24,Beijing,Prophet,45.166667,0.0,test
2016-08-20 10:00:00,2016-08-21 10:00:00,24,Beijing,Prophet,45.416667,0.0,test
2016-08-20 11:00:00,2016-08-21 11:00:00,24,Beijing,Prophet,47.75,0.0,test
2016-08-20 12:00:00,2016-08-21 12:00:00,24,Beijing,Prophet,49.166667,0.0,test
2016-08-20 13:00:00,2016-08-21 13:00:00,24,Beijing,Prophet,49.333333,0.0,test
2016-08-20 14:00:00,2016-08-21 14:00:00,24,Beijing,Prophet,54.416667,0.0,test
2016-08-20 15:00:00,2016-08-21 15:00:00,24,Beijing,Prophet,57.916667,0.0,test
2016-08-20 16:00:00,2016-08-21 16:00:00,24,Beijing,Prophet,50.833333,0.0,test
2016-08-20 17:00:00,2016-08-21 17:00:00,24,Beijing,Prophet,45.916667,0.0,test
2016-08-20 18:00:00,2016-08-21 18:00:00,24,Beijing,Prophet,44.583333,0.0,test
2016-08-20 19:00:00,2016-08-21 19:00:00,24,Beijing,Prophet,47.75,0.0,test
2016-08-20 20:00:00,2016-08-21 20:00:00,24,Beijing,Prophet,53.083333,0.0,test
2016-08-20 21:00:00,2016-08-21 21:00:00,24,Beijing,Prophet,57.416667,0.0,test
2016-08-20 22:00:00,2016-08-21 22:00:00,24,Beijing,Prophet,63.916667,0.0,test
2016-08-20 23:00:00,2016-08-21 23:00:00,24,Beijing,Prophet,74.0,0.0,test
2016-08-21 00:00:00,2016-08-22 00:00:00,24,Beijing,Prophet,74.666667,0.0,test
2016-08-21 01:00:00,2016-08-22 01:00:00,24,Beijing,Prophet,73.5,0.0,test
2016-08-21 02:00:00,2016-08-22 02:00:00,24,Beijing,Prophet,75.833333,0.0,test
2016-08-21 03:00:00,2016-08-22 03:00:00,24,Beijing,Prophet,78.75,0.0,test
2016-08-21 04:00:00,2016-08-22 04:00:00,24,Beijing,Prophet,78.083333,0.0,test
2016-08-21 05:00:00,2016-08-22 05:00:00,24,Beijing,Prophet,74.166667,0.0,test
2016-08-21 06:00:00,2016-08-22 06:00:00,24,Beijing,Prophet,73.5,0.0,test
2016-08-21 07:00:00,2016-08-22 07:00:00,24,Beijing,Prophet,77.25,0.0,test
2016-08-21 08:00:00,2016-08-22 08:00:00,24,Beijing,Prophet,80.833333,0.0,test
2016-08-21 09:00:00,2016-08-22 09:00:00,24,Beijing,Prophet,70.166667,0.0,test
2016-08-21 10:00:00,2016-08-22 10:00:00,24,Beijing,Prophet,52.166667,0.0,test
2016-08-21 11:00:00,2016-08-22 11:00:00,24,Beijing,Prophet,42.083333,0.0,test
2016-08-21 12:00:00,2016-08-22 12:00:00,24,Beijing,Prophet,37.583333,0.0,test
2016-08-21 13:00:00,2016-08-22 13:00:00,24,Beijing,Prophet,38.583333,0.0,test
2016-08-21 14:00:00,2016-08-22 14:00:00,24,Beijing,Prophet,33.25,0.0,test
2016-08-21 15:00:00,2016-08-22 15:00:00,24,Beijing,Prophet,29.916667,0.0,test
2016-08-21 16:00:00,2016-08-22 16:00:00,24,Beijing,Prophet,29.75,0.0,test
2016-08-21 17:00:00,2016-08-22 17:00:00,24,Beijing,Prophet,27.833333,0.0,test
2016-08-21 18:00:00,2016-08-22 18:00:00,24,Beijing,Prophet,30.916667,0.0,test
2016-08-21 19:00:00,2016-08-22 19:00:00,24,Beijing,Prophet,32.166667,0.0,test
2016-08-21 20:00:00,2016-08-22 20:00:00,24,Beijing,Prophet,36.166667,0.0,test
2016-08-21 21:00:00,2016-08-22 21:00:00,24,Beijing,Prophet,39.916667,0.0,test
2016-08-21 22:00:00,2016-08-22 22:00:00,24,Beijing,Prophet,39.666667,0.0,test
2016-08-21 23:00:00,2016-08-22 23:00:00,24,Beijing,Prophet,43.666667,0.0,test
2016-08-22 00:00:00,2016-08-23 00:00:00,24,Beijing,Prophet,46.833333,0.0,test
2016-08-22 01:00:00,2016-08-23 01:00:00,24,Beijing,Prophet,50.916667,0.0,test
2016-08-22 02:00:00,2016-08-23 02:00:00,24,Beijing,Prophet,55.833333,0.0,test
2016-08-22 03:00:00,2016-08-23 03:00:00,24,Beijing,Prophet,60.416667,0.0,test
2016-08-22 04:00:00,2016-08-23 04:00:00,24,Beijing,Prophet,63.916667,0.0,test
2016-08-22 05:00:00,2016-08-23 05:00:00,24,Beijing,Prophet,66.416667,0.0,test
2016-08-22 06:00:00,2016-08-23 06:00:00,24,Beijing,Prophet,68.666667,0.0,test
2016-08-22 07:00:00,2016-08-23 07:00:00,24,Beijing,Prophet,74.166667,0.0,test
2016-08-22 08:00:00,2016-08-23 08:00:00,24,Beijing,Prophet,80.5,0.0,test
2016-08-22 09:00:00,2016-08-23 09:00:00,24,Beijing,Prophet,76.833333,0.0,test
2016-08-22 10:00:00,2016-08-23 10:00:00,24,Beijing,Prophet,56.583333,0.0,test
2016-08-22 11:00:00,2016-08-23 11:00:00,24,Beijing,Prophet,55.666667,0.0,test
2016-08-22 12:00:00,2016-08-23 12:00:00,24,Beijing,Prophet,59.166667,0.0,test
2016-08-22 13:00:00,2016-08-23 13:00:00,24,Beijing,Prophet,62.5,0.0,test
2016-08-22 14:00:00,2016-08-23 14:00:00,24,Beijing,Prophet,62.5,0.0,test
2016-08-22 15:00:00,2016-08-23 15:00:00,24,Beijing,Prophet,66.833333,0.0,test
2016-08-22 16:00:00,2016-08-23 16:00:00,24,Beijing,Prophet,75.333333,0.0,test
2016-08-22 17:00:00,2016-08-23 17:00:00,24,Beijing,Prophet,74.166667,0.0,test
2016-08-22 18:00:00,2016-08-23 18:00:00,24,Beijing,Prophet,80.166667,0.0,test
2016-08-22 19:00:00,2016-08-23 19:00:00,24,Beijing,Prophet,82.416667,0.0,test
2016-08-22 20:00:00,2016-08-23 20:00:00,24,Beijing,Prophet,86.416667,0.0,test
2016-08-22 21:00:00,2016-08-23 21:00:00,24,Beijing,Prophet,91.583333,0.0,test
2016-08-22 22:00:00,2016-08-23 22:00:00,24,Beijing,Prophet,85.5,0.0,test
2016-08-22 23:00:00,2016-08-23 23:00:00,24,Beijing,Prophet,85.916667,0.0,test
2016-08-23 00:00:00,2016-08-24 00:00:00,24,Beijing,Prophet,83.0,0.0,test
2016-08-23 01:00:00,2016-08-24 01:00:00,24,Beijing,Prophet,85.583333,0.0,test
2016-08-23 02:00:00,2016-08-24 02:00:00,24,Beijing,Prophet,88.5,0.0,test
2016-08-23 03:00:00,2016-08-24 03:00:00,24,Beijing,Prophet,84.166667,0.0,test
2016-08-23 04:00:00,2016-08-24 04:00:00,24,Beijing,Prophet,83.166667,0.0,test
2016-08-23 05:00:00,2016-08-24 05:00:00,24,Beijing,Prophet,81.75,0.0,test
2016-08-23 06:00:00,2016-08-24 06:00:00,24,Beijing,Prophet,78.25,0.0,test
2016-08-23 07:00:00,2016-08-24 07:00:00,24,Beijing,Prophet,71.75,0.0,test
2016-08-23 08:00:00,2016-08-24 08:00:00,24,Beijing,Prophet,72.166667,0.0,test
2016-08-23 09:00:00,2016-08-24 09:00:00,24,Beijing,Prophet,71.833333,0.0,test
2016-08-23 10:00:00,2016-08-24 10:00:00,24,Beijing,Prophet,73.666667,0.0,test
2016-08-23 11:00:00,2016-08-24 11:00:00,24,Beijing,Prophet,74.333333,0.0,test
2016-08-23 12:00:00,2016-08-24 12:00:00,24,Beijing,Prophet,74.916667,0.0,test
2016-08-23 13:00:00,2016-08-24 13:00:00,24,Beijing,Prophet,75.583333,0.0,test
2016-08-23 14:00:00,2016-08-24 14:00:00,24,Beijing,Prophet,72.375,0.0,test
2016-08-23 15:00:00,2016-08-24 15:00:00,24,Beijing,Prophet,64.666667,0.0,test
2016-08-23 16:00:00,2016-08-24 16:00:00,24,Beijing,Prophet,69.916667,0.0,test
2016-08-23 17:00:00,2016-08-24 17:00:00,24,Beijing,Prophet,73.75,0.0,test
2016-08-23 18:00:00,2016-08-24 18:00:00,24,Beijing,Prophet,73.583333,0.0,test
2016-08-23 19:00:00,2016-08-24 19:00:00,24,Beijing,Prophet,76.416667,0.0,test
2016-08-23 20:00:00,2016-08-24 20:00:00,24,Beijing,Prophet,83.083333,0.0,test
2016-08-23 21:00:00,2016-08-24 21:00:00,24,Beijing,Prophet,94.166667,0.0,test
2016-08-23 22:00:00,2016-08-24 22:00:00,24,Beijing,Prophet,100.75,0.0,test
2016-08-23 23:00:00,2016-08-24 23:00:00,24,Beijing,Prophet,104.5,0.0,test
2016-08-24 00:00:00,2016-08-25 00:00:00,24,Beijing,Prophet,104.333333,0.0,test
2016-08-24 01:00:00,2016-08-25 01:00:00,24,Beijing,Prophet,86.916667,0.0,test
2016-08-24 02:00:00,2016-08-25 02:00:00,24,Beijing,Prophet,65.333333,0.0,test
2016-08-24 03:00:00,2016-08-25 03:00:00,24,Beijing,Prophet,31.416667,0.0,test
2016-08-24 04:00:00,2016-08-25 04:00:00,24,Beijing,Prophet,18.833333,0.0,test
2016-08-24 05:00:00,2016-08-25 05:00:00,24,Beijing,Prophet,9.0,0.0,test
2016-08-24 06:00:00,2016-08-25 06:00:00,24,Beijing,Prophet,5.916667,0.0,test
2016-08-24 07:00:00,2016-08-25 07:00:00,24,Beijing,Prophet,7.333333,0.0,test
2016-08-24 08:00:00,2016-08-25 08:00:00,24,Beijing,Prophet,8.166667,0.0,test
2016-08-24 09:00:00,2016-08-25 09:00:00,24,Beijing,Prophet,8.166667,0.0,test
2016-08-24 10:00:00,2016-08-25 10:00:00,24,Beijing,Prophet,7.166667,0.0,test
2016-08-24 11:00:00,2016-08-25 11:00:00,24,Beijing,Prophet,6.083333,0.0,test
2016-08-24 12:00:00,2016-08-25 12:00:00,24,Beijing,Prophet,6.916667,0.0,test
2016-08-24 13:00:00,2016-08-25 13:00:00,24,Beijing,Prophet,6.916667,0.0,test
2016-08-24 14:00:00,2016-08-25 14:00:00,24,Beijing,Prophet,5.583333,0.0,test
2016-08-24 15:00:00,2016-08-25 15:00:00,24,Beijing,Prophet,6.833333,0.0,test
2016-08-24 16:00:00,2016-08-25 16:00:00,24,Beijing,Prophet,5.583333,0.0,test
2016-08-24 17:00:00,2016-08-25 17:00:00,24,Beijing,Prophet,6.75,0.0,test
2016-08-24 18:00:00,2016-08-25 18:00:00,24,Beijing,Prophet,5.916667,0.0,test
2016-08-24 19:00:00,2016-08-25 19:00:00,24,Beijing,Prophet,8.583333,0.0,test
2016-08-24 20:00:00,2016-08-25 20:00:00,24,Beijing,Prophet,11.583333,0.0,test
2016-08-24 21:00:00,2016-08-25 21:00:00,24,Beijing,Prophet,12.166667,0.0,test
2016-08-24 22:00:00,2016-08-25 22:00:00,24,Beijing,Prophet,13.583333,0.0,test
2016-08-24 23:00:00,2016-08-25 23:00:00,24,Beijing,Prophet,12.416667,0.0,test
2016-08-25 00:00:00,2016-08-26 00:00:00,24,Beijing,Prophet,9.5,0.0,test
2016-08-25 01:00:00,2016-08-26 01:00:00,24,Beijing,Prophet,7.0,0.0,test
2016-08-25 02:00:00,2016-08-26 02:00:00,24,Beijing,Prophet,7.166667,0.0,test
2016-08-25 03:00:00,2016-08-26 03:00:00,24,Beijing,Prophet,6.25,0.0,test
2016-08-25 04:00:00,2016-08-26 04:00:00,24,Beijing,Prophet,9.083333,0.0,test
2016-08-25 05:00:00,2016-08-26 05:00:00,24,Beijing,Prophet,7.5,0.0,test
2016-08-25 06:00:00,2016-08-26 06:00:00,24,Beijing,Prophet,6.75,0.0,test
2016-08-25 07:00:00,2016-08-26 07:00:00,24,Beijing,Prophet,7.25,0.0,test
2016-08-25 08:00:00,2016-08-26 08:00:00,24,Beijing,Prophet,8.583333,0.0,test
2016-08-25 09:00:00,2016-08-26 09:00:00,24,Beijing,Prophet,7.666667,0.0,test
2016-08-25 10:00:00,2016-08-26 10:00:00,24,Beijing,Prophet,7.583333,0.0,test
2016-08-25 11:00:00,2016-08-26 11:00:00,24,Beijing,Prophet,7.25,0.0,test
2016-08-25 12:00:00,2016-08-26 12:00:00,24,Beijing,Prophet,7.833333,0.0,test
2016-08-25 13:00:00,2016-08-26 13:00:00,24,Beijing,Prophet,8.083333,0.0,test
2016-08-25 14:00:00,2016-08-26 14:00:00,24,Beijing,Prophet,8.5,0.0,test
2016-08-25 15:00:00,2016-08-26 15:00:00,24,Beijing,Prophet,5.833333,0.0,test
2016-08-25 16:00:00,2016-08-26 16:00:00,24,Beijing,Prophet,5.666667,0.0,test
2016-08-25 17:00:00,2016-08-26 17:00:00,24,Beijing,Prophet,8.25,0.0,test
2016-08-25 18:00:00,2016-08-26 18:00:00,24,Beijing,Prophet,9.166667,0.0,test
2016-08-25 19:00:00,2016-08-26 19:00:00,24,Beijing,Prophet,12.0,0.0,test
2016-08-25 20:00:00,2016-08-26 20:00:00,24,Beijing,Prophet,15.833333,0.0,test
2016-08-25 21:00:00,2016-08-26 21:00:00,24,Beijing,Prophet,20.25,0.0,test
2016-08-25 22:00:00,2016-08-26 22:00:00,24,Beijing,Prophet,24.166667,0.0,test
2016-08-25 23:00:00,2016-08-26 23:00:00,24,Beijing,Prophet,23.666667,0.0,test
2016-08-26 00:00:00,2016-08-27 00:00:00,24,Beijing,Prophet,22.666667,0.0,test
2016-08-26 01:00:00,2016-08-27 01:00:00,24,Beijing,Prophet,21.583333,0.0,test
2016-08-26 02:00:00,2016-08-27 02:00:00,24,Beijing,Prophet,21.0,0.0,test
2016-08-26 03:00:00,2016-08-27 03:00:00,24,Beijing,Prophet,19.333333,0.0,test
2016-08-26 04:00:00,2016-08-27 04:00:00,24,Beijing,Prophet,17.166667,0.0,test
2016-08-26 05:00:00,2016-08-27 05:00:00,24,Beijing,Prophet,15.333333,0.0,test
2016-08-26 06:00:00,2016-08-27 06:00:00,24,Beijing,Prophet,13.833333,0.0,test
2016-08-26 07:00:00,2016-08-27 07:00:00,24,Beijing,Prophet,14.5,0.0,test
2016-08-26 08:00:00,2016-08-27 08:00:00,24,Beijing,Prophet,16.416667,0.0,test
2016-08-26 09:00:00,2016-08-27 09:00:00,24,Beijing,Prophet,15.583333,0.0,test
2016-08-26 10:00:00,2016-08-27 10:00:00,24,Beijing,Prophet,12.75,0.0,test
2016-08-26 11:00:00,2016-08-27 11:00:00,24,Beijing,Prophet,11.0,0.0,test
2016-08-26 12:00:00,2016-08-27 12:00:00,24,Beijing,Prophet,10.333333,0.0,test
2016-08-26 13:00:00,2016-08-27 13:00:00,24,Beijing,Prophet,10.0,0.0,test
2016-08-26 14:00:00,2016-08-27 14:00:00,24,Beijing,Prophet,8.208333,0.0,test
2016-08-26 15:00:00,2016-08-27 15:00:00,24,Beijing,Prophet,6.916667,0.0,test
2016-08-26 16:00:00,2016-08-27 16:00:00,24,Beijing,Prophet,5.5,0.0,test
2016-08-26 17:00:00,2016-08-27 17:00:00,24,Beijing,Prophet,10.083333,0.0,test
2016-08-26 18:00:00,2016-08-27 18:00:00,24,Beijing,Prophet,9.25,0.0,test
2016-08-26 19:00:00,2016-08-27 19:00:00,24,Beijing,Prophet,12.916667,0.0,test
2016-08-26 20:00:00,2016-08-27 20:00:00,24,Beijing,Prophet,20.0,0.0,test
2016-08-26 21:00:00,2016-08-27 21:00:00,24,Beijing,Prophet,22.083333,0.0,test
2016-08-26 22:00:00,2016-08-27 22:00:00,24,Beijing,Prophet,19.0,0.0,test
2016-08-26 23:00:00,2016-08-27 23:00:00,24,Beijing,Prophet,12.416667,0.0,test
2016-08-27 00:00:00,2016-08-28 00:00:00,24,Beijing,Prophet,12.666667,0.0,test
2016-08-27 01:00:00,2016-08-28 01:00:00,24,Beijing,Prophet,9.833333,0.0,test
2016-08-27 02:00:00,2016-08-28 02:00:00,24,Beijing,Prophet,8.166667,0.0,test
2016-08-27 03:00:00,2016-08-28 03:00:00,24,Beijing,Prophet,8.666667,0.0,test
2016-08-27 04:00:00,2016-08-28 04:00:00,24,Beijing,Prophet,8.5,0.0,test
2016-08-27 05:00:00,2016-08-28 05:00:00,24,Beijing,Prophet,8.833333,0.0,test
2016-08-27 06:00:00,2016-08-28 06:00:00,24,Beijing,Prophet,10.75,0.0,test
2016-08-27 07:00:00,2016-08-28 07:00:00,24,Beijing,Prophet,8.75,0.0,test
2016-08-27 08:00:00,2016-08-28 08:00:00,24,Beijing,Prophet,10.25,0.0,test
2016-08-27 09:00:00,2016-08-28 09:00:00,24,Beijing,Prophet,10.666667,0.0,test
2016-08-27 10:00:00,2016-08-28 10:00:00,24,Beijing,Prophet,7.5,0.0,test
2016-08-27 11:00:00,2016-08-28 11:00:00,24,Beijing,Prophet,9.333333,0.0,test
2016-08-27 12:00:00,2016-08-28 12:00:00,24,Beijing,Prophet,7.666667,0.0,test
2016-08-27 13:00:00,2016-08-28 13:00:00,24,Beijing,Prophet,8.666667,0.0,test
2016-08-27 14:00:00,2016-08-28 14:00:00,24,Beijing,Prophet,6.416667,0.0,test
2016-08-27 15:00:00,2016-08-28 15:00:00,24,Beijing,Prophet,7.833333,0.0,test
2016-08-27 16:00:00,2016-08-28 16:00:00,24,Beijing,Prophet,7.5,0.0,test
2016-08-27 17:00:00,2016-08-28 17:00:00,24,Beijing,Prophet,8.875,0.0,test
2016-08-27 18:00:00,2016-08-28 18:00:00,24,Beijing,Prophet,7.916667,0.0,test
2016-08-27 19:00:00,2016-08-28 19:00:00,24,Beijing,Prophet,11.166667,0.0,test
2016-08-27 20:00:00,2016-08-28 20:00:00,24,Beijing,Prophet,18.916667,0.0,test
2016-08-27 21:00:00,2016-08-28 21:00:00,24,Beijing,Prophet,21.25,0.0,test
2016-08-27 22:00:00,2016-08-28 22:00:00,24,Beijing,Prophet,21.083333,0.0,test
2016-08-27 23:00:00,2016-08-28 23:00:00,24,Beijing,Prophet,23.333333,0.0,test
2016-08-28 00:00:00,2016-08-29 00:00:00,24,Beijing,Prophet,20.0,0.0,test
2016-08-28 01:00:00,2016-08-29 01:00:00,24,Beijing,Prophet,19.333333,0.0,test
2016-08-28 02:00:00,2016-08-29 02:00:00,24,Beijing,Prophet,19.333333,0.0,test
2016-08-28 03:00:00,2016-08-29 03:00:00,24,Beijing,Prophet,20.75,0.0,test
2016-08-28 04:00:00,2016-08-29 04:00:00,24,Beijing,Prophet,19.416667,0.0,test
2016-08-28 05:00:00,2016-08-29 05:00:00,24,Beijing,Prophet,14.166667,0.0,test
2016-08-28 06:00:00,2016-08-29 06:00:00,24,Beijing,Prophet,13.166667,0.0,test
2016-08-28 07:00:00,2016-08-29 07:00:00,24,Beijing,Prophet,14.083333,0.0,test
2016-08-28 08:00:00,2016-08-29 08:00:00,24,Beijing,Prophet,14.25,0.0,test
2016-08-28 09:00:00,2016-08-29 09:00:00,24,Beijing,Prophet,14.583333,0.0,test
2016-08-28 10:00:00,2016-08-29 10:00:00,24,Beijing,Prophet,15.444444,0.0,test
2016-08-28 11:00:00,2016-08-29 11:00:00,24,Beijing,Prophet,13.638889,0.0,test
2016-08-28 12:00:00,2016-08-29 12:00:00,24,Beijing,Prophet,14.666667,0.0,test
2016-08-28 13:00:00,2016-08-29 13:00:00,24,Beijing,Prophet,12.541667,0.0,test
2016-08-28 14:00:00,2016-08-29 14:00:00,24,Beijing,Prophet,12.166667,0.0,test
2016-08-28 15:00:00,2016-08-29 15:00:00,24,Beijing,Prophet,10.833333,0.0,test
2016-08-28 16:00:00,2016-08-29 16:00:00,24,Beijing,Prophet,14.833333,0.0,test
2016-08-28 17:00:00,2016-08-29 17:00:00,24,Beijing,Prophet,13.916667,0.0,test
2016-08-28 18:00:00,2016-08-29 18:00:00,24,Beijing,Prophet,18.25,0.0,test
2016-08-28 19:00:00,2016-08-29 19:00:00,24,Beijing,Prophet,19.583333,0.0,test
2016-08-28 20:00:00,2016-08-29 20:00:00,24,Beijing,Prophet,23.25,0.0,test
2016-08-28 21:00:00,2016-08-29 21:00:00,24,Beijing,Prophet,30.75,0.0,test
2016-08-28 22:00:00,2016-08-29 22:00:00,24,Beijing,Prophet,31.416667,0.0,test
2016-08-28 23:00:00,2016-08-29 23:00:00,24,Beijing,Prophet,29.583333,0.0,test
2016-08-29 00:00:00,2016-08-30 00:00:00,24,Beijing,Prophet,31.583333,0.0,test
2016-08-29 01:00:00,2016-08-30 01:00:00,24,Beijing,Prophet,32.916667,0.0,test
2016-08-29 02:00:00,2016-08-30 02:00:00,24,Beijing,Prophet,32.833333,0.0,test
2016-08-29 03:00:00,2016-08-30 03:00:00,24,Beijing,Prophet,32.166667,0.0,test
2016-08-29 04:00:00,2016-08-30 04:00:00,24,Beijing,Prophet,31.5,0.0,test
2016-08-29 05:00:00,2016-08-30 05:00:00,24,Beijing,Prophet,29.0,0.0,test
2016-08-29 06:00:00,2016-08-30 06:00:00,24,Beijing,Prophet,23.416667,0.0,test
2016-08-29 07:00:00,2016-08-30 07:00:00,24,Beijing,Prophet,21.583333,0.0,test
2016-08-29 08:00:00,2016-08-30 08:00:00,24,Beijing,Prophet,21.416667,0.0,test
2016-08-29 09:00:00,2016-08-30 09:00:00,24,Beijing,Prophet,22.833333,0.0,test
2016-08-29 10:00:00,2016-08-30 10:00:00,24,Beijing,Prophet,23.25,0.0,test
2016-08-29 11:00:00,2016-08-30 11:00:00,24,Beijing,Prophet,26.5,0.0,test
2016-08-29 12:00:00,2016-08-30 12:00:00,24,Beijing,Prophet,25.583333,0.0,test
2016-08-29 13:00:00,2016-08-30 13:00:00,24,Beijing,Prophet,26.833333,0.0,test
2016-08-29 14:00:00,2016-08-30 14:00:00,24,Beijing,Prophet,27.416667,0.0,test
2016-08-29 15:00:00,2016-08-30 15:00:00,24,Beijing,Prophet,28.5,0.0,test
2016-08-29 16:00:00,2016-08-30 16:00:00,24,Beijing,Prophet,27.583333,0.0,test
2016-08-29 17:00:00,2016-08-30 17:00:00,24,Beijing,Prophet,23.583333,0.0,test
2016-08-29 18:00:00,2016-08-30 18:00:00,24,Beijing,Prophet,25.0,0.0,test
2016-08-29 19:00:00,2016-08-30 19:00:00,24,Beijing,Prophet,31.75,0.0,test
2016-08-29 20:00:00,2016-08-30 20:00:00,24,Beijing,Prophet,35.333333,0.0,test
2016-08-29 21:00:00,2016-08-30 21:00:00,24,Beijing,Prophet,38.916667,0.0,test
2016-08-29 22:00:00,2016-08-30 22:00:00,24,Beijing,Prophet,38.5,0.0,test
2016-08-29 23:00:00,2016-08-30 23:00:00,24,Beijing,Prophet,42.0,0.0,test
2016-08-30 00:00:00,2016-08-31 00:00:00,24,Beijing,Prophet,34.75,0.0,test
2016-08-30 01:00:00,2016-08-31 01:00:00,24,Beijing,Prophet,33.5,0.0,test
2016-08-30 02:00:00,2016-08-31 02:00:00,24,Beijing,Prophet,34.916667,0.0,test
2016-08-30 03:00:00,2016-08-31 03:00:00,24,Beijing,Prophet,34.083333,0.0,test
2016-08-30 04:00:00,2016-08-31 04:00:00,24,Beijing,Prophet,29.0,0.0,test
2016-08-30 05:00:00,2016-08-31 05:00:00,24,Beijing,Prophet,22.416667,0.0,test
2016-08-30 06:00:00,2016-08-31 06:00:00,24,Beijing,Prophet,21.5,0.0,test
2016-08-30 07:00:00,2016-08-31 07:00:00,24,Beijing,Prophet,21.5,0.0,test
2016-08-30 08:00:00,2016-08-31 08:00:00,24,Beijing,Prophet,20.0,0.0,test
2016-08-30 09:00:00,2016-08-31 09:00:00,24,Beijing,Prophet,17.0,0.0,test
2016-08-30 10:00:00,2016-08-31 10:00:00,24,Beijing,Prophet,16.25,0.0,test
2016-08-30 11:00:00,2016-08-31 11:00:00,24,Beijing,Prophet,14.375,0.0,test
2016-08-30 12:00:00,2016-08-31 12:00:00,24,Beijing,Prophet,10.0,0.0,test
2016-08-30 13:00:00,2016-08-31 13:00:00,24,Beijing,Prophet,10.666667,0.0,test
2016-08-30 14:00:00,2016-08-31 14:00:00,24,Beijing,Prophet,12.5,0.0,test
2016-08-30 15:00:00,2016-08-31 15:00:00,24,Beijing,Prophet,9.75,0.0,test
2016-08-30 16:00:00,2016-08-31 16:00:00,24,Beijing,Prophet,7.416667,0.0,test
2016-08-30 17:00:00,2016-08-31 17:00:00,24,Beijing,Prophet,6.5,0.0,test
2016-08-30 18:00:00,2016-08-31 18:00:00,24,Beijing,Prophet,7.75,0.0,test
2016-08-30 19:00:00,2016-08-31 19:00:00,24,Beijing,Prophet,8.333333,0.0,test
2016-08-30 20:00:00,2016-08-31 20:00:00,24,Beijing,Prophet,9.0,0.0,test
2016-08-30 21:00:00,2016-08-31 21:00:00,24,Beijing,Prophet,7.916667,0.0,test
2016-08-30 22:00:00,2016-08-31 22:00:00,24,Beijing,Prophet,6.583333,0.0,test
2016-08-30 23:00:00,2016-08-31 23:00:00,24,Beijing,Prophet,7.166667,0.0,test
2016-08-31 00:00:00,2016-09-01 00:00:00,24,Beijing,Prophet,9.916667,0.0,test
2016-08-31 01:00:00,2016-09-01 01:00:00,24,Beijing,Prophet,7.583333,0.0,test
2016-08-31 02:00:00,2016-09-01 02:00:00,24,Beijing,Prophet,6.666667,0.0,test
2016-08-31 03:00:00,2016-09-01 03:00:00,24,Beijing,Prophet,9.416667,0.0,test
2016-08-31 04:00:00,2016-09-01 04:00:00,24,Beijing,Prophet,8.666667,0.0,test
2016-08-31 05:00:00,2016-09-01 05:00:00,24,Beijing,Prophet,8.25,0.0,test
2016-08-31 06:00:00,2016-09-01 06:00:00,24,Beijing,Prophet,6.916667,0.0,test
2016-08-31 07:00:00,2016-09-01 07:00:00,24,Beijing,Prophet,7.25,0.0,test
2016-08-31 08:00:00,2016-09-01 08:00:00,24,Beijing,Prophet,6.083333,0.0,test
2016-08-31 09:00:00,2016-09-01 09:00:00,24,Beijing,Prophet,6.333333,0.0,test
2016-08-31 10:00:00,2016-09-01 10:00:00,24,Beijing,Prophet,7.083333,0.0,test
2016-08-31 11:00:00,2016-09-01 11:00:00,24,Beijing,Prophet,4.916667,0.0,test
2016-08-31 12:00:00,2016-09-01 12:00:00,24,Beijing,Prophet,5.5,0.0,test
2016-08-31 13:00:00,2016-09-01 13:00:00,24,Beijing,Prophet,6.166667,0.0,test
2016-08-31 14:00:00,2016-09-01 14:00:00,24,Beijing,Prophet,5.0,0.0,test
2016-08-31 15:00:00,2016-09-01 15:00:00,24,Beijing,Prophet,5.5,0.0,test
2016-08-31 16:00:00,2016-09-01 16:00:00,24,Beijing,Prophet,5.583333,0.0,test
2016-08-31 17:00:00,2016-09-01 17:00:00,24,Beijing,Prophet,7.083333,0.0,test
2016-08-31 18:00:00,2016-09-01 18:00:00,24,Beijing,Prophet,6.75,0.0,test
2016-08-31 19:00:00,2016-09-01 19:00:00,24,Beijing,Prophet,8.916667,0.0,test
2016-08-31 20:00:00,2016-09-01 20:00:00,24,Beijing,Prophet,11.833333,0.0,test
2016-08-31 21:00:00,2016-09-01 21:00:00,24,Beijing,Prophet,8.166667,0.0,test
2016-08-31 22:00:00,2016-09-01 22:00:00,24,Beijing,Prophet,7.5,0.0,test
2016-08-31 23:00:00,2016-09-01 23:00:00,24,Beijing,Prophet,11.833333,0.0,test
2016-09-01 00:00:00,2016-09-02 00:00:00,24,Beijing,Prophet,13.25,0.0,test
2016-09-01 01:00:00,2016-09-02 01:00:00,24,Beijing,Prophet,15.083333,0.0,test
2016-09-01 02:00:00,2016-09-02 02:00:00,24,Beijing,Prophet,15.5,0.0,test
2016-09-01 03:00:00,2016-09-02 03:00:00,24,Beijing,Prophet,16.833333,0.0,test
2016-09-01 04:00:00,2016-09-02 04:00:00,24,Beijing,Prophet,17.0,0.0,test
2016-09-01 05:00:00,2016-09-02 05:00:00,24,Beijing,Prophet,15.666667,0.0,test
2016-09-01 06:00:00,2016-09-02 06:00:00,24,Beijing,Prophet,15.0,0.0,test
2016-09-01 07:00:00,2016-09-02 07:00:00,24,Beijing,Prophet,13.416667,0.0,test
2016-09-01 08:00:00,2016-09-02 08:00:00,24,Beijing,Prophet,14.5,0.0,test
2016-09-01 09:00:00,2016-09-02 09:00:00,24,Beijing,Prophet,12.166667,0.0,test
2016-09-01 10:00:00,2016-09-02 10:00:00,24,Beijing,Prophet,10.75,0.0,test
2016-09-01 11:00:00,2016-09-02 11:00:00,24,Beijing,Prophet,10.333333,0.0,test
2016-09-01 12:00:00,2016-09-02 12:00:00,24,Beijing,Prophet,7.583333,0.0,test
2016-09-01 13:00:00,2016-09-02 13:00:00,24,Beijing,Prophet,9.666667,0.0,test
2016-09-01 14:00:00,2016-09-02 14:00:00,24,Beijing,Prophet,10.333333,0.0,test
2016-09-01 15:00:00,2016-09-02 15:00:00,24,Beijing,Prophet,8.75,0.0,test
2016-09-01 16:00:00,2016-09-02 16:00:00,24,Beijing,Prophet,9.5,0.0,test
2016-09-01 17:00:00,2016-09-02 17:00:00,24,Beijing,Prophet,9.166667,0.0,test
2016-09-01 18:00:00,2016-09-02 18:00:00,24,Beijing,Prophet,9.083333,0.0,test
2016-09-01 19:00:00,2016-09-02 19:00:00,24,Beijing,Prophet,8.833333,0.0,test
2016-09-01 20:00:00,2016-09-02 20:00:00,24,Beijing,Prophet,9.5,0.0,test
2016-09-01 21:00:00,2016-09-02 21:00:00,24,Beijing,Prophet,8.333333,0.0,test
2016-09-01 22:00:00,2016-09-02 22:00:00,24,Beijing,Prophet,10.583333,0.0,test
2016-09-01 23:00:00,2016-09-02 23:00:00,24,Beijing,Prophet,10.916667,0.0,test
2016-09-02 00:00:00,2016-09-03 00:00:00,24,Beijing,Prophet,9.916667,0.0,test
2016-09-02 01:00:00,2016-09-03 01:00:00,24,Beijing,Prophet,9.666667,0.0,test
2016-09-02 02:00:00,2016-09-03 02:00:00,24,Beijing,Prophet,9.25,0.0,test
2016-09-02 03:00:00,2016-09-03 03:00:00,24,Beijing,Prophet,9.25,0.0,test
2016-09-02 04:00:00,2016-09-03 04:00:00,24,Beijing,Prophet,10.0,0.0,test
2016-09-02 05:00:00,2016-09-03 05:00:00,24,Beijing,Prophet,10.25,0.0,test
2016-09-02 06:00:00,2016-09-03 06:00:00,24,Beijing,Prophet,11.5,0.0,test
2016-09-02 07:00:00,2016-09-03 07:00:00,24,Beijing,Prophet,12.666667,0.0,test
2016-09-02 08:00:00,2016-09-03 08:00:00,24,Beijing,Prophet,13.333333,0.0,test
2016-09-02 09:00:00,2016-09-03 09:00:00,24,Beijing,Prophet,15.666667,0.0,test
2016-09-02 10:00:00,2016-09-03 10:00:00,24,Beijing,Prophet,11.916667,0.0,test
2016-09-02 11:00:00,2016-09-03 11:00:00,24,Beijing,Prophet,12.583333,0.0,test
2016-09-02 12:00:00,2016-09-03 12:00:00,24,Beijing,Prophet,12.5,0.0,test
2016-09-02 13:00:00,2016-09-03 13:00:00,24,Beijing,Prophet,15.666667,0.0,test
2016-09-02 14:00:00,2016-09-03 14:00:00,24,Beijing,Prophet,19.25,0.0,test
2016-09-02 15:00:00,2016-09-03 15:00:00,24,Beijing,Prophet,20.833333,0.0,test
2016-09-02 16:00:00,2016-09-03 16:00:00,24,Beijing,Prophet,20.75,0.0,test
2016-09-02 17:00:00,2016-09-03 17:00:00,24,Beijing,Prophet,23.083333,0.0,test
2016-09-02 18:00:00,2016-09-03 18:00:00,24,Beijing,Prophet,25.0,0.0,test
2016-09-02 19:00:00,2016-09-03 19:00:00,24,Beijing,Prophet,26.833333,0.0,test
2016-09-02 20:00:00,2016-09-03 20:00:00,24,Beijing,Prophet,30.916667,0.0,test
2016-09-02 21:00:00,2016-09-03 21:00:00,24,Beijing,Prophet,36.25,0.0,test
2016-09-02 22:00:00,2016-09-03 22:00:00,24,Beijing,Prophet,42.583333,0.0,test
2016-09-02 23:00:00,2016-09-03 23:00:00,24,Beijing,Prophet,42.083333,0.0,test
2016-09-03 00:00:00,2016-09-04 00:00:00,24,Beijing,Prophet,48.25,0.0,test
2016-09-03 01:00:00,2016-09-04 01:00:00,24,Beijing,Prophet,54.5,0.0,test
2016-09-03 02:00:00,2016-09-04 02:00:00,24,Beijing,Prophet,59.583333,0.0,test
2016-09-03 03:00:00,2016-09-04 03:00:00,24,Beijing,Prophet,66.25,0.0,test
2016-09-03 04:00:00,2016-09-04 04:00:00,24,Beijing,Prophet,71.416667,0.0,test
2016-09-03 05:00:00,2016-09-04 05:00:00,24,Beijing,Prophet,83.833333,0.0,test
2016-09-03 06:00:00,2016-09-04 06:00:00,24,Beijing,Prophet,94.0,0.0,test
2016-09-03 07:00:00,2016-09-04 07:00:00,24,Beijing,Prophet,105.083333,0.0,test
2016-09-03 08:00:00,2016-09-04 08:00:00,24,Beijing,Prophet,115.0,0.0,test
2016-09-03 09:00:00,2016-09-04 09:00:00,24,Beijing,Prophet,122.909091,0.0,test
2016-09-03 10:00:00,2016-09-04 10:00:00,24,Beijing,Prophet,131.818182,0.0,test
2016-09-03 11:00:00,2016-09-04 11:00:00,24,Beijing,Prophet,130.0,0.0,test
2016-09-03 12:00:00,2016-09-04 12:00:00,24,Beijing,Prophet,117.636364,0.0,test
2016-09-03 13:00:00,2016-09-04 13:00:00,24,Beijing,Prophet,93.0,0.0,test
2016-09-03 14:00:00,2016-09-04 14:00:00,24,Beijing,Prophet,72.909091,0.0,test
2016-09-03 15:00:00,2016-09-04 15:00:00,24,Beijing,Prophet,73.181818,0.0,test
2016-09-03 16:00:00,2016-09-04 16:00:00,24,Beijing,Prophet,62.909091,0.0,test
2016-09-03 17:00:00,2016-09-04 17:00:00,24,Beijing,Prophet,47.090909,0.0,test
2016-09-03 18:00:00,2016-09-04 18:00:00,24,Beijing,Prophet,47.545455,0.0,test
2016-09-03 19:00:00,2016-09-04 19:00:00,24,Beijing,Prophet,54.25,0.0,test
2016-09-03 20:00:00,2016-09-04 20:00:00,24,Beijing,Prophet,65.916667,0.0,test
2016-09-03 21:00:00,2016-09-04 21:00:00,24,Beijing,Prophet,65.5,0.0,test
2016-09-03 22:00:00,2016-09-04 22:00:00,24,Beijing,Prophet,76.333333,0.0,test
2016-09-03 23:00:00,2016-09-04 23:00:00,24,Beijing,Prophet,71.333333,0.0,test
2016-09-04 00:00:00,2016-09-05 00:00:00,24,Beijing,Prophet,34.416667,0.0,test
2016-09-04 01:00:00,2016-09-05 01:00:00,24,Beijing,Prophet,29.416667,0.0,test
2016-09-04 02:00:00,2016-09-05 02:00:00,24,Beijing,Prophet,31.0,0.0,test
2016-09-04 03:00:00,2016-09-05 03:00:00,24,Beijing,Prophet,30.083333,0.0,test
2016-09-04 04:00:00,2016-09-05 04:00:00,24,Beijing,Prophet,30.166667,0.0,test
2016-09-04 05:00:00,2016-09-05 05:00:00,24,Beijing,Prophet,29.25,0.0,test
2016-09-04 06:00:00,2016-09-05 06:00:00,24,Beijing,Prophet,33.5,0.0,test
2016-09-04 07:00:00,2016-09-05 07:00:00,24,Beijing,Prophet,38.666667,0.0,test
2016-09-04 08:00:00,2016-09-05 08:00:00,24,Beijing,Prophet,37.25,0.0,test
2016-09-04 09:00:00,2016-09-05 09:00:00,24,Beijing,Prophet,36.916667,0.0,test
2016-09-04 10:00:00,2016-09-05 10:00:00,24,Beijing,Prophet,39.666667,0.0,test
2016-09-04 11:00:00,2016-09-05 11:00:00,24,Beijing,Prophet,34.388889,0.0,test
2016-09-04 12:00:00,2016-09-05 12:00:00,24,Beijing,Prophet,21.833333,0.0,test
2016-09-04 13:00:00,2016-09-05 13:00:00,24,Beijing,Prophet,16.277778,0.0,test
2016-09-04 14:00:00,2016-09-05 14:00:00,24,Beijing,Prophet,10.666667,0.0,test
2016-09-04 15:00:00,2016-09-05 15:00:00,24,Beijing,Prophet,11.5,0.0,test
2016-09-04 16:00:00,2016-09-05 16:00:00,24,Beijing,Prophet,10.333333,0.0,test
2016-09-04 17:00:00,2016-09-05 17:00:00,24,Beijing,Prophet,8.916667,0.0,test
2016-09-04 18:00:00,2016-09-05 18:00:00,24,Beijing,Prophet,12.958333,0.0,test
2016-09-04 19:00:00,2016-09-05 19:00:00,24,Beijing,Prophet,20.5,0.0,test
2016-09-04 20:00:00,2016-09-05 20:00:00,24,Beijing,Prophet,32.083333,0.0,test
2016-09-04 21:00:00,2016-09-05 21:00:00,24,Beijing,Prophet,38.0,0.0,test
2016-09-04 22:00:00,2016-09-05 22:00:00,24,Beijing,Prophet,37.833333,0.0,test
2016-09-04 23:00:00,2016-09-05 23:00:00,24,Beijing,Prophet,35.5,0.0,test
2016-09-05 00:00:00,2016-09-06 00:00:00,24,Beijing,Prophet,33.583333,0.0,test
2016-09-05 01:00:00,2016-09-06 01:00:00,24,Beijing,Prophet,30.333333,0.0,test
2016-09-05 02:00:00,2016-09-06 02:00:00,24,Beijing,Prophet,28.416667,0.0,test
2016-09-05 03:00:00,2016-09-06 03:00:00,24,Beijing,Prophet,24.916667,0.0,test
2016-09-05 04:00:00,2016-09-06 04:00:00,24,Beijing,Prophet,16.416667,0.0,test
2016-09-05 05:00:00,2016-09-06 05:00:00,24,Beijing,Prophet,17.583333,0.0,test
2016-09-05 06:00:00,2016-09-06 06:00:00,24,Beijing,Prophet,17.166667,0.0,test
2016-09-05 07:00:00,2016-09-06 07:00:00,24,Beijing,Prophet,16.0,0.0,test
2016-09-05 08:00:00,2016-09-06 08:00:00,24,Beijing,Prophet,18.583333,0.0,test
2016-09-05 09:00:00,2016-09-06 09:00:00,24,Beijing,Prophet,19.0,0.0,test
2016-09-05 10:00:00,2016-09-06 10:00:00,24,Beijing,Prophet,18.25,0.0,test
2016-09-05 11:00:00,2016-09-06 11:00:00,24,Beijing,Prophet,20.333333,0.0,test
2016-09-05 12:00:00,2016-09-06 12:00:00,24,Beijing,Prophet,17.25,0.0,test
2016-09-05 13:00:00,2016-09-06 13:00:00,24,Beijing,Prophet,12.416667,0.0,test
2016-09-05 14:00:00,2016-09-06 14:00:00,24,Beijing,Prophet,14.333333,0.0,test
2016-09-05 15:00:00,2016-09-06 15:00:00,24,Beijing,Prophet,7.75,0.0,test
2016-09-05 16:00:00,2016-09-06 16:00:00,24,Beijing,Prophet,7.416667,0.0,test
2016-09-05 17:00:00,2016-09-06 17:00:00,24,Beijing,Prophet,10.416667,0.0,test
2016-09-06 09:00:00,2016-09-07 09:00:00,24,Beijing,Prophet,54.666667,0.0,test
2016-09-06 10:00:00,2016-09-07 10:00:00,24,Beijing,Prophet,60.083333,0.0,test
2016-09-06 11:00:00,2016-09-07 11:00:00,24,Beijing,Prophet,60.666667,0.0,test
2016-09-06 12:00:00,2016-09-07 12:00:00,24,Beijing,Prophet,54.0,0.0,test
2016-09-06 13:00:00,2016-09-07 13:00:00,24,Beijing,Prophet,49.152778,0.0,test
2016-09-06 14:00:00,2016-09-07 14:00:00,24,Beijing,Prophet,49.805556,0.0,test
2016-09-06 15:00:00,2016-09-07 15:00:00,24,Beijing,Prophet,48.0,0.0,test
2016-09-06 16:00:00,2016-09-07 16:00:00,24,Beijing,Prophet,41.333333,0.0,test
2016-09-06 17:00:00,2016-09-07 17:00:00,24,Beijing,Prophet,38.583333,0.0,test
2016-09-07 09:00:00,2016-09-08 09:00:00,24,Beijing,Prophet,25.0,0.0,test
2016-09-07 10:00:00,2016-09-08 10:00:00,24,Beijing,Prophet,23.75,0.0,test
2016-09-07 11:00:00,2016-09-08 11:00:00,24,Beijing,Prophet,23.716667,0.0,test
2016-09-07 12:00:00,2016-09-08 12:00:00,24,Beijing,Prophet,19.016667,0.0,test
2016-09-07 13:00:00,2016-09-08 13:00:00,24,Beijing,Prophet,16.816667,0.0,test
2016-09-07 14:00:00,2016-09-08 14:00:00,24,Beijing,Prophet,13.783333,0.0,test
2016-09-07 15:00:00,2016-09-08 15:00:00,24,Beijing,Prophet,9.083333,0.0,test
2016-09-07 16:00:00,2016-09-08 16:00:00,24,Beijing,Prophet,12.166667,0.0,test
2016-09-07 17:00:00,2016-09-08 17:00:00,24,Beijing,Prophet,13.25,0.0,test
2016-09-07 18:00:00,2016-09-08 18:00:00,24,Beijing,Prophet,15.333333,0.0,test
2016-09-07 19:00:00,2016-09-08 19:00:00,24,Beijing,Prophet,19.666667,0.0,test
2016-09-07 20:00:00,2016-09-08 20:00:00,24,Beijing,Prophet,24.25,0.0,test
2016-09-07 21:00:00,2016-09-08 21:00:00,24,Beijing,Prophet,27.833333,0.0,test
2016-09-07 22:00:00,2016-09-08 22:00:00,24,Beijing,Prophet,31.416667,0.0,test
2016-09-07 23:00:00,2016-09-08 23:00:00,24,Beijing,Prophet,29.75,0.0,test
2016-09-08 00:00:00,2016-09-09 00:00:00,24,Beijing,Prophet,27.416667,0.0,test
2016-09-08 01:00:00,2016-09-09 01:00:00,24,Beijing,Prophet,26.333333,0.0,test
2016-09-08 02:00:00,2016-09-09 02:00:00,24,Beijing,Prophet,25.416667,0.0,test
2016-09-08 03:00:00,2016-09-09 03:00:00,24,Beijing,Prophet,24.583333,0.0,test
2016-09-08 04:00:00,2016-09-09 04:00:00,24,Beijing,Prophet,19.833333,0.0,test
2016-09-08 05:00:00,2016-09-09 05:00:00,24,Beijing,Prophet,17.583333,0.0,test
2016-09-08 06:00:00,2016-09-09 06:00:00,24,Beijing,Prophet,17.75,0.0,test
2016-09-08 07:00:00,2016-09-09 07:00:00,24,Beijing,Prophet,19.916667,0.0,test
2016-09-08 08:00:00,2016-09-09 08:00:00,24,Beijing,Prophet,20.916667,0.0,test
2016-09-08 09:00:00,2016-09-09 09:00:00,24,Beijing,Prophet,19.25,0.0,test
2016-09-08 10:00:00,2016-09-09 10:00:00,24,Beijing,Prophet,18.75,0.0,test
2016-09-08 11:00:00,2016-09-09 11:00:00,24,Beijing,Prophet,13.666667,0.0,test
2016-09-08 12:00:00,2016-09-09 12:00:00,24,Beijing,Prophet,9.833333,0.0,test
2016-09-08 13:00:00,2016-09-09 13:00:00,24,Beijing,Prophet,10.416667,0.0,test
2016-09-08 14:00:00,2016-09-09 14:00:00,24,Beijing,Prophet,9.416667,0.0,test
2016-09-08 15:00:00,2016-09-09 15:00:00,24,Beijing,Prophet,8.833333,0.0,test
2016-09-08 16:00:00,2016-09-09 16:00:00,24,Beijing,Prophet,9.666667,0.0,test
2016-09-08 17:00:00,2016-09-09 17:00:00,24,Beijing,Prophet,10.666667,0.0,test
2016-09-08 18:00:00,2016-09-09 18:00:00,24,Beijing,Prophet,11.333333,0.0,test
2016-09-08 19:00:00,2016-09-09 19:00:00,24,Beijing,Prophet,16.333333,0.0,test
2016-09-08 20:00:00,2016-09-09 20:00:00,24,Beijing,Prophet,21.625,0.0,test
2016-09-08 21:00:00,2016-09-09 21:00:00,24,Beijing,Prophet,24.416667,0.0,test
2016-09-08 22:00:00,2016-09-09 22:00:00,24,Beijing,Prophet,25.5,0.0,test
2016-09-08 23:00:00,2016-09-09 23:00:00,24,Beijing,Prophet,23.166667,0.0,test
2016-09-09 00:00:00,2016-09-10 00:00:00,24,Beijing,Prophet,20.916667,0.0,test
2016-09-09 01:00:00,2016-09-10 01:00:00,24,Beijing,Prophet,16.083333,0.0,test
2016-09-09 02:00:00,2016-09-10 02:00:00,24,Beijing,Prophet,12.75,0.0,test
2016-09-09 03:00:00,2016-09-10 03:00:00,24,Beijing,Prophet,12.083333,0.0,test
2016-09-09 04:00:00,2016-09-10 04:00:00,24,Beijing,Prophet,11.25,0.0,test
2016-09-09 05:00:00,2016-09-10 05:00:00,24,Beijing,Prophet,9.666667,0.0,test
2016-09-09 06:00:00,2016-09-10 06:00:00,24,Beijing,Prophet,10.666667,0.0,test
2016-09-09 07:00:00,2016-09-10 07:00:00,24,Beijing,Prophet,10.25,0.0,test
2016-09-09 08:00:00,2016-09-10 08:00:00,24,Beijing,Prophet,9.833333,0.0,test
2016-09-09 09:00:00,2016-09-10 09:00:00,24,Beijing,Prophet,11.083333,0.0,test
2016-09-09 10:00:00,2016-09-10 10:00:00,24,Beijing,Prophet,13.5,0.0,test
2016-09-09 11:00:00,2016-09-10 11:00:00,24,Beijing,Prophet,11.583333,0.0,test
2016-09-09 12:00:00,2016-09-10 12:00:00,24,Beijing,Prophet,9.75,0.0,test
2016-09-09 13:00:00,2016-09-10 13:00:00,24,Beijing,Prophet,7.916667,0.0,test
2016-09-09 14:00:00,2016-09-10 14:00:00,24,Beijing,Prophet,9.916667,0.0,test
2016-09-09 15:00:00,2016-09-10 15:00:00,24,Beijing,Prophet,11.5,0.0,test
2016-09-09 16:00:00,2016-09-10 16:00:00,24,Beijing,Prophet,10.0,0.0,test
2016-09-09 17:00:00,2016-09-10 17:00:00,24,Beijing,Prophet,15.166667,0.0,test
2016-09-09 18:00:00,2016-09-10 18:00:00,24,Beijing,Prophet,17.166667,0.0,test
2016-09-09 19:00:00,2016-09-10 19:00:00,24,Beijing,Prophet,21.583333,0.0,test
2016-09-09 20:00:00,2016-09-10 20:00:00,24,Beijing,Prophet,25.75,0.0,test
2016-09-09 21:00:00,2016-09-10 21:00:00,24,Beijing,Prophet,31.166667,0.0,test
2016-09-09 22:00:00,2016-09-10 22:00:00,24,Beijing,Prophet,32.5,0.0,test
2016-09-09 23:00:00,2016-09-10 23:00:00,24,Beijing,Prophet,36.25,0.0,test
2016-09-10 00:00:00,2016-09-11 00:00:00,24,Beijing,Prophet,47.333333,0.0,test
2016-09-10 01:00:00,2016-09-11 01:00:00,24,Beijing,Prophet,72.083333,0.0,test
2016-09-10 02:00:00,2016-09-11 02:00:00,24,Beijing,Prophet,85.083333,0.0,test
2016-09-10 03:00:00,2016-09-11 03:00:00,24,Beijing,Prophet,53.583333,0.0,test
2016-09-10 04:00:00,2016-09-11 04:00:00,24,Beijing,Prophet,23.25,0.0,test
2016-09-10 05:00:00,2016-09-11 05:00:00,24,Beijing,Prophet,20.333333,0.0,test
2016-09-10 06:00:00,2016-09-11 06:00:00,24,Beijing,Prophet,24.25,0.0,test
2016-09-10 07:00:00,2016-09-11 07:00:00,24,Beijing,Prophet,29.25,0.0,test
2016-09-10 08:00:00,2016-09-11 08:00:00,24,Beijing,Prophet,29.583333,0.0,test
2016-09-10 09:00:00,2016-09-11 09:00:00,24,Beijing,Prophet,28.666667,0.0,test
2016-09-10 10:00:00,2016-09-11 10:00:00,24,Beijing,Prophet,25.0,0.0,test
2016-09-10 11:00:00,2016-09-11 11:00:00,24,Beijing,Prophet,21.0,0.0,test
2016-09-10 12:00:00,2016-09-11 12:00:00,24,Beijing,Prophet,20.166667,0.0,test
2016-09-10 13:00:00,2016-09-11 13:00:00,24,Beijing,Prophet,19.75,0.0,test
2016-09-10 14:00:00,2016-09-11 14:00:00,24,Beijing,Prophet,20.166667,0.0,test
2016-09-10 15:00:00,2016-09-11 15:00:00,24,Beijing,Prophet,23.25,0.0,test
2016-09-10 16:00:00,2016-09-11 16:00:00,24,Beijing,Prophet,24.083333,0.0,test
2016-09-10 17:00:00,2016-09-11 17:00:00,24,Beijing,Prophet,26.5,0.0,test
2016-09-10 18:00:00,2016-09-11 18:00:00,24,Beijing,Prophet,28.166667,0.0,test
2016-09-10 19:00:00,2016-09-11 19:00:00,24,Beijing,Prophet,30.833333,0.0,test
2016-09-10 20:00:00,2016-09-11 20:00:00,24,Beijing,Prophet,34.166667,0.0,test
2016-09-10 21:00:00,2016-09-11 21:00:00,24,Beijing,Prophet,32.0,0.0,test
2016-09-10 22:00:00,2016-09-11 22:00:00,24,Beijing,Prophet,30.083333,0.0,test
2016-09-10 23:00:00,2016-09-11 23:00:00,24,Beijing,Prophet,27.083333,0.0,test
2016-09-11 00:00:00,2016-09-12 00:00:00,24,Beijing,Prophet,24.833333,0.0,test
2016-09-11 01:00:00,2016-09-12 01:00:00,24,Beijing,Prophet,25.583333,0.0,test
2016-09-11 02:00:00,2016-09-12 02:00:00,24,Beijing,Prophet,24.0,0.0,test
2016-09-11 03:00:00,2016-09-12 03:00:00,24,Beijing,Prophet,24.583333,0.0,test
2016-09-11 04:00:00,2016-09-12 04:00:00,24,Beijing,Prophet,25.75,0.0,test
2016-09-11 05:00:00,2016-09-12 05:00:00,24,Beijing,Prophet,29.083333,0.0,test
2016-09-11 06:00:00,2016-09-12 06:00:00,24,Beijing,Prophet,28.916667,0.0,test
2016-09-11 07:00:00,2016-09-12 07:00:00,24,Beijing,Prophet,28.833333,0.0,test
2016-09-11 08:00:00,2016-09-12 08:00:00,24,Beijing,Prophet,31.666667,0.0,test
2016-09-11 09:00:00,2016-09-12 09:00:00,24,Beijing,Prophet,35.727273,0.0,test
2016-09-11 10:00:00,2016-09-12 10:00:00,24,Beijing,Prophet,33.727273,0.0,test
2016-09-11 11:00:00,2016-09-12 11:00:00,24,Beijing,Prophet,31.909091,0.0,test
2016-09-11 12:00:00,2016-09-12 12:00:00,24,Beijing,Prophet,28.909091,0.0,test
2016-09-11 13:00:00,2016-09-12 13:00:00,24,Beijing,Prophet,27.363636,0.0,test
2016-09-11 14:00:00,2016-09-12 14:00:00,24,Beijing,Prophet,26.545455,0.0,test
2016-09-11 15:00:00,2016-09-12 15:00:00,24,Beijing,Prophet,29.636364,0.0,test
2016-09-11 16:00:00,2016-09-12 16:00:00,24,Beijing,Prophet,30.636364,0.0,test
2016-09-11 17:00:00,2016-09-12 17:00:00,24,Beijing,Prophet,31.636364,0.0,test
2016-09-11 18:00:00,2016-09-12 18:00:00,24,Beijing,Prophet,32.727273,0.0,test
2016-09-11 19:00:00,2016-09-12 19:00:00,24,Beijing,Prophet,35.416667,0.0,test
2016-09-11 20:00:00,2016-09-12 20:00:00,24,Beijing,Prophet,40.333333,0.0,test
2016-09-11 21:00:00,2016-09-12 21:00:00,24,Beijing,Prophet,43.583333,0.0,test
2016-09-11 22:00:00,2016-09-12 22:00:00,24,Beijing,Prophet,45.833333,0.0,test
2016-09-11 23:00:00,2016-09-12 23:00:00,24,Beijing,Prophet,49.583333,0.0,test
2016-09-12 00:00:00,2016-09-13 00:00:00,24,Beijing,Prophet,50.833333,0.0,test
2016-09-12 01:00:00,2016-09-13 01:00:00,24,Beijing,Prophet,49.916667,0.0,test
2016-09-12 02:00:00,2016-09-13 02:00:00,24,Beijing,Prophet,54.5,0.0,test
2016-09-12 03:00:00,2016-09-13 03:00:00,24,Beijing,Prophet,59.333333,0.0,test
2016-09-12 04:00:00,2016-09-13 04:00:00,24,Beijing,Prophet,60.916667,0.0,test
2016-09-12 05:00:00,2016-09-13 05:00:00,24,Beijing,Prophet,63.583333,0.0,test
2016-09-12 06:00:00,2016-09-13 06:00:00,24,Beijing,Prophet,63.083333,0.0,test
2016-09-12 07:00:00,2016-09-13 07:00:00,24,Beijing,Prophet,67.083333,0.0,test
2016-09-12 08:00:00,2016-09-13 08:00:00,24,Beijing,Prophet,79.666667,0.0,test
2016-09-12 09:00:00,2016-09-13 09:00:00,24,Beijing,Prophet,98.0,0.0,test
2016-09-12 10:00:00,2016-09-13 10:00:00,24,Beijing,Prophet,109.416667,0.0,test
2016-09-12 11:00:00,2016-09-13 11:00:00,24,Beijing,Prophet,117.166667,0.0,test
2016-09-12 12:00:00,2016-09-13 12:00:00,24,Beijing,Prophet,121.416667,0.0,test
2016-09-12 13:00:00,2016-09-13 13:00:00,24,Beijing,Prophet,125.916667,0.0,test
2016-09-12 14:00:00,2016-09-13 14:00:00,24,Beijing,Prophet,115.25,0.0,test
2016-09-12 15:00:00,2016-09-13 15:00:00,24,Beijing,Prophet,109.666667,0.0,test
2016-09-12 16:00:00,2016-09-13 16:00:00,24,Beijing,Prophet,100.75,0.0,test
2016-09-12 17:00:00,2016-09-13 17:00:00,24,Beijing,Prophet,97.666667,0.0,test
2016-09-12 18:00:00,2016-09-13 18:00:00,24,Beijing,Prophet,88.0,0.0,test
2016-09-12 19:00:00,2016-09-13 19:00:00,24,Beijing,Prophet,84.666667,0.0,test
2016-09-12 20:00:00,2016-09-13 20:00:00,24,Beijing,Prophet,85.666667,0.0,test
2016-09-12 21:00:00,2016-09-13 21:00:00,24,Beijing,Prophet,89.25,0.0,test
2016-09-12 22:00:00,2016-09-13 22:00:00,24,Beijing,Prophet,94.083333,0.0,test
2016-09-12 23:00:00,2016-09-13 23:00:00,24,Beijing,Prophet,96.0,0.0,test
2016-09-13 00:00:00,2016-09-14 00:00:00,24,Beijing,Prophet,100.583333,0.0,test
2016-09-13 01:00:00,2016-09-14 01:00:00,24,Beijing,Prophet,102.5,0.0,test
2016-09-13 02:00:00,2016-09-14 02:00:00,24,Beijing,Prophet,101.916667,0.0,test
2016-09-13 03:00:00,2016-09-14 03:00:00,24,Beijing,Prophet,102.75,0.0,test
2016-09-13 04:00:00,2016-09-14 04:00:00,24,Beijing,Prophet,109.416667,0.0,test
2016-09-13 05:00:00,2016-09-14 05:00:00,24,Beijing,Prophet,108.416667,0.0,test
2016-09-13 06:00:00,2016-09-14 06:00:00,24,Beijing,Prophet,108.083333,0.0,test
2016-09-13 07:00:00,2016-09-14 07:00:00,24,Beijing,Prophet,108.0,0.0,test
2016-09-13 08:00:00,2016-09-14 08:00:00,24,Beijing,Prophet,120.083333,0.0,test
2016-09-13 09:00:00,2016-09-14 09:00:00,24,Beijing,Prophet,140.416667,0.0,test
2016-09-13 10:00:00,2016-09-14 10:00:00,24,Beijing,Prophet,149.25,0.0,test
2016-09-13 11:00:00,2016-09-14 11:00:00,24,Beijing,Prophet,147.833333,0.0,test
2016-09-13 12:00:00,2016-09-14 12:00:00,24,Beijing,Prophet,137.666667,0.0,test
2016-09-13 13:00:00,2016-09-14 13:00:00,24,Beijing,Prophet,106.75,0.0,test
2016-09-13 14:00:00,2016-09-14 14:00:00,24,Beijing,Prophet,95.0,0.0,test
2016-09-13 15:00:00,2016-09-14 15:00:00,24,Beijing,Prophet,89.416667,0.0,test
2016-09-13 16:00:00,2016-09-14 16:00:00,24,Beijing,Prophet,84.0,0.0,test
2016-09-13 17:00:00,2016-09-14 17:00:00,24,Beijing,Prophet,88.909091,0.0,test
2016-09-13 18:00:00,2016-09-14 18:00:00,24,Beijing,Prophet,100.454545,0.0,test
2016-09-13 19:00:00,2016-09-14 19:00:00,24,Beijing,Prophet,89.454545,0.0,test
2016-09-13 20:00:00,2016-09-14 20:00:00,24,Beijing,Prophet,62.454545,0.0,test
2016-09-13 21:00:00,2016-09-14 21:00:00,24,Beijing,Prophet,63.272727,0.0,test
2016-09-13 22:00:00,2016-09-14 22:00:00,24,Beijing,Prophet,56.181818,0.0,test
2016-09-13 23:00:00,2016-09-14 23:00:00,24,Beijing,Prophet,45.272727,0.0,test
2016-09-14 00:00:00,2016-09-15 00:00:00,24,Beijing,Prophet,47.727273,0.0,test
2016-09-14 01:00:00,2016-09-15 01:00:00,24,Beijing,Prophet,52.181818,0.0,test
2016-09-14 02:00:00,2016-09-15 02:00:00,24,Beijing,Prophet,49.454545,0.0,test
2016-09-14 03:00:00,2016-09-15 03:00:00,24,Beijing,Prophet,46.545455,0.0,test
2016-09-14 04:00:00,2016-09-15 04:00:00,24,Beijing,Prophet,53.090909,0.0,test
2016-09-14 05:00:00,2016-09-15 05:00:00,24,Beijing,Prophet,57.0,0.0,test
2016-09-14 06:00:00,2016-09-15 06:00:00,24,Beijing,Prophet,55.090909,0.0,test
2016-09-14 07:00:00,2016-09-15 07:00:00,24,Beijing,Prophet,51.454545,0.0,test
2016-09-14 08:00:00,2016-09-15 08:00:00,24,Beijing,Prophet,55.636364,0.0,test
2016-09-14 09:00:00,2016-09-15 09:00:00,24,Beijing,Prophet,67.0,0.0,test
2016-09-14 10:00:00,2016-09-15 10:00:00,24,Beijing,Prophet,64.909091,0.0,test
2016-09-14 11:00:00,2016-09-15 11:00:00,24,Beijing,Prophet,60.75,0.0,test
2016-09-14 12:00:00,2016-09-15 12:00:00,24,Beijing,Prophet,54.25,0.0,test
2016-09-14 13:00:00,2016-09-15 13:00:00,24,Beijing,Prophet,45.333333,0.0,test
2016-09-14 14:00:00,2016-09-15 14:00:00,24,Beijing,Prophet,43.083333,0.0,test
2016-09-14 15:00:00,2016-09-15 15:00:00,24,Beijing,Prophet,39.75,0.0,test
2016-09-14 16:00:00,2016-09-15 16:00:00,24,Beijing,Prophet,47.166667,0.0,test
2016-09-14 17:00:00,2016-09-15 17:00:00,24,Beijing,Prophet,69.833333,0.0,test
2016-09-14 18:00:00,2016-09-15 18:00:00,24,Beijing,Prophet,87.833333,0.0,test
2016-09-14 19:00:00,2016-09-15 19:00:00,24,Beijing,Prophet,101.583333,0.0,test
2016-09-14 20:00:00,2016-09-15 20:00:00,24,Beijing,Prophet,114.5,0.0,test
2016-09-14 21:00:00,2016-09-15 21:00:00,24,Beijing,Prophet,124.416667,0.0,test
2016-09-14 22:00:00,2016-09-15 22:00:00,24,Beijing,Prophet,137.333333,0.0,test
2016-09-14 23:00:00,2016-09-15 23:00:00,24,Beijing,Prophet,145.0,0.0,test
2016-09-15 00:00:00,2016-09-16 00:00:00,24,Beijing,Prophet,148.583333,0.0,test
2016-09-15 01:00:00,2016-09-16 01:00:00,24,Beijing,Prophet,154.333333,0.0,test
2016-09-15 02:00:00,2016-09-16 02:00:00,24,Beijing,Prophet,147.5,0.0,test
2016-09-15 03:00:00,2016-09-16 03:00:00,24,Beijing,Prophet,135.416667,0.0,test
2016-09-15 04:00:00,2016-09-16 04:00:00,24,Beijing,Prophet,131.916667,0.0,test
2016-09-15 05:00:00,2016-09-16 05:00:00,24,Beijing,Prophet,129.583333,0.0,test
2016-09-15 06:00:00,2016-09-16 06:00:00,24,Beijing,Prophet,134.166667,0.0,test
2016-09-15 07:00:00,2016-09-16 07:00:00,24,Beijing,Prophet,143.333333,0.0,test
2016-09-15 08:00:00,2016-09-16 08:00:00,24,Beijing,Prophet,149.166667,0.0,test
2016-09-15 09:00:00,2016-09-16 09:00:00,24,Beijing,Prophet,159.0,0.0,test
2016-09-15 10:00:00,2016-09-16 10:00:00,24,Beijing,Prophet,167.909091,0.0,test
2016-09-15 11:00:00,2016-09-16 11:00:00,24,Beijing,Prophet,179.818182,0.0,test
2016-09-15 12:00:00,2016-09-16 12:00:00,24,Beijing,Prophet,180.181818,0.0,test
2016-09-15 13:00:00,2016-09-16 13:00:00,24,Beijing,Prophet,171.363636,0.0,test
2016-09-15 14:00:00,2016-09-16 14:00:00,24,Beijing,Prophet,167.272727,0.0,test
2016-09-15 15:00:00,2016-09-16 15:00:00,24,Beijing,Prophet,149.272727,0.0,test
2016-09-15 16:00:00,2016-09-16 16:00:00,24,Beijing,Prophet,146.636364,0.0,test
2016-09-15 17:00:00,2016-09-16 17:00:00,24,Beijing,Prophet,151.5,0.0,test
2016-09-15 18:00:00,2016-09-16 18:00:00,24,Beijing,Prophet,157.583333,0.0,test
2016-09-15 19:00:00,2016-09-16 19:00:00,24,Beijing,Prophet,123.083333,0.0,test
2016-09-15 20:00:00,2016-09-16 20:00:00,24,Beijing,Prophet,56.083333,0.0,test
2016-09-15 21:00:00,2016-09-16 21:00:00,24,Beijing,Prophet,38.583333,0.0,test
2016-09-15 22:00:00,2016-09-16 22:00:00,24,Beijing,Prophet,38.083333,0.0,test
2016-09-15 23:00:00,2016-09-16 23:00:00,24,Beijing,Prophet,46.5,0.0,test
2016-09-16 00:00:00,2016-09-17 00:00:00,24,Beijing,Prophet,54.166667,0.0,test
2016-09-16 01:00:00,2016-09-17 01:00:00,24,Beijing,Prophet,62.833333,0.0,test
2016-09-16 02:00:00,2016-09-17 02:00:00,24,Beijing,Prophet,66.0,0.0,test
2016-09-16 03:00:00,2016-09-17 03:00:00,24,Beijing,Prophet,64.583333,0.0,test
2016-09-16 04:00:00,2016-09-17 04:00:00,24,Beijing,Prophet,62.5,0.0,test
2016-09-16 05:00:00,2016-09-17 05:00:00,24,Beijing,Prophet,64.25,0.0,test
2016-09-16 06:00:00,2016-09-17 06:00:00,24,Beijing,Prophet,68.166667,0.0,test
2016-09-16 07:00:00,2016-09-17 07:00:00,24,Beijing,Prophet,67.333333,0.0,test
2016-09-16 08:00:00,2016-09-17 08:00:00,24,Beijing,Prophet,49.166667,0.0,test
2016-09-16 09:00:00,2016-09-17 09:00:00,24,Beijing,Prophet,37.583333,0.0,test
2016-09-16 10:00:00,2016-09-17 10:00:00,24,Beijing,Prophet,36.666667,0.0,test
2016-09-16 11:00:00,2016-09-17 11:00:00,24,Beijing,Prophet,34.416667,0.0,test
2016-09-16 12:00:00,2016-09-17 12:00:00,24,Beijing,Prophet,29.583333,0.0,test
2016-09-16 13:00:00,2016-09-17 13:00:00,24,Beijing,Prophet,26.083333,0.0,test
2016-09-16 14:00:00,2016-09-17 14:00:00,24,Beijing,Prophet,24.5,0.0,test
2016-09-16 15:00:00,2016-09-17 15:00:00,24,Beijing,Prophet,23.25,0.0,test
2016-09-16 16:00:00,2016-09-17 16:00:00,24,Beijing,Prophet,26.083333,0.0,test
2016-09-16 17:00:00,2016-09-17 17:00:00,24,Beijing,Prophet,28.75,0.0,test
2016-09-16 18:00:00,2016-09-17 18:00:00,24,Beijing,Prophet,27.25,0.0,test
2016-09-16 19:00:00,2016-09-17 19:00:00,24,Beijing,Prophet,28.833333,0.0,test
2016-09-16 20:00:00,2016-09-17 20:00:00,24,Beijing,Prophet,28.166667,0.0,test
2016-09-16 21:00:00,2016-09-17 21:00:00,24,Beijing,Prophet,28.333333,0.0,test
2016-09-16 22:00:00,2016-09-17 22:00:00,24,Beijing,Prophet,28.75,0.0,test
2016-09-16 23:00:00,2016-09-17 23:00:00,24,Beijing,Prophet,28.916667,0.0,test
2016-09-17 00:00:00,2016-09-18 00:00:00,24,Beijing,Prophet,27.833333,0.0,test
2016-09-17 01:00:00,2016-09-18 01:00:00,24,Beijing,Prophet,25.666667,0.0,test
2016-09-17 02:00:00,2016-09-18 02:00:00,24,Beijing,Prophet,22.916667,0.0,test
2016-09-17 03:00:00,2016-09-18 03:00:00,24,Beijing,Prophet,21.583333,0.0,test
2016-09-17 04:00:00,2016-09-18 04:00:00,24,Beijing,Prophet,21.416667,0.0,test
2016-09-17 05:00:00,2016-09-18 05:00:00,24,Beijing,Prophet,22.666667,0.0,test
2016-09-17 06:00:00,2016-09-18 06:00:00,24,Beijing,Prophet,23.25,0.0,test
2016-09-17 07:00:00,2016-09-18 07:00:00,24,Beijing,Prophet,23.0,0.0,test
2016-09-17 08:00:00,2016-09-18 08:00:00,24,Beijing,Prophet,23.166667,0.0,test
2016-09-17 09:00:00,2016-09-18 09:00:00,24,Beijing,Prophet,25.5,0.0,test
2016-09-17 10:00:00,2016-09-18 10:00:00,24,Beijing,Prophet,25.833333,0.0,test
2016-09-17 11:00:00,2016-09-18 11:00:00,24,Beijing,Prophet,24.416667,0.0,test
2016-09-17 12:00:00,2016-09-18 12:00:00,24,Beijing,Prophet,21.75,0.0,test
2016-09-17 13:00:00,2016-09-18 13:00:00,24,Beijing,Prophet,19.666667,0.0,test
2016-09-17 14:00:00,2016-09-18 14:00:00,24,Beijing,Prophet,21.055556,0.0,test
2016-09-17 15:00:00,2016-09-18 15:00:00,24,Beijing,Prophet,21.212121,0.0,test
2016-09-17 16:00:00,2016-09-18 16:00:00,24,Beijing,Prophet,14.181818,0.0,test
2016-09-17 17:00:00,2016-09-18 17:00:00,24,Beijing,Prophet,10.363636,0.0,test
2016-09-17 18:00:00,2016-09-18 18:00:00,24,Beijing,Prophet,15.0,0.0,test
2016-09-17 19:00:00,2016-09-18 19:00:00,24,Beijing,Prophet,17.636364,0.0,test
2016-09-17 20:00:00,2016-09-18 20:00:00,24,Beijing,Prophet,20.454545,0.0,test
2016-09-17 21:00:00,2016-09-18 21:00:00,24,Beijing,Prophet,19.636364,0.0,test
2016-09-17 22:00:00,2016-09-18 22:00:00,24,Beijing,Prophet,18.454545,0.0,test
2016-09-17 23:00:00,2016-09-18 23:00:00,24,Beijing,Prophet,15.545455,0.0,test
2016-09-18 00:00:00,2016-09-19 00:00:00,24,Beijing,Prophet,13.090909,0.0,test
2016-09-18 01:00:00,2016-09-19 01:00:00,24,Beijing,Prophet,14.0,0.0,test
2016-09-18 02:00:00,2016-09-19 02:00:00,24,Beijing,Prophet,13.272727,0.0,test
2016-09-18 03:00:00,2016-09-19 03:00:00,24,Beijing,Prophet,9.909091,0.0,test
2016-09-18 04:00:00,2016-09-19 04:00:00,24,Beijing,Prophet,9.454545,0.0,test
2016-09-18 05:00:00,2016-09-19 05:00:00,24,Beijing,Prophet,8.272727,0.0,test
2016-09-18 06:00:00,2016-09-19 06:00:00,24,Beijing,Prophet,8.090909,0.0,test
2016-09-18 07:00:00,2016-09-19 07:00:00,24,Beijing,Prophet,6.909091,0.0,test
2016-09-18 08:00:00,2016-09-19 08:00:00,24,Beijing,Prophet,8.818182,0.0,test
2016-09-18 09:00:00,2016-09-19 09:00:00,24,Beijing,Prophet,8.363636,0.0,test
2016-09-18 10:00:00,2016-09-19 10:00:00,24,Beijing,Prophet,7.090909,0.0,test
2016-09-18 11:00:00,2016-09-19 11:00:00,24,Beijing,Prophet,5.583333,0.0,test
2016-09-18 12:00:00,2016-09-19 12:00:00,24,Beijing,Prophet,5.416667,0.0,test
2016-09-18 13:00:00,2016-09-19 13:00:00,24,Beijing,Prophet,7.0,0.0,test
2016-09-18 14:00:00,2016-09-19 14:00:00,24,Beijing,Prophet,7.5,0.0,test
2016-09-18 15:00:00,2016-09-19 15:00:00,24,Beijing,Prophet,5.75,0.0,test
2016-09-18 16:00:00,2016-09-19 16:00:00,24,Beijing,Prophet,7.083333,0.0,test
2016-09-18 17:00:00,2016-09-19 17:00:00,24,Beijing,Prophet,6.916667,0.0,test
2016-09-18 18:00:00,2016-09-19 18:00:00,24,Beijing,Prophet,8.083333,0.0,test
2016-09-18 19:00:00,2016-09-19 19:00:00,24,Beijing,Prophet,11.666667,0.0,test
2016-09-18 20:00:00,2016-09-19 20:00:00,24,Beijing,Prophet,25.25,0.0,test
2016-09-18 21:00:00,2016-09-19 21:00:00,24,Beijing,Prophet,24.166667,0.0,test
2016-09-18 22:00:00,2016-09-19 22:00:00,24,Beijing,Prophet,21.75,0.0,test
2016-09-18 23:00:00,2016-09-19 23:00:00,24,Beijing,Prophet,21.916667,0.0,test
2016-09-19 00:00:00,2016-09-20 00:00:00,24,Beijing,Prophet,23.416667,0.0,test
2016-09-19 01:00:00,2016-09-20 01:00:00,24,Beijing,Prophet,22.416667,0.0,test
2016-09-19 02:00:00,2016-09-20 02:00:00,24,Beijing,Prophet,19.25,0.0,test
2016-09-19 03:00:00,2016-09-20 03:00:00,24,Beijing,Prophet,17.5,0.0,test
2016-09-19 04:00:00,2016-09-20 04:00:00,24,Beijing,Prophet,17.083333,0.0,test
2016-09-19 05:00:00,2016-09-20 05:00:00,24,Beijing,Prophet,12.75,0.0,test
2016-09-19 06:00:00,2016-09-20 06:00:00,24,Beijing,Prophet,10.083333,0.0,test
2016-09-19 07:00:00,2016-09-20 07:00:00,24,Beijing,Prophet,14.666667,0.0,test
2016-09-19 08:00:00,2016-09-20 08:00:00,24,Beijing,Prophet,16.416667,0.0,test
2016-09-19 09:00:00,2016-09-20 09:00:00,24,Beijing,Prophet,17.583333,0.0,test
2016-09-19 10:00:00,2016-09-20 10:00:00,24,Beijing,Prophet,17.583333,0.0,test
2016-09-19 11:00:00,2016-09-20 11:00:00,24,Beijing,Prophet,15.363636,0.0,test
2016-09-19 12:00:00,2016-09-20 12:00:00,24,Beijing,Prophet,16.0,0.0,test
2016-09-19 13:00:00,2016-09-20 13:00:00,24,Beijing,Prophet,13.090909,0.0,test
2016-09-19 14:00:00,2016-09-20 14:00:00,24,Beijing,Prophet,11.181818,0.0,test
2016-09-19 15:00:00,2016-09-20 15:00:00,24,Beijing,Prophet,12.272727,0.0,test
2016-09-19 16:00:00,2016-09-20 16:00:00,24,Beijing,Prophet,14.545455,0.0,test
2016-09-19 17:00:00,2016-09-20 17:00:00,24,Beijing,Prophet,15.454545,0.0,test
2016-09-19 18:00:00,2016-09-20 18:00:00,24,Beijing,Prophet,18.363636,0.0,test
2016-09-19 19:00:00,2016-09-20 19:00:00,24,Beijing,Prophet,23.0,0.0,test
2016-09-19 20:00:00,2016-09-20 20:00:00,24,Beijing,Prophet,28.5,0.0,test
2016-09-19 21:00:00,2016-09-20 21:00:00,24,Beijing,Prophet,33.272727,0.0,test
2016-09-19 22:00:00,2016-09-20 22:00:00,24,Beijing,Prophet,36.818182,0.0,test
2016-09-19 23:00:00,2016-09-20 23:00:00,24,Beijing,Prophet,41.272727,0.0,test
2016-09-20 00:00:00,2016-09-21 00:00:00,24,Beijing,Prophet,41.272727,0.0,test
2016-09-20 01:00:00,2016-09-21 01:00:00,24,Beijing,Prophet,40.727273,0.0,test
2016-09-20 02:00:00,2016-09-21 02:00:00,24,Beijing,Prophet,41.484848,0.0,test
2016-09-20 03:00:00,2016-09-21 03:00:00,24,Beijing,Prophet,40.969697,0.0,test
2016-09-20 04:00:00,2016-09-21 04:00:00,24,Beijing,Prophet,43.727273,0.0,test
2016-09-20 05:00:00,2016-09-21 05:00:00,24,Beijing,Prophet,46.636364,0.0,test
2016-09-20 06:00:00,2016-09-21 06:00:00,24,Beijing,Prophet,48.181818,0.0,test
2016-09-20 07:00:00,2016-09-21 07:00:00,24,Beijing,Prophet,49.727273,0.0,test
2016-09-20 08:00:00,2016-09-21 08:00:00,24,Beijing,Prophet,51.363636,0.0,test
2016-09-20 09:00:00,2016-09-21 09:00:00,24,Beijing,Prophet,54.636364,0.0,test
2016-09-20 10:00:00,2016-09-21 10:00:00,24,Beijing,Prophet,58.166667,0.0,test
2016-09-20 11:00:00,2016-09-21 11:00:00,24,Beijing,Prophet,61.625,0.0,test
2016-09-20 12:00:00,2016-09-21 12:00:00,24,Beijing,Prophet,63.916667,0.0,test
2016-09-20 13:00:00,2016-09-21 13:00:00,24,Beijing,Prophet,69.791667,0.0,test
2016-09-20 14:00:00,2016-09-21 14:00:00,24,Beijing,Prophet,72.666667,0.0,test
2016-09-20 15:00:00,2016-09-21 15:00:00,24,Beijing,Prophet,82.583333,0.0,test
2016-09-20 16:00:00,2016-09-21 16:00:00,24,Beijing,Prophet,85.916667,0.0,test
2016-09-20 17:00:00,2016-09-21 17:00:00,24,Beijing,Prophet,87.25,0.0,test
2016-09-20 18:00:00,2016-09-21 18:00:00,24,Beijing,Prophet,82.666667,0.0,test
2016-09-20 19:00:00,2016-09-21 19:00:00,24,Beijing,Prophet,82.333333,0.0,test
2016-09-20 20:00:00,2016-09-21 20:00:00,24,Beijing,Prophet,80.083333,0.0,test
2016-09-20 21:00:00,2016-09-21 21:00:00,24,Beijing,Prophet,78.75,0.0,test
2016-09-20 22:00:00,2016-09-21 22:00:00,24,Beijing,Prophet,83.333333,0.0,test
2016-09-20 23:00:00,2016-09-21 23:00:00,24,Beijing,Prophet,87.666667,0.0,test
2016-09-21 00:00:00,2016-09-22 00:00:00,24,Beijing,Prophet,92.833333,0.0,test
2016-09-21 01:00:00,2016-09-22 01:00:00,24,Beijing,Prophet,95.5,0.0,test
2016-09-21 02:00:00,2016-09-22 02:00:00,24,Beijing,Prophet,95.166667,0.0,test
2016-09-21 03:00:00,2016-09-22 03:00:00,24,Beijing,Prophet,92.041667,0.0,test
2016-09-21 04:00:00,2016-09-22 04:00:00,24,Beijing,Prophet,88.416667,0.0,test
2016-09-21 05:00:00,2016-09-22 05:00:00,24,Beijing,Prophet,84.666667,0.0,test
2016-09-21 06:00:00,2016-09-22 06:00:00,24,Beijing,Prophet,85.833333,0.0,test
2016-09-21 07:00:00,2016-09-22 07:00:00,24,Beijing,Prophet,85.333333,0.0,test
2016-09-21 08:00:00,2016-09-22 08:00:00,24,Beijing,Prophet,86.583333,0.0,test
2016-09-21 09:00:00,2016-09-22 09:00:00,24,Beijing,Prophet,82.986111,0.0,test
2016-09-21 10:00:00,2016-09-22 10:00:00,24,Beijing,Prophet,80.638889,0.0,test
2016-09-21 11:00:00,2016-09-22 11:00:00,24,Beijing,Prophet,84.841667,0.0,test
2016-09-21 12:00:00,2016-09-22 12:00:00,24,Beijing,Prophet,88.6,0.0,test
2016-09-21 13:00:00,2016-09-22 13:00:00,24,Beijing,Prophet,97.316667,0.0,test
2016-09-21 14:00:00,2016-09-22 14:00:00,24,Beijing,Prophet,100.95,0.0,test
2016-09-21 15:00:00,2016-09-22 15:00:00,24,Beijing,Prophet,103.083333,0.0,test
2016-09-21 16:00:00,2016-09-22 16:00:00,24,Beijing,Prophet,109.666667,0.0,test
2016-09-21 17:00:00,2016-09-22 17:00:00,24,Beijing,Prophet,115.583333,0.0,test
2016-09-21 18:00:00,2016-09-22 18:00:00,24,Beijing,Prophet,116.166667,0.0,test
2016-09-21 19:00:00,2016-09-22 19:00:00,24,Beijing,Prophet,117.75,0.0,test
2016-09-21 20:00:00,2016-09-22 20:00:00,24,Beijing,Prophet,122.666667,0.0,test
2016-09-21 21:00:00,2016-09-22 21:00:00,24,Beijing,Prophet,123.916667,0.0,test
2016-09-21 22:00:00,2016-09-22 22:00:00,24,Beijing,Prophet,126.791667,0.0,test
2016-09-21 23:00:00,2016-09-22 23:00:00,24,Beijing,Prophet,126.333333,0.0,test
2016-09-22 00:00:00,2016-09-23 00:00:00,24,Beijing,Prophet,120.833333,0.0,test
2016-09-22 01:00:00,2016-09-23 01:00:00,24,Beijing,Prophet,107.666667,0.0,test
2016-09-22 02:00:00,2016-09-23 02:00:00,24,Beijing,Prophet,89.416667,0.0,test
2016-09-22 03:00:00,2016-09-23 03:00:00,24,Beijing,Prophet,91.756944,0.0,test
2016-09-22 04:00:00,2016-09-23 04:00:00,24,Beijing,Prophet,100.513889,0.0,test
2016-09-22 05:00:00,2016-09-23 05:00:00,24,Beijing,Prophet,106.854167,0.0,test
2016-09-22 06:00:00,2016-09-23 06:00:00,24,Beijing,Prophet,106.138889,0.0,test
2016-09-22 07:00:00,2016-09-23 07:00:00,24,Beijing,Prophet,107.472222,0.0,test
2016-09-22 08:00:00,2016-09-23 08:00:00,24,Beijing,Prophet,119.138889,0.0,test
2016-09-22 09:00:00,2016-09-23 09:00:00,24,Beijing,Prophet,132.166667,0.0,test
2016-09-22 10:00:00,2016-09-23 10:00:00,24,Beijing,Prophet,135.0,0.0,test
2016-09-22 11:00:00,2016-09-23 11:00:00,24,Beijing,Prophet,123.25,0.0,test
2016-09-22 12:00:00,2016-09-23 12:00:00,24,Beijing,Prophet,114.75,0.0,test
2016-09-22 13:00:00,2016-09-23 13:00:00,24,Beijing,Prophet,116.909091,0.0,test
2016-09-22 14:00:00,2016-09-23 14:00:00,24,Beijing,Prophet,121.636364,0.0,test
2016-09-22 15:00:00,2016-09-23 15:00:00,24,Beijing,Prophet,124.963636,0.0,test
2016-09-22 16:00:00,2016-09-23 16:00:00,24,Beijing,Prophet,124.927273,0.0,test
2016-09-22 17:00:00,2016-09-23 17:00:00,24,Beijing,Prophet,124.8,0.0,test
2016-09-22 18:00:00,2016-09-23 18:00:00,24,Beijing,Prophet,123.490909,0.0,test
2016-09-22 19:00:00,2016-09-23 19:00:00,24,Beijing,Prophet,128.090909,0.0,test
2016-09-22 20:00:00,2016-09-23 20:00:00,24,Beijing,Prophet,138.909091,0.0,test
2016-09-22 21:00:00,2016-09-23 21:00:00,24,Beijing,Prophet,153.0,0.0,test
2016-09-22 22:00:00,2016-09-23 22:00:00,24,Beijing,Prophet,161.181818,0.0,test
2016-09-22 23:00:00,2016-09-23 23:00:00,24,Beijing,Prophet,169.583333,0.0,test
2016-09-23 00:00:00,2016-09-24 00:00:00,24,Beijing,Prophet,156.083333,0.0,test
2016-09-23 01:00:00,2016-09-24 01:00:00,24,Beijing,Prophet,137.75,0.0,test
2016-09-23 02:00:00,2016-09-24 02:00:00,24,Beijing,Prophet,77.916667,0.0,test
2016-09-23 03:00:00,2016-09-24 03:00:00,24,Beijing,Prophet,35.083333,0.0,test
2016-09-23 04:00:00,2016-09-24 04:00:00,24,Beijing,Prophet,34.5,0.0,test
2016-09-23 05:00:00,2016-09-24 05:00:00,24,Beijing,Prophet,32.5,0.0,test
2016-09-23 06:00:00,2016-09-24 06:00:00,24,Beijing,Prophet,30.666667,0.0,test
2016-09-23 07:00:00,2016-09-24 07:00:00,24,Beijing,Prophet,30.666667,0.0,test
2016-09-23 08:00:00,2016-09-24 08:00:00,24,Beijing,Prophet,32.666667,0.0,test
2016-09-23 09:00:00,2016-09-24 09:00:00,24,Beijing,Prophet,42.916667,0.0,test
2016-09-23 10:00:00,2016-09-24 10:00:00,24,Beijing,Prophet,49.666667,0.0,test
2016-09-23 11:00:00,2016-09-24 11:00:00,24,Beijing,Prophet,63.666667,0.0,test
2016-09-23 12:00:00,2016-09-24 12:00:00,24,Beijing,Prophet,87.166667,0.0,test
2016-09-23 13:00:00,2016-09-24 13:00:00,24,Beijing,Prophet,108.625,0.0,test
2016-09-23 14:00:00,2016-09-24 14:00:00,24,Beijing,Prophet,128.583333,0.0,test
2016-09-23 15:00:00,2016-09-24 15:00:00,24,Beijing,Prophet,142.416667,0.0,test
2016-09-23 16:00:00,2016-09-24 16:00:00,24,Beijing,Prophet,153.583333,0.0,test
2016-09-23 17:00:00,2016-09-24 17:00:00,24,Beijing,Prophet,164.666667,0.0,test
2016-09-23 18:00:00,2016-09-24 18:00:00,24,Beijing,Prophet,174.833333,0.0,test
2016-09-23 19:00:00,2016-09-24 19:00:00,24,Beijing,Prophet,187.833333,0.0,test
2016-09-23 20:00:00,2016-09-24 20:00:00,24,Beijing,Prophet,200.666667,0.0,test
2016-09-23 21:00:00,2016-09-24 21:00:00,24,Beijing,Prophet,206.333333,0.0,test
2016-09-23 22:00:00,2016-09-24 22:00:00,24,Beijing,Prophet,206.333333,0.0,test
2016-09-23 23:00:00,2016-09-24 23:00:00,24,Beijing,Prophet,212.583333,0.0,test
2016-09-24 00:00:00,2016-09-25 00:00:00,24,Beijing,Prophet,214.666667,0.0,test
2016-09-24 01:00:00,2016-09-25 01:00:00,24,Beijing,Prophet,216.583333,0.0,test
2016-09-24 02:00:00,2016-09-25 02:00:00,24,Beijing,Prophet,216.0,0.0,test
2016-09-24 03:00:00,2016-09-25 03:00:00,24,Beijing,Prophet,210.583333,0.0,test
2016-09-24 04:00:00,2016-09-25 04:00:00,24,Beijing,Prophet,203.958333,0.0,test
2016-09-24 05:00:00,2016-09-25 05:00:00,24,Beijing,Prophet,190.5,0.0,test
2016-09-24 06:00:00,2016-09-25 06:00:00,24,Beijing,Prophet,180.75,0.0,test
2016-09-24 07:00:00,2016-09-25 07:00:00,24,Beijing,Prophet,165.833333,0.0,test
2016-09-24 08:00:00,2016-09-25 08:00:00,24,Beijing,Prophet,152.0,0.0,test
2016-09-24 09:00:00,2016-09-25 09:00:00,24,Beijing,Prophet,142.0,0.0,test
2016-09-24 10:00:00,2016-09-25 10:00:00,24,Beijing,Prophet,137.363636,0.0,test
2016-09-24 11:00:00,2016-09-25 11:00:00,24,Beijing,Prophet,135.636364,0.0,test
2016-09-24 12:00:00,2016-09-25 12:00:00,24,Beijing,Prophet,147.272727,0.0,test
2016-09-24 13:00:00,2016-09-25 13:00:00,24,Beijing,Prophet,147.363636,0.0,test
2016-09-24 14:00:00,2016-09-25 14:00:00,24,Beijing,Prophet,139.090909,0.0,test
2016-09-24 15:00:00,2016-09-25 15:00:00,24,Beijing,Prophet,143.909091,0.0,test
2016-09-24 16:00:00,2016-09-25 16:00:00,24,Beijing,Prophet,158.083333,0.0,test
2016-09-24 17:00:00,2016-09-25 17:00:00,24,Beijing,Prophet,168.166667,0.0,test
2016-09-24 18:00:00,2016-09-25 18:00:00,24,Beijing,Prophet,162.0,0.0,test
2016-09-24 19:00:00,2016-09-25 19:00:00,24,Beijing,Prophet,166.583333,0.0,test
2016-09-24 20:00:00,2016-09-25 20:00:00,24,Beijing,Prophet,162.5,0.0,test
2016-09-24 21:00:00,2016-09-25 21:00:00,24,Beijing,Prophet,133.416667,0.0,test
2016-09-24 22:00:00,2016-09-25 22:00:00,24,Beijing,Prophet,114.0,0.0,test
2016-09-24 23:00:00,2016-09-25 23:00:00,24,Beijing,Prophet,100.333333,0.0,test
2016-09-25 00:00:00,2016-09-26 00:00:00,24,Beijing,Prophet,93.0,0.0,test
2016-09-25 01:00:00,2016-09-26 01:00:00,24,Beijing,Prophet,88.0,0.0,test
2016-09-25 02:00:00,2016-09-26 02:00:00,24,Beijing,Prophet,83.833333,0.0,test
2016-09-25 03:00:00,2016-09-26 03:00:00,24,Beijing,Prophet,49.833333,0.0,test
2016-09-25 04:00:00,2016-09-26 04:00:00,24,Beijing,Prophet,30.166667,0.0,test
2016-09-25 05:00:00,2016-09-26 05:00:00,24,Beijing,Prophet,20.666667,0.0,test
2016-09-25 06:00:00,2016-09-26 06:00:00,24,Beijing,Prophet,24.333333,0.0,test
2016-09-25 07:00:00,2016-09-26 07:00:00,24,Beijing,Prophet,29.333333,0.0,test
2016-09-25 08:00:00,2016-09-26 08:00:00,24,Beijing,Prophet,33.5,0.0,test
2016-09-25 09:00:00,2016-09-26 09:00:00,24,Beijing,Prophet,34.0,0.0,test
2016-09-25 10:00:00,2016-09-26 10:00:00,24,Beijing,Prophet,35.666667,0.0,test
2016-09-25 11:00:00,2016-09-26 11:00:00,24,Beijing,Prophet,40.416667,0.0,test
2016-09-25 12:00:00,2016-09-26 12:00:00,24,Beijing,Prophet,44.791667,0.0,test
2016-09-25 13:00:00,2016-09-26 13:00:00,24,Beijing,Prophet,48.5,0.0,test
2016-09-25 14:00:00,2016-09-26 14:00:00,24,Beijing,Prophet,52.25,0.0,test
2016-09-25 15:00:00,2016-09-26 15:00:00,24,Beijing,Prophet,53.416667,0.0,test
2016-09-25 16:00:00,2016-09-26 16:00:00,24,Beijing,Prophet,64.583333,0.0,test
2016-09-25 17:00:00,2016-09-26 17:00:00,24,Beijing,Prophet,73.916667,0.0,test
2016-09-25 18:00:00,2016-09-26 18:00:00,24,Beijing,Prophet,73.5,0.0,test
2016-09-25 19:00:00,2016-09-26 19:00:00,24,Beijing,Prophet,77.75,0.0,test
2016-09-25 20:00:00,2016-09-26 20:00:00,24,Beijing,Prophet,85.083333,0.0,test
2016-09-25 21:00:00,2016-09-26 21:00:00,24,Beijing,Prophet,88.833333,0.0,test
2016-09-25 22:00:00,2016-09-26 22:00:00,24,Beijing,Prophet,94.583333,0.0,test
2016-09-25 23:00:00,2016-09-26 23:00:00,24,Beijing,Prophet,88.75,0.0,test
2016-09-26 00:00:00,2016-09-27 00:00:00,24,Beijing,Prophet,83.666667,0.0,test
2016-09-26 01:00:00,2016-09-27 01:00:00,24,Beijing,Prophet,85.25,0.0,test
2016-09-26 02:00:00,2016-09-27 02:00:00,24,Beijing,Prophet,83.166667,0.0,test
2016-09-26 03:00:00,2016-09-27 03:00:00,24,Beijing,Prophet,78.666667,0.0,test
2016-09-26 04:00:00,2016-09-27 04:00:00,24,Beijing,Prophet,62.833333,0.0,test
2016-09-26 05:00:00,2016-09-27 05:00:00,24,Beijing,Prophet,29.75,0.0,test
2016-09-26 06:00:00,2016-09-27 06:00:00,24,Beijing,Prophet,16.833333,0.0,test
2016-09-26 07:00:00,2016-09-27 07:00:00,24,Beijing,Prophet,12.083333,0.0,test
2016-09-26 08:00:00,2016-09-27 08:00:00,24,Beijing,Prophet,11.916667,0.0,test
2016-09-26 09:00:00,2016-09-27 09:00:00,24,Beijing,Prophet,8.75,0.0,test
2016-09-26 10:00:00,2016-09-27 10:00:00,24,Beijing,Prophet,7.916667,0.0,test
2016-09-26 11:00:00,2016-09-27 11:00:00,24,Beijing,Prophet,6.75,0.0,test
2016-09-26 12:00:00,2016-09-27 12:00:00,24,Beijing,Prophet,7.25,0.0,test
2016-09-26 13:00:00,2016-09-27 13:00:00,24,Beijing,Prophet,7.25,0.0,test
2016-09-26 14:00:00,2016-09-27 14:00:00,24,Beijing,Prophet,6.666667,0.0,test
2016-09-26 15:00:00,2016-09-27 15:00:00,24,Beijing,Prophet,6.75,0.0,test
2016-09-26 16:00:00,2016-09-27 16:00:00,24,Beijing,Prophet,9.625,0.0,test
2016-09-26 17:00:00,2016-09-27 17:00:00,24,Beijing,Prophet,11.75,0.0,test
2016-09-26 18:00:00,2016-09-27 18:00:00,24,Beijing,Prophet,12.75,0.0,test
2016-09-26 19:00:00,2016-09-27 19:00:00,24,Beijing,Prophet,10.583333,0.0,test
2016-09-26 20:00:00,2016-09-27 20:00:00,24,Beijing,Prophet,10.083333,0.0,test
2016-09-26 21:00:00,2016-09-27 21:00:00,24,Beijing,Prophet,12.083333,0.0,test
2016-09-26 22:00:00,2016-09-27 22:00:00,24,Beijing,Prophet,12.833333,0.0,test
2016-09-26 23:00:00,2016-09-27 23:00:00,24,Beijing,Prophet,10.5,0.0,test
2016-09-27 00:00:00,2016-09-28 00:00:00,24,Beijing,Prophet,11.333333,0.0,test
2016-09-27 01:00:00,2016-09-28 01:00:00,24,Beijing,Prophet,12.0,0.0,test
2016-09-27 02:00:00,2016-09-28 02:00:00,24,Beijing,Prophet,9.5,0.0,test
2016-09-27 03:00:00,2016-09-28 03:00:00,24,Beijing,Prophet,9.75,0.0,test
2016-09-27 04:00:00,2016-09-28 04:00:00,24,Beijing,Prophet,9.333333,0.0,test
2016-09-27 05:00:00,2016-09-28 05:00:00,24,Beijing,Prophet,8.333333,0.0,test
2016-09-27 06:00:00,2016-09-28 06:00:00,24,Beijing,Prophet,8.916667,0.0,test
2016-09-27 07:00:00,2016-09-28 07:00:00,24,Beijing,Prophet,10.416667,0.0,test
2016-09-27 08:00:00,2016-09-28 08:00:00,24,Beijing,Prophet,10.833333,0.0,test
2016-09-27 09:00:00,2016-09-28 09:00:00,24,Beijing,Prophet,10.666667,0.0,test
2016-09-27 10:00:00,2016-09-28 10:00:00,24,Beijing,Prophet,8.361111,0.0,test
2016-09-27 11:00:00,2016-09-28 11:00:00,24,Beijing,Prophet,9.680556,0.0,test
2016-09-27 12:00:00,2016-09-28 12:00:00,24,Beijing,Prophet,9.833333,0.0,test
2016-09-27 13:00:00,2016-09-28 13:00:00,24,Beijing,Prophet,10.791667,0.0,test
2016-09-27 14:00:00,2016-09-28 14:00:00,24,Beijing,Prophet,10.583333,0.0,test
2016-09-27 15:00:00,2016-09-28 15:00:00,24,Beijing,Prophet,11.25,0.0,test
2016-09-27 16:00:00,2016-09-28 16:00:00,24,Beijing,Prophet,11.625,0.0,test
2016-09-27 17:00:00,2016-09-28 17:00:00,24,Beijing,Prophet,9.333333,0.0,test
2016-09-27 18:00:00,2016-09-28 18:00:00,24,Beijing,Prophet,11.916667,0.0,test
2016-09-27 19:00:00,2016-09-28 19:00:00,24,Beijing,Prophet,19.166667,0.0,test
2016-09-27 20:00:00,2016-09-28 20:00:00,24,Beijing,Prophet,25.083333,0.0,test
2016-09-27 21:00:00,2016-09-28 21:00:00,24,Beijing,Prophet,30.75,0.0,test
2016-09-27 22:00:00,2016-09-28 22:00:00,24,Beijing,Prophet,33.083333,0.0,test
2016-09-27 23:00:00,2016-09-28 23:00:00,24,Beijing,Prophet,39.5,0.0,test
2016-09-28 00:00:00,2016-09-29 00:00:00,24,Beijing,Prophet,37.25,0.0,test
2016-09-28 01:00:00,2016-09-29 01:00:00,24,Beijing,Prophet,33.166667,0.0,test
2016-09-28 02:00:00,2016-09-29 02:00:00,24,Beijing,Prophet,32.0,0.0,test
2016-09-28 03:00:00,2016-09-29 03:00:00,24,Beijing,Prophet,32.0,0.0,test
2016-09-28 04:00:00,2016-09-29 04:00:00,24,Beijing,Prophet,34.666667,0.0,test
2016-09-28 05:00:00,2016-09-29 05:00:00,24,Beijing,Prophet,30.75,0.0,test
2016-09-28 06:00:00,2016-09-29 06:00:00,24,Beijing,Prophet,25.833333,0.0,test
2016-09-28 07:00:00,2016-09-29 07:00:00,24,Beijing,Prophet,21.25,0.0,test
2016-09-28 08:00:00,2016-09-29 08:00:00,24,Beijing,Prophet,23.5,0.0,test
2016-09-28 09:00:00,2016-09-29 09:00:00,24,Beijing,Prophet,27.583333,0.0,test
2016-09-28 10:00:00,2016-09-29 10:00:00,24,Beijing,Prophet,34.0,0.0,test
2016-09-28 11:00:00,2016-09-29 11:00:00,24,Beijing,Prophet,47.361111,0.0,test
2016-09-28 12:00:00,2016-09-29 12:00:00,24,Beijing,Prophet,54.638889,0.0,test
2016-09-28 13:00:00,2016-09-29 13:00:00,24,Beijing,Prophet,56.208333,0.0,test
2016-09-28 14:00:00,2016-09-29 14:00:00,24,Beijing,Prophet,55.5,0.0,test
2016-09-28 15:00:00,2016-09-29 15:00:00,24,Beijing,Prophet,58.75,0.0,test
2016-09-28 16:00:00,2016-09-29 16:00:00,24,Beijing,Prophet,62.75,0.0,test
2016-09-28 17:00:00,2016-09-29 17:00:00,24,Beijing,Prophet,74.25,0.0,test
2016-09-28 18:00:00,2016-09-29 18:00:00,24,Beijing,Prophet,76.727273,0.0,test
2016-09-28 19:00:00,2016-09-29 19:00:00,24,Beijing,Prophet,75.636364,0.0,test
2016-09-28 20:00:00,2016-09-29 20:00:00,24,Beijing,Prophet,78.636364,0.0,test
2016-09-28 21:00:00,2016-09-29 21:00:00,24,Beijing,Prophet,79.363636,0.0,test
2016-09-28 22:00:00,2016-09-29 22:00:00,24,Beijing,Prophet,78.727273,0.0,test
2016-09-28 23:00:00,2016-09-29 23:00:00,24,Beijing,Prophet,82.272727,0.0,test
2016-09-29 00:00:00,2016-09-30 00:00:00,24,Beijing,Prophet,86.090909,0.0,test
2016-09-29 01:00:00,2016-09-30 01:00:00,24,Beijing,Prophet,87.181818,0.0,test
2016-09-29 02:00:00,2016-09-30 02:00:00,24,Beijing,Prophet,86.181818,0.0,test
2016-09-29 03:00:00,2016-09-30 03:00:00,24,Beijing,Prophet,80.0,0.0,test
2016-09-29 04:00:00,2016-09-30 04:00:00,24,Beijing,Prophet,73.272727,0.0,test
2016-09-29 05:00:00,2016-09-30 05:00:00,24,Beijing,Prophet,72.545455,0.0,test
2016-09-29 06:00:00,2016-09-30 06:00:00,24,Beijing,Prophet,73.727273,0.0,test
2016-09-29 07:00:00,2016-09-30 07:00:00,24,Beijing,Prophet,74.545455,0.0,test
2016-09-29 08:00:00,2016-09-30 08:00:00,24,Beijing,Prophet,77.090909,0.0,test
2016-09-29 09:00:00,2016-09-30 09:00:00,24,Beijing,Prophet,81.818182,0.0,test
2016-09-29 10:00:00,2016-09-30 10:00:00,24,Beijing,Prophet,88.636364,0.0,test
2016-09-29 11:00:00,2016-09-30 11:00:00,24,Beijing,Prophet,90.272727,0.0,test
2016-09-29 12:00:00,2016-09-30 12:00:00,24,Beijing,Prophet,93.863636,0.0,test
2016-09-29 13:00:00,2016-09-30 13:00:00,24,Beijing,Prophet,100.916667,0.0,test
2016-09-29 14:00:00,2016-09-30 14:00:00,24,Beijing,Prophet,106.333333,0.0,test
2016-09-29 15:00:00,2016-09-30 15:00:00,24,Beijing,Prophet,106.0,0.0,test
2016-09-29 16:00:00,2016-09-30 16:00:00,24,Beijing,Prophet,104.166667,0.0,test
2016-09-29 17:00:00,2016-09-30 17:00:00,24,Beijing,Prophet,106.0,0.0,test
2016-09-29 18:00:00,2016-09-30 18:00:00,24,Beijing,Prophet,110.166667,0.0,test
2016-09-29 19:00:00,2016-09-30 19:00:00,24,Beijing,Prophet,119.25,0.0,test
2016-09-29 20:00:00,2016-09-30 20:00:00,24,Beijing,Prophet,126.916667,0.0,test
2016-09-29 21:00:00,2016-09-30 21:00:00,24,Beijing,Prophet,128.25,0.0,test
2016-09-29 22:00:00,2016-09-30 22:00:00,24,Beijing,Prophet,129.166667,0.0,test
2016-09-29 23:00:00,2016-09-30 23:00:00,24,Beijing,Prophet,131.666667,0.0,test
2016-09-30 00:00:00,2016-10-01 00:00:00,24,Beijing,Prophet,133.583333,0.0,test
2016-09-30 01:00:00,2016-10-01 01:00:00,24,Beijing,Prophet,134.166667,0.0,test
2016-09-30 02:00:00,2016-10-01 02:00:00,24,Beijing,Prophet,137.0,0.0,test
2016-09-30 03:00:00,2016-10-01 03:00:00,24,Beijing,Prophet,144.5,0.0,test
2016-09-30 04:00:00,2016-10-01 04:00:00,24,Beijing,Prophet,150.833333,0.0,test
2016-09-30 05:00:00,2016-10-01 05:00:00,24,Beijing,Prophet,145.916667,0.0,test
2016-09-30 06:00:00,2016-10-01 06:00:00,24,Beijing,Prophet,146.666667,0.0,test
2016-09-30 07:00:00,2016-10-01 07:00:00,24,Beijing,Prophet,144.416667,0.0,test
2016-09-30 08:00:00,2016-10-01 08:00:00,24,Beijing,Prophet,147.416667,0.0,test
2016-09-30 09:00:00,2016-10-01 09:00:00,24,Beijing,Prophet,160.833333,0.0,test
2016-09-30 10:00:00,2016-10-01 10:00:00,24,Beijing,Prophet,180.333333,0.0,test
2016-09-30 11:00:00,2016-10-01 11:00:00,24,Beijing,Prophet,191.166667,0.0,test
2016-09-30 12:00:00,2016-10-01 12:00:00,24,Beijing,Prophet,198.75,0.0,test
2016-09-30 13:00:00,2016-10-01 13:00:00,24,Beijing,Prophet,201.333333,0.0,test
2016-09-30 14:00:00,2016-10-01 14:00:00,24,Beijing,Prophet,178.0,0.0,test
2016-09-30 15:00:00,2016-10-01 15:00:00,24,Beijing,Prophet,165.416667,0.0,test
2016-09-30 16:00:00,2016-10-01 16:00:00,24,Beijing,Prophet,167.083333,0.0,test
2016-09-30 17:00:00,2016-10-01 17:00:00,24,Beijing,Prophet,167.25,0.0,test
2016-09-30 18:00:00,2016-10-01 18:00:00,24,Beijing,Prophet,159.833333,0.0,test
2016-09-30 19:00:00,2016-10-01 19:00:00,24,Beijing,Prophet,164.75,0.0,test
2016-09-30 20:00:00,2016-10-01 20:00:00,24,Beijing,Prophet,179.666667,0.0,test
2016-09-30 21:00:00,2016-10-01 21:00:00,24,Beijing,Prophet,189.5,0.0,test
2016-09-30 22:00:00,2016-10-01 22:00:00,24,Beijing,Prophet,193.75,0.0,test
2016-09-30 23:00:00,2016-10-01 23:00:00,24,Beijing,Prophet,198.25,0.0,test
2016-10-01 00:00:00,2016-10-02 00:00:00,24,Beijing,Prophet,202.0,0.0,test
2016-10-01 01:00:00,2016-10-02 01:00:00,24,Beijing,Prophet,200.333333,0.0,test
2016-10-01 02:00:00,2016-10-02 02:00:00,24,Beijing,Prophet,199.083333,0.0,test
2016-10-01 03:00:00,2016-10-02 03:00:00,24,Beijing,Prophet,194.166667,0.0,test
2016-10-01 04:00:00,2016-10-02 04:00:00,24,Beijing,Prophet,187.75,0.0,test
2016-10-01 05:00:00,2016-10-02 05:00:00,24,Beijing,Prophet,177.5,0.0,test
2016-10-01 06:00:00,2016-10-02 06:00:00,24,Beijing,Prophet,171.416667,0.0,test
2016-10-01 07:00:00,2016-10-02 07:00:00,24,Beijing,Prophet,169.5,0.0,test
2016-10-01 08:00:00,2016-10-02 08:00:00,24,Beijing,Prophet,183.333333,0.0,test
2016-10-01 09:00:00,2016-10-02 09:00:00,24,Beijing,Prophet,187.833333,0.0,test
2016-10-01 10:00:00,2016-10-02 10:00:00,24,Beijing,Prophet,183.583333,0.0,test
2016-10-01 11:00:00,2016-10-02 11:00:00,24,Beijing,Prophet,184.75,0.0,test
2016-10-01 12:00:00,2016-10-02 12:00:00,24,Beijing,Prophet,184.166667,0.0,test
2016-10-01 13:00:00,2016-10-02 13:00:00,24,Beijing,Prophet,176.666667,0.0,test
2016-10-01 14:00:00,2016-10-02 14:00:00,24,Beijing,Prophet,175.666667,0.0,test
2016-10-01 15:00:00,2016-10-02 15:00:00,24,Beijing,Prophet,164.833333,0.0,test
2016-10-01 16:00:00,2016-10-02 16:00:00,24,Beijing,Prophet,159.083333,0.0,test
2016-10-01 17:00:00,2016-10-02 17:00:00,24,Beijing,Prophet,161.833333,0.0,test
2016-10-01 18:00:00,2016-10-02 18:00:00,24,Beijing,Prophet,170.75,0.0,test
2016-10-01 19:00:00,2016-10-02 19:00:00,24,Beijing,Prophet,186.083333,0.0,test
2016-10-01 20:00:00,2016-10-02 20:00:00,24,Beijing,Prophet,201.583333,0.0,test
2016-10-01 21:00:00,2016-10-02 21:00:00,24,Beijing,Prophet,211.25,0.0,test
2016-10-01 22:00:00,2016-10-02 22:00:00,24,Beijing,Prophet,210.333333,0.0,test
2016-10-01 23:00:00,2016-10-02 23:00:00,24,Beijing,Prophet,167.083333,0.0,test
2016-10-02 00:00:00,2016-10-03 00:00:00,24,Beijing,Prophet,136.333333,0.0,test
2016-10-02 01:00:00,2016-10-03 01:00:00,24,Beijing,Prophet,123.833333,0.0,test
2016-10-02 02:00:00,2016-10-03 02:00:00,24,Beijing,Prophet,119.0,0.0,test
2016-10-02 03:00:00,2016-10-03 03:00:00,24,Beijing,Prophet,120.5,0.0,test
2016-10-02 04:00:00,2016-10-03 04:00:00,24,Beijing,Prophet,123.333333,0.0,test
2016-10-02 05:00:00,2016-10-03 05:00:00,24,Beijing,Prophet,130.666667,0.0,test
2016-10-02 06:00:00,2016-10-03 06:00:00,24,Beijing,Prophet,132.666667,0.0,test
2016-10-02 07:00:00,2016-10-03 07:00:00,24,Beijing,Prophet,132.75,0.0,test
2016-10-02 08:00:00,2016-10-03 08:00:00,24,Beijing,Prophet,127.666667,0.0,test
2016-10-02 09:00:00,2016-10-03 09:00:00,24,Beijing,Prophet,134.5,0.0,test
2016-10-02 10:00:00,2016-10-03 10:00:00,24,Beijing,Prophet,153.083333,0.0,test
2016-10-02 11:00:00,2016-10-03 11:00:00,24,Beijing,Prophet,158.666667,0.0,test
2016-10-02 12:00:00,2016-10-03 12:00:00,24,Beijing,Prophet,155.25,0.0,test
2016-10-02 13:00:00,2016-10-03 13:00:00,24,Beijing,Prophet,127.25,0.0,test
2016-10-02 14:00:00,2016-10-03 14:00:00,24,Beijing,Prophet,106.833333,0.0,test
2016-10-02 15:00:00,2016-10-03 15:00:00,24,Beijing,Prophet,80.333333,0.0,test
2016-10-02 16:00:00,2016-10-03 16:00:00,24,Beijing,Prophet,61.666667,0.0,test
2016-10-02 17:00:00,2016-10-03 17:00:00,24,Beijing,Prophet,63.666667,0.0,test
2016-10-02 18:00:00,2016-10-03 18:00:00,24,Beijing,Prophet,87.0,0.0,test
2016-10-02 19:00:00,2016-10-03 19:00:00,24,Beijing,Prophet,108.666667,0.0,test
2016-10-02 20:00:00,2016-10-03 20:00:00,24,Beijing,Prophet,114.25,0.0,test
2016-10-02 21:00:00,2016-10-03 21:00:00,24,Beijing,Prophet,121.583333,0.0,test
2016-10-02 22:00:00,2016-10-03 22:00:00,24,Beijing,Prophet,130.0,0.0,test
2016-10-02 23:00:00,2016-10-03 23:00:00,24,Beijing,Prophet,158.666667,0.0,test
2016-10-03 00:00:00,2016-10-04 00:00:00,24,Beijing,Prophet,128.25,0.0,test
2016-10-03 01:00:00,2016-10-04 01:00:00,24,Beijing,Prophet,35.0,0.0,test
2016-10-03 02:00:00,2016-10-04 02:00:00,24,Beijing,Prophet,21.083333,0.0,test
2016-10-03 03:00:00,2016-10-04 03:00:00,24,Beijing,Prophet,22.083333,0.0,test
2016-10-03 04:00:00,2016-10-04 04:00:00,24,Beijing,Prophet,23.333333,0.0,test
2016-10-03 05:00:00,2016-10-04 05:00:00,24,Beijing,Prophet,21.916667,0.0,test
2016-10-03 06:00:00,2016-10-04 06:00:00,24,Beijing,Prophet,21.5,0.0,test
2016-10-03 07:00:00,2016-10-04 07:00:00,24,Beijing,Prophet,22.583333,0.0,test
2016-10-03 08:00:00,2016-10-04 08:00:00,24,Beijing,Prophet,25.0,0.0,test
2016-10-03 09:00:00,2016-10-04 09:00:00,24,Beijing,Prophet,26.0,0.0,test
2016-10-03 10:00:00,2016-10-04 10:00:00,24,Beijing,Prophet,29.75,0.0,test
2016-10-03 11:00:00,2016-10-04 11:00:00,24,Beijing,Prophet,28.916667,0.0,test
2016-10-03 12:00:00,2016-10-04 12:00:00,24,Beijing,Prophet,31.666667,0.0,test
2016-10-03 13:00:00,2016-10-04 13:00:00,24,Beijing,Prophet,35.333333,0.0,test
2016-10-03 14:00:00,2016-10-04 14:00:00,24,Beijing,Prophet,36.916667,0.0,test
2016-10-03 15:00:00,2016-10-04 15:00:00,24,Beijing,Prophet,42.416667,0.0,test
2016-10-03 16:00:00,2016-10-04 16:00:00,24,Beijing,Prophet,39.909091,0.0,test
2016-10-03 17:00:00,2016-10-04 17:00:00,24,Beijing,Prophet,38.545455,0.0,test
2016-10-03 18:00:00,2016-10-04 18:00:00,24,Beijing,Prophet,35.909091,0.0,test
2016-10-03 19:00:00,2016-10-04 19:00:00,24,Beijing,Prophet,37.454545,0.0,test
2016-10-03 20:00:00,2016-10-04 20:00:00,24,Beijing,Prophet,34.636364,0.0,test
2016-10-03 21:00:00,2016-10-04 21:00:00,24,Beijing,Prophet,34.272727,0.0,test
2016-10-03 22:00:00,2016-10-04 22:00:00,24,Beijing,Prophet,32.454545,0.0,test
2016-10-03 23:00:00,2016-10-04 23:00:00,24,Beijing,Prophet,27.727273,0.0,test
2016-10-04 00:00:00,2016-10-05 00:00:00,24,Beijing,Prophet,27.272727,0.0,test
2016-10-04 01:00:00,2016-10-05 01:00:00,24,Beijing,Prophet,25.454545,0.0,test
2016-10-04 02:00:00,2016-10-05 02:00:00,24,Beijing,Prophet,22.636364,0.0,test
2016-10-04 03:00:00,2016-10-05 03:00:00,24,Beijing,Prophet,23.454545,0.0,test
2016-10-04 04:00:00,2016-10-05 04:00:00,24,Beijing,Prophet,36.909091,0.0,test
2016-10-04 05:00:00,2016-10-05 05:00:00,24,Beijing,Prophet,39.636364,0.0,test
2016-10-04 06:00:00,2016-10-05 06:00:00,24,Beijing,Prophet,38.818182,0.0,test
2016-10-04 07:00:00,2016-10-05 07:00:00,24,Beijing,Prophet,39.545455,0.0,test
2016-10-04 08:00:00,2016-10-05 08:00:00,24,Beijing,Prophet,41.272727,0.0,test
2016-10-04 09:00:00,2016-10-05 09:00:00,24,Beijing,Prophet,43.727273,0.0,test
2016-10-04 10:00:00,2016-10-05 10:00:00,24,Beijing,Prophet,49.636364,0.0,test
2016-10-04 11:00:00,2016-10-05 11:00:00,24,Beijing,Prophet,55.909091,0.0,test
2016-10-04 12:00:00,2016-10-05 12:00:00,24,Beijing,Prophet,59.25,0.0,test
2016-10-04 13:00:00,2016-10-05 13:00:00,24,Beijing,Prophet,61.5,0.0,test
2016-10-04 14:00:00,2016-10-05 14:00:00,24,Beijing,Prophet,64.583333,0.0,test
2016-10-04 15:00:00,2016-10-05 15:00:00,24,Beijing,Prophet,64.666667,0.0,test
2016-10-04 16:00:00,2016-10-05 16:00:00,24,Beijing,Prophet,63.0,0.0,test
2016-10-04 17:00:00,2016-10-05 17:00:00,24,Beijing,Prophet,65.0,0.0,test
2016-10-04 18:00:00,2016-10-05 18:00:00,24,Beijing,Prophet,70.25,0.0,test
2016-10-04 19:00:00,2016-10-05 19:00:00,24,Beijing,Prophet,79.833333,0.0,test
2016-10-04 20:00:00,2016-10-05 20:00:00,24,Beijing,Prophet,88.916667,0.0,test
2016-10-04 21:00:00,2016-10-05 21:00:00,24,Beijing,Prophet,91.75,0.0,test
2016-10-04 22:00:00,2016-10-05 22:00:00,24,Beijing,Prophet,89.833333,0.0,test
2016-10-04 23:00:00,2016-10-05 23:00:00,24,Beijing,Prophet,90.25,0.0,test
2016-10-05 00:00:00,2016-10-06 00:00:00,24,Beijing,Prophet,88.166667,0.0,test
2016-10-05 01:00:00,2016-10-06 01:00:00,24,Beijing,Prophet,86.583333,0.0,test
2016-10-05 02:00:00,2016-10-06 02:00:00,24,Beijing,Prophet,85.25,0.0,test
2016-10-05 03:00:00,2016-10-06 03:00:00,24,Beijing,Prophet,80.5,0.0,test
2016-10-05 04:00:00,2016-10-06 04:00:00,24,Beijing,Prophet,83.666667,0.0,test
2016-10-05 05:00:00,2016-10-06 05:00:00,24,Beijing,Prophet,84.0,0.0,test
2016-10-05 06:00:00,2016-10-06 06:00:00,24,Beijing,Prophet,82.5,0.0,test
2016-10-05 07:00:00,2016-10-06 07:00:00,24,Beijing,Prophet,87.75,0.0,test
2016-10-05 08:00:00,2016-10-06 08:00:00,24,Beijing,Prophet,88.0,0.0,test
2016-10-05 09:00:00,2016-10-06 09:00:00,24,Beijing,Prophet,85.083333,0.0,test
2016-10-05 10:00:00,2016-10-06 10:00:00,24,Beijing,Prophet,77.916667,0.0,test
2016-10-05 11:00:00,2016-10-06 11:00:00,24,Beijing,Prophet,71.0,0.0,test
2016-10-05 12:00:00,2016-10-06 12:00:00,24,Beijing,Prophet,64.583333,0.0,test
2016-10-05 13:00:00,2016-10-06 13:00:00,24,Beijing,Prophet,60.25,0.0,test
2016-10-05 14:00:00,2016-10-06 14:00:00,24,Beijing,Prophet,58.583333,0.0,test
2016-10-05 15:00:00,2016-10-06 15:00:00,24,Beijing,Prophet,59.083333,0.0,test
2016-10-05 16:00:00,2016-10-06 16:00:00,24,Beijing,Prophet,56.75,0.0,test
2016-10-05 17:00:00,2016-10-06 17:00:00,24,Beijing,Prophet,59.416667,0.0,test
2016-10-05 18:00:00,2016-10-06 18:00:00,24,Beijing,Prophet,66.666667,0.0,test
2016-10-05 19:00:00,2016-10-06 19:00:00,24,Beijing,Prophet,71.833333,0.0,test
2016-10-05 20:00:00,2016-10-06 20:00:00,24,Beijing,Prophet,73.416667,0.0,test
2016-10-05 21:00:00,2016-10-06 21:00:00,24,Beijing,Prophet,67.0,0.0,test
2016-10-05 22:00:00,2016-10-06 22:00:00,24,Beijing,Prophet,52.75,0.0,test
2016-10-05 23:00:00,2016-10-06 23:00:00,24,Beijing,Prophet,48.583333,0.0,test
2016-10-06 00:00:00,2016-10-07 00:00:00,24,Beijing,Prophet,44.25,0.0,test
2016-10-06 01:00:00,2016-10-07 01:00:00,24,Beijing,Prophet,43.75,0.0,test
2016-10-06 02:00:00,2016-10-07 02:00:00,24,Beijing,Prophet,43.166667,0.0,test
2016-10-06 03:00:00,2016-10-07 03:00:00,24,Beijing,Prophet,40.583333,0.0,test
2016-10-06 04:00:00,2016-10-07 04:00:00,24,Beijing,Prophet,38.75,0.0,test
2016-10-06 05:00:00,2016-10-07 05:00:00,24,Beijing,Prophet,37.916667,0.0,test
2016-10-06 06:00:00,2016-10-07 06:00:00,24,Beijing,Prophet,36.916667,0.0,test
2016-10-06 07:00:00,2016-10-07 07:00:00,24,Beijing,Prophet,38.0,0.0,test
2016-10-06 08:00:00,2016-10-07 08:00:00,24,Beijing,Prophet,38.75,0.0,test
2016-10-06 09:00:00,2016-10-07 09:00:00,24,Beijing,Prophet,38.583333,0.0,test
2016-10-06 10:00:00,2016-10-07 10:00:00,24,Beijing,Prophet,40.5,0.0,test
2016-10-06 11:00:00,2016-10-07 11:00:00,24,Beijing,Prophet,42.166667,0.0,test
2016-10-06 12:00:00,2016-10-07 12:00:00,24,Beijing,Prophet,40.5,0.0,test
2016-10-06 13:00:00,2016-10-07 13:00:00,24,Beijing,Prophet,38.833333,0.0,test
2016-10-06 14:00:00,2016-10-07 14:00:00,24,Beijing,Prophet,38.083333,0.0,test
2016-10-06 15:00:00,2016-10-07 15:00:00,24,Beijing,Prophet,39.333333,0.0,test
2016-10-06 16:00:00,2016-10-07 16:00:00,24,Beijing,Prophet,44.416667,0.0,test
2016-10-06 17:00:00,2016-10-07 17:00:00,24,Beijing,Prophet,42.5,0.0,test
2016-10-06 18:00:00,2016-10-07 18:00:00,24,Beijing,Prophet,45.0,0.0,test
2016-10-06 19:00:00,2016-10-07 19:00:00,24,Beijing,Prophet,47.75,0.0,test
2016-10-06 20:00:00,2016-10-07 20:00:00,24,Beijing,Prophet,49.25,0.0,test
2016-10-06 21:00:00,2016-10-07 21:00:00,24,Beijing,Prophet,43.583333,0.0,test
2016-10-06 22:00:00,2016-10-07 22:00:00,24,Beijing,Prophet,25.75,0.0,test
2016-10-06 23:00:00,2016-10-07 23:00:00,24,Beijing,Prophet,14.666667,0.0,test
2016-10-07 00:00:00,2016-10-08 00:00:00,24,Beijing,Prophet,11.0,0.0,test
2016-10-07 01:00:00,2016-10-08 01:00:00,24,Beijing,Prophet,6.583333,0.0,test
2016-10-07 02:00:00,2016-10-08 02:00:00,24,Beijing,Prophet,7.75,0.0,test
2016-10-07 03:00:00,2016-10-08 03:00:00,24,Beijing,Prophet,5.833333,0.0,test
2016-10-07 04:00:00,2016-10-08 04:00:00,24,Beijing,Prophet,7.166667,0.0,test
2016-10-07 05:00:00,2016-10-08 05:00:00,24,Beijing,Prophet,8.666667,0.0,test
2016-10-07 06:00:00,2016-10-08 06:00:00,24,Beijing,Prophet,8.194444,0.0,test
2016-10-07 07:00:00,2016-10-08 07:00:00,24,Beijing,Prophet,7.722222,0.0,test
2016-10-07 08:00:00,2016-10-08 08:00:00,24,Beijing,Prophet,9.75,0.0,test
2016-10-07 09:00:00,2016-10-08 09:00:00,24,Beijing,Prophet,9.916667,0.0,test
2016-10-07 10:00:00,2016-10-08 10:00:00,24,Beijing,Prophet,9.666667,0.0,test
2016-10-07 11:00:00,2016-10-08 11:00:00,24,Beijing,Prophet,11.0,0.0,test
2016-10-07 12:00:00,2016-10-08 12:00:00,24,Beijing,Prophet,13.25,0.0,test
2016-10-07 13:00:00,2016-10-08 13:00:00,24,Beijing,Prophet,14.666667,0.0,test
2016-10-07 14:00:00,2016-10-08 14:00:00,24,Beijing,Prophet,11.583333,0.0,test
2016-10-07 15:00:00,2016-10-08 15:00:00,24,Beijing,Prophet,13.75,0.0,test
2016-10-07 16:00:00,2016-10-08 16:00:00,24,Beijing,Prophet,18.833333,0.0,test
2016-10-07 17:00:00,2016-10-08 17:00:00,24,Beijing,Prophet,10.227273,0.0,test
2016-10-07 18:00:00,2016-10-08 18:00:00,24,Beijing,Prophet,10.0,0.0,test
2016-10-07 19:00:00,2016-10-08 19:00:00,24,Beijing,Prophet,13.454545,0.0,test
2016-10-07 20:00:00,2016-10-08 20:00:00,24,Beijing,Prophet,19.818182,0.0,test
2016-10-07 21:00:00,2016-10-08 21:00:00,24,Beijing,Prophet,21.272727,0.0,test
2016-10-07 22:00:00,2016-10-08 22:00:00,24,Beijing,Prophet,22.454545,0.0,test
2016-10-07 23:00:00,2016-10-08 23:00:00,24,Beijing,Prophet,26.181818,0.0,test
2016-10-08 00:00:00,2016-10-09 00:00:00,24,Beijing,Prophet,25.545455,0.0,test
2016-10-08 01:00:00,2016-10-09 01:00:00,24,Beijing,Prophet,23.454545,0.0,test
2016-10-08 02:00:00,2016-10-09 02:00:00,24,Beijing,Prophet,22.0,0.0,test
2016-10-08 03:00:00,2016-10-09 03:00:00,24,Beijing,Prophet,25.090909,0.0,test
2016-10-08 04:00:00,2016-10-09 04:00:00,24,Beijing,Prophet,28.818182,0.0,test
2016-10-08 05:00:00,2016-10-09 05:00:00,24,Beijing,Prophet,28.7,0.0,test
2016-10-08 06:00:00,2016-10-09 06:00:00,24,Beijing,Prophet,26.4,0.0,test
2016-10-08 07:00:00,2016-10-09 07:00:00,24,Beijing,Prophet,25.7,0.0,test
2016-10-08 08:00:00,2016-10-09 08:00:00,24,Beijing,Prophet,22.5,0.0,test
2016-10-08 09:00:00,2016-10-09 09:00:00,24,Beijing,Prophet,20.9,0.0,test
2016-10-08 10:00:00,2016-10-09 10:00:00,24,Beijing,Prophet,22.5,0.0,test
2016-10-08 11:00:00,2016-10-09 11:00:00,24,Beijing,Prophet,25.7,0.0,test
2016-10-08 12:00:00,2016-10-09 12:00:00,24,Beijing,Prophet,34.454545,0.0,test
2016-10-08 13:00:00,2016-10-09 13:00:00,24,Beijing,Prophet,41.045455,0.0,test
2016-10-08 14:00:00,2016-10-09 14:00:00,24,Beijing,Prophet,33.363636,0.0,test
2016-10-08 15:00:00,2016-10-09 15:00:00,24,Beijing,Prophet,31.818182,0.0,test
2016-10-08 16:00:00,2016-10-09 16:00:00,24,Beijing,Prophet,28.272727,0.0,test
2016-10-08 17:00:00,2016-10-09 17:00:00,24,Beijing,Prophet,25.454545,0.0,test
2016-10-08 18:00:00,2016-10-09 18:00:00,24,Beijing,Prophet,32.272727,0.0,test
2016-10-08 19:00:00,2016-10-09 19:00:00,24,Beijing,Prophet,40.727273,0.0,test
2016-10-08 20:00:00,2016-10-09 20:00:00,24,Beijing,Prophet,45.545455,0.0,test
2016-10-08 21:00:00,2016-10-09 21:00:00,24,Beijing,Prophet,47.090909,0.0,test
2016-10-08 22:00:00,2016-10-09 22:00:00,24,Beijing,Prophet,48.181818,0.0,test
2016-10-08 23:00:00,2016-10-09 23:00:00,24,Beijing,Prophet,50.636364,0.0,test
2016-10-09 00:00:00,2016-10-10 00:00:00,24,Beijing,Prophet,49.090909,0.0,test
2016-10-09 01:00:00,2016-10-10 01:00:00,24,Beijing,Prophet,50.363636,0.0,test
2016-10-09 02:00:00,2016-10-10 02:00:00,24,Beijing,Prophet,55.454545,0.0,test
2016-10-09 03:00:00,2016-10-10 03:00:00,24,Beijing,Prophet,54.818182,0.0,test
2016-10-09 04:00:00,2016-10-10 04:00:00,24,Beijing,Prophet,54.454545,0.0,test
2016-10-09 05:00:00,2016-10-10 05:00:00,24,Beijing,Prophet,52.727273,0.0,test
2016-10-09 06:00:00,2016-10-10 06:00:00,24,Beijing,Prophet,50.090909,0.0,test
2016-10-09 07:00:00,2016-10-10 07:00:00,24,Beijing,Prophet,49.727273,0.0,test
2016-10-09 08:00:00,2016-10-10 08:00:00,24,Beijing,Prophet,47.878788,0.0,test
2016-10-09 09:00:00,2016-10-10 09:00:00,24,Beijing,Prophet,51.121212,0.0,test
2016-10-09 10:00:00,2016-10-10 10:00:00,24,Beijing,Prophet,56.022727,0.0,test
2016-10-09 11:00:00,2016-10-10 11:00:00,24,Beijing,Prophet,69.5,0.0,test
2016-10-09 12:00:00,2016-10-10 12:00:00,24,Beijing,Prophet,82.613636,0.0,test
2016-10-09 13:00:00,2016-10-10 13:00:00,24,Beijing,Prophet,96.909091,0.0,test
2016-10-09 14:00:00,2016-10-10 14:00:00,24,Beijing,Prophet,105.727273,0.0,test
2016-10-09 15:00:00,2016-10-10 15:00:00,24,Beijing,Prophet,111.083333,0.0,test
2016-10-09 16:00:00,2016-10-10 16:00:00,24,Beijing,Prophet,119.416667,0.0,test
2016-10-09 17:00:00,2016-10-10 17:00:00,24,Beijing,Prophet,122.363636,0.0,test
2016-10-09 18:00:00,2016-10-10 18:00:00,24,Beijing,Prophet,120.818182,0.0,test
2016-10-09 19:00:00,2016-10-10 19:00:00,24,Beijing,Prophet,127.909091,0.0,test
2016-10-09 20:00:00,2016-10-10 20:00:00,24,Beijing,Prophet,134.545455,0.0,test
2016-10-09 21:00:00,2016-10-10 21:00:00,24,Beijing,Prophet,140.0,0.0,test
2016-10-09 22:00:00,2016-10-10 22:00:00,24,Beijing,Prophet,146.636364,0.0,test
2016-10-09 23:00:00,2016-10-10 23:00:00,24,Beijing,Prophet,144.0,0.0,test
2016-10-10 00:00:00,2016-10-11 00:00:00,24,Beijing,Prophet,136.636364,0.0,test
2016-10-10 01:00:00,2016-10-11 01:00:00,24,Beijing,Prophet,134.727273,0.0,test
2016-10-10 02:00:00,2016-10-11 02:00:00,24,Beijing,Prophet,132.272727,0.0,test
2016-10-10 03:00:00,2016-10-11 03:00:00,24,Beijing,Prophet,126.909091,0.0,test
2016-10-10 04:00:00,2016-10-11 04:00:00,24,Beijing,Prophet,123.909091,0.0,test
2016-10-10 05:00:00,2016-10-11 05:00:00,24,Beijing,Prophet,118.454545,0.0,test
2016-10-10 06:00:00,2016-10-11 06:00:00,24,Beijing,Prophet,117.181818,0.0,test
2016-10-10 07:00:00,2016-10-11 07:00:00,24,Beijing,Prophet,116.454545,0.0,test
2016-10-10 08:00:00,2016-10-11 08:00:00,24,Beijing,Prophet,117.181818,0.0,test
2016-10-10 09:00:00,2016-10-11 09:00:00,24,Beijing,Prophet,113.636364,0.0,test
2016-10-10 10:00:00,2016-10-11 10:00:00,24,Beijing,Prophet,103.545455,0.0,test
2016-10-10 11:00:00,2016-10-11 11:00:00,24,Beijing,Prophet,103.636364,0.0,test
2016-10-10 12:00:00,2016-10-11 12:00:00,24,Beijing,Prophet,118.090909,0.0,test
2016-10-10 13:00:00,2016-10-11 13:00:00,24,Beijing,Prophet,129.818182,0.0,test
2016-10-10 14:00:00,2016-10-11 14:00:00,24,Beijing,Prophet,148.272727,0.0,test
2016-10-10 15:00:00,2016-10-11 15:00:00,24,Beijing,Prophet,150.909091,0.0,test
2016-10-10 16:00:00,2016-10-11 16:00:00,24,Beijing,Prophet,146.545455,0.0,test
2016-10-10 17:00:00,2016-10-11 17:00:00,24,Beijing,Prophet,125.181818,0.0,test
2016-10-10 18:00:00,2016-10-11 18:00:00,24,Beijing,Prophet,118.363636,0.0,test
2016-10-10 19:00:00,2016-10-11 19:00:00,24,Beijing,Prophet,116.454545,0.0,test
2016-10-10 20:00:00,2016-10-11 20:00:00,24,Beijing,Prophet,104.181818,0.0,test
2016-10-10 21:00:00,2016-10-11 21:00:00,24,Beijing,Prophet,86.454545,0.0,test
2016-10-10 22:00:00,2016-10-11 22:00:00,24,Beijing,Prophet,67.363636,0.0,test
2016-10-10 23:00:00,2016-10-11 23:00:00,24,Beijing,Prophet,57.272727,0.0,test
2016-10-11 00:00:00,2016-10-12 00:00:00,24,Beijing,Prophet,54.363636,0.0,test
2016-10-11 01:00:00,2016-10-12 01:00:00,24,Beijing,Prophet,54.636364,0.0,test
2016-10-11 02:00:00,2016-10-12 02:00:00,24,Beijing,Prophet,52.636364,0.0,test
2016-10-11 03:00:00,2016-10-12 03:00:00,24,Beijing,Prophet,49.363636,0.0,test
2016-10-11 04:00:00,2016-10-12 04:00:00,24,Beijing,Prophet,49.636364,0.0,test
2016-10-11 05:00:00,2016-10-12 05:00:00,24,Beijing,Prophet,54.090909,0.0,test
2016-10-11 06:00:00,2016-10-12 06:00:00,24,Beijing,Prophet,56.363636,0.0,test
2016-10-11 07:00:00,2016-10-12 07:00:00,24,Beijing,Prophet,57.454545,0.0,test
2016-10-11 08:00:00,2016-10-12 08:00:00,24,Beijing,Prophet,61.545455,0.0,test
2016-10-11 09:00:00,2016-10-12 09:00:00,24,Beijing,Prophet,62.545455,0.0,test
2016-10-11 10:00:00,2016-10-12 10:00:00,24,Beijing,Prophet,66.575758,0.0,test
2016-10-11 11:00:00,2016-10-12 11:00:00,24,Beijing,Prophet,70.878788,0.0,test
2016-10-11 12:00:00,2016-10-12 12:00:00,24,Beijing,Prophet,77.954545,0.0,test
2016-10-11 13:00:00,2016-10-12 13:00:00,24,Beijing,Prophet,87.181818,0.0,test
2016-10-11 14:00:00,2016-10-12 14:00:00,24,Beijing,Prophet,92.136364,0.0,test
2016-10-11 15:00:00,2016-10-12 15:00:00,24,Beijing,Prophet,96.454545,0.0,test
2016-10-11 16:00:00,2016-10-12 16:00:00,24,Beijing,Prophet,95.727273,0.0,test
2016-10-11 17:00:00,2016-10-12 17:00:00,24,Beijing,Prophet,87.545455,0.0,test
2016-10-11 18:00:00,2016-10-12 18:00:00,24,Beijing,Prophet,87.272727,0.0,test
2016-10-11 19:00:00,2016-10-12 19:00:00,24,Beijing,Prophet,94.0,0.0,test
2016-10-11 20:00:00,2016-10-12 20:00:00,24,Beijing,Prophet,102.272727,0.0,test
2016-10-11 21:00:00,2016-10-12 21:00:00,24,Beijing,Prophet,109.363636,0.0,test
2016-10-11 22:00:00,2016-10-12 22:00:00,24,Beijing,Prophet,117.454545,0.0,test
2016-10-11 23:00:00,2016-10-12 23:00:00,24,Beijing,Prophet,119.636364,0.0,test
2016-10-12 00:00:00,2016-10-13 00:00:00,24,Beijing,Prophet,119.545455,0.0,test
2016-10-12 01:00:00,2016-10-13 01:00:00,24,Beijing,Prophet,118.727273,0.0,test
2016-10-12 02:00:00,2016-10-13 02:00:00,24,Beijing,Prophet,117.272727,0.0,test
2016-10-12 03:00:00,2016-10-13 03:00:00,24,Beijing,Prophet,115.0,0.0,test
2016-10-12 04:00:00,2016-10-13 04:00:00,24,Beijing,Prophet,106.181818,0.0,test
2016-10-12 05:00:00,2016-10-13 05:00:00,24,Beijing,Prophet,101.0,0.0,test
2016-10-12 06:00:00,2016-10-13 06:00:00,24,Beijing,Prophet,100.545455,0.0,test
2016-10-12 07:00:00,2016-10-13 07:00:00,24,Beijing,Prophet,100.272727,0.0,test
2016-10-12 08:00:00,2016-10-13 08:00:00,24,Beijing,Prophet,103.363636,0.0,test
2016-10-12 09:00:00,2016-10-13 09:00:00,24,Beijing,Prophet,119.272727,0.0,test
2016-10-12 10:00:00,2016-10-13 10:00:00,24,Beijing,Prophet,132.181818,0.0,test
2016-10-12 11:00:00,2016-10-13 11:00:00,24,Beijing,Prophet,139.795455,0.0,test
2016-10-12 12:00:00,2016-10-13 12:00:00,24,Beijing,Prophet,151.681818,0.0,test
2016-10-12 13:00:00,2016-10-13 13:00:00,24,Beijing,Prophet,160.659091,0.0,test
2016-10-12 14:00:00,2016-10-13 14:00:00,24,Beijing,Prophet,165.181818,0.0,test
2016-10-12 15:00:00,2016-10-13 15:00:00,24,Beijing,Prophet,167.909091,0.0,test
2016-10-12 16:00:00,2016-10-13 16:00:00,24,Beijing,Prophet,159.727273,0.0,test
2016-10-12 17:00:00,2016-10-13 17:00:00,24,Beijing,Prophet,173.5,0.0,test
2016-10-12 18:00:00,2016-10-13 18:00:00,24,Beijing,Prophet,183.916667,0.0,test
2016-10-12 19:00:00,2016-10-13 19:00:00,24,Beijing,Prophet,203.833333,0.0,test
2016-10-12 20:00:00,2016-10-13 20:00:00,24,Beijing,Prophet,214.5,0.0,test
2016-10-12 21:00:00,2016-10-13 21:00:00,24,Beijing,Prophet,218.166667,0.0,test
2016-10-12 22:00:00,2016-10-13 22:00:00,24,Beijing,Prophet,215.833333,0.0,test
2016-10-12 23:00:00,2016-10-13 23:00:00,24,Beijing,Prophet,216.416667,0.0,test
2016-10-13 00:00:00,2016-10-14 00:00:00,24,Beijing,Prophet,212.333333,0.0,test
2016-10-13 01:00:00,2016-10-14 01:00:00,24,Beijing,Prophet,207.083333,0.0,test
2016-10-13 02:00:00,2016-10-14 02:00:00,24,Beijing,Prophet,202.25,0.0,test
2016-10-13 03:00:00,2016-10-14 03:00:00,24,Beijing,Prophet,195.5,0.0,test
2016-10-13 04:00:00,2016-10-14 04:00:00,24,Beijing,Prophet,194.25,0.0,test
2016-10-13 05:00:00,2016-10-14 05:00:00,24,Beijing,Prophet,187.833333,0.0,test
2016-10-13 06:00:00,2016-10-14 06:00:00,24,Beijing,Prophet,185.583333,0.0,test
2016-10-13 07:00:00,2016-10-14 07:00:00,24,Beijing,Prophet,178.75,0.0,test
2016-10-13 08:00:00,2016-10-14 08:00:00,24,Beijing,Prophet,176.333333,0.0,test
2016-10-13 09:00:00,2016-10-14 09:00:00,24,Beijing,Prophet,194.25,0.0,test
2016-10-13 10:00:00,2016-10-14 10:00:00,24,Beijing,Prophet,235.083333,0.0,test
2016-10-13 11:00:00,2016-10-14 11:00:00,24,Beijing,Prophet,262.194444,0.0,test
2016-10-13 12:00:00,2016-10-14 12:00:00,24,Beijing,Prophet,269.138889,0.0,test
2016-10-13 13:00:00,2016-10-14 13:00:00,24,Beijing,Prophet,271.820833,0.0,test
2016-10-13 14:00:00,2016-10-14 14:00:00,24,Beijing,Prophet,292.697222,0.0,test
2016-10-13 15:00:00,2016-10-14 15:00:00,24,Beijing,Prophet,287.284848,0.0,test
2016-10-13 16:00:00,2016-10-14 16:00:00,24,Beijing,Prophet,259.766667,0.0,test
2016-10-13 17:00:00,2016-10-14 17:00:00,24,Beijing,Prophet,233.916667,0.0,test
2016-10-13 18:00:00,2016-10-14 18:00:00,24,Beijing,Prophet,230.0,0.0,test
2016-10-13 19:00:00,2016-10-14 19:00:00,24,Beijing,Prophet,247.037037,0.0,test
2016-10-13 20:00:00,2016-10-14 20:00:00,24,Beijing,Prophet,265.851852,0.0,test
2016-10-13 21:00:00,2016-10-14 21:00:00,24,Beijing,Prophet,255.777778,0.0,test
2016-10-13 22:00:00,2016-10-14 22:00:00,24,Beijing,Prophet,253.259259,0.0,test
2016-10-13 23:00:00,2016-10-14 23:00:00,24,Beijing,Prophet,255.466667,0.0,test
2016-10-14 00:00:00,2016-10-15 00:00:00,24,Beijing,Prophet,250.333333,0.0,test
2016-10-14 01:00:00,2016-10-15 01:00:00,24,Beijing,Prophet,228.416667,0.0,test
2016-10-14 02:00:00,2016-10-15 02:00:00,24,Beijing,Prophet,221.291667,0.0,test
2016-10-14 03:00:00,2016-10-15 03:00:00,24,Beijing,Prophet,214.166667,0.0,test
2016-10-14 04:00:00,2016-10-15 04:00:00,24,Beijing,Prophet,210.5,0.0,test
2016-10-14 05:00:00,2016-10-15 05:00:00,24,Beijing,Prophet,204.666667,0.0,test
2016-10-14 06:00:00,2016-10-15 06:00:00,24,Beijing,Prophet,194.125,0.0,test
2016-10-14 07:00:00,2016-10-15 07:00:00,24,Beijing,Prophet,178.5,0.0,test
2016-10-14 08:00:00,2016-10-15 08:00:00,24,Beijing,Prophet,160.416667,0.0,test
2016-10-14 09:00:00,2016-10-15 09:00:00,24,Beijing,Prophet,161.166667,0.0,test
2016-10-14 10:00:00,2016-10-15 10:00:00,24,Beijing,Prophet,172.416667,0.0,test
2016-10-14 11:00:00,2016-10-15 11:00:00,24,Beijing,Prophet,183.666667,0.0,test
2016-10-14 12:00:00,2016-10-15 12:00:00,24,Beijing,Prophet,182.5,0.0,test
2016-10-14 13:00:00,2016-10-15 13:00:00,24,Beijing,Prophet,183.708333,0.0,test
2016-10-14 14:00:00,2016-10-15 14:00:00,24,Beijing,Prophet,188.916667,0.0,test
2016-10-14 15:00:00,2016-10-15 15:00:00,24,Beijing,Prophet,189.0,0.0,test
2016-10-14 16:00:00,2016-10-15 16:00:00,24,Beijing,Prophet,185.333333,0.0,test
2016-10-14 17:00:00,2016-10-15 17:00:00,24,Beijing,Prophet,184.916667,0.0,test
2016-10-14 18:00:00,2016-10-15 18:00:00,24,Beijing,Prophet,183.416667,0.0,test
2016-10-14 19:00:00,2016-10-15 19:00:00,24,Beijing,Prophet,186.75,0.0,test
2016-10-14 20:00:00,2016-10-15 20:00:00,24,Beijing,Prophet,187.25,0.0,test
2016-10-14 21:00:00,2016-10-15 21:00:00,24,Beijing,Prophet,183.833333,0.0,test
2016-10-14 22:00:00,2016-10-15 22:00:00,24,Beijing,Prophet,179.583333,0.0,test
2016-10-14 23:00:00,2016-10-15 23:00:00,24,Beijing,Prophet,173.25,0.0,test
2016-10-15 00:00:00,2016-10-16 00:00:00,24,Beijing,Prophet,170.75,0.0,test
2016-10-15 01:00:00,2016-10-16 01:00:00,24,Beijing,Prophet,150.416667,0.0,test
2016-10-15 02:00:00,2016-10-16 02:00:00,24,Beijing,Prophet,139.333333,0.0,test
2016-10-15 03:00:00,2016-10-16 03:00:00,24,Beijing,Prophet,127.083333,0.0,test
2016-10-15 04:00:00,2016-10-16 04:00:00,24,Beijing,Prophet,120.5,0.0,test
2016-10-15 05:00:00,2016-10-16 05:00:00,24,Beijing,Prophet,118.166667,0.0,test
2016-10-15 06:00:00,2016-10-16 06:00:00,24,Beijing,Prophet,117.166667,0.0,test
2016-10-15 07:00:00,2016-10-16 07:00:00,24,Beijing,Prophet,115.916667,0.0,test
2016-10-15 08:00:00,2016-10-16 08:00:00,24,Beijing,Prophet,117.083333,0.0,test
2016-10-15 09:00:00,2016-10-16 09:00:00,24,Beijing,Prophet,123.916667,0.0,test
2016-10-15 10:00:00,2016-10-16 10:00:00,24,Beijing,Prophet,136.583333,0.0,test
2016-10-15 11:00:00,2016-10-16 11:00:00,24,Beijing,Prophet,141.666667,0.0,test
2016-10-15 12:00:00,2016-10-16 12:00:00,24,Beijing,Prophet,135.916667,0.0,test
2016-10-15 13:00:00,2016-10-16 13:00:00,24,Beijing,Prophet,125.583333,0.0,test
2016-10-15 14:00:00,2016-10-16 14:00:00,24,Beijing,Prophet,110.75,0.0,test
2016-10-15 15:00:00,2016-10-16 15:00:00,24,Beijing,Prophet,99.083333,0.0,test
2016-10-15 16:00:00,2016-10-16 16:00:00,24,Beijing,Prophet,93.583333,0.0,test
2016-10-15 17:00:00,2016-10-16 17:00:00,24,Beijing,Prophet,90.75,0.0,test
2016-10-15 18:00:00,2016-10-16 18:00:00,24,Beijing,Prophet,93.75,0.0,test
2016-10-15 19:00:00,2016-10-16 19:00:00,24,Beijing,Prophet,100.916667,0.0,test
2016-10-15 20:00:00,2016-10-16 20:00:00,24,Beijing,Prophet,107.833333,0.0,test
2016-10-15 21:00:00,2016-10-16 21:00:00,24,Beijing,Prophet,113.166667,0.0,test
2016-10-15 22:00:00,2016-10-16 22:00:00,24,Beijing,Prophet,119.75,0.0,test
2016-10-15 23:00:00,2016-10-16 23:00:00,24,Beijing,Prophet,118.416667,0.0,test
2016-10-16 00:00:00,2016-10-17 00:00:00,24,Beijing,Prophet,118.583333,0.0,test
2016-10-16 01:00:00,2016-10-17 01:00:00,24,Beijing,Prophet,113.0,0.0,test
2016-10-16 02:00:00,2016-10-17 02:00:00,24,Beijing,Prophet,105.25,0.0,test
2016-10-16 03:00:00,2016-10-17 03:00:00,24,Beijing,Prophet,94.916667,0.0,test
2016-10-16 04:00:00,2016-10-17 04:00:00,24,Beijing,Prophet,84.916667,0.0,test
2016-10-16 05:00:00,2016-10-17 05:00:00,24,Beijing,Prophet,69.166667,0.0,test
2016-10-16 06:00:00,2016-10-17 06:00:00,24,Beijing,Prophet,48.083333,0.0,test
2016-10-16 07:00:00,2016-10-17 07:00:00,24,Beijing,Prophet,51.083333,0.0,test
2016-10-16 08:00:00,2016-10-17 08:00:00,24,Beijing,Prophet,54.833333,0.0,test
2016-10-16 09:00:00,2016-10-17 09:00:00,24,Beijing,Prophet,53.25,0.0,test
2016-10-16 10:00:00,2016-10-17 10:00:00,24,Beijing,Prophet,39.541667,0.0,test
2016-10-16 11:00:00,2016-10-17 11:00:00,24,Beijing,Prophet,26.5,0.0,test
2016-10-16 12:00:00,2016-10-17 12:00:00,24,Beijing,Prophet,27.25,0.0,test
2016-10-16 13:00:00,2016-10-17 13:00:00,24,Beijing,Prophet,25.5,0.0,test
2016-10-16 14:00:00,2016-10-17 14:00:00,24,Beijing,Prophet,24.5,0.0,test
2016-10-16 15:00:00,2016-10-17 15:00:00,24,Beijing,Prophet,25.916667,0.0,test
2016-10-16 16:00:00,2016-10-17 16:00:00,24,Beijing,Prophet,32.833333,0.0,test
2016-10-16 17:00:00,2016-10-17 17:00:00,24,Beijing,Prophet,40.166667,0.0,test
2016-10-16 18:00:00,2016-10-17 18:00:00,24,Beijing,Prophet,43.5,0.0,test
2016-10-16 19:00:00,2016-10-17 19:00:00,24,Beijing,Prophet,52.416667,0.0,test
2016-10-16 20:00:00,2016-10-17 20:00:00,24,Beijing,Prophet,57.083333,0.0,test
2016-10-16 21:00:00,2016-10-17 21:00:00,24,Beijing,Prophet,70.583333,0.0,test
2016-10-16 22:00:00,2016-10-17 22:00:00,24,Beijing,Prophet,90.333333,0.0,test
2016-10-16 23:00:00,2016-10-17 23:00:00,24,Beijing,Prophet,95.916667,0.0,test
2016-10-17 00:00:00,2016-10-18 00:00:00,24,Beijing,Prophet,100.75,0.0,test
2016-10-17 01:00:00,2016-10-18 01:00:00,24,Beijing,Prophet,96.916667,0.0,test
2016-10-17 02:00:00,2016-10-18 02:00:00,24,Beijing,Prophet,91.583333,0.0,test
2016-10-17 03:00:00,2016-10-18 03:00:00,24,Beijing,Prophet,84.166667,0.0,test
2016-10-17 04:00:00,2016-10-18 04:00:00,24,Beijing,Prophet,70.75,0.0,test
2016-10-17 05:00:00,2016-10-18 05:00:00,24,Beijing,Prophet,64.0,0.0,test
2016-10-17 06:00:00,2016-10-18 06:00:00,24,Beijing,Prophet,65.833333,0.0,test
2016-10-17 07:00:00,2016-10-18 07:00:00,24,Beijing,Prophet,68.0,0.0,test
2016-10-17 08:00:00,2016-10-18 08:00:00,24,Beijing,Prophet,72.666667,0.0,test
2016-10-17 09:00:00,2016-10-18 09:00:00,24,Beijing,Prophet,77.0,0.0,test
2016-10-17 10:00:00,2016-10-18 10:00:00,24,Beijing,Prophet,87.583333,0.0,test
2016-10-17 11:00:00,2016-10-18 11:00:00,24,Beijing,Prophet,98.083333,0.0,test
2016-10-17 12:00:00,2016-10-18 12:00:00,24,Beijing,Prophet,111.416667,0.0,test
2016-10-17 13:00:00,2016-10-18 13:00:00,24,Beijing,Prophet,121.916667,0.0,test
2016-10-17 14:00:00,2016-10-18 14:00:00,24,Beijing,Prophet,132.833333,0.0,test
2016-10-17 15:00:00,2016-10-18 15:00:00,24,Beijing,Prophet,141.361111,0.0,test
2016-10-17 16:00:00,2016-10-18 16:00:00,24,Beijing,Prophet,142.388889,0.0,test
2016-10-17 17:00:00,2016-10-18 17:00:00,24,Beijing,Prophet,146.333333,0.0,test
2016-10-17 18:00:00,2016-10-18 18:00:00,24,Beijing,Prophet,157.166667,0.0,test
2016-10-17 19:00:00,2016-10-18 19:00:00,24,Beijing,Prophet,167.333333,0.0,test
2016-10-17 20:00:00,2016-10-18 20:00:00,24,Beijing,Prophet,173.666667,0.0,test
2016-10-17 21:00:00,2016-10-18 21:00:00,24,Beijing,Prophet,178.833333,0.0,test
2016-10-17 22:00:00,2016-10-18 22:00:00,24,Beijing,Prophet,183.166667,0.0,test
2016-10-17 23:00:00,2016-10-18 23:00:00,24,Beijing,Prophet,189.166667,0.0,test
2016-10-18 00:00:00,2016-10-19 00:00:00,24,Beijing,Prophet,185.166667,0.0,test
2016-10-18 01:00:00,2016-10-19 01:00:00,24,Beijing,Prophet,188.75,0.0,test
2016-10-18 02:00:00,2016-10-19 02:00:00,24,Beijing,Prophet,186.166667,0.0,test
2016-10-18 03:00:00,2016-10-19 03:00:00,24,Beijing,Prophet,189.0,0.0,test
2016-10-18 04:00:00,2016-10-19 04:00:00,24,Beijing,Prophet,191.291667,0.0,test
2016-10-18 05:00:00,2016-10-19 05:00:00,24,Beijing,Prophet,185.25,0.0,test
2016-10-18 06:00:00,2016-10-19 06:00:00,24,Beijing,Prophet,176.666667,0.0,test
2016-10-18 07:00:00,2016-10-19 07:00:00,24,Beijing,Prophet,173.166667,0.0,test
2016-10-18 08:00:00,2016-10-19 08:00:00,24,Beijing,Prophet,172.25,0.0,test
2016-10-18 09:00:00,2016-10-19 09:00:00,24,Beijing,Prophet,195.5,0.0,test
2016-10-18 10:00:00,2016-10-19 10:00:00,24,Beijing,Prophet,218.083333,0.0,test
2016-10-18 11:00:00,2016-10-19 11:00:00,24,Beijing,Prophet,230.25,0.0,test
2016-10-18 12:00:00,2016-10-19 12:00:00,24,Beijing,Prophet,237.916667,0.0,test
2016-10-18 13:00:00,2016-10-19 13:00:00,24,Beijing,Prophet,249.416667,0.0,test
2016-10-18 14:00:00,2016-10-19 14:00:00,24,Beijing,Prophet,272.958333,0.0,test
2016-10-18 15:00:00,2016-10-19 15:00:00,24,Beijing,Prophet,270.083333,0.0,test
2016-10-18 16:00:00,2016-10-19 16:00:00,24,Beijing,Prophet,257.541667,0.0,test
2016-10-18 17:00:00,2016-10-19 17:00:00,24,Beijing,Prophet,266.416667,0.0,test
2016-10-18 18:00:00,2016-10-19 18:00:00,24,Beijing,Prophet,261.083333,0.0,test
2016-10-18 19:00:00,2016-10-19 19:00:00,24,Beijing,Prophet,255.166667,0.0,test
2016-10-18 20:00:00,2016-10-19 20:00:00,24,Beijing,Prophet,247.916667,0.0,test
2016-10-18 21:00:00,2016-10-19 21:00:00,24,Beijing,Prophet,235.75,0.0,test
2016-10-18 22:00:00,2016-10-19 22:00:00,24,Beijing,Prophet,231.666667,0.0,test
2016-10-18 23:00:00,2016-10-19 23:00:00,24,Beijing,Prophet,228.583333,0.0,test
2016-10-19 00:00:00,2016-10-20 00:00:00,24,Beijing,Prophet,225.5,0.0,test
2016-10-19 01:00:00,2016-10-20 01:00:00,24,Beijing,Prophet,223.416667,0.0,test
2016-10-19 02:00:00,2016-10-20 02:00:00,24,Beijing,Prophet,232.416667,0.0,test
2016-10-19 03:00:00,2016-10-20 03:00:00,24,Beijing,Prophet,241.0,0.0,test
2016-10-19 04:00:00,2016-10-20 04:00:00,24,Beijing,Prophet,241.75,0.0,test
2016-10-19 05:00:00,2016-10-20 05:00:00,24,Beijing,Prophet,235.75,0.0,test
2016-10-19 06:00:00,2016-10-20 06:00:00,24,Beijing,Prophet,140.25,0.0,test
2016-10-19 07:00:00,2016-10-20 07:00:00,24,Beijing,Prophet,70.5,0.0,test
2016-10-19 08:00:00,2016-10-20 08:00:00,24,Beijing,Prophet,51.333333,0.0,test
2016-10-19 09:00:00,2016-10-20 09:00:00,24,Beijing,Prophet,44.583333,0.0,test
2016-10-19 10:00:00,2016-10-20 10:00:00,24,Beijing,Prophet,43.833333,0.0,test
2016-10-19 11:00:00,2016-10-20 11:00:00,24,Beijing,Prophet,39.416667,0.0,test
2016-10-19 12:00:00,2016-10-20 12:00:00,24,Beijing,Prophet,38.833333,0.0,test
2016-10-19 13:00:00,2016-10-20 13:00:00,24,Beijing,Prophet,39.416667,0.0,test
2016-10-19 14:00:00,2016-10-20 14:00:00,24,Beijing,Prophet,40.5,0.0,test
2016-10-19 15:00:00,2016-10-20 15:00:00,24,Beijing,Prophet,39.833333,0.0,test
2016-10-19 16:00:00,2016-10-20 16:00:00,24,Beijing,Prophet,39.416667,0.0,test
2016-10-19 17:00:00,2016-10-20 17:00:00,24,Beijing,Prophet,41.583333,0.0,test
2016-10-19 18:00:00,2016-10-20 18:00:00,24,Beijing,Prophet,46.25,0.0,test
2016-10-19 19:00:00,2016-10-20 19:00:00,24,Beijing,Prophet,45.333333,0.0,test
2016-10-19 20:00:00,2016-10-20 20:00:00,24,Beijing,Prophet,45.0,0.0,test
2016-10-19 21:00:00,2016-10-20 21:00:00,24,Beijing,Prophet,41.5,0.0,test
2016-10-19 22:00:00,2016-10-20 22:00:00,24,Beijing,Prophet,40.25,0.0,test
2016-10-19 23:00:00,2016-10-20 23:00:00,24,Beijing,Prophet,38.833333,0.0,test
2016-10-20 00:00:00,2016-10-21 00:00:00,24,Beijing,Prophet,36.833333,0.0,test
2016-10-20 01:00:00,2016-10-21 01:00:00,24,Beijing,Prophet,36.583333,0.0,test
2016-10-20 02:00:00,2016-10-21 02:00:00,24,Beijing,Prophet,36.166667,0.0,test
2016-10-20 03:00:00,2016-10-21 03:00:00,24,Beijing,Prophet,38.333333,0.0,test
2016-10-20 04:00:00,2016-10-21 04:00:00,24,Beijing,Prophet,40.833333,0.0,test
2016-10-20 05:00:00,2016-10-21 05:00:00,24,Beijing,Prophet,41.5,0.0,test
2016-10-20 06:00:00,2016-10-21 06:00:00,24,Beijing,Prophet,41.5,0.0,test
2016-10-20 07:00:00,2016-10-21 07:00:00,24,Beijing,Prophet,41.333333,0.0,test
2016-10-20 08:00:00,2016-10-21 08:00:00,24,Beijing,Prophet,40.583333,0.0,test
2016-10-20 09:00:00,2016-10-21 09:00:00,24,Beijing,Prophet,41.75,0.0,test
2016-10-20 10:00:00,2016-10-21 10:00:00,24,Beijing,Prophet,46.333333,0.0,test
2016-10-20 11:00:00,2016-10-21 11:00:00,24,Beijing,Prophet,49.416667,0.0,test
2016-10-20 12:00:00,2016-10-21 12:00:00,24,Beijing,Prophet,51.25,0.0,test
2016-10-20 13:00:00,2016-10-21 13:00:00,24,Beijing,Prophet,54.5,0.0,test
2016-10-20 14:00:00,2016-10-21 14:00:00,24,Beijing,Prophet,56.583333,0.0,test
2016-10-20 15:00:00,2016-10-21 15:00:00,24,Beijing,Prophet,57.5,0.0,test
2016-10-20 16:00:00,2016-10-21 16:00:00,24,Beijing,Prophet,54.75,0.0,test
2016-10-20 17:00:00,2016-10-21 17:00:00,24,Beijing,Prophet,48.333333,0.0,test
2016-10-20 18:00:00,2016-10-21 18:00:00,24,Beijing,Prophet,42.833333,0.0,test
2016-10-20 19:00:00,2016-10-21 19:00:00,24,Beijing,Prophet,39.75,0.0,test
2016-10-20 20:00:00,2016-10-21 20:00:00,24,Beijing,Prophet,40.083333,0.0,test
2016-10-20 21:00:00,2016-10-21 21:00:00,24,Beijing,Prophet,34.166667,0.0,test
2016-10-20 22:00:00,2016-10-21 22:00:00,24,Beijing,Prophet,32.75,0.0,test
2016-10-20 23:00:00,2016-10-21 23:00:00,24,Beijing,Prophet,31.5,0.0,test
2016-10-21 00:00:00,2016-10-22 00:00:00,24,Beijing,Prophet,29.083333,0.0,test
2016-10-21 01:00:00,2016-10-22 01:00:00,24,Beijing,Prophet,27.666667,0.0,test
2016-10-21 02:00:00,2016-10-22 02:00:00,24,Beijing,Prophet,25.666667,0.0,test
2016-10-21 03:00:00,2016-10-22 03:00:00,24,Beijing,Prophet,22.833333,0.0,test
2016-10-21 04:00:00,2016-10-22 04:00:00,24,Beijing,Prophet,19.083333,0.0,test
2016-10-21 05:00:00,2016-10-22 05:00:00,24,Beijing,Prophet,16.083333,0.0,test
2016-10-21 06:00:00,2016-10-22 06:00:00,24,Beijing,Prophet,16.333333,0.0,test
2016-10-21 07:00:00,2016-10-22 07:00:00,24,Beijing,Prophet,11.333333,0.0,test
2016-10-21 08:00:00,2016-10-22 08:00:00,24,Beijing,Prophet,9.666667,0.0,test
2016-10-21 09:00:00,2016-10-22 09:00:00,24,Beijing,Prophet,10.833333,0.0,test
2016-10-21 10:00:00,2016-10-22 10:00:00,24,Beijing,Prophet,8.5,0.0,test
2016-10-21 11:00:00,2016-10-22 11:00:00,24,Beijing,Prophet,6.416667,0.0,test
2016-10-21 12:00:00,2016-10-22 12:00:00,24,Beijing,Prophet,5.916667,0.0,test
2016-10-21 13:00:00,2016-10-22 13:00:00,24,Beijing,Prophet,7.916667,0.0,test
2016-10-21 14:00:00,2016-10-22 14:00:00,24,Beijing,Prophet,9.916667,0.0,test
2016-10-21 15:00:00,2016-10-22 15:00:00,24,Beijing,Prophet,7.083333,0.0,test
2016-10-21 16:00:00,2016-10-22 16:00:00,24,Beijing,Prophet,10.0,0.0,test
2016-10-21 17:00:00,2016-10-22 17:00:00,24,Beijing,Prophet,9.25,0.0,test
2016-10-21 18:00:00,2016-10-22 18:00:00,24,Beijing,Prophet,11.0,0.0,test
2016-10-21 19:00:00,2016-10-22 19:00:00,24,Beijing,Prophet,13.833333,0.0,test
2016-10-21 20:00:00,2016-10-22 20:00:00,24,Beijing,Prophet,14.25,0.0,test
2016-10-21 21:00:00,2016-10-22 21:00:00,24,Beijing,Prophet,15.666667,0.0,test
2016-10-21 22:00:00,2016-10-22 22:00:00,24,Beijing,Prophet,17.75,0.0,test
2016-10-21 23:00:00,2016-10-22 23:00:00,24,Beijing,Prophet,21.5,0.0,test
2016-10-22 00:00:00,2016-10-23 00:00:00,24,Beijing,Prophet,21.833333,0.0,test
2016-10-22 01:00:00,2016-10-23 01:00:00,24,Beijing,Prophet,21.416667,0.0,test
2016-10-22 02:00:00,2016-10-23 02:00:00,24,Beijing,Prophet,23.583333,0.0,test
2016-10-22 03:00:00,2016-10-23 03:00:00,24,Beijing,Prophet,26.25,0.0,test
2016-10-22 04:00:00,2016-10-23 04:00:00,24,Beijing,Prophet,22.166667,0.0,test
2016-10-22 05:00:00,2016-10-23 05:00:00,24,Beijing,Prophet,23.5,0.0,test
2016-10-22 06:00:00,2016-10-23 06:00:00,24,Beijing,Prophet,22.416667,0.0,test
2016-10-22 07:00:00,2016-10-23 07:00:00,24,Beijing,Prophet,22.833333,0.0,test
2016-10-22 08:00:00,2016-10-23 08:00:00,24,Beijing,Prophet,23.416667,0.0,test
2016-10-22 09:00:00,2016-10-23 09:00:00,24,Beijing,Prophet,22.0,0.0,test
2016-10-22 10:00:00,2016-10-23 10:00:00,24,Beijing,Prophet,21.333333,0.0,test
2016-10-22 11:00:00,2016-10-23 11:00:00,24,Beijing,Prophet,21.333333,0.0,test
2016-10-22 12:00:00,2016-10-23 12:00:00,24,Beijing,Prophet,21.583333,0.0,test
2016-10-22 13:00:00,2016-10-23 13:00:00,24,Beijing,Prophet,23.25,0.0,test
2016-10-22 14:00:00,2016-10-23 14:00:00,24,Beijing,Prophet,23.5,0.0,test
2016-10-22 15:00:00,2016-10-23 15:00:00,24,Beijing,Prophet,25.0,0.0,test
2016-10-22 16:00:00,2016-10-23 16:00:00,24,Beijing,Prophet,26.75,0.0,test
2016-10-22 17:00:00,2016-10-23 17:00:00,24,Beijing,Prophet,27.416667,0.0,test
2016-10-22 18:00:00,2016-10-23 18:00:00,24,Beijing,Prophet,27.75,0.0,test
2016-10-22 19:00:00,2016-10-23 19:00:00,24,Beijing,Prophet,33.083333,0.0,test
2016-10-22 20:00:00,2016-10-23 20:00:00,24,Beijing,Prophet,35.416667,0.0,test
2016-10-22 21:00:00,2016-10-23 21:00:00,24,Beijing,Prophet,37.333333,0.0,test
2016-10-22 22:00:00,2016-10-23 22:00:00,24,Beijing,Prophet,42.166667,0.0,test
2016-10-22 23:00:00,2016-10-23 23:00:00,24,Beijing,Prophet,42.25,0.0,test
2016-10-23 00:00:00,2016-10-24 00:00:00,24,Beijing,Prophet,45.25,0.0,test
2016-10-23 01:00:00,2016-10-24 01:00:00,24,Beijing,Prophet,47.916667,0.0,test
2016-10-23 02:00:00,2016-10-24 02:00:00,24,Beijing,Prophet,45.083333,0.0,test
2016-10-23 03:00:00,2016-10-24 03:00:00,24,Beijing,Prophet,42.833333,0.0,test
2016-10-23 04:00:00,2016-10-24 04:00:00,24,Beijing,Prophet,43.416667,0.0,test
2016-10-23 05:00:00,2016-10-24 05:00:00,24,Beijing,Prophet,41.666667,0.0,test
2016-10-23 06:00:00,2016-10-24 06:00:00,24,Beijing,Prophet,37.333333,0.0,test
2016-10-23 07:00:00,2016-10-24 07:00:00,24,Beijing,Prophet,33.5,0.0,test
2016-10-23 08:00:00,2016-10-24 08:00:00,24,Beijing,Prophet,30.5,0.0,test
2016-10-23 09:00:00,2016-10-24 09:00:00,24,Beijing,Prophet,34.583333,0.0,test
2016-10-23 10:00:00,2016-10-24 10:00:00,24,Beijing,Prophet,42.333333,0.0,test
2016-10-23 11:00:00,2016-10-24 11:00:00,24,Beijing,Prophet,49.0,0.0,test
2016-10-23 12:00:00,2016-10-24 12:00:00,24,Beijing,Prophet,56.666667,0.0,test
2016-10-23 13:00:00,2016-10-24 13:00:00,24,Beijing,Prophet,66.583333,0.0,test
2016-10-23 14:00:00,2016-10-24 14:00:00,24,Beijing,Prophet,74.416667,0.0,test
2016-10-23 15:00:00,2016-10-24 15:00:00,24,Beijing,Prophet,78.333333,0.0,test
2016-10-23 16:00:00,2016-10-24 16:00:00,24,Beijing,Prophet,78.0,0.0,test
2016-10-23 17:00:00,2016-10-24 17:00:00,24,Beijing,Prophet,84.583333,0.0,test
2016-10-23 18:00:00,2016-10-24 18:00:00,24,Beijing,Prophet,81.916667,0.0,test
2016-10-23 19:00:00,2016-10-24 19:00:00,24,Beijing,Prophet,85.5,0.0,test
2016-10-23 20:00:00,2016-10-24 20:00:00,24,Beijing,Prophet,93.333333,0.0,test
2016-10-23 21:00:00,2016-10-24 21:00:00,24,Beijing,Prophet,95.583333,0.0,test
2016-10-23 22:00:00,2016-10-24 22:00:00,24,Beijing,Prophet,92.25,0.0,test
2016-10-23 23:00:00,2016-10-24 23:00:00,24,Beijing,Prophet,89.666667,0.0,test
2016-10-24 00:00:00,2016-10-25 00:00:00,24,Beijing,Prophet,87.833333,0.0,test
2016-10-24 01:00:00,2016-10-25 01:00:00,24,Beijing,Prophet,86.083333,0.0,test
2016-10-24 02:00:00,2016-10-25 02:00:00,24,Beijing,Prophet,82.75,0.0,test
2016-10-24 03:00:00,2016-10-25 03:00:00,24,Beijing,Prophet,78.916667,0.0,test
2016-10-24 04:00:00,2016-10-25 04:00:00,24,Beijing,Prophet,74.916667,0.0,test
2016-10-24 05:00:00,2016-10-25 05:00:00,24,Beijing,Prophet,70.5,0.0,test
2016-10-24 06:00:00,2016-10-25 06:00:00,24,Beijing,Prophet,63.166667,0.0,test
2016-10-24 07:00:00,2016-10-25 07:00:00,24,Beijing,Prophet,62.833333,0.0,test
2016-10-24 08:00:00,2016-10-25 08:00:00,24,Beijing,Prophet,65.666667,0.0,test
2016-10-24 09:00:00,2016-10-25 09:00:00,24,Beijing,Prophet,76.0,0.0,test
2016-10-24 10:00:00,2016-10-25 10:00:00,24,Beijing,Prophet,86.166667,0.0,test
2016-10-24 11:00:00,2016-10-25 11:00:00,24,Beijing,Prophet,94.694444,0.0,test
2016-10-24 12:00:00,2016-10-25 12:00:00,24,Beijing,Prophet,95.180556,0.0,test
2016-10-24 13:00:00,2016-10-25 13:00:00,24,Beijing,Prophet,106.0,0.0,test
2016-10-24 14:00:00,2016-10-25 14:00:00,24,Beijing,Prophet,125.833333,0.0,test
2016-10-24 15:00:00,2016-10-25 15:00:00,24,Beijing,Prophet,126.75,0.0,test
2016-10-24 16:00:00,2016-10-25 16:00:00,24,Beijing,Prophet,106.0,0.0,test
2016-10-24 17:00:00,2016-10-25 17:00:00,24,Beijing,Prophet,108.583333,0.0,test
2016-10-24 18:00:00,2016-10-25 18:00:00,24,Beijing,Prophet,106.416667,0.0,test
2016-10-24 19:00:00,2016-10-25 19:00:00,24,Beijing,Prophet,112.5,0.0,test
2016-10-24 20:00:00,2016-10-25 20:00:00,24,Beijing,Prophet,122.833333,0.0,test
2016-10-24 21:00:00,2016-10-25 21:00:00,24,Beijing,Prophet,130.666667,0.0,test
2016-10-24 22:00:00,2016-10-25 22:00:00,24,Beijing,Prophet,129.166667,0.0,test
2016-10-24 23:00:00,2016-10-25 23:00:00,24,Beijing,Prophet,125.083333,0.0,test
2016-10-25 00:00:00,2016-10-26 00:00:00,24,Beijing,Prophet,120.5,0.0,test
2016-10-25 01:00:00,2016-10-26 01:00:00,24,Beijing,Prophet,113.5,0.0,test
2016-10-25 02:00:00,2016-10-26 02:00:00,24,Beijing,Prophet,119.166667,0.0,test
2016-10-25 03:00:00,2016-10-26 03:00:00,24,Beijing,Prophet,111.5,0.0,test
2016-10-25 04:00:00,2016-10-26 04:00:00,24,Beijing,Prophet,100.666667,0.0,test
2016-10-25 05:00:00,2016-10-26 05:00:00,24,Beijing,Prophet,81.916667,0.0,test
2016-10-25 06:00:00,2016-10-26 06:00:00,24,Beijing,Prophet,47.75,0.0,test
2016-10-25 07:00:00,2016-10-26 07:00:00,24,Beijing,Prophet,21.916667,0.0,test
2016-10-25 08:00:00,2016-10-26 08:00:00,24,Beijing,Prophet,12.833333,0.0,test
2016-10-25 09:00:00,2016-10-26 09:00:00,24,Beijing,Prophet,13.583333,0.0,test
2016-10-25 10:00:00,2016-10-26 10:00:00,24,Beijing,Prophet,14.625,0.0,test
2016-10-25 11:00:00,2016-10-26 11:00:00,24,Beijing,Prophet,10.666667,0.0,test
2016-10-25 12:00:00,2016-10-26 12:00:00,24,Beijing,Prophet,9.166667,0.0,test
2016-10-25 13:00:00,2016-10-26 13:00:00,24,Beijing,Prophet,12.333333,0.0,test
2016-10-25 14:00:00,2016-10-26 14:00:00,24,Beijing,Prophet,18.818182,0.0,test
2016-10-25 15:00:00,2016-10-26 15:00:00,24,Beijing,Prophet,25.818182,0.0,test
2016-10-25 16:00:00,2016-10-26 16:00:00,24,Beijing,Prophet,27.181818,0.0,test
2016-10-25 17:00:00,2016-10-26 17:00:00,24,Beijing,Prophet,21.454545,0.0,test
2016-10-25 18:00:00,2016-10-26 18:00:00,24,Beijing,Prophet,26.363636,0.0,test
2016-10-25 19:00:00,2016-10-26 19:00:00,24,Beijing,Prophet,26.727273,0.0,test
2016-10-25 20:00:00,2016-10-26 20:00:00,24,Beijing,Prophet,29.545455,0.0,test
2016-10-25 21:00:00,2016-10-26 21:00:00,24,Beijing,Prophet,28.454545,0.0,test
2016-10-25 22:00:00,2016-10-26 22:00:00,24,Beijing,Prophet,30.454545,0.0,test
2016-10-25 23:00:00,2016-10-26 23:00:00,24,Beijing,Prophet,28.272727,0.0,test
2016-10-26 00:00:00,2016-10-27 00:00:00,24,Beijing,Prophet,28.090909,0.0,test
2016-10-26 01:00:00,2016-10-27 01:00:00,24,Beijing,Prophet,27.181818,0.0,test
2016-10-26 02:00:00,2016-10-27 02:00:00,24,Beijing,Prophet,23.818182,0.0,test
2016-10-26 03:00:00,2016-10-27 03:00:00,24,Beijing,Prophet,20.818182,0.0,test
2016-10-26 04:00:00,2016-10-27 04:00:00,24,Beijing,Prophet,19.181818,0.0,test
2016-10-26 05:00:00,2016-10-27 05:00:00,24,Beijing,Prophet,18.454545,0.0,test
2016-10-26 06:00:00,2016-10-27 06:00:00,24,Beijing,Prophet,19.818182,0.0,test
2016-10-26 07:00:00,2016-10-27 07:00:00,24,Beijing,Prophet,23.090909,0.0,test
2016-10-26 08:00:00,2016-10-27 08:00:00,24,Beijing,Prophet,27.0,0.0,test
2016-10-26 09:00:00,2016-10-27 09:00:00,24,Beijing,Prophet,31.363636,0.0,test
2016-10-26 10:00:00,2016-10-27 10:00:00,24,Beijing,Prophet,36.818182,0.0,test
2016-10-26 11:00:00,2016-10-27 11:00:00,24,Beijing,Prophet,38.363636,0.0,test
2016-10-26 12:00:00,2016-10-27 12:00:00,24,Beijing,Prophet,42.80303,0.0,test
2016-10-26 13:00:00,2016-10-27 13:00:00,24,Beijing,Prophet,45.787879,0.0,test
2016-10-26 14:00:00,2016-10-27 14:00:00,24,Beijing,Prophet,44.318182,0.0,test
2016-10-26 15:00:00,2016-10-27 15:00:00,24,Beijing,Prophet,45.666667,0.0,test
2016-10-26 16:00:00,2016-10-27 16:00:00,24,Beijing,Prophet,43.560606,0.0,test
2016-10-26 17:00:00,2016-10-27 17:00:00,24,Beijing,Prophet,39.416667,0.0,test
2016-10-26 18:00:00,2016-10-27 18:00:00,24,Beijing,Prophet,36.194444,0.0,test
2016-10-26 19:00:00,2016-10-27 19:00:00,24,Beijing,Prophet,32.055556,0.0,test
2016-10-26 20:00:00,2016-10-27 20:00:00,24,Beijing,Prophet,28.333333,0.0,test
2016-10-26 21:00:00,2016-10-27 21:00:00,24,Beijing,Prophet,23.909091,0.0,test
2016-10-26 22:00:00,2016-10-27 22:00:00,24,Beijing,Prophet,20.636364,0.0,test
2016-10-26 23:00:00,2016-10-27 23:00:00,24,Beijing,Prophet,19.090909,0.0,test
2016-10-27 00:00:00,2016-10-28 00:00:00,24,Beijing,Prophet,18.272727,0.0,test
2016-10-27 01:00:00,2016-10-28 01:00:00,24,Beijing,Prophet,17.727273,0.0,test
2016-10-27 02:00:00,2016-10-28 02:00:00,24,Beijing,Prophet,17.0,0.0,test
2016-10-27 03:00:00,2016-10-28 03:00:00,24,Beijing,Prophet,18.727273,0.0,test
2016-10-27 04:00:00,2016-10-28 04:00:00,24,Beijing,Prophet,13.0,0.0,test
2016-10-27 05:00:00,2016-10-28 05:00:00,24,Beijing,Prophet,12.272727,0.0,test
2016-10-27 06:00:00,2016-10-28 06:00:00,24,Beijing,Prophet,9.363636,0.0,test
2016-10-27 07:00:00,2016-10-28 07:00:00,24,Beijing,Prophet,12.454545,0.0,test
2016-10-27 08:00:00,2016-10-28 08:00:00,24,Beijing,Prophet,7.272727,0.0,test
2016-10-27 09:00:00,2016-10-28 09:00:00,24,Beijing,Prophet,9.363636,0.0,test
2016-10-27 10:00:00,2016-10-28 10:00:00,24,Beijing,Prophet,6.666667,0.0,test
2016-10-27 11:00:00,2016-10-28 11:00:00,24,Beijing,Prophet,6.361111,0.0,test
2016-10-27 12:00:00,2016-10-28 12:00:00,24,Beijing,Prophet,7.555556,0.0,test
2016-10-27 13:00:00,2016-10-28 13:00:00,24,Beijing,Prophet,4.833333,0.0,test
2016-10-27 14:00:00,2016-10-28 14:00:00,24,Beijing,Prophet,5.666667,0.0,test
2016-10-27 15:00:00,2016-10-28 15:00:00,24,Beijing,Prophet,5.75,0.0,test
2016-10-27 16:00:00,2016-10-28 16:00:00,24,Beijing,Prophet,5.666667,0.0,test
2016-10-27 17:00:00,2016-10-28 17:00:00,24,Beijing,Prophet,6.0,0.0,test
2016-10-27 18:00:00,2016-10-28 18:00:00,24,Beijing,Prophet,6.75,0.0,test
2016-10-27 19:00:00,2016-10-28 19:00:00,24,Beijing,Prophet,10.916667,0.0,test
2016-10-27 20:00:00,2016-10-28 20:00:00,24,Beijing,Prophet,14.75,0.0,test
2016-10-27 21:00:00,2016-10-28 21:00:00,24,Beijing,Prophet,16.25,0.0,test
2016-10-27 22:00:00,2016-10-28 22:00:00,24,Beijing,Prophet,16.416667,0.0,test
2016-10-27 23:00:00,2016-10-28 23:00:00,24,Beijing,Prophet,20.333333,0.0,test
2016-10-28 00:00:00,2016-10-29 00:00:00,24,Beijing,Prophet,22.916667,0.0,test
2016-10-28 01:00:00,2016-10-29 01:00:00,24,Beijing,Prophet,21.666667,0.0,test
2016-10-28 02:00:00,2016-10-29 02:00:00,24,Beijing,Prophet,17.333333,0.0,test
2016-10-28 03:00:00,2016-10-29 03:00:00,24,Beijing,Prophet,12.916667,0.0,test
2016-10-28 04:00:00,2016-10-29 04:00:00,24,Beijing,Prophet,14.25,0.0,test
2016-10-28 05:00:00,2016-10-29 05:00:00,24,Beijing,Prophet,11.916667,0.0,test
2016-10-28 06:00:00,2016-10-29 06:00:00,24,Beijing,Prophet,13.5,0.0,test
2016-10-28 07:00:00,2016-10-29 07:00:00,24,Beijing,Prophet,13.916667,0.0,test
2016-10-28 08:00:00,2016-10-29 08:00:00,24,Beijing,Prophet,15.0,0.0,test
2016-10-28 09:00:00,2016-10-29 09:00:00,24,Beijing,Prophet,16.833333,0.0,test
2016-10-28 10:00:00,2016-10-29 10:00:00,24,Beijing,Prophet,17.333333,0.0,test
2016-10-28 11:00:00,2016-10-29 11:00:00,24,Beijing,Prophet,19.416667,0.0,test
2016-10-28 12:00:00,2016-10-29 12:00:00,24,Beijing,Prophet,20.5,0.0,test
2016-10-28 13:00:00,2016-10-29 13:00:00,24,Beijing,Prophet,25.0,0.0,test
2016-10-28 14:00:00,2016-10-29 14:00:00,24,Beijing,Prophet,24.416667,0.0,test
2016-10-28 15:00:00,2016-10-29 15:00:00,24,Beijing,Prophet,26.916667,0.0,test
2016-10-28 16:00:00,2016-10-29 16:00:00,24,Beijing,Prophet,25.25,0.0,test
2016-10-28 17:00:00,2016-10-29 17:00:00,24,Beijing,Prophet,24.75,0.0,test
2016-10-28 18:00:00,2016-10-29 18:00:00,24,Beijing,Prophet,28.166667,0.0,test
2016-10-28 19:00:00,2016-10-29 19:00:00,24,Beijing,Prophet,34.833333,0.0,test
2016-10-28 20:00:00,2016-10-29 20:00:00,24,Beijing,Prophet,41.666667,0.0,test
2016-10-28 21:00:00,2016-10-29 21:00:00,24,Beijing,Prophet,42.083333,0.0,test
2016-10-28 22:00:00,2016-10-29 22:00:00,24,Beijing,Prophet,43.833333,0.0,test
2016-10-28 23:00:00,2016-10-29 23:00:00,24,Beijing,Prophet,45.5,0.0,test
2016-10-29 00:00:00,2016-10-30 00:00:00,24,Beijing,Prophet,48.0,0.0,test
2016-10-29 01:00:00,2016-10-30 01:00:00,24,Beijing,Prophet,47.333333,0.0,test
2016-10-29 02:00:00,2016-10-30 02:00:00,24,Beijing,Prophet,50.708333,0.0,test
2016-10-29 03:00:00,2016-10-30 03:00:00,24,Beijing,Prophet,51.583333,0.0,test
2016-10-29 04:00:00,2016-10-30 04:00:00,24,Beijing,Prophet,52.25,0.0,test
2016-10-29 05:00:00,2016-10-30 05:00:00,24,Beijing,Prophet,54.5,0.0,test
2016-10-29 06:00:00,2016-10-30 06:00:00,24,Beijing,Prophet,58.916667,0.0,test
2016-10-29 07:00:00,2016-10-30 07:00:00,24,Beijing,Prophet,60.416667,0.0,test
2016-10-29 08:00:00,2016-10-30 08:00:00,24,Beijing,Prophet,63.833333,0.0,test
2016-10-29 09:00:00,2016-10-30 09:00:00,24,Beijing,Prophet,72.583333,0.0,test
2016-10-29 10:00:00,2016-10-30 10:00:00,24,Beijing,Prophet,74.5,0.0,test
2016-10-29 11:00:00,2016-10-30 11:00:00,24,Beijing,Prophet,81.166667,0.0,test
2016-10-29 12:00:00,2016-10-30 12:00:00,24,Beijing,Prophet,84.708333,0.0,test
2016-10-29 13:00:00,2016-10-30 13:00:00,24,Beijing,Prophet,87.083333,0.0,test
2016-10-29 14:00:00,2016-10-30 14:00:00,24,Beijing,Prophet,77.75,0.0,test
2016-10-29 15:00:00,2016-10-30 15:00:00,24,Beijing,Prophet,39.083333,0.0,test
2016-10-29 16:00:00,2016-10-30 16:00:00,24,Beijing,Prophet,11.416667,0.0,test
2016-10-29 17:00:00,2016-10-30 17:00:00,24,Beijing,Prophet,7.25,0.0,test
2016-10-29 18:00:00,2016-10-30 18:00:00,24,Beijing,Prophet,7.333333,0.0,test
2016-10-29 19:00:00,2016-10-30 19:00:00,24,Beijing,Prophet,6.583333,0.0,test
2016-10-29 20:00:00,2016-10-30 20:00:00,24,Beijing,Prophet,6.333333,0.0,test
2016-10-29 21:00:00,2016-10-30 21:00:00,24,Beijing,Prophet,6.583333,0.0,test
2016-10-29 22:00:00,2016-10-30 22:00:00,24,Beijing,Prophet,3.666667,0.0,test
2016-10-29 23:00:00,2016-10-30 23:00:00,24,Beijing,Prophet,4.333333,0.0,test
2016-10-30 00:00:00,2016-10-31 00:00:00,24,Beijing,Prophet,4.25,0.0,test
2016-10-30 01:00:00,2016-10-31 01:00:00,24,Beijing,Prophet,3.25,0.0,test
2016-10-30 02:00:00,2016-10-31 02:00:00,24,Beijing,Prophet,3.666667,0.0,test
2016-10-30 03:00:00,2016-10-31 03:00:00,24,Beijing,Prophet,4.0,0.0,test
2016-10-30 04:00:00,2016-10-31 04:00:00,24,Beijing,Prophet,4.0,0.0,test
2016-10-30 05:00:00,2016-10-31 05:00:00,24,Beijing,Prophet,3.5,0.0,test
2016-10-30 06:00:00,2016-10-31 06:00:00,24,Beijing,Prophet,3.333333,0.0,test
2016-10-30 07:00:00,2016-10-31 07:00:00,24,Beijing,Prophet,4.0,0.0,test
2016-10-30 08:00:00,2016-10-31 08:00:00,24,Beijing,Prophet,5.583333,0.0,test
2016-10-30 09:00:00,2016-10-31 09:00:00,24,Beijing,Prophet,6.166667,0.0,test
2016-10-30 10:00:00,2016-10-31 10:00:00,24,Beijing,Prophet,5.666667,0.0,test
2016-10-30 11:00:00,2016-10-31 11:00:00,24,Beijing,Prophet,7.416667,0.0,test
2016-10-30 12:00:00,2016-10-31 12:00:00,24,Beijing,Prophet,7.479167,0.0,test
2016-10-30 13:00:00,2016-10-31 13:00:00,24,Beijing,Prophet,6.041667,0.0,test
2016-10-30 14:00:00,2016-10-31 14:00:00,24,Beijing,Prophet,5.6875,0.0,test
2016-10-30 15:00:00,2016-10-31 15:00:00,24,Beijing,Prophet,7.583333,0.0,test
2016-10-30 16:00:00,2016-10-31 16:00:00,24,Beijing,Prophet,8.791667,0.0,test
2016-10-30 17:00:00,2016-10-31 17:00:00,24,Beijing,Prophet,9.916667,0.0,test
2016-10-30 18:00:00,2016-10-31 18:00:00,24,Beijing,Prophet,11.666667,0.0,test
2016-10-30 19:00:00,2016-10-31 19:00:00,24,Beijing,Prophet,15.166667,0.0,test
2016-10-30 20:00:00,2016-10-31 20:00:00,24,Beijing,Prophet,19.0,0.0,test
2016-10-30 21:00:00,2016-10-31 21:00:00,24,Beijing,Prophet,18.916667,0.0,test
2016-10-30 22:00:00,2016-10-31 22:00:00,24,Beijing,Prophet,21.5,0.0,test
2016-10-30 23:00:00,2016-10-31 23:00:00,24,Beijing,Prophet,20.416667,0.0,test
2016-10-31 00:00:00,2016-11-01 00:00:00,24,Beijing,Prophet,19.916667,0.0,test
2016-10-31 01:00:00,2016-11-01 01:00:00,24,Beijing,Prophet,19.583333,0.0,test
2016-10-31 02:00:00,2016-11-01 02:00:00,24,Beijing,Prophet,17.166667,0.0,test
2016-10-31 03:00:00,2016-11-01 03:00:00,24,Beijing,Prophet,18.0,0.0,test
2016-10-31 04:00:00,2016-11-01 04:00:00,24,Beijing,Prophet,17.5,0.0,test
2016-10-31 05:00:00,2016-11-01 05:00:00,24,Beijing,Prophet,19.666667,0.0,test
2016-10-31 06:00:00,2016-11-01 06:00:00,24,Beijing,Prophet,18.916667,0.0,test
2016-10-31 07:00:00,2016-11-01 07:00:00,24,Beijing,Prophet,19.833333,0.0,test
2016-10-31 08:00:00,2016-11-01 08:00:00,24,Beijing,Prophet,24.166667,0.0,test
2016-10-31 09:00:00,2016-11-01 09:00:00,24,Beijing,Prophet,23.083333,0.0,test
2016-10-31 10:00:00,2016-11-01 10:00:00,24,Beijing,Prophet,22.916667,0.0,test
2016-10-31 11:00:00,2016-11-01 11:00:00,24,Beijing,Prophet,31.75,0.0,test
2016-10-31 12:00:00,2016-11-01 12:00:00,24,Beijing,Prophet,40.0,0.0,test
2016-10-31 13:00:00,2016-11-01 13:00:00,24,Beijing,Prophet,47.5,0.0,test
2016-10-31 14:00:00,2016-11-01 14:00:00,24,Beijing,Prophet,51.583333,0.0,test
2016-10-31 15:00:00,2016-11-01 15:00:00,24,Beijing,Prophet,53.916667,0.0,test
2016-10-31 16:00:00,2016-11-01 16:00:00,24,Beijing,Prophet,57.333333,0.0,test
2016-10-31 17:00:00,2016-11-01 17:00:00,24,Beijing,Prophet,56.75,0.0,test
2016-10-31 18:00:00,2016-11-01 18:00:00,24,Beijing,Prophet,62.583333,0.0,test
2016-10-31 19:00:00,2016-11-01 19:00:00,24,Beijing,Prophet,68.333333,0.0,test
2016-10-31 20:00:00,2016-11-01 20:00:00,24,Beijing,Prophet,67.583333,0.0,test
2016-10-31 21:00:00,2016-11-01 21:00:00,24,Beijing,Prophet,72.0,0.0,test
2016-10-31 22:00:00,2016-11-01 22:00:00,24,Beijing,Prophet,76.833333,0.0,test
2016-10-31 23:00:00,2016-11-01 23:00:00,24,Beijing,Prophet,81.166667,0.0,test
2016-11-01 00:00:00,2016-11-02 00:00:00,24,Beijing,Prophet,85.666667,0.0,test
2016-11-01 01:00:00,2016-11-02 01:00:00,24,Beijing,Prophet,87.25,0.0,test
2016-11-01 02:00:00,2016-11-02 02:00:00,24,Beijing,Prophet,86.5,0.0,test
2016-11-01 03:00:00,2016-11-02 03:00:00,24,Beijing,Prophet,88.833333,0.0,test
2016-11-01 04:00:00,2016-11-02 04:00:00,24,Beijing,Prophet,88.583333,0.0,test
2016-11-01 05:00:00,2016-11-02 05:00:00,24,Beijing,Prophet,87.0,0.0,test
2016-11-01 06:00:00,2016-11-02 06:00:00,24,Beijing,Prophet,85.916667,0.0,test
2016-11-01 07:00:00,2016-11-02 07:00:00,24,Beijing,Prophet,81.416667,0.0,test
2016-11-01 08:00:00,2016-11-02 08:00:00,24,Beijing,Prophet,81.666667,0.0,test
2016-11-01 09:00:00,2016-11-02 09:00:00,24,Beijing,Prophet,88.666667,0.0,test
2016-11-01 10:00:00,2016-11-02 10:00:00,24,Beijing,Prophet,87.666667,0.0,test
2016-11-01 11:00:00,2016-11-02 11:00:00,24,Beijing,Prophet,91.666667,0.0,test
2016-11-01 12:00:00,2016-11-02 12:00:00,24,Beijing,Prophet,99.0,0.0,test
2016-11-01 13:00:00,2016-11-02 13:00:00,24,Beijing,Prophet,99.916667,0.0,test
2016-11-01 14:00:00,2016-11-02 14:00:00,24,Beijing,Prophet,90.75,0.0,test
2016-11-01 15:00:00,2016-11-02 15:00:00,24,Beijing,Prophet,91.0,0.0,test
2016-11-01 16:00:00,2016-11-02 16:00:00,24,Beijing,Prophet,93.666667,0.0,test
2016-11-01 17:00:00,2016-11-02 17:00:00,24,Beijing,Prophet,99.027778,0.0,test
2016-11-01 18:00:00,2016-11-02 18:00:00,24,Beijing,Prophet,105.888889,0.0,test
2016-11-01 19:00:00,2016-11-02 19:00:00,24,Beijing,Prophet,114.083333,0.0,test
2016-11-01 20:00:00,2016-11-02 20:00:00,24,Beijing,Prophet,135.916667,0.0,test
2016-11-01 21:00:00,2016-11-02 21:00:00,24,Beijing,Prophet,143.083333,0.0,test
2016-11-01 22:00:00,2016-11-02 22:00:00,24,Beijing,Prophet,144.416667,0.0,test
2016-11-01 23:00:00,2016-11-02 23:00:00,24,Beijing,Prophet,144.0,0.0,test
2016-11-02 00:00:00,2016-11-03 00:00:00,24,Beijing,Prophet,138.833333,0.0,test
2016-11-02 01:00:00,2016-11-03 01:00:00,24,Beijing,Prophet,132.25,0.0,test
2016-11-02 02:00:00,2016-11-03 02:00:00,24,Beijing,Prophet,128.416667,0.0,test
2016-11-02 03:00:00,2016-11-03 03:00:00,24,Beijing,Prophet,127.666667,0.0,test
2016-11-02 04:00:00,2016-11-03 04:00:00,24,Beijing,Prophet,127.666667,0.0,test
2016-11-02 05:00:00,2016-11-03 05:00:00,24,Beijing,Prophet,125.666667,0.0,test
2016-11-02 06:00:00,2016-11-03 06:00:00,24,Beijing,Prophet,120.083333,0.0,test
2016-11-02 07:00:00,2016-11-03 07:00:00,24,Beijing,Prophet,110.25,0.0,test
2016-11-02 08:00:00,2016-11-03 08:00:00,24,Beijing,Prophet,104.833333,0.0,test
2016-11-02 09:00:00,2016-11-03 09:00:00,24,Beijing,Prophet,103.166667,0.0,test
2016-11-02 10:00:00,2016-11-03 10:00:00,24,Beijing,Prophet,120.166667,0.0,test
2016-11-02 11:00:00,2016-11-03 11:00:00,24,Beijing,Prophet,148.583333,0.0,test
2016-11-02 12:00:00,2016-11-03 12:00:00,24,Beijing,Prophet,175.583333,0.0,test
2016-11-02 13:00:00,2016-11-03 13:00:00,24,Beijing,Prophet,193.25,0.0,test
2016-11-02 14:00:00,2016-11-03 14:00:00,24,Beijing,Prophet,224.75,0.0,test
2016-11-02 15:00:00,2016-11-03 15:00:00,24,Beijing,Prophet,265.416667,0.0,test
2016-11-02 16:00:00,2016-11-03 16:00:00,24,Beijing,Prophet,251.416667,0.0,test
2016-11-02 17:00:00,2016-11-03 17:00:00,24,Beijing,Prophet,243.597222,0.0,test
2016-11-02 18:00:00,2016-11-03 18:00:00,24,Beijing,Prophet,253.277778,0.0,test
2016-11-02 19:00:00,2016-11-03 19:00:00,24,Beijing,Prophet,262.375,0.0,test
2016-11-02 20:00:00,2016-11-03 20:00:00,24,Beijing,Prophet,264.972222,0.0,test
2016-11-02 21:00:00,2016-11-03 21:00:00,24,Beijing,Prophet,261.902778,0.0,test
2016-11-02 22:00:00,2016-11-03 22:00:00,24,Beijing,Prophet,248.583333,0.0,test
2016-11-02 23:00:00,2016-11-03 23:00:00,24,Beijing,Prophet,240.666667,0.0,test
2016-11-03 00:00:00,2016-11-04 00:00:00,24,Beijing,Prophet,239.25,0.0,test
2016-11-03 01:00:00,2016-11-04 01:00:00,24,Beijing,Prophet,235.333333,0.0,test
2016-11-03 02:00:00,2016-11-04 02:00:00,24,Beijing,Prophet,221.833333,0.0,test
2016-11-03 03:00:00,2016-11-04 03:00:00,24,Beijing,Prophet,216.416667,0.0,test
2016-11-03 04:00:00,2016-11-04 04:00:00,24,Beijing,Prophet,210.583333,0.0,test
2016-11-03 05:00:00,2016-11-04 05:00:00,24,Beijing,Prophet,205.583333,0.0,test
2016-11-03 06:00:00,2016-11-04 06:00:00,24,Beijing,Prophet,203.416667,0.0,test
2016-11-03 07:00:00,2016-11-04 07:00:00,24,Beijing,Prophet,197.0,0.0,test
2016-11-03 08:00:00,2016-11-04 08:00:00,24,Beijing,Prophet,190.75,0.0,test
2016-11-03 09:00:00,2016-11-04 09:00:00,24,Beijing,Prophet,198.333333,0.0,test
2016-11-03 10:00:00,2016-11-04 10:00:00,24,Beijing,Prophet,237.0,0.0,test
2016-11-03 11:00:00,2016-11-04 11:00:00,24,Beijing,Prophet,270.166667,0.0,test
2016-11-03 12:00:00,2016-11-04 12:00:00,24,Beijing,Prophet,286.472727,0.0,test
2016-11-03 13:00:00,2016-11-04 13:00:00,24,Beijing,Prophet,301.763636,0.0,test
2016-11-03 14:00:00,2016-11-04 14:00:00,24,Beijing,Prophet,307.795455,0.0,test
2016-11-03 15:00:00,2016-11-04 15:00:00,24,Beijing,Prophet,307.031818,0.0,test
2016-11-03 16:00:00,2016-11-04 16:00:00,24,Beijing,Prophet,289.995455,0.0,test
2016-11-03 17:00:00,2016-11-04 17:00:00,24,Beijing,Prophet,268.122727,0.0,test
2016-11-03 18:00:00,2016-11-04 18:00:00,24,Beijing,Prophet,254.454545,0.0,test
2016-11-03 19:00:00,2016-11-04 19:00:00,24,Beijing,Prophet,242.545455,0.0,test
2016-11-03 20:00:00,2016-11-04 20:00:00,24,Beijing,Prophet,228.909091,0.0,test
2016-11-03 21:00:00,2016-11-04 21:00:00,24,Beijing,Prophet,225.083333,0.0,test
2016-11-03 22:00:00,2016-11-04 22:00:00,24,Beijing,Prophet,214.166667,0.0,test
2016-11-03 23:00:00,2016-11-04 23:00:00,24,Beijing,Prophet,200.916667,0.0,test
2016-11-04 00:00:00,2016-11-05 00:00:00,24,Beijing,Prophet,207.083333,0.0,test
2016-11-04 01:00:00,2016-11-05 01:00:00,24,Beijing,Prophet,209.583333,0.0,test
2016-11-04 02:00:00,2016-11-05 02:00:00,24,Beijing,Prophet,202.666667,0.0,test
2016-11-04 03:00:00,2016-11-05 03:00:00,24,Beijing,Prophet,189.916667,0.0,test
2016-11-04 04:00:00,2016-11-05 04:00:00,24,Beijing,Prophet,176.833333,0.0,test
2016-11-04 05:00:00,2016-11-05 05:00:00,24,Beijing,Prophet,161.083333,0.0,test
2016-11-04 06:00:00,2016-11-05 06:00:00,24,Beijing,Prophet,151.833333,0.0,test
2016-11-04 07:00:00,2016-11-05 07:00:00,24,Beijing,Prophet,141.75,0.0,test
2016-11-04 08:00:00,2016-11-05 08:00:00,24,Beijing,Prophet,141.75,0.0,test
2016-11-04 09:00:00,2016-11-05 09:00:00,24,Beijing,Prophet,162.25,0.0,test
2016-11-04 10:00:00,2016-11-05 10:00:00,24,Beijing,Prophet,200.166667,0.0,test
2016-11-04 11:00:00,2016-11-05 11:00:00,24,Beijing,Prophet,206.5,0.0,test
2016-11-04 12:00:00,2016-11-05 12:00:00,24,Beijing,Prophet,177.25,0.0,test
2016-11-04 13:00:00,2016-11-05 13:00:00,24,Beijing,Prophet,195.166667,0.0,test
2016-11-04 14:00:00,2016-11-05 14:00:00,24,Beijing,Prophet,187.833333,0.0,test
2016-11-04 15:00:00,2016-11-05 15:00:00,24,Beijing,Prophet,196.75,0.0,test
2016-11-04 16:00:00,2016-11-05 16:00:00,24,Beijing,Prophet,198.916667,0.0,test
2016-11-04 17:00:00,2016-11-05 17:00:00,24,Beijing,Prophet,199.25,0.0,test
2016-11-04 18:00:00,2016-11-05 18:00:00,24,Beijing,Prophet,200.083333,0.0,test
2016-11-04 19:00:00,2016-11-05 19:00:00,24,Beijing,Prophet,200.0,0.0,test
2016-11-04 20:00:00,2016-11-05 20:00:00,24,Beijing,Prophet,184.666667,0.0,test
2016-11-04 21:00:00,2016-11-05 21:00:00,24,Beijing,Prophet,150.833333,0.0,test
2016-11-04 22:00:00,2016-11-05 22:00:00,24,Beijing,Prophet,147.25,0.0,test
2016-11-04 23:00:00,2016-11-05 23:00:00,24,Beijing,Prophet,131.333333,0.0,test
2016-11-05 00:00:00,2016-11-06 00:00:00,24,Beijing,Prophet,129.916667,0.0,test
2016-11-05 01:00:00,2016-11-06 01:00:00,24,Beijing,Prophet,132.083333,0.0,test
2016-11-05 02:00:00,2016-11-06 02:00:00,24,Beijing,Prophet,118.416667,0.0,test
2016-11-05 03:00:00,2016-11-06 03:00:00,24,Beijing,Prophet,101.666667,0.0,test
2016-11-05 04:00:00,2016-11-06 04:00:00,24,Beijing,Prophet,89.416667,0.0,test
2016-11-05 05:00:00,2016-11-06 05:00:00,24,Beijing,Prophet,77.083333,0.0,test
2016-11-05 06:00:00,2016-11-06 06:00:00,24,Beijing,Prophet,64.083333,0.0,test
2016-11-05 07:00:00,2016-11-06 07:00:00,24,Beijing,Prophet,56.666667,0.0,test
2016-11-05 08:00:00,2016-11-06 08:00:00,24,Beijing,Prophet,52.0,0.0,test
2016-11-05 09:00:00,2016-11-06 09:00:00,24,Beijing,Prophet,49.916667,0.0,test
2016-11-05 10:00:00,2016-11-06 10:00:00,24,Beijing,Prophet,49.666667,0.0,test
2016-11-05 11:00:00,2016-11-06 11:00:00,24,Beijing,Prophet,50.166667,0.0,test
2016-11-05 12:00:00,2016-11-06 12:00:00,24,Beijing,Prophet,49.583333,0.0,test
2016-11-05 13:00:00,2016-11-06 13:00:00,24,Beijing,Prophet,48.25,0.0,test
2016-11-05 14:00:00,2016-11-06 14:00:00,24,Beijing,Prophet,45.166667,0.0,test
2016-11-05 15:00:00,2016-11-06 15:00:00,24,Beijing,Prophet,45.416667,0.0,test
2016-11-05 16:00:00,2016-11-06 16:00:00,24,Beijing,Prophet,44.916667,0.0,test
2016-11-05 17:00:00,2016-11-06 17:00:00,24,Beijing,Prophet,46.0,0.0,test
2016-11-05 18:00:00,2016-11-06 18:00:00,24,Beijing,Prophet,54.666667,0.0,test
2016-11-05 19:00:00,2016-11-06 19:00:00,24,Beijing,Prophet,63.75,0.0,test
2016-11-05 20:00:00,2016-11-06 20:00:00,24,Beijing,Prophet,78.916667,0.0,test
2016-11-05 21:00:00,2016-11-06 21:00:00,24,Beijing,Prophet,86.666667,0.0,test
2016-11-05 22:00:00,2016-11-06 22:00:00,24,Beijing,Prophet,91.25,0.0,test
2016-11-05 23:00:00,2016-11-06 23:00:00,24,Beijing,Prophet,98.0,0.0,test
2016-11-06 00:00:00,2016-11-07 00:00:00,24,Beijing,Prophet,105.166667,0.0,test
2016-11-06 01:00:00,2016-11-07 01:00:00,24,Beijing,Prophet,95.25,0.0,test
2016-11-06 02:00:00,2016-11-07 02:00:00,24,Beijing,Prophet,89.666667,0.0,test
2016-11-06 03:00:00,2016-11-07 03:00:00,24,Beijing,Prophet,82.333333,0.0,test
2016-11-06 04:00:00,2016-11-07 04:00:00,24,Beijing,Prophet,75.833333,0.0,test
2016-11-06 05:00:00,2016-11-07 05:00:00,24,Beijing,Prophet,73.75,0.0,test
2016-11-06 06:00:00,2016-11-07 06:00:00,24,Beijing,Prophet,69.5,0.0,test
2016-11-06 07:00:00,2016-11-07 07:00:00,24,Beijing,Prophet,67.416667,0.0,test
2016-11-06 08:00:00,2016-11-07 08:00:00,24,Beijing,Prophet,63.25,0.0,test
2016-11-06 09:00:00,2016-11-07 09:00:00,24,Beijing,Prophet,58.916667,0.0,test
2016-11-06 10:00:00,2016-11-07 10:00:00,24,Beijing,Prophet,39.666667,0.0,test
2016-11-06 11:00:00,2016-11-07 11:00:00,24,Beijing,Prophet,19.0,0.0,test
2016-11-06 12:00:00,2016-11-07 12:00:00,24,Beijing,Prophet,12.25,0.0,test
2016-11-06 13:00:00,2016-11-07 13:00:00,24,Beijing,Prophet,8.583333,0.0,test
2016-11-06 14:00:00,2016-11-07 14:00:00,24,Beijing,Prophet,7.666667,0.0,test
2016-11-06 15:00:00,2016-11-07 15:00:00,24,Beijing,Prophet,7.333333,0.0,test
2016-11-06 16:00:00,2016-11-07 16:00:00,24,Beijing,Prophet,8.5,0.0,test
2016-11-06 17:00:00,2016-11-07 17:00:00,24,Beijing,Prophet,6.583333,0.0,test
2016-11-06 18:00:00,2016-11-07 18:00:00,24,Beijing,Prophet,8.166667,0.0,test
2016-11-06 19:00:00,2016-11-07 19:00:00,24,Beijing,Prophet,10.166667,0.0,test
2016-11-06 20:00:00,2016-11-07 20:00:00,24,Beijing,Prophet,12.333333,0.0,test
2016-11-06 21:00:00,2016-11-07 21:00:00,24,Beijing,Prophet,11.0,0.0,test
2016-11-06 22:00:00,2016-11-07 22:00:00,24,Beijing,Prophet,9.583333,0.0,test
2016-11-06 23:00:00,2016-11-07 23:00:00,24,Beijing,Prophet,9.5,0.0,test
2016-11-07 00:00:00,2016-11-08 00:00:00,24,Beijing,Prophet,11.166667,0.0,test
2016-11-07 01:00:00,2016-11-08 01:00:00,24,Beijing,Prophet,14.333333,0.0,test
2016-11-07 02:00:00,2016-11-08 02:00:00,24,Beijing,Prophet,11.583333,0.0,test
2016-11-07 03:00:00,2016-11-08 03:00:00,24,Beijing,Prophet,11.333333,0.0,test
2016-11-07 04:00:00,2016-11-08 04:00:00,24,Beijing,Prophet,12.916667,0.0,test
2016-11-07 05:00:00,2016-11-08 05:00:00,24,Beijing,Prophet,12.833333,0.0,test
2016-11-07 06:00:00,2016-11-08 06:00:00,24,Beijing,Prophet,13.666667,0.0,test
2016-11-07 07:00:00,2016-11-08 07:00:00,24,Beijing,Prophet,17.75,0.0,test
2016-11-07 08:00:00,2016-11-08 08:00:00,24,Beijing,Prophet,20.0,0.0,test
2016-11-07 09:00:00,2016-11-08 09:00:00,24,Beijing,Prophet,23.833333,0.0,test
2016-11-07 10:00:00,2016-11-08 10:00:00,24,Beijing,Prophet,23.25,0.0,test
2016-11-07 11:00:00,2016-11-08 11:00:00,24,Beijing,Prophet,23.5,0.0,test
2016-11-07 12:00:00,2016-11-08 12:00:00,24,Beijing,Prophet,24.208333,0.0,test
2016-11-07 13:00:00,2016-11-08 13:00:00,24,Beijing,Prophet,25.25,0.0,test
2016-11-07 14:00:00,2016-11-08 14:00:00,24,Beijing,Prophet,30.083333,0.0,test
2016-11-07 15:00:00,2016-11-08 15:00:00,24,Beijing,Prophet,34.0,0.0,test
2016-11-07 16:00:00,2016-11-08 16:00:00,24,Beijing,Prophet,37.611111,0.0,test
2016-11-07 17:00:00,2016-11-08 17:00:00,24,Beijing,Prophet,53.138889,0.0,test
2016-11-07 18:00:00,2016-11-08 18:00:00,24,Beijing,Prophet,58.25,0.0,test
2016-11-07 19:00:00,2016-11-08 19:00:00,24,Beijing,Prophet,63.166667,0.0,test
2016-11-07 20:00:00,2016-11-08 20:00:00,24,Beijing,Prophet,72.333333,0.0,test
2016-11-07 21:00:00,2016-11-08 21:00:00,24,Beijing,Prophet,79.166667,0.0,test
2016-11-07 22:00:00,2016-11-08 22:00:00,24,Beijing,Prophet,82.833333,0.0,test
2016-11-07 23:00:00,2016-11-08 23:00:00,24,Beijing,Prophet,85.583333,0.0,test
2016-11-08 00:00:00,2016-11-09 00:00:00,24,Beijing,Prophet,84.25,0.0,test
2016-11-08 01:00:00,2016-11-09 01:00:00,24,Beijing,Prophet,83.333333,0.0,test
2016-11-08 02:00:00,2016-11-09 02:00:00,24,Beijing,Prophet,85.75,0.0,test
2016-11-08 03:00:00,2016-11-09 03:00:00,24,Beijing,Prophet,89.666667,0.0,test
2016-11-08 04:00:00,2016-11-09 04:00:00,24,Beijing,Prophet,90.75,0.0,test
2016-11-08 05:00:00,2016-11-09 05:00:00,24,Beijing,Prophet,89.0,0.0,test
2016-11-08 06:00:00,2016-11-09 06:00:00,24,Beijing,Prophet,91.916667,0.0,test
2016-11-08 07:00:00,2016-11-09 07:00:00,24,Beijing,Prophet,98.25,0.0,test
2016-11-08 08:00:00,2016-11-09 08:00:00,24,Beijing,Prophet,105.416667,0.0,test
2016-11-08 09:00:00,2016-11-09 09:00:00,24,Beijing,Prophet,115.416667,0.0,test
2016-11-08 10:00:00,2016-11-09 10:00:00,24,Beijing,Prophet,129.75,0.0,test
2016-11-08 11:00:00,2016-11-09 11:00:00,24,Beijing,Prophet,145.75,0.0,test
2016-11-08 12:00:00,2016-11-09 12:00:00,24,Beijing,Prophet,164.75,0.0,test
2016-11-08 13:00:00,2016-11-09 13:00:00,24,Beijing,Prophet,177.083333,0.0,test
2016-11-08 14:00:00,2016-11-09 14:00:00,24,Beijing,Prophet,181.083333,0.0,test
2016-11-08 15:00:00,2016-11-09 15:00:00,24,Beijing,Prophet,189.5,0.0,test
2016-11-08 16:00:00,2016-11-09 16:00:00,24,Beijing,Prophet,195.75,0.0,test
2016-11-08 17:00:00,2016-11-09 17:00:00,24,Beijing,Prophet,198.472222,0.0,test
2016-11-08 18:00:00,2016-11-09 18:00:00,24,Beijing,Prophet,200.944444,0.0,test
2016-11-08 19:00:00,2016-11-09 19:00:00,24,Beijing,Prophet,190.416667,0.0,test
2016-11-08 20:00:00,2016-11-09 20:00:00,24,Beijing,Prophet,200.416667,0.0,test
2016-11-08 21:00:00,2016-11-09 21:00:00,24,Beijing,Prophet,208.833333,0.0,test
2016-11-08 22:00:00,2016-11-09 22:00:00,24,Beijing,Prophet,215.833333,0.0,test
2016-11-08 23:00:00,2016-11-09 23:00:00,24,Beijing,Prophet,224.333333,0.0,test
2016-11-09 00:00:00,2016-11-10 00:00:00,24,Beijing,Prophet,232.416667,0.0,test
2016-11-09 01:00:00,2016-11-10 01:00:00,24,Beijing,Prophet,221.25,0.0,test
2016-11-09 02:00:00,2016-11-10 02:00:00,24,Beijing,Prophet,209.833333,0.0,test
2016-11-09 03:00:00,2016-11-10 03:00:00,24,Beijing,Prophet,192.25,0.0,test
2016-11-09 04:00:00,2016-11-10 04:00:00,24,Beijing,Prophet,178.083333,0.0,test
2016-11-09 05:00:00,2016-11-10 05:00:00,24,Beijing,Prophet,166.416667,0.0,test
2016-11-09 06:00:00,2016-11-10 06:00:00,24,Beijing,Prophet,161.25,0.0,test
2016-11-09 07:00:00,2016-11-10 07:00:00,24,Beijing,Prophet,159.916667,0.0,test
2016-11-09 08:00:00,2016-11-10 08:00:00,24,Beijing,Prophet,155.583333,0.0,test
2016-11-09 09:00:00,2016-11-10 09:00:00,24,Beijing,Prophet,158.833333,0.0,test
2016-11-09 10:00:00,2016-11-10 10:00:00,24,Beijing,Prophet,163.0,0.0,test
2016-11-09 11:00:00,2016-11-10 11:00:00,24,Beijing,Prophet,182.25,0.0,test
2016-11-09 12:00:00,2016-11-10 12:00:00,24,Beijing,Prophet,178.25,0.0,test
2016-11-09 13:00:00,2016-11-10 13:00:00,24,Beijing,Prophet,187.75,0.0,test
2016-11-09 14:00:00,2016-11-10 14:00:00,24,Beijing,Prophet,186.416667,0.0,test
2016-11-09 15:00:00,2016-11-10 15:00:00,24,Beijing,Prophet,160.708333,0.0,test
2016-11-09 16:00:00,2016-11-10 16:00:00,24,Beijing,Prophet,135.25,0.0,test
2016-11-09 17:00:00,2016-11-10 17:00:00,24,Beijing,Prophet,107.0,0.0,test
2016-11-09 18:00:00,2016-11-10 18:00:00,24,Beijing,Prophet,133.25,0.0,test
2016-11-09 19:00:00,2016-11-10 19:00:00,24,Beijing,Prophet,169.583333,0.0,test
2016-11-09 20:00:00,2016-11-10 20:00:00,24,Beijing,Prophet,130.25,0.0,test
2016-11-09 21:00:00,2016-11-10 21:00:00,24,Beijing,Prophet,69.75,0.0,test
2016-11-09 22:00:00,2016-11-10 22:00:00,24,Beijing,Prophet,54.083333,0.0,test
2016-11-09 23:00:00,2016-11-10 23:00:00,24,Beijing,Prophet,48.583333,0.0,test
2016-11-10 00:00:00,2016-11-11 00:00:00,24,Beijing,Prophet,45.5,0.0,test
2016-11-10 01:00:00,2016-11-11 01:00:00,24,Beijing,Prophet,41.75,0.0,test
2016-11-10 02:00:00,2016-11-11 02:00:00,24,Beijing,Prophet,57.666667,0.0,test
2016-11-10 03:00:00,2016-11-11 03:00:00,24,Beijing,Prophet,73.25,0.0,test
2016-11-10 04:00:00,2016-11-11 04:00:00,24,Beijing,Prophet,90.5,0.0,test
2016-11-10 05:00:00,2016-11-11 05:00:00,24,Beijing,Prophet,100.0,0.0,test
2016-11-10 06:00:00,2016-11-11 06:00:00,24,Beijing,Prophet,99.833333,0.0,test
2016-11-10 07:00:00,2016-11-11 07:00:00,24,Beijing,Prophet,103.666667,0.0,test
2016-11-10 08:00:00,2016-11-11 08:00:00,24,Beijing,Prophet,115.833333,0.0,test
2016-11-10 09:00:00,2016-11-11 09:00:00,24,Beijing,Prophet,116.583333,0.0,test
2016-11-10 10:00:00,2016-11-11 10:00:00,24,Beijing,Prophet,114.166667,0.0,test
2016-11-10 11:00:00,2016-11-11 11:00:00,24,Beijing,Prophet,107.0,0.0,test
2016-11-10 12:00:00,2016-11-11 12:00:00,24,Beijing,Prophet,99.583333,0.0,test
2016-11-10 13:00:00,2016-11-11 13:00:00,24,Beijing,Prophet,88.25,0.0,test
2016-11-10 14:00:00,2016-11-11 14:00:00,24,Beijing,Prophet,68.833333,0.0,test
2016-11-10 15:00:00,2016-11-11 15:00:00,24,Beijing,Prophet,58.0,0.0,test
2016-11-10 16:00:00,2016-11-11 16:00:00,24,Beijing,Prophet,53.083333,0.0,test
2016-11-10 17:00:00,2016-11-11 17:00:00,24,Beijing,Prophet,52.083333,0.0,test
2016-11-10 18:00:00,2016-11-11 18:00:00,24,Beijing,Prophet,51.166667,0.0,test
2016-11-10 19:00:00,2016-11-11 19:00:00,24,Beijing,Prophet,62.583333,0.0,test
2016-11-10 20:00:00,2016-11-11 20:00:00,24,Beijing,Prophet,68.5,0.0,test
2016-11-10 21:00:00,2016-11-11 21:00:00,24,Beijing,Prophet,67.25,0.0,test
2016-11-10 22:00:00,2016-11-11 22:00:00,24,Beijing,Prophet,69.5,0.0,test
2016-11-10 23:00:00,2016-11-11 23:00:00,24,Beijing,Prophet,72.583333,0.0,test
2016-11-11 00:00:00,2016-11-12 00:00:00,24,Beijing,Prophet,68.5,0.0,test
2016-11-11 01:00:00,2016-11-12 01:00:00,24,Beijing,Prophet,70.083333,0.0,test
2016-11-11 02:00:00,2016-11-12 02:00:00,24,Beijing,Prophet,70.416667,0.0,test
2016-11-11 03:00:00,2016-11-12 03:00:00,24,Beijing,Prophet,70.333333,0.0,test
2016-11-11 04:00:00,2016-11-12 04:00:00,24,Beijing,Prophet,64.25,0.0,test
2016-11-11 05:00:00,2016-11-12 05:00:00,24,Beijing,Prophet,65.25,0.0,test
2016-11-11 06:00:00,2016-11-12 06:00:00,24,Beijing,Prophet,63.583333,0.0,test
2016-11-11 07:00:00,2016-11-12 07:00:00,24,Beijing,Prophet,63.166667,0.0,test
2016-11-11 08:00:00,2016-11-12 08:00:00,24,Beijing,Prophet,61.75,0.0,test
2016-11-11 09:00:00,2016-11-12 09:00:00,24,Beijing,Prophet,57.75,0.0,test
2016-11-11 10:00:00,2016-11-12 10:00:00,24,Beijing,Prophet,49.416667,0.0,test
2016-11-11 11:00:00,2016-11-12 11:00:00,24,Beijing,Prophet,55.916667,0.0,test
2016-11-11 12:00:00,2016-11-12 12:00:00,24,Beijing,Prophet,62.0,0.0,test
2016-11-11 13:00:00,2016-11-12 13:00:00,24,Beijing,Prophet,74.583333,0.0,test
2016-11-11 14:00:00,2016-11-12 14:00:00,24,Beijing,Prophet,77.416667,0.0,test
2016-11-11 15:00:00,2016-11-12 15:00:00,24,Beijing,Prophet,81.0,0.0,test
2016-11-11 16:00:00,2016-11-12 16:00:00,24,Beijing,Prophet,86.75,0.0,test
2016-11-11 17:00:00,2016-11-12 17:00:00,24,Beijing,Prophet,90.25,0.0,test
2016-11-11 18:00:00,2016-11-12 18:00:00,24,Beijing,Prophet,96.583333,0.0,test
2016-11-11 19:00:00,2016-11-12 19:00:00,24,Beijing,Prophet,104.083333,0.0,test
2016-11-11 20:00:00,2016-11-12 20:00:00,24,Beijing,Prophet,103.916667,0.0,test
2016-11-11 21:00:00,2016-11-12 21:00:00,24,Beijing,Prophet,102.916667,0.0,test
2016-11-11 22:00:00,2016-11-12 22:00:00,24,Beijing,Prophet,88.166667,0.0,test
2016-11-11 23:00:00,2016-11-12 23:00:00,24,Beijing,Prophet,65.666667,0.0,test
2016-11-12 00:00:00,2016-11-13 00:00:00,24,Beijing,Prophet,54.916667,0.0,test
2016-11-12 01:00:00,2016-11-13 01:00:00,24,Beijing,Prophet,51.583333,0.0,test
2016-11-12 02:00:00,2016-11-13 02:00:00,24,Beijing,Prophet,49.916667,0.0,test
2016-11-12 03:00:00,2016-11-13 03:00:00,24,Beijing,Prophet,47.416667,0.0,test
2016-11-12 04:00:00,2016-11-13 04:00:00,24,Beijing,Prophet,49.0,0.0,test
2016-11-12 05:00:00,2016-11-13 05:00:00,24,Beijing,Prophet,52.166667,0.0,test
2016-11-12 06:00:00,2016-11-13 06:00:00,24,Beijing,Prophet,53.5,0.0,test
2016-11-12 07:00:00,2016-11-13 07:00:00,24,Beijing,Prophet,56.833333,0.0,test
2016-11-12 08:00:00,2016-11-13 08:00:00,24,Beijing,Prophet,59.583333,0.0,test
2016-11-12 09:00:00,2016-11-13 09:00:00,24,Beijing,Prophet,63.333333,0.0,test
2016-11-12 10:00:00,2016-11-13 10:00:00,24,Beijing,Prophet,69.0,0.0,test
2016-11-12 11:00:00,2016-11-13 11:00:00,24,Beijing,Prophet,78.083333,0.0,test
2016-11-12 12:00:00,2016-11-13 12:00:00,24,Beijing,Prophet,89.5,0.0,test
2016-11-12 13:00:00,2016-11-13 13:00:00,24,Beijing,Prophet,98.166667,0.0,test
2016-11-12 14:00:00,2016-11-13 14:00:00,24,Beijing,Prophet,108.166667,0.0,test
2016-11-12 15:00:00,2016-11-13 15:00:00,24,Beijing,Prophet,115.916667,0.0,test
2016-11-12 16:00:00,2016-11-13 16:00:00,24,Beijing,Prophet,124.083333,0.0,test
2016-11-12 17:00:00,2016-11-13 17:00:00,24,Beijing,Prophet,132.25,0.0,test
2016-11-12 18:00:00,2016-11-13 18:00:00,24,Beijing,Prophet,137.75,0.0,test
2016-11-12 19:00:00,2016-11-13 19:00:00,24,Beijing,Prophet,143.833333,0.0,test
2016-11-12 20:00:00,2016-11-13 20:00:00,24,Beijing,Prophet,146.5,0.0,test
2016-11-12 21:00:00,2016-11-13 21:00:00,24,Beijing,Prophet,153.333333,0.0,test
2016-11-12 22:00:00,2016-11-13 22:00:00,24,Beijing,Prophet,162.083333,0.0,test
2016-11-12 23:00:00,2016-11-13 23:00:00,24,Beijing,Prophet,159.25,0.0,test
2016-11-13 00:00:00,2016-11-14 00:00:00,24,Beijing,Prophet,155.333333,0.0,test
2016-11-13 01:00:00,2016-11-14 01:00:00,24,Beijing,Prophet,146.166667,0.0,test
2016-11-13 02:00:00,2016-11-14 02:00:00,24,Beijing,Prophet,141.416667,0.0,test
2016-11-13 03:00:00,2016-11-14 03:00:00,24,Beijing,Prophet,133.25,0.0,test
2016-11-13 04:00:00,2016-11-14 04:00:00,24,Beijing,Prophet,127.833333,0.0,test
2016-11-13 05:00:00,2016-11-14 05:00:00,24,Beijing,Prophet,94.0,0.0,test
2016-11-13 06:00:00,2016-11-14 06:00:00,24,Beijing,Prophet,49.333333,0.0,test
2016-11-13 07:00:00,2016-11-14 07:00:00,24,Beijing,Prophet,23.833333,0.0,test
2016-11-13 08:00:00,2016-11-14 08:00:00,24,Beijing,Prophet,13.333333,0.0,test
2016-11-13 09:00:00,2016-11-14 09:00:00,24,Beijing,Prophet,12.083333,0.0,test
2016-11-13 10:00:00,2016-11-14 10:00:00,24,Beijing,Prophet,9.916667,0.0,test
2016-11-13 11:00:00,2016-11-14 11:00:00,24,Beijing,Prophet,8.25,0.0,test
2016-11-13 12:00:00,2016-11-14 12:00:00,24,Beijing,Prophet,9.333333,0.0,test
2016-11-13 13:00:00,2016-11-14 13:00:00,24,Beijing,Prophet,7.166667,0.0,test
2016-11-13 14:00:00,2016-11-14 14:00:00,24,Beijing,Prophet,9.75,0.0,test
2016-11-13 15:00:00,2016-11-14 15:00:00,24,Beijing,Prophet,6.333333,0.0,test
2016-11-13 16:00:00,2016-11-14 16:00:00,24,Beijing,Prophet,6.916667,0.0,test
2016-11-13 17:00:00,2016-11-14 17:00:00,24,Beijing,Prophet,6.083333,0.0,test
2016-11-13 18:00:00,2016-11-14 18:00:00,24,Beijing,Prophet,7.333333,0.0,test
2016-11-13 19:00:00,2016-11-14 19:00:00,24,Beijing,Prophet,11.916667,0.0,test
2016-11-13 20:00:00,2016-11-14 20:00:00,24,Beijing,Prophet,14.416667,0.0,test
2016-11-13 21:00:00,2016-11-14 21:00:00,24,Beijing,Prophet,15.916667,0.0,test
2016-11-13 22:00:00,2016-11-14 22:00:00,24,Beijing,Prophet,14.416667,0.0,test
2016-11-13 23:00:00,2016-11-14 23:00:00,24,Beijing,Prophet,12.333333,0.0,test
2016-11-14 00:00:00,2016-11-15 00:00:00,24,Beijing,Prophet,11.666667,0.0,test
2016-11-14 01:00:00,2016-11-15 01:00:00,24,Beijing,Prophet,11.5,0.0,test
2016-11-14 02:00:00,2016-11-15 02:00:00,24,Beijing,Prophet,13.75,0.0,test
2016-11-14 03:00:00,2016-11-15 03:00:00,24,Beijing,Prophet,14.416667,0.0,test
2016-11-14 04:00:00,2016-11-15 04:00:00,24,Beijing,Prophet,11.416667,0.0,test
2016-11-14 05:00:00,2016-11-15 05:00:00,24,Beijing,Prophet,8.75,0.0,test
2016-11-14 06:00:00,2016-11-15 06:00:00,24,Beijing,Prophet,10.416667,0.0,test
2016-11-14 07:00:00,2016-11-15 07:00:00,24,Beijing,Prophet,14.5,0.0,test
2016-11-14 08:00:00,2016-11-15 08:00:00,24,Beijing,Prophet,21.916667,0.0,test
2016-11-14 09:00:00,2016-11-15 09:00:00,24,Beijing,Prophet,20.083333,0.0,test
2016-11-14 10:00:00,2016-11-15 10:00:00,24,Beijing,Prophet,32.0,0.0,test
2016-11-14 11:00:00,2016-11-15 11:00:00,24,Beijing,Prophet,33.25,0.0,test
2016-11-14 12:00:00,2016-11-15 12:00:00,24,Beijing,Prophet,29.25,0.0,test
2016-11-14 13:00:00,2016-11-15 13:00:00,24,Beijing,Prophet,30.25,0.0,test
2016-11-14 14:00:00,2016-11-15 14:00:00,24,Beijing,Prophet,38.5,0.0,test
2016-11-14 15:00:00,2016-11-15 15:00:00,24,Beijing,Prophet,46.583333,0.0,test
2016-11-14 16:00:00,2016-11-15 16:00:00,24,Beijing,Prophet,47.916667,0.0,test
2016-11-14 17:00:00,2016-11-15 17:00:00,24,Beijing,Prophet,48.833333,0.0,test
2016-11-14 18:00:00,2016-11-15 18:00:00,24,Beijing,Prophet,58.166667,0.0,test
2016-11-14 19:00:00,2016-11-15 19:00:00,24,Beijing,Prophet,65.75,0.0,test
2016-11-14 20:00:00,2016-11-15 20:00:00,24,Beijing,Prophet,76.083333,0.0,test
2016-11-14 21:00:00,2016-11-15 21:00:00,24,Beijing,Prophet,83.166667,0.0,test
2016-11-14 22:00:00,2016-11-15 22:00:00,24,Beijing,Prophet,94.833333,0.0,test
2016-11-14 23:00:00,2016-11-15 23:00:00,24,Beijing,Prophet,119.166667,0.0,test
2016-11-15 00:00:00,2016-11-16 00:00:00,24,Beijing,Prophet,126.5,0.0,test
2016-11-15 01:00:00,2016-11-16 01:00:00,24,Beijing,Prophet,110.583333,0.0,test
2016-11-15 02:00:00,2016-11-16 02:00:00,24,Beijing,Prophet,103.583333,0.0,test
2016-11-15 03:00:00,2016-11-16 03:00:00,24,Beijing,Prophet,92.916667,0.0,test
2016-11-15 04:00:00,2016-11-16 04:00:00,24,Beijing,Prophet,83.416667,0.0,test
2016-11-15 05:00:00,2016-11-16 05:00:00,24,Beijing,Prophet,74.75,0.0,test
2016-11-15 06:00:00,2016-11-16 06:00:00,24,Beijing,Prophet,70.833333,0.0,test
2016-11-15 07:00:00,2016-11-16 07:00:00,24,Beijing,Prophet,72.333333,0.0,test
2016-11-15 08:00:00,2016-11-16 08:00:00,24,Beijing,Prophet,75.416667,0.0,test
2016-11-15 09:00:00,2016-11-16 09:00:00,24,Beijing,Prophet,78.416667,0.0,test
2016-11-15 10:00:00,2016-11-16 10:00:00,24,Beijing,Prophet,77.483333,0.0,test
2016-11-15 11:00:00,2016-11-16 11:00:00,24,Beijing,Prophet,84.216667,0.0,test
2016-11-15 12:00:00,2016-11-16 12:00:00,24,Beijing,Prophet,85.283333,0.0,test
2016-11-15 13:00:00,2016-11-16 13:00:00,24,Beijing,Prophet,89.1,0.0,test
2016-11-15 14:00:00,2016-11-16 14:00:00,24,Beijing,Prophet,92.583333,0.0,test
2016-11-15 15:00:00,2016-11-16 15:00:00,24,Beijing,Prophet,93.472222,0.0,test
2016-11-15 16:00:00,2016-11-16 16:00:00,24,Beijing,Prophet,91.611111,0.0,test
2016-11-15 17:00:00,2016-11-16 17:00:00,24,Beijing,Prophet,90.333333,0.0,test
2016-11-15 18:00:00,2016-11-16 18:00:00,24,Beijing,Prophet,97.0,0.0,test
2016-11-15 19:00:00,2016-11-16 19:00:00,24,Beijing,Prophet,110.083333,0.0,test
2016-11-15 20:00:00,2016-11-16 20:00:00,24,Beijing,Prophet,124.166667,0.0,test
2016-11-15 21:00:00,2016-11-16 21:00:00,24,Beijing,Prophet,130.833333,0.0,test
2016-11-15 22:00:00,2016-11-16 22:00:00,24,Beijing,Prophet,133.583333,0.0,test
2016-11-15 23:00:00,2016-11-16 23:00:00,24,Beijing,Prophet,149.166667,0.0,test
2016-11-16 00:00:00,2016-11-17 00:00:00,24,Beijing,Prophet,154.083333,0.0,test
2016-11-16 01:00:00,2016-11-17 01:00:00,24,Beijing,Prophet,151.75,0.0,test
2016-11-16 02:00:00,2016-11-17 02:00:00,24,Beijing,Prophet,153.166667,0.0,test
2016-11-16 03:00:00,2016-11-17 03:00:00,24,Beijing,Prophet,152.833333,0.0,test
2016-11-16 04:00:00,2016-11-17 04:00:00,24,Beijing,Prophet,136.333333,0.0,test
2016-11-16 05:00:00,2016-11-17 05:00:00,24,Beijing,Prophet,113.5,0.0,test
2016-11-16 06:00:00,2016-11-17 06:00:00,24,Beijing,Prophet,93.833333,0.0,test
2016-11-16 07:00:00,2016-11-17 07:00:00,24,Beijing,Prophet,89.583333,0.0,test
2016-11-16 08:00:00,2016-11-17 08:00:00,24,Beijing,Prophet,81.75,0.0,test
2016-11-16 09:00:00,2016-11-17 09:00:00,24,Beijing,Prophet,81.833333,0.0,test
2016-11-16 10:00:00,2016-11-17 10:00:00,24,Beijing,Prophet,82.833333,0.0,test
2016-11-16 11:00:00,2016-11-17 11:00:00,24,Beijing,Prophet,84.166667,0.0,test
2016-11-16 12:00:00,2016-11-17 12:00:00,24,Beijing,Prophet,85.0,0.0,test
2016-11-16 13:00:00,2016-11-17 13:00:00,24,Beijing,Prophet,88.166667,0.0,test
2016-11-16 14:00:00,2016-11-17 14:00:00,24,Beijing,Prophet,89.416667,0.0,test
2016-11-16 15:00:00,2016-11-17 15:00:00,24,Beijing,Prophet,94.0,0.0,test
2016-11-16 16:00:00,2016-11-17 16:00:00,24,Beijing,Prophet,101.333333,0.0,test
2016-11-16 17:00:00,2016-11-17 17:00:00,24,Beijing,Prophet,107.0,0.0,test
2016-11-16 18:00:00,2016-11-17 18:00:00,24,Beijing,Prophet,115.083333,0.0,test
2016-11-16 19:00:00,2016-11-17 19:00:00,24,Beijing,Prophet,122.333333,0.0,test
2016-11-16 20:00:00,2016-11-17 20:00:00,24,Beijing,Prophet,133.166667,0.0,test
2016-11-16 21:00:00,2016-11-17 21:00:00,24,Beijing,Prophet,141.083333,0.0,test
2016-11-16 22:00:00,2016-11-17 22:00:00,24,Beijing,Prophet,146.416667,0.0,test
2016-11-16 23:00:00,2016-11-17 23:00:00,24,Beijing,Prophet,149.583333,0.0,test
2016-11-17 00:00:00,2016-11-18 00:00:00,24,Beijing,Prophet,155.25,0.0,test
2016-11-17 01:00:00,2016-11-18 01:00:00,24,Beijing,Prophet,164.083333,0.0,test
2016-11-17 02:00:00,2016-11-18 02:00:00,24,Beijing,Prophet,164.916667,0.0,test
2016-11-17 03:00:00,2016-11-18 03:00:00,24,Beijing,Prophet,164.75,0.0,test
2016-11-17 04:00:00,2016-11-18 04:00:00,24,Beijing,Prophet,162.75,0.0,test
2016-11-17 05:00:00,2016-11-18 05:00:00,24,Beijing,Prophet,159.75,0.0,test
2016-11-17 06:00:00,2016-11-18 06:00:00,24,Beijing,Prophet,162.083333,0.0,test
2016-11-17 07:00:00,2016-11-18 07:00:00,24,Beijing,Prophet,163.833333,0.0,test
2016-11-17 08:00:00,2016-11-18 08:00:00,24,Beijing,Prophet,163.583333,0.0,test
2016-11-17 09:00:00,2016-11-18 09:00:00,24,Beijing,Prophet,169.166667,0.0,test
2016-11-17 10:00:00,2016-11-18 10:00:00,24,Beijing,Prophet,175.75,0.0,test
2016-11-17 11:00:00,2016-11-18 11:00:00,24,Beijing,Prophet,188.916667,0.0,test
2016-11-17 12:00:00,2016-11-18 12:00:00,24,Beijing,Prophet,201.083333,0.0,test
2016-11-17 13:00:00,2016-11-18 13:00:00,24,Beijing,Prophet,213.166667,0.0,test
2016-11-17 14:00:00,2016-11-18 14:00:00,24,Beijing,Prophet,221.166667,0.0,test
2016-11-17 15:00:00,2016-11-18 15:00:00,24,Beijing,Prophet,223.0,0.0,test
2016-11-17 16:00:00,2016-11-18 16:00:00,24,Beijing,Prophet,221.916667,0.0,test
2016-11-17 17:00:00,2016-11-18 17:00:00,24,Beijing,Prophet,220.583333,0.0,test
2016-11-17 18:00:00,2016-11-18 18:00:00,24,Beijing,Prophet,214.416667,0.0,test
2016-11-17 19:00:00,2016-11-18 19:00:00,24,Beijing,Prophet,205.166667,0.0,test
2016-11-17 20:00:00,2016-11-18 20:00:00,24,Beijing,Prophet,206.666667,0.0,test
2016-11-17 21:00:00,2016-11-18 21:00:00,24,Beijing,Prophet,205.916667,0.0,test
2016-11-17 22:00:00,2016-11-18 22:00:00,24,Beijing,Prophet,206.583333,0.0,test
2016-11-17 23:00:00,2016-11-18 23:00:00,24,Beijing,Prophet,202.25,0.0,test
2016-11-18 00:00:00,2016-11-19 00:00:00,24,Beijing,Prophet,212.083333,0.0,test
2016-11-18 01:00:00,2016-11-19 01:00:00,24,Beijing,Prophet,221.333333,0.0,test
2016-11-18 02:00:00,2016-11-19 02:00:00,24,Beijing,Prophet,219.416667,0.0,test
2016-11-18 03:00:00,2016-11-19 03:00:00,24,Beijing,Prophet,213.583333,0.0,test
2016-11-18 04:00:00,2016-11-19 04:00:00,24,Beijing,Prophet,200.75,0.0,test
2016-11-18 05:00:00,2016-11-19 05:00:00,24,Beijing,Prophet,189.0,0.0,test
2016-11-18 06:00:00,2016-11-19 06:00:00,24,Beijing,Prophet,177.083333,0.0,test
2016-11-18 07:00:00,2016-11-19 07:00:00,24,Beijing,Prophet,124.916667,0.0,test
2016-11-18 08:00:00,2016-11-19 08:00:00,24,Beijing,Prophet,79.5,0.0,test
2016-11-18 09:00:00,2016-11-19 09:00:00,24,Beijing,Prophet,48.75,0.0,test
2016-11-18 10:00:00,2016-11-19 10:00:00,24,Beijing,Prophet,43.416667,0.0,test
2016-11-18 11:00:00,2016-11-19 11:00:00,24,Beijing,Prophet,35.916667,0.0,test
2016-11-18 12:00:00,2016-11-19 12:00:00,24,Beijing,Prophet,31.75,0.0,test
2016-11-18 13:00:00,2016-11-19 13:00:00,24,Beijing,Prophet,28.25,0.0,test
2016-11-18 14:00:00,2016-11-19 14:00:00,24,Beijing,Prophet,22.75,0.0,test
2016-11-18 15:00:00,2016-11-19 15:00:00,24,Beijing,Prophet,24.25,0.0,test
2016-11-18 16:00:00,2016-11-19 16:00:00,24,Beijing,Prophet,47.75,0.0,test
2016-11-18 17:00:00,2016-11-19 17:00:00,24,Beijing,Prophet,116.916667,0.0,test
2016-11-18 18:00:00,2016-11-19 18:00:00,24,Beijing,Prophet,155.083333,0.0,test
2016-11-18 19:00:00,2016-11-19 19:00:00,24,Beijing,Prophet,177.75,0.0,test
2016-11-18 20:00:00,2016-11-19 20:00:00,24,Beijing,Prophet,192.583333,0.0,test
2016-11-18 21:00:00,2016-11-19 21:00:00,24,Beijing,Prophet,169.916667,0.0,test
2016-11-18 22:00:00,2016-11-19 22:00:00,24,Beijing,Prophet,135.0,0.0,test
2016-11-18 23:00:00,2016-11-19 23:00:00,24,Beijing,Prophet,112.666667,0.0,test
2016-11-19 00:00:00,2016-11-20 00:00:00,24,Beijing,Prophet,109.583333,0.0,test
2016-11-19 01:00:00,2016-11-20 01:00:00,24,Beijing,Prophet,102.416667,0.0,test
2016-11-19 02:00:00,2016-11-20 02:00:00,24,Beijing,Prophet,89.666667,0.0,test
2016-11-19 03:00:00,2016-11-20 03:00:00,24,Beijing,Prophet,76.333333,0.0,test
2016-11-19 04:00:00,2016-11-20 04:00:00,24,Beijing,Prophet,64.25,0.0,test
2016-11-19 05:00:00,2016-11-20 05:00:00,24,Beijing,Prophet,58.583333,0.0,test
2016-11-19 06:00:00,2016-11-20 06:00:00,24,Beijing,Prophet,51.25,0.0,test
2016-11-19 07:00:00,2016-11-20 07:00:00,24,Beijing,Prophet,49.5,0.0,test
2016-11-19 08:00:00,2016-11-20 08:00:00,24,Beijing,Prophet,47.916667,0.0,test
2016-11-19 09:00:00,2016-11-20 09:00:00,24,Beijing,Prophet,52.666667,0.0,test
2016-11-19 10:00:00,2016-11-20 10:00:00,24,Beijing,Prophet,57.25,0.0,test
2016-11-19 11:00:00,2016-11-20 11:00:00,24,Beijing,Prophet,57.75,0.0,test
2016-11-19 12:00:00,2016-11-20 12:00:00,24,Beijing,Prophet,63.916667,0.0,test
2016-11-19 13:00:00,2016-11-20 13:00:00,24,Beijing,Prophet,68.666667,0.0,test
2016-11-19 14:00:00,2016-11-20 14:00:00,24,Beijing,Prophet,68.416667,0.0,test
2016-11-19 15:00:00,2016-11-20 15:00:00,24,Beijing,Prophet,67.0,0.0,test
2016-11-19 16:00:00,2016-11-20 16:00:00,24,Beijing,Prophet,56.5,0.0,test
2016-11-19 17:00:00,2016-11-20 17:00:00,24,Beijing,Prophet,52.0,0.0,test
2016-11-19 18:00:00,2016-11-20 18:00:00,24,Beijing,Prophet,35.333333,0.0,test
2016-11-19 19:00:00,2016-11-20 19:00:00,24,Beijing,Prophet,29.0,0.0,test
2016-11-19 20:00:00,2016-11-20 20:00:00,24,Beijing,Prophet,21.416667,0.0,test
2016-11-19 21:00:00,2016-11-20 21:00:00,24,Beijing,Prophet,14.916667,0.0,test
2016-11-19 22:00:00,2016-11-20 22:00:00,24,Beijing,Prophet,13.166667,0.0,test
2016-11-19 23:00:00,2016-11-20 23:00:00,24,Beijing,Prophet,12.0,0.0,test
2016-11-20 00:00:00,2016-11-21 00:00:00,24,Beijing,Prophet,11.166667,0.0,test
2016-11-20 01:00:00,2016-11-21 01:00:00,24,Beijing,Prophet,13.416667,0.0,test
2016-11-20 02:00:00,2016-11-21 02:00:00,24,Beijing,Prophet,12.416667,0.0,test
2016-11-20 03:00:00,2016-11-21 03:00:00,24,Beijing,Prophet,10.333333,0.0,test
2016-11-20 04:00:00,2016-11-21 04:00:00,24,Beijing,Prophet,9.583333,0.0,test
2016-11-20 05:00:00,2016-11-21 05:00:00,24,Beijing,Prophet,11.083333,0.0,test
2016-11-20 06:00:00,2016-11-21 06:00:00,24,Beijing,Prophet,6.916667,0.0,test
2016-11-20 07:00:00,2016-11-21 07:00:00,24,Beijing,Prophet,9.5,0.0,test
2016-11-20 08:00:00,2016-11-21 08:00:00,24,Beijing,Prophet,7.333333,0.0,test
2016-11-20 09:00:00,2016-11-21 09:00:00,24,Beijing,Prophet,8.5,0.0,test
2016-11-20 10:00:00,2016-11-21 10:00:00,24,Beijing,Prophet,9.583333,0.0,test
2016-11-20 11:00:00,2016-11-21 11:00:00,24,Beijing,Prophet,9.416667,0.0,test
2016-11-20 12:00:00,2016-11-21 12:00:00,24,Beijing,Prophet,9.666667,0.0,test
2016-11-20 13:00:00,2016-11-21 13:00:00,24,Beijing,Prophet,11.0,0.0,test
2016-11-20 14:00:00,2016-11-21 14:00:00,24,Beijing,Prophet,9.25,0.0,test
2016-11-20 15:00:00,2016-11-21 15:00:00,24,Beijing,Prophet,8.75,0.0,test
2016-11-20 16:00:00,2016-11-21 16:00:00,24,Beijing,Prophet,9.583333,0.0,test
2016-11-20 17:00:00,2016-11-21 17:00:00,24,Beijing,Prophet,8.166667,0.0,test
2016-11-20 18:00:00,2016-11-21 18:00:00,24,Beijing,Prophet,9.416667,0.0,test
2016-11-20 19:00:00,2016-11-21 19:00:00,24,Beijing,Prophet,11.0,0.0,test
2016-11-20 20:00:00,2016-11-21 20:00:00,24,Beijing,Prophet,10.833333,0.0,test
2016-11-20 21:00:00,2016-11-21 21:00:00,24,Beijing,Prophet,9.083333,0.0,test
2016-11-20 22:00:00,2016-11-21 22:00:00,24,Beijing,Prophet,8.416667,0.0,test
2016-11-20 23:00:00,2016-11-21 23:00:00,24,Beijing,Prophet,7.083333,0.0,test
2016-11-21 00:00:00,2016-11-22 00:00:00,24,Beijing,Prophet,8.25,0.0,test
2016-11-21 01:00:00,2016-11-22 01:00:00,24,Beijing,Prophet,7.25,0.0,test
2016-11-21 02:00:00,2016-11-22 02:00:00,24,Beijing,Prophet,5.333333,0.0,test
2016-11-21 03:00:00,2016-11-22 03:00:00,24,Beijing,Prophet,5.916667,0.0,test
2016-11-21 04:00:00,2016-11-22 04:00:00,24,Beijing,Prophet,6.0,0.0,test
2016-11-21 05:00:00,2016-11-22 05:00:00,24,Beijing,Prophet,5.75,0.0,test
2016-11-21 06:00:00,2016-11-22 06:00:00,24,Beijing,Prophet,4.666667,0.0,test
2016-11-21 07:00:00,2016-11-22 07:00:00,24,Beijing,Prophet,6.5,0.0,test
2016-11-21 08:00:00,2016-11-22 08:00:00,24,Beijing,Prophet,7.5,0.0,test
2016-11-21 09:00:00,2016-11-22 09:00:00,24,Beijing,Prophet,7.833333,0.0,test
2016-11-21 10:00:00,2016-11-22 10:00:00,24,Beijing,Prophet,8.083333,0.0,test
2016-11-21 11:00:00,2016-11-22 11:00:00,24,Beijing,Prophet,7.75,0.0,test
2016-11-21 12:00:00,2016-11-22 12:00:00,24,Beijing,Prophet,6.5,0.0,test
2016-11-21 13:00:00,2016-11-22 13:00:00,24,Beijing,Prophet,6.0,0.0,test
2016-11-21 14:00:00,2016-11-22 14:00:00,24,Beijing,Prophet,7.583333,0.0,test
2016-11-21 15:00:00,2016-11-22 15:00:00,24,Beijing,Prophet,6.583333,0.0,test
2016-11-21 16:00:00,2016-11-22 16:00:00,24,Beijing,Prophet,7.166667,0.0,test
2016-11-21 17:00:00,2016-11-22 17:00:00,24,Beijing,Prophet,7.333333,0.0,test
2016-11-21 18:00:00,2016-11-22 18:00:00,24,Beijing,Prophet,9.416667,0.0,test
2016-11-21 19:00:00,2016-11-22 19:00:00,24,Beijing,Prophet,14.083333,0.0,test
2016-11-21 20:00:00,2016-11-22 20:00:00,24,Beijing,Prophet,13.666667,0.0,test
2016-11-21 21:00:00,2016-11-22 21:00:00,24,Beijing,Prophet,13.416667,0.0,test
2016-11-21 22:00:00,2016-11-22 22:00:00,24,Beijing,Prophet,12.25,0.0,test
2016-11-21 23:00:00,2016-11-22 23:00:00,24,Beijing,Prophet,11.333333,0.0,test
2016-11-22 00:00:00,2016-11-23 00:00:00,24,Beijing,Prophet,11.333333,0.0,test
2016-11-22 01:00:00,2016-11-23 01:00:00,24,Beijing,Prophet,11.0,0.0,test
2016-11-22 02:00:00,2016-11-23 02:00:00,24,Beijing,Prophet,10.5,0.0,test
2016-11-22 03:00:00,2016-11-23 03:00:00,24,Beijing,Prophet,10.333333,0.0,test
2016-11-22 04:00:00,2016-11-23 04:00:00,24,Beijing,Prophet,8.666667,0.0,test
2016-11-22 05:00:00,2016-11-23 05:00:00,24,Beijing,Prophet,8.416667,0.0,test
2016-11-22 06:00:00,2016-11-23 06:00:00,24,Beijing,Prophet,9.25,0.0,test
2016-11-22 07:00:00,2016-11-23 07:00:00,24,Beijing,Prophet,12.166667,0.0,test
2016-11-22 08:00:00,2016-11-23 08:00:00,24,Beijing,Prophet,15.583333,0.0,test
2016-11-22 09:00:00,2016-11-23 09:00:00,24,Beijing,Prophet,24.75,0.0,test
2016-11-22 10:00:00,2016-11-23 10:00:00,24,Beijing,Prophet,33.333333,0.0,test
2016-11-22 11:00:00,2016-11-23 11:00:00,24,Beijing,Prophet,32.027778,0.0,test
2016-11-22 12:00:00,2016-11-23 12:00:00,24,Beijing,Prophet,35.055556,0.0,test
2016-11-22 13:00:00,2016-11-23 13:00:00,24,Beijing,Prophet,31.5,0.0,test
2016-11-22 14:00:00,2016-11-23 14:00:00,24,Beijing,Prophet,31.416667,0.0,test
2016-11-22 15:00:00,2016-11-23 15:00:00,24,Beijing,Prophet,18.666667,0.0,test
2016-11-22 16:00:00,2016-11-23 16:00:00,24,Beijing,Prophet,10.416667,0.0,test
2016-11-22 17:00:00,2016-11-23 17:00:00,24,Beijing,Prophet,16.333333,0.0,test
2016-11-22 18:00:00,2016-11-23 18:00:00,24,Beijing,Prophet,23.333333,0.0,test
2016-11-22 19:00:00,2016-11-23 19:00:00,24,Beijing,Prophet,29.25,0.0,test
2016-11-22 20:00:00,2016-11-23 20:00:00,24,Beijing,Prophet,22.416667,0.0,test
2016-11-22 21:00:00,2016-11-23 21:00:00,24,Beijing,Prophet,23.75,0.0,test
2016-11-22 22:00:00,2016-11-23 22:00:00,24,Beijing,Prophet,14.416667,0.0,test
2016-11-22 23:00:00,2016-11-23 23:00:00,24,Beijing,Prophet,10.5,0.0,test
2016-11-23 00:00:00,2016-11-24 00:00:00,24,Beijing,Prophet,12.583333,0.0,test
2016-11-23 01:00:00,2016-11-24 01:00:00,24,Beijing,Prophet,11.583333,0.0,test
2016-11-23 02:00:00,2016-11-24 02:00:00,24,Beijing,Prophet,14.75,0.0,test
2016-11-23 03:00:00,2016-11-24 03:00:00,24,Beijing,Prophet,11.333333,0.0,test
2016-11-23 04:00:00,2016-11-24 04:00:00,24,Beijing,Prophet,11.916667,0.0,test
2016-11-23 05:00:00,2016-11-24 05:00:00,24,Beijing,Prophet,12.666667,0.0,test
2016-11-23 06:00:00,2016-11-24 06:00:00,24,Beijing,Prophet,16.666667,0.0,test
2016-11-23 07:00:00,2016-11-24 07:00:00,24,Beijing,Prophet,17.916667,0.0,test
2016-11-23 08:00:00,2016-11-24 08:00:00,24,Beijing,Prophet,31.333333,0.0,test
2016-11-23 09:00:00,2016-11-24 09:00:00,24,Beijing,Prophet,54.0,0.0,test
2016-11-23 10:00:00,2016-11-24 10:00:00,24,Beijing,Prophet,54.666667,0.0,test
2016-11-23 11:00:00,2016-11-24 11:00:00,24,Beijing,Prophet,60.583333,0.0,test
2016-11-23 12:00:00,2016-11-24 12:00:00,24,Beijing,Prophet,67.0,0.0,test
2016-11-23 13:00:00,2016-11-24 13:00:00,24,Beijing,Prophet,68.5,0.0,test
2016-11-23 14:00:00,2016-11-24 14:00:00,24,Beijing,Prophet,70.208333,0.0,test
2016-11-23 15:00:00,2016-11-24 15:00:00,24,Beijing,Prophet,74.916667,0.0,test
2016-11-23 16:00:00,2016-11-24 16:00:00,24,Beijing,Prophet,79.916667,0.0,test
2016-11-23 17:00:00,2016-11-24 17:00:00,24,Beijing,Prophet,88.333333,0.0,test
2016-11-23 18:00:00,2016-11-24 18:00:00,24,Beijing,Prophet,109.25,0.0,test
2016-11-23 19:00:00,2016-11-24 19:00:00,24,Beijing,Prophet,136.166667,0.0,test
2016-11-23 20:00:00,2016-11-24 20:00:00,24,Beijing,Prophet,152.333333,0.0,test
2016-11-23 21:00:00,2016-11-24 21:00:00,24,Beijing,Prophet,157.5,0.0,test
2016-11-23 22:00:00,2016-11-24 22:00:00,24,Beijing,Prophet,151.75,0.0,test
2016-11-23 23:00:00,2016-11-24 23:00:00,24,Beijing,Prophet,152.75,0.0,test
2016-11-24 00:00:00,2016-11-25 00:00:00,24,Beijing,Prophet,155.083333,0.0,test
2016-11-24 01:00:00,2016-11-25 01:00:00,24,Beijing,Prophet,150.0,0.0,test
2016-11-24 02:00:00,2016-11-25 02:00:00,24,Beijing,Prophet,143.5,0.0,test
2016-11-24 03:00:00,2016-11-25 03:00:00,24,Beijing,Prophet,140.166667,0.0,test
2016-11-24 04:00:00,2016-11-25 04:00:00,24,Beijing,Prophet,129.666667,0.0,test
2016-11-24 05:00:00,2016-11-25 05:00:00,24,Beijing,Prophet,110.083333,0.0,test
2016-11-24 06:00:00,2016-11-25 06:00:00,24,Beijing,Prophet,99.583333,0.0,test
2016-11-24 07:00:00,2016-11-25 07:00:00,24,Beijing,Prophet,95.75,0.0,test
2016-11-24 08:00:00,2016-11-25 08:00:00,24,Beijing,Prophet,91.583333,0.0,test
2016-11-24 09:00:00,2016-11-25 09:00:00,24,Beijing,Prophet,92.5,0.0,test
2016-11-24 10:00:00,2016-11-25 10:00:00,24,Beijing,Prophet,98.0,0.0,test
2016-11-24 11:00:00,2016-11-25 11:00:00,24,Beijing,Prophet,103.0,0.0,test
2016-11-24 12:00:00,2016-11-25 12:00:00,24,Beijing,Prophet,105.833333,0.0,test
2016-11-24 13:00:00,2016-11-25 13:00:00,24,Beijing,Prophet,110.666667,0.0,test
2016-11-24 14:00:00,2016-11-25 14:00:00,24,Beijing,Prophet,112.166667,0.0,test
2016-11-24 15:00:00,2016-11-25 15:00:00,24,Beijing,Prophet,119.25,0.0,test
2016-11-24 16:00:00,2016-11-25 16:00:00,24,Beijing,Prophet,139.666667,0.0,test
2016-11-24 17:00:00,2016-11-25 17:00:00,24,Beijing,Prophet,160.666667,0.0,test
2016-11-24 18:00:00,2016-11-25 18:00:00,24,Beijing,Prophet,191.583333,0.0,test
2016-11-24 19:00:00,2016-11-25 19:00:00,24,Beijing,Prophet,236.5,0.0,test
2016-11-24 20:00:00,2016-11-25 20:00:00,24,Beijing,Prophet,246.152381,0.0,test
2016-11-24 21:00:00,2016-11-25 21:00:00,24,Beijing,Prophet,256.054762,0.0,test
2016-11-24 22:00:00,2016-11-25 22:00:00,24,Beijing,Prophet,255.547421,0.0,test
2016-11-24 23:00:00,2016-11-25 23:00:00,24,Beijing,Prophet,259.706746,0.0,test
2016-11-25 00:00:00,2016-11-26 00:00:00,24,Beijing,Prophet,264.366071,0.0,test
2016-11-25 01:00:00,2016-11-26 01:00:00,24,Beijing,Prophet,258.047619,0.0,test
2016-11-25 02:00:00,2016-11-26 02:00:00,24,Beijing,Prophet,247.0,0.0,test
2016-11-25 03:00:00,2016-11-26 03:00:00,24,Beijing,Prophet,250.833333,0.0,test
2016-11-25 04:00:00,2016-11-26 04:00:00,24,Beijing,Prophet,236.166667,0.0,test
2016-11-25 05:00:00,2016-11-26 05:00:00,24,Beijing,Prophet,246.65,0.0,test
2016-11-25 06:00:00,2016-11-26 06:00:00,24,Beijing,Prophet,252.55,0.0,test
2016-11-25 07:00:00,2016-11-26 07:00:00,24,Beijing,Prophet,241.95,0.0,test
2016-11-25 08:00:00,2016-11-26 08:00:00,24,Beijing,Prophet,241.683333,0.0,test
2016-11-25 09:00:00,2016-11-26 09:00:00,24,Beijing,Prophet,261.666667,0.0,test
2016-11-25 10:00:00,2016-11-26 10:00:00,24,Beijing,Prophet,275.930556,0.0,test
2016-11-25 11:00:00,2016-11-26 11:00:00,24,Beijing,Prophet,285.194444,0.0,test
2016-11-25 12:00:00,2016-11-26 12:00:00,24,Beijing,Prophet,235.0,0.0,test
2016-11-25 13:00:00,2016-11-26 13:00:00,24,Beijing,Prophet,217.333333,0.0,test
2016-11-25 14:00:00,2016-11-26 14:00:00,24,Beijing,Prophet,203.083333,0.0,test
2016-11-25 15:00:00,2016-11-26 15:00:00,24,Beijing,Prophet,188.5,0.0,test
2016-11-25 16:00:00,2016-11-26 16:00:00,24,Beijing,Prophet,189.119048,0.0,test
2016-11-25 17:00:00,2016-11-26 17:00:00,24,Beijing,Prophet,230.154762,0.0,test
2016-11-25 18:00:00,2016-11-26 18:00:00,24,Beijing,Prophet,257.02381,0.0,test
2016-11-25 19:00:00,2016-11-26 19:00:00,24,Beijing,Prophet,267.214286,0.0,test
2016-11-25 20:00:00,2016-11-26 20:00:00,24,Beijing,Prophet,273.501984,0.0,test
2016-11-25 21:00:00,2016-11-26 21:00:00,24,Beijing,Prophet,266.706349,0.0,test
2016-11-25 22:00:00,2016-11-26 22:00:00,24,Beijing,Prophet,260.882937,0.0,test
2016-11-25 23:00:00,2016-11-26 23:00:00,24,Beijing,Prophet,261.579365,0.0,test
2016-11-26 00:00:00,2016-11-27 00:00:00,24,Beijing,Prophet,253.609127,0.0,test
2016-11-26 01:00:00,2016-11-27 01:00:00,24,Beijing,Prophet,240.805556,0.0,test
2016-11-26 02:00:00,2016-11-27 02:00:00,24,Beijing,Prophet,212.361111,0.0,test
2016-11-26 03:00:00,2016-11-27 03:00:00,24,Beijing,Prophet,115.5,0.0,test
2016-11-26 04:00:00,2016-11-27 04:00:00,24,Beijing,Prophet,88.916667,0.0,test
2016-11-26 05:00:00,2016-11-27 05:00:00,24,Beijing,Prophet,65.333333,0.0,test
2016-11-26 06:00:00,2016-11-27 06:00:00,24,Beijing,Prophet,47.666667,0.0,test
2016-11-26 07:00:00,2016-11-27 07:00:00,24,Beijing,Prophet,37.583333,0.0,test
2016-11-26 08:00:00,2016-11-27 08:00:00,24,Beijing,Prophet,20.333333,0.0,test
2016-11-26 09:00:00,2016-11-27 09:00:00,24,Beijing,Prophet,12.833333,0.0,test
2016-11-26 10:00:00,2016-11-27 10:00:00,24,Beijing,Prophet,13.333333,0.0,test
2016-11-26 11:00:00,2016-11-27 11:00:00,24,Beijing,Prophet,11.083333,0.0,test
2016-11-26 12:00:00,2016-11-27 12:00:00,24,Beijing,Prophet,9.833333,0.0,test
2016-11-26 13:00:00,2016-11-27 13:00:00,24,Beijing,Prophet,9.333333,0.0,test
2016-11-26 14:00:00,2016-11-27 14:00:00,24,Beijing,Prophet,9.5,0.0,test
2016-11-26 15:00:00,2016-11-27 15:00:00,24,Beijing,Prophet,11.0,0.0,test
2016-11-26 16:00:00,2016-11-27 16:00:00,24,Beijing,Prophet,8.333333,0.0,test
2016-11-26 17:00:00,2016-11-27 17:00:00,24,Beijing,Prophet,10.083333,0.0,test
2016-11-26 18:00:00,2016-11-27 18:00:00,24,Beijing,Prophet,12.5,0.0,test
2016-11-26 19:00:00,2016-11-27 19:00:00,24,Beijing,Prophet,16.916667,0.0,test
2016-11-26 20:00:00,2016-11-27 20:00:00,24,Beijing,Prophet,19.833333,0.0,test
2016-11-26 21:00:00,2016-11-27 21:00:00,24,Beijing,Prophet,23.083333,0.0,test
2016-11-26 22:00:00,2016-11-27 22:00:00,24,Beijing,Prophet,30.416667,0.0,test
2016-11-26 23:00:00,2016-11-27 23:00:00,24,Beijing,Prophet,25.5,0.0,test
2016-11-27 00:00:00,2016-11-28 00:00:00,24,Beijing,Prophet,24.25,0.0,test
2016-11-27 01:00:00,2016-11-28 01:00:00,24,Beijing,Prophet,28.666667,0.0,test
2016-11-27 02:00:00,2016-11-28 02:00:00,24,Beijing,Prophet,41.333333,0.0,test
2016-11-27 03:00:00,2016-11-28 03:00:00,24,Beijing,Prophet,47.333333,0.0,test
2016-11-27 04:00:00,2016-11-28 04:00:00,24,Beijing,Prophet,49.916667,0.0,test
2016-11-27 05:00:00,2016-11-28 05:00:00,24,Beijing,Prophet,50.166667,0.0,test
2016-11-27 06:00:00,2016-11-28 06:00:00,24,Beijing,Prophet,47.25,0.0,test
2016-11-27 07:00:00,2016-11-28 07:00:00,24,Beijing,Prophet,47.5,0.0,test
2016-11-27 08:00:00,2016-11-28 08:00:00,24,Beijing,Prophet,47.25,0.0,test
2016-11-27 09:00:00,2016-11-28 09:00:00,24,Beijing,Prophet,46.5,0.0,test
2016-11-27 10:00:00,2016-11-28 10:00:00,24,Beijing,Prophet,44.166667,0.0,test
2016-11-27 11:00:00,2016-11-28 11:00:00,24,Beijing,Prophet,47.166667,0.0,test
2016-11-27 12:00:00,2016-11-28 12:00:00,24,Beijing,Prophet,48.416667,0.0,test
2016-11-27 13:00:00,2016-11-28 13:00:00,24,Beijing,Prophet,54.583333,0.0,test
2016-11-27 14:00:00,2016-11-28 14:00:00,24,Beijing,Prophet,64.333333,0.0,test
2016-11-27 15:00:00,2016-11-28 15:00:00,24,Beijing,Prophet,66.958333,0.0,test
2016-11-27 16:00:00,2016-11-28 16:00:00,24,Beijing,Prophet,67.833333,0.0,test
2016-11-27 17:00:00,2016-11-28 17:00:00,24,Beijing,Prophet,72.75,0.0,test
2016-11-27 18:00:00,2016-11-28 18:00:00,24,Beijing,Prophet,80.333333,0.0,test
2016-11-27 19:00:00,2016-11-28 19:00:00,24,Beijing,Prophet,94.166667,0.0,test
2016-11-27 20:00:00,2016-11-28 20:00:00,24,Beijing,Prophet,95.0,0.0,test
2016-11-27 21:00:00,2016-11-28 21:00:00,24,Beijing,Prophet,86.333333,0.0,test
2016-11-27 22:00:00,2016-11-28 22:00:00,24,Beijing,Prophet,85.166667,0.0,test
2016-11-27 23:00:00,2016-11-28 23:00:00,24,Beijing,Prophet,82.833333,0.0,test
2016-11-28 00:00:00,2016-11-29 00:00:00,24,Beijing,Prophet,85.25,0.0,test
2016-11-28 01:00:00,2016-11-29 01:00:00,24,Beijing,Prophet,86.0,0.0,test
2016-11-28 02:00:00,2016-11-29 02:00:00,24,Beijing,Prophet,79.833333,0.0,test
2016-11-28 03:00:00,2016-11-29 03:00:00,24,Beijing,Prophet,75.666667,0.0,test
2016-11-28 04:00:00,2016-11-29 04:00:00,24,Beijing,Prophet,71.75,0.0,test
2016-11-28 05:00:00,2016-11-29 05:00:00,24,Beijing,Prophet,68.25,0.0,test
2016-11-28 06:00:00,2016-11-29 06:00:00,24,Beijing,Prophet,61.0,0.0,test
2016-11-28 07:00:00,2016-11-29 07:00:00,24,Beijing,Prophet,50.833333,0.0,test
2016-11-28 08:00:00,2016-11-29 08:00:00,24,Beijing,Prophet,48.0,0.0,test
2016-11-28 09:00:00,2016-11-29 09:00:00,24,Beijing,Prophet,58.833333,0.0,test
2016-11-28 10:00:00,2016-11-29 10:00:00,24,Beijing,Prophet,72.5,0.0,test
2016-11-28 11:00:00,2016-11-29 11:00:00,24,Beijing,Prophet,97.25,0.0,test
2016-11-28 12:00:00,2016-11-29 12:00:00,24,Beijing,Prophet,130.583333,0.0,test
2016-11-28 13:00:00,2016-11-29 13:00:00,24,Beijing,Prophet,139.25,0.0,test
2016-11-28 14:00:00,2016-11-29 14:00:00,24,Beijing,Prophet,137.833333,0.0,test
2016-11-28 15:00:00,2016-11-29 15:00:00,24,Beijing,Prophet,124.0,0.0,test
2016-11-28 16:00:00,2016-11-29 16:00:00,24,Beijing,Prophet,117.583333,0.0,test
2016-11-28 17:00:00,2016-11-29 17:00:00,24,Beijing,Prophet,108.166667,0.0,test
2016-11-28 18:00:00,2016-11-29 18:00:00,24,Beijing,Prophet,112.25,0.0,test
2016-11-28 19:00:00,2016-11-29 19:00:00,24,Beijing,Prophet,112.75,0.0,test
2016-11-28 20:00:00,2016-11-29 20:00:00,24,Beijing,Prophet,124.833333,0.0,test
2016-11-28 21:00:00,2016-11-29 21:00:00,24,Beijing,Prophet,126.25,0.0,test
2016-11-28 22:00:00,2016-11-29 22:00:00,24,Beijing,Prophet,118.666667,0.0,test
2016-11-28 23:00:00,2016-11-29 23:00:00,24,Beijing,Prophet,114.0,0.0,test
2016-11-29 00:00:00,2016-11-30 00:00:00,24,Beijing,Prophet,107.416667,0.0,test
2016-11-29 01:00:00,2016-11-30 01:00:00,24,Beijing,Prophet,102.833333,0.0,test
2016-11-29 02:00:00,2016-11-30 02:00:00,24,Beijing,Prophet,102.083333,0.0,test
2016-11-29 03:00:00,2016-11-30 03:00:00,24,Beijing,Prophet,102.833333,0.0,test
2016-11-29 04:00:00,2016-11-30 04:00:00,24,Beijing,Prophet,103.083333,0.0,test
2016-11-29 05:00:00,2016-11-30 05:00:00,24,Beijing,Prophet,107.0,0.0,test
2016-11-29 06:00:00,2016-11-30 06:00:00,24,Beijing,Prophet,115.083333,0.0,test
2016-11-29 07:00:00,2016-11-30 07:00:00,24,Beijing,Prophet,113.5,0.0,test
2016-11-29 08:00:00,2016-11-30 08:00:00,24,Beijing,Prophet,116.583333,0.0,test
2016-11-29 09:00:00,2016-11-30 09:00:00,24,Beijing,Prophet,118.833333,0.0,test
2016-11-29 10:00:00,2016-11-30 10:00:00,24,Beijing,Prophet,134.916667,0.0,test
2016-11-29 11:00:00,2016-11-30 11:00:00,24,Beijing,Prophet,155.5,0.0,test
2016-11-29 12:00:00,2016-11-30 12:00:00,24,Beijing,Prophet,175.666667,0.0,test
2016-11-29 13:00:00,2016-11-30 13:00:00,24,Beijing,Prophet,156.666667,0.0,test
2016-11-29 14:00:00,2016-11-30 14:00:00,24,Beijing,Prophet,129.916667,0.0,test
2016-11-29 15:00:00,2016-11-30 15:00:00,24,Beijing,Prophet,105.916667,0.0,test
2016-11-29 16:00:00,2016-11-30 16:00:00,24,Beijing,Prophet,87.166667,0.0,test
2016-11-29 17:00:00,2016-11-30 17:00:00,24,Beijing,Prophet,51.416667,0.0,test
2016-11-29 18:00:00,2016-11-30 18:00:00,24,Beijing,Prophet,30.333333,0.0,test
2016-11-29 19:00:00,2016-11-30 19:00:00,24,Beijing,Prophet,10.0,0.0,test
2016-11-29 20:00:00,2016-11-30 20:00:00,24,Beijing,Prophet,9.583333,0.0,test
2016-11-29 21:00:00,2016-11-30 21:00:00,24,Beijing,Prophet,7.416667,0.0,test
2016-11-29 22:00:00,2016-11-30 22:00:00,24,Beijing,Prophet,8.083333,0.0,test
2016-11-29 23:00:00,2016-11-30 23:00:00,24,Beijing,Prophet,9.25,0.0,test
2016-11-30 00:00:00,2016-12-01 00:00:00,24,Beijing,Prophet,8.583333,0.0,test
2016-11-30 01:00:00,2016-12-01 01:00:00,24,Beijing,Prophet,11.833333,0.0,test
2016-11-30 02:00:00,2016-12-01 02:00:00,24,Beijing,Prophet,11.916667,0.0,test
2016-11-30 03:00:00,2016-12-01 03:00:00,24,Beijing,Prophet,9.75,0.0,test
2016-11-30 04:00:00,2016-12-01 04:00:00,24,Beijing,Prophet,9.583333,0.0,test
2016-11-30 05:00:00,2016-12-01 05:00:00,24,Beijing,Prophet,7.583333,0.0,test
2016-11-30 06:00:00,2016-12-01 06:00:00,24,Beijing,Prophet,8.416667,0.0,test
2016-11-30 07:00:00,2016-12-01 07:00:00,24,Beijing,Prophet,8.166667,0.0,test
2016-11-30 08:00:00,2016-12-01 08:00:00,24,Beijing,Prophet,10.416667,0.0,test
2016-11-30 09:00:00,2016-12-01 09:00:00,24,Beijing,Prophet,11.25,0.0,test
2016-11-30 10:00:00,2016-12-01 10:00:00,24,Beijing,Prophet,10.333333,0.0,test
2016-11-30 11:00:00,2016-12-01 11:00:00,24,Beijing,Prophet,8.75,0.0,test
2016-11-30 12:00:00,2016-12-01 12:00:00,24,Beijing,Prophet,8.916667,0.0,test
2016-11-30 13:00:00,2016-12-01 13:00:00,24,Beijing,Prophet,10.833333,0.0,test
2016-11-30 14:00:00,2016-12-01 14:00:00,24,Beijing,Prophet,10.833333,0.0,test
2016-11-30 15:00:00,2016-12-01 15:00:00,24,Beijing,Prophet,10.833333,0.0,test
2016-11-30 16:00:00,2016-12-01 16:00:00,24,Beijing,Prophet,13.333333,0.0,test
2016-11-30 17:00:00,2016-12-01 17:00:00,24,Beijing,Prophet,25.0,0.0,test
2016-11-30 18:00:00,2016-12-01 18:00:00,24,Beijing,Prophet,50.0,0.0,test
2016-11-30 19:00:00,2016-12-01 19:00:00,24,Beijing,Prophet,69.25,0.0,test
2016-11-30 20:00:00,2016-12-01 20:00:00,24,Beijing,Prophet,86.25,0.0,test
2016-11-30 21:00:00,2016-12-01 21:00:00,24,Beijing,Prophet,85.75,0.0,test
2016-11-30 22:00:00,2016-12-01 22:00:00,24,Beijing,Prophet,87.583333,0.0,test
2016-11-30 23:00:00,2016-12-01 23:00:00,24,Beijing,Prophet,93.083333,0.0,test
2016-12-01 00:00:00,2016-12-02 00:00:00,24,Beijing,Prophet,95.583333,0.0,test
2016-12-01 01:00:00,2016-12-02 01:00:00,24,Beijing,Prophet,95.166667,0.0,test
2016-12-01 02:00:00,2016-12-02 02:00:00,24,Beijing,Prophet,97.333333,0.0,test
2016-12-01 03:00:00,2016-12-02 03:00:00,24,Beijing,Prophet,87.916667,0.0,test
2016-12-01 04:00:00,2016-12-02 04:00:00,24,Beijing,Prophet,73.083333,0.0,test
2016-12-01 05:00:00,2016-12-02 05:00:00,24,Beijing,Prophet,53.166667,0.0,test
2016-12-01 06:00:00,2016-12-02 06:00:00,24,Beijing,Prophet,46.25,0.0,test
2016-12-01 07:00:00,2016-12-02 07:00:00,24,Beijing,Prophet,47.083333,0.0,test
2016-12-01 08:00:00,2016-12-02 08:00:00,24,Beijing,Prophet,40.916667,0.0,test
2016-12-01 09:00:00,2016-12-02 09:00:00,24,Beijing,Prophet,42.416667,0.0,test
2016-12-01 10:00:00,2016-12-02 10:00:00,24,Beijing,Prophet,47.0,0.0,test
2016-12-01 11:00:00,2016-12-02 11:00:00,24,Beijing,Prophet,52.166667,0.0,test
2016-12-01 12:00:00,2016-12-02 12:00:00,24,Beijing,Prophet,58.083333,0.0,test
2016-12-01 13:00:00,2016-12-02 13:00:00,24,Beijing,Prophet,58.083333,0.0,test
2016-12-01 14:00:00,2016-12-02 14:00:00,24,Beijing,Prophet,64.770833,0.0,test
2016-12-01 15:00:00,2016-12-02 15:00:00,24,Beijing,Prophet,75.958333,0.0,test
2016-12-01 16:00:00,2016-12-02 16:00:00,24,Beijing,Prophet,88.395833,0.0,test
2016-12-01 17:00:00,2016-12-02 17:00:00,24,Beijing,Prophet,113.916667,0.0,test
2016-12-01 18:00:00,2016-12-02 18:00:00,24,Beijing,Prophet,135.333333,0.0,test
2016-12-01 19:00:00,2016-12-02 19:00:00,24,Beijing,Prophet,147.833333,0.0,test
2016-12-01 20:00:00,2016-12-02 20:00:00,24,Beijing,Prophet,162.416667,0.0,test
2016-12-01 21:00:00,2016-12-02 21:00:00,24,Beijing,Prophet,176.75,0.0,test
2016-12-01 22:00:00,2016-12-02 22:00:00,24,Beijing,Prophet,185.25,0.0,test
2016-12-01 23:00:00,2016-12-02 23:00:00,24,Beijing,Prophet,180.333333,0.0,test
2016-12-02 00:00:00,2016-12-03 00:00:00,24,Beijing,Prophet,158.5,0.0,test
2016-12-02 01:00:00,2016-12-03 01:00:00,24,Beijing,Prophet,137.083333,0.0,test
2016-12-02 02:00:00,2016-12-03 02:00:00,24,Beijing,Prophet,132.333333,0.0,test
2016-12-02 03:00:00,2016-12-03 03:00:00,24,Beijing,Prophet,132.5,0.0,test
2016-12-02 04:00:00,2016-12-03 04:00:00,24,Beijing,Prophet,123.833333,0.0,test
2016-12-02 05:00:00,2016-12-03 05:00:00,24,Beijing,Prophet,107.416667,0.0,test
2016-12-02 06:00:00,2016-12-03 06:00:00,24,Beijing,Prophet,89.833333,0.0,test
2016-12-02 07:00:00,2016-12-03 07:00:00,24,Beijing,Prophet,82.5,0.0,test
2016-12-02 08:00:00,2016-12-03 08:00:00,24,Beijing,Prophet,81.666667,0.0,test
2016-12-02 09:00:00,2016-12-03 09:00:00,24,Beijing,Prophet,84.833333,0.0,test
2016-12-02 10:00:00,2016-12-03 10:00:00,24,Beijing,Prophet,96.333333,0.0,test
2016-12-02 11:00:00,2016-12-03 11:00:00,24,Beijing,Prophet,93.5,0.0,test
2016-12-02 12:00:00,2016-12-03 12:00:00,24,Beijing,Prophet,111.416667,0.0,test
2016-12-02 13:00:00,2016-12-03 13:00:00,24,Beijing,Prophet,141.833333,0.0,test
2016-12-02 14:00:00,2016-12-03 14:00:00,24,Beijing,Prophet,166.0,0.0,test
2016-12-02 15:00:00,2016-12-03 15:00:00,24,Beijing,Prophet,196.5,0.0,test
2016-12-02 16:00:00,2016-12-03 16:00:00,24,Beijing,Prophet,226.583333,0.0,test
2016-12-02 17:00:00,2016-12-03 17:00:00,24,Beijing,Prophet,239.0,0.0,test
2016-12-02 18:00:00,2016-12-03 18:00:00,24,Beijing,Prophet,249.972222,0.0,test
2016-12-02 19:00:00,2016-12-03 19:00:00,24,Beijing,Prophet,257.711111,0.0,test
2016-12-02 20:00:00,2016-12-03 20:00:00,24,Beijing,Prophet,258.95,0.0,test
2016-12-02 21:00:00,2016-12-03 21:00:00,24,Beijing,Prophet,254.355556,0.0,test
2016-12-02 22:00:00,2016-12-03 22:00:00,24,Beijing,Prophet,259.761111,0.0,test
2016-12-02 23:00:00,2016-12-03 23:00:00,24,Beijing,Prophet,264.166667,0.0,test
2016-12-03 00:00:00,2016-12-04 00:00:00,24,Beijing,Prophet,220.25,0.0,test
2016-12-03 01:00:00,2016-12-04 01:00:00,24,Beijing,Prophet,217.6875,0.0,test
2016-12-03 02:00:00,2016-12-04 02:00:00,24,Beijing,Prophet,229.875,0.0,test
2016-12-03 03:00:00,2016-12-04 03:00:00,24,Beijing,Prophet,221.4375,0.0,test
2016-12-03 04:00:00,2016-12-04 04:00:00,24,Beijing,Prophet,204.25,0.0,test
2016-12-03 05:00:00,2016-12-04 05:00:00,24,Beijing,Prophet,206.4,0.0,test
2016-12-03 06:00:00,2016-12-04 06:00:00,24,Beijing,Prophet,190.8,0.0,test
2016-12-03 07:00:00,2016-12-04 07:00:00,24,Beijing,Prophet,208.833333,0.0,test
2016-12-03 08:00:00,2016-12-04 08:00:00,24,Beijing,Prophet,188.833333,0.0,test
2016-12-03 09:00:00,2016-12-04 09:00:00,24,Beijing,Prophet,237.777778,0.0,test
2016-12-03 10:00:00,2016-12-04 10:00:00,24,Beijing,Prophet,239.590909,0.0,test
2016-12-03 11:00:00,2016-12-04 11:00:00,24,Beijing,Prophet,211.583333,0.0,test
2016-12-03 12:00:00,2016-12-04 12:00:00,24,Beijing,Prophet,179.666667,0.0,test
2016-12-03 13:00:00,2016-12-04 13:00:00,24,Beijing,Prophet,160.083333,0.0,test
2016-12-03 14:00:00,2016-12-04 14:00:00,24,Beijing,Prophet,124.916667,0.0,test
2016-12-03 15:00:00,2016-12-04 15:00:00,24,Beijing,Prophet,83.0,0.0,test
2016-12-03 16:00:00,2016-12-04 16:00:00,24,Beijing,Prophet,65.916667,0.0,test
2016-12-03 17:00:00,2016-12-04 17:00:00,24,Beijing,Prophet,72.0,0.0,test
2016-12-03 18:00:00,2016-12-04 18:00:00,24,Beijing,Prophet,105.0,0.0,test
2016-12-03 19:00:00,2016-12-04 19:00:00,24,Beijing,Prophet,198.416667,0.0,test
2016-12-03 20:00:00,2016-12-04 20:00:00,24,Beijing,Prophet,232.416667,0.0,test
2016-12-03 21:00:00,2016-12-04 21:00:00,24,Beijing,Prophet,244.75,0.0,test
2016-12-03 22:00:00,2016-12-04 22:00:00,24,Beijing,Prophet,239.083333,0.0,test
2016-12-03 23:00:00,2016-12-04 23:00:00,24,Beijing,Prophet,224.5,0.0,test
2016-12-04 00:00:00,2016-12-05 00:00:00,24,Beijing,Prophet,194.277778,0.0,test
2016-12-04 01:00:00,2016-12-05 01:00:00,24,Beijing,Prophet,136.388889,0.0,test
2016-12-04 02:00:00,2016-12-05 02:00:00,24,Beijing,Prophet,124.75,0.0,test
2016-12-04 03:00:00,2016-12-05 03:00:00,24,Beijing,Prophet,110.916667,0.0,test
2016-12-04 04:00:00,2016-12-05 04:00:00,24,Beijing,Prophet,104.0,0.0,test
2016-12-04 05:00:00,2016-12-05 05:00:00,24,Beijing,Prophet,101.333333,0.0,test
2016-12-04 06:00:00,2016-12-05 06:00:00,24,Beijing,Prophet,91.0,0.0,test
2016-12-04 07:00:00,2016-12-05 07:00:00,24,Beijing,Prophet,74.916667,0.0,test
2016-12-04 08:00:00,2016-12-05 08:00:00,24,Beijing,Prophet,66.416667,0.0,test
2016-12-04 09:00:00,2016-12-05 09:00:00,24,Beijing,Prophet,39.083333,0.0,test
2016-12-04 10:00:00,2016-12-05 10:00:00,24,Beijing,Prophet,15.916667,0.0,test
2016-12-04 11:00:00,2016-12-05 11:00:00,24,Beijing,Prophet,11.333333,0.0,test
2016-12-04 12:00:00,2016-12-05 12:00:00,24,Beijing,Prophet,6.083333,0.0,test
2016-12-04 13:00:00,2016-12-05 13:00:00,24,Beijing,Prophet,7.5,0.0,test
2016-12-04 14:00:00,2016-12-05 14:00:00,24,Beijing,Prophet,8.083333,0.0,test
2016-12-04 15:00:00,2016-12-05 15:00:00,24,Beijing,Prophet,6.75,0.0,test
2016-12-04 16:00:00,2016-12-05 16:00:00,24,Beijing,Prophet,6.375,0.0,test
2016-12-04 17:00:00,2016-12-05 17:00:00,24,Beijing,Prophet,5.833333,0.0,test
2016-12-04 18:00:00,2016-12-05 18:00:00,24,Beijing,Prophet,6.416667,0.0,test
2016-12-04 19:00:00,2016-12-05 19:00:00,24,Beijing,Prophet,9.25,0.0,test
2016-12-04 20:00:00,2016-12-05 20:00:00,24,Beijing,Prophet,11.833333,0.0,test
2016-12-04 21:00:00,2016-12-05 21:00:00,24,Beijing,Prophet,15.416667,0.0,test
2016-12-04 22:00:00,2016-12-05 22:00:00,24,Beijing,Prophet,18.416667,0.0,test
2016-12-04 23:00:00,2016-12-05 23:00:00,24,Beijing,Prophet,22.416667,0.0,test
2016-12-05 00:00:00,2016-12-06 00:00:00,24,Beijing,Prophet,28.583333,0.0,test
2016-12-05 01:00:00,2016-12-06 01:00:00,24,Beijing,Prophet,35.583333,0.0,test
2016-12-05 02:00:00,2016-12-06 02:00:00,24,Beijing,Prophet,39.916667,0.0,test
2016-12-05 03:00:00,2016-12-06 03:00:00,24,Beijing,Prophet,38.333333,0.0,test
2016-12-05 04:00:00,2016-12-06 04:00:00,24,Beijing,Prophet,38.25,0.0,test
2016-12-05 05:00:00,2016-12-06 05:00:00,24,Beijing,Prophet,40.333333,0.0,test
2016-12-05 06:00:00,2016-12-06 06:00:00,24,Beijing,Prophet,39.25,0.0,test
2016-12-05 07:00:00,2016-12-06 07:00:00,24,Beijing,Prophet,45.75,0.0,test
2016-12-05 08:00:00,2016-12-06 08:00:00,24,Beijing,Prophet,56.75,0.0,test
2016-12-05 09:00:00,2016-12-06 09:00:00,24,Beijing,Prophet,59.583333,0.0,test
2016-12-05 10:00:00,2016-12-06 10:00:00,24,Beijing,Prophet,63.5,0.0,test
2016-12-05 11:00:00,2016-12-06 11:00:00,24,Beijing,Prophet,70.083333,0.0,test
2016-12-05 12:00:00,2016-12-06 12:00:00,24,Beijing,Prophet,71.708333,0.0,test
2016-12-05 13:00:00,2016-12-06 13:00:00,24,Beijing,Prophet,77.666667,0.0,test
2016-12-05 14:00:00,2016-12-06 14:00:00,24,Beijing,Prophet,82.694444,0.0,test
2016-12-05 15:00:00,2016-12-06 15:00:00,24,Beijing,Prophet,89.0,0.0,test
2016-12-05 16:00:00,2016-12-06 16:00:00,24,Beijing,Prophet,92.861111,0.0,test
2016-12-05 17:00:00,2016-12-06 17:00:00,24,Beijing,Prophet,99.486111,0.0,test
2016-12-05 18:00:00,2016-12-06 18:00:00,24,Beijing,Prophet,115.416667,0.0,test
2016-12-05 19:00:00,2016-12-06 19:00:00,24,Beijing,Prophet,117.583333,0.0,test
2016-12-05 20:00:00,2016-12-06 20:00:00,24,Beijing,Prophet,128.083333,0.0,test
2016-12-05 21:00:00,2016-12-06 21:00:00,24,Beijing,Prophet,142.083333,0.0,test
2016-12-05 22:00:00,2016-12-06 22:00:00,24,Beijing,Prophet,130.083333,0.0,test
2016-12-05 23:00:00,2016-12-06 23:00:00,24,Beijing,Prophet,130.083333,0.0,test
2016-12-06 00:00:00,2016-12-07 00:00:00,24,Beijing,Prophet,141.916667,0.0,test
2016-12-06 01:00:00,2016-12-07 01:00:00,24,Beijing,Prophet,122.25,0.0,test
2016-12-06 02:00:00,2016-12-07 02:00:00,24,Beijing,Prophet,113.0,0.0,test
2016-12-06 03:00:00,2016-12-07 03:00:00,24,Beijing,Prophet,112.916667,0.0,test
2016-12-06 04:00:00,2016-12-07 04:00:00,24,Beijing,Prophet,107.916667,0.0,test
2016-12-06 05:00:00,2016-12-07 05:00:00,24,Beijing,Prophet,95.75,0.0,test
2016-12-06 06:00:00,2016-12-07 06:00:00,24,Beijing,Prophet,72.25,0.0,test
2016-12-06 07:00:00,2016-12-07 07:00:00,24,Beijing,Prophet,51.833333,0.0,test
2016-12-06 08:00:00,2016-12-07 08:00:00,24,Beijing,Prophet,45.833333,0.0,test
2016-12-06 09:00:00,2016-12-07 09:00:00,24,Beijing,Prophet,53.916667,0.0,test
2016-12-06 10:00:00,2016-12-07 10:00:00,24,Beijing,Prophet,86.583333,0.0,test
2016-12-06 11:00:00,2016-12-07 11:00:00,24,Beijing,Prophet,119.583333,0.0,test
2016-12-06 12:00:00,2016-12-07 12:00:00,24,Beijing,Prophet,112.75,0.0,test
2016-12-06 13:00:00,2016-12-07 13:00:00,24,Beijing,Prophet,102.75,0.0,test
2016-12-06 14:00:00,2016-12-07 14:00:00,24,Beijing,Prophet,108.416667,0.0,test
2016-12-06 15:00:00,2016-12-07 15:00:00,24,Beijing,Prophet,124.25,0.0,test
2016-12-06 16:00:00,2016-12-07 16:00:00,24,Beijing,Prophet,158.25,0.0,test
2016-12-06 17:00:00,2016-12-07 17:00:00,24,Beijing,Prophet,162.166667,0.0,test
2016-12-06 18:00:00,2016-12-07 18:00:00,24,Beijing,Prophet,165.416667,0.0,test
2016-12-06 19:00:00,2016-12-07 19:00:00,24,Beijing,Prophet,162.5,0.0,test
2016-12-06 20:00:00,2016-12-07 20:00:00,24,Beijing,Prophet,169.166667,0.0,test
2016-12-06 21:00:00,2016-12-07 21:00:00,24,Beijing,Prophet,167.833333,0.0,test
2016-12-06 22:00:00,2016-12-07 22:00:00,24,Beijing,Prophet,166.25,0.0,test
2016-12-06 23:00:00,2016-12-07 23:00:00,24,Beijing,Prophet,183.25,0.0,test
2016-12-07 00:00:00,2016-12-08 00:00:00,24,Beijing,Prophet,189.75,0.0,test
2016-12-07 01:00:00,2016-12-08 01:00:00,24,Beijing,Prophet,204.166667,0.0,test
2016-12-07 02:00:00,2016-12-08 02:00:00,24,Beijing,Prophet,198.166667,0.0,test
2016-12-07 03:00:00,2016-12-08 03:00:00,24,Beijing,Prophet,199.166667,0.0,test
2016-12-07 04:00:00,2016-12-08 04:00:00,24,Beijing,Prophet,196.833333,0.0,test
2016-12-07 05:00:00,2016-12-08 05:00:00,24,Beijing,Prophet,190.5,0.0,test
2016-12-07 06:00:00,2016-12-08 06:00:00,24,Beijing,Prophet,183.166667,0.0,test
2016-12-07 07:00:00,2016-12-08 07:00:00,24,Beijing,Prophet,178.0,0.0,test
2016-12-07 08:00:00,2016-12-08 08:00:00,24,Beijing,Prophet,175.583333,0.0,test
2016-12-07 09:00:00,2016-12-08 09:00:00,24,Beijing,Prophet,181.416667,0.0,test
2016-12-07 10:00:00,2016-12-08 10:00:00,24,Beijing,Prophet,153.5,0.0,test
2016-12-07 11:00:00,2016-12-08 11:00:00,24,Beijing,Prophet,55.333333,0.0,test
2016-12-07 12:00:00,2016-12-08 12:00:00,24,Beijing,Prophet,21.166667,0.0,test
2016-12-07 13:00:00,2016-12-08 13:00:00,24,Beijing,Prophet,8.833333,0.0,test
2016-12-07 14:00:00,2016-12-08 14:00:00,24,Beijing,Prophet,6.166667,0.0,test
2016-12-07 15:00:00,2016-12-08 15:00:00,24,Beijing,Prophet,7.083333,0.0,test
2016-12-07 16:00:00,2016-12-08 16:00:00,24,Beijing,Prophet,5.583333,0.0,test
2016-12-07 17:00:00,2016-12-08 17:00:00,24,Beijing,Prophet,6.75,0.0,test
2016-12-07 18:00:00,2016-12-08 18:00:00,24,Beijing,Prophet,9.75,0.0,test
2016-12-07 19:00:00,2016-12-08 19:00:00,24,Beijing,Prophet,10.0,0.0,test
2016-12-07 20:00:00,2016-12-08 20:00:00,24,Beijing,Prophet,10.0,0.0,test
2016-12-07 21:00:00,2016-12-08 21:00:00,24,Beijing,Prophet,7.833333,0.0,test
2016-12-07 22:00:00,2016-12-08 22:00:00,24,Beijing,Prophet,7.333333,0.0,test
2016-12-07 23:00:00,2016-12-08 23:00:00,24,Beijing,Prophet,6.25,0.0,test
2016-12-08 00:00:00,2016-12-09 00:00:00,24,Beijing,Prophet,6.916667,0.0,test
2016-12-08 01:00:00,2016-12-09 01:00:00,24,Beijing,Prophet,7.5,0.0,test
2016-12-08 02:00:00,2016-12-09 02:00:00,24,Beijing,Prophet,9.083333,0.0,test
2016-12-08 03:00:00,2016-12-09 03:00:00,24,Beijing,Prophet,9.333333,0.0,test
2016-12-08 04:00:00,2016-12-09 04:00:00,24,Beijing,Prophet,10.333333,0.0,test
2016-12-08 05:00:00,2016-12-09 05:00:00,24,Beijing,Prophet,10.416667,0.0,test
2016-12-08 06:00:00,2016-12-09 06:00:00,24,Beijing,Prophet,9.333333,0.0,test
2016-12-08 07:00:00,2016-12-09 07:00:00,24,Beijing,Prophet,10.833333,0.0,test
2016-12-08 08:00:00,2016-12-09 08:00:00,24,Beijing,Prophet,12.75,0.0,test
2016-12-08 09:00:00,2016-12-09 09:00:00,24,Beijing,Prophet,13.416667,0.0,test
2016-12-08 10:00:00,2016-12-09 10:00:00,24,Beijing,Prophet,13.166667,0.0,test
2016-12-08 11:00:00,2016-12-09 11:00:00,24,Beijing,Prophet,13.166667,0.0,test
2016-12-08 12:00:00,2016-12-09 12:00:00,24,Beijing,Prophet,11.0,0.0,test
2016-12-08 13:00:00,2016-12-09 13:00:00,24,Beijing,Prophet,10.666667,0.0,test
2016-12-08 14:00:00,2016-12-09 14:00:00,24,Beijing,Prophet,11.416667,0.0,test
2016-12-08 15:00:00,2016-12-09 15:00:00,24,Beijing,Prophet,15.083333,0.0,test
2016-12-08 16:00:00,2016-12-09 16:00:00,24,Beijing,Prophet,22.5,0.0,test
2016-12-08 17:00:00,2016-12-09 17:00:00,24,Beijing,Prophet,30.416667,0.0,test
2016-12-08 18:00:00,2016-12-09 18:00:00,24,Beijing,Prophet,36.583333,0.0,test
2016-12-08 19:00:00,2016-12-09 19:00:00,24,Beijing,Prophet,45.5,0.0,test
2016-12-08 20:00:00,2016-12-09 20:00:00,24,Beijing,Prophet,52.916667,0.0,test
2016-12-08 21:00:00,2016-12-09 21:00:00,24,Beijing,Prophet,53.75,0.0,test
2016-12-08 22:00:00,2016-12-09 22:00:00,24,Beijing,Prophet,54.833333,0.0,test
2016-12-08 23:00:00,2016-12-09 23:00:00,24,Beijing,Prophet,56.333333,0.0,test
2016-12-09 00:00:00,2016-12-10 00:00:00,24,Beijing,Prophet,53.75,0.0,test
2016-12-09 01:00:00,2016-12-10 01:00:00,24,Beijing,Prophet,52.333333,0.0,test
2016-12-09 02:00:00,2016-12-10 02:00:00,24,Beijing,Prophet,52.416667,0.0,test
2016-12-09 03:00:00,2016-12-10 03:00:00,24,Beijing,Prophet,50.916667,0.0,test
2016-12-09 04:00:00,2016-12-10 04:00:00,24,Beijing,Prophet,41.333333,0.0,test
2016-12-09 05:00:00,2016-12-10 05:00:00,24,Beijing,Prophet,35.083333,0.0,test
2016-12-09 06:00:00,2016-12-10 06:00:00,24,Beijing,Prophet,32.916667,0.0,test
2016-12-09 07:00:00,2016-12-10 07:00:00,24,Beijing,Prophet,26.5,0.0,test
2016-12-09 08:00:00,2016-12-10 08:00:00,24,Beijing,Prophet,22.833333,0.0,test
2016-12-09 09:00:00,2016-12-10 09:00:00,24,Beijing,Prophet,26.666667,0.0,test
2016-12-09 10:00:00,2016-12-10 10:00:00,24,Beijing,Prophet,34.25,0.0,test
2016-12-09 11:00:00,2016-12-10 11:00:00,24,Beijing,Prophet,41.416667,0.0,test
2016-12-09 12:00:00,2016-12-10 12:00:00,24,Beijing,Prophet,44.666667,0.0,test
2016-12-09 13:00:00,2016-12-10 13:00:00,24,Beijing,Prophet,43.916667,0.0,test
2016-12-09 14:00:00,2016-12-10 14:00:00,24,Beijing,Prophet,41.666667,0.0,test
2016-12-09 15:00:00,2016-12-10 15:00:00,24,Beijing,Prophet,39.333333,0.0,test
2016-12-09 16:00:00,2016-12-10 16:00:00,24,Beijing,Prophet,39.166667,0.0,test
2016-12-09 17:00:00,2016-12-10 17:00:00,24,Beijing,Prophet,41.666667,0.0,test
2016-12-09 18:00:00,2016-12-10 18:00:00,24,Beijing,Prophet,49.75,0.0,test
2016-12-09 19:00:00,2016-12-10 19:00:00,24,Beijing,Prophet,61.666667,0.0,test
2016-12-09 20:00:00,2016-12-10 20:00:00,24,Beijing,Prophet,64.25,0.0,test
2016-12-09 21:00:00,2016-12-10 21:00:00,24,Beijing,Prophet,76.416667,0.0,test
2016-12-09 22:00:00,2016-12-10 22:00:00,24,Beijing,Prophet,79.416667,0.0,test
2016-12-09 23:00:00,2016-12-10 23:00:00,24,Beijing,Prophet,87.166667,0.0,test
2016-12-10 00:00:00,2016-12-11 00:00:00,24,Beijing,Prophet,100.583333,0.0,test
2016-12-10 01:00:00,2016-12-11 01:00:00,24,Beijing,Prophet,114.666667,0.0,test
2016-12-10 02:00:00,2016-12-11 02:00:00,24,Beijing,Prophet,109.583333,0.0,test
2016-12-10 03:00:00,2016-12-11 03:00:00,24,Beijing,Prophet,109.666667,0.0,test
2016-12-10 04:00:00,2016-12-11 04:00:00,24,Beijing,Prophet,114.833333,0.0,test
2016-12-10 05:00:00,2016-12-11 05:00:00,24,Beijing,Prophet,119.75,0.0,test
2016-12-10 06:00:00,2016-12-11 06:00:00,24,Beijing,Prophet,123.416667,0.0,test
2016-12-10 07:00:00,2016-12-11 07:00:00,24,Beijing,Prophet,126.583333,0.0,test
2016-12-10 08:00:00,2016-12-11 08:00:00,24,Beijing,Prophet,125.333333,0.0,test
2016-12-10 09:00:00,2016-12-11 09:00:00,24,Beijing,Prophet,133.0,0.0,test
2016-12-10 10:00:00,2016-12-11 10:00:00,24,Beijing,Prophet,140.416667,0.0,test
2016-12-10 11:00:00,2016-12-11 11:00:00,24,Beijing,Prophet,144.166667,0.0,test
2016-12-10 12:00:00,2016-12-11 12:00:00,24,Beijing,Prophet,160.75,0.0,test
2016-12-10 13:00:00,2016-12-11 13:00:00,24,Beijing,Prophet,180.583333,0.0,test
2016-12-10 14:00:00,2016-12-11 14:00:00,24,Beijing,Prophet,194.166667,0.0,test
2016-12-10 15:00:00,2016-12-11 15:00:00,24,Beijing,Prophet,187.75,0.0,test
2016-12-10 16:00:00,2016-12-11 16:00:00,24,Beijing,Prophet,184.166667,0.0,test
2016-12-10 17:00:00,2016-12-11 17:00:00,24,Beijing,Prophet,193.0,0.0,test
2016-12-10 18:00:00,2016-12-11 18:00:00,24,Beijing,Prophet,205.833333,0.0,test
2016-12-10 19:00:00,2016-12-11 19:00:00,24,Beijing,Prophet,209.083333,0.0,test
2016-12-10 20:00:00,2016-12-11 20:00:00,24,Beijing,Prophet,208.166667,0.0,test
2016-12-10 21:00:00,2016-12-11 21:00:00,24,Beijing,Prophet,213.333333,0.0,test
2016-12-10 22:00:00,2016-12-11 22:00:00,24,Beijing,Prophet,224.916667,0.0,test
2016-12-10 23:00:00,2016-12-11 23:00:00,24,Beijing,Prophet,225.916667,0.0,test
2016-12-11 00:00:00,2016-12-12 00:00:00,24,Beijing,Prophet,227.5,0.0,test
2016-12-11 01:00:00,2016-12-12 01:00:00,24,Beijing,Prophet,223.75,0.0,test
2016-12-11 02:00:00,2016-12-12 02:00:00,24,Beijing,Prophet,222.166667,0.0,test
2016-12-11 03:00:00,2016-12-12 03:00:00,24,Beijing,Prophet,214.25,0.0,test
2016-12-11 04:00:00,2016-12-12 04:00:00,24,Beijing,Prophet,214.333333,0.0,test
2016-12-11 05:00:00,2016-12-12 05:00:00,24,Beijing,Prophet,213.416667,0.0,test
2016-12-11 06:00:00,2016-12-12 06:00:00,24,Beijing,Prophet,216.416667,0.0,test
2016-12-11 07:00:00,2016-12-12 07:00:00,24,Beijing,Prophet,219.083333,0.0,test
2016-12-11 08:00:00,2016-12-12 08:00:00,24,Beijing,Prophet,221.166667,0.0,test
2016-12-11 09:00:00,2016-12-12 09:00:00,24,Beijing,Prophet,219.25,0.0,test
2016-12-11 10:00:00,2016-12-12 10:00:00,24,Beijing,Prophet,223.583333,0.0,test
2016-12-11 11:00:00,2016-12-12 11:00:00,24,Beijing,Prophet,226.166667,0.0,test
2016-12-11 12:00:00,2016-12-12 12:00:00,24,Beijing,Prophet,232.333333,0.0,test
2016-12-11 13:00:00,2016-12-12 13:00:00,24,Beijing,Prophet,226.666667,0.0,test
2016-12-11 14:00:00,2016-12-12 14:00:00,24,Beijing,Prophet,223.166667,0.0,test
2016-12-11 15:00:00,2016-12-12 15:00:00,24,Beijing,Prophet,210.75,0.0,test
2016-12-11 16:00:00,2016-12-12 16:00:00,24,Beijing,Prophet,200.083333,0.0,test
2016-12-11 17:00:00,2016-12-12 17:00:00,24,Beijing,Prophet,212.0,0.0,test
2016-12-11 18:00:00,2016-12-12 18:00:00,24,Beijing,Prophet,238.816667,0.0,test
2016-12-11 19:00:00,2016-12-12 19:00:00,24,Beijing,Prophet,242.3,0.0,test
2016-12-11 20:00:00,2016-12-12 20:00:00,24,Beijing,Prophet,234.866667,0.0,test
2016-12-11 21:00:00,2016-12-12 21:00:00,24,Beijing,Prophet,226.183333,0.0,test
2016-12-11 22:00:00,2016-12-12 22:00:00,24,Beijing,Prophet,218.583333,0.0,test
2016-12-11 23:00:00,2016-12-12 23:00:00,24,Beijing,Prophet,210.75,0.0,test
2016-12-12 00:00:00,2016-12-13 00:00:00,24,Beijing,Prophet,201.666667,0.0,test
2016-12-12 01:00:00,2016-12-13 01:00:00,24,Beijing,Prophet,179.083333,0.0,test
2016-12-12 02:00:00,2016-12-13 02:00:00,24,Beijing,Prophet,150.583333,0.0,test
2016-12-12 03:00:00,2016-12-13 03:00:00,24,Beijing,Prophet,141.166667,0.0,test
2016-12-12 04:00:00,2016-12-13 04:00:00,24,Beijing,Prophet,124.333333,0.0,test
2016-12-12 05:00:00,2016-12-13 05:00:00,24,Beijing,Prophet,77.5,0.0,test
2016-12-12 06:00:00,2016-12-13 06:00:00,24,Beijing,Prophet,32.5,0.0,test
2016-12-12 07:00:00,2016-12-13 07:00:00,24,Beijing,Prophet,23.666667,0.0,test
2016-12-12 08:00:00,2016-12-13 08:00:00,24,Beijing,Prophet,17.583333,0.0,test
2016-12-12 09:00:00,2016-12-13 09:00:00,24,Beijing,Prophet,19.666667,0.0,test
2016-12-12 10:00:00,2016-12-13 10:00:00,24,Beijing,Prophet,19.916667,0.0,test
2016-12-12 11:00:00,2016-12-13 11:00:00,24,Beijing,Prophet,16.916667,0.0,test
2016-12-12 12:00:00,2016-12-13 12:00:00,24,Beijing,Prophet,14.666667,0.0,test
2016-12-12 13:00:00,2016-12-13 13:00:00,24,Beijing,Prophet,18.333333,0.0,test
2016-12-12 14:00:00,2016-12-13 14:00:00,24,Beijing,Prophet,17.416667,0.0,test
2016-12-12 15:00:00,2016-12-13 15:00:00,24,Beijing,Prophet,18.5,0.0,test
2016-12-12 16:00:00,2016-12-13 16:00:00,24,Beijing,Prophet,18.666667,0.0,test
2016-12-12 17:00:00,2016-12-13 17:00:00,24,Beijing,Prophet,22.916667,0.0,test
2016-12-12 18:00:00,2016-12-13 18:00:00,24,Beijing,Prophet,33.0,0.0,test
2016-12-12 19:00:00,2016-12-13 19:00:00,24,Beijing,Prophet,38.75,0.0,test
2016-12-12 20:00:00,2016-12-13 20:00:00,24,Beijing,Prophet,34.0,0.0,test
2016-12-12 21:00:00,2016-12-13 21:00:00,24,Beijing,Prophet,20.416667,0.0,test
2016-12-12 22:00:00,2016-12-13 22:00:00,24,Beijing,Prophet,22.916667,0.0,test
2016-12-12 23:00:00,2016-12-13 23:00:00,24,Beijing,Prophet,18.416667,0.0,test
2016-12-13 00:00:00,2016-12-14 00:00:00,24,Beijing,Prophet,11.333333,0.0,test
2016-12-13 01:00:00,2016-12-14 01:00:00,24,Beijing,Prophet,10.833333,0.0,test
2016-12-13 02:00:00,2016-12-14 02:00:00,24,Beijing,Prophet,7.583333,0.0,test
2016-12-13 03:00:00,2016-12-14 03:00:00,24,Beijing,Prophet,6.416667,0.0,test
2016-12-13 04:00:00,2016-12-14 04:00:00,24,Beijing,Prophet,6.333333,0.0,test
2016-12-13 05:00:00,2016-12-14 05:00:00,24,Beijing,Prophet,5.0,0.0,test
2016-12-13 06:00:00,2016-12-14 06:00:00,24,Beijing,Prophet,7.25,0.0,test
2016-12-13 07:00:00,2016-12-14 07:00:00,24,Beijing,Prophet,8.166667,0.0,test
2016-12-13 08:00:00,2016-12-14 08:00:00,24,Beijing,Prophet,10.333333,0.0,test
2016-12-13 09:00:00,2016-12-14 09:00:00,24,Beijing,Prophet,13.416667,0.0,test
2016-12-13 10:00:00,2016-12-14 10:00:00,24,Beijing,Prophet,14.75,0.0,test
2016-12-13 11:00:00,2016-12-14 11:00:00,24,Beijing,Prophet,13.777778,0.0,test
2016-12-13 12:00:00,2016-12-14 12:00:00,24,Beijing,Prophet,12.972222,0.0,test
2016-12-13 13:00:00,2016-12-14 13:00:00,24,Beijing,Prophet,13.333333,0.0,test
2016-12-13 14:00:00,2016-12-14 14:00:00,24,Beijing,Prophet,14.916667,0.0,test
2016-12-13 15:00:00,2016-12-14 15:00:00,24,Beijing,Prophet,17.194444,0.0,test
2016-12-13 16:00:00,2016-12-14 16:00:00,24,Beijing,Prophet,22.305556,0.0,test
2016-12-13 17:00:00,2016-12-14 17:00:00,24,Beijing,Prophet,35.083333,0.0,test
2016-12-13 18:00:00,2016-12-14 18:00:00,24,Beijing,Prophet,48.583333,0.0,test
2016-12-13 19:00:00,2016-12-14 19:00:00,24,Beijing,Prophet,50.333333,0.0,test
2016-12-13 20:00:00,2016-12-14 20:00:00,24,Beijing,Prophet,59.083333,0.0,test
2016-12-13 21:00:00,2016-12-14 21:00:00,24,Beijing,Prophet,63.083333,0.0,test
2016-12-13 22:00:00,2016-12-14 22:00:00,24,Beijing,Prophet,67.166667,0.0,test
2016-12-13 23:00:00,2016-12-14 23:00:00,24,Beijing,Prophet,72.666667,0.0,test
2016-12-14 00:00:00,2016-12-15 00:00:00,24,Beijing,Prophet,74.416667,0.0,test
2016-12-14 01:00:00,2016-12-15 01:00:00,24,Beijing,Prophet,72.916667,0.0,test
2016-12-14 02:00:00,2016-12-15 02:00:00,24,Beijing,Prophet,67.666667,0.0,test
2016-12-14 03:00:00,2016-12-15 03:00:00,24,Beijing,Prophet,62.166667,0.0,test
2016-12-14 04:00:00,2016-12-15 04:00:00,24,Beijing,Prophet,57.25,0.0,test
2016-12-14 05:00:00,2016-12-15 05:00:00,24,Beijing,Prophet,45.25,0.0,test
2016-12-14 06:00:00,2016-12-15 06:00:00,24,Beijing,Prophet,22.5,0.0,test
2016-12-14 07:00:00,2016-12-15 07:00:00,24,Beijing,Prophet,10.25,0.0,test
2016-12-14 08:00:00,2016-12-15 08:00:00,24,Beijing,Prophet,12.75,0.0,test
2016-12-14 09:00:00,2016-12-15 09:00:00,24,Beijing,Prophet,11.333333,0.0,test
2016-12-14 10:00:00,2016-12-15 10:00:00,24,Beijing,Prophet,11.25,0.0,test
2016-12-14 11:00:00,2016-12-15 11:00:00,24,Beijing,Prophet,8.166667,0.0,test
2016-12-14 12:00:00,2016-12-15 12:00:00,24,Beijing,Prophet,7.25,0.0,test
2016-12-14 13:00:00,2016-12-15 13:00:00,24,Beijing,Prophet,7.916667,0.0,test
2016-12-14 14:00:00,2016-12-15 14:00:00,24,Beijing,Prophet,6.416667,0.0,test
2016-12-14 15:00:00,2016-12-15 15:00:00,24,Beijing,Prophet,7.666667,0.0,test
2016-12-14 16:00:00,2016-12-15 16:00:00,24,Beijing,Prophet,6.833333,0.0,test
2016-12-14 17:00:00,2016-12-15 17:00:00,24,Beijing,Prophet,6.25,0.0,test
2016-12-14 18:00:00,2016-12-15 18:00:00,24,Beijing,Prophet,9.833333,0.0,test
2016-12-14 19:00:00,2016-12-15 19:00:00,24,Beijing,Prophet,17.5,0.0,test
2016-12-14 20:00:00,2016-12-15 20:00:00,24,Beijing,Prophet,24.333333,0.0,test
2016-12-14 21:00:00,2016-12-15 21:00:00,24,Beijing,Prophet,20.083333,0.0,test
2016-12-14 22:00:00,2016-12-15 22:00:00,24,Beijing,Prophet,20.833333,0.0,test
2016-12-14 23:00:00,2016-12-15 23:00:00,24,Beijing,Prophet,32.583333,0.0,test
2016-12-15 00:00:00,2016-12-16 00:00:00,24,Beijing,Prophet,63.333333,0.0,test
2016-12-15 01:00:00,2016-12-16 01:00:00,24,Beijing,Prophet,80.916667,0.0,test
2016-12-15 02:00:00,2016-12-16 02:00:00,24,Beijing,Prophet,97.666667,0.0,test
2016-12-15 03:00:00,2016-12-16 03:00:00,24,Beijing,Prophet,112.833333,0.0,test
2016-12-15 04:00:00,2016-12-16 04:00:00,24,Beijing,Prophet,109.416667,0.0,test
2016-12-15 05:00:00,2016-12-16 05:00:00,24,Beijing,Prophet,73.833333,0.0,test
2016-12-15 06:00:00,2016-12-16 06:00:00,24,Beijing,Prophet,55.166667,0.0,test
2016-12-15 07:00:00,2016-12-16 07:00:00,24,Beijing,Prophet,33.75,0.0,test
2016-12-15 08:00:00,2016-12-16 08:00:00,24,Beijing,Prophet,30.583333,0.0,test
2016-12-15 09:00:00,2016-12-16 09:00:00,24,Beijing,Prophet,31.5,0.0,test
2016-12-15 10:00:00,2016-12-16 10:00:00,24,Beijing,Prophet,43.416667,0.0,test
2016-12-15 11:00:00,2016-12-16 11:00:00,24,Beijing,Prophet,50.0,0.0,test
2016-12-15 12:00:00,2016-12-16 12:00:00,24,Beijing,Prophet,70.583333,0.0,test
2016-12-15 13:00:00,2016-12-16 13:00:00,24,Beijing,Prophet,94.416667,0.0,test
2016-12-15 14:00:00,2016-12-16 14:00:00,24,Beijing,Prophet,114.916667,0.0,test
2016-12-15 15:00:00,2016-12-16 15:00:00,24,Beijing,Prophet,132.5,0.0,test
2016-12-15 16:00:00,2016-12-16 16:00:00,24,Beijing,Prophet,140.166667,0.0,test
2016-12-15 17:00:00,2016-12-16 17:00:00,24,Beijing,Prophet,133.916667,0.0,test
2016-12-15 18:00:00,2016-12-16 18:00:00,24,Beijing,Prophet,166.916667,0.0,test
2016-12-15 19:00:00,2016-12-16 19:00:00,24,Beijing,Prophet,192.666667,0.0,test
2016-12-15 20:00:00,2016-12-16 20:00:00,24,Beijing,Prophet,195.333333,0.0,test
2016-12-15 21:00:00,2016-12-16 21:00:00,24,Beijing,Prophet,181.0,0.0,test
2016-12-15 22:00:00,2016-12-16 22:00:00,24,Beijing,Prophet,172.666667,0.0,test
2016-12-15 23:00:00,2016-12-16 23:00:00,24,Beijing,Prophet,165.25,0.0,test
2016-12-16 00:00:00,2016-12-17 00:00:00,24,Beijing,Prophet,149.083333,0.0,test
2016-12-16 01:00:00,2016-12-17 01:00:00,24,Beijing,Prophet,143.916667,0.0,test
2016-12-16 02:00:00,2016-12-17 02:00:00,24,Beijing,Prophet,159.333333,0.0,test
2016-12-16 03:00:00,2016-12-17 03:00:00,24,Beijing,Prophet,145.083333,0.0,test
2016-12-16 04:00:00,2016-12-17 04:00:00,24,Beijing,Prophet,121.166667,0.0,test
2016-12-16 05:00:00,2016-12-17 05:00:00,24,Beijing,Prophet,111.416667,0.0,test
2016-12-16 06:00:00,2016-12-17 06:00:00,24,Beijing,Prophet,107.666667,0.0,test
2016-12-16 07:00:00,2016-12-17 07:00:00,24,Beijing,Prophet,104.75,0.0,test
2016-12-16 08:00:00,2016-12-17 08:00:00,24,Beijing,Prophet,97.75,0.0,test
2016-12-16 09:00:00,2016-12-17 09:00:00,24,Beijing,Prophet,95.25,0.0,test
2016-12-16 10:00:00,2016-12-17 10:00:00,24,Beijing,Prophet,101.0,0.0,test
2016-12-16 11:00:00,2016-12-17 11:00:00,24,Beijing,Prophet,129.333333,0.0,test
2016-12-16 12:00:00,2016-12-17 12:00:00,24,Beijing,Prophet,158.833333,0.0,test
2016-12-16 13:00:00,2016-12-17 13:00:00,24,Beijing,Prophet,187.416667,0.0,test
2016-12-16 14:00:00,2016-12-17 14:00:00,24,Beijing,Prophet,209.666667,0.0,test
2016-12-16 15:00:00,2016-12-17 15:00:00,24,Beijing,Prophet,224.0,0.0,test
2016-12-16 16:00:00,2016-12-17 16:00:00,24,Beijing,Prophet,237.75,0.0,test
2016-12-16 17:00:00,2016-12-17 17:00:00,24,Beijing,Prophet,247.583333,0.0,test
2016-12-16 18:00:00,2016-12-17 18:00:00,24,Beijing,Prophet,267.064286,0.0,test
2016-12-16 19:00:00,2016-12-17 19:00:00,24,Beijing,Prophet,267.594805,0.0,test
2016-12-16 20:00:00,2016-12-17 20:00:00,24,Beijing,Prophet,258.877056,0.0,test
2016-12-16 21:00:00,2016-12-17 21:00:00,24,Beijing,Prophet,254.522944,0.0,test
2016-12-16 22:00:00,2016-12-17 22:00:00,24,Beijing,Prophet,246.441558,0.0,test
2016-12-16 23:00:00,2016-12-17 23:00:00,24,Beijing,Prophet,243.978355,0.0,test
2016-12-17 00:00:00,2016-12-18 00:00:00,24,Beijing,Prophet,241.219697,0.0,test
2016-12-17 01:00:00,2016-12-18 01:00:00,24,Beijing,Prophet,238.772727,0.0,test
2016-12-17 02:00:00,2016-12-18 02:00:00,24,Beijing,Prophet,226.295455,0.0,test
2016-12-17 03:00:00,2016-12-18 03:00:00,24,Beijing,Prophet,220.818182,0.0,test
2016-12-17 04:00:00,2016-12-18 04:00:00,24,Beijing,Prophet,220.583333,0.0,test
2016-12-17 05:00:00,2016-12-18 05:00:00,24,Beijing,Prophet,215.166667,0.0,test
2016-12-17 06:00:00,2016-12-18 06:00:00,24,Beijing,Prophet,211.583333,0.0,test
2016-12-17 07:00:00,2016-12-18 07:00:00,24,Beijing,Prophet,199.25,0.0,test
2016-12-17 08:00:00,2016-12-18 08:00:00,24,Beijing,Prophet,188.416667,0.0,test
2016-12-17 09:00:00,2016-12-18 09:00:00,24,Beijing,Prophet,178.916667,0.0,test
2016-12-17 10:00:00,2016-12-18 10:00:00,24,Beijing,Prophet,182.916667,0.0,test
2016-12-17 11:00:00,2016-12-18 11:00:00,24,Beijing,Prophet,191.75,0.0,test
2016-12-17 12:00:00,2016-12-18 12:00:00,24,Beijing,Prophet,193.833333,0.0,test
2016-12-17 13:00:00,2016-12-18 13:00:00,24,Beijing,Prophet,203.333333,0.0,test
2016-12-17 14:00:00,2016-12-18 14:00:00,24,Beijing,Prophet,207.833333,0.0,test
2016-12-17 15:00:00,2016-12-18 15:00:00,24,Beijing,Prophet,204.666667,0.0,test
2016-12-17 16:00:00,2016-12-18 16:00:00,24,Beijing,Prophet,204.916667,0.0,test
2016-12-17 17:00:00,2016-12-18 17:00:00,24,Beijing,Prophet,215.416667,0.0,test
2016-12-17 18:00:00,2016-12-18 18:00:00,24,Beijing,Prophet,235.5,0.0,test
2016-12-17 19:00:00,2016-12-18 19:00:00,24,Beijing,Prophet,249.083333,0.0,test
2016-12-17 20:00:00,2016-12-18 20:00:00,24,Beijing,Prophet,246.166667,0.0,test
2016-12-17 21:00:00,2016-12-18 21:00:00,24,Beijing,Prophet,248.083333,0.0,test
2016-12-17 22:00:00,2016-12-18 22:00:00,24,Beijing,Prophet,240.75,0.0,test
2016-12-17 23:00:00,2016-12-18 23:00:00,24,Beijing,Prophet,240.166667,0.0,test
2016-12-18 00:00:00,2016-12-19 00:00:00,24,Beijing,Prophet,231.333333,0.0,test
2016-12-18 01:00:00,2016-12-19 01:00:00,24,Beijing,Prophet,220.833333,0.0,test
2016-12-18 02:00:00,2016-12-19 02:00:00,24,Beijing,Prophet,218.0,0.0,test
2016-12-18 03:00:00,2016-12-19 03:00:00,24,Beijing,Prophet,210.708333,0.0,test
2016-12-18 04:00:00,2016-12-19 04:00:00,24,Beijing,Prophet,214.833333,0.0,test
2016-12-18 05:00:00,2016-12-19 05:00:00,24,Beijing,Prophet,211.25,0.0,test
2016-12-18 06:00:00,2016-12-19 06:00:00,24,Beijing,Prophet,196.25,0.0,test
2016-12-18 07:00:00,2016-12-19 07:00:00,24,Beijing,Prophet,183.583333,0.0,test
2016-12-18 08:00:00,2016-12-19 08:00:00,24,Beijing,Prophet,164.583333,0.0,test
2016-12-18 09:00:00,2016-12-19 09:00:00,24,Beijing,Prophet,166.583333,0.0,test
2016-12-18 10:00:00,2016-12-19 10:00:00,24,Beijing,Prophet,170.0,0.0,test
2016-12-18 11:00:00,2016-12-19 11:00:00,24,Beijing,Prophet,169.833333,0.0,test
2016-12-18 12:00:00,2016-12-19 12:00:00,24,Beijing,Prophet,178.25,0.0,test
2016-12-18 13:00:00,2016-12-19 13:00:00,24,Beijing,Prophet,185.833333,0.0,test
2016-12-18 14:00:00,2016-12-19 14:00:00,24,Beijing,Prophet,185.75,0.0,test
2016-12-18 15:00:00,2016-12-19 15:00:00,24,Beijing,Prophet,186.083333,0.0,test
2016-12-18 16:00:00,2016-12-19 16:00:00,24,Beijing,Prophet,187.666667,0.0,test
2016-12-18 17:00:00,2016-12-19 17:00:00,24,Beijing,Prophet,187.333333,0.0,test
2016-12-18 18:00:00,2016-12-19 18:00:00,24,Beijing,Prophet,197.833333,0.0,test
2016-12-18 19:00:00,2016-12-19 19:00:00,24,Beijing,Prophet,226.083333,0.0,test
2016-12-18 20:00:00,2016-12-19 20:00:00,24,Beijing,Prophet,253.272727,0.0,test
2016-12-18 21:00:00,2016-12-19 21:00:00,24,Beijing,Prophet,238.0625,0.0,test
2016-12-18 22:00:00,2016-12-19 22:00:00,24,Beijing,Prophet,236.0,0.0,test
2016-12-18 23:00:00,2016-12-19 23:00:00,24,Beijing,Prophet,237.6375,0.0,test
2016-12-19 00:00:00,2016-12-20 00:00:00,24,Beijing,Prophet,236.025,0.0,test
2016-12-19 01:00:00,2016-12-20 01:00:00,24,Beijing,Prophet,223.6,0.0,test
2016-12-19 02:00:00,2016-12-20 02:00:00,24,Beijing,Prophet,212.914286,0.0,test
2016-12-19 03:00:00,2016-12-20 03:00:00,24,Beijing,Prophet,235.190476,0.0,test
2016-12-19 04:00:00,2016-12-20 04:00:00,24,Beijing,Prophet,237.533333,0.0,test
2016-12-19 05:00:00,2016-12-20 05:00:00,24,Beijing,Prophet,248.6,0.0,test
2016-12-19 06:00:00,2016-12-20 06:00:00,24,Beijing,Prophet,244.0,0.0,test
2016-12-19 07:00:00,2016-12-20 07:00:00,24,Beijing,Prophet,252.4,0.0,test
2016-12-19 08:00:00,2016-12-20 08:00:00,24,Beijing,Prophet,268.314286,0.0,test
2016-12-19 09:00:00,2016-12-20 09:00:00,24,Beijing,Prophet,263.425,0.0,test
2016-12-19 10:00:00,2016-12-20 10:00:00,24,Beijing,Prophet,267.657143,0.0,test
2016-12-19 11:00:00,2016-12-20 11:00:00,24,Beijing,Prophet,266.133333,0.0,test
2016-12-19 12:00:00,2016-12-20 12:00:00,24,Beijing,Prophet,269.285714,0.0,test
2016-12-19 13:00:00,2016-12-20 13:00:00,24,Beijing,Prophet,273.5,0.0,test
2016-12-19 14:00:00,2016-12-20 14:00:00,24,Beijing,Prophet,270.791667,0.0,test
2016-12-19 15:00:00,2016-12-20 15:00:00,24,Beijing,Prophet,169.444444,0.0,test
2016-12-19 16:00:00,2016-12-20 16:00:00,24,Beijing,Prophet,222.166667,0.0,test
2016-12-19 17:00:00,2016-12-20 17:00:00,24,Beijing,Prophet,266.833333,0.0,test
2016-12-19 18:00:00,2016-12-20 18:00:00,24,Beijing,Prophet,300.833333,0.0,test
2016-12-19 19:00:00,2016-12-20 19:00:00,24,Beijing,Prophet,305.0,0.0,test
2016-12-19 20:00:00,2016-12-20 20:00:00,24,Beijing,Prophet,302.0,0.0,test
2016-12-19 21:00:00,2016-12-20 21:00:00,24,Beijing,Prophet,317.0,0.0,test
2016-12-19 22:00:00,2016-12-20 22:00:00,24,Beijing,Prophet,321.4,0.0,test
2016-12-19 23:00:00,2016-12-20 23:00:00,24,Beijing,Prophet,321.8,0.0,test
2016-12-20 00:00:00,2016-12-21 00:00:00,24,Beijing,Prophet,322.2,0.0,test
2016-12-20 01:00:00,2016-12-21 01:00:00,24,Beijing,Prophet,316.1,0.0,test
2016-12-20 02:00:00,2016-12-21 02:00:00,24,Beijing,Prophet,298.0,0.0,test
2016-12-20 03:00:00,2016-12-21 03:00:00,24,Beijing,Prophet,282.0,0.0,test
2016-12-20 04:00:00,2016-12-21 04:00:00,24,Beijing,Prophet,275.5,0.0,test
2016-12-20 05:00:00,2016-12-21 05:00:00,24,Beijing,Prophet,282.0,0.0,test
2016-12-20 06:00:00,2016-12-21 06:00:00,24,Beijing,Prophet,272.5,0.0,test
2016-12-20 07:00:00,2016-12-21 07:00:00,24,Beijing,Prophet,286.0,0.0,test
2016-12-20 08:00:00,2016-12-21 08:00:00,24,Beijing,Prophet,315.5,0.0,test
2016-12-20 09:00:00,2016-12-21 09:00:00,24,Beijing,Prophet,334.0,0.0,test
2016-12-20 10:00:00,2016-12-21 10:00:00,24,Beijing,Prophet,342.0,0.0,test
2016-12-20 13:00:00,2016-12-21 13:00:00,24,Beijing,Prophet,340.0,0.0,test
2016-12-20 15:00:00,2016-12-21 15:00:00,24,Beijing,Prophet,318.5,0.0,test
2016-12-21 00:00:00,2016-12-22 00:00:00,24,Beijing,Prophet,127.0,0.0,test
2016-12-21 01:00:00,2016-12-22 01:00:00,24,Beijing,Prophet,105.333333,0.0,test
2016-12-21 02:00:00,2016-12-22 02:00:00,24,Beijing,Prophet,82.25,0.0,test
2016-12-21 03:00:00,2016-12-22 03:00:00,24,Beijing,Prophet,89.285714,0.0,test
2016-12-21 04:00:00,2016-12-22 04:00:00,24,Beijing,Prophet,34.8,0.0,test
2016-12-21 05:00:00,2016-12-22 05:00:00,24,Beijing,Prophet,11.8,0.0,test
2016-12-21 06:00:00,2016-12-22 06:00:00,24,Beijing,Prophet,27.25,0.0,test
2016-12-21 07:00:00,2016-12-22 07:00:00,24,Beijing,Prophet,13.833333,0.0,test
2016-12-21 08:00:00,2016-12-22 08:00:00,24,Beijing,Prophet,13.166667,0.0,test
2016-12-21 09:00:00,2016-12-22 09:00:00,24,Beijing,Prophet,15.25,0.0,test
2016-12-21 10:00:00,2016-12-22 10:00:00,24,Beijing,Prophet,14.416667,0.0,test
2016-12-21 13:00:00,2016-12-22 13:00:00,24,Beijing,Prophet,11.833333,0.0,test
2016-12-21 15:00:00,2016-12-22 15:00:00,24,Beijing,Prophet,9.416667,0.0,test
2016-12-22 00:00:00,2016-12-23 00:00:00,24,Beijing,Prophet,15.083333,0.0,test
2016-12-22 01:00:00,2016-12-23 01:00:00,24,Beijing,Prophet,17.833333,0.0,test
2016-12-22 02:00:00,2016-12-23 02:00:00,24,Beijing,Prophet,16.166667,0.0,test
2016-12-22 03:00:00,2016-12-23 03:00:00,24,Beijing,Prophet,17.0,0.0,test
2016-12-22 04:00:00,2016-12-23 04:00:00,24,Beijing,Prophet,14.916667,0.0,test
2016-12-22 05:00:00,2016-12-23 05:00:00,24,Beijing,Prophet,14.666667,0.0,test
2016-12-22 06:00:00,2016-12-23 06:00:00,24,Beijing,Prophet,14.388889,0.0,test
2016-12-22 07:00:00,2016-12-23 07:00:00,24,Beijing,Prophet,14.194444,0.0,test
2016-12-22 08:00:00,2016-12-23 08:00:00,24,Beijing,Prophet,17.083333,0.0,test
2016-12-22 09:00:00,2016-12-23 09:00:00,24,Beijing,Prophet,16.25,0.0,test
2016-12-22 10:00:00,2016-12-23 10:00:00,24,Beijing,Prophet,18.25,0.0,test
2016-12-22 11:00:00,2016-12-23 11:00:00,24,Beijing,Prophet,21.333333,0.0,test
2016-12-22 12:00:00,2016-12-23 12:00:00,24,Beijing,Prophet,20.638889,0.0,test
2016-12-22 13:00:00,2016-12-23 13:00:00,24,Beijing,Prophet,19.777778,0.0,test
2016-12-22 14:00:00,2016-12-23 14:00:00,24,Beijing,Prophet,24.083333,0.0,test
2016-12-22 15:00:00,2016-12-23 15:00:00,24,Beijing,Prophet,18.083333,0.0,test
2016-12-22 16:00:00,2016-12-23 16:00:00,24,Beijing,Prophet,20.833333,0.0,test
2016-12-22 17:00:00,2016-12-23 17:00:00,24,Beijing,Prophet,29.666667,0.0,test
2016-12-22 18:00:00,2016-12-23 18:00:00,24,Beijing,Prophet,47.416667,0.0,test
2016-12-22 19:00:00,2016-12-23 19:00:00,24,Beijing,Prophet,64.25,0.0,test
2016-12-22 20:00:00,2016-12-23 20:00:00,24,Beijing,Prophet,71.0,0.0,test
2016-12-22 21:00:00,2016-12-23 21:00:00,24,Beijing,Prophet,74.25,0.0,test
2016-12-22 22:00:00,2016-12-23 22:00:00,24,Beijing,Prophet,74.833333,0.0,test
2016-12-22 23:00:00,2016-12-23 23:00:00,24,Beijing,Prophet,78.416667,0.0,test
2016-12-23 00:00:00,2016-12-24 00:00:00,24,Beijing,Prophet,76.416667,0.0,test
2016-12-23 01:00:00,2016-12-24 01:00:00,24,Beijing,Prophet,79.333333,0.0,test
2016-12-23 02:00:00,2016-12-24 02:00:00,24,Beijing,Prophet,82.916667,0.0,test
2016-12-23 03:00:00,2016-12-24 03:00:00,24,Beijing,Prophet,84.083333,0.0,test
2016-12-23 04:00:00,2016-12-24 04:00:00,24,Beijing,Prophet,89.583333,0.0,test
2016-12-23 05:00:00,2016-12-24 05:00:00,24,Beijing,Prophet,89.416667,0.0,test
2016-12-23 06:00:00,2016-12-24 06:00:00,24,Beijing,Prophet,96.666667,0.0,test
2016-12-23 07:00:00,2016-12-24 07:00:00,24,Beijing,Prophet,100.166667,0.0,test
2016-12-23 08:00:00,2016-12-24 08:00:00,24,Beijing,Prophet,103.75,0.0,test
2016-12-23 09:00:00,2016-12-24 09:00:00,24,Beijing,Prophet,102.25,0.0,test
2016-12-23 10:00:00,2016-12-24 10:00:00,24,Beijing,Prophet,103.583333,0.0,test
2016-12-23 11:00:00,2016-12-24 11:00:00,24,Beijing,Prophet,110.416667,0.0,test
2016-12-23 12:00:00,2016-12-24 12:00:00,24,Beijing,Prophet,120.416667,0.0,test
2016-12-23 13:00:00,2016-12-24 13:00:00,24,Beijing,Prophet,127.75,0.0,test
2016-12-23 14:00:00,2016-12-24 14:00:00,24,Beijing,Prophet,124.666667,0.0,test
2016-12-23 15:00:00,2016-12-24 15:00:00,24,Beijing,Prophet,125.916667,0.0,test
2016-12-23 16:00:00,2016-12-24 16:00:00,24,Beijing,Prophet,135.416667,0.0,test
2016-12-23 17:00:00,2016-12-24 17:00:00,24,Beijing,Prophet,146.166667,0.0,test
2016-12-23 18:00:00,2016-12-24 18:00:00,24,Beijing,Prophet,148.25,0.0,test
2016-12-23 19:00:00,2016-12-24 19:00:00,24,Beijing,Prophet,147.0,0.0,test
2016-12-23 20:00:00,2016-12-24 20:00:00,24,Beijing,Prophet,152.416667,0.0,test
2016-12-23 21:00:00,2016-12-24 21:00:00,24,Beijing,Prophet,157.0,0.0,test
2016-12-23 22:00:00,2016-12-24 22:00:00,24,Beijing,Prophet,156.083333,0.0,test
2016-12-23 23:00:00,2016-12-24 23:00:00,24,Beijing,Prophet,161.083333,0.0,test
2016-12-24 00:00:00,2016-12-25 00:00:00,24,Beijing,Prophet,168.916667,0.0,test
2016-12-24 01:00:00,2016-12-25 01:00:00,24,Beijing,Prophet,166.454545,0.0,test
2016-12-24 02:00:00,2016-12-25 02:00:00,24,Beijing,Prophet,158.454545,0.0,test
2016-12-24 03:00:00,2016-12-25 03:00:00,24,Beijing,Prophet,156.090909,0.0,test
2016-12-24 04:00:00,2016-12-25 04:00:00,24,Beijing,Prophet,143.363636,0.0,test
2016-12-24 05:00:00,2016-12-25 05:00:00,24,Beijing,Prophet,133.818182,0.0,test
2016-12-24 06:00:00,2016-12-25 06:00:00,24,Beijing,Prophet,125.727273,0.0,test
2016-12-24 07:00:00,2016-12-25 07:00:00,24,Beijing,Prophet,121.909091,0.0,test
2016-12-24 08:00:00,2016-12-25 08:00:00,24,Beijing,Prophet,121.181818,0.0,test
2016-12-24 09:00:00,2016-12-25 09:00:00,24,Beijing,Prophet,116.416667,0.0,test
2016-12-24 10:00:00,2016-12-25 10:00:00,24,Beijing,Prophet,121.166667,0.0,test
2016-12-24 11:00:00,2016-12-25 11:00:00,24,Beijing,Prophet,124.5,0.0,test
2016-12-24 12:00:00,2016-12-25 12:00:00,24,Beijing,Prophet,128.166667,0.0,test
2016-12-24 13:00:00,2016-12-25 13:00:00,24,Beijing,Prophet,129.25,0.0,test
2016-12-24 14:00:00,2016-12-25 14:00:00,24,Beijing,Prophet,135.333333,0.0,test
2016-12-24 15:00:00,2016-12-25 15:00:00,24,Beijing,Prophet,140.5,0.0,test
2016-12-24 16:00:00,2016-12-25 16:00:00,24,Beijing,Prophet,143.583333,0.0,test
2016-12-24 17:00:00,2016-12-25 17:00:00,24,Beijing,Prophet,148.083333,0.0,test
2016-12-24 18:00:00,2016-12-25 18:00:00,24,Beijing,Prophet,154.0,0.0,test
2016-12-24 19:00:00,2016-12-25 19:00:00,24,Beijing,Prophet,165.416667,0.0,test
2016-12-24 20:00:00,2016-12-25 20:00:00,24,Beijing,Prophet,172.916667,0.0,test
2016-12-24 21:00:00,2016-12-25 21:00:00,24,Beijing,Prophet,175.333333,0.0,test
2016-12-24 22:00:00,2016-12-25 22:00:00,24,Beijing,Prophet,180.583333,0.0,test
2016-12-24 23:00:00,2016-12-25 23:00:00,24,Beijing,Prophet,175.75,0.0,test
2016-12-25 00:00:00,2016-12-26 00:00:00,24,Beijing,Prophet,171.333333,0.0,test
2016-12-25 01:00:00,2016-12-26 01:00:00,24,Beijing,Prophet,157.5,0.0,test
2016-12-25 02:00:00,2016-12-26 02:00:00,24,Beijing,Prophet,151.333333,0.0,test
2016-12-25 03:00:00,2016-12-26 03:00:00,24,Beijing,Prophet,135.666667,0.0,test
2016-12-25 04:00:00,2016-12-26 04:00:00,24,Beijing,Prophet,109.083333,0.0,test
2016-12-25 05:00:00,2016-12-26 05:00:00,24,Beijing,Prophet,58.0,0.0,test
2016-12-25 06:00:00,2016-12-26 06:00:00,24,Beijing,Prophet,34.333333,0.0,test
2016-12-25 07:00:00,2016-12-26 07:00:00,24,Beijing,Prophet,24.333333,0.0,test
2016-12-25 08:00:00,2016-12-26 08:00:00,24,Beijing,Prophet,22.333333,0.0,test
2016-12-25 09:00:00,2016-12-26 09:00:00,24,Beijing,Prophet,21.5,0.0,test
2016-12-25 10:00:00,2016-12-26 10:00:00,24,Beijing,Prophet,28.083333,0.0,test
2016-12-25 11:00:00,2016-12-26 11:00:00,24,Beijing,Prophet,18.5,0.0,test
2016-12-25 12:00:00,2016-12-26 12:00:00,24,Beijing,Prophet,17.75,0.0,test
2016-12-25 13:00:00,2016-12-26 13:00:00,24,Beijing,Prophet,15.5,0.0,test
2016-12-25 14:00:00,2016-12-26 14:00:00,24,Beijing,Prophet,13.916667,0.0,test
2016-12-25 15:00:00,2016-12-26 15:00:00,24,Beijing,Prophet,10.5,0.0,test
2016-12-25 16:00:00,2016-12-26 16:00:00,24,Beijing,Prophet,11.833333,0.0,test
2016-12-25 17:00:00,2016-12-26 17:00:00,24,Beijing,Prophet,11.416667,0.0,test
2016-12-25 18:00:00,2016-12-26 18:00:00,24,Beijing,Prophet,12.666667,0.0,test
2016-12-25 19:00:00,2016-12-26 19:00:00,24,Beijing,Prophet,14.083333,0.0,test
2016-12-25 20:00:00,2016-12-26 20:00:00,24,Beijing,Prophet,16.75,0.0,test
2016-12-25 21:00:00,2016-12-26 21:00:00,24,Beijing,Prophet,15.916667,0.0,test
2016-12-25 22:00:00,2016-12-26 22:00:00,24,Beijing,Prophet,16.083333,0.0,test
2016-12-25 23:00:00,2016-12-26 23:00:00,24,Beijing,Prophet,13.75,0.0,test
2016-12-26 00:00:00,2016-12-27 00:00:00,24,Beijing,Prophet,12.166667,0.0,test
2016-12-26 01:00:00,2016-12-27 01:00:00,24,Beijing,Prophet,13.916667,0.0,test
2016-12-26 02:00:00,2016-12-27 02:00:00,24,Beijing,Prophet,15.583333,0.0,test
2016-12-26 03:00:00,2016-12-27 03:00:00,24,Beijing,Prophet,18.0,0.0,test
2016-12-26 04:00:00,2016-12-27 04:00:00,24,Beijing,Prophet,16.166667,0.0,test
2016-12-26 05:00:00,2016-12-27 05:00:00,24,Beijing,Prophet,13.916667,0.0,test
2016-12-26 06:00:00,2016-12-27 06:00:00,24,Beijing,Prophet,14.166667,0.0,test
2016-12-26 07:00:00,2016-12-27 07:00:00,24,Beijing,Prophet,19.375,0.0,test
2016-12-26 08:00:00,2016-12-27 08:00:00,24,Beijing,Prophet,19.333333,0.0,test
2016-12-26 09:00:00,2016-12-27 09:00:00,24,Beijing,Prophet,17.916667,0.0,test
2016-12-26 10:00:00,2016-12-27 10:00:00,24,Beijing,Prophet,15.75,0.0,test
2016-12-26 11:00:00,2016-12-27 11:00:00,24,Beijing,Prophet,13.555556,0.0,test
2016-12-26 12:00:00,2016-12-27 12:00:00,24,Beijing,Prophet,13.444444,0.0,test
2016-12-26 13:00:00,2016-12-27 13:00:00,24,Beijing,Prophet,14.916667,0.0,test
2016-12-26 14:00:00,2016-12-27 14:00:00,24,Beijing,Prophet,15.083333,0.0,test
2016-12-26 15:00:00,2016-12-27 15:00:00,24,Beijing,Prophet,15.0,0.0,test
2016-12-26 16:00:00,2016-12-27 16:00:00,24,Beijing,Prophet,14.583333,0.0,test
2016-12-26 17:00:00,2016-12-27 17:00:00,24,Beijing,Prophet,22.333333,0.0,test
2016-12-26 18:00:00,2016-12-27 18:00:00,24,Beijing,Prophet,46.666667,0.0,test
2016-12-26 19:00:00,2016-12-27 19:00:00,24,Beijing,Prophet,74.833333,0.0,test
2016-12-26 20:00:00,2016-12-27 20:00:00,24,Beijing,Prophet,112.416667,0.0,test
2016-12-26 21:00:00,2016-12-27 21:00:00,24,Beijing,Prophet,102.083333,0.0,test
2016-12-26 22:00:00,2016-12-27 22:00:00,24,Beijing,Prophet,115.583333,0.0,test
2016-12-26 23:00:00,2016-12-27 23:00:00,24,Beijing,Prophet,124.166667,0.0,test
2016-12-27 00:00:00,2016-12-28 00:00:00,24,Beijing,Prophet,129.666667,0.0,test
2016-12-27 01:00:00,2016-12-28 01:00:00,24,Beijing,Prophet,135.166667,0.0,test
2016-12-27 02:00:00,2016-12-28 02:00:00,24,Beijing,Prophet,142.166667,0.0,test
2016-12-27 03:00:00,2016-12-28 03:00:00,24,Beijing,Prophet,151.0,0.0,test
2016-12-27 04:00:00,2016-12-28 04:00:00,24,Beijing,Prophet,149.333333,0.0,test
2016-12-27 05:00:00,2016-12-28 05:00:00,24,Beijing,Prophet,150.0,0.0,test
2016-12-27 06:00:00,2016-12-28 06:00:00,24,Beijing,Prophet,131.5,0.0,test
2016-12-27 07:00:00,2016-12-28 07:00:00,24,Beijing,Prophet,121.083333,0.0,test
2016-12-27 08:00:00,2016-12-28 08:00:00,24,Beijing,Prophet,112.666667,0.0,test
2016-12-27 09:00:00,2016-12-28 09:00:00,24,Beijing,Prophet,89.916667,0.0,test
2016-12-27 10:00:00,2016-12-28 10:00:00,24,Beijing,Prophet,56.833333,0.0,test
2016-12-27 11:00:00,2016-12-28 11:00:00,24,Beijing,Prophet,32.375,0.0,test
2016-12-27 12:00:00,2016-12-28 12:00:00,24,Beijing,Prophet,19.583333,0.0,test
2016-12-27 13:00:00,2016-12-28 13:00:00,24,Beijing,Prophet,14.833333,0.0,test
2016-12-27 14:00:00,2016-12-28 14:00:00,24,Beijing,Prophet,13.645833,0.0,test
2016-12-27 15:00:00,2016-12-28 15:00:00,24,Beijing,Prophet,9.458333,0.0,test
2016-12-27 16:00:00,2016-12-28 16:00:00,24,Beijing,Prophet,9.854167,0.0,test
2016-12-27 17:00:00,2016-12-28 17:00:00,24,Beijing,Prophet,9.770833,0.0,test
2016-12-27 18:00:00,2016-12-28 18:00:00,24,Beijing,Prophet,9.583333,0.0,test
2016-12-27 19:00:00,2016-12-28 19:00:00,24,Beijing,Prophet,8.895833,0.0,test
2016-12-27 20:00:00,2016-12-28 20:00:00,24,Beijing,Prophet,10.0,0.0,test
2016-12-27 21:00:00,2016-12-28 21:00:00,24,Beijing,Prophet,8.666667,0.0,test
2016-12-27 22:00:00,2016-12-28 22:00:00,24,Beijing,Prophet,9.0,0.0,test
2016-12-27 23:00:00,2016-12-28 23:00:00,24,Beijing,Prophet,10.0,0.0,test
2016-12-28 00:00:00,2016-12-29 00:00:00,24,Beijing,Prophet,12.833333,0.0,test
2016-12-28 01:00:00,2016-12-29 01:00:00,24,Beijing,Prophet,13.0,0.0,test
2016-12-28 02:00:00,2016-12-29 02:00:00,24,Beijing,Prophet,12.25,0.0,test
2016-12-28 03:00:00,2016-12-29 03:00:00,24,Beijing,Prophet,10.916667,0.0,test
2016-12-28 04:00:00,2016-12-29 04:00:00,24,Beijing,Prophet,10.333333,0.0,test
2016-12-28 05:00:00,2016-12-29 05:00:00,24,Beijing,Prophet,9.916667,0.0,test
2016-12-28 06:00:00,2016-12-29 06:00:00,24,Beijing,Prophet,10.0,0.0,test
2016-12-28 07:00:00,2016-12-29 07:00:00,24,Beijing,Prophet,11.833333,0.0,test
2016-12-28 08:00:00,2016-12-29 08:00:00,24,Beijing,Prophet,13.083333,0.0,test
2016-12-28 09:00:00,2016-12-29 09:00:00,24,Beijing,Prophet,15.166667,0.0,test
2016-12-28 10:00:00,2016-12-29 10:00:00,24,Beijing,Prophet,15.166667,0.0,test
2016-12-28 11:00:00,2016-12-29 11:00:00,24,Beijing,Prophet,17.958333,0.0,test
2016-12-28 12:00:00,2016-12-29 12:00:00,24,Beijing,Prophet,30.75,0.0,test
2016-12-28 13:00:00,2016-12-29 13:00:00,24,Beijing,Prophet,39.875,0.0,test
2016-12-28 14:00:00,2016-12-29 14:00:00,24,Beijing,Prophet,46.333333,0.0,test
2016-12-28 15:00:00,2016-12-29 15:00:00,24,Beijing,Prophet,46.916667,0.0,test
2016-12-28 16:00:00,2016-12-29 16:00:00,24,Beijing,Prophet,52.083333,0.0,test
2016-12-28 17:00:00,2016-12-29 17:00:00,24,Beijing,Prophet,53.083333,0.0,test
2016-12-28 18:00:00,2016-12-29 18:00:00,24,Beijing,Prophet,58.416667,0.0,test
2016-12-28 19:00:00,2016-12-29 19:00:00,24,Beijing,Prophet,79.0,0.0,test
2016-12-28 20:00:00,2016-12-29 20:00:00,24,Beijing,Prophet,120.916667,0.0,test
2016-12-28 21:00:00,2016-12-29 21:00:00,24,Beijing,Prophet,143.0,0.0,test
2016-12-28 22:00:00,2016-12-29 22:00:00,24,Beijing,Prophet,187.416667,0.0,test
2016-12-28 23:00:00,2016-12-29 23:00:00,24,Beijing,Prophet,183.72,0.0,test
2016-12-29 00:00:00,2016-12-30 00:00:00,24,Beijing,Prophet,195.39,0.0,test
2016-12-29 01:00:00,2016-12-30 01:00:00,24,Beijing,Prophet,185.21,0.0,test
2016-12-29 02:00:00,2016-12-30 02:00:00,24,Beijing,Prophet,177.863333,0.0,test
2016-12-29 03:00:00,2016-12-30 03:00:00,24,Beijing,Prophet,166.966667,0.0,test
2016-12-29 04:00:00,2016-12-30 04:00:00,24,Beijing,Prophet,134.1,0.0,test
2016-12-29 05:00:00,2016-12-30 05:00:00,24,Beijing,Prophet,132.05,0.0,test
2016-12-29 06:00:00,2016-12-30 06:00:00,24,Beijing,Prophet,142.666667,0.0,test
2016-12-29 07:00:00,2016-12-30 07:00:00,24,Beijing,Prophet,130.083333,0.0,test
2016-12-29 08:00:00,2016-12-30 08:00:00,24,Beijing,Prophet,129.541667,0.0,test
2016-12-29 09:00:00,2016-12-30 09:00:00,24,Beijing,Prophet,120.5,0.0,test
2016-12-29 10:00:00,2016-12-30 10:00:00,24,Beijing,Prophet,129.416667,0.0,test
2016-12-29 11:00:00,2016-12-30 11:00:00,24,Beijing,Prophet,132.875,0.0,test
2016-12-29 12:00:00,2016-12-30 12:00:00,24,Beijing,Prophet,129.5,0.0,test
2016-12-29 13:00:00,2016-12-30 13:00:00,24,Beijing,Prophet,142.583333,0.0,test
2016-12-29 14:00:00,2016-12-30 14:00:00,24,Beijing,Prophet,143.0,0.0,test
2016-12-29 15:00:00,2016-12-30 15:00:00,24,Beijing,Prophet,156.916667,0.0,test
2016-12-29 16:00:00,2016-12-30 16:00:00,24,Beijing,Prophet,194.833333,0.0,test
2016-12-29 17:00:00,2016-12-30 17:00:00,24,Beijing,Prophet,233.995833,0.0,test
2016-12-29 18:00:00,2016-12-30 18:00:00,24,Beijing,Prophet,248.977778,0.0,test
2016-12-29 19:00:00,2016-12-30 19:00:00,24,Beijing,Prophet,256.626389,0.0,test
2016-12-29 20:00:00,2016-12-30 20:00:00,24,Beijing,Prophet,262.858333,0.0,test
2016-12-29 21:00:00,2016-12-30 21:00:00,24,Beijing,Prophet,261.944444,0.0,test
2016-12-29 22:00:00,2016-12-30 22:00:00,24,Beijing,Prophet,256.347222,0.0,test
2016-12-29 23:00:00,2016-12-30 23:00:00,24,Beijing,Prophet,254.666667,0.0,test
2016-12-30 00:00:00,2016-12-31 00:00:00,24,Beijing,Prophet,247.775,0.0,test
2016-12-30 01:00:00,2016-12-31 01:00:00,24,Beijing,Prophet,245.597619,0.0,test
2016-12-30 02:00:00,2016-12-31 02:00:00,24,Beijing,Prophet,244.753571,0.0,test
2016-12-30 03:00:00,2016-12-31 03:00:00,24,Beijing,Prophet,234.597024,0.0,test
2016-12-30 04:00:00,2016-12-31 04:00:00,24,Beijing,Prophet,230.89881,0.0,test
2016-12-30 05:00:00,2016-12-31 05:00:00,24,Beijing,Prophet,230.092262,0.0,test
2016-12-30 06:00:00,2016-12-31 06:00:00,24,Beijing,Prophet,223.619048,0.0,test
2016-12-30 07:00:00,2016-12-31 07:00:00,24,Beijing,Prophet,210.333333,0.0,test
2016-12-30 08:00:00,2016-12-31 08:00:00,24,Beijing,Prophet,193.166667,0.0,test
2016-12-30 09:00:00,2016-12-31 09:00:00,24,Beijing,Prophet,176.0,0.0,test
2016-12-30 10:00:00,2016-12-31 10:00:00,24,Beijing,Prophet,193.909091,0.0,test
2016-12-30 11:00:00,2016-12-31 11:00:00,24,Beijing,Prophet,195.636364,0.0,test
2016-12-30 12:00:00,2016-12-31 12:00:00,24,Beijing,Prophet,207.272727,0.0,test
2016-12-30 13:00:00,2016-12-31 13:00:00,24,Beijing,Prophet,228.363636,0.0,test
2016-12-30 14:00:00,2016-12-31 14:00:00,24,Beijing,Prophet,227.625,0.0,test
2016-12-30 15:00:00,2016-12-31 15:00:00,24,Beijing,Prophet,189.95,0.0,test
2016-12-30 16:00:00,2016-12-31 16:00:00,24,Beijing,Prophet,210.4,0.0,test
2016-12-30 17:00:00,2016-12-31 17:00:00,24,Beijing,Prophet,220.225,0.0,test
2016-12-30 18:00:00,2016-12-31 18:00:00,24,Beijing,Prophet,231.3,0.0,test
2016-12-30 19:00:00,2016-12-31 19:00:00,24,Beijing,Prophet,241.75,0.0,test
2016-12-30 20:00:00,2016-12-31 20:00:00,24,Beijing,Prophet,258.25,0.0,test
2016-12-30 21:00:00,2016-12-31 21:00:00,24,Beijing,Prophet,218.666667,0.0,test
2016-12-30 22:00:00,2016-12-31 22:00:00,24,Beijing,Prophet,202.0,0.0,test
2016-12-30 23:00:00,2016-12-31 23:00:00,24,Beijing,Prophet,198.333333,0.0,test
2016-12-31 00:00:00,2017-01-01 00:00:00,24,Beijing,Prophet,227.0,0.0,test
2016-12-31 01:00:00,2017-01-01 01:00:00,24,Beijing,Prophet,235.666667,0.0,test
2016-12-31 02:00:00,2017-01-01 02:00:00,24,Beijing,Prophet,244.666667,0.0,test
2016-12-31 03:00:00,2017-01-01 03:00:00,24,Beijing,Prophet,240.0,0.0,test
2016-12-31 04:00:00,2017-01-01 04:00:00,24,Beijing,Prophet,227.416667,0.0,test
2016-12-31 05:00:00,2017-01-01 05:00:00,24,Beijing,Prophet,222.833333,0.0,test
2016-12-31 06:00:00,2017-01-01 06:00:00,24,Beijing,Prophet,225.75,0.0,test
2016-12-31 07:00:00,2017-01-01 07:00:00,24,Beijing,Prophet,225.166667,0.0,test
2016-12-31 08:00:00,2017-01-01 08:00:00,24,Beijing,Prophet,233.083333,0.0,test
2016-12-31 09:00:00,2017-01-01 09:00:00,24,Beijing,Prophet,238.214286,0.0,test
2016-12-31 10:00:00,2017-01-01 10:00:00,24,Beijing,Prophet,246.428571,0.0,test
2016-12-31 11:00:00,2017-01-01 11:00:00,24,Beijing,Prophet,254.642857,0.0,test
2016-12-31 12:00:00,2017-01-01 12:00:00,24,Beijing,Prophet,244.714286,0.0,test
2016-12-31 13:00:00,2017-01-01 13:00:00,24,Beijing,Prophet,254.142857,0.0,test
2016-12-31 14:00:00,2017-01-01 14:00:00,24,Beijing,Prophet,263.571429,0.0,test
2016-12-31 15:00:00,2017-01-01 15:00:00,24,Beijing,Prophet,273.0,0.0,test
2017-01-01 01:00:00,2017-01-02 01:00:00,24,Beijing,Prophet,256.0,0.0,test
2017-01-01 02:00:00,2017-01-02 02:00:00,24,Beijing,Prophet,177.0,0.0,test
2017-01-01 03:00:00,2017-01-02 03:00:00,24,Beijing,Prophet,103.666667,0.0,test
2017-01-01 04:00:00,2017-01-02 04:00:00,24,Beijing,Prophet,170.375,0.0,test
2017-01-01 05:00:00,2017-01-02 05:00:00,24,Beijing,Prophet,137.545455,0.0,test
2017-01-01 06:00:00,2017-01-02 06:00:00,24,Beijing,Prophet,86.666667,0.0,test
2017-01-01 07:00:00,2017-01-02 07:00:00,24,Beijing,Prophet,57.25,0.0,test
2017-01-01 08:00:00,2017-01-02 08:00:00,24,Beijing,Prophet,46.666667,0.0,test
2017-01-01 09:00:00,2017-01-02 09:00:00,24,Beijing,Prophet,52.583333,0.0,test
2017-01-01 10:00:00,2017-01-02 10:00:00,24,Beijing,Prophet,57.133333,0.0,test
2017-01-01 11:00:00,2017-01-02 11:00:00,24,Beijing,Prophet,87.933333,0.0,test
2017-01-01 12:00:00,2017-01-02 12:00:00,24,Beijing,Prophet,151.191667,0.0,test
2017-01-01 13:00:00,2017-01-02 13:00:00,24,Beijing,Prophet,174.866667,0.0,test
2017-01-01 14:00:00,2017-01-02 14:00:00,24,Beijing,Prophet,176.75,0.0,test
2017-01-01 15:00:00,2017-01-02 15:00:00,24,Beijing,Prophet,205.833333,0.0,test
2017-01-02 01:00:00,2017-01-03 01:00:00,24,Beijing,Prophet,261.5,0.0,test
2017-01-02 02:00:00,2017-01-03 02:00:00,24,Beijing,Prophet,264.642857,0.0,test
2017-01-02 03:00:00,2017-01-03 03:00:00,24,Beijing,Prophet,258.052381,0.0,test
2017-01-02 04:00:00,2017-01-03 04:00:00,24,Beijing,Prophet,247.711905,0.0,test
2017-01-02 05:00:00,2017-01-03 05:00:00,24,Beijing,Prophet,245.642262,0.0,test
2017-01-02 06:00:00,2017-01-03 06:00:00,24,Beijing,Prophet,243.239286,0.0,test
2017-01-02 07:00:00,2017-01-03 07:00:00,24,Beijing,Prophet,234.169643,0.0,test
2017-01-02 08:00:00,2017-01-03 08:00:00,24,Beijing,Prophet,219.333333,0.0,test
2017-01-02 09:00:00,2017-01-03 09:00:00,24,Beijing,Prophet,221.583333,0.0,test
2017-01-02 10:00:00,2017-01-03 10:00:00,24,Beijing,Prophet,216.166667,0.0,test
2017-01-02 11:00:00,2017-01-03 11:00:00,24,Beijing,Prophet,216.555556,0.0,test
2017-01-02 12:00:00,2017-01-03 12:00:00,24,Beijing,Prophet,223.361111,0.0,test
2017-01-02 13:00:00,2017-01-03 13:00:00,24,Beijing,Prophet,221.916667,0.0,test
2017-01-02 14:00:00,2017-01-03 14:00:00,24,Beijing,Prophet,217.083333,0.0,test
2017-01-02 15:00:00,2017-01-03 15:00:00,24,Beijing,Prophet,222.9,0.0,test
2017-01-02 16:00:00,2017-01-03 16:00:00,24,Beijing,Prophet,236.875,0.0,test
2017-01-02 17:00:00,2017-01-03 17:00:00,24,Beijing,Prophet,250.285714,0.0,test
2017-01-02 18:00:00,2017-01-03 18:00:00,24,Beijing,Prophet,236.2,0.0,test
2017-01-02 19:00:00,2017-01-03 19:00:00,24,Beijing,Prophet,196.0,0.0,test
2017-01-02 20:00:00,2017-01-03 20:00:00,24,Beijing,Prophet,219.666667,0.0,test
2017-01-02 21:00:00,2017-01-03 21:00:00,24,Beijing,Prophet,208.0,0.0,test
2017-01-02 22:00:00,2017-01-03 22:00:00,24,Beijing,Prophet,199.5,0.0,test
2017-01-02 23:00:00,2017-01-03 23:00:00,24,Beijing,Prophet,174.0,0.0,test
2017-01-03 00:00:00,2017-01-04 00:00:00,24,Beijing,Prophet,178.5,0.0,test
2017-01-03 01:00:00,2017-01-04 01:00:00,24,Beijing,Prophet,197.0,0.0,test
2017-01-03 02:00:00,2017-01-04 02:00:00,24,Beijing,Prophet,153.0,0.0,test
2017-01-03 03:00:00,2017-01-04 03:00:00,24,Beijing,Prophet,105.5,0.0,test
2017-01-03 04:00:00,2017-01-04 04:00:00,24,Beijing,Prophet,141.666667,0.0,test
2017-01-03 05:00:00,2017-01-04 05:00:00,24,Beijing,Prophet,130.666667,0.0,test
2017-01-03 06:00:00,2017-01-04 06:00:00,24,Beijing,Prophet,119.0,0.0,test
2017-01-03 07:00:00,2017-01-04 07:00:00,24,Beijing,Prophet,109.333333,0.0,test
2017-01-03 08:00:00,2017-01-04 08:00:00,24,Beijing,Prophet,182.666667,0.0,test
2017-01-03 09:00:00,2017-01-04 09:00:00,24,Beijing,Prophet,173.571429,0.0,test
2017-01-03 10:00:00,2017-01-04 10:00:00,24,Beijing,Prophet,194.9375,0.0,test
2017-01-03 11:00:00,2017-01-04 11:00:00,24,Beijing,Prophet,191.481481,0.0,test
2017-01-03 12:00:00,2017-01-04 12:00:00,24,Beijing,Prophet,187.378788,0.0,test
2017-01-03 13:00:00,2017-01-04 13:00:00,24,Beijing,Prophet,176.863636,0.0,test
2017-01-03 14:00:00,2017-01-04 14:00:00,24,Beijing,Prophet,188.666667,0.0,test
2017-01-03 15:00:00,2017-01-04 15:00:00,24,Beijing,Prophet,226.633333,0.0,test
2017-01-03 16:00:00,2017-01-04 16:00:00,24,Beijing,Prophet,258.683333,0.0,test
2017-01-03 17:00:00,2017-01-04 17:00:00,24,Beijing,Prophet,275.428571,0.0,test
2017-01-03 18:00:00,2017-01-04 18:00:00,24,Beijing,Prophet,246.0,0.0,test
2017-01-03 19:00:00,2017-01-04 19:00:00,24,Beijing,Prophet,284.738095,0.0,test
2017-01-03 20:00:00,2017-01-04 20:00:00,24,Beijing,Prophet,284.611111,0.0,test
2017-01-03 21:00:00,2017-01-04 21:00:00,24,Beijing,Prophet,277.527778,0.0,test
2017-01-03 22:00:00,2017-01-04 22:00:00,24,Beijing,Prophet,284.444444,0.0,test
2017-01-03 23:00:00,2017-01-04 23:00:00,24,Beijing,Prophet,284.104167,0.0,test
2017-01-04 00:00:00,2017-01-05 00:00:00,24,Beijing,Prophet,238.0,0.0,test
2017-01-04 01:00:00,2017-01-05 01:00:00,24,Beijing,Prophet,192.842857,0.0,test
2017-01-04 02:00:00,2017-01-05 02:00:00,24,Beijing,Prophet,190.896104,0.0,test
2017-01-04 03:00:00,2017-01-05 03:00:00,24,Beijing,Prophet,203.790476,0.0,test
2017-01-04 04:00:00,2017-01-05 04:00:00,24,Beijing,Prophet,223.42619,0.0,test
2017-01-04 05:00:00,2017-01-05 05:00:00,24,Beijing,Prophet,256.291071,0.0,test
2017-01-04 06:00:00,2017-01-05 06:00:00,24,Beijing,Prophet,284.447619,0.0,test
2017-01-04 07:00:00,2017-01-05 07:00:00,24,Beijing,Prophet,285.729167,0.0,test
2017-01-04 08:00:00,2017-01-05 08:00:00,24,Beijing,Prophet,267.416667,0.0,test
2017-01-04 09:00:00,2017-01-05 09:00:00,24,Beijing,Prophet,262.722222,0.0,test
2017-01-04 10:00:00,2017-01-05 10:00:00,24,Beijing,Prophet,261.861111,0.0,test
2017-01-04 11:00:00,2017-01-05 11:00:00,24,Beijing,Prophet,268.75,0.0,test
2017-01-04 12:00:00,2017-01-05 12:00:00,24,Beijing,Prophet,257.583333,0.0,test
2017-01-04 13:00:00,2017-01-05 13:00:00,24,Beijing,Prophet,201.583333,0.0,test
2017-01-04 14:00:00,2017-01-05 14:00:00,24,Beijing,Prophet,200.666667,0.0,test
2017-01-04 15:00:00,2017-01-05 15:00:00,24,Beijing,Prophet,180.083333,0.0,test
2017-01-04 16:00:00,2017-01-05 16:00:00,24,Beijing,Prophet,155.333333,0.0,test
2017-01-04 17:00:00,2017-01-05 17:00:00,24,Beijing,Prophet,157.416667,0.0,test
2017-01-04 18:00:00,2017-01-05 18:00:00,24,Beijing,Prophet,162.916667,0.0,test
2017-01-04 19:00:00,2017-01-05 19:00:00,24,Beijing,Prophet,178.916667,0.0,test
2017-01-04 20:00:00,2017-01-05 20:00:00,24,Beijing,Prophet,186.416667,0.0,test
2017-01-04 21:00:00,2017-01-05 21:00:00,24,Beijing,Prophet,183.5,0.0,test
2017-01-04 22:00:00,2017-01-05 22:00:00,24,Beijing,Prophet,190.5,0.0,test
2017-01-04 23:00:00,2017-01-05 23:00:00,24,Beijing,Prophet,187.166667,0.0,test
2017-01-05 00:00:00,2017-01-06 00:00:00,24,Beijing,Prophet,184.75,0.0,test
2017-01-05 01:00:00,2017-01-06 01:00:00,24,Beijing,Prophet,183.166667,0.0,test
2017-01-05 02:00:00,2017-01-06 02:00:00,24,Beijing,Prophet,178.666667,0.0,test
2017-01-05 03:00:00,2017-01-06 03:00:00,24,Beijing,Prophet,178.0,0.0,test
2017-01-05 04:00:00,2017-01-06 04:00:00,24,Beijing,Prophet,176.416667,0.0,test
2017-01-05 05:00:00,2017-01-06 05:00:00,24,Beijing,Prophet,173.416667,0.0,test
2017-01-05 06:00:00,2017-01-06 06:00:00,24,Beijing,Prophet,166.083333,0.0,test
2017-01-05 07:00:00,2017-01-06 07:00:00,24,Beijing,Prophet,170.25,0.0,test
2017-01-05 08:00:00,2017-01-06 08:00:00,24,Beijing,Prophet,173.416667,0.0,test
2017-01-05 09:00:00,2017-01-06 09:00:00,24,Beijing,Prophet,180.166667,0.0,test
2017-01-05 10:00:00,2017-01-06 10:00:00,24,Beijing,Prophet,202.333333,0.0,test
2017-01-05 11:00:00,2017-01-06 11:00:00,24,Beijing,Prophet,201.833333,0.0,test
2017-01-05 12:00:00,2017-01-06 12:00:00,24,Beijing,Prophet,204.75,0.0,test
2017-01-05 13:00:00,2017-01-06 13:00:00,24,Beijing,Prophet,185.916667,0.0,test
2017-01-05 14:00:00,2017-01-06 14:00:00,24,Beijing,Prophet,194.833333,0.0,test
2017-01-05 15:00:00,2017-01-06 15:00:00,24,Beijing,Prophet,204.333333,0.0,test
2017-01-05 16:00:00,2017-01-06 16:00:00,24,Beijing,Prophet,204.666667,0.0,test
2017-01-05 17:00:00,2017-01-06 17:00:00,24,Beijing,Prophet,205.333333,0.0,test
2017-01-05 18:00:00,2017-01-06 18:00:00,24,Beijing,Prophet,204.916667,0.0,test
2017-01-05 19:00:00,2017-01-06 19:00:00,24,Beijing,Prophet,210.083333,0.0,test
2017-01-05 20:00:00,2017-01-06 20:00:00,24,Beijing,Prophet,212.0,0.0,test
2017-01-05 21:00:00,2017-01-06 21:00:00,24,Beijing,Prophet,216.166667,0.0,test
2017-01-05 22:00:00,2017-01-06 22:00:00,24,Beijing,Prophet,222.0,0.0,test
2017-01-05 23:00:00,2017-01-06 23:00:00,24,Beijing,Prophet,222.166667,0.0,test
2017-01-06 00:00:00,2017-01-07 00:00:00,24,Beijing,Prophet,221.0,0.0,test
2017-01-06 01:00:00,2017-01-07 01:00:00,24,Beijing,Prophet,220.416667,0.0,test
2017-01-06 02:00:00,2017-01-07 02:00:00,24,Beijing,Prophet,220.583333,0.0,test
2017-01-06 03:00:00,2017-01-07 03:00:00,24,Beijing,Prophet,210.583333,0.0,test
2017-01-06 04:00:00,2017-01-07 04:00:00,24,Beijing,Prophet,214.166667,0.0,test
2017-01-06 05:00:00,2017-01-07 05:00:00,24,Beijing,Prophet,215.416667,0.0,test
2017-01-06 06:00:00,2017-01-07 06:00:00,24,Beijing,Prophet,199.833333,0.0,test
2017-01-06 07:00:00,2017-01-07 07:00:00,24,Beijing,Prophet,192.916667,0.0,test
2017-01-06 08:00:00,2017-01-07 08:00:00,24,Beijing,Prophet,191.75,0.0,test
2017-01-06 09:00:00,2017-01-07 09:00:00,24,Beijing,Prophet,188.916667,0.0,test
2017-01-06 10:00:00,2017-01-07 10:00:00,24,Beijing,Prophet,187.166667,0.0,test
2017-01-06 11:00:00,2017-01-07 11:00:00,24,Beijing,Prophet,181.166667,0.0,test
2017-01-06 12:00:00,2017-01-07 12:00:00,24,Beijing,Prophet,187.416667,0.0,test
2017-01-06 13:00:00,2017-01-07 13:00:00,24,Beijing,Prophet,166.916667,0.0,test
2017-01-06 14:00:00,2017-01-07 14:00:00,24,Beijing,Prophet,139.333333,0.0,test
2017-01-06 15:00:00,2017-01-07 15:00:00,24,Beijing,Prophet,115.5,0.0,test
2017-01-06 16:00:00,2017-01-07 16:00:00,24,Beijing,Prophet,106.25,0.0,test
2017-01-06 17:00:00,2017-01-07 17:00:00,24,Beijing,Prophet,106.75,0.0,test
2017-01-06 18:00:00,2017-01-07 18:00:00,24,Beijing,Prophet,103.416667,0.0,test
2017-01-06 19:00:00,2017-01-07 19:00:00,24,Beijing,Prophet,110.333333,0.0,test
2017-01-06 20:00:00,2017-01-07 20:00:00,24,Beijing,Prophet,117.25,0.0,test
2017-01-06 21:00:00,2017-01-07 21:00:00,24,Beijing,Prophet,121.416667,0.0,test
2017-01-06 22:00:00,2017-01-07 22:00:00,24,Beijing,Prophet,125.583333,0.0,test
2017-01-06 23:00:00,2017-01-07 23:00:00,24,Beijing,Prophet,139.583333,0.0,test
2017-01-07 00:00:00,2017-01-08 00:00:00,24,Beijing,Prophet,133.833333,0.0,test
2017-01-07 01:00:00,2017-01-08 01:00:00,24,Beijing,Prophet,113.0,0.0,test
2017-01-07 02:00:00,2017-01-08 02:00:00,24,Beijing,Prophet,72.666667,0.0,test
2017-01-07 03:00:00,2017-01-08 03:00:00,24,Beijing,Prophet,43.583333,0.0,test
2017-01-07 04:00:00,2017-01-08 04:00:00,24,Beijing,Prophet,31.083333,0.0,test
2017-01-07 05:00:00,2017-01-08 05:00:00,24,Beijing,Prophet,22.5,0.0,test
2017-01-07 06:00:00,2017-01-08 06:00:00,24,Beijing,Prophet,21.0,0.0,test
2017-01-07 07:00:00,2017-01-08 07:00:00,24,Beijing,Prophet,19.916667,0.0,test
2017-01-07 08:00:00,2017-01-08 08:00:00,24,Beijing,Prophet,20.75,0.0,test
2017-01-07 09:00:00,2017-01-08 09:00:00,24,Beijing,Prophet,23.583333,0.0,test
2017-01-07 10:00:00,2017-01-08 10:00:00,24,Beijing,Prophet,23.166667,0.0,test
2017-01-07 11:00:00,2017-01-08 11:00:00,24,Beijing,Prophet,24.25,0.0,test
2017-01-07 12:00:00,2017-01-08 12:00:00,24,Beijing,Prophet,26.833333,0.0,test
2017-01-07 13:00:00,2017-01-08 13:00:00,24,Beijing,Prophet,29.583333,0.0,test
2017-01-07 14:00:00,2017-01-08 14:00:00,24,Beijing,Prophet,30.25,0.0,test
2017-01-07 15:00:00,2017-01-08 15:00:00,24,Beijing,Prophet,38.166667,0.0,test
2017-01-07 16:00:00,2017-01-08 16:00:00,24,Beijing,Prophet,47.083333,0.0,test
2017-01-07 17:00:00,2017-01-08 17:00:00,24,Beijing,Prophet,43.5,0.0,test
2017-01-07 18:00:00,2017-01-08 18:00:00,24,Beijing,Prophet,41.666667,0.0,test
2017-01-07 19:00:00,2017-01-08 19:00:00,24,Beijing,Prophet,40.083333,0.0,test
2017-01-07 20:00:00,2017-01-08 20:00:00,24,Beijing,Prophet,17.833333,0.0,test
2017-01-07 21:00:00,2017-01-08 21:00:00,24,Beijing,Prophet,11.583333,0.0,test
2017-01-07 22:00:00,2017-01-08 22:00:00,24,Beijing,Prophet,10.166667,0.0,test
2017-01-07 23:00:00,2017-01-08 23:00:00,24,Beijing,Prophet,10.333333,0.0,test
2017-01-08 00:00:00,2017-01-09 00:00:00,24,Beijing,Prophet,11.0,0.0,test
2017-01-08 01:00:00,2017-01-09 01:00:00,24,Beijing,Prophet,7.583333,0.0,test
2017-01-08 02:00:00,2017-01-09 02:00:00,24,Beijing,Prophet,9.166667,0.0,test
2017-01-08 03:00:00,2017-01-09 03:00:00,24,Beijing,Prophet,9.583333,0.0,test
2017-01-08 04:00:00,2017-01-09 04:00:00,24,Beijing,Prophet,8.75,0.0,test
2017-01-08 05:00:00,2017-01-09 05:00:00,24,Beijing,Prophet,8.416667,0.0,test
2017-01-08 06:00:00,2017-01-09 06:00:00,24,Beijing,Prophet,9.083333,0.0,test
2017-01-08 07:00:00,2017-01-09 07:00:00,24,Beijing,Prophet,11.083333,0.0,test
2017-01-08 08:00:00,2017-01-09 08:00:00,24,Beijing,Prophet,11.666667,0.0,test
2017-01-08 09:00:00,2017-01-09 09:00:00,24,Beijing,Prophet,13.333333,0.0,test
2017-01-08 10:00:00,2017-01-09 10:00:00,24,Beijing,Prophet,13.0,0.0,test
2017-01-08 11:00:00,2017-01-09 11:00:00,24,Beijing,Prophet,12.416667,0.0,test
2017-01-08 12:00:00,2017-01-09 12:00:00,24,Beijing,Prophet,12.916667,0.0,test
2017-01-08 13:00:00,2017-01-09 13:00:00,24,Beijing,Prophet,13.916667,0.0,test
2017-01-08 14:00:00,2017-01-09 14:00:00,24,Beijing,Prophet,16.333333,0.0,test
2017-01-08 15:00:00,2017-01-09 15:00:00,24,Beijing,Prophet,19.75,0.0,test
2017-01-08 16:00:00,2017-01-09 16:00:00,24,Beijing,Prophet,28.041667,0.0,test
2017-01-08 17:00:00,2017-01-09 17:00:00,24,Beijing,Prophet,39.083333,0.0,test
2017-01-08 18:00:00,2017-01-09 18:00:00,24,Beijing,Prophet,49.958333,0.0,test
2017-01-08 19:00:00,2017-01-09 19:00:00,24,Beijing,Prophet,64.583333,0.0,test
2017-01-08 20:00:00,2017-01-09 20:00:00,24,Beijing,Prophet,82.583333,0.0,test
2017-01-08 21:00:00,2017-01-09 21:00:00,24,Beijing,Prophet,102.166667,0.0,test
2017-01-08 22:00:00,2017-01-09 22:00:00,24,Beijing,Prophet,118.666667,0.0,test
2017-01-08 23:00:00,2017-01-09 23:00:00,24,Beijing,Prophet,110.25,0.0,test
2017-01-09 00:00:00,2017-01-10 00:00:00,24,Beijing,Prophet,65.416667,0.0,test
2017-01-09 01:00:00,2017-01-10 01:00:00,24,Beijing,Prophet,33.5,0.0,test
2017-01-09 02:00:00,2017-01-10 02:00:00,24,Beijing,Prophet,9.25,0.0,test
2017-01-09 03:00:00,2017-01-10 03:00:00,24,Beijing,Prophet,6.583333,0.0,test
2017-01-09 04:00:00,2017-01-10 04:00:00,24,Beijing,Prophet,5.833333,0.0,test
2017-01-09 05:00:00,2017-01-10 05:00:00,24,Beijing,Prophet,5.75,0.0,test
2017-01-09 06:00:00,2017-01-10 06:00:00,24,Beijing,Prophet,6.333333,0.0,test
2017-01-09 07:00:00,2017-01-10 07:00:00,24,Beijing,Prophet,8.083333,0.0,test
2017-01-09 08:00:00,2017-01-10 08:00:00,24,Beijing,Prophet,8.0,0.0,test
2017-01-09 09:00:00,2017-01-10 09:00:00,24,Beijing,Prophet,12.416667,0.0,test
2017-01-09 10:00:00,2017-01-10 10:00:00,24,Beijing,Prophet,10.333333,0.0,test
2017-01-09 11:00:00,2017-01-10 11:00:00,24,Beijing,Prophet,7.583333,0.0,test
2017-01-09 12:00:00,2017-01-10 12:00:00,24,Beijing,Prophet,6.166667,0.0,test
2017-01-09 13:00:00,2017-01-10 13:00:00,24,Beijing,Prophet,7.416667,0.0,test
2017-01-09 14:00:00,2017-01-10 14:00:00,24,Beijing,Prophet,6.5,0.0,test
2017-01-09 15:00:00,2017-01-10 15:00:00,24,Beijing,Prophet,6.666667,0.0,test
2017-01-09 16:00:00,2017-01-10 16:00:00,24,Beijing,Prophet,7.333333,0.0,test
2017-01-09 17:00:00,2017-01-10 17:00:00,24,Beijing,Prophet,15.166667,0.0,test
2017-01-09 18:00:00,2017-01-10 18:00:00,24,Beijing,Prophet,27.5,0.0,test
2017-01-09 19:00:00,2017-01-10 19:00:00,24,Beijing,Prophet,49.833333,0.0,test
2017-01-09 20:00:00,2017-01-10 20:00:00,24,Beijing,Prophet,64.0,0.0,test
2017-01-09 21:00:00,2017-01-10 21:00:00,24,Beijing,Prophet,69.166667,0.0,test
2017-01-09 22:00:00,2017-01-10 22:00:00,24,Beijing,Prophet,68.916667,0.0,test
2017-01-09 23:00:00,2017-01-10 23:00:00,24,Beijing,Prophet,67.833333,0.0,test
2017-01-10 00:00:00,2017-01-11 00:00:00,24,Beijing,Prophet,63.083333,0.0,test
2017-01-10 01:00:00,2017-01-11 01:00:00,24,Beijing,Prophet,64.75,0.0,test
2017-01-10 02:00:00,2017-01-11 02:00:00,24,Beijing,Prophet,63.083333,0.0,test
2017-01-10 03:00:00,2017-01-11 03:00:00,24,Beijing,Prophet,64.583333,0.0,test
2017-01-10 04:00:00,2017-01-11 04:00:00,24,Beijing,Prophet,64.0,0.0,test
2017-01-10 05:00:00,2017-01-11 05:00:00,24,Beijing,Prophet,60.333333,0.0,test
2017-01-10 06:00:00,2017-01-11 06:00:00,24,Beijing,Prophet,53.333333,0.0,test
2017-01-10 07:00:00,2017-01-11 07:00:00,24,Beijing,Prophet,45.25,0.0,test
2017-01-10 08:00:00,2017-01-11 08:00:00,24,Beijing,Prophet,43.166667,0.0,test
2017-01-10 09:00:00,2017-01-11 09:00:00,24,Beijing,Prophet,46.916667,0.0,test
2017-01-10 10:00:00,2017-01-11 10:00:00,24,Beijing,Prophet,56.083333,0.0,test
2017-01-10 11:00:00,2017-01-11 11:00:00,24,Beijing,Prophet,59.583333,0.0,test
2017-01-10 12:00:00,2017-01-11 12:00:00,24,Beijing,Prophet,61.0,0.0,test
2017-01-10 13:00:00,2017-01-11 13:00:00,24,Beijing,Prophet,67.583333,0.0,test
2017-01-10 14:00:00,2017-01-11 14:00:00,24,Beijing,Prophet,47.5,0.0,test
2017-01-10 15:00:00,2017-01-11 15:00:00,24,Beijing,Prophet,44.833333,0.0,test
2017-01-10 16:00:00,2017-01-11 16:00:00,24,Beijing,Prophet,65.0,0.0,test
2017-01-10 17:00:00,2017-01-11 17:00:00,24,Beijing,Prophet,74.25,0.0,test
2017-01-10 18:00:00,2017-01-11 18:00:00,24,Beijing,Prophet,77.5,0.0,test
2017-01-10 19:00:00,2017-01-11 19:00:00,24,Beijing,Prophet,75.333333,0.0,test
2017-01-10 20:00:00,2017-01-11 20:00:00,24,Beijing,Prophet,68.5,0.0,test
2017-01-10 21:00:00,2017-01-11 21:00:00,24,Beijing,Prophet,57.666667,0.0,test
2017-01-10 22:00:00,2017-01-11 22:00:00,24,Beijing,Prophet,38.0,0.0,test
2017-01-10 23:00:00,2017-01-11 23:00:00,24,Beijing,Prophet,27.0,0.0,test
2017-01-11 00:00:00,2017-01-12 00:00:00,24,Beijing,Prophet,27.083333,0.0,test
2017-01-11 01:00:00,2017-01-12 01:00:00,24,Beijing,Prophet,28.0,0.0,test
2017-01-11 02:00:00,2017-01-12 02:00:00,24,Beijing,Prophet,23.75,0.0,test
2017-01-11 03:00:00,2017-01-12 03:00:00,24,Beijing,Prophet,25.583333,0.0,test
2017-01-11 04:00:00,2017-01-12 04:00:00,24,Beijing,Prophet,22.916667,0.0,test
2017-01-11 05:00:00,2017-01-12 05:00:00,24,Beijing,Prophet,26.416667,0.0,test
2017-01-11 06:00:00,2017-01-12 06:00:00,24,Beijing,Prophet,22.75,0.0,test
2017-01-11 07:00:00,2017-01-12 07:00:00,24,Beijing,Prophet,26.166667,0.0,test
2017-01-11 08:00:00,2017-01-12 08:00:00,24,Beijing,Prophet,25.083333,0.0,test
2017-01-11 09:00:00,2017-01-12 09:00:00,24,Beijing,Prophet,25.416667,0.0,test
2017-01-11 10:00:00,2017-01-12 10:00:00,24,Beijing,Prophet,27.083333,0.0,test
2017-01-11 11:00:00,2017-01-12 11:00:00,24,Beijing,Prophet,24.833333,0.0,test
2017-01-11 12:00:00,2017-01-12 12:00:00,24,Beijing,Prophet,34.666667,0.0,test
2017-01-11 13:00:00,2017-01-12 13:00:00,24,Beijing,Prophet,54.083333,0.0,test
2017-01-11 14:00:00,2017-01-12 14:00:00,24,Beijing,Prophet,59.666667,0.0,test
2017-01-11 15:00:00,2017-01-12 15:00:00,24,Beijing,Prophet,66.083333,0.0,test
2017-01-11 16:00:00,2017-01-12 16:00:00,24,Beijing,Prophet,76.833333,0.0,test
2017-01-11 17:00:00,2017-01-12 17:00:00,24,Beijing,Prophet,82.333333,0.0,test
2017-01-11 18:00:00,2017-01-12 18:00:00,24,Beijing,Prophet,89.833333,0.0,test
2017-01-11 19:00:00,2017-01-12 19:00:00,24,Beijing,Prophet,103.916667,0.0,test
2017-01-11 20:00:00,2017-01-12 20:00:00,24,Beijing,Prophet,106.25,0.0,test
2017-01-11 21:00:00,2017-01-12 21:00:00,24,Beijing,Prophet,53.916667,0.0,test
2017-01-11 22:00:00,2017-01-12 22:00:00,24,Beijing,Prophet,13.083333,0.0,test
2017-01-11 23:00:00,2017-01-12 23:00:00,24,Beijing,Prophet,12.583333,0.0,test
2017-01-12 00:00:00,2017-01-13 00:00:00,24,Beijing,Prophet,12.5,0.0,test
2017-01-12 01:00:00,2017-01-13 01:00:00,24,Beijing,Prophet,12.5,0.0,test
2017-01-12 02:00:00,2017-01-13 02:00:00,24,Beijing,Prophet,14.75,0.0,test
2017-01-12 03:00:00,2017-01-13 03:00:00,24,Beijing,Prophet,11.75,0.0,test
2017-01-12 04:00:00,2017-01-13 04:00:00,24,Beijing,Prophet,8.583333,0.0,test
2017-01-12 05:00:00,2017-01-13 05:00:00,24,Beijing,Prophet,10.833333,0.0,test
2017-01-12 06:00:00,2017-01-13 06:00:00,24,Beijing,Prophet,13.25,0.0,test
2017-01-12 07:00:00,2017-01-13 07:00:00,24,Beijing,Prophet,13.583333,0.0,test
2017-01-12 08:00:00,2017-01-13 08:00:00,24,Beijing,Prophet,13.833333,0.0,test
2017-01-12 09:00:00,2017-01-13 09:00:00,24,Beijing,Prophet,16.0,0.0,test
2017-01-12 10:00:00,2017-01-13 10:00:00,24,Beijing,Prophet,11.916667,0.0,test
2017-01-12 11:00:00,2017-01-13 11:00:00,24,Beijing,Prophet,15.75,0.0,test
2017-01-12 12:00:00,2017-01-13 12:00:00,24,Beijing,Prophet,12.25,0.0,test
2017-01-12 13:00:00,2017-01-13 13:00:00,24,Beijing,Prophet,13.166667,0.0,test
2017-01-12 14:00:00,2017-01-13 14:00:00,24,Beijing,Prophet,12.25,0.0,test
2017-01-12 15:00:00,2017-01-13 15:00:00,24,Beijing,Prophet,11.333333,0.0,test
2017-01-12 16:00:00,2017-01-13 16:00:00,24,Beijing,Prophet,11.833333,0.0,test
2017-01-12 17:00:00,2017-01-13 17:00:00,24,Beijing,Prophet,10.25,0.0,test
2017-01-12 18:00:00,2017-01-13 18:00:00,24,Beijing,Prophet,12.916667,0.0,test
2017-01-12 19:00:00,2017-01-13 19:00:00,24,Beijing,Prophet,14.583333,0.0,test
2017-01-12 20:00:00,2017-01-13 20:00:00,24,Beijing,Prophet,16.75,0.0,test
2017-01-12 21:00:00,2017-01-13 21:00:00,24,Beijing,Prophet,15.25,0.0,test
2017-01-12 22:00:00,2017-01-13 22:00:00,24,Beijing,Prophet,14.916667,0.0,test
2017-01-12 23:00:00,2017-01-13 23:00:00,24,Beijing,Prophet,17.0,0.0,test
2017-01-13 00:00:00,2017-01-14 00:00:00,24,Beijing,Prophet,16.25,0.0,test
2017-01-13 01:00:00,2017-01-14 01:00:00,24,Beijing,Prophet,17.166667,0.0,test
2017-01-13 02:00:00,2017-01-14 02:00:00,24,Beijing,Prophet,14.5,0.0,test
2017-01-13 03:00:00,2017-01-14 03:00:00,24,Beijing,Prophet,15.583333,0.0,test
2017-01-13 04:00:00,2017-01-14 04:00:00,24,Beijing,Prophet,15.083333,0.0,test
2017-01-13 05:00:00,2017-01-14 05:00:00,24,Beijing,Prophet,14.5,0.0,test
2017-01-13 06:00:00,2017-01-14 06:00:00,24,Beijing,Prophet,11.166667,0.0,test
2017-01-13 07:00:00,2017-01-14 07:00:00,24,Beijing,Prophet,16.25,0.0,test
2017-01-13 08:00:00,2017-01-14 08:00:00,24,Beijing,Prophet,19.583333,0.0,test
2017-01-13 09:00:00,2017-01-14 09:00:00,24,Beijing,Prophet,18.166667,0.0,test
2017-01-13 10:00:00,2017-01-14 10:00:00,24,Beijing,Prophet,22.75,0.0,test
2017-01-13 11:00:00,2017-01-14 11:00:00,24,Beijing,Prophet,23.5,0.0,test
2017-01-13 12:00:00,2017-01-14 12:00:00,24,Beijing,Prophet,15.916667,0.0,test
2017-01-13 13:00:00,2017-01-14 13:00:00,24,Beijing,Prophet,16.25,0.0,test
2017-01-13 14:00:00,2017-01-14 14:00:00,24,Beijing,Prophet,18.416667,0.0,test
2017-01-13 15:00:00,2017-01-14 15:00:00,24,Beijing,Prophet,17.416667,0.0,test
2017-01-13 16:00:00,2017-01-14 16:00:00,24,Beijing,Prophet,18.25,0.0,test
2017-01-13 17:00:00,2017-01-14 17:00:00,24,Beijing,Prophet,21.666667,0.0,test
2017-01-13 18:00:00,2017-01-14 18:00:00,24,Beijing,Prophet,28.0,0.0,test
2017-01-13 19:00:00,2017-01-14 19:00:00,24,Beijing,Prophet,38.5,0.0,test
2017-01-13 20:00:00,2017-01-14 20:00:00,24,Beijing,Prophet,49.0,0.0,test
2017-01-13 21:00:00,2017-01-14 21:00:00,24,Beijing,Prophet,53.0,0.0,test
2017-01-13 22:00:00,2017-01-14 22:00:00,24,Beijing,Prophet,47.666667,0.0,test
2017-01-13 23:00:00,2017-01-14 23:00:00,24,Beijing,Prophet,42.583333,0.0,test
2017-01-14 00:00:00,2017-01-15 00:00:00,24,Beijing,Prophet,42.416667,0.0,test
2017-01-14 01:00:00,2017-01-15 01:00:00,24,Beijing,Prophet,43.25,0.0,test
2017-01-14 02:00:00,2017-01-15 02:00:00,24,Beijing,Prophet,42.333333,0.0,test
2017-01-14 03:00:00,2017-01-15 03:00:00,24,Beijing,Prophet,41.666667,0.0,test
2017-01-14 04:00:00,2017-01-15 04:00:00,24,Beijing,Prophet,43.5,0.0,test
2017-01-14 05:00:00,2017-01-15 05:00:00,24,Beijing,Prophet,38.916667,0.0,test
2017-01-14 06:00:00,2017-01-15 06:00:00,24,Beijing,Prophet,36.5,0.0,test
2017-01-14 07:00:00,2017-01-15 07:00:00,24,Beijing,Prophet,36.333333,0.0,test
2017-01-14 08:00:00,2017-01-15 08:00:00,24,Beijing,Prophet,36.583333,0.0,test
2017-01-14 09:00:00,2017-01-15 09:00:00,24,Beijing,Prophet,38.666667,0.0,test
2017-01-14 10:00:00,2017-01-15 10:00:00,24,Beijing,Prophet,42.416667,0.0,test
2017-01-14 11:00:00,2017-01-15 11:00:00,24,Beijing,Prophet,46.833333,0.0,test
2017-01-14 12:00:00,2017-01-15 12:00:00,24,Beijing,Prophet,49.666667,0.0,test
2017-01-14 13:00:00,2017-01-15 13:00:00,24,Beijing,Prophet,52.25,0.0,test
2017-01-14 14:00:00,2017-01-15 14:00:00,24,Beijing,Prophet,58.666667,0.0,test
2017-01-14 15:00:00,2017-01-15 15:00:00,24,Beijing,Prophet,64.0,0.0,test
2017-01-14 16:00:00,2017-01-15 16:00:00,24,Beijing,Prophet,67.25,0.0,test
2017-01-14 17:00:00,2017-01-15 17:00:00,24,Beijing,Prophet,74.083333,0.0,test
2017-01-14 18:00:00,2017-01-15 18:00:00,24,Beijing,Prophet,79.25,0.0,test
2017-01-14 19:00:00,2017-01-15 19:00:00,24,Beijing,Prophet,80.666667,0.0,test
2017-01-14 20:00:00,2017-01-15 20:00:00,24,Beijing,Prophet,83.5,0.0,test
2017-01-14 21:00:00,2017-01-15 21:00:00,24,Beijing,Prophet,85.666667,0.0,test
2017-01-14 22:00:00,2017-01-15 22:00:00,24,Beijing,Prophet,85.5,0.0,test
2017-01-14 23:00:00,2017-01-15 23:00:00,24,Beijing,Prophet,93.75,0.0,test
2017-01-15 00:00:00,2017-01-16 00:00:00,24,Beijing,Prophet,96.166667,0.0,test
2017-01-15 01:00:00,2017-01-16 01:00:00,24,Beijing,Prophet,94.166667,0.0,test
2017-01-15 02:00:00,2017-01-16 02:00:00,24,Beijing,Prophet,98.333333,0.0,test
2017-01-15 03:00:00,2017-01-16 03:00:00,24,Beijing,Prophet,96.333333,0.0,test
2017-01-15 04:00:00,2017-01-16 04:00:00,24,Beijing,Prophet,94.5,0.0,test
2017-01-15 05:00:00,2017-01-16 05:00:00,24,Beijing,Prophet,92.833333,0.0,test
2017-01-15 06:00:00,2017-01-16 06:00:00,24,Beijing,Prophet,96.166667,0.0,test
2017-01-15 07:00:00,2017-01-16 07:00:00,24,Beijing,Prophet,90.083333,0.0,test
2017-01-15 08:00:00,2017-01-16 08:00:00,24,Beijing,Prophet,89.833333,0.0,test
2017-01-15 09:00:00,2017-01-16 09:00:00,24,Beijing,Prophet,86.333333,0.0,test
2017-01-15 10:00:00,2017-01-16 10:00:00,24,Beijing,Prophet,77.416667,0.0,test
2017-01-15 11:00:00,2017-01-16 11:00:00,24,Beijing,Prophet,73.0,0.0,test
2017-01-15 12:00:00,2017-01-16 12:00:00,24,Beijing,Prophet,72.083333,0.0,test
2017-01-15 13:00:00,2017-01-16 13:00:00,24,Beijing,Prophet,83.416667,0.0,test
2017-01-15 14:00:00,2017-01-16 14:00:00,24,Beijing,Prophet,93.583333,0.0,test
2017-01-15 15:00:00,2017-01-16 15:00:00,24,Beijing,Prophet,95.333333,0.0,test
2017-01-15 16:00:00,2017-01-16 16:00:00,24,Beijing,Prophet,92.833333,0.0,test
2017-01-15 17:00:00,2017-01-16 17:00:00,24,Beijing,Prophet,112.5,0.0,test
2017-01-15 18:00:00,2017-01-16 18:00:00,24,Beijing,Prophet,111.833333,0.0,test
2017-01-15 19:00:00,2017-01-16 19:00:00,24,Beijing,Prophet,113.25,0.0,test
2017-01-15 20:00:00,2017-01-16 20:00:00,24,Beijing,Prophet,122.75,0.0,test
2017-01-15 21:00:00,2017-01-16 21:00:00,24,Beijing,Prophet,128.166667,0.0,test
2017-01-15 22:00:00,2017-01-16 22:00:00,24,Beijing,Prophet,126.916667,0.0,test
2017-01-15 23:00:00,2017-01-16 23:00:00,24,Beijing,Prophet,125.0,0.0,test
2017-01-16 00:00:00,2017-01-17 00:00:00,24,Beijing,Prophet,122.666667,0.0,test
2017-01-16 01:00:00,2017-01-17 01:00:00,24,Beijing,Prophet,126.333333,0.0,test
2017-01-16 02:00:00,2017-01-17 02:00:00,24,Beijing,Prophet,129.666667,0.0,test
2017-01-16 03:00:00,2017-01-17 03:00:00,24,Beijing,Prophet,127.083333,0.0,test
2017-01-16 04:00:00,2017-01-17 04:00:00,24,Beijing,Prophet,128.916667,0.0,test
2017-01-16 05:00:00,2017-01-17 05:00:00,24,Beijing,Prophet,128.916667,0.0,test
2017-01-16 06:00:00,2017-01-17 06:00:00,24,Beijing,Prophet,121.833333,0.0,test
2017-01-16 07:00:00,2017-01-17 07:00:00,24,Beijing,Prophet,121.333333,0.0,test
2017-01-16 08:00:00,2017-01-17 08:00:00,24,Beijing,Prophet,128.333333,0.0,test
2017-01-16 09:00:00,2017-01-17 09:00:00,24,Beijing,Prophet,136.25,0.0,test
2017-01-16 10:00:00,2017-01-17 10:00:00,24,Beijing,Prophet,139.916667,0.0,test
2017-01-16 11:00:00,2017-01-17 11:00:00,24,Beijing,Prophet,121.833333,0.0,test
2017-01-16 12:00:00,2017-01-17 12:00:00,24,Beijing,Prophet,135.75,0.0,test
2017-01-16 13:00:00,2017-01-17 13:00:00,24,Beijing,Prophet,151.25,0.0,test
2017-01-16 14:00:00,2017-01-17 14:00:00,24,Beijing,Prophet,142.541667,0.0,test
2017-01-16 15:00:00,2017-01-17 15:00:00,24,Beijing,Prophet,120.25,0.0,test
2017-01-16 16:00:00,2017-01-17 16:00:00,24,Beijing,Prophet,135.5,0.0,test
2017-01-16 17:00:00,2017-01-17 17:00:00,24,Beijing,Prophet,155.083333,0.0,test
2017-01-16 18:00:00,2017-01-17 18:00:00,24,Beijing,Prophet,165.166667,0.0,test
2017-01-16 19:00:00,2017-01-17 19:00:00,24,Beijing,Prophet,168.166667,0.0,test
2017-01-16 20:00:00,2017-01-17 20:00:00,24,Beijing,Prophet,170.583333,0.0,test
2017-01-16 21:00:00,2017-01-17 21:00:00,24,Beijing,Prophet,154.916667,0.0,test
2017-01-16 22:00:00,2017-01-17 22:00:00,24,Beijing,Prophet,142.5,0.0,test
2017-01-16 23:00:00,2017-01-17 23:00:00,24,Beijing,Prophet,134.75,0.0,test
2017-01-17 00:00:00,2017-01-18 00:00:00,24,Beijing,Prophet,99.583333,0.0,test
2017-01-17 01:00:00,2017-01-18 01:00:00,24,Beijing,Prophet,55.5,0.0,test
2017-01-17 02:00:00,2017-01-18 02:00:00,24,Beijing,Prophet,45.416667,0.0,test
2017-01-17 03:00:00,2017-01-18 03:00:00,24,Beijing,Prophet,39.75,0.0,test
2017-01-17 04:00:00,2017-01-18 04:00:00,24,Beijing,Prophet,31.25,0.0,test
2017-01-17 05:00:00,2017-01-18 05:00:00,24,Beijing,Prophet,31.083333,0.0,test
2017-01-17 06:00:00,2017-01-18 06:00:00,24,Beijing,Prophet,29.166667,0.0,test
2017-01-17 07:00:00,2017-01-18 07:00:00,24,Beijing,Prophet,27.25,0.0,test
2017-01-17 08:00:00,2017-01-18 08:00:00,24,Beijing,Prophet,29.0,0.0,test
2017-01-17 09:00:00,2017-01-18 09:00:00,24,Beijing,Prophet,26.666667,0.0,test
2017-01-17 10:00:00,2017-01-18 10:00:00,24,Beijing,Prophet,27.25,0.0,test
2017-01-17 11:00:00,2017-01-18 11:00:00,24,Beijing,Prophet,23.833333,0.0,test
2017-01-17 12:00:00,2017-01-18 12:00:00,24,Beijing,Prophet,22.666667,0.0,test
2017-01-17 13:00:00,2017-01-18 13:00:00,24,Beijing,Prophet,23.666667,0.0,test
2017-01-17 14:00:00,2017-01-18 14:00:00,24,Beijing,Prophet,22.5,0.0,test
2017-01-17 15:00:00,2017-01-18 15:00:00,24,Beijing,Prophet,30.0,0.0,test
2017-01-17 16:00:00,2017-01-18 16:00:00,24,Beijing,Prophet,46.0,0.0,test
2017-01-17 17:00:00,2017-01-18 17:00:00,24,Beijing,Prophet,49.75,0.0,test
2017-01-17 18:00:00,2017-01-18 18:00:00,24,Beijing,Prophet,42.75,0.0,test
2017-01-17 19:00:00,2017-01-18 19:00:00,24,Beijing,Prophet,43.75,0.0,test
2017-01-17 20:00:00,2017-01-18 20:00:00,24,Beijing,Prophet,48.833333,0.0,test
2017-01-17 21:00:00,2017-01-18 21:00:00,24,Beijing,Prophet,52.166667,0.0,test
2017-01-17 22:00:00,2017-01-18 22:00:00,24,Beijing,Prophet,58.583333,0.0,test
2017-01-17 23:00:00,2017-01-18 23:00:00,24,Beijing,Prophet,61.666667,0.0,test
2017-01-18 00:00:00,2017-01-19 00:00:00,24,Beijing,Prophet,73.0,0.0,test
2017-01-18 01:00:00,2017-01-19 01:00:00,24,Beijing,Prophet,85.416667,0.0,test
2017-01-18 02:00:00,2017-01-19 02:00:00,24,Beijing,Prophet,91.0,0.0,test
2017-01-18 03:00:00,2017-01-19 03:00:00,24,Beijing,Prophet,92.916667,0.0,test
2017-01-18 04:00:00,2017-01-19 04:00:00,24,Beijing,Prophet,99.583333,0.0,test
2017-01-18 05:00:00,2017-01-19 05:00:00,24,Beijing,Prophet,104.166667,0.0,test
2017-01-18 06:00:00,2017-01-19 06:00:00,24,Beijing,Prophet,101.166667,0.0,test
2017-01-18 07:00:00,2017-01-19 07:00:00,24,Beijing,Prophet,101.833333,0.0,test
2017-01-18 08:00:00,2017-01-19 08:00:00,24,Beijing,Prophet,98.916667,0.0,test
2017-01-18 09:00:00,2017-01-19 09:00:00,24,Beijing,Prophet,84.0,0.0,test
2017-01-18 10:00:00,2017-01-19 10:00:00,24,Beijing,Prophet,48.916667,0.0,test
2017-01-18 11:00:00,2017-01-19 11:00:00,24,Beijing,Prophet,16.0,0.0,test
2017-01-18 12:00:00,2017-01-19 12:00:00,24,Beijing,Prophet,11.5,0.0,test
2017-01-18 13:00:00,2017-01-19 13:00:00,24,Beijing,Prophet,10.666667,0.0,test
2017-01-18 14:00:00,2017-01-19 14:00:00,24,Beijing,Prophet,8.416667,0.0,test
2017-01-18 15:00:00,2017-01-19 15:00:00,24,Beijing,Prophet,8.916667,0.0,test
2017-01-18 16:00:00,2017-01-19 16:00:00,24,Beijing,Prophet,9.5,0.0,test
2017-01-18 17:00:00,2017-01-19 17:00:00,24,Beijing,Prophet,9.583333,0.0,test
2017-01-18 18:00:00,2017-01-19 18:00:00,24,Beijing,Prophet,9.666667,0.0,test
2017-01-18 19:00:00,2017-01-19 19:00:00,24,Beijing,Prophet,9.416667,0.0,test
2017-01-18 20:00:00,2017-01-19 20:00:00,24,Beijing,Prophet,8.666667,0.0,test
2017-01-18 21:00:00,2017-01-19 21:00:00,24,Beijing,Prophet,8.0,0.0,test
2017-01-18 22:00:00,2017-01-19 22:00:00,24,Beijing,Prophet,7.916667,0.0,test
2017-01-18 23:00:00,2017-01-19 23:00:00,24,Beijing,Prophet,6.833333,0.0,test
2017-01-19 00:00:00,2017-01-20 00:00:00,24,Beijing,Prophet,7.583333,0.0,test
2017-01-19 01:00:00,2017-01-20 01:00:00,24,Beijing,Prophet,9.583333,0.0,test
2017-01-19 02:00:00,2017-01-20 02:00:00,24,Beijing,Prophet,7.75,0.0,test
2017-01-19 03:00:00,2017-01-20 03:00:00,24,Beijing,Prophet,7.333333,0.0,test
2017-01-19 04:00:00,2017-01-20 04:00:00,24,Beijing,Prophet,6.583333,0.0,test
2017-01-19 05:00:00,2017-01-20 05:00:00,24,Beijing,Prophet,6.25,0.0,test
2017-01-19 06:00:00,2017-01-20 06:00:00,24,Beijing,Prophet,6.166667,0.0,test
2017-01-19 07:00:00,2017-01-20 07:00:00,24,Beijing,Prophet,7.833333,0.0,test
2017-01-19 08:00:00,2017-01-20 08:00:00,24,Beijing,Prophet,9.083333,0.0,test
2017-01-19 09:00:00,2017-01-20 09:00:00,24,Beijing,Prophet,12.833333,0.0,test
2017-01-19 10:00:00,2017-01-20 10:00:00,24,Beijing,Prophet,14.916667,0.0,test
2017-01-19 11:00:00,2017-01-20 11:00:00,24,Beijing,Prophet,14.833333,0.0,test
2017-01-19 12:00:00,2017-01-20 12:00:00,24,Beijing,Prophet,14.0,0.0,test
2017-01-19 13:00:00,2017-01-20 13:00:00,24,Beijing,Prophet,15.916667,0.0,test
2017-01-19 14:00:00,2017-01-20 14:00:00,24,Beijing,Prophet,16.666667,0.0,test
2017-01-19 15:00:00,2017-01-20 15:00:00,24,Beijing,Prophet,19.166667,0.0,test
2017-01-19 16:00:00,2017-01-20 16:00:00,24,Beijing,Prophet,20.25,0.0,test
2017-01-19 17:00:00,2017-01-20 17:00:00,24,Beijing,Prophet,23.833333,0.0,test
2017-01-19 18:00:00,2017-01-20 18:00:00,24,Beijing,Prophet,28.583333,0.0,test
2017-01-19 19:00:00,2017-01-20 19:00:00,24,Beijing,Prophet,38.416667,0.0,test
2017-01-19 20:00:00,2017-01-20 20:00:00,24,Beijing,Prophet,46.666667,0.0,test
2017-01-19 21:00:00,2017-01-20 21:00:00,24,Beijing,Prophet,54.666667,0.0,test
2017-01-19 22:00:00,2017-01-20 22:00:00,24,Beijing,Prophet,63.166667,0.0,test
2017-01-19 23:00:00,2017-01-20 23:00:00,24,Beijing,Prophet,68.416667,0.0,test
2017-01-20 00:00:00,2017-01-21 00:00:00,24,Beijing,Prophet,71.666667,0.0,test
2017-01-20 01:00:00,2017-01-21 01:00:00,24,Beijing,Prophet,71.583333,0.0,test
2017-01-20 02:00:00,2017-01-21 02:00:00,24,Beijing,Prophet,72.916667,0.0,test
2017-01-20 03:00:00,2017-01-21 03:00:00,24,Beijing,Prophet,73.25,0.0,test
2017-01-20 04:00:00,2017-01-21 04:00:00,24,Beijing,Prophet,74.916667,0.0,test
2017-01-20 05:00:00,2017-01-21 05:00:00,24,Beijing,Prophet,66.75,0.0,test
2017-01-20 06:00:00,2017-01-21 06:00:00,24,Beijing,Prophet,42.666667,0.0,test
2017-01-20 07:00:00,2017-01-21 07:00:00,24,Beijing,Prophet,20.583333,0.0,test
2017-01-20 08:00:00,2017-01-21 08:00:00,24,Beijing,Prophet,11.666667,0.0,test
2017-01-20 09:00:00,2017-01-21 09:00:00,24,Beijing,Prophet,7.583333,0.0,test
2017-01-20 10:00:00,2017-01-21 10:00:00,24,Beijing,Prophet,5.833333,0.0,test
2017-01-20 11:00:00,2017-01-21 11:00:00,24,Beijing,Prophet,7.416667,0.0,test
2017-01-20 12:00:00,2017-01-21 12:00:00,24,Beijing,Prophet,8.083333,0.0,test
2017-01-20 13:00:00,2017-01-21 13:00:00,24,Beijing,Prophet,8.333333,0.0,test
2017-01-20 14:00:00,2017-01-21 14:00:00,24,Beijing,Prophet,8.583333,0.0,test
2017-01-20 15:00:00,2017-01-21 15:00:00,24,Beijing,Prophet,7.583333,0.0,test
2017-01-20 16:00:00,2017-01-21 16:00:00,24,Beijing,Prophet,7.25,0.0,test
2017-01-20 17:00:00,2017-01-21 17:00:00,24,Beijing,Prophet,6.75,0.0,test
2017-01-20 18:00:00,2017-01-21 18:00:00,24,Beijing,Prophet,8.333333,0.0,test
2017-01-20 19:00:00,2017-01-21 19:00:00,24,Beijing,Prophet,9.0,0.0,test
2017-01-20 20:00:00,2017-01-21 20:00:00,24,Beijing,Prophet,9.333333,0.0,test
2017-01-20 21:00:00,2017-01-21 21:00:00,24,Beijing,Prophet,11.75,0.0,test
2017-01-20 22:00:00,2017-01-21 22:00:00,24,Beijing,Prophet,9.666667,0.0,test
2017-01-20 23:00:00,2017-01-21 23:00:00,24,Beijing,Prophet,11.166667,0.0,test
2017-01-21 00:00:00,2017-01-22 00:00:00,24,Beijing,Prophet,11.833333,0.0,test
2017-01-21 01:00:00,2017-01-22 01:00:00,24,Beijing,Prophet,10.833333,0.0,test
2017-01-21 02:00:00,2017-01-22 02:00:00,24,Beijing,Prophet,12.833333,0.0,test
2017-01-21 03:00:00,2017-01-22 03:00:00,24,Beijing,Prophet,11.833333,0.0,test
2017-01-21 04:00:00,2017-01-22 04:00:00,24,Beijing,Prophet,12.0,0.0,test
2017-01-21 05:00:00,2017-01-22 05:00:00,24,Beijing,Prophet,11.25,0.0,test
2017-01-21 06:00:00,2017-01-22 06:00:00,24,Beijing,Prophet,10.416667,0.0,test
2017-01-21 07:00:00,2017-01-22 07:00:00,24,Beijing,Prophet,10.583333,0.0,test
2017-01-21 08:00:00,2017-01-22 08:00:00,24,Beijing,Prophet,11.666667,0.0,test
2017-01-21 09:00:00,2017-01-22 09:00:00,24,Beijing,Prophet,12.083333,0.0,test
2017-01-21 10:00:00,2017-01-22 10:00:00,24,Beijing,Prophet,14.083333,0.0,test
2017-01-21 11:00:00,2017-01-22 11:00:00,24,Beijing,Prophet,13.666667,0.0,test
2017-01-21 12:00:00,2017-01-22 12:00:00,24,Beijing,Prophet,13.583333,0.0,test
2017-01-21 13:00:00,2017-01-22 13:00:00,24,Beijing,Prophet,17.166667,0.0,test
2017-01-21 14:00:00,2017-01-22 14:00:00,24,Beijing,Prophet,18.583333,0.0,test
2017-01-21 15:00:00,2017-01-22 15:00:00,24,Beijing,Prophet,20.5,0.0,test
2017-01-21 16:00:00,2017-01-22 16:00:00,24,Beijing,Prophet,27.666667,0.0,test
2017-01-21 17:00:00,2017-01-22 17:00:00,24,Beijing,Prophet,43.833333,0.0,test
2017-01-21 18:00:00,2017-01-22 18:00:00,24,Beijing,Prophet,53.666667,0.0,test
2017-01-21 19:00:00,2017-01-22 19:00:00,24,Beijing,Prophet,60.583333,0.0,test
2017-01-21 20:00:00,2017-01-22 20:00:00,24,Beijing,Prophet,55.916667,0.0,test
2017-01-21 21:00:00,2017-01-22 21:00:00,24,Beijing,Prophet,42.25,0.0,test
2017-01-21 22:00:00,2017-01-22 22:00:00,24,Beijing,Prophet,38.416667,0.0,test
2017-01-21 23:00:00,2017-01-22 23:00:00,24,Beijing,Prophet,36.916667,0.0,test
2017-01-22 00:00:00,2017-01-23 00:00:00,24,Beijing,Prophet,28.25,0.0,test
2017-01-22 01:00:00,2017-01-23 01:00:00,24,Beijing,Prophet,25.75,0.0,test
2017-01-22 02:00:00,2017-01-23 02:00:00,24,Beijing,Prophet,23.083333,0.0,test
2017-01-22 03:00:00,2017-01-23 03:00:00,24,Beijing,Prophet,22.25,0.0,test
2017-01-22 04:00:00,2017-01-23 04:00:00,24,Beijing,Prophet,18.583333,0.0,test
2017-01-22 05:00:00,2017-01-23 05:00:00,24,Beijing,Prophet,16.416667,0.0,test
2017-01-22 06:00:00,2017-01-23 06:00:00,24,Beijing,Prophet,16.416667,0.0,test
2017-01-22 07:00:00,2017-01-23 07:00:00,24,Beijing,Prophet,17.666667,0.0,test
2017-01-22 08:00:00,2017-01-23 08:00:00,24,Beijing,Prophet,17.083333,0.0,test
2017-01-22 09:00:00,2017-01-23 09:00:00,24,Beijing,Prophet,17.75,0.0,test
2017-01-22 10:00:00,2017-01-23 10:00:00,24,Beijing,Prophet,20.583333,0.0,test
2017-01-22 11:00:00,2017-01-23 11:00:00,24,Beijing,Prophet,23.5,0.0,test
2017-01-22 12:00:00,2017-01-23 12:00:00,24,Beijing,Prophet,21.333333,0.0,test
2017-01-22 13:00:00,2017-01-23 13:00:00,24,Beijing,Prophet,22.75,0.0,test
2017-01-22 14:00:00,2017-01-23 14:00:00,24,Beijing,Prophet,22.5,0.0,test
2017-01-22 15:00:00,2017-01-23 15:00:00,24,Beijing,Prophet,28.5,0.0,test
2017-01-22 16:00:00,2017-01-23 16:00:00,24,Beijing,Prophet,34.333333,0.0,test
2017-01-22 17:00:00,2017-01-23 17:00:00,24,Beijing,Prophet,37.416667,0.0,test
2017-01-22 18:00:00,2017-01-23 18:00:00,24,Beijing,Prophet,38.25,0.0,test
2017-01-22 19:00:00,2017-01-23 19:00:00,24,Beijing,Prophet,47.0,0.0,test
2017-01-22 20:00:00,2017-01-23 20:00:00,24,Beijing,Prophet,62.0,0.0,test
2017-01-22 21:00:00,2017-01-23 21:00:00,24,Beijing,Prophet,70.25,0.0,test
2017-01-22 22:00:00,2017-01-23 22:00:00,24,Beijing,Prophet,75.333333,0.0,test
2017-01-22 23:00:00,2017-01-23 23:00:00,24,Beijing,Prophet,83.666667,0.0,test
2017-01-23 00:00:00,2017-01-24 00:00:00,24,Beijing,Prophet,88.333333,0.0,test
2017-01-23 01:00:00,2017-01-24 01:00:00,24,Beijing,Prophet,87.5,0.0,test
2017-01-23 02:00:00,2017-01-24 02:00:00,24,Beijing,Prophet,83.416667,0.0,test
2017-01-23 03:00:00,2017-01-24 03:00:00,24,Beijing,Prophet,80.583333,0.0,test
2017-01-23 04:00:00,2017-01-24 04:00:00,24,Beijing,Prophet,80.75,0.0,test
2017-01-23 05:00:00,2017-01-24 05:00:00,24,Beijing,Prophet,78.583333,0.0,test
2017-01-23 06:00:00,2017-01-24 06:00:00,24,Beijing,Prophet,76.833333,0.0,test
2017-01-23 07:00:00,2017-01-24 07:00:00,24,Beijing,Prophet,70.833333,0.0,test
2017-01-23 08:00:00,2017-01-24 08:00:00,24,Beijing,Prophet,56.666667,0.0,test
2017-01-23 09:00:00,2017-01-24 09:00:00,24,Beijing,Prophet,48.5,0.0,test
2017-01-23 10:00:00,2017-01-24 10:00:00,24,Beijing,Prophet,43.666667,0.0,test
2017-01-23 11:00:00,2017-01-24 11:00:00,24,Beijing,Prophet,47.25,0.0,test
2017-01-23 12:00:00,2017-01-24 12:00:00,24,Beijing,Prophet,60.75,0.0,test
2017-01-23 13:00:00,2017-01-24 13:00:00,24,Beijing,Prophet,66.083333,0.0,test
2017-01-23 14:00:00,2017-01-24 14:00:00,24,Beijing,Prophet,64.333333,0.0,test
2017-01-23 15:00:00,2017-01-24 15:00:00,24,Beijing,Prophet,73.666667,0.0,test
2017-01-23 16:00:00,2017-01-24 16:00:00,24,Beijing,Prophet,95.583333,0.0,test
2017-01-23 17:00:00,2017-01-24 17:00:00,24,Beijing,Prophet,106.333333,0.0,test
2017-01-23 18:00:00,2017-01-24 18:00:00,24,Beijing,Prophet,112.0,0.0,test
2017-01-23 19:00:00,2017-01-24 19:00:00,24,Beijing,Prophet,121.75,0.0,test
2017-01-23 20:00:00,2017-01-24 20:00:00,24,Beijing,Prophet,126.25,0.0,test
2017-01-23 21:00:00,2017-01-24 21:00:00,24,Beijing,Prophet,122.916667,0.0,test
2017-01-23 22:00:00,2017-01-24 22:00:00,24,Beijing,Prophet,126.666667,0.0,test
2017-01-23 23:00:00,2017-01-24 23:00:00,24,Beijing,Prophet,141.333333,0.0,test
2017-01-24 00:00:00,2017-01-25 00:00:00,24,Beijing,Prophet,150.583333,0.0,test
2017-01-24 01:00:00,2017-01-25 01:00:00,24,Beijing,Prophet,151.25,0.0,test
2017-01-24 02:00:00,2017-01-25 02:00:00,24,Beijing,Prophet,154.833333,0.0,test
2017-01-24 03:00:00,2017-01-25 03:00:00,24,Beijing,Prophet,162.333333,0.0,test
2017-01-24 04:00:00,2017-01-25 04:00:00,24,Beijing,Prophet,164.833333,0.0,test
2017-01-24 05:00:00,2017-01-25 05:00:00,24,Beijing,Prophet,165.916667,0.0,test
2017-01-24 06:00:00,2017-01-25 06:00:00,24,Beijing,Prophet,165.25,0.0,test
2017-01-24 07:00:00,2017-01-25 07:00:00,24,Beijing,Prophet,160.916667,0.0,test
2017-01-24 08:00:00,2017-01-25 08:00:00,24,Beijing,Prophet,147.75,0.0,test
2017-01-24 09:00:00,2017-01-25 09:00:00,24,Beijing,Prophet,143.0,0.0,test
2017-01-24 10:00:00,2017-01-25 10:00:00,24,Beijing,Prophet,141.833333,0.0,test
2017-01-24 11:00:00,2017-01-25 11:00:00,24,Beijing,Prophet,140.916667,0.0,test
2017-01-24 12:00:00,2017-01-25 12:00:00,24,Beijing,Prophet,144.166667,0.0,test
2017-01-24 13:00:00,2017-01-25 13:00:00,24,Beijing,Prophet,148.166667,0.0,test
2017-01-24 14:00:00,2017-01-25 14:00:00,24,Beijing,Prophet,155.125,0.0,test
2017-01-24 15:00:00,2017-01-25 15:00:00,24,Beijing,Prophet,162.083333,0.0,test
2017-01-24 16:00:00,2017-01-25 16:00:00,24,Beijing,Prophet,169.5,0.0,test
2017-01-24 17:00:00,2017-01-25 17:00:00,24,Beijing,Prophet,181.583333,0.0,test
2017-01-24 18:00:00,2017-01-25 18:00:00,24,Beijing,Prophet,189.916667,0.0,test
2017-01-24 19:00:00,2017-01-25 19:00:00,24,Beijing,Prophet,197.916667,0.0,test
2017-01-24 20:00:00,2017-01-25 20:00:00,24,Beijing,Prophet,216.333333,0.0,test
2017-01-24 21:00:00,2017-01-25 21:00:00,24,Beijing,Prophet,220.916667,0.0,test
2017-01-24 22:00:00,2017-01-25 22:00:00,24,Beijing,Prophet,237.916667,0.0,test
2017-01-24 23:00:00,2017-01-25 23:00:00,24,Beijing,Prophet,242.8125,0.0,test
2017-01-25 00:00:00,2017-01-26 00:00:00,24,Beijing,Prophet,249.541667,0.0,test
2017-01-25 01:00:00,2017-01-26 01:00:00,24,Beijing,Prophet,260.9375,0.0,test
2017-01-25 02:00:00,2017-01-26 02:00:00,24,Beijing,Prophet,276.583333,0.0,test
2017-01-25 03:00:00,2017-01-26 03:00:00,24,Beijing,Prophet,280.777778,0.0,test
2017-01-25 04:00:00,2017-01-26 04:00:00,24,Beijing,Prophet,276.055556,0.0,test
2017-01-25 05:00:00,2017-01-26 05:00:00,24,Beijing,Prophet,276.333333,0.0,test
2017-01-25 06:00:00,2017-01-26 06:00:00,24,Beijing,Prophet,271.0,0.0,test
2017-01-25 07:00:00,2017-01-26 07:00:00,24,Beijing,Prophet,264.166667,0.0,test
2017-01-25 08:00:00,2017-01-26 08:00:00,24,Beijing,Prophet,255.416667,0.0,test
2017-01-25 09:00:00,2017-01-26 09:00:00,24,Beijing,Prophet,252.75,0.0,test
2017-01-25 10:00:00,2017-01-26 10:00:00,24,Beijing,Prophet,267.75,0.0,test
2017-01-25 11:00:00,2017-01-26 11:00:00,24,Beijing,Prophet,245.416667,0.0,test
2017-01-25 12:00:00,2017-01-26 12:00:00,24,Beijing,Prophet,213.75,0.0,test
2017-01-25 13:00:00,2017-01-26 13:00:00,24,Beijing,Prophet,165.791667,0.0,test
2017-01-25 14:00:00,2017-01-26 14:00:00,24,Beijing,Prophet,110.666667,0.0,test
2017-01-25 15:00:00,2017-01-26 15:00:00,24,Beijing,Prophet,47.166667,0.0,test
2017-01-25 16:00:00,2017-01-26 16:00:00,24,Beijing,Prophet,10.5,0.0,test
2017-01-25 17:00:00,2017-01-26 17:00:00,24,Beijing,Prophet,8.166667,0.0,test
2017-01-25 18:00:00,2017-01-26 18:00:00,24,Beijing,Prophet,9.666667,0.0,test
2017-01-25 19:00:00,2017-01-26 19:00:00,24,Beijing,Prophet,8.166667,0.0,test
2017-01-25 20:00:00,2017-01-26 20:00:00,24,Beijing,Prophet,9.0,0.0,test
2017-01-25 21:00:00,2017-01-26 21:00:00,24,Beijing,Prophet,8.25,0.0,test
2017-01-25 22:00:00,2017-01-26 22:00:00,24,Beijing,Prophet,5.916667,0.0,test
2017-01-25 23:00:00,2017-01-26 23:00:00,24,Beijing,Prophet,10.583333,0.0,test
2017-01-26 00:00:00,2017-01-27 00:00:00,24,Beijing,Prophet,8.333333,0.0,test
2017-01-26 01:00:00,2017-01-27 01:00:00,24,Beijing,Prophet,9.0,0.0,test
2017-01-26 02:00:00,2017-01-27 02:00:00,24,Beijing,Prophet,8.75,0.0,test
2017-01-26 03:00:00,2017-01-27 03:00:00,24,Beijing,Prophet,7.833333,0.0,test
2017-01-26 04:00:00,2017-01-27 04:00:00,24,Beijing,Prophet,6.833333,0.0,test
2017-01-26 05:00:00,2017-01-27 05:00:00,24,Beijing,Prophet,5.833333,0.0,test
2017-01-26 06:00:00,2017-01-27 06:00:00,24,Beijing,Prophet,7.166667,0.0,test
2017-01-26 07:00:00,2017-01-27 07:00:00,24,Beijing,Prophet,10.25,0.0,test
2017-01-26 08:00:00,2017-01-27 08:00:00,24,Beijing,Prophet,13.583333,0.0,test
2017-01-26 09:00:00,2017-01-27 09:00:00,24,Beijing,Prophet,19.25,0.0,test
2017-01-26 10:00:00,2017-01-27 10:00:00,24,Beijing,Prophet,28.25,0.0,test
2017-01-26 11:00:00,2017-01-27 11:00:00,24,Beijing,Prophet,30.833333,0.0,test
2017-01-26 12:00:00,2017-01-27 12:00:00,24,Beijing,Prophet,36.25,0.0,test
2017-01-26 13:00:00,2017-01-27 13:00:00,24,Beijing,Prophet,39.916667,0.0,test
2017-01-26 14:00:00,2017-01-27 14:00:00,24,Beijing,Prophet,38.166667,0.0,test
2017-01-26 15:00:00,2017-01-27 15:00:00,24,Beijing,Prophet,44.333333,0.0,test
2017-01-26 16:00:00,2017-01-27 16:00:00,24,Beijing,Prophet,51.916667,0.0,test
2017-01-26 17:00:00,2017-01-27 17:00:00,24,Beijing,Prophet,56.833333,0.0,test
2017-01-26 18:00:00,2017-01-27 18:00:00,24,Beijing,Prophet,67.166667,0.0,test
2017-01-26 19:00:00,2017-01-27 19:00:00,24,Beijing,Prophet,95.333333,0.0,test
2017-01-26 20:00:00,2017-01-27 20:00:00,24,Beijing,Prophet,132.916667,0.0,test
2017-01-26 21:00:00,2017-01-27 21:00:00,24,Beijing,Prophet,187.083333,0.0,test
2017-01-26 22:00:00,2017-01-27 22:00:00,24,Beijing,Prophet,233.590909,0.0,test
2017-01-26 23:00:00,2017-01-27 23:00:00,24,Beijing,Prophet,239.142857,0.0,test
2017-01-27 00:00:00,2017-01-28 00:00:00,24,Beijing,Prophet,195.5,0.0,test
2017-01-27 01:00:00,2017-01-28 01:00:00,24,Beijing,Prophet,178.142857,0.0,test
2017-01-27 02:00:00,2017-01-28 02:00:00,24,Beijing,Prophet,196.285714,0.0,test
2017-01-27 03:00:00,2017-01-28 03:00:00,24,Beijing,Prophet,230.761905,0.0,test
2017-01-27 04:00:00,2017-01-28 04:00:00,24,Beijing,Prophet,236.904762,0.0,test
2017-01-27 05:00:00,2017-01-28 05:00:00,24,Beijing,Prophet,241.714286,0.0,test
2017-01-27 06:00:00,2017-01-28 06:00:00,24,Beijing,Prophet,241.857143,0.0,test
2017-01-27 07:00:00,2017-01-28 07:00:00,24,Beijing,Prophet,247.333333,0.0,test
2017-01-27 08:00:00,2017-01-28 08:00:00,24,Beijing,Prophet,237.333333,0.0,test
2017-01-27 09:00:00,2017-01-28 09:00:00,24,Beijing,Prophet,271.0,0.0,test
2017-01-27 10:00:00,2017-01-28 10:00:00,24,Beijing,Prophet,282.3,0.0,test
2017-01-27 11:00:00,2017-01-28 11:00:00,24,Beijing,Prophet,267.083333,0.0,test
2017-01-27 12:00:00,2017-01-28 12:00:00,24,Beijing,Prophet,248.416667,0.0,test
2017-01-27 13:00:00,2017-01-28 13:00:00,24,Beijing,Prophet,228.833333,0.0,test
2017-01-27 14:00:00,2017-01-28 14:00:00,24,Beijing,Prophet,218.916667,0.0,test
2017-01-27 15:00:00,2017-01-28 15:00:00,24,Beijing,Prophet,219.166667,0.0,test
2017-01-27 16:00:00,2017-01-28 16:00:00,24,Beijing,Prophet,220.916667,0.0,test
2017-01-27 17:00:00,2017-01-28 17:00:00,24,Beijing,Prophet,229.333333,0.0,test
2017-01-27 18:00:00,2017-01-28 18:00:00,24,Beijing,Prophet,230.333333,0.0,test
2017-01-27 19:00:00,2017-01-28 19:00:00,24,Beijing,Prophet,235.583333,0.0,test
2017-01-27 20:00:00,2017-01-28 20:00:00,24,Beijing,Prophet,243.833333,0.0,test
2017-01-27 21:00:00,2017-01-28 21:00:00,24,Beijing,Prophet,250.75,0.0,test
2017-01-27 22:00:00,2017-01-28 22:00:00,24,Beijing,Prophet,254.416667,0.0,test
2017-01-27 23:00:00,2017-01-28 23:00:00,24,Beijing,Prophet,261.833333,0.0,test
2017-01-28 00:00:00,2017-01-29 00:00:00,24,Beijing,Prophet,256.75,0.0,test
2017-01-28 01:00:00,2017-01-29 01:00:00,24,Beijing,Prophet,238.25,0.0,test
2017-01-28 02:00:00,2017-01-29 02:00:00,24,Beijing,Prophet,180.5,0.0,test
2017-01-28 03:00:00,2017-01-29 03:00:00,24,Beijing,Prophet,45.833333,0.0,test
2017-01-28 04:00:00,2017-01-29 04:00:00,24,Beijing,Prophet,11.333333,0.0,test
2017-01-28 05:00:00,2017-01-29 05:00:00,24,Beijing,Prophet,8.0,0.0,test
2017-01-28 06:00:00,2017-01-29 06:00:00,24,Beijing,Prophet,10.833333,0.0,test
2017-01-28 07:00:00,2017-01-29 07:00:00,24,Beijing,Prophet,9.75,0.0,test
2017-01-28 08:00:00,2017-01-29 08:00:00,24,Beijing,Prophet,9.833333,0.0,test
2017-01-28 09:00:00,2017-01-29 09:00:00,24,Beijing,Prophet,10.5,0.0,test
2017-01-28 10:00:00,2017-01-29 10:00:00,24,Beijing,Prophet,8.75,0.0,test
2017-01-28 11:00:00,2017-01-29 11:00:00,24,Beijing,Prophet,9.0,0.0,test
2017-01-28 12:00:00,2017-01-29 12:00:00,24,Beijing,Prophet,11.333333,0.0,test
2017-01-28 13:00:00,2017-01-29 13:00:00,24,Beijing,Prophet,11.583333,0.0,test
2017-01-28 14:00:00,2017-01-29 14:00:00,24,Beijing,Prophet,12.416667,0.0,test
2017-01-28 15:00:00,2017-01-29 15:00:00,24,Beijing,Prophet,11.916667,0.0,test
2017-01-28 16:00:00,2017-01-29 16:00:00,24,Beijing,Prophet,13.25,0.0,test
2017-01-28 17:00:00,2017-01-29 17:00:00,24,Beijing,Prophet,13.166667,0.0,test
2017-01-28 18:00:00,2017-01-29 18:00:00,24,Beijing,Prophet,11.916667,0.0,test
2017-01-28 19:00:00,2017-01-29 19:00:00,24,Beijing,Prophet,10.666667,0.0,test
2017-01-28 20:00:00,2017-01-29 20:00:00,24,Beijing,Prophet,8.583333,0.0,test
2017-01-28 21:00:00,2017-01-29 21:00:00,24,Beijing,Prophet,9.083333,0.0,test
2017-01-28 22:00:00,2017-01-29 22:00:00,24,Beijing,Prophet,8.833333,0.0,test
2017-01-28 23:00:00,2017-01-29 23:00:00,24,Beijing,Prophet,8.916667,0.0,test
2017-01-29 00:00:00,2017-01-30 00:00:00,24,Beijing,Prophet,8.25,0.0,test
2017-01-29 01:00:00,2017-01-30 01:00:00,24,Beijing,Prophet,8.333333,0.0,test
2017-01-29 02:00:00,2017-01-30 02:00:00,24,Beijing,Prophet,8.083333,0.0,test
2017-01-29 03:00:00,2017-01-30 03:00:00,24,Beijing,Prophet,6.666667,0.0,test
2017-01-29 04:00:00,2017-01-30 04:00:00,24,Beijing,Prophet,7.583333,0.0,test
2017-01-29 05:00:00,2017-01-30 05:00:00,24,Beijing,Prophet,7.416667,0.0,test
2017-01-29 06:00:00,2017-01-30 06:00:00,24,Beijing,Prophet,7.083333,0.0,test
2017-01-29 07:00:00,2017-01-30 07:00:00,24,Beijing,Prophet,8.666667,0.0,test
2017-01-29 08:00:00,2017-01-30 08:00:00,24,Beijing,Prophet,8.166667,0.0,test
2017-01-29 09:00:00,2017-01-30 09:00:00,24,Beijing,Prophet,9.25,0.0,test
2017-01-29 10:00:00,2017-01-30 10:00:00,24,Beijing,Prophet,12.0,0.0,test
2017-01-29 11:00:00,2017-01-30 11:00:00,24,Beijing,Prophet,8.666667,0.0,test
2017-01-29 12:00:00,2017-01-30 12:00:00,24,Beijing,Prophet,7.0,0.0,test
2017-01-29 13:00:00,2017-01-30 13:00:00,24,Beijing,Prophet,8.083333,0.0,test
2017-01-29 14:00:00,2017-01-30 14:00:00,24,Beijing,Prophet,10.25,0.0,test
2017-01-29 15:00:00,2017-01-30 15:00:00,24,Beijing,Prophet,9.916667,0.0,test
2017-01-29 16:00:00,2017-01-30 16:00:00,24,Beijing,Prophet,11.833333,0.0,test
2017-01-29 17:00:00,2017-01-30 17:00:00,24,Beijing,Prophet,39.666667,0.0,test
2017-01-29 18:00:00,2017-01-30 18:00:00,24,Beijing,Prophet,76.25,0.0,test
2017-01-29 19:00:00,2017-01-30 19:00:00,24,Beijing,Prophet,59.583333,0.0,test
2017-01-29 20:00:00,2017-01-30 20:00:00,24,Beijing,Prophet,62.666667,0.0,test
2017-01-29 21:00:00,2017-01-30 21:00:00,24,Beijing,Prophet,67.25,0.0,test
2017-01-29 22:00:00,2017-01-30 22:00:00,24,Beijing,Prophet,68.666667,0.0,test
2017-01-29 23:00:00,2017-01-30 23:00:00,24,Beijing,Prophet,73.166667,0.0,test
2017-01-30 00:00:00,2017-01-31 00:00:00,24,Beijing,Prophet,79.416667,0.0,test
2017-01-30 01:00:00,2017-01-31 01:00:00,24,Beijing,Prophet,89.333333,0.0,test
2017-01-30 02:00:00,2017-01-31 02:00:00,24,Beijing,Prophet,91.25,0.0,test
2017-01-30 03:00:00,2017-01-31 03:00:00,24,Beijing,Prophet,91.666667,0.0,test
2017-01-30 04:00:00,2017-01-31 04:00:00,24,Beijing,Prophet,91.833333,0.0,test
2017-01-30 05:00:00,2017-01-31 05:00:00,24,Beijing,Prophet,92.5,0.0,test
2017-01-30 06:00:00,2017-01-31 06:00:00,24,Beijing,Prophet,88.833333,0.0,test
2017-01-30 07:00:00,2017-01-31 07:00:00,24,Beijing,Prophet,93.333333,0.0,test
2017-01-30 08:00:00,2017-01-31 08:00:00,24,Beijing,Prophet,92.916667,0.0,test
2017-01-30 09:00:00,2017-01-31 09:00:00,24,Beijing,Prophet,89.916667,0.0,test
2017-01-30 10:00:00,2017-01-31 10:00:00,24,Beijing,Prophet,86.833333,0.0,test
2017-01-30 11:00:00,2017-01-31 11:00:00,24,Beijing,Prophet,84.333333,0.0,test
2017-01-30 12:00:00,2017-01-31 12:00:00,24,Beijing,Prophet,71.583333,0.0,test
2017-01-30 13:00:00,2017-01-31 13:00:00,24,Beijing,Prophet,66.333333,0.0,test
2017-01-30 14:00:00,2017-01-31 14:00:00,24,Beijing,Prophet,71.416667,0.0,test
2017-01-30 15:00:00,2017-01-31 15:00:00,24,Beijing,Prophet,68.166667,0.0,test
2017-01-30 16:00:00,2017-01-31 16:00:00,24,Beijing,Prophet,66.833333,0.0,test
2017-01-30 17:00:00,2017-01-31 17:00:00,24,Beijing,Prophet,59.083333,0.0,test
2017-01-30 18:00:00,2017-01-31 18:00:00,24,Beijing,Prophet,63.583333,0.0,test
2017-01-30 19:00:00,2017-01-31 19:00:00,24,Beijing,Prophet,78.916667,0.0,test
2017-01-30 20:00:00,2017-01-31 20:00:00,24,Beijing,Prophet,86.25,0.0,test
2017-01-30 21:00:00,2017-01-31 21:00:00,24,Beijing,Prophet,76.333333,0.0,test
2017-01-30 22:00:00,2017-01-31 22:00:00,24,Beijing,Prophet,23.333333,0.0,test
2017-01-30 23:00:00,2017-01-31 23:00:00,24,Beijing,Prophet,13.25,0.0,test
2017-01-31 00:00:00,2017-02-01 00:00:00,24,Beijing,Prophet,9.416667,0.0,test
2017-01-31 01:00:00,2017-02-01 01:00:00,24,Beijing,Prophet,10.25,0.0,test
2017-01-31 02:00:00,2017-02-01 02:00:00,24,Beijing,Prophet,9.75,0.0,test
2017-01-31 03:00:00,2017-02-01 03:00:00,24,Beijing,Prophet,9.0,0.0,test
2017-01-31 04:00:00,2017-02-01 04:00:00,24,Beijing,Prophet,7.75,0.0,test
2017-01-31 05:00:00,2017-02-01 05:00:00,24,Beijing,Prophet,8.125,0.0,test
2017-01-31 06:00:00,2017-02-01 06:00:00,24,Beijing,Prophet,7.333333,0.0,test
2017-01-31 07:00:00,2017-02-01 07:00:00,24,Beijing,Prophet,6.0,0.0,test
2017-01-31 08:00:00,2017-02-01 08:00:00,24,Beijing,Prophet,5.833333,0.0,test
2017-01-31 09:00:00,2017-02-01 09:00:00,24,Beijing,Prophet,7.0,0.0,test
2017-01-31 10:00:00,2017-02-01 10:00:00,24,Beijing,Prophet,7.083333,0.0,test
2017-01-31 11:00:00,2017-02-01 11:00:00,24,Beijing,Prophet,6.916667,0.0,test
2017-01-31 12:00:00,2017-02-01 12:00:00,24,Beijing,Prophet,8.5,0.0,test
2017-01-31 13:00:00,2017-02-01 13:00:00,24,Beijing,Prophet,11.166667,0.0,test
2017-01-31 14:00:00,2017-02-01 14:00:00,24,Beijing,Prophet,8.833333,0.0,test
2017-01-31 15:00:00,2017-02-01 15:00:00,24,Beijing,Prophet,11.5,0.0,test
2017-01-31 16:00:00,2017-02-01 16:00:00,24,Beijing,Prophet,13.333333,0.0,test
2017-01-31 17:00:00,2017-02-01 17:00:00,24,Beijing,Prophet,23.75,0.0,test
2017-01-31 18:00:00,2017-02-01 18:00:00,24,Beijing,Prophet,40.583333,0.0,test
2017-01-31 19:00:00,2017-02-01 19:00:00,24,Beijing,Prophet,61.25,0.0,test
2017-01-31 20:00:00,2017-02-01 20:00:00,24,Beijing,Prophet,91.666667,0.0,test
2017-01-31 21:00:00,2017-02-01 21:00:00,24,Beijing,Prophet,123.916667,0.0,test
2017-01-31 22:00:00,2017-02-01 22:00:00,24,Beijing,Prophet,121.333333,0.0,test
2017-01-31 23:00:00,2017-02-01 23:00:00,24,Beijing,Prophet,131.75,0.0,test
2017-02-01 00:00:00,2017-02-02 00:00:00,24,Beijing,Prophet,127.916667,0.0,test
2017-02-01 01:00:00,2017-02-02 01:00:00,24,Beijing,Prophet,111.916667,0.0,test
2017-02-01 02:00:00,2017-02-02 02:00:00,24,Beijing,Prophet,98.916667,0.0,test
2017-02-01 03:00:00,2017-02-02 03:00:00,24,Beijing,Prophet,91.416667,0.0,test
2017-02-01 04:00:00,2017-02-02 04:00:00,24,Beijing,Prophet,69.5,0.0,test
2017-02-01 05:00:00,2017-02-02 05:00:00,24,Beijing,Prophet,57.0,0.0,test
2017-02-01 06:00:00,2017-02-02 06:00:00,24,Beijing,Prophet,52.333333,0.0,test
2017-02-01 07:00:00,2017-02-02 07:00:00,24,Beijing,Prophet,44.833333,0.0,test
2017-02-01 08:00:00,2017-02-02 08:00:00,24,Beijing,Prophet,43.25,0.0,test
2017-02-01 09:00:00,2017-02-02 09:00:00,24,Beijing,Prophet,42.833333,0.0,test
2017-02-01 10:00:00,2017-02-02 10:00:00,24,Beijing,Prophet,49.090909,0.0,test
2017-02-01 11:00:00,2017-02-02 11:00:00,24,Beijing,Prophet,55.545455,0.0,test
2017-02-01 12:00:00,2017-02-02 12:00:00,24,Beijing,Prophet,60.545455,0.0,test
2017-02-01 13:00:00,2017-02-02 13:00:00,24,Beijing,Prophet,57.727273,0.0,test
2017-02-01 14:00:00,2017-02-02 14:00:00,24,Beijing,Prophet,59.909091,0.0,test
2017-02-01 15:00:00,2017-02-02 15:00:00,24,Beijing,Prophet,63.545455,0.0,test
2017-02-01 16:00:00,2017-02-02 16:00:00,24,Beijing,Prophet,71.363636,0.0,test
2017-02-01 17:00:00,2017-02-02 17:00:00,24,Beijing,Prophet,75.272727,0.0,test
2017-02-01 18:00:00,2017-02-02 18:00:00,24,Beijing,Prophet,78.583333,0.0,test
2017-02-01 19:00:00,2017-02-02 19:00:00,24,Beijing,Prophet,94.25,0.0,test
2017-02-01 20:00:00,2017-02-02 20:00:00,24,Beijing,Prophet,124.083333,0.0,test
2017-02-01 21:00:00,2017-02-02 21:00:00,24,Beijing,Prophet,128.666667,0.0,test
2017-02-01 22:00:00,2017-02-02 22:00:00,24,Beijing,Prophet,137.416667,0.0,test
2017-02-01 23:00:00,2017-02-02 23:00:00,24,Beijing,Prophet,145.583333,0.0,test
2017-02-02 00:00:00,2017-02-03 00:00:00,24,Beijing,Prophet,143.75,0.0,test
2017-02-02 01:00:00,2017-02-03 01:00:00,24,Beijing,Prophet,144.583333,0.0,test
2017-02-02 02:00:00,2017-02-03 02:00:00,24,Beijing,Prophet,140.333333,0.0,test
2017-02-02 03:00:00,2017-02-03 03:00:00,24,Beijing,Prophet,142.416667,0.0,test
2017-02-02 04:00:00,2017-02-03 04:00:00,24,Beijing,Prophet,132.25,0.0,test
2017-02-02 05:00:00,2017-02-03 05:00:00,24,Beijing,Prophet,118.166667,0.0,test
2017-02-02 06:00:00,2017-02-03 06:00:00,24,Beijing,Prophet,92.0,0.0,test
2017-02-02 07:00:00,2017-02-03 07:00:00,24,Beijing,Prophet,80.333333,0.0,test
2017-02-02 08:00:00,2017-02-03 08:00:00,24,Beijing,Prophet,78.583333,0.0,test
2017-02-02 09:00:00,2017-02-03 09:00:00,24,Beijing,Prophet,88.5,0.0,test
2017-02-02 10:00:00,2017-02-03 10:00:00,24,Beijing,Prophet,84.0,0.0,test
2017-02-02 11:00:00,2017-02-03 11:00:00,24,Beijing,Prophet,86.083333,0.0,test
2017-02-02 12:00:00,2017-02-03 12:00:00,24,Beijing,Prophet,93.416667,0.0,test
2017-02-02 13:00:00,2017-02-03 13:00:00,24,Beijing,Prophet,111.083333,0.0,test
2017-02-02 14:00:00,2017-02-03 14:00:00,24,Beijing,Prophet,127.333333,0.0,test
2017-02-02 15:00:00,2017-02-03 15:00:00,24,Beijing,Prophet,147.166667,0.0,test
2017-02-02 16:00:00,2017-02-03 16:00:00,24,Beijing,Prophet,179.5,0.0,test
2017-02-02 17:00:00,2017-02-03 17:00:00,24,Beijing,Prophet,205.25,0.0,test
2017-02-02 18:00:00,2017-02-03 18:00:00,24,Beijing,Prophet,218.25,0.0,test
2017-02-02 19:00:00,2017-02-03 19:00:00,24,Beijing,Prophet,231.25,0.0,test
2017-02-02 20:00:00,2017-02-03 20:00:00,24,Beijing,Prophet,247.333333,0.0,test
2017-02-02 21:00:00,2017-02-03 21:00:00,24,Beijing,Prophet,265.583333,0.0,test
2017-02-02 22:00:00,2017-02-03 22:00:00,24,Beijing,Prophet,275.277778,0.0,test
2017-02-02 23:00:00,2017-02-03 23:00:00,24,Beijing,Prophet,274.243056,0.0,test
2017-02-03 00:00:00,2017-02-04 00:00:00,24,Beijing,Prophet,278.375,0.0,test
2017-02-03 01:00:00,2017-02-04 01:00:00,24,Beijing,Prophet,271.479167,0.0,test
2017-02-03 02:00:00,2017-02-04 02:00:00,24,Beijing,Prophet,265.583333,0.0,test
2017-02-03 03:00:00,2017-02-04 03:00:00,24,Beijing,Prophet,270.833333,0.0,test
2017-02-03 04:00:00,2017-02-04 04:00:00,24,Beijing,Prophet,268.416667,0.0,test
2017-02-03 05:00:00,2017-02-04 05:00:00,24,Beijing,Prophet,275.566667,0.0,test
2017-02-03 06:00:00,2017-02-04 06:00:00,24,Beijing,Prophet,280.833333,0.0,test
2017-02-03 07:00:00,2017-02-04 07:00:00,24,Beijing,Prophet,283.558333,0.0,test
2017-02-03 08:00:00,2017-02-04 08:00:00,24,Beijing,Prophet,288.325,0.0,test
2017-02-03 09:00:00,2017-02-04 09:00:00,24,Beijing,Prophet,290.633333,0.0,test
2017-02-03 10:00:00,2017-02-04 10:00:00,24,Beijing,Prophet,285.291667,0.0,test
2017-02-03 11:00:00,2017-02-04 11:00:00,24,Beijing,Prophet,283.222222,0.0,test
2017-02-03 12:00:00,2017-02-04 12:00:00,24,Beijing,Prophet,291.194444,0.0,test
2017-02-03 13:00:00,2017-02-04 13:00:00,24,Beijing,Prophet,281.3,0.0,test
2017-02-03 14:00:00,2017-02-04 14:00:00,24,Beijing,Prophet,259.614286,0.0,test
2017-02-03 15:00:00,2017-02-04 15:00:00,24,Beijing,Prophet,244.828571,0.0,test
2017-02-03 16:00:00,2017-02-04 16:00:00,24,Beijing,Prophet,236.682857,0.0,test
2017-02-03 17:00:00,2017-02-04 17:00:00,24,Beijing,Prophet,232.32881,0.0,test
2017-02-03 18:00:00,2017-02-04 18:00:00,24,Beijing,Prophet,218.741429,0.0,test
2017-02-03 19:00:00,2017-02-04 19:00:00,24,Beijing,Prophet,194.204048,0.0,test
2017-02-03 20:00:00,2017-02-04 20:00:00,24,Beijing,Prophet,121.9,0.0,test
2017-02-03 21:00:00,2017-02-04 21:00:00,24,Beijing,Prophet,57.416667,0.0,test
2017-02-03 22:00:00,2017-02-04 22:00:00,24,Beijing,Prophet,30.0,0.0,test
2017-02-03 23:00:00,2017-02-04 23:00:00,24,Beijing,Prophet,19.083333,0.0,test
2017-02-04 00:00:00,2017-02-05 00:00:00,24,Beijing,Prophet,17.583333,0.0,test
2017-02-04 01:00:00,2017-02-05 01:00:00,24,Beijing,Prophet,17.75,0.0,test
2017-02-04 02:00:00,2017-02-05 02:00:00,24,Beijing,Prophet,22.666667,0.0,test
2017-02-04 03:00:00,2017-02-05 03:00:00,24,Beijing,Prophet,23.083333,0.0,test
2017-02-04 04:00:00,2017-02-05 04:00:00,24,Beijing,Prophet,21.5,0.0,test
2017-02-04 05:00:00,2017-02-05 05:00:00,24,Beijing,Prophet,19.916667,0.0,test
2017-02-04 06:00:00,2017-02-05 06:00:00,24,Beijing,Prophet,15.0,0.0,test
2017-02-04 07:00:00,2017-02-05 07:00:00,24,Beijing,Prophet,13.416667,0.0,test
2017-02-04 08:00:00,2017-02-05 08:00:00,24,Beijing,Prophet,11.083333,0.0,test
2017-02-04 09:00:00,2017-02-05 09:00:00,24,Beijing,Prophet,11.333333,0.0,test
2017-02-04 10:00:00,2017-02-05 10:00:00,24,Beijing,Prophet,11.0,0.0,test
2017-02-04 11:00:00,2017-02-05 11:00:00,24,Beijing,Prophet,8.416667,0.0,test
2017-02-04 12:00:00,2017-02-05 12:00:00,24,Beijing,Prophet,6.916667,0.0,test
2017-02-04 13:00:00,2017-02-05 13:00:00,24,Beijing,Prophet,7.083333,0.0,test
2017-02-04 14:00:00,2017-02-05 14:00:00,24,Beijing,Prophet,6.583333,0.0,test
2017-02-04 15:00:00,2017-02-05 15:00:00,24,Beijing,Prophet,9.5,0.0,test
2017-02-04 16:00:00,2017-02-05 16:00:00,24,Beijing,Prophet,11.75,0.0,test
2017-02-04 17:00:00,2017-02-05 17:00:00,24,Beijing,Prophet,14.083333,0.0,test
2017-02-04 18:00:00,2017-02-05 18:00:00,24,Beijing,Prophet,10.833333,0.0,test
2017-02-04 19:00:00,2017-02-05 19:00:00,24,Beijing,Prophet,8.333333,0.0,test
2017-02-04 20:00:00,2017-02-05 20:00:00,24,Beijing,Prophet,7.833333,0.0,test
2017-02-04 21:00:00,2017-02-05 21:00:00,24,Beijing,Prophet,8.166667,0.0,test
2017-02-04 22:00:00,2017-02-05 22:00:00,24,Beijing,Prophet,8.833333,0.0,test
2017-02-04 23:00:00,2017-02-05 23:00:00,24,Beijing,Prophet,8.333333,0.0,test
2017-02-05 00:00:00,2017-02-06 00:00:00,24,Beijing,Prophet,7.916667,0.0,test
2017-02-05 01:00:00,2017-02-06 01:00:00,24,Beijing,Prophet,6.75,0.0,test
2017-02-05 02:00:00,2017-02-06 02:00:00,24,Beijing,Prophet,5.833333,0.0,test
2017-02-05 03:00:00,2017-02-06 03:00:00,24,Beijing,Prophet,4.75,0.0,test
2017-02-05 04:00:00,2017-02-06 04:00:00,24,Beijing,Prophet,4.083333,0.0,test
2017-02-05 05:00:00,2017-02-06 05:00:00,24,Beijing,Prophet,5.416667,0.0,test
2017-02-05 06:00:00,2017-02-06 06:00:00,24,Beijing,Prophet,6.083333,0.0,test
2017-02-05 07:00:00,2017-02-06 07:00:00,24,Beijing,Prophet,6.583333,0.0,test
2017-02-05 08:00:00,2017-02-06 08:00:00,24,Beijing,Prophet,7.916667,0.0,test
2017-02-05 09:00:00,2017-02-06 09:00:00,24,Beijing,Prophet,8.333333,0.0,test
2017-02-05 10:00:00,2017-02-06 10:00:00,24,Beijing,Prophet,10.333333,0.0,test
2017-02-05 11:00:00,2017-02-06 11:00:00,24,Beijing,Prophet,9.416667,0.0,test
2017-02-05 12:00:00,2017-02-06 12:00:00,24,Beijing,Prophet,7.416667,0.0,test
2017-02-05 13:00:00,2017-02-06 13:00:00,24,Beijing,Prophet,5.166667,0.0,test
2017-02-05 14:00:00,2017-02-06 14:00:00,24,Beijing,Prophet,6.333333,0.0,test
2017-02-05 15:00:00,2017-02-06 15:00:00,24,Beijing,Prophet,7.083333,0.0,test
2017-02-05 16:00:00,2017-02-06 16:00:00,24,Beijing,Prophet,7.25,0.0,test
2017-02-05 17:00:00,2017-02-06 17:00:00,24,Beijing,Prophet,9.583333,0.0,test
2017-02-05 18:00:00,2017-02-06 18:00:00,24,Beijing,Prophet,14.583333,0.0,test
2017-02-05 19:00:00,2017-02-06 19:00:00,24,Beijing,Prophet,21.25,0.0,test
2017-02-05 20:00:00,2017-02-06 20:00:00,24,Beijing,Prophet,31.5,0.0,test
2017-02-05 21:00:00,2017-02-06 21:00:00,24,Beijing,Prophet,35.166667,0.0,test
2017-02-05 22:00:00,2017-02-06 22:00:00,24,Beijing,Prophet,39.75,0.0,test
2017-02-05 23:00:00,2017-02-06 23:00:00,24,Beijing,Prophet,42.416667,0.0,test
2017-02-06 00:00:00,2017-02-07 00:00:00,24,Beijing,Prophet,48.25,0.0,test
2017-02-06 01:00:00,2017-02-07 01:00:00,24,Beijing,Prophet,61.75,0.0,test
2017-02-06 02:00:00,2017-02-07 02:00:00,24,Beijing,Prophet,64.166667,0.0,test
2017-02-06 03:00:00,2017-02-07 03:00:00,24,Beijing,Prophet,64.333333,0.0,test
2017-02-06 04:00:00,2017-02-07 04:00:00,24,Beijing,Prophet,67.75,0.0,test
2017-02-06 05:00:00,2017-02-07 05:00:00,24,Beijing,Prophet,69.416667,0.0,test
2017-02-06 06:00:00,2017-02-07 06:00:00,24,Beijing,Prophet,69.25,0.0,test
2017-02-06 07:00:00,2017-02-07 07:00:00,24,Beijing,Prophet,69.666667,0.0,test
2017-02-06 08:00:00,2017-02-07 08:00:00,24,Beijing,Prophet,72.083333,0.0,test
2017-02-06 09:00:00,2017-02-07 09:00:00,24,Beijing,Prophet,76.583333,0.0,test
2017-02-06 10:00:00,2017-02-07 10:00:00,24,Beijing,Prophet,80.166667,0.0,test
2017-02-06 11:00:00,2017-02-07 11:00:00,24,Beijing,Prophet,61.5,0.0,test
2017-02-06 12:00:00,2017-02-07 12:00:00,24,Beijing,Prophet,55.083333,0.0,test
2017-02-06 13:00:00,2017-02-07 13:00:00,24,Beijing,Prophet,57.416667,0.0,test
2017-02-06 14:00:00,2017-02-07 14:00:00,24,Beijing,Prophet,61.0,0.0,test
2017-02-06 15:00:00,2017-02-07 15:00:00,24,Beijing,Prophet,64.333333,0.0,test
2017-02-06 16:00:00,2017-02-07 16:00:00,24,Beijing,Prophet,67.416667,0.0,test
2017-02-06 17:00:00,2017-02-07 17:00:00,24,Beijing,Prophet,81.916667,0.0,test
2017-02-06 18:00:00,2017-02-07 18:00:00,24,Beijing,Prophet,93.5,0.0,test
2017-02-06 19:00:00,2017-02-07 19:00:00,24,Beijing,Prophet,103.25,0.0,test
2017-02-06 20:00:00,2017-02-07 20:00:00,24,Beijing,Prophet,108.333333,0.0,test
2017-02-06 21:00:00,2017-02-07 21:00:00,24,Beijing,Prophet,107.333333,0.0,test
2017-02-06 22:00:00,2017-02-07 22:00:00,24,Beijing,Prophet,107.166667,0.0,test
2017-02-06 23:00:00,2017-02-07 23:00:00,24,Beijing,Prophet,109.0,0.0,test
2017-02-07 00:00:00,2017-02-08 00:00:00,24,Beijing,Prophet,106.833333,0.0,test
2017-02-07 01:00:00,2017-02-08 01:00:00,24,Beijing,Prophet,106.416667,0.0,test
2017-02-07 02:00:00,2017-02-08 02:00:00,24,Beijing,Prophet,105.333333,0.0,test
2017-02-07 03:00:00,2017-02-08 03:00:00,24,Beijing,Prophet,100.333333,0.0,test
2017-02-07 04:00:00,2017-02-08 04:00:00,24,Beijing,Prophet,89.833333,0.0,test
2017-02-07 05:00:00,2017-02-08 05:00:00,24,Beijing,Prophet,70.666667,0.0,test
2017-02-07 06:00:00,2017-02-08 06:00:00,24,Beijing,Prophet,39.166667,0.0,test
2017-02-07 07:00:00,2017-02-08 07:00:00,24,Beijing,Prophet,16.166667,0.0,test
2017-02-07 08:00:00,2017-02-08 08:00:00,24,Beijing,Prophet,10.25,0.0,test
2017-02-07 09:00:00,2017-02-08 09:00:00,24,Beijing,Prophet,7.5,0.0,test
2017-02-07 10:00:00,2017-02-08 10:00:00,24,Beijing,Prophet,8.833333,0.0,test
2017-02-07 11:00:00,2017-02-08 11:00:00,24,Beijing,Prophet,10.416667,0.0,test
2017-02-07 12:00:00,2017-02-08 12:00:00,24,Beijing,Prophet,9.75,0.0,test
2017-02-07 13:00:00,2017-02-08 13:00:00,24,Beijing,Prophet,11.833333,0.0,test
2017-02-07 14:00:00,2017-02-08 14:00:00,24,Beijing,Prophet,10.75,0.0,test
2017-02-07 15:00:00,2017-02-08 15:00:00,24,Beijing,Prophet,9.583333,0.0,test
2017-02-07 16:00:00,2017-02-08 16:00:00,24,Beijing,Prophet,10.25,0.0,test
2017-02-07 17:00:00,2017-02-08 17:00:00,24,Beijing,Prophet,9.666667,0.0,test
2017-02-07 18:00:00,2017-02-08 18:00:00,24,Beijing,Prophet,9.166667,0.0,test
2017-02-07 19:00:00,2017-02-08 19:00:00,24,Beijing,Prophet,9.166667,0.0,test
2017-02-07 20:00:00,2017-02-08 20:00:00,24,Beijing,Prophet,9.916667,0.0,test
2017-02-07 21:00:00,2017-02-08 21:00:00,24,Beijing,Prophet,8.5,0.0,test
2017-02-07 22:00:00,2017-02-08 22:00:00,24,Beijing,Prophet,9.75,0.0,test
2017-02-07 23:00:00,2017-02-08 23:00:00,24,Beijing,Prophet,8.083333,0.0,test
2017-02-08 00:00:00,2017-02-09 00:00:00,24,Beijing,Prophet,9.333333,0.0,test
2017-02-08 01:00:00,2017-02-09 01:00:00,24,Beijing,Prophet,7.5,0.0,test
2017-02-08 02:00:00,2017-02-09 02:00:00,24,Beijing,Prophet,7.666667,0.0,test
2017-02-08 03:00:00,2017-02-09 03:00:00,24,Beijing,Prophet,7.375,0.0,test
2017-02-08 04:00:00,2017-02-09 04:00:00,24,Beijing,Prophet,7.083333,0.0,test
2017-02-08 05:00:00,2017-02-09 05:00:00,24,Beijing,Prophet,6.75,0.0,test
2017-02-08 06:00:00,2017-02-09 06:00:00,24,Beijing,Prophet,5.75,0.0,test
2017-02-08 07:00:00,2017-02-09 07:00:00,24,Beijing,Prophet,6.083333,0.0,test
2017-02-08 08:00:00,2017-02-09 08:00:00,24,Beijing,Prophet,7.25,0.0,test
2017-02-08 09:00:00,2017-02-09 09:00:00,24,Beijing,Prophet,6.0,0.0,test
2017-02-08 10:00:00,2017-02-09 10:00:00,24,Beijing,Prophet,7.0,0.0,test
2017-02-08 11:00:00,2017-02-09 11:00:00,24,Beijing,Prophet,6.833333,0.0,test
2017-02-08 12:00:00,2017-02-09 12:00:00,24,Beijing,Prophet,7.416667,0.0,test
2017-02-08 13:00:00,2017-02-09 13:00:00,24,Beijing,Prophet,6.833333,0.0,test
2017-02-08 14:00:00,2017-02-09 14:00:00,24,Beijing,Prophet,8.0,0.0,test
2017-02-08 15:00:00,2017-02-09 15:00:00,24,Beijing,Prophet,6.666667,0.0,test
2017-02-08 16:00:00,2017-02-09 16:00:00,24,Beijing,Prophet,6.916667,0.0,test
2017-02-08 17:00:00,2017-02-09 17:00:00,24,Beijing,Prophet,6.166667,0.0,test
2017-02-08 18:00:00,2017-02-09 18:00:00,24,Beijing,Prophet,5.583333,0.0,test
2017-02-08 19:00:00,2017-02-09 19:00:00,24,Beijing,Prophet,6.583333,0.0,test
2017-02-08 20:00:00,2017-02-09 20:00:00,24,Beijing,Prophet,6.916667,0.0,test
2017-02-08 21:00:00,2017-02-09 21:00:00,24,Beijing,Prophet,7.666667,0.0,test
2017-02-08 22:00:00,2017-02-09 22:00:00,24,Beijing,Prophet,6.666667,0.0,test
2017-02-08 23:00:00,2017-02-09 23:00:00,24,Beijing,Prophet,5.75,0.0,test
2017-02-09 00:00:00,2017-02-10 00:00:00,24,Beijing,Prophet,6.416667,0.0,test
2017-02-09 01:00:00,2017-02-10 01:00:00,24,Beijing,Prophet,5.416667,0.0,test
2017-02-09 02:00:00,2017-02-10 02:00:00,24,Beijing,Prophet,6.416667,0.0,test
2017-02-09 03:00:00,2017-02-10 03:00:00,24,Beijing,Prophet,7.25,0.0,test
2017-02-09 04:00:00,2017-02-10 04:00:00,24,Beijing,Prophet,4.666667,0.0,test
2017-02-09 05:00:00,2017-02-10 05:00:00,24,Beijing,Prophet,4.916667,0.0,test
2017-02-09 06:00:00,2017-02-10 06:00:00,24,Beijing,Prophet,5.25,0.0,test
2017-02-09 07:00:00,2017-02-10 07:00:00,24,Beijing,Prophet,4.75,0.0,test
2017-02-09 08:00:00,2017-02-10 08:00:00,24,Beijing,Prophet,6.333333,0.0,test
2017-02-09 09:00:00,2017-02-10 09:00:00,24,Beijing,Prophet,7.333333,0.0,test
2017-02-09 10:00:00,2017-02-10 10:00:00,24,Beijing,Prophet,7.083333,0.0,test
2017-02-09 11:00:00,2017-02-10 11:00:00,24,Beijing,Prophet,6.5,0.0,test
2017-02-09 12:00:00,2017-02-10 12:00:00,24,Beijing,Prophet,7.083333,0.0,test
2017-02-09 13:00:00,2017-02-10 13:00:00,24,Beijing,Prophet,7.583333,0.0,test
2017-02-09 14:00:00,2017-02-10 14:00:00,24,Beijing,Prophet,6.583333,0.0,test
2017-02-09 15:00:00,2017-02-10 15:00:00,24,Beijing,Prophet,7.166667,0.0,test
2017-02-09 16:00:00,2017-02-10 16:00:00,24,Beijing,Prophet,6.333333,0.0,test
2017-02-09 17:00:00,2017-02-10 17:00:00,24,Beijing,Prophet,6.916667,0.0,test
2017-02-09 18:00:00,2017-02-10 18:00:00,24,Beijing,Prophet,6.666667,0.0,test
2017-02-09 19:00:00,2017-02-10 19:00:00,24,Beijing,Prophet,8.916667,0.0,test
2017-02-09 20:00:00,2017-02-10 20:00:00,24,Beijing,Prophet,9.333333,0.0,test
2017-02-09 21:00:00,2017-02-10 21:00:00,24,Beijing,Prophet,10.583333,0.0,test
2017-02-09 22:00:00,2017-02-10 22:00:00,24,Beijing,Prophet,9.916667,0.0,test
2017-02-09 23:00:00,2017-02-10 23:00:00,24,Beijing,Prophet,10.916667,0.0,test
2017-02-10 00:00:00,2017-02-11 00:00:00,24,Beijing,Prophet,14.666667,0.0,test
2017-02-10 01:00:00,2017-02-11 01:00:00,24,Beijing,Prophet,13.916667,0.0,test
2017-02-10 02:00:00,2017-02-11 02:00:00,24,Beijing,Prophet,12.916667,0.0,test
2017-02-10 03:00:00,2017-02-11 03:00:00,24,Beijing,Prophet,11.666667,0.0,test
2017-02-10 04:00:00,2017-02-11 04:00:00,24,Beijing,Prophet,13.25,0.0,test
2017-02-10 05:00:00,2017-02-11 05:00:00,24,Beijing,Prophet,13.333333,0.0,test
2017-02-10 06:00:00,2017-02-11 06:00:00,24,Beijing,Prophet,13.083333,0.0,test
2017-02-10 07:00:00,2017-02-11 07:00:00,24,Beijing,Prophet,13.5,0.0,test
2017-02-10 08:00:00,2017-02-11 08:00:00,24,Beijing,Prophet,14.583333,0.0,test
2017-02-10 09:00:00,2017-02-11 09:00:00,24,Beijing,Prophet,19.416667,0.0,test
2017-02-10 10:00:00,2017-02-11 10:00:00,24,Beijing,Prophet,21.0,0.0,test
2017-02-10 11:00:00,2017-02-11 11:00:00,24,Beijing,Prophet,17.833333,0.0,test
2017-02-10 12:00:00,2017-02-11 12:00:00,24,Beijing,Prophet,13.583333,0.0,test
2017-02-10 13:00:00,2017-02-11 13:00:00,24,Beijing,Prophet,12.333333,0.0,test
2017-02-10 14:00:00,2017-02-11 14:00:00,24,Beijing,Prophet,11.5,0.0,test
2017-02-10 15:00:00,2017-02-11 15:00:00,24,Beijing,Prophet,13.75,0.0,test
2017-02-10 16:00:00,2017-02-11 16:00:00,24,Beijing,Prophet,21.166667,0.0,test
2017-02-10 17:00:00,2017-02-11 17:00:00,24,Beijing,Prophet,33.416667,0.0,test
2017-02-10 18:00:00,2017-02-11 18:00:00,24,Beijing,Prophet,39.0,0.0,test
2017-02-10 19:00:00,2017-02-11 19:00:00,24,Beijing,Prophet,58.833333,0.0,test
2017-02-10 20:00:00,2017-02-11 20:00:00,24,Beijing,Prophet,96.333333,0.0,test
2017-02-10 21:00:00,2017-02-11 21:00:00,24,Beijing,Prophet,139.5,0.0,test
2017-02-10 22:00:00,2017-02-11 22:00:00,24,Beijing,Prophet,191.125,0.0,test
2017-02-10 23:00:00,2017-02-11 23:00:00,24,Beijing,Prophet,193.75,0.0,test
2017-02-11 00:00:00,2017-02-12 00:00:00,24,Beijing,Prophet,180.791667,0.0,test
2017-02-11 01:00:00,2017-02-12 01:00:00,24,Beijing,Prophet,161.583333,0.0,test
2017-02-11 02:00:00,2017-02-12 02:00:00,24,Beijing,Prophet,138.416667,0.0,test
2017-02-11 03:00:00,2017-02-12 03:00:00,24,Beijing,Prophet,120.083333,0.0,test
2017-02-11 04:00:00,2017-02-12 04:00:00,24,Beijing,Prophet,86.0,0.0,test
2017-02-11 05:00:00,2017-02-12 05:00:00,24,Beijing,Prophet,59.583333,0.0,test
2017-02-11 06:00:00,2017-02-12 06:00:00,24,Beijing,Prophet,48.166667,0.0,test
2017-02-11 07:00:00,2017-02-12 07:00:00,24,Beijing,Prophet,49.833333,0.0,test
2017-02-11 08:00:00,2017-02-12 08:00:00,24,Beijing,Prophet,66.083333,0.0,test
2017-02-11 09:00:00,2017-02-12 09:00:00,24,Beijing,Prophet,86.25,0.0,test
2017-02-11 10:00:00,2017-02-12 10:00:00,24,Beijing,Prophet,93.416667,0.0,test
2017-02-11 11:00:00,2017-02-12 11:00:00,24,Beijing,Prophet,105.75,0.0,test
2017-02-11 12:00:00,2017-02-12 12:00:00,24,Beijing,Prophet,103.083333,0.0,test
2017-02-11 13:00:00,2017-02-12 13:00:00,24,Beijing,Prophet,98.5,0.0,test
2017-02-11 14:00:00,2017-02-12 14:00:00,24,Beijing,Prophet,98.833333,0.0,test
2017-02-11 15:00:00,2017-02-12 15:00:00,24,Beijing,Prophet,96.25,0.0,test
2017-02-11 16:00:00,2017-02-12 16:00:00,24,Beijing,Prophet,91.5,0.0,test
2017-02-11 17:00:00,2017-02-12 17:00:00,24,Beijing,Prophet,97.666667,0.0,test
2017-02-11 18:00:00,2017-02-12 18:00:00,24,Beijing,Prophet,107.083333,0.0,test
2017-02-11 19:00:00,2017-02-12 19:00:00,24,Beijing,Prophet,112.333333,0.0,test
2017-02-11 20:00:00,2017-02-12 20:00:00,24,Beijing,Prophet,115.083333,0.0,test
2017-02-11 21:00:00,2017-02-12 21:00:00,24,Beijing,Prophet,124.916667,0.0,test
2017-02-11 22:00:00,2017-02-12 22:00:00,24,Beijing,Prophet,130.333333,0.0,test
2017-02-11 23:00:00,2017-02-12 23:00:00,24,Beijing,Prophet,140.0,0.0,test
2017-02-12 00:00:00,2017-02-13 00:00:00,24,Beijing,Prophet,141.5,0.0,test
2017-02-12 01:00:00,2017-02-13 01:00:00,24,Beijing,Prophet,137.75,0.0,test
2017-02-12 02:00:00,2017-02-13 02:00:00,24,Beijing,Prophet,146.416667,0.0,test
2017-02-12 03:00:00,2017-02-13 03:00:00,24,Beijing,Prophet,146.5,0.0,test
2017-02-12 04:00:00,2017-02-13 04:00:00,24,Beijing,Prophet,142.833333,0.0,test
2017-02-12 05:00:00,2017-02-13 05:00:00,24,Beijing,Prophet,123.75,0.0,test
2017-02-12 06:00:00,2017-02-13 06:00:00,24,Beijing,Prophet,110.583333,0.0,test
2017-02-12 07:00:00,2017-02-13 07:00:00,24,Beijing,Prophet,93.25,0.0,test
2017-02-12 08:00:00,2017-02-13 08:00:00,24,Beijing,Prophet,80.333333,0.0,test
2017-02-12 09:00:00,2017-02-13 09:00:00,24,Beijing,Prophet,66.75,0.0,test
2017-02-12 10:00:00,2017-02-13 10:00:00,24,Beijing,Prophet,50.583333,0.0,test
2017-02-12 11:00:00,2017-02-13 11:00:00,24,Beijing,Prophet,36.083333,0.0,test
2017-02-12 12:00:00,2017-02-13 12:00:00,24,Beijing,Prophet,22.75,0.0,test
2017-02-12 13:00:00,2017-02-13 13:00:00,24,Beijing,Prophet,16.5,0.0,test
2017-02-12 14:00:00,2017-02-13 14:00:00,24,Beijing,Prophet,14.833333,0.0,test
2017-02-12 15:00:00,2017-02-13 15:00:00,24,Beijing,Prophet,14.916667,0.0,test
2017-02-12 16:00:00,2017-02-13 16:00:00,24,Beijing,Prophet,17.333333,0.0,test
2017-02-12 17:00:00,2017-02-13 17:00:00,24,Beijing,Prophet,18.916667,0.0,test
2017-02-12 18:00:00,2017-02-13 18:00:00,24,Beijing,Prophet,23.5,0.0,test
2017-02-12 19:00:00,2017-02-13 19:00:00,24,Beijing,Prophet,43.083333,0.0,test
2017-02-12 20:00:00,2017-02-13 20:00:00,24,Beijing,Prophet,81.75,0.0,test
2017-02-12 21:00:00,2017-02-13 21:00:00,24,Beijing,Prophet,102.083333,0.0,test
2017-02-12 22:00:00,2017-02-13 22:00:00,24,Beijing,Prophet,137.333333,0.0,test
2017-02-12 23:00:00,2017-02-13 23:00:00,24,Beijing,Prophet,158.666667,0.0,test
2017-02-13 00:00:00,2017-02-14 00:00:00,24,Beijing,Prophet,151.083333,0.0,test
2017-02-13 01:00:00,2017-02-14 01:00:00,24,Beijing,Prophet,136.416667,0.0,test
2017-02-13 02:00:00,2017-02-14 02:00:00,24,Beijing,Prophet,137.166667,0.0,test
2017-02-13 03:00:00,2017-02-14 03:00:00,24,Beijing,Prophet,142.916667,0.0,test
2017-02-13 04:00:00,2017-02-14 04:00:00,24,Beijing,Prophet,142.333333,0.0,test
2017-02-13 05:00:00,2017-02-14 05:00:00,24,Beijing,Prophet,139.666667,0.0,test
2017-02-13 06:00:00,2017-02-14 06:00:00,24,Beijing,Prophet,135.0,0.0,test
2017-02-13 07:00:00,2017-02-14 07:00:00,24,Beijing,Prophet,137.25,0.0,test
2017-02-13 08:00:00,2017-02-14 08:00:00,24,Beijing,Prophet,141.416667,0.0,test
2017-02-13 09:00:00,2017-02-14 09:00:00,24,Beijing,Prophet,147.833333,0.0,test
2017-02-13 10:00:00,2017-02-14 10:00:00,24,Beijing,Prophet,163.833333,0.0,test
2017-02-13 11:00:00,2017-02-14 11:00:00,24,Beijing,Prophet,179.5,0.0,test
2017-02-13 12:00:00,2017-02-14 12:00:00,24,Beijing,Prophet,187.916667,0.0,test
2017-02-13 13:00:00,2017-02-14 13:00:00,24,Beijing,Prophet,177.583333,0.0,test
2017-02-13 14:00:00,2017-02-14 14:00:00,24,Beijing,Prophet,181.333333,0.0,test
2017-02-13 15:00:00,2017-02-14 15:00:00,24,Beijing,Prophet,188.166667,0.0,test
2017-02-13 16:00:00,2017-02-14 16:00:00,24,Beijing,Prophet,208.5,0.0,test
2017-02-13 17:00:00,2017-02-14 17:00:00,24,Beijing,Prophet,213.5,0.0,test
2017-02-13 18:00:00,2017-02-14 18:00:00,24,Beijing,Prophet,210.166667,0.0,test
2017-02-13 19:00:00,2017-02-14 19:00:00,24,Beijing,Prophet,215.833333,0.0,test
2017-02-13 20:00:00,2017-02-14 20:00:00,24,Beijing,Prophet,221.25,0.0,test
2017-02-13 21:00:00,2017-02-14 21:00:00,24,Beijing,Prophet,227.5,0.0,test
2017-02-13 22:00:00,2017-02-14 22:00:00,24,Beijing,Prophet,227.75,0.0,test
2017-02-13 23:00:00,2017-02-14 23:00:00,24,Beijing,Prophet,236.166667,0.0,test
2017-02-14 00:00:00,2017-02-15 00:00:00,24,Beijing,Prophet,243.833333,0.0,test
2017-02-14 01:00:00,2017-02-15 01:00:00,24,Beijing,Prophet,243.083333,0.0,test
2017-02-14 02:00:00,2017-02-15 02:00:00,24,Beijing,Prophet,238.416667,0.0,test
2017-02-14 03:00:00,2017-02-15 03:00:00,24,Beijing,Prophet,229.75,0.0,test
2017-02-14 04:00:00,2017-02-15 04:00:00,24,Beijing,Prophet,226.5,0.0,test
2017-02-14 05:00:00,2017-02-15 05:00:00,24,Beijing,Prophet,227.166667,0.0,test
2017-02-14 06:00:00,2017-02-15 06:00:00,24,Beijing,Prophet,229.666667,0.0,test
2017-02-14 07:00:00,2017-02-15 07:00:00,24,Beijing,Prophet,226.083333,0.0,test
2017-02-14 08:00:00,2017-02-15 08:00:00,24,Beijing,Prophet,224.25,0.0,test
2017-02-14 09:00:00,2017-02-15 09:00:00,24,Beijing,Prophet,229.75,0.0,test
2017-02-14 10:00:00,2017-02-15 10:00:00,24,Beijing,Prophet,214.666667,0.0,test
2017-02-14 11:00:00,2017-02-15 11:00:00,24,Beijing,Prophet,223.833333,0.0,test
2017-02-14 12:00:00,2017-02-15 12:00:00,24,Beijing,Prophet,241.166667,0.0,test
2017-02-14 13:00:00,2017-02-15 13:00:00,24,Beijing,Prophet,208.0,0.0,test
2017-02-14 14:00:00,2017-02-15 14:00:00,24,Beijing,Prophet,184.416667,0.0,test
2017-02-14 15:00:00,2017-02-15 15:00:00,24,Beijing,Prophet,169.416667,0.0,test
2017-02-14 16:00:00,2017-02-15 16:00:00,24,Beijing,Prophet,187.75,0.0,test
2017-02-14 17:00:00,2017-02-15 17:00:00,24,Beijing,Prophet,235.166667,0.0,test
2017-02-14 18:00:00,2017-02-15 18:00:00,24,Beijing,Prophet,250.166667,0.0,test
2017-02-14 19:00:00,2017-02-15 19:00:00,24,Beijing,Prophet,256.75,0.0,test
2017-02-14 20:00:00,2017-02-15 20:00:00,24,Beijing,Prophet,261.916667,0.0,test
2017-02-14 21:00:00,2017-02-15 21:00:00,24,Beijing,Prophet,261.666667,0.0,test
2017-02-14 22:00:00,2017-02-15 22:00:00,24,Beijing,Prophet,267.166667,0.0,test
2017-02-14 23:00:00,2017-02-15 23:00:00,24,Beijing,Prophet,265.861111,0.0,test
2017-02-15 00:00:00,2017-02-16 00:00:00,24,Beijing,Prophet,263.555556,0.0,test
2017-02-15 01:00:00,2017-02-16 01:00:00,24,Beijing,Prophet,261.916667,0.0,test
2017-02-15 02:00:00,2017-02-16 02:00:00,24,Beijing,Prophet,266.333333,0.0,test
2017-02-15 03:00:00,2017-02-16 03:00:00,24,Beijing,Prophet,260.083333,0.0,test
2017-02-15 04:00:00,2017-02-16 04:00:00,24,Beijing,Prophet,258.541667,0.0,test
2017-02-15 05:00:00,2017-02-16 05:00:00,24,Beijing,Prophet,254.0,0.0,test
2017-02-15 06:00:00,2017-02-16 06:00:00,24,Beijing,Prophet,246.25,0.0,test
2017-02-15 07:00:00,2017-02-16 07:00:00,24,Beijing,Prophet,232.833333,0.0,test
2017-02-15 08:00:00,2017-02-16 08:00:00,24,Beijing,Prophet,187.5,0.0,test
2017-02-15 09:00:00,2017-02-16 09:00:00,24,Beijing,Prophet,137.583333,0.0,test
2017-02-15 10:00:00,2017-02-16 10:00:00,24,Beijing,Prophet,70.25,0.0,test
2017-02-15 11:00:00,2017-02-16 11:00:00,24,Beijing,Prophet,31.916667,0.0,test
2017-02-15 12:00:00,2017-02-16 12:00:00,24,Beijing,Prophet,17.333333,0.0,test
2017-02-15 13:00:00,2017-02-16 13:00:00,24,Beijing,Prophet,13.5,0.0,test
2017-02-15 14:00:00,2017-02-16 14:00:00,24,Beijing,Prophet,11.916667,0.0,test
2017-02-15 15:00:00,2017-02-16 15:00:00,24,Beijing,Prophet,8.833333,0.0,test
2017-02-15 16:00:00,2017-02-16 16:00:00,24,Beijing,Prophet,7.416667,0.0,test
2017-02-15 17:00:00,2017-02-16 17:00:00,24,Beijing,Prophet,9.583333,0.0,test
2017-02-15 18:00:00,2017-02-16 18:00:00,24,Beijing,Prophet,9.416667,0.0,test
2017-02-15 19:00:00,2017-02-16 19:00:00,24,Beijing,Prophet,10.75,0.0,test
2017-02-15 20:00:00,2017-02-16 20:00:00,24,Beijing,Prophet,9.583333,0.0,test
2017-02-15 21:00:00,2017-02-16 21:00:00,24,Beijing,Prophet,7.333333,0.0,test
2017-02-15 22:00:00,2017-02-16 22:00:00,24,Beijing,Prophet,7.75,0.0,test
2017-02-15 23:00:00,2017-02-16 23:00:00,24,Beijing,Prophet,6.416667,0.0,test
2017-02-16 00:00:00,2017-02-17 00:00:00,24,Beijing,Prophet,6.0,0.0,test
2017-02-16 01:00:00,2017-02-17 01:00:00,24,Beijing,Prophet,6.5,0.0,test
2017-02-16 02:00:00,2017-02-17 02:00:00,24,Beijing,Prophet,6.333333,0.0,test
2017-02-16 03:00:00,2017-02-17 03:00:00,24,Beijing,Prophet,6.833333,0.0,test
2017-02-16 04:00:00,2017-02-17 04:00:00,24,Beijing,Prophet,8.166667,0.0,test
2017-02-16 05:00:00,2017-02-17 05:00:00,24,Beijing,Prophet,7.666667,0.0,test
2017-02-16 06:00:00,2017-02-17 06:00:00,24,Beijing,Prophet,7.833333,0.0,test
2017-02-16 07:00:00,2017-02-17 07:00:00,24,Beijing,Prophet,9.333333,0.0,test
2017-02-16 08:00:00,2017-02-17 08:00:00,24,Beijing,Prophet,9.583333,0.0,test
2017-02-16 09:00:00,2017-02-17 09:00:00,24,Beijing,Prophet,9.916667,0.0,test
2017-02-16 10:00:00,2017-02-17 10:00:00,24,Beijing,Prophet,6.916667,0.0,test
2017-02-16 11:00:00,2017-02-17 11:00:00,24,Beijing,Prophet,6.75,0.0,test
2017-02-16 12:00:00,2017-02-17 12:00:00,24,Beijing,Prophet,7.083333,0.0,test
2017-02-16 13:00:00,2017-02-17 13:00:00,24,Beijing,Prophet,6.166667,0.0,test
2017-02-16 14:00:00,2017-02-17 14:00:00,24,Beijing,Prophet,5.833333,0.0,test
2017-02-16 15:00:00,2017-02-17 15:00:00,24,Beijing,Prophet,11.583333,0.0,test
2017-02-16 16:00:00,2017-02-17 16:00:00,24,Beijing,Prophet,19.75,0.0,test
2017-02-16 17:00:00,2017-02-17 17:00:00,24,Beijing,Prophet,33.416667,0.0,test
2017-02-16 18:00:00,2017-02-17 18:00:00,24,Beijing,Prophet,44.333333,0.0,test
2017-02-16 19:00:00,2017-02-17 19:00:00,24,Beijing,Prophet,57.25,0.0,test
2017-02-16 20:00:00,2017-02-17 20:00:00,24,Beijing,Prophet,57.75,0.0,test
2017-02-16 21:00:00,2017-02-17 21:00:00,24,Beijing,Prophet,58.333333,0.0,test
2017-02-16 22:00:00,2017-02-17 22:00:00,24,Beijing,Prophet,57.833333,0.0,test
2017-02-16 23:00:00,2017-02-17 23:00:00,24,Beijing,Prophet,58.0,0.0,test
2017-02-17 00:00:00,2017-02-18 00:00:00,24,Beijing,Prophet,60.916667,0.0,test
2017-02-17 01:00:00,2017-02-18 01:00:00,24,Beijing,Prophet,66.166667,0.0,test
2017-02-17 02:00:00,2017-02-18 02:00:00,24,Beijing,Prophet,75.166667,0.0,test
2017-02-17 03:00:00,2017-02-18 03:00:00,24,Beijing,Prophet,77.0,0.0,test
2017-02-17 04:00:00,2017-02-18 04:00:00,24,Beijing,Prophet,79.666667,0.0,test
2017-02-17 05:00:00,2017-02-18 05:00:00,24,Beijing,Prophet,72.5,0.0,test
2017-02-17 06:00:00,2017-02-18 06:00:00,24,Beijing,Prophet,68.333333,0.0,test
2017-02-17 07:00:00,2017-02-18 07:00:00,24,Beijing,Prophet,65.333333,0.0,test
2017-02-17 08:00:00,2017-02-18 08:00:00,24,Beijing,Prophet,64.333333,0.0,test
2017-02-17 09:00:00,2017-02-18 09:00:00,24,Beijing,Prophet,67.916667,0.0,test
2017-02-17 10:00:00,2017-02-18 10:00:00,24,Beijing,Prophet,78.166667,0.0,test
2017-02-17 11:00:00,2017-02-18 11:00:00,24,Beijing,Prophet,89.25,0.0,test
2017-02-17 12:00:00,2017-02-18 12:00:00,24,Beijing,Prophet,91.0,0.0,test
2017-02-17 13:00:00,2017-02-18 13:00:00,24,Beijing,Prophet,83.583333,0.0,test
2017-02-17 14:00:00,2017-02-18 14:00:00,24,Beijing,Prophet,84.083333,0.0,test
2017-02-17 15:00:00,2017-02-18 15:00:00,24,Beijing,Prophet,85.583333,0.0,test
2017-02-17 16:00:00,2017-02-18 16:00:00,24,Beijing,Prophet,87.0,0.0,test
2017-02-17 17:00:00,2017-02-18 17:00:00,24,Beijing,Prophet,79.0,0.0,test
2017-02-17 18:00:00,2017-02-18 18:00:00,24,Beijing,Prophet,76.25,0.0,test
2017-02-17 19:00:00,2017-02-18 19:00:00,24,Beijing,Prophet,95.25,0.0,test
2017-02-17 20:00:00,2017-02-18 20:00:00,24,Beijing,Prophet,107.333333,0.0,test
2017-02-17 21:00:00,2017-02-18 21:00:00,24,Beijing,Prophet,120.083333,0.0,test
2017-02-17 22:00:00,2017-02-18 22:00:00,24,Beijing,Prophet,117.333333,0.0,test
2017-02-17 23:00:00,2017-02-18 23:00:00,24,Beijing,Prophet,123.25,0.0,test
2017-02-18 00:00:00,2017-02-19 00:00:00,24,Beijing,Prophet,129.666667,0.0,test
2017-02-18 01:00:00,2017-02-19 01:00:00,24,Beijing,Prophet,133.0,0.0,test
2017-02-18 02:00:00,2017-02-19 02:00:00,24,Beijing,Prophet,136.5,0.0,test
2017-02-18 03:00:00,2017-02-19 03:00:00,24,Beijing,Prophet,142.666667,0.0,test
2017-02-18 04:00:00,2017-02-19 04:00:00,24,Beijing,Prophet,146.583333,0.0,test
2017-02-18 05:00:00,2017-02-19 05:00:00,24,Beijing,Prophet,151.25,0.0,test
2017-02-18 06:00:00,2017-02-19 06:00:00,24,Beijing,Prophet,152.0,0.0,test
2017-02-18 07:00:00,2017-02-19 07:00:00,24,Beijing,Prophet,152.583333,0.0,test
2017-02-18 08:00:00,2017-02-19 08:00:00,24,Beijing,Prophet,149.25,0.0,test
2017-02-18 09:00:00,2017-02-19 09:00:00,24,Beijing,Prophet,153.0,0.0,test
2017-02-18 10:00:00,2017-02-19 10:00:00,24,Beijing,Prophet,155.75,0.0,test
2017-02-18 11:00:00,2017-02-19 11:00:00,24,Beijing,Prophet,157.833333,0.0,test
2017-02-18 12:00:00,2017-02-19 12:00:00,24,Beijing,Prophet,163.416667,0.0,test
2017-02-18 13:00:00,2017-02-19 13:00:00,24,Beijing,Prophet,165.916667,0.0,test
2017-02-18 14:00:00,2017-02-19 14:00:00,24,Beijing,Prophet,127.166667,0.0,test
2017-02-18 15:00:00,2017-02-19 15:00:00,24,Beijing,Prophet,51.75,0.0,test
2017-02-18 16:00:00,2017-02-19 16:00:00,24,Beijing,Prophet,13.333333,0.0,test
2017-02-18 17:00:00,2017-02-19 17:00:00,24,Beijing,Prophet,9.416667,0.0,test
2017-02-18 18:00:00,2017-02-19 18:00:00,24,Beijing,Prophet,9.25,0.0,test
2017-02-18 19:00:00,2017-02-19 19:00:00,24,Beijing,Prophet,8.666667,0.0,test
2017-02-18 20:00:00,2017-02-19 20:00:00,24,Beijing,Prophet,10.416667,0.0,test
2017-02-18 21:00:00,2017-02-19 21:00:00,24,Beijing,Prophet,8.666667,0.0,test
2017-02-18 22:00:00,2017-02-19 22:00:00,24,Beijing,Prophet,7.833333,0.0,test
2017-02-18 23:00:00,2017-02-19 23:00:00,24,Beijing,Prophet,6.75,0.0,test
2017-02-19 00:00:00,2017-02-20 00:00:00,24,Beijing,Prophet,6.25,0.0,test
2017-02-19 01:00:00,2017-02-20 01:00:00,24,Beijing,Prophet,4.833333,0.0,test
2017-02-19 02:00:00,2017-02-20 02:00:00,24,Beijing,Prophet,7.0,0.0,test
2017-02-19 03:00:00,2017-02-20 03:00:00,24,Beijing,Prophet,6.0,0.0,test
2017-02-19 04:00:00,2017-02-20 04:00:00,24,Beijing,Prophet,5.0,0.0,test
2017-02-19 05:00:00,2017-02-20 05:00:00,24,Beijing,Prophet,6.083333,0.0,test
2017-02-19 06:00:00,2017-02-20 06:00:00,24,Beijing,Prophet,5.583333,0.0,test
2017-02-19 07:00:00,2017-02-20 07:00:00,24,Beijing,Prophet,4.75,0.0,test
2017-02-19 08:00:00,2017-02-20 08:00:00,24,Beijing,Prophet,6.916667,0.0,test
2017-02-19 09:00:00,2017-02-20 09:00:00,24,Beijing,Prophet,6.916667,0.0,test
2017-02-19 10:00:00,2017-02-20 10:00:00,24,Beijing,Prophet,7.333333,0.0,test
2017-02-19 11:00:00,2017-02-20 11:00:00,24,Beijing,Prophet,6.75,0.0,test
2017-02-19 12:00:00,2017-02-20 12:00:00,24,Beijing,Prophet,8.5,0.0,test
2017-02-19 13:00:00,2017-02-20 13:00:00,24,Beijing,Prophet,9.0,0.0,test
2017-02-19 14:00:00,2017-02-20 14:00:00,24,Beijing,Prophet,9.75,0.0,test
2017-02-19 15:00:00,2017-02-20 15:00:00,24,Beijing,Prophet,9.75,0.0,test
2017-02-19 16:00:00,2017-02-20 16:00:00,24,Beijing,Prophet,9.75,0.0,test
2017-02-19 17:00:00,2017-02-20 17:00:00,24,Beijing,Prophet,9.75,0.0,test
2017-02-19 18:00:00,2017-02-20 18:00:00,24,Beijing,Prophet,13.625,0.0,test
2017-02-19 19:00:00,2017-02-20 19:00:00,24,Beijing,Prophet,17.5,0.0,test
2017-02-19 20:00:00,2017-02-20 20:00:00,24,Beijing,Prophet,21.333333,0.0,test
2017-02-19 21:00:00,2017-02-20 21:00:00,24,Beijing,Prophet,25.583333,0.0,test
2017-02-19 22:00:00,2017-02-20 22:00:00,24,Beijing,Prophet,29.583333,0.0,test
2017-02-19 23:00:00,2017-02-20 23:00:00,24,Beijing,Prophet,39.25,0.0,test
2017-02-20 00:00:00,2017-02-21 00:00:00,24,Beijing,Prophet,42.527778,0.0,test
2017-02-20 01:00:00,2017-02-21 01:00:00,24,Beijing,Prophet,44.805556,0.0,test
2017-02-20 02:00:00,2017-02-21 02:00:00,24,Beijing,Prophet,45.583333,0.0,test
2017-02-20 03:00:00,2017-02-21 03:00:00,24,Beijing,Prophet,46.75,0.0,test
2017-02-20 04:00:00,2017-02-21 04:00:00,24,Beijing,Prophet,55.583333,0.0,test
2017-02-20 05:00:00,2017-02-21 05:00:00,24,Beijing,Prophet,64.833333,0.0,test
2017-02-20 06:00:00,2017-02-21 06:00:00,24,Beijing,Prophet,74.083333,0.0,test
2017-02-20 07:00:00,2017-02-21 07:00:00,24,Beijing,Prophet,73.472222,0.0,test
2017-02-20 08:00:00,2017-02-21 08:00:00,24,Beijing,Prophet,75.694444,0.0,test
2017-02-20 09:00:00,2017-02-21 09:00:00,24,Beijing,Prophet,78.25,0.0,test
2017-02-20 10:00:00,2017-02-21 10:00:00,24,Beijing,Prophet,79.916667,0.0,test
2017-02-20 11:00:00,2017-02-21 11:00:00,24,Beijing,Prophet,80.416667,0.0,test
2017-02-20 12:00:00,2017-02-21 12:00:00,24,Beijing,Prophet,80.916667,0.0,test
2017-02-20 13:00:00,2017-02-21 13:00:00,24,Beijing,Prophet,66.916667,0.0,test
2017-02-20 14:00:00,2017-02-21 14:00:00,24,Beijing,Prophet,52.916667,0.0,test
2017-02-20 15:00:00,2017-02-21 15:00:00,24,Beijing,Prophet,51.958333,0.0,test
2017-02-20 16:00:00,2017-02-21 16:00:00,24,Beijing,Prophet,47.5,0.0,test
2017-02-20 17:00:00,2017-02-21 17:00:00,24,Beijing,Prophet,47.791667,0.0,test
2017-02-20 18:00:00,2017-02-21 18:00:00,24,Beijing,Prophet,46.916667,0.0,test
2017-02-20 19:00:00,2017-02-21 19:00:00,24,Beijing,Prophet,52.416667,0.0,test
2017-02-20 20:00:00,2017-02-21 20:00:00,24,Beijing,Prophet,62.583333,0.0,test
2017-02-20 21:00:00,2017-02-21 21:00:00,24,Beijing,Prophet,66.75,0.0,test
2017-02-20 22:00:00,2017-02-21 22:00:00,24,Beijing,Prophet,65.25,0.0,test
2017-02-20 23:00:00,2017-02-21 23:00:00,24,Beijing,Prophet,67.666667,0.0,test
2017-02-21 00:00:00,2017-02-22 00:00:00,24,Beijing,Prophet,69.833333,0.0,test
2017-02-21 01:00:00,2017-02-22 01:00:00,24,Beijing,Prophet,76.25,0.0,test
2017-02-21 02:00:00,2017-02-22 02:00:00,24,Beijing,Prophet,83.833333,0.0,test
2017-02-21 03:00:00,2017-02-22 03:00:00,24,Beijing,Prophet,87.75,0.0,test
2017-02-21 04:00:00,2017-02-22 04:00:00,24,Beijing,Prophet,89.166667,0.0,test
2017-02-21 05:00:00,2017-02-22 05:00:00,24,Beijing,Prophet,89.75,0.0,test
2017-02-21 06:00:00,2017-02-22 06:00:00,24,Beijing,Prophet,91.416667,0.0,test
2017-02-21 07:00:00,2017-02-22 07:00:00,24,Beijing,Prophet,94.833333,0.0,test
2017-02-21 08:00:00,2017-02-22 08:00:00,24,Beijing,Prophet,100.166667,0.0,test
2017-02-21 09:00:00,2017-02-22 09:00:00,24,Beijing,Prophet,109.416667,0.0,test
2017-02-21 10:00:00,2017-02-22 10:00:00,24,Beijing,Prophet,121.75,0.0,test
2017-02-21 11:00:00,2017-02-22 11:00:00,24,Beijing,Prophet,128.083333,0.0,test
2017-02-21 12:00:00,2017-02-22 12:00:00,24,Beijing,Prophet,125.090909,0.0,test
2017-02-21 13:00:00,2017-02-22 13:00:00,24,Beijing,Prophet,138.090909,0.0,test
2017-02-21 14:00:00,2017-02-22 14:00:00,24,Beijing,Prophet,142.363636,0.0,test
2017-02-21 15:00:00,2017-02-22 15:00:00,24,Beijing,Prophet,124.727273,0.0,test
2017-02-21 16:00:00,2017-02-22 16:00:00,24,Beijing,Prophet,106.666667,0.0,test
2017-02-21 17:00:00,2017-02-22 17:00:00,24,Beijing,Prophet,54.69697,0.0,test
2017-02-21 18:00:00,2017-02-22 18:00:00,24,Beijing,Prophet,16.227273,0.0,test
2017-02-21 19:00:00,2017-02-22 19:00:00,24,Beijing,Prophet,9.333333,0.0,test
2017-02-21 20:00:00,2017-02-22 20:00:00,24,Beijing,Prophet,9.166667,0.0,test
2017-02-21 21:00:00,2017-02-22 21:00:00,24,Beijing,Prophet,8.708333,0.0,test
2017-02-21 22:00:00,2017-02-22 22:00:00,24,Beijing,Prophet,9.416667,0.0,test
2017-02-21 23:00:00,2017-02-22 23:00:00,24,Beijing,Prophet,10.666667,0.0,test
2017-02-22 00:00:00,2017-02-23 00:00:00,24,Beijing,Prophet,10.916667,0.0,test
2017-02-22 01:00:00,2017-02-23 01:00:00,24,Beijing,Prophet,11.666667,0.0,test
2017-02-22 02:00:00,2017-02-23 02:00:00,24,Beijing,Prophet,11.083333,0.0,test
2017-02-22 03:00:00,2017-02-23 03:00:00,24,Beijing,Prophet,10.25,0.0,test
2017-02-22 04:00:00,2017-02-23 04:00:00,24,Beijing,Prophet,11.416667,0.0,test
2017-02-22 05:00:00,2017-02-23 05:00:00,24,Beijing,Prophet,12.0,0.0,test
2017-02-22 06:00:00,2017-02-23 06:00:00,24,Beijing,Prophet,12.083333,0.0,test
2017-02-22 07:00:00,2017-02-23 07:00:00,24,Beijing,Prophet,11.25,0.0,test
2017-02-22 08:00:00,2017-02-23 08:00:00,24,Beijing,Prophet,14.166667,0.0,test
2017-02-22 09:00:00,2017-02-23 09:00:00,24,Beijing,Prophet,15.166667,0.0,test
2017-02-22 10:00:00,2017-02-23 10:00:00,24,Beijing,Prophet,13.666667,0.0,test
2017-02-22 11:00:00,2017-02-23 11:00:00,24,Beijing,Prophet,11.75,0.0,test
2017-02-22 12:00:00,2017-02-23 12:00:00,24,Beijing,Prophet,10.5,0.0,test
2017-02-22 13:00:00,2017-02-23 13:00:00,24,Beijing,Prophet,10.75,0.0,test
2017-02-22 14:00:00,2017-02-23 14:00:00,24,Beijing,Prophet,8.666667,0.0,test
2017-02-22 15:00:00,2017-02-23 15:00:00,24,Beijing,Prophet,15.5,0.0,test
2017-02-22 16:00:00,2017-02-23 16:00:00,24,Beijing,Prophet,23.222222,0.0,test
2017-02-22 17:00:00,2017-02-23 17:00:00,24,Beijing,Prophet,21.277778,0.0,test
2017-02-22 18:00:00,2017-02-23 18:00:00,24,Beijing,Prophet,20.0,0.0,test
2017-02-22 19:00:00,2017-02-23 19:00:00,24,Beijing,Prophet,21.416667,0.0,test
2017-02-22 20:00:00,2017-02-23 20:00:00,24,Beijing,Prophet,31.416667,0.0,test
2017-02-22 21:00:00,2017-02-23 21:00:00,24,Beijing,Prophet,32.333333,0.0,test
2017-02-22 22:00:00,2017-02-23 22:00:00,24,Beijing,Prophet,34.25,0.0,test
2017-02-22 23:00:00,2017-02-23 23:00:00,24,Beijing,Prophet,41.333333,0.0,test
2017-02-23 00:00:00,2017-02-24 00:00:00,24,Beijing,Prophet,46.666667,0.0,test
2017-02-23 01:00:00,2017-02-24 01:00:00,24,Beijing,Prophet,49.333333,0.0,test
2017-02-23 02:00:00,2017-02-24 02:00:00,24,Beijing,Prophet,52.0,0.0,test
2017-02-23 03:00:00,2017-02-24 03:00:00,24,Beijing,Prophet,52.416667,0.0,test
2017-02-23 04:00:00,2017-02-24 04:00:00,24,Beijing,Prophet,49.5,0.0,test
2017-02-23 05:00:00,2017-02-24 05:00:00,24,Beijing,Prophet,44.416667,0.0,test
2017-02-23 06:00:00,2017-02-24 06:00:00,24,Beijing,Prophet,34.416667,0.0,test
2017-02-23 07:00:00,2017-02-24 07:00:00,24,Beijing,Prophet,26.583333,0.0,test
2017-02-23 08:00:00,2017-02-24 08:00:00,24,Beijing,Prophet,23.583333,0.0,test
2017-02-23 09:00:00,2017-02-24 09:00:00,24,Beijing,Prophet,20.75,0.0,test
2017-02-23 10:00:00,2017-02-24 10:00:00,24,Beijing,Prophet,19.25,0.0,test
2017-02-23 11:00:00,2017-02-24 11:00:00,24,Beijing,Prophet,15.5,0.0,test
2017-02-23 12:00:00,2017-02-24 12:00:00,24,Beijing,Prophet,15.25,0.0,test
2017-02-23 13:00:00,2017-02-24 13:00:00,24,Beijing,Prophet,14.416667,0.0,test
2017-02-23 14:00:00,2017-02-24 14:00:00,24,Beijing,Prophet,17.458333,0.0,test
2017-02-23 15:00:00,2017-02-24 15:00:00,24,Beijing,Prophet,18.583333,0.0,test
2017-02-23 16:00:00,2017-02-24 16:00:00,24,Beijing,Prophet,17.166667,0.0,test
2017-02-23 17:00:00,2017-02-24 17:00:00,24,Beijing,Prophet,14.916667,0.0,test
2017-02-23 18:00:00,2017-02-24 18:00:00,24,Beijing,Prophet,13.916667,0.0,test
2017-02-23 19:00:00,2017-02-24 19:00:00,24,Beijing,Prophet,15.75,0.0,test
2017-02-23 20:00:00,2017-02-24 20:00:00,24,Beijing,Prophet,12.5,0.0,test
2017-02-23 21:00:00,2017-02-24 21:00:00,24,Beijing,Prophet,10.5,0.0,test
2017-02-23 22:00:00,2017-02-24 22:00:00,24,Beijing,Prophet,12.083333,0.0,test
2017-02-23 23:00:00,2017-02-24 23:00:00,24,Beijing,Prophet,13.25,0.0,test
2017-02-24 00:00:00,2017-02-25 00:00:00,24,Beijing,Prophet,12.833333,0.0,test
2017-02-24 01:00:00,2017-02-25 01:00:00,24,Beijing,Prophet,10.416667,0.0,test
2017-02-24 02:00:00,2017-02-25 02:00:00,24,Beijing,Prophet,8.916667,0.0,test
2017-02-24 03:00:00,2017-02-25 03:00:00,24,Beijing,Prophet,7.75,0.0,test
2017-02-24 04:00:00,2017-02-25 04:00:00,24,Beijing,Prophet,7.916667,0.0,test
2017-02-24 05:00:00,2017-02-25 05:00:00,24,Beijing,Prophet,7.166667,0.0,test
2017-02-24 06:00:00,2017-02-25 06:00:00,24,Beijing,Prophet,6.0,0.0,test
2017-02-24 07:00:00,2017-02-25 07:00:00,24,Beijing,Prophet,8.5,0.0,test
2017-02-24 08:00:00,2017-02-25 08:00:00,24,Beijing,Prophet,12.75,0.0,test
2017-02-24 09:00:00,2017-02-25 09:00:00,24,Beijing,Prophet,12.666667,0.0,test
2017-02-24 10:00:00,2017-02-25 10:00:00,24,Beijing,Prophet,12.5,0.0,test
2017-02-24 11:00:00,2017-02-25 11:00:00,24,Beijing,Prophet,12.083333,0.0,test
2017-02-24 12:00:00,2017-02-25 12:00:00,24,Beijing,Prophet,9.916667,0.0,test
2017-02-24 13:00:00,2017-02-25 13:00:00,24,Beijing,Prophet,10.5,0.0,test
2017-02-24 14:00:00,2017-02-25 14:00:00,24,Beijing,Prophet,10.916667,0.0,test
2017-02-24 15:00:00,2017-02-25 15:00:00,24,Beijing,Prophet,9.166667,0.0,test
2017-02-24 16:00:00,2017-02-25 16:00:00,24,Beijing,Prophet,9.916667,0.0,test
2017-02-24 17:00:00,2017-02-25 17:00:00,24,Beijing,Prophet,11.458333,0.0,test
2017-02-24 18:00:00,2017-02-25 18:00:00,24,Beijing,Prophet,11.708333,0.0,test
2017-02-24 19:00:00,2017-02-25 19:00:00,24,Beijing,Prophet,13.666667,0.0,test
2017-02-24 20:00:00,2017-02-25 20:00:00,24,Beijing,Prophet,17.5,0.0,test
2017-02-24 21:00:00,2017-02-25 21:00:00,24,Beijing,Prophet,16.75,0.0,test
2017-02-24 22:00:00,2017-02-25 22:00:00,24,Beijing,Prophet,17.0,0.0,test
2017-02-24 23:00:00,2017-02-25 23:00:00,24,Beijing,Prophet,14.583333,0.0,test
2017-02-25 00:00:00,2017-02-26 00:00:00,24,Beijing,Prophet,16.875,0.0,test
2017-02-25 01:00:00,2017-02-26 01:00:00,24,Beijing,Prophet,19.75,0.0,test
2017-02-25 02:00:00,2017-02-26 02:00:00,24,Beijing,Prophet,18.333333,0.0,test
2017-02-25 03:00:00,2017-02-26 03:00:00,24,Beijing,Prophet,18.666667,0.0,test
2017-02-25 04:00:00,2017-02-26 04:00:00,24,Beijing,Prophet,17.333333,0.0,test
2017-02-25 05:00:00,2017-02-26 05:00:00,24,Beijing,Prophet,19.416667,0.0,test
2017-02-25 06:00:00,2017-02-26 06:00:00,24,Beijing,Prophet,20.916667,0.0,test
2017-02-25 07:00:00,2017-02-26 07:00:00,24,Beijing,Prophet,21.583333,0.0,test
2017-02-25 08:00:00,2017-02-26 08:00:00,24,Beijing,Prophet,23.75,0.0,test
2017-02-25 09:00:00,2017-02-26 09:00:00,24,Beijing,Prophet,23.166667,0.0,test
2017-02-25 10:00:00,2017-02-26 10:00:00,24,Beijing,Prophet,24.916667,0.0,test
2017-02-25 11:00:00,2017-02-26 11:00:00,24,Beijing,Prophet,24.583333,0.0,test
2017-02-25 12:00:00,2017-02-26 12:00:00,24,Beijing,Prophet,22.25,0.0,test
2017-02-25 13:00:00,2017-02-26 13:00:00,24,Beijing,Prophet,22.583333,0.0,test
2017-02-25 14:00:00,2017-02-26 14:00:00,24,Beijing,Prophet,23.958333,0.0,test
2017-02-25 15:00:00,2017-02-26 15:00:00,24,Beijing,Prophet,23.666667,0.0,test
2017-02-25 16:00:00,2017-02-26 16:00:00,24,Beijing,Prophet,27.0,0.0,test
2017-02-25 17:00:00,2017-02-26 17:00:00,24,Beijing,Prophet,27.25,0.0,test
2017-02-25 18:00:00,2017-02-26 18:00:00,24,Beijing,Prophet,29.5,0.0,test
2017-02-25 19:00:00,2017-02-26 19:00:00,24,Beijing,Prophet,35.75,0.0,test
2017-02-25 20:00:00,2017-02-26 20:00:00,24,Beijing,Prophet,42.25,0.0,test
2017-02-25 21:00:00,2017-02-26 21:00:00,24,Beijing,Prophet,52.5,0.0,test
2017-02-25 22:00:00,2017-02-26 22:00:00,24,Beijing,Prophet,54.083333,0.0,test
2017-02-25 23:00:00,2017-02-26 23:00:00,24,Beijing,Prophet,54.833333,0.0,test
2017-02-26 00:00:00,2017-02-27 00:00:00,24,Beijing,Prophet,55.5,0.0,test
2017-02-26 01:00:00,2017-02-27 01:00:00,24,Beijing,Prophet,53.875,0.0,test
2017-02-26 02:00:00,2017-02-27 02:00:00,24,Beijing,Prophet,55.75,0.0,test
2017-02-26 03:00:00,2017-02-27 03:00:00,24,Beijing,Prophet,57.5,0.0,test
2017-02-26 04:00:00,2017-02-27 04:00:00,24,Beijing,Prophet,61.333333,0.0,test
2017-02-26 05:00:00,2017-02-27 05:00:00,24,Beijing,Prophet,72.333333,0.0,test
2017-02-26 06:00:00,2017-02-27 06:00:00,24,Beijing,Prophet,71.75,0.0,test
2017-02-26 07:00:00,2017-02-27 07:00:00,24,Beijing,Prophet,68.25,0.0,test
2017-02-26 08:00:00,2017-02-27 08:00:00,24,Beijing,Prophet,66.0,0.0,test
2017-02-26 09:00:00,2017-02-27 09:00:00,24,Beijing,Prophet,67.666667,0.0,test
2017-02-26 10:00:00,2017-02-27 10:00:00,24,Beijing,Prophet,76.458333,0.0,test
2017-02-26 11:00:00,2017-02-27 11:00:00,24,Beijing,Prophet,84.958333,0.0,test
2017-02-26 12:00:00,2017-02-27 12:00:00,24,Beijing,Prophet,93.388889,0.0,test
2017-02-26 13:00:00,2017-02-27 13:00:00,24,Beijing,Prophet,93.444444,0.0,test
2017-02-26 14:00:00,2017-02-27 14:00:00,24,Beijing,Prophet,93.558333,0.0,test
2017-02-26 15:00:00,2017-02-27 15:00:00,24,Beijing,Prophet,89.2,0.0,test
2017-02-26 16:00:00,2017-02-27 16:00:00,24,Beijing,Prophet,69.758333,0.0,test
2017-02-26 17:00:00,2017-02-27 17:00:00,24,Beijing,Prophet,56.981818,0.0,test
2017-02-26 18:00:00,2017-02-27 18:00:00,24,Beijing,Prophet,52.909091,0.0,test
2017-02-26 19:00:00,2017-02-27 19:00:00,24,Beijing,Prophet,56.181818,0.0,test
2017-02-26 20:00:00,2017-02-27 20:00:00,24,Beijing,Prophet,61.272727,0.0,test
2017-02-26 21:00:00,2017-02-27 21:00:00,24,Beijing,Prophet,63.909091,0.0,test
2017-02-26 22:00:00,2017-02-27 22:00:00,24,Beijing,Prophet,54.909091,0.0,test
2017-02-26 23:00:00,2017-02-27 23:00:00,24,Beijing,Prophet,49.727273,0.0,test
2017-02-27 00:00:00,2017-02-28 00:00:00,24,Beijing,Prophet,46.454545,0.0,test
2017-02-27 01:00:00,2017-02-28 01:00:00,24,Beijing,Prophet,29.818182,0.0,test
2017-02-27 02:00:00,2017-02-28 02:00:00,24,Beijing,Prophet,18.5,0.0,test
2017-02-27 03:00:00,2017-02-28 03:00:00,24,Beijing,Prophet,18.818182,0.0,test
2017-02-27 04:00:00,2017-02-28 04:00:00,24,Beijing,Prophet,17.272727,0.0,test
2017-02-27 05:00:00,2017-02-28 05:00:00,24,Beijing,Prophet,13.363636,0.0,test
2017-02-27 06:00:00,2017-02-28 06:00:00,24,Beijing,Prophet,16.0,0.0,test
2017-02-27 07:00:00,2017-02-28 07:00:00,24,Beijing,Prophet,14.090909,0.0,test
2017-02-27 08:00:00,2017-02-28 08:00:00,24,Beijing,Prophet,13.916667,0.0,test
2017-02-27 09:00:00,2017-02-28 09:00:00,24,Beijing,Prophet,14.666667,0.0,test
2017-02-27 10:00:00,2017-02-28 10:00:00,24,Beijing,Prophet,11.916667,0.0,test
2017-02-27 11:00:00,2017-02-28 11:00:00,24,Beijing,Prophet,8.416667,0.0,test
2017-02-27 12:00:00,2017-02-28 12:00:00,24,Beijing,Prophet,6.916667,0.0,test
2017-02-27 13:00:00,2017-02-28 13:00:00,24,Beijing,Prophet,6.166667,0.0,test
2017-02-27 14:00:00,2017-02-28 14:00:00,24,Beijing,Prophet,6.027778,0.0,test
2017-02-27 15:00:00,2017-02-28 15:00:00,24,Beijing,Prophet,8.305556,0.0,test
2017-02-27 16:00:00,2017-02-28 16:00:00,24,Beijing,Prophet,10.0,0.0,test
2017-02-27 17:00:00,2017-02-28 17:00:00,24,Beijing,Prophet,11.916667,0.0,test
2017-02-27 18:00:00,2017-02-28 18:00:00,24,Beijing,Prophet,12.0,0.0,test
2017-02-27 19:00:00,2017-02-28 19:00:00,24,Beijing,Prophet,16.083333,0.0,test
2017-02-27 20:00:00,2017-02-28 20:00:00,24,Beijing,Prophet,19.0,0.0,test
2017-02-27 21:00:00,2017-02-28 21:00:00,24,Beijing,Prophet,15.666667,0.0,test
2017-02-27 22:00:00,2017-02-28 22:00:00,24,Beijing,Prophet,13.666667,0.0,test
2017-02-27 23:00:00,2017-02-28 23:00:00,24,Beijing,Prophet,15.0,0.0,test
