forecast_origin_time,target_time,horizon_hours,city,model,y_true,y_pred,split
2016-05-16 17:00:00,2016-05-17 05:00:00,12,Beijing,Transformer,34.75,39.3903,test
2016-05-16 18:00:00,2016-05-17 06:00:00,12,Beijing,Transformer,35.166668,39.50487,test
2016-05-16 19:00:00,2016-05-17 07:00:00,12,Beijing,Transformer,40.25,46.28362,test
2016-05-16 20:00:00,2016-05-17 08:00:00,12,Beijing,Transformer,51.833332,48.051926,test
2016-05-16 21:00:00,2016-05-17 09:00:00,12,Beijing,Transformer,57.5,57.16128,test
2016-05-16 22:00:00,2016-05-17 10:00:00,12,Beijing,Transformer,63.75,56.884907,test
2016-05-16 23:00:00,2016-05-17 11:00:00,12,Beijing,Transformer,70.583336,57.00329,test
2016-05-17 00:00:00,2016-05-17 12:00:00,12,Beijing,Transformer,82.75,54.22846,test
2016-05-17 01:00:00,2016-05-17 13:00:00,12,Beijing,Transformer,89.916664,54.124203,test
2016-05-17 02:00:00,2016-05-17 14:00:00,12,Beijing,Transformer,86.833336,55.40578,test
2016-05-17 03:00:00,2016-05-17 15:00:00,12,Beijing,Transformer,82.083336,50.616657,test
2016-05-17 04:00:00,2016-05-17 16:00:00,12,Beijing,Transformer,66.583336,49.569546,test
2016-05-17 05:00:00,2016-05-17 17:00:00,12,Beijing,Transformer,58.083332,47.66174,test
2016-05-17 06:00:00,2016-05-17 18:00:00,12,Beijing,Transformer,58.0,51.48262,test
2016-05-17 07:00:00,2016-05-17 19:00:00,12,Beijing,Transformer,68.083336,56.00979,test
2016-05-17 08:00:00,2016-05-17 20:00:00,12,Beijing,Transformer,64.75,57.474003,test
2016-05-17 09:00:00,2016-05-17 21:00:00,12,Beijing,Transformer,60.833332,57.448223,test
2016-05-17 10:00:00,2016-05-17 22:00:00,12,Beijing,Transformer,53.583332,59.452816,test
2016-05-17 11:00:00,2016-05-17 23:00:00,12,Beijing,Transformer,48.916668,60.181923,test
2016-05-17 12:00:00,2016-05-18 00:00:00,12,Beijing,Transformer,45.75,61.11015,test
2016-05-17 13:00:00,2016-05-18 01:00:00,12,Beijing,Transformer,45.833332,61.42918,test
2016-05-17 14:00:00,2016-05-18 02:00:00,12,Beijing,Transformer,49.083332,60.0669,test
2016-05-17 15:00:00,2016-05-18 03:00:00,12,Beijing,Transformer,50.333332,58.589207,test
2016-05-17 16:00:00,2016-05-18 04:00:00,12,Beijing,Transformer,50.75,59.582653,test
2016-05-17 17:00:00,2016-05-18 05:00:00,12,Beijing,Transformer,55.0,57.307625,test
2016-05-17 18:00:00,2016-05-18 06:00:00,12,Beijing,Transformer,56.333332,58.697945,test
2016-05-17 19:00:00,2016-05-18 07:00:00,12,Beijing,Transformer,62.666668,62.661724,test
2016-05-17 20:00:00,2016-05-18 08:00:00,12,Beijing,Transformer,71.833336,67.44893,test
2016-05-17 21:00:00,2016-05-18 09:00:00,12,Beijing,Transformer,75.083336,73.529015,test
2016-05-17 22:00:00,2016-05-18 10:00:00,12,Beijing,Transformer,78.75,77.25339,test
2016-05-17 23:00:00,2016-05-18 11:00:00,12,Beijing,Transformer,82.083336,61.628616,test
2016-05-18 00:00:00,2016-05-18 12:00:00,12,Beijing,Transformer,73.0,61.981323,test
2016-05-18 01:00:00,2016-05-18 13:00:00,12,Beijing,Transformer,58.416668,61.2646,test
2016-05-18 02:00:00,2016-05-18 14:00:00,12,Beijing,Transformer,51.083332,55.7618,test
2016-05-18 03:00:00,2016-05-18 15:00:00,12,Beijing,Transformer,49.583332,56.73235,test
2016-05-18 04:00:00,2016-05-18 16:00:00,12,Beijing,Transformer,49.083332,54.97044,test
2016-05-18 05:00:00,2016-05-18 17:00:00,12,Beijing,Transformer,47.75,57.439884,test
2016-05-18 06:00:00,2016-05-18 18:00:00,12,Beijing,Transformer,51.0,57.327812,test
2016-05-18 07:00:00,2016-05-18 19:00:00,12,Beijing,Transformer,54.416668,58.059345,test
2016-05-18 08:00:00,2016-05-18 20:00:00,12,Beijing,Transformer,56.416668,57.79125,test
2016-05-18 09:00:00,2016-05-18 21:00:00,12,Beijing,Transformer,61.666668,58.106594,test
2016-05-18 10:00:00,2016-05-18 22:00:00,12,Beijing,Transformer,66.75,60.006832,test
2016-05-18 11:00:00,2016-05-18 23:00:00,12,Beijing,Transformer,72.583336,60.636368,test
2016-05-18 12:00:00,2016-05-19 00:00:00,12,Beijing,Transformer,78.083336,60.501034,test
2016-05-18 13:00:00,2016-05-19 01:00:00,12,Beijing,Transformer,78.5,63.221302,test
2016-05-18 14:00:00,2016-05-19 02:00:00,12,Beijing,Transformer,82.5,67.08705,test
2016-05-18 15:00:00,2016-05-19 03:00:00,12,Beijing,Transformer,82.666664,72.395935,test
2016-05-18 16:00:00,2016-05-19 04:00:00,12,Beijing,Transformer,87.083336,77.8546,test
2016-05-18 17:00:00,2016-05-19 05:00:00,12,Beijing,Transformer,90.583336,80.43884,test
2016-05-18 18:00:00,2016-05-19 06:00:00,12,Beijing,Transformer,97.916664,86.3589,test
2016-05-18 19:00:00,2016-05-19 07:00:00,12,Beijing,Transformer,104.833336,93.50188,test
2016-05-18 20:00:00,2016-05-19 08:00:00,12,Beijing,Transformer,115.416664,104.29602,test
2016-05-18 21:00:00,2016-05-19 09:00:00,12,Beijing,Transformer,116.5,107.70302,test
2016-05-18 22:00:00,2016-05-19 10:00:00,12,Beijing,Transformer,113.833336,116.632095,test
2016-05-18 23:00:00,2016-05-19 11:00:00,12,Beijing,Transformer,108.416664,118.24869,test
2016-05-19 00:00:00,2016-05-19 12:00:00,12,Beijing,Transformer,94.0,102.2552,test
2016-05-19 01:00:00,2016-05-19 13:00:00,12,Beijing,Transformer,84.111115,88.82774,test
2016-05-19 02:00:00,2016-05-19 14:00:00,12,Beijing,Transformer,76.638885,90.0406,test
2016-05-19 03:00:00,2016-05-19 15:00:00,12,Beijing,Transformer,68.833336,88.26939,test
2016-05-19 04:00:00,2016-05-19 16:00:00,12,Beijing,Transformer,64.666664,87.44487,test
2016-05-19 05:00:00,2016-05-19 17:00:00,12,Beijing,Transformer,60.416668,80.354614,test
2016-05-19 06:00:00,2016-05-19 18:00:00,12,Beijing,Transformer,59.166668,82.47875,test
2016-05-19 07:00:00,2016-05-19 19:00:00,12,Beijing,Transformer,61.083332,85.37967,test
2016-05-19 08:00:00,2016-05-19 20:00:00,12,Beijing,Transformer,67.75,88.064026,test
2016-05-19 09:00:00,2016-05-19 21:00:00,12,Beijing,Transformer,71.583336,88.74187,test
2016-05-19 10:00:00,2016-05-19 22:00:00,12,Beijing,Transformer,82.166664,87.979034,test
2016-05-19 11:00:00,2016-05-19 23:00:00,12,Beijing,Transformer,86.083336,85.1489,test
2016-05-19 12:00:00,2016-05-20 00:00:00,12,Beijing,Transformer,82.333336,79.755875,test
2016-05-19 13:00:00,2016-05-20 01:00:00,12,Beijing,Transformer,79.583336,79.68211,test
2016-05-19 14:00:00,2016-05-20 02:00:00,12,Beijing,Transformer,83.666664,81.44135,test
2016-05-19 15:00:00,2016-05-20 03:00:00,12,Beijing,Transformer,99.75,87.94749,test
2016-05-19 16:00:00,2016-05-20 04:00:00,12,Beijing,Transformer,103.416664,95.41339,test
2016-05-19 17:00:00,2016-05-20 05:00:00,12,Beijing,Transformer,99.916664,100.69977,test
2016-05-19 18:00:00,2016-05-20 06:00:00,12,Beijing,Transformer,105.5,119.79435,test
2016-05-19 19:00:00,2016-05-20 07:00:00,12,Beijing,Transformer,107.083336,150.76424,test
2016-05-19 20:00:00,2016-05-20 08:00:00,12,Beijing,Transformer,114.416664,170.67746,test
2016-05-19 21:00:00,2016-05-20 09:00:00,12,Beijing,Transformer,113.75,184.77074,test
2016-05-19 22:00:00,2016-05-20 10:00:00,12,Beijing,Transformer,111.75,188.5153,test
2016-05-19 23:00:00,2016-05-20 11:00:00,12,Beijing,Transformer,109.083336,186.74774,test
2016-05-20 00:00:00,2016-05-20 12:00:00,12,Beijing,Transformer,105.166664,172.60493,test
2016-05-20 01:00:00,2016-05-20 13:00:00,12,Beijing,Transformer,98.416664,120.59323,test
2016-05-20 02:00:00,2016-05-20 14:00:00,12,Beijing,Transformer,90.583336,112.14656,test
2016-05-20 03:00:00,2016-05-20 15:00:00,12,Beijing,Transformer,89.916664,112.78177,test
2016-05-20 04:00:00,2016-05-20 16:00:00,12,Beijing,Transformer,81.416664,112.7892,test
2016-05-20 05:00:00,2016-05-20 17:00:00,12,Beijing,Transformer,72.5,91.593765,test
2016-05-20 06:00:00,2016-05-20 18:00:00,12,Beijing,Transformer,60.083332,86.89163,test
2016-05-20 07:00:00,2016-05-20 19:00:00,12,Beijing,Transformer,50.0,87.1357,test
2016-05-20 08:00:00,2016-05-20 20:00:00,12,Beijing,Transformer,48.0625,90.05305,test
2016-05-20 09:00:00,2016-05-20 21:00:00,12,Beijing,Transformer,57.875,89.8524,test
2016-05-20 10:00:00,2016-05-20 22:00:00,12,Beijing,Transformer,69.1875,93.93652,test
2016-05-20 11:00:00,2016-05-20 23:00:00,12,Beijing,Transformer,74.25,94.3607,test
2016-05-20 12:00:00,2016-05-21 00:00:00,12,Beijing,Transformer,74.333336,93.37602,test
2016-05-20 13:00:00,2016-05-21 01:00:00,12,Beijing,Transformer,73.5,89.185715,test
2016-05-20 14:00:00,2016-05-21 02:00:00,12,Beijing,Transformer,77.166664,88.502335,test
2016-05-20 15:00:00,2016-05-21 03:00:00,12,Beijing,Transformer,76.0,91.186646,test
2016-05-20 16:00:00,2016-05-21 04:00:00,12,Beijing,Transformer,77.5,98.503105,test
2016-05-20 17:00:00,2016-05-21 05:00:00,12,Beijing,Transformer,81.916664,110.98433,test
2016-05-20 18:00:00,2016-05-21 06:00:00,12,Beijing,Transformer,88.333336,131.38274,test
2016-05-20 19:00:00,2016-05-21 07:00:00,12,Beijing,Transformer,91.0,108.3855,test
2016-05-20 20:00:00,2016-05-21 08:00:00,12,Beijing,Transformer,90.0,96.603714,test
2016-05-20 21:00:00,2016-05-21 09:00:00,12,Beijing,Transformer,83.416664,110.8277,test
2016-05-20 22:00:00,2016-05-21 10:00:00,12,Beijing,Transformer,82.083336,126.381226,test
2016-05-20 23:00:00,2016-05-21 11:00:00,12,Beijing,Transformer,79.5,109.17981,test
2016-05-21 00:00:00,2016-05-21 12:00:00,12,Beijing,Transformer,79.25,115.933365,test
2016-05-21 01:00:00,2016-05-21 13:00:00,12,Beijing,Transformer,80.166664,94.122604,test
2016-05-21 02:00:00,2016-05-21 14:00:00,12,Beijing,Transformer,79.666664,96.05629,test
2016-05-21 03:00:00,2016-05-21 15:00:00,12,Beijing,Transformer,69.0,91.48366,test
2016-05-21 04:00:00,2016-05-21 16:00:00,12,Beijing,Transformer,64.416664,81.03102,test
2016-05-21 05:00:00,2016-05-21 17:00:00,12,Beijing,Transformer,50.333332,76.70213,test
2016-05-21 06:00:00,2016-05-21 18:00:00,12,Beijing,Transformer,38.5,74.49628,test
2016-05-21 07:00:00,2016-05-21 19:00:00,12,Beijing,Transformer,33.083332,75.32139,test
2016-05-21 08:00:00,2016-05-21 20:00:00,12,Beijing,Transformer,37.083332,76.266624,test
2016-05-21 09:00:00,2016-05-21 21:00:00,12,Beijing,Transformer,46.75,77.56665,test
2016-05-21 10:00:00,2016-05-21 22:00:00,12,Beijing,Transformer,47.75,79.23985,test
2016-05-21 11:00:00,2016-05-21 23:00:00,12,Beijing,Transformer,44.083332,79.5897,test
2016-05-21 12:00:00,2016-05-22 00:00:00,12,Beijing,Transformer,45.0,80.38433,test
2016-05-21 13:00:00,2016-05-22 01:00:00,12,Beijing,Transformer,49.25,80.80046,test
2016-05-21 14:00:00,2016-05-22 02:00:00,12,Beijing,Transformer,49.5,79.50805,test
2016-05-21 15:00:00,2016-05-22 03:00:00,12,Beijing,Transformer,50.416668,80.85358,test
2016-05-21 16:00:00,2016-05-22 04:00:00,12,Beijing,Transformer,53.208332,85.50621,test
2016-05-21 17:00:00,2016-05-22 05:00:00,12,Beijing,Transformer,55.666668,91.51294,test
2016-05-21 18:00:00,2016-05-22 06:00:00,12,Beijing,Transformer,51.166668,68.55344,test
2016-05-21 19:00:00,2016-05-22 07:00:00,12,Beijing,Transformer,46.583332,76.26146,test
2016-05-21 20:00:00,2016-05-22 08:00:00,12,Beijing,Transformer,46.083332,76.44151,test
2016-05-21 21:00:00,2016-05-22 09:00:00,12,Beijing,Transformer,48.5,86.500244,test
2016-05-21 22:00:00,2016-05-22 10:00:00,12,Beijing,Transformer,42.916668,78.873825,test
2016-05-21 23:00:00,2016-05-22 11:00:00,12,Beijing,Transformer,42.416668,64.095146,test
2016-05-22 00:00:00,2016-05-22 12:00:00,12,Beijing,Transformer,41.583332,58.897846,test
2016-05-22 01:00:00,2016-05-22 13:00:00,12,Beijing,Transformer,44.25,59.73166,test
2016-05-22 02:00:00,2016-05-22 14:00:00,12,Beijing,Transformer,42.666668,59.172134,test
2016-05-22 03:00:00,2016-05-22 15:00:00,12,Beijing,Transformer,43.333332,56.059063,test
2016-05-22 04:00:00,2016-05-22 16:00:00,12,Beijing,Transformer,44.583332,53.770718,test
2016-05-22 05:00:00,2016-05-22 17:00:00,12,Beijing,Transformer,44.75,52.673603,test
2016-05-22 06:00:00,2016-05-22 18:00:00,12,Beijing,Transformer,44.75,53.904026,test
2016-05-22 07:00:00,2016-05-22 19:00:00,12,Beijing,Transformer,41.166668,56.01149,test
2016-05-22 08:00:00,2016-05-22 20:00:00,12,Beijing,Transformer,40.083332,57.048595,test
2016-05-22 09:00:00,2016-05-22 21:00:00,12,Beijing,Transformer,47.583332,60.398335,test
2016-05-22 10:00:00,2016-05-22 22:00:00,12,Beijing,Transformer,52.833332,61.17664,test
2016-05-22 11:00:00,2016-05-22 23:00:00,12,Beijing,Transformer,60.166668,62.624664,test
2016-05-22 12:00:00,2016-05-23 00:00:00,12,Beijing,Transformer,62.333332,64.79912,test
2016-05-22 13:00:00,2016-05-23 01:00:00,12,Beijing,Transformer,57.25,66.264465,test
2016-05-22 14:00:00,2016-05-23 02:00:00,12,Beijing,Transformer,55.583332,65.16885,test
2016-05-22 15:00:00,2016-05-23 03:00:00,12,Beijing,Transformer,60.583332,62.117115,test
2016-05-22 16:00:00,2016-05-23 04:00:00,12,Beijing,Transformer,67.833336,64.789955,test
2016-05-22 17:00:00,2016-05-23 05:00:00,12,Beijing,Transformer,71.833336,65.13228,test
2016-05-22 18:00:00,2016-05-23 06:00:00,12,Beijing,Transformer,75.333336,65.57699,test
2016-05-22 19:00:00,2016-05-23 07:00:00,12,Beijing,Transformer,80.666664,69.57134,test
2016-05-22 20:00:00,2016-05-23 08:00:00,12,Beijing,Transformer,84.166664,71.27707,test
2016-05-22 21:00:00,2016-05-23 09:00:00,12,Beijing,Transformer,88.458336,76.04618,test
2016-05-22 22:00:00,2016-05-23 10:00:00,12,Beijing,Transformer,86.166664,80.45445,test
2016-05-22 23:00:00,2016-05-23 11:00:00,12,Beijing,Transformer,86.25,83.42264,test
2016-05-23 00:00:00,2016-05-23 12:00:00,12,Beijing,Transformer,88.75,77.972626,test
2016-05-23 01:00:00,2016-05-23 13:00:00,12,Beijing,Transformer,97.833336,70.77625,test
2016-05-23 02:00:00,2016-05-23 14:00:00,12,Beijing,Transformer,90.0,68.217735,test
2016-05-23 03:00:00,2016-05-23 15:00:00,12,Beijing,Transformer,79.333336,66.78926,test
2016-05-23 04:00:00,2016-05-23 16:00:00,12,Beijing,Transformer,68.0,66.63066,test
2016-05-23 05:00:00,2016-05-23 17:00:00,12,Beijing,Transformer,61.666668,65.28594,test
2016-05-23 06:00:00,2016-05-23 18:00:00,12,Beijing,Transformer,56.75,64.98347,test
2016-05-23 07:00:00,2016-05-23 19:00:00,12,Beijing,Transformer,41.25,65.73221,test
2016-05-23 08:00:00,2016-05-23 20:00:00,12,Beijing,Transformer,14.833333,67.32289,test
2016-05-23 09:00:00,2016-05-23 21:00:00,12,Beijing,Transformer,7.25,68.76102,test
2016-05-23 10:00:00,2016-05-23 22:00:00,12,Beijing,Transformer,6.666667,69.78021,test
2016-05-23 11:00:00,2016-05-23 23:00:00,12,Beijing,Transformer,6.416667,68.82063,test
2016-05-23 12:00:00,2016-05-24 00:00:00,12,Beijing,Transformer,6.75,70.31956,test
2016-05-23 13:00:00,2016-05-24 01:00:00,12,Beijing,Transformer,9.583333,73.73733,test
2016-05-23 14:00:00,2016-05-24 02:00:00,12,Beijing,Transformer,11.0,74.04889,test
2016-05-23 15:00:00,2016-05-24 03:00:00,12,Beijing,Transformer,8.25,39.75636,test
2016-05-23 16:00:00,2016-05-24 04:00:00,12,Beijing,Transformer,14.416667,40.266953,test
2016-05-23 17:00:00,2016-05-24 05:00:00,12,Beijing,Transformer,22.0,41.336716,test
2016-05-23 18:00:00,2016-05-24 06:00:00,12,Beijing,Transformer,31.833332,43.020145,test
2016-05-23 19:00:00,2016-05-24 07:00:00,12,Beijing,Transformer,38.25,41.873333,test
2016-05-23 20:00:00,2016-05-24 08:00:00,12,Beijing,Transformer,36.5,38.627384,test
2016-05-23 21:00:00,2016-05-24 09:00:00,12,Beijing,Transformer,29.875,35.075375,test
2016-05-23 22:00:00,2016-05-24 10:00:00,12,Beijing,Transformer,20.5,34.311535,test
2016-05-23 23:00:00,2016-05-24 11:00:00,12,Beijing,Transformer,17.770832,34.427147,test
2016-05-24 00:00:00,2016-05-24 12:00:00,12,Beijing,Transformer,16.375,36.081654,test
2016-05-24 01:00:00,2016-05-24 13:00:00,12,Beijing,Transformer,16.479168,35.12425,test
2016-05-24 02:00:00,2016-05-24 14:00:00,12,Beijing,Transformer,13.416667,33.413597,test
2016-05-24 03:00:00,2016-05-24 15:00:00,12,Beijing,Transformer,12.333333,33.76775,test
2016-05-24 04:00:00,2016-05-24 16:00:00,12,Beijing,Transformer,11.583333,35.588898,test
2016-05-24 05:00:00,2016-05-24 17:00:00,12,Beijing,Transformer,13.833333,38.671093,test
2016-05-24 06:00:00,2016-05-24 18:00:00,12,Beijing,Transformer,19.0,43.169193,test
2016-05-24 07:00:00,2016-05-24 19:00:00,12,Beijing,Transformer,24.0,44.58601,test
2016-05-24 08:00:00,2016-05-24 20:00:00,12,Beijing,Transformer,22.666668,42.588207,test
2016-05-24 09:00:00,2016-05-24 21:00:00,12,Beijing,Transformer,22.375,40.306362,test
2016-05-24 10:00:00,2016-05-24 22:00:00,12,Beijing,Transformer,13.916667,34.20858,test
2016-05-24 11:00:00,2016-05-24 23:00:00,12,Beijing,Transformer,7.583333,33.758938,test
2016-05-24 12:00:00,2016-05-25 00:00:00,12,Beijing,Transformer,5.833333,31.554,test
2016-05-24 13:00:00,2016-05-25 01:00:00,12,Beijing,Transformer,8.416667,31.107643,test
2016-05-24 14:00:00,2016-05-25 02:00:00,12,Beijing,Transformer,5.5,31.668951,test
2016-05-24 15:00:00,2016-05-25 03:00:00,12,Beijing,Transformer,7.083333,33.118256,test
2016-05-24 16:00:00,2016-05-25 04:00:00,12,Beijing,Transformer,8.916667,34.785408,test
2016-05-24 17:00:00,2016-05-25 05:00:00,12,Beijing,Transformer,10.75,36.474316,test
2016-05-24 18:00:00,2016-05-25 06:00:00,12,Beijing,Transformer,8.333333,37.282436,test
2016-05-24 19:00:00,2016-05-25 07:00:00,12,Beijing,Transformer,8.083333,38.32914,test
2016-05-24 20:00:00,2016-05-25 08:00:00,12,Beijing,Transformer,11.375,32.90726,test
2016-05-24 21:00:00,2016-05-25 09:00:00,12,Beijing,Transformer,9.25,28.842587,test
2016-05-24 22:00:00,2016-05-25 10:00:00,12,Beijing,Transformer,10.166667,26.67975,test
2016-05-24 23:00:00,2016-05-25 11:00:00,12,Beijing,Transformer,12.583333,26.44185,test
2016-05-25 00:00:00,2016-05-25 12:00:00,12,Beijing,Transformer,10.5,27.036732,test
2016-05-25 01:00:00,2016-05-25 13:00:00,12,Beijing,Transformer,10.333333,26.665344,test
2016-05-25 02:00:00,2016-05-25 14:00:00,12,Beijing,Transformer,11.583333,26.767958,test
2016-05-25 03:00:00,2016-05-25 15:00:00,12,Beijing,Transformer,13.416667,25.3195,test
2016-05-25 04:00:00,2016-05-25 16:00:00,12,Beijing,Transformer,12.0,24.211103,test
2016-05-25 05:00:00,2016-05-25 17:00:00,12,Beijing,Transformer,14.25,24.866934,test
2016-05-25 06:00:00,2016-05-25 18:00:00,12,Beijing,Transformer,15.75,22.669949,test
2016-05-25 07:00:00,2016-05-25 19:00:00,12,Beijing,Transformer,14.833333,23.675034,test
2016-05-25 08:00:00,2016-05-25 20:00:00,12,Beijing,Transformer,16.25,24.864628,test
2016-05-25 09:00:00,2016-05-25 21:00:00,12,Beijing,Transformer,16.666668,25.080513,test
2016-05-25 10:00:00,2016-05-25 22:00:00,12,Beijing,Transformer,18.75,25.257996,test
2016-05-25 11:00:00,2016-05-25 23:00:00,12,Beijing,Transformer,22.5,24.033531,test
2016-05-25 12:00:00,2016-05-26 00:00:00,12,Beijing,Transformer,20.833332,23.564007,test
2016-05-25 13:00:00,2016-05-26 01:00:00,12,Beijing,Transformer,23.5,23.135214,test
2016-05-25 14:00:00,2016-05-26 02:00:00,12,Beijing,Transformer,23.25,23.429016,test
2016-05-25 15:00:00,2016-05-26 03:00:00,12,Beijing,Transformer,28.333332,24.111877,test
2016-05-25 16:00:00,2016-05-26 04:00:00,12,Beijing,Transformer,40.625,24.902605,test
2016-05-25 17:00:00,2016-05-26 05:00:00,12,Beijing,Transformer,41.5,24.66608,test
2016-05-25 18:00:00,2016-05-26 06:00:00,12,Beijing,Transformer,37.916668,24.36568,test
2016-05-25 19:00:00,2016-05-26 07:00:00,12,Beijing,Transformer,32.75,25.84473,test
2016-05-25 20:00:00,2016-05-26 08:00:00,12,Beijing,Transformer,27.25,28.029762,test
2016-05-25 21:00:00,2016-05-26 09:00:00,12,Beijing,Transformer,19.166668,29.690128,test
2016-05-25 22:00:00,2016-05-26 10:00:00,12,Beijing,Transformer,15.166667,31.19481,test
2016-05-25 23:00:00,2016-05-26 11:00:00,12,Beijing,Transformer,12.916667,28.824177,test
2016-05-26 00:00:00,2016-05-26 12:00:00,12,Beijing,Transformer,13.333333,26.744663,test
2016-05-26 01:00:00,2016-05-26 13:00:00,12,Beijing,Transformer,12.166667,25.461403,test
2016-05-26 02:00:00,2016-05-26 14:00:00,12,Beijing,Transformer,11.666667,25.102982,test
2016-05-26 03:00:00,2016-05-26 15:00:00,12,Beijing,Transformer,11.083333,26.31707,test
2016-05-26 04:00:00,2016-05-26 16:00:00,12,Beijing,Transformer,13.166667,28.759178,test
2016-05-26 05:00:00,2016-05-26 17:00:00,12,Beijing,Transformer,12.583333,28.986816,test
2016-05-26 06:00:00,2016-05-26 18:00:00,12,Beijing,Transformer,14.416667,29.070955,test
2016-05-26 07:00:00,2016-05-26 19:00:00,12,Beijing,Transformer,16.166668,28.946644,test
2016-05-26 08:00:00,2016-05-26 20:00:00,12,Beijing,Transformer,21.833332,26.401108,test
2016-05-26 09:00:00,2016-05-26 21:00:00,12,Beijing,Transformer,23.25,25.89063,test
2016-05-26 10:00:00,2016-05-26 22:00:00,12,Beijing,Transformer,24.083332,25.541992,test
2016-05-26 11:00:00,2016-05-26 23:00:00,12,Beijing,Transformer,26.0,28.623562,test
2016-05-26 12:00:00,2016-05-27 00:00:00,12,Beijing,Transformer,25.333332,32.382874,test
2016-05-26 13:00:00,2016-05-27 01:00:00,12,Beijing,Transformer,25.666668,31.715315,test
2016-05-26 14:00:00,2016-05-27 02:00:00,12,Beijing,Transformer,25.5,26.736654,test
2016-05-26 15:00:00,2016-05-27 03:00:00,12,Beijing,Transformer,26.083332,25.58905,test
2016-05-26 16:00:00,2016-05-27 04:00:00,12,Beijing,Transformer,30.0,31.056057,test
2016-05-26 17:00:00,2016-05-27 05:00:00,12,Beijing,Transformer,30.75,29.945333,test
2016-05-26 18:00:00,2016-05-27 06:00:00,12,Beijing,Transformer,35.0,30.955643,test
2016-05-26 19:00:00,2016-05-27 07:00:00,12,Beijing,Transformer,33.416668,29.006739,test
2016-05-26 20:00:00,2016-05-27 08:00:00,12,Beijing,Transformer,41.75,29.085262,test
2016-05-26 21:00:00,2016-05-27 09:00:00,12,Beijing,Transformer,52.5,30.919357,test
2016-05-26 22:00:00,2016-05-27 10:00:00,12,Beijing,Transformer,61.333332,31.240864,test
2016-05-26 23:00:00,2016-05-27 11:00:00,12,Beijing,Transformer,55.833332,30.39104,test
2016-05-27 00:00:00,2016-05-27 12:00:00,12,Beijing,Transformer,52.76389,29.27603,test
2016-05-27 01:00:00,2016-05-27 13:00:00,12,Beijing,Transformer,52.694443,26.86501,test
2016-05-27 02:00:00,2016-05-27 14:00:00,12,Beijing,Transformer,49.75,27.958109,test
2016-05-27 03:00:00,2016-05-27 15:00:00,12,Beijing,Transformer,61.47222,28.183126,test
2016-05-27 04:00:00,2016-05-27 16:00:00,12,Beijing,Transformer,64.65278,28.329067,test
2016-05-27 05:00:00,2016-05-27 17:00:00,12,Beijing,Transformer,59.833332,27.98299,test
2016-05-27 06:00:00,2016-05-27 18:00:00,12,Beijing,Transformer,53.083332,29.47979,test
2016-05-27 07:00:00,2016-05-27 19:00:00,12,Beijing,Transformer,71.0,31.338587,test
2016-05-27 08:00:00,2016-05-27 20:00:00,12,Beijing,Transformer,74.416664,37.473663,test
2016-05-27 09:00:00,2016-05-27 21:00:00,12,Beijing,Transformer,57.166668,35.36273,test
2016-05-27 10:00:00,2016-05-27 22:00:00,12,Beijing,Transformer,44.75,35.96432,test
2016-05-27 11:00:00,2016-05-27 23:00:00,12,Beijing,Transformer,41.0,39.399487,test
2016-05-27 12:00:00,2016-05-28 00:00:00,12,Beijing,Transformer,36.833332,42.235004,test
2016-05-27 13:00:00,2016-05-28 01:00:00,12,Beijing,Transformer,37.083332,43.0855,test
2016-05-27 14:00:00,2016-05-28 02:00:00,12,Beijing,Transformer,36.083332,43.751125,test
2016-05-27 15:00:00,2016-05-28 03:00:00,12,Beijing,Transformer,41.666668,45.64018,test
2016-05-27 16:00:00,2016-05-28 04:00:00,12,Beijing,Transformer,44.916668,46.123936,test
2016-05-27 17:00:00,2016-05-28 05:00:00,12,Beijing,Transformer,52.666668,49.176414,test
2016-05-27 18:00:00,2016-05-28 06:00:00,12,Beijing,Transformer,53.083332,43.75076,test
2016-05-27 19:00:00,2016-05-28 07:00:00,12,Beijing,Transformer,63.583332,56.07299,test
2016-05-27 20:00:00,2016-05-28 08:00:00,12,Beijing,Transformer,65.083336,70.38662,test
2016-05-27 21:00:00,2016-05-28 09:00:00,12,Beijing,Transformer,65.166664,62.098186,test
2016-05-27 22:00:00,2016-05-28 10:00:00,12,Beijing,Transformer,62.0,63.047405,test
2016-05-27 23:00:00,2016-05-28 11:00:00,12,Beijing,Transformer,52.708332,59.33782,test
2016-05-28 00:00:00,2016-05-28 12:00:00,12,Beijing,Transformer,47.333332,69.47722,test
2016-05-28 01:00:00,2016-05-28 13:00:00,12,Beijing,Transformer,47.166668,64.41568,test
2016-05-28 02:00:00,2016-05-28 14:00:00,12,Beijing,Transformer,42.666668,61.54103,test
2016-05-28 03:00:00,2016-05-28 15:00:00,12,Beijing,Transformer,42.166668,59.85736,test
2016-05-28 04:00:00,2016-05-28 16:00:00,12,Beijing,Transformer,40.25,59.668324,test
2016-05-28 05:00:00,2016-05-28 17:00:00,12,Beijing,Transformer,44.166668,59.818302,test
2016-05-28 06:00:00,2016-05-28 18:00:00,12,Beijing,Transformer,45.416668,62.901344,test
2016-05-28 07:00:00,2016-05-28 19:00:00,12,Beijing,Transformer,42.75,65.144516,test
2016-05-28 08:00:00,2016-05-28 20:00:00,12,Beijing,Transformer,46.25,67.21665,test
2016-05-28 09:00:00,2016-05-28 21:00:00,12,Beijing,Transformer,48.166668,67.80729,test
2016-05-28 10:00:00,2016-05-28 22:00:00,12,Beijing,Transformer,50.75,65.12076,test
2016-05-28 11:00:00,2016-05-28 23:00:00,12,Beijing,Transformer,51.833332,63.670864,test
2016-05-28 12:00:00,2016-05-29 00:00:00,12,Beijing,Transformer,56.666668,64.823296,test
2016-05-28 13:00:00,2016-05-29 01:00:00,12,Beijing,Transformer,60.583332,68.21796,test
2016-05-28 14:00:00,2016-05-29 02:00:00,12,Beijing,Transformer,61.75,69.164474,test
2016-05-28 15:00:00,2016-05-29 03:00:00,12,Beijing,Transformer,57.25,69.07119,test
2016-05-28 16:00:00,2016-05-29 04:00:00,12,Beijing,Transformer,56.666668,71.52839,test
2016-05-28 17:00:00,2016-05-29 05:00:00,12,Beijing,Transformer,54.166668,75.5898,test
2016-05-28 18:00:00,2016-05-29 06:00:00,12,Beijing,Transformer,42.0,77.25342,test
2016-05-28 19:00:00,2016-05-29 07:00:00,12,Beijing,Transformer,22.5,82.37768,test
2016-05-28 20:00:00,2016-05-29 08:00:00,12,Beijing,Transformer,15.833333,90.246994,test
2016-05-28 21:00:00,2016-05-29 09:00:00,12,Beijing,Transformer,10.333333,95.65345,test
2016-05-28 22:00:00,2016-05-29 10:00:00,12,Beijing,Transformer,14.208333,92.20473,test
2016-05-28 23:00:00,2016-05-29 11:00:00,12,Beijing,Transformer,11.583333,94.11928,test
2016-05-29 00:00:00,2016-05-29 12:00:00,12,Beijing,Transformer,11.5,86.581726,test
2016-05-29 01:00:00,2016-05-29 13:00:00,12,Beijing,Transformer,9.583333,81.77303,test
2016-05-29 02:00:00,2016-05-29 14:00:00,12,Beijing,Transformer,17.666668,70.18034,test
2016-05-29 03:00:00,2016-05-29 15:00:00,12,Beijing,Transformer,17.333332,66.18323,test
2016-05-29 04:00:00,2016-05-29 16:00:00,12,Beijing,Transformer,19.083332,58.607265,test
2016-05-29 05:00:00,2016-05-29 17:00:00,12,Beijing,Transformer,17.333332,56.25817,test
2016-05-29 06:00:00,2016-05-29 18:00:00,12,Beijing,Transformer,19.666668,44.01024,test
2016-05-29 07:00:00,2016-05-29 19:00:00,12,Beijing,Transformer,22.083332,33.362114,test
2016-05-29 08:00:00,2016-05-29 20:00:00,12,Beijing,Transformer,25.666668,30.031307,test
2016-05-29 09:00:00,2016-05-29 21:00:00,12,Beijing,Transformer,39.833332,31.719318,test
2016-05-29 10:00:00,2016-05-29 22:00:00,12,Beijing,Transformer,49.833332,33.844433,test
2016-05-29 11:00:00,2016-05-29 23:00:00,12,Beijing,Transformer,50.083332,35.955242,test
2016-05-29 12:00:00,2016-05-30 00:00:00,12,Beijing,Transformer,51.5,37.060757,test
2016-05-29 13:00:00,2016-05-30 01:00:00,12,Beijing,Transformer,54.083332,38.181385,test
2016-05-29 14:00:00,2016-05-30 02:00:00,12,Beijing,Transformer,53.0,41.57916,test
2016-05-29 15:00:00,2016-05-30 03:00:00,12,Beijing,Transformer,51.833332,48.289864,test
2016-05-29 16:00:00,2016-05-30 04:00:00,12,Beijing,Transformer,46.583332,52.2366,test
2016-05-29 17:00:00,2016-05-30 05:00:00,12,Beijing,Transformer,44.916668,52.598114,test
2016-05-29 18:00:00,2016-05-30 06:00:00,12,Beijing,Transformer,47.166668,56.628384,test
2016-05-29 19:00:00,2016-05-30 07:00:00,12,Beijing,Transformer,46.75,63.02222,test
2016-05-29 20:00:00,2016-05-30 08:00:00,12,Beijing,Transformer,52.833332,62.833134,test
2016-05-29 21:00:00,2016-05-30 09:00:00,12,Beijing,Transformer,59.833332,78.17565,test
2016-05-29 22:00:00,2016-05-30 10:00:00,12,Beijing,Transformer,70.083336,85.69882,test
2016-05-29 23:00:00,2016-05-30 11:00:00,12,Beijing,Transformer,77.583336,80.44959,test
2016-05-30 00:00:00,2016-05-30 12:00:00,12,Beijing,Transformer,79.25,78.02497,test
2016-05-30 01:00:00,2016-05-30 13:00:00,12,Beijing,Transformer,85.416664,66.933945,test
2016-05-30 02:00:00,2016-05-30 14:00:00,12,Beijing,Transformer,92.5,54.009655,test
2016-05-30 03:00:00,2016-05-30 15:00:00,12,Beijing,Transformer,96.083336,53.102917,test
2016-05-30 04:00:00,2016-05-30 16:00:00,12,Beijing,Transformer,107.833336,51.027363,test
2016-05-30 05:00:00,2016-05-30 17:00:00,12,Beijing,Transformer,112.75,52.597965,test
2016-05-30 06:00:00,2016-05-30 18:00:00,12,Beijing,Transformer,111.25,52.906406,test
2016-05-30 07:00:00,2016-05-30 19:00:00,12,Beijing,Transformer,114.916664,52.796383,test
2016-05-30 08:00:00,2016-05-30 20:00:00,12,Beijing,Transformer,122.666664,54.101364,test
2016-05-30 09:00:00,2016-05-30 21:00:00,12,Beijing,Transformer,120.5,57.433174,test
2016-05-30 10:00:00,2016-05-30 22:00:00,12,Beijing,Transformer,110.25,61.691418,test
2016-05-30 11:00:00,2016-05-30 23:00:00,12,Beijing,Transformer,102.0,65.46954,test
2016-05-30 12:00:00,2016-05-31 00:00:00,12,Beijing,Transformer,89.75,69.18475,test
2016-05-30 13:00:00,2016-05-31 01:00:00,12,Beijing,Transformer,82.833336,70.24327,test
2016-05-30 14:00:00,2016-05-31 02:00:00,12,Beijing,Transformer,77.666664,70.75846,test
2016-05-30 15:00:00,2016-05-31 03:00:00,12,Beijing,Transformer,78.583336,70.00754,test
2016-05-30 16:00:00,2016-05-31 04:00:00,12,Beijing,Transformer,82.333336,72.52139,test
2016-05-30 17:00:00,2016-05-31 05:00:00,12,Beijing,Transformer,91.416664,74.66083,test
2016-05-30 18:00:00,2016-05-31 06:00:00,12,Beijing,Transformer,96.75,77.134605,test
2016-05-30 19:00:00,2016-05-31 07:00:00,12,Beijing,Transformer,63.083332,78.10826,test
2016-05-30 20:00:00,2016-05-31 08:00:00,12,Beijing,Transformer,45.416668,75.192924,test
2016-05-30 21:00:00,2016-05-31 09:00:00,12,Beijing,Transformer,36.666668,75.38909,test
2016-05-30 22:00:00,2016-05-31 10:00:00,12,Beijing,Transformer,36.833332,81.75991,test
2016-05-30 23:00:00,2016-05-31 11:00:00,12,Beijing,Transformer,35.25,88.686165,test
2016-05-31 00:00:00,2016-05-31 12:00:00,12,Beijing,Transformer,34.5,90.32309,test
2016-05-31 01:00:00,2016-05-31 13:00:00,12,Beijing,Transformer,31.027779,85.189606,test
2016-05-31 02:00:00,2016-05-31 14:00:00,12,Beijing,Transformer,33.65972,78.43464,test
2016-05-31 03:00:00,2016-05-31 15:00:00,12,Beijing,Transformer,32.875,73.62627,test
2016-05-31 04:00:00,2016-05-31 16:00:00,12,Beijing,Transformer,30.729168,78.41496,test
2016-05-31 05:00:00,2016-05-31 17:00:00,12,Beijing,Transformer,31.041668,81.29036,test
2016-05-31 06:00:00,2016-05-31 18:00:00,12,Beijing,Transformer,28.416668,80.95514,test
2016-05-31 07:00:00,2016-05-31 19:00:00,12,Beijing,Transformer,31.125,57.51771,test
2016-05-31 08:00:00,2016-05-31 20:00:00,12,Beijing,Transformer,33.38889,54.856228,test
2016-05-31 09:00:00,2016-05-31 21:00:00,12,Beijing,Transformer,37.327778,53.340157,test
2016-05-31 10:00:00,2016-05-31 22:00:00,12,Beijing,Transformer,37.1,57.655407,test
2016-05-31 11:00:00,2016-05-31 23:00:00,12,Beijing,Transformer,34.205555,63.26324,test
2016-05-31 12:00:00,2016-06-01 00:00:00,12,Beijing,Transformer,27.227777,62.81349,test
2016-05-31 13:00:00,2016-06-01 01:00:00,12,Beijing,Transformer,26.25,62.439636,test
2016-05-31 14:00:00,2016-06-01 02:00:00,12,Beijing,Transformer,24.583332,61.87466,test
2016-05-31 15:00:00,2016-06-01 03:00:00,12,Beijing,Transformer,26.083332,62.473927,test
2016-05-31 16:00:00,2016-06-01 04:00:00,12,Beijing,Transformer,25.0,67.27604,test
2016-05-31 17:00:00,2016-06-01 05:00:00,12,Beijing,Transformer,24.583332,71.854095,test
2016-05-31 18:00:00,2016-06-01 06:00:00,12,Beijing,Transformer,27.916668,76.824036,test
2016-05-31 19:00:00,2016-06-01 07:00:00,12,Beijing,Transformer,31.333332,86.728546,test
2016-05-31 20:00:00,2016-06-01 08:00:00,12,Beijing,Transformer,38.916668,95.62591,test
2016-05-31 21:00:00,2016-06-01 09:00:00,12,Beijing,Transformer,37.583332,97.94556,test
2016-05-31 22:00:00,2016-06-01 10:00:00,12,Beijing,Transformer,37.583332,53.90247,test
2016-05-31 23:00:00,2016-06-01 11:00:00,12,Beijing,Transformer,41.333332,46.41419,test
2016-06-01 00:00:00,2016-06-01 12:00:00,12,Beijing,Transformer,37.166668,39.30216,test
2016-06-01 01:00:00,2016-06-01 13:00:00,12,Beijing,Transformer,34.833332,39.497395,test
2016-06-01 02:00:00,2016-06-01 14:00:00,12,Beijing,Transformer,36.583332,40.65469,test
2016-06-01 03:00:00,2016-06-01 15:00:00,12,Beijing,Transformer,39.166668,40.233063,test
2016-06-01 04:00:00,2016-06-01 16:00:00,12,Beijing,Transformer,35.833332,38.4838,test
2016-06-01 05:00:00,2016-06-01 17:00:00,12,Beijing,Transformer,47.166668,36.059216,test
2016-06-01 06:00:00,2016-06-01 18:00:00,12,Beijing,Transformer,43.0,36.69428,test
2016-06-01 07:00:00,2016-06-01 19:00:00,12,Beijing,Transformer,41.0,36.69607,test
2016-06-01 08:00:00,2016-06-01 20:00:00,12,Beijing,Transformer,41.25,36.879135,test
2016-06-01 09:00:00,2016-06-01 21:00:00,12,Beijing,Transformer,43.333332,37.48546,test
2016-06-01 10:00:00,2016-06-01 22:00:00,12,Beijing,Transformer,44.25,40.238888,test
2016-06-01 11:00:00,2016-06-01 23:00:00,12,Beijing,Transformer,44.333332,42.048717,test
2016-06-01 12:00:00,2016-06-02 00:00:00,12,Beijing,Transformer,42.25,42.480217,test
2016-06-01 13:00:00,2016-06-02 01:00:00,12,Beijing,Transformer,42.0,41.04891,test
2016-06-01 14:00:00,2016-06-02 02:00:00,12,Beijing,Transformer,40.833332,40.549984,test
2016-06-01 15:00:00,2016-06-02 03:00:00,12,Beijing,Transformer,39.083332,39.619247,test
2016-06-01 16:00:00,2016-06-02 04:00:00,12,Beijing,Transformer,41.166668,39.789776,test
2016-06-01 17:00:00,2016-06-02 05:00:00,12,Beijing,Transformer,45.416668,40.765774,test
2016-06-01 18:00:00,2016-06-02 06:00:00,12,Beijing,Transformer,50.5,40.515953,test
2016-06-01 19:00:00,2016-06-02 07:00:00,12,Beijing,Transformer,54.416668,41.880898,test
2016-06-01 20:00:00,2016-06-02 08:00:00,12,Beijing,Transformer,69.083336,44.137463,test
2016-06-01 21:00:00,2016-06-02 09:00:00,12,Beijing,Transformer,74.333336,48.716286,test
2016-06-01 22:00:00,2016-06-02 10:00:00,12,Beijing,Transformer,78.375,50.447346,test
2016-06-01 23:00:00,2016-06-02 11:00:00,12,Beijing,Transformer,79.0,49.45056,test
2016-06-02 00:00:00,2016-06-02 12:00:00,12,Beijing,Transformer,60.36111,43.05209,test
2016-06-02 01:00:00,2016-06-02 13:00:00,12,Beijing,Transformer,55.430557,41.380135,test
2016-06-02 02:00:00,2016-06-02 14:00:00,12,Beijing,Transformer,50.916668,39.039,test
2016-06-02 03:00:00,2016-06-02 15:00:00,12,Beijing,Transformer,44.166668,38.185097,test
2016-06-02 04:00:00,2016-06-02 16:00:00,12,Beijing,Transformer,47.25,35.0695,test
2016-06-02 05:00:00,2016-06-02 17:00:00,12,Beijing,Transformer,47.583332,34.04674,test
2016-06-02 06:00:00,2016-06-02 18:00:00,12,Beijing,Transformer,46.833332,34.852825,test
2016-06-02 07:00:00,2016-06-02 19:00:00,12,Beijing,Transformer,41.5,35.94596,test
2016-06-02 08:00:00,2016-06-02 20:00:00,12,Beijing,Transformer,40.833332,38.8752,test
2016-06-02 09:00:00,2016-06-02 21:00:00,12,Beijing,Transformer,47.583332,41.460484,test
2016-06-02 10:00:00,2016-06-02 22:00:00,12,Beijing,Transformer,51.75,44.651577,test
2016-06-02 11:00:00,2016-06-02 23:00:00,12,Beijing,Transformer,55.666668,44.054665,test
2016-06-02 12:00:00,2016-06-03 00:00:00,12,Beijing,Transformer,55.166668,39.617435,test
2016-06-02 13:00:00,2016-06-03 01:00:00,12,Beijing,Transformer,54.0,39.76262,test
2016-06-02 14:00:00,2016-06-03 02:00:00,12,Beijing,Transformer,55.833332,39.77982,test
2016-06-02 15:00:00,2016-06-03 03:00:00,12,Beijing,Transformer,57.083332,40.15333,test
2016-06-02 16:00:00,2016-06-03 04:00:00,12,Beijing,Transformer,58.166668,42.508633,test
2016-06-02 17:00:00,2016-06-03 05:00:00,12,Beijing,Transformer,59.166668,44.608265,test
2016-06-02 18:00:00,2016-06-03 06:00:00,12,Beijing,Transformer,64.833336,42.718945,test
2016-06-02 19:00:00,2016-06-03 07:00:00,12,Beijing,Transformer,70.75,43.021854,test
2016-06-02 20:00:00,2016-06-03 08:00:00,12,Beijing,Transformer,76.583336,48.32957,test
2016-06-02 21:00:00,2016-06-03 09:00:00,12,Beijing,Transformer,88.166664,61.124638,test
2016-06-02 22:00:00,2016-06-03 10:00:00,12,Beijing,Transformer,90.416664,65.277664,test
2016-06-02 23:00:00,2016-06-03 11:00:00,12,Beijing,Transformer,92.666664,63.07039,test
2016-06-03 00:00:00,2016-06-03 12:00:00,12,Beijing,Transformer,95.94444,58.62911,test
2016-06-03 01:00:00,2016-06-03 13:00:00,12,Beijing,Transformer,93.80556,53.028713,test
2016-06-03 02:00:00,2016-06-03 14:00:00,12,Beijing,Transformer,90.666664,55.277794,test
2016-06-03 03:00:00,2016-06-03 15:00:00,12,Beijing,Transformer,86.5,52.635166,test
2016-06-03 04:00:00,2016-06-03 16:00:00,12,Beijing,Transformer,73.083336,53.23704,test
2016-06-03 05:00:00,2016-06-03 17:00:00,12,Beijing,Transformer,72.583336,50.824635,test
2016-06-03 06:00:00,2016-06-03 18:00:00,12,Beijing,Transformer,78.166664,52.757584,test
2016-06-03 07:00:00,2016-06-03 19:00:00,12,Beijing,Transformer,89.583336,53.780334,test
2016-06-03 08:00:00,2016-06-03 20:00:00,12,Beijing,Transformer,106.416664,55.827618,test
2016-06-03 09:00:00,2016-06-03 21:00:00,12,Beijing,Transformer,108.583336,58.85724,test
2016-06-03 10:00:00,2016-06-03 22:00:00,12,Beijing,Transformer,101.166664,63.061302,test
2016-06-03 11:00:00,2016-06-03 23:00:00,12,Beijing,Transformer,92.75,65.446075,test
2016-06-03 12:00:00,2016-06-04 00:00:00,12,Beijing,Transformer,85.0,67.51985,test
2016-06-03 13:00:00,2016-06-04 01:00:00,12,Beijing,Transformer,85.25,69.75169,test
2016-06-03 14:00:00,2016-06-04 02:00:00,12,Beijing,Transformer,78.583336,70.82976,test
2016-06-03 15:00:00,2016-06-04 03:00:00,12,Beijing,Transformer,74.583336,71.96577,test
2016-06-03 16:00:00,2016-06-04 04:00:00,12,Beijing,Transformer,78.333336,68.941986,test
2016-06-03 17:00:00,2016-06-04 05:00:00,12,Beijing,Transformer,82.25,71.29228,test
2016-06-03 18:00:00,2016-06-04 06:00:00,12,Beijing,Transformer,85.166664,73.38337,test
2016-06-03 19:00:00,2016-06-04 07:00:00,12,Beijing,Transformer,91.166664,84.678635,test
2016-06-03 20:00:00,2016-06-04 08:00:00,12,Beijing,Transformer,101.0,101.66653,test
2016-06-03 21:00:00,2016-06-04 09:00:00,12,Beijing,Transformer,111.545456,124.28749,test
2016-06-03 22:00:00,2016-06-04 10:00:00,12,Beijing,Transformer,119.0,141.03181,test
2016-06-03 23:00:00,2016-06-04 11:00:00,12,Beijing,Transformer,126.27273,127.52559,test
2016-06-04 00:00:00,2016-06-04 12:00:00,12,Beijing,Transformer,114.09091,121.62905,test
2016-06-04 01:00:00,2016-06-04 13:00:00,12,Beijing,Transformer,101.36363,109.9946,test
2016-06-04 02:00:00,2016-06-04 14:00:00,12,Beijing,Transformer,89.72727,97.74326,test
2016-06-04 03:00:00,2016-06-04 15:00:00,12,Beijing,Transformer,76.454544,95.9344,test
2016-06-04 04:00:00,2016-06-04 16:00:00,12,Beijing,Transformer,69.09091,94.84143,test
2016-06-04 05:00:00,2016-06-04 17:00:00,12,Beijing,Transformer,69.72727,95.5117,test
2016-06-04 06:00:00,2016-06-04 18:00:00,12,Beijing,Transformer,72.181816,91.41724,test
2016-06-04 07:00:00,2016-06-04 19:00:00,12,Beijing,Transformer,70.181816,90.14067,test
2016-06-04 08:00:00,2016-06-04 20:00:00,12,Beijing,Transformer,72.90909,90.118286,test
2016-06-04 09:00:00,2016-06-04 21:00:00,12,Beijing,Transformer,83.63637,91.77037,test
2016-06-04 10:00:00,2016-06-04 22:00:00,12,Beijing,Transformer,78.90909,93.843704,test
2016-06-04 11:00:00,2016-06-04 23:00:00,12,Beijing,Transformer,80.27273,95.2281,test
2016-06-04 12:00:00,2016-06-05 00:00:00,12,Beijing,Transformer,86.36363,80.767944,test
2016-06-04 13:00:00,2016-06-05 01:00:00,12,Beijing,Transformer,93.63637,81.07374,test
2016-06-04 14:00:00,2016-06-05 02:00:00,12,Beijing,Transformer,95.545456,80.734505,test
2016-06-04 15:00:00,2016-06-05 03:00:00,12,Beijing,Transformer,85.90909,77.38393,test
2016-06-04 16:00:00,2016-06-05 04:00:00,12,Beijing,Transformer,75.36363,81.92048,test
2016-06-04 17:00:00,2016-06-05 05:00:00,12,Beijing,Transformer,68.90909,91.69121,test
2016-06-04 18:00:00,2016-06-05 06:00:00,12,Beijing,Transformer,67.72727,111.17229,test
2016-06-04 19:00:00,2016-06-05 07:00:00,12,Beijing,Transformer,67.454544,143.15727,test
2016-06-04 20:00:00,2016-06-05 08:00:00,12,Beijing,Transformer,68.63637,170.65927,test
2016-06-04 21:00:00,2016-06-05 09:00:00,12,Beijing,Transformer,71.0,180.81859,test
2016-06-04 22:00:00,2016-06-05 10:00:00,12,Beijing,Transformer,72.63637,172.35185,test
2016-06-04 23:00:00,2016-06-05 11:00:00,12,Beijing,Transformer,79.27273,162.68167,test
2016-06-05 00:00:00,2016-06-05 12:00:00,12,Beijing,Transformer,91.36363,161.05608,test
2016-06-05 01:00:00,2016-06-05 13:00:00,12,Beijing,Transformer,96.818184,137.73279,test
2016-06-05 02:00:00,2016-06-05 14:00:00,12,Beijing,Transformer,94.90909,110.10192,test
2016-06-05 03:00:00,2016-06-05 15:00:00,12,Beijing,Transformer,86.818184,79.20462,test
2016-06-05 04:00:00,2016-06-05 16:00:00,12,Beijing,Transformer,80.818184,70.996475,test
2016-06-05 05:00:00,2016-06-05 17:00:00,12,Beijing,Transformer,77.09091,66.024445,test
2016-06-05 06:00:00,2016-06-05 18:00:00,12,Beijing,Transformer,74.181816,66.84361,test
2016-06-05 07:00:00,2016-06-05 19:00:00,12,Beijing,Transformer,68.90909,66.1494,test
2016-06-05 08:00:00,2016-06-05 20:00:00,12,Beijing,Transformer,50.454544,67.68185,test
2016-06-05 09:00:00,2016-06-05 21:00:00,12,Beijing,Transformer,44.636364,67.363815,test
2016-06-05 10:00:00,2016-06-05 22:00:00,12,Beijing,Transformer,40.818184,67.84372,test
2016-06-05 11:00:00,2016-06-05 23:00:00,12,Beijing,Transformer,39.454544,69.76401,test
2016-06-05 12:00:00,2016-06-06 00:00:00,12,Beijing,Transformer,42.545456,71.65268,test
2016-06-05 13:00:00,2016-06-06 01:00:00,12,Beijing,Transformer,48.090908,70.80307,test
2016-06-05 14:00:00,2016-06-06 02:00:00,12,Beijing,Transformer,46.636364,69.65466,test
2016-06-05 15:00:00,2016-06-06 03:00:00,12,Beijing,Transformer,49.909092,70.32276,test
2016-06-05 16:00:00,2016-06-06 04:00:00,12,Beijing,Transformer,53.454544,72.47484,test
2016-06-05 17:00:00,2016-06-06 05:00:00,12,Beijing,Transformer,61.181816,74.76268,test
2016-06-05 18:00:00,2016-06-06 06:00:00,12,Beijing,Transformer,65.545456,68.288284,test
2016-06-05 19:00:00,2016-06-06 07:00:00,12,Beijing,Transformer,69.454544,69.84137,test
2016-06-05 20:00:00,2016-06-06 08:00:00,12,Beijing,Transformer,75.818184,46.292652,test
2016-06-05 21:00:00,2016-06-06 09:00:00,12,Beijing,Transformer,78.27273,52.57143,test
2016-06-05 22:00:00,2016-06-06 10:00:00,12,Beijing,Transformer,83.27273,58.440296,test
2016-06-05 23:00:00,2016-06-06 11:00:00,12,Beijing,Transformer,92.63637,60.735878,test
2016-06-06 00:00:00,2016-06-06 12:00:00,12,Beijing,Transformer,103.09091,63.44008,test
2016-06-06 01:00:00,2016-06-06 13:00:00,12,Beijing,Transformer,110.63637,61.80154,test
2016-06-06 02:00:00,2016-06-06 14:00:00,12,Beijing,Transformer,114.545456,55.76188,test
2016-06-06 03:00:00,2016-06-06 15:00:00,12,Beijing,Transformer,117.72727,55.390533,test
2016-06-06 04:00:00,2016-06-06 16:00:00,12,Beijing,Transformer,117.818184,54.411633,test
2016-06-06 05:00:00,2016-06-06 17:00:00,12,Beijing,Transformer,123.181816,54.94422,test
2016-06-06 06:00:00,2016-06-06 18:00:00,12,Beijing,Transformer,123.045456,54.298313,test
2016-06-06 07:00:00,2016-06-06 19:00:00,12,Beijing,Transformer,125.833336,54.154163,test
2016-06-06 08:00:00,2016-06-06 20:00:00,12,Beijing,Transformer,122.0,55.821373,test
2016-06-06 09:00:00,2016-06-06 21:00:00,12,Beijing,Transformer,93.666664,58.548862,test
2016-06-06 10:00:00,2016-06-06 22:00:00,12,Beijing,Transformer,69.0,62.63773,test
2016-06-06 11:00:00,2016-06-06 23:00:00,12,Beijing,Transformer,52.666668,65.83187,test
2016-06-06 12:00:00,2016-06-07 00:00:00,12,Beijing,Transformer,50.333332,70.2021,test
2016-06-06 13:00:00,2016-06-07 01:00:00,12,Beijing,Transformer,54.75,73.06108,test
2016-06-06 14:00:00,2016-06-07 02:00:00,12,Beijing,Transformer,56.083332,74.722694,test
2016-06-06 15:00:00,2016-06-07 03:00:00,12,Beijing,Transformer,59.333332,76.49917,test
2016-06-06 16:00:00,2016-06-07 04:00:00,12,Beijing,Transformer,59.833332,76.50538,test
2016-06-06 17:00:00,2016-06-07 05:00:00,12,Beijing,Transformer,58.583332,71.33931,test
2016-06-06 18:00:00,2016-06-07 06:00:00,12,Beijing,Transformer,53.416668,73.972824,test
2016-06-06 19:00:00,2016-06-07 07:00:00,12,Beijing,Transformer,45.583332,71.93788,test
2016-06-06 20:00:00,2016-06-07 08:00:00,12,Beijing,Transformer,41.166668,79.42323,test
2016-06-06 21:00:00,2016-06-07 09:00:00,12,Beijing,Transformer,40.666668,42.94779,test
2016-06-06 22:00:00,2016-06-07 10:00:00,12,Beijing,Transformer,41.916668,43.44613,test
2016-06-06 23:00:00,2016-06-07 11:00:00,12,Beijing,Transformer,45.0,55.766552,test
2016-06-07 00:00:00,2016-06-07 12:00:00,12,Beijing,Transformer,46.916668,67.031006,test
2016-06-07 01:00:00,2016-06-07 13:00:00,12,Beijing,Transformer,56.333332,71.473915,test
2016-06-07 02:00:00,2016-06-07 14:00:00,12,Beijing,Transformer,61.0,75.290375,test
2016-06-07 03:00:00,2016-06-07 15:00:00,12,Beijing,Transformer,61.75,76.02828,test
2016-06-07 04:00:00,2016-06-07 16:00:00,12,Beijing,Transformer,62.333332,79.120865,test
2016-06-07 05:00:00,2016-06-07 17:00:00,12,Beijing,Transformer,61.833332,81.21237,test
2016-06-07 06:00:00,2016-06-07 18:00:00,12,Beijing,Transformer,57.583332,79.94177,test
2016-06-07 07:00:00,2016-06-07 19:00:00,12,Beijing,Transformer,61.916668,76.77446,test
2016-06-07 08:00:00,2016-06-07 20:00:00,12,Beijing,Transformer,66.333336,66.17791,test
2016-06-07 09:00:00,2016-06-07 21:00:00,12,Beijing,Transformer,77.166664,59.149204,test
2016-06-07 10:00:00,2016-06-07 22:00:00,12,Beijing,Transformer,83.333336,59.76874,test
2016-06-07 11:00:00,2016-06-07 23:00:00,12,Beijing,Transformer,86.666664,62.264843,test
2016-06-07 12:00:00,2016-06-08 00:00:00,12,Beijing,Transformer,86.083336,60.175915,test
2016-06-07 13:00:00,2016-06-08 01:00:00,12,Beijing,Transformer,83.416664,57.17138,test
2016-06-07 14:00:00,2016-06-08 02:00:00,12,Beijing,Transformer,88.583336,53.907127,test
2016-06-07 15:00:00,2016-06-08 03:00:00,12,Beijing,Transformer,98.166664,57.925556,test
2016-06-07 16:00:00,2016-06-08 04:00:00,12,Beijing,Transformer,100.75,68.66715,test
2016-06-07 17:00:00,2016-06-08 05:00:00,12,Beijing,Transformer,103.583336,83.584015,test
2016-06-07 18:00:00,2016-06-08 06:00:00,12,Beijing,Transformer,111.166664,88.30191,test
2016-06-07 19:00:00,2016-06-08 07:00:00,12,Beijing,Transformer,117.666664,93.007744,test
2016-06-07 20:00:00,2016-06-08 08:00:00,12,Beijing,Transformer,129.91667,71.888336,test
2016-06-07 21:00:00,2016-06-08 09:00:00,12,Beijing,Transformer,134.08333,73.03549,test
2016-06-07 22:00:00,2016-06-08 10:00:00,12,Beijing,Transformer,125.333336,72.67294,test
2016-06-07 23:00:00,2016-06-08 11:00:00,12,Beijing,Transformer,119.333336,80.52874,test
2016-06-08 00:00:00,2016-06-08 12:00:00,12,Beijing,Transformer,113.416664,82.92624,test
2016-06-08 01:00:00,2016-06-08 13:00:00,12,Beijing,Transformer,107.833336,84.82306,test
2016-06-08 02:00:00,2016-06-08 14:00:00,12,Beijing,Transformer,102.138885,84.388565,test
2016-06-08 03:00:00,2016-06-08 15:00:00,12,Beijing,Transformer,110.861115,80.6113,test
2016-06-08 04:00:00,2016-06-08 16:00:00,12,Beijing,Transformer,103.083336,77.50851,test
2016-06-08 05:00:00,2016-06-08 17:00:00,12,Beijing,Transformer,113.75,80.42403,test
2016-06-08 06:00:00,2016-06-08 18:00:00,12,Beijing,Transformer,115.25,82.22919,test
2016-06-08 07:00:00,2016-06-08 19:00:00,12,Beijing,Transformer,154.16667,83.082825,test
2016-06-08 08:00:00,2016-06-08 20:00:00,12,Beijing,Transformer,183.41667,84.752625,test
2016-06-08 09:00:00,2016-06-08 21:00:00,12,Beijing,Transformer,182.66667,86.30012,test
2016-06-08 10:00:00,2016-06-08 22:00:00,12,Beijing,Transformer,178.91667,91.41882,test
2016-06-08 11:00:00,2016-06-08 23:00:00,12,Beijing,Transformer,178.16667,101.57616,test
2016-06-08 12:00:00,2016-06-09 00:00:00,12,Beijing,Transformer,177.0,100.60245,test
2016-06-08 13:00:00,2016-06-09 01:00:00,12,Beijing,Transformer,158.91667,92.84909,test
2016-06-08 14:00:00,2016-06-09 02:00:00,12,Beijing,Transformer,153.33333,90.60568,test
2016-06-08 15:00:00,2016-06-09 03:00:00,12,Beijing,Transformer,145.58333,91.46818,test
2016-06-08 16:00:00,2016-06-09 04:00:00,12,Beijing,Transformer,142.5,103.62265,test
2016-06-08 17:00:00,2016-06-09 05:00:00,12,Beijing,Transformer,142.08333,108.13928,test
2016-06-08 18:00:00,2016-06-09 06:00:00,12,Beijing,Transformer,142.33333,123.47072,test
2016-06-08 19:00:00,2016-06-09 07:00:00,12,Beijing,Transformer,150.16667,151.47224,test
2016-06-08 20:00:00,2016-06-09 08:00:00,12,Beijing,Transformer,161.41667,158.29164,test
2016-06-08 21:00:00,2016-06-09 09:00:00,12,Beijing,Transformer,165.5,142.2101,test
2016-06-08 22:00:00,2016-06-09 10:00:00,12,Beijing,Transformer,172.08333,122.165665,test
2016-06-08 23:00:00,2016-06-09 11:00:00,12,Beijing,Transformer,162.91667,123.89177,test
2016-06-09 00:00:00,2016-06-09 12:00:00,12,Beijing,Transformer,128.0,121.92623,test
2016-06-09 01:00:00,2016-06-09 13:00:00,12,Beijing,Transformer,106.083336,122.078445,test
2016-06-09 02:00:00,2016-06-09 14:00:00,12,Beijing,Transformer,75.833336,149.98415,test
2016-06-09 03:00:00,2016-06-09 15:00:00,12,Beijing,Transformer,68.916664,146.36555,test
2016-06-09 04:00:00,2016-06-09 16:00:00,12,Beijing,Transformer,59.083332,169.3243,test
2016-06-09 05:00:00,2016-06-09 17:00:00,12,Beijing,Transformer,54.833332,166.4886,test
2016-06-09 06:00:00,2016-06-09 18:00:00,12,Beijing,Transformer,52.583332,161.86465,test
2016-06-09 07:00:00,2016-06-09 19:00:00,12,Beijing,Transformer,47.083332,159.3107,test
2016-06-09 08:00:00,2016-06-09 20:00:00,12,Beijing,Transformer,47.333332,160.89159,test
2016-06-09 09:00:00,2016-06-09 21:00:00,12,Beijing,Transformer,52.416668,168.0195,test
2016-06-09 10:00:00,2016-06-09 22:00:00,12,Beijing,Transformer,57.166668,171.76357,test
2016-06-09 11:00:00,2016-06-09 23:00:00,12,Beijing,Transformer,57.916668,164.28749,test
2016-06-09 12:00:00,2016-06-10 00:00:00,12,Beijing,Transformer,58.916668,153.08992,test
2016-06-09 13:00:00,2016-06-10 01:00:00,12,Beijing,Transformer,57.916668,152.61243,test
2016-06-09 14:00:00,2016-06-10 02:00:00,12,Beijing,Transformer,57.666668,160.29915,test
2016-06-09 15:00:00,2016-06-10 03:00:00,12,Beijing,Transformer,59.0,174.44063,test
2016-06-09 16:00:00,2016-06-10 04:00:00,12,Beijing,Transformer,55.333332,171.79472,test
2016-06-09 17:00:00,2016-06-10 05:00:00,12,Beijing,Transformer,50.083332,179.75027,test
2016-06-09 18:00:00,2016-06-10 06:00:00,12,Beijing,Transformer,48.083332,183.13399,test
2016-06-09 19:00:00,2016-06-10 07:00:00,12,Beijing,Transformer,50.25,182.12323,test
2016-06-09 20:00:00,2016-06-10 08:00:00,12,Beijing,Transformer,52.666668,158.72337,test
2016-06-09 21:00:00,2016-06-10 09:00:00,12,Beijing,Transformer,54.0,96.136856,test
2016-06-09 22:00:00,2016-06-10 10:00:00,12,Beijing,Transformer,64.166664,68.194214,test
2016-06-09 23:00:00,2016-06-10 11:00:00,12,Beijing,Transformer,73.083336,70.95994,test
2016-06-10 00:00:00,2016-06-10 12:00:00,12,Beijing,Transformer,90.166664,68.10335,test
2016-06-10 01:00:00,2016-06-10 13:00:00,12,Beijing,Transformer,99.75,60.112743,test
2016-06-10 02:00:00,2016-06-10 14:00:00,12,Beijing,Transformer,101.25,58.808178,test
2016-06-10 03:00:00,2016-06-10 15:00:00,12,Beijing,Transformer,96.083336,68.63571,test
2016-06-10 04:00:00,2016-06-10 16:00:00,12,Beijing,Transformer,67.041664,72.35214,test
2016-06-10 05:00:00,2016-06-10 17:00:00,12,Beijing,Transformer,39.083332,43.29426,test
2016-06-10 06:00:00,2016-06-10 18:00:00,12,Beijing,Transformer,17.45,41.94636,test
2016-06-10 07:00:00,2016-06-10 19:00:00,12,Beijing,Transformer,10.316667,39.873722,test
2016-06-10 08:00:00,2016-06-10 20:00:00,12,Beijing,Transformer,8.766667,39.63341,test
2016-06-10 09:00:00,2016-06-10 21:00:00,12,Beijing,Transformer,8.425,41.675217,test
2016-06-10 10:00:00,2016-06-10 22:00:00,12,Beijing,Transformer,9.583333,44.784336,test
2016-06-10 11:00:00,2016-06-10 23:00:00,12,Beijing,Transformer,11.166667,51.308857,test
2016-06-10 12:00:00,2016-06-11 00:00:00,12,Beijing,Transformer,9.75,54.193634,test
2016-06-10 13:00:00,2016-06-11 01:00:00,12,Beijing,Transformer,10.333333,55.070072,test
2016-06-10 14:00:00,2016-06-11 02:00:00,12,Beijing,Transformer,7.0,49.940414,test
2016-06-10 15:00:00,2016-06-11 03:00:00,12,Beijing,Transformer,4.75,49.109447,test
2016-06-10 16:00:00,2016-06-11 04:00:00,12,Beijing,Transformer,5.5,33.847412,test
2016-06-10 17:00:00,2016-06-11 05:00:00,12,Beijing,Transformer,5.166667,35.204693,test
2016-06-10 18:00:00,2016-06-11 06:00:00,12,Beijing,Transformer,9.083333,25.223173,test
2016-06-10 19:00:00,2016-06-11 07:00:00,12,Beijing,Transformer,9.333333,23.400364,test
2016-06-10 20:00:00,2016-06-11 08:00:00,12,Beijing,Transformer,9.75,20.738659,test
2016-06-10 21:00:00,2016-06-11 09:00:00,12,Beijing,Transformer,8.166667,23.370106,test
2016-06-10 22:00:00,2016-06-11 10:00:00,12,Beijing,Transformer,7.916667,25.968285,test
2016-06-10 23:00:00,2016-06-11 11:00:00,12,Beijing,Transformer,6.916667,27.786102,test
2016-06-11 00:00:00,2016-06-11 12:00:00,12,Beijing,Transformer,7.916667,26.6708,test
2016-06-11 01:00:00,2016-06-11 13:00:00,12,Beijing,Transformer,7.583333,26.396349,test
2016-06-11 02:00:00,2016-06-11 14:00:00,12,Beijing,Transformer,8.083333,26.45117,test
2016-06-11 03:00:00,2016-06-11 15:00:00,12,Beijing,Transformer,6.416667,27.619524,test
2016-06-11 04:00:00,2016-06-11 16:00:00,12,Beijing,Transformer,9.083333,27.988125,test
2016-06-11 05:00:00,2016-06-11 17:00:00,12,Beijing,Transformer,7.166667,28.584145,test
2016-06-11 06:00:00,2016-06-11 18:00:00,12,Beijing,Transformer,8.666667,28.789572,test
2016-06-11 07:00:00,2016-06-11 19:00:00,12,Beijing,Transformer,10.916667,27.936451,test
2016-06-11 08:00:00,2016-06-11 20:00:00,12,Beijing,Transformer,14.5,26.388332,test
2016-06-11 09:00:00,2016-06-11 21:00:00,12,Beijing,Transformer,20.25,26.24176,test
2016-06-11 10:00:00,2016-06-11 22:00:00,12,Beijing,Transformer,22.0,26.434021,test
2016-06-11 11:00:00,2016-06-11 23:00:00,12,Beijing,Transformer,27.0,26.568466,test
2016-06-11 12:00:00,2016-06-12 00:00:00,12,Beijing,Transformer,31.166668,27.23516,test
2016-06-11 13:00:00,2016-06-12 01:00:00,12,Beijing,Transformer,49.5,27.760881,test
2016-06-11 14:00:00,2016-06-12 02:00:00,12,Beijing,Transformer,68.666664,27.758749,test
2016-06-11 15:00:00,2016-06-12 03:00:00,12,Beijing,Transformer,74.583336,28.356651,test
2016-06-11 16:00:00,2016-06-12 04:00:00,12,Beijing,Transformer,77.333336,29.331488,test
2016-06-11 17:00:00,2016-06-12 05:00:00,12,Beijing,Transformer,78.833336,28.640635,test
2016-06-11 18:00:00,2016-06-12 06:00:00,12,Beijing,Transformer,80.083336,29.80244,test
2016-06-11 19:00:00,2016-06-12 07:00:00,12,Beijing,Transformer,83.583336,30.844194,test
2016-06-11 20:00:00,2016-06-12 08:00:00,12,Beijing,Transformer,91.416664,30.212479,test
2016-06-11 21:00:00,2016-06-12 09:00:00,12,Beijing,Transformer,98.75,29.0845,test
2016-06-11 22:00:00,2016-06-12 10:00:00,12,Beijing,Transformer,102.083336,28.687378,test
2016-06-11 23:00:00,2016-06-12 11:00:00,12,Beijing,Transformer,101.416664,27.578262,test
2016-06-12 00:00:00,2016-06-12 12:00:00,12,Beijing,Transformer,97.75,24.532295,test
2016-06-12 01:00:00,2016-06-12 13:00:00,12,Beijing,Transformer,79.5,25.6055,test
2016-06-12 02:00:00,2016-06-12 14:00:00,12,Beijing,Transformer,63.166668,29.627666,test
2016-06-12 03:00:00,2016-06-12 15:00:00,12,Beijing,Transformer,54.583332,34.027954,test
2016-06-12 04:00:00,2016-06-12 16:00:00,12,Beijing,Transformer,52.416668,40.341312,test
2016-06-12 05:00:00,2016-06-12 17:00:00,12,Beijing,Transformer,43.75,46.729496,test
2016-06-12 06:00:00,2016-06-12 18:00:00,12,Beijing,Transformer,52.5,54.64046,test
2016-06-12 07:00:00,2016-06-12 19:00:00,12,Beijing,Transformer,41.666668,63.65878,test
2016-06-12 08:00:00,2016-06-12 20:00:00,12,Beijing,Transformer,39.5,72.47566,test
2016-06-12 09:00:00,2016-06-12 21:00:00,12,Beijing,Transformer,54.583332,81.50881,test
2016-06-12 10:00:00,2016-06-12 22:00:00,12,Beijing,Transformer,64.583336,86.28758,test
2016-06-12 11:00:00,2016-06-12 23:00:00,12,Beijing,Transformer,57.416668,93.04251,test
2016-06-12 12:00:00,2016-06-13 00:00:00,12,Beijing,Transformer,52.75,98.89915,test
2016-06-12 13:00:00,2016-06-13 01:00:00,12,Beijing,Transformer,67.75,92.16692,test
2016-06-12 14:00:00,2016-06-13 02:00:00,12,Beijing,Transformer,54.583332,88.66359,test
2016-06-12 15:00:00,2016-06-13 03:00:00,12,Beijing,Transformer,47.0,95.41177,test
2016-06-12 16:00:00,2016-06-13 04:00:00,12,Beijing,Transformer,45.083332,101.470535,test
2016-06-12 17:00:00,2016-06-13 05:00:00,12,Beijing,Transformer,44.25,113.4969,test
2016-06-12 18:00:00,2016-06-13 06:00:00,12,Beijing,Transformer,39.583332,134.13551,test
2016-06-12 19:00:00,2016-06-13 07:00:00,12,Beijing,Transformer,34.833332,113.66559,test
2016-06-12 20:00:00,2016-06-13 08:00:00,12,Beijing,Transformer,37.5,113.21255,test
2016-06-12 21:00:00,2016-06-13 09:00:00,12,Beijing,Transformer,38.833332,108.02107,test
2016-06-12 22:00:00,2016-06-13 10:00:00,12,Beijing,Transformer,37.645832,106.09308,test
2016-06-12 23:00:00,2016-06-13 11:00:00,12,Beijing,Transformer,36.069443,92.28816,test
2016-06-13 00:00:00,2016-06-13 12:00:00,12,Beijing,Transformer,35.32639,87.4975,test
2016-06-13 01:00:00,2016-06-13 13:00:00,12,Beijing,Transformer,37.833332,81.93488,test
2016-06-13 02:00:00,2016-06-13 14:00:00,12,Beijing,Transformer,39.333332,76.17792,test
2016-06-13 03:00:00,2016-06-13 15:00:00,12,Beijing,Transformer,36.916668,76.049355,test
2016-06-13 04:00:00,2016-06-13 16:00:00,12,Beijing,Transformer,41.5,75.53328,test
2016-06-13 05:00:00,2016-06-13 17:00:00,12,Beijing,Transformer,43.75,73.88086,test
2016-06-13 06:00:00,2016-06-13 18:00:00,12,Beijing,Transformer,47.25,72.899994,test
2016-06-13 07:00:00,2016-06-13 19:00:00,12,Beijing,Transformer,50.5,67.00508,test
2016-06-13 08:00:00,2016-06-13 20:00:00,12,Beijing,Transformer,53.75,62.490376,test
2016-06-13 09:00:00,2016-06-13 21:00:00,12,Beijing,Transformer,53.416668,66.66426,test
2016-06-13 10:00:00,2016-06-13 22:00:00,12,Beijing,Transformer,53.0,74.96411,test
2016-06-13 11:00:00,2016-06-13 23:00:00,12,Beijing,Transformer,55.25,66.30504,test
2016-06-13 12:00:00,2016-06-14 00:00:00,12,Beijing,Transformer,55.75,59.731014,test
2016-06-13 13:00:00,2016-06-14 01:00:00,12,Beijing,Transformer,54.416668,48.980053,test
2016-06-13 14:00:00,2016-06-14 02:00:00,12,Beijing,Transformer,53.083332,40.038967,test
2016-06-13 15:00:00,2016-06-14 03:00:00,12,Beijing,Transformer,53.25,36.719913,test
2016-06-13 16:00:00,2016-06-14 04:00:00,12,Beijing,Transformer,55.0,37.041927,test
2016-06-13 17:00:00,2016-06-14 05:00:00,12,Beijing,Transformer,51.25,38.568203,test
2016-06-13 18:00:00,2016-06-14 06:00:00,12,Beijing,Transformer,47.75,46.203175,test
2016-06-13 19:00:00,2016-06-14 07:00:00,12,Beijing,Transformer,43.916668,46.396442,test
2016-06-13 20:00:00,2016-06-14 08:00:00,12,Beijing,Transformer,40.916668,54.768864,test
2016-06-13 21:00:00,2016-06-14 09:00:00,12,Beijing,Transformer,37.833332,60.473442,test
2016-06-13 22:00:00,2016-06-14 10:00:00,12,Beijing,Transformer,31.0,56.995365,test
2016-06-13 23:00:00,2016-06-14 11:00:00,12,Beijing,Transformer,29.833332,58.439514,test
2016-06-14 00:00:00,2016-06-14 12:00:00,12,Beijing,Transformer,32.5,57.74416,test
2016-06-14 01:00:00,2016-06-14 13:00:00,12,Beijing,Transformer,30.833332,55.154987,test
2016-06-14 02:00:00,2016-06-14 14:00:00,12,Beijing,Transformer,28.166668,53.59438,test
2016-06-14 03:00:00,2016-06-14 15:00:00,12,Beijing,Transformer,20.75,52.429356,test
2016-06-14 04:00:00,2016-06-14 16:00:00,12,Beijing,Transformer,22.5,47.974377,test
2016-06-14 05:00:00,2016-06-14 17:00:00,12,Beijing,Transformer,22.833332,45.908302,test
2016-06-14 06:00:00,2016-06-14 18:00:00,12,Beijing,Transformer,23.25,48.817165,test
2016-06-14 07:00:00,2016-06-14 19:00:00,12,Beijing,Transformer,22.5,40.774883,test
2016-06-14 08:00:00,2016-06-14 20:00:00,12,Beijing,Transformer,23.166668,40.468563,test
2016-06-14 09:00:00,2016-06-14 21:00:00,12,Beijing,Transformer,22.916668,32.69705,test
2016-06-14 10:00:00,2016-06-14 22:00:00,12,Beijing,Transformer,21.166668,29.556479,test
2016-06-14 11:00:00,2016-06-14 23:00:00,12,Beijing,Transformer,21.0,25.553696,test
2016-06-14 12:00:00,2016-06-15 00:00:00,12,Beijing,Transformer,23.833332,29.5065,test
2016-06-14 13:00:00,2016-06-15 01:00:00,12,Beijing,Transformer,19.916668,30.663933,test
2016-06-14 14:00:00,2016-06-15 02:00:00,12,Beijing,Transformer,15.166667,30.49926,test
2016-06-14 15:00:00,2016-06-15 03:00:00,12,Beijing,Transformer,13.333333,31.188747,test
2016-06-14 16:00:00,2016-06-15 04:00:00,12,Beijing,Transformer,12.416667,30.243572,test
2016-06-14 17:00:00,2016-06-15 05:00:00,12,Beijing,Transformer,13.25,29.00193,test
2016-06-14 18:00:00,2016-06-15 06:00:00,12,Beijing,Transformer,12.916667,26.771723,test
2016-06-14 19:00:00,2016-06-15 07:00:00,12,Beijing,Transformer,17.083332,28.217228,test
2016-06-14 20:00:00,2016-06-15 08:00:00,12,Beijing,Transformer,16.583332,25.905354,test
2016-06-14 21:00:00,2016-06-15 09:00:00,12,Beijing,Transformer,18.166668,29.260258,test
2016-06-14 22:00:00,2016-06-15 10:00:00,12,Beijing,Transformer,16.75,28.77969,test
2016-06-14 23:00:00,2016-06-15 11:00:00,12,Beijing,Transformer,13.777778,27.27321,test
2016-06-15 00:00:00,2016-06-15 12:00:00,12,Beijing,Transformer,14.472222,26.484425,test
2016-06-15 01:00:00,2016-06-15 13:00:00,12,Beijing,Transformer,13.583333,25.36206,test
2016-06-15 02:00:00,2016-06-15 14:00:00,12,Beijing,Transformer,17.083332,25.19921,test
2016-06-15 03:00:00,2016-06-15 15:00:00,12,Beijing,Transformer,16.416668,25.335451,test
2016-06-15 04:00:00,2016-06-15 16:00:00,12,Beijing,Transformer,17.833332,24.95134,test
2016-06-15 05:00:00,2016-06-15 17:00:00,12,Beijing,Transformer,19.833332,23.081047,test
2016-06-15 06:00:00,2016-06-15 18:00:00,12,Beijing,Transformer,21.833332,25.064796,test
2016-06-15 07:00:00,2016-06-15 19:00:00,12,Beijing,Transformer,24.166668,26.205448,test
2016-06-15 08:00:00,2016-06-15 20:00:00,12,Beijing,Transformer,26.333332,25.094143,test
2016-06-15 09:00:00,2016-06-15 21:00:00,12,Beijing,Transformer,28.0,26.410418,test
2016-06-15 10:00:00,2016-06-15 22:00:00,12,Beijing,Transformer,23.25,26.68826,test
2016-06-15 11:00:00,2016-06-15 23:00:00,12,Beijing,Transformer,23.333332,25.363358,test
2016-06-15 12:00:00,2016-06-16 00:00:00,12,Beijing,Transformer,25.5,24.800108,test
2016-06-15 13:00:00,2016-06-16 01:00:00,12,Beijing,Transformer,23.583332,24.899193,test
2016-06-15 14:00:00,2016-06-16 02:00:00,12,Beijing,Transformer,21.63889,25.749737,test
2016-06-15 15:00:00,2016-06-16 03:00:00,12,Beijing,Transformer,22.36111,26.195835,test
2016-06-15 16:00:00,2016-06-16 04:00:00,12,Beijing,Transformer,24.083332,31.0076,test
2016-06-15 17:00:00,2016-06-16 05:00:00,12,Beijing,Transformer,32.25,28.621786,test
2016-06-15 18:00:00,2016-06-16 06:00:00,12,Beijing,Transformer,25.333332,29.70367,test
2016-06-15 19:00:00,2016-06-16 07:00:00,12,Beijing,Transformer,25.416668,33.301636,test
2016-06-15 20:00:00,2016-06-16 08:00:00,12,Beijing,Transformer,25.75,28.900293,test
2016-06-15 21:00:00,2016-06-16 09:00:00,12,Beijing,Transformer,30.333332,24.860275,test
2016-06-15 22:00:00,2016-06-16 10:00:00,12,Beijing,Transformer,28.25,25.514023,test
2016-06-15 23:00:00,2016-06-16 11:00:00,12,Beijing,Transformer,27.0,28.68753,test
2016-06-16 00:00:00,2016-06-16 12:00:00,12,Beijing,Transformer,25.333332,33.409576,test
2016-06-16 01:00:00,2016-06-16 13:00:00,12,Beijing,Transformer,29.083332,34.90965,test
2016-06-16 02:00:00,2016-06-16 14:00:00,12,Beijing,Transformer,22.555555,34.893867,test
2016-06-16 03:00:00,2016-06-16 15:00:00,12,Beijing,Transformer,20.027779,37.872635,test
2016-06-16 04:00:00,2016-06-16 16:00:00,12,Beijing,Transformer,17.875,36.911686,test
2016-06-16 05:00:00,2016-06-16 17:00:00,12,Beijing,Transformer,14.333333,38.932907,test
2016-06-16 06:00:00,2016-06-16 18:00:00,12,Beijing,Transformer,17.5,39.493206,test
2016-06-16 07:00:00,2016-06-16 19:00:00,12,Beijing,Transformer,24.125,42.279022,test
2016-06-16 08:00:00,2016-06-16 20:00:00,12,Beijing,Transformer,24.166668,47.582394,test
2016-06-16 09:00:00,2016-06-16 21:00:00,12,Beijing,Transformer,28.083332,45.887768,test
2016-06-16 10:00:00,2016-06-16 22:00:00,12,Beijing,Transformer,28.083332,44.573277,test
2016-06-16 11:00:00,2016-06-16 23:00:00,12,Beijing,Transformer,30.083332,49.084362,test
2016-06-16 12:00:00,2016-06-17 00:00:00,12,Beijing,Transformer,35.416668,42.73747,test
2016-06-16 13:00:00,2016-06-17 01:00:00,12,Beijing,Transformer,34.666668,40.093678,test
2016-06-16 14:00:00,2016-06-17 02:00:00,12,Beijing,Transformer,33.5,39.101467,test
2016-06-16 15:00:00,2016-06-17 03:00:00,12,Beijing,Transformer,26.083332,37.844936,test
2016-06-16 16:00:00,2016-06-17 04:00:00,12,Beijing,Transformer,23.5,41.1162,test
2016-06-16 17:00:00,2016-06-17 05:00:00,12,Beijing,Transformer,21.916668,44.50346,test
2016-06-16 18:00:00,2016-06-17 06:00:00,12,Beijing,Transformer,24.583332,50.84831,test
2016-06-16 19:00:00,2016-06-17 07:00:00,12,Beijing,Transformer,23.083332,52.95363,test
2016-06-16 20:00:00,2016-06-17 08:00:00,12,Beijing,Transformer,21.166668,51.757046,test
2016-06-16 21:00:00,2016-06-17 09:00:00,12,Beijing,Transformer,26.083332,40.58983,test
2016-06-16 22:00:00,2016-06-17 10:00:00,12,Beijing,Transformer,20.833332,46.97994,test
2016-06-16 23:00:00,2016-06-17 11:00:00,12,Beijing,Transformer,17.25,38.927296,test
2016-06-17 00:00:00,2016-06-17 12:00:00,12,Beijing,Transformer,16.916668,44.351048,test
2016-06-17 01:00:00,2016-06-17 13:00:00,12,Beijing,Transformer,15.916667,41.866444,test
2016-06-17 02:00:00,2016-06-17 14:00:00,12,Beijing,Transformer,18.75,46.399822,test
2016-06-17 03:00:00,2016-06-17 15:00:00,12,Beijing,Transformer,15.0,36.724117,test
2016-06-17 04:00:00,2016-06-17 16:00:00,12,Beijing,Transformer,17.5,40.572025,test
2016-06-17 05:00:00,2016-06-17 17:00:00,12,Beijing,Transformer,22.166668,39.582897,test
2016-06-17 06:00:00,2016-06-17 18:00:00,12,Beijing,Transformer,18.666668,36.981876,test
2016-06-17 07:00:00,2016-06-17 19:00:00,12,Beijing,Transformer,18.625,40.629047,test
2016-06-17 08:00:00,2016-06-17 20:00:00,12,Beijing,Transformer,23.5,45.214268,test
2016-06-17 09:00:00,2016-06-17 21:00:00,12,Beijing,Transformer,27.125,45.48135,test
2016-06-17 10:00:00,2016-06-17 22:00:00,12,Beijing,Transformer,24.75,44.42889,test
2016-06-17 11:00:00,2016-06-17 23:00:00,12,Beijing,Transformer,28.416668,38.958363,test
2016-06-17 12:00:00,2016-06-18 00:00:00,12,Beijing,Transformer,30.083332,35.28322,test
2016-06-17 13:00:00,2016-06-18 01:00:00,12,Beijing,Transformer,30.166668,34.379757,test
2016-06-17 14:00:00,2016-06-18 02:00:00,12,Beijing,Transformer,30.0,35.73989,test
2016-06-17 15:00:00,2016-06-18 03:00:00,12,Beijing,Transformer,28.75,35.106754,test
2016-06-17 16:00:00,2016-06-18 04:00:00,12,Beijing,Transformer,26.875,29.422062,test
2016-06-17 17:00:00,2016-06-18 05:00:00,12,Beijing,Transformer,29.166668,28.667572,test
2016-06-17 18:00:00,2016-06-18 06:00:00,12,Beijing,Transformer,28.25,31.592089,test
2016-06-17 19:00:00,2016-06-18 07:00:00,12,Beijing,Transformer,30.583332,29.493515,test
2016-06-17 20:00:00,2016-06-18 08:00:00,12,Beijing,Transformer,32.75,26.398933,test
2016-06-17 21:00:00,2016-06-18 09:00:00,12,Beijing,Transformer,35.75,27.56923,test
2016-06-17 22:00:00,2016-06-18 10:00:00,12,Beijing,Transformer,36.75,26.875383,test
2016-06-17 23:00:00,2016-06-18 11:00:00,12,Beijing,Transformer,44.833332,28.436237,test
2016-06-18 00:00:00,2016-06-18 12:00:00,12,Beijing,Transformer,47.083332,28.06346,test
2016-06-18 01:00:00,2016-06-18 13:00:00,12,Beijing,Transformer,37.75,27.369133,test
2016-06-18 02:00:00,2016-06-18 14:00:00,12,Beijing,Transformer,36.333332,25.94263,test
2016-06-18 03:00:00,2016-06-18 15:00:00,12,Beijing,Transformer,38.0,25.055387,test
2016-06-18 04:00:00,2016-06-18 16:00:00,12,Beijing,Transformer,42.583332,23.128141,test
2016-06-18 05:00:00,2016-06-18 17:00:00,12,Beijing,Transformer,43.75,23.390255,test
2016-06-18 06:00:00,2016-06-18 18:00:00,12,Beijing,Transformer,45.833332,24.628574,test
2016-06-18 07:00:00,2016-06-18 19:00:00,12,Beijing,Transformer,43.166668,27.938622,test
2016-06-18 08:00:00,2016-06-18 20:00:00,12,Beijing,Transformer,47.916668,35.015446,test
2016-06-18 09:00:00,2016-06-18 21:00:00,12,Beijing,Transformer,51.166668,39.8513,test
2016-06-18 10:00:00,2016-06-18 22:00:00,12,Beijing,Transformer,57.416668,35.087936,test
2016-06-18 11:00:00,2016-06-18 23:00:00,12,Beijing,Transformer,68.083336,38.500835,test
2016-06-18 12:00:00,2016-06-19 00:00:00,12,Beijing,Transformer,65.333336,37.04049,test
2016-06-18 13:00:00,2016-06-19 01:00:00,12,Beijing,Transformer,59.666668,39.43645,test
2016-06-18 14:00:00,2016-06-19 02:00:00,12,Beijing,Transformer,57.5,38.862446,test
2016-06-18 15:00:00,2016-06-19 03:00:00,12,Beijing,Transformer,58.083332,39.568657,test
2016-06-18 16:00:00,2016-06-19 04:00:00,12,Beijing,Transformer,57.416668,42.115,test
2016-06-18 17:00:00,2016-06-19 05:00:00,12,Beijing,Transformer,59.0,42.80141,test
2016-06-18 18:00:00,2016-06-19 06:00:00,12,Beijing,Transformer,57.916668,39.730705,test
2016-06-18 19:00:00,2016-06-19 07:00:00,12,Beijing,Transformer,68.583336,36.36947,test
2016-06-18 20:00:00,2016-06-19 08:00:00,12,Beijing,Transformer,84.333336,43.172672,test
2016-06-18 21:00:00,2016-06-19 09:00:00,12,Beijing,Transformer,89.333336,61.281605,test
2016-06-18 22:00:00,2016-06-19 10:00:00,12,Beijing,Transformer,83.5,72.132225,test
2016-06-18 23:00:00,2016-06-19 11:00:00,12,Beijing,Transformer,71.5,76.792755,test
2016-06-19 00:00:00,2016-06-19 12:00:00,12,Beijing,Transformer,57.166668,65.84436,test
2016-06-19 01:00:00,2016-06-19 13:00:00,12,Beijing,Transformer,54.833332,66.3629,test
2016-06-19 02:00:00,2016-06-19 14:00:00,12,Beijing,Transformer,42.333332,56.79001,test
2016-06-19 03:00:00,2016-06-19 15:00:00,12,Beijing,Transformer,30.416668,61.68345,test
2016-06-19 04:00:00,2016-06-19 16:00:00,12,Beijing,Transformer,31.0,59.1693,test
2016-06-19 05:00:00,2016-06-19 17:00:00,12,Beijing,Transformer,28.25,58.347454,test
2016-06-19 06:00:00,2016-06-19 18:00:00,12,Beijing,Transformer,32.416668,58.13542,test
2016-06-19 07:00:00,2016-06-19 19:00:00,12,Beijing,Transformer,33.583332,59.87501,test
2016-06-19 08:00:00,2016-06-19 20:00:00,12,Beijing,Transformer,38.666668,61.092293,test
2016-06-19 09:00:00,2016-06-19 21:00:00,12,Beijing,Transformer,43.25,61.050804,test
2016-06-19 10:00:00,2016-06-19 22:00:00,12,Beijing,Transformer,81.833336,61.428265,test
2016-06-19 11:00:00,2016-06-19 23:00:00,12,Beijing,Transformer,121.416664,62.275272,test
2016-06-19 12:00:00,2016-06-20 00:00:00,12,Beijing,Transformer,146.41667,63.1993,test
2016-06-19 13:00:00,2016-06-20 01:00:00,12,Beijing,Transformer,159.08333,62.227814,test
2016-06-19 14:00:00,2016-06-20 02:00:00,12,Beijing,Transformer,155.16667,56.86726,test
2016-06-19 15:00:00,2016-06-20 03:00:00,12,Beijing,Transformer,147.0,54.13916,test
2016-06-19 16:00:00,2016-06-20 04:00:00,12,Beijing,Transformer,118.583336,60.954693,test
2016-06-19 17:00:00,2016-06-20 05:00:00,12,Beijing,Transformer,90.083336,64.170235,test
2016-06-19 18:00:00,2016-06-20 06:00:00,12,Beijing,Transformer,90.916664,68.41585,test
2016-06-19 19:00:00,2016-06-20 07:00:00,12,Beijing,Transformer,97.833336,72.25143,test
2016-06-19 20:00:00,2016-06-20 08:00:00,12,Beijing,Transformer,97.083336,83.10925,test
2016-06-19 21:00:00,2016-06-20 09:00:00,12,Beijing,Transformer,98.416664,89.261566,test
2016-06-19 22:00:00,2016-06-20 10:00:00,12,Beijing,Transformer,97.1,94.13115,test
2016-06-19 23:00:00,2016-06-20 11:00:00,12,Beijing,Transformer,95.825,99.31669,test
2016-06-20 00:00:00,2016-06-20 12:00:00,12,Beijing,Transformer,87.65417,110.83592,test
2016-06-20 01:00:00,2016-06-20 13:00:00,12,Beijing,Transformer,82.275,107.971634,test
2016-06-20 02:00:00,2016-06-20 14:00:00,12,Beijing,Transformer,69.395836,95.69382,test
2016-06-20 03:00:00,2016-06-20 15:00:00,12,Beijing,Transformer,64.666664,97.507,test
2016-06-20 04:00:00,2016-06-20 16:00:00,12,Beijing,Transformer,61.0,98.3326,test
2016-06-20 05:00:00,2016-06-20 17:00:00,12,Beijing,Transformer,58.818184,101.60146,test
2016-06-20 06:00:00,2016-06-20 18:00:00,12,Beijing,Transformer,51.454544,108.14121,test
2016-06-20 07:00:00,2016-06-20 19:00:00,12,Beijing,Transformer,55.636364,97.60215,test
2016-06-20 08:00:00,2016-06-20 20:00:00,12,Beijing,Transformer,52.0,98.915184,test
2016-06-20 09:00:00,2016-06-20 21:00:00,12,Beijing,Transformer,50.818184,100.79651,test
2016-06-20 10:00:00,2016-06-20 22:00:00,12,Beijing,Transformer,53.909092,110.193245,test
2016-06-20 11:00:00,2016-06-20 23:00:00,12,Beijing,Transformer,57.727272,108.59531,test
2016-06-20 12:00:00,2016-06-21 00:00:00,12,Beijing,Transformer,61.0,105.97627,test
2016-06-20 13:00:00,2016-06-21 01:00:00,12,Beijing,Transformer,63.545456,98.92906,test
2016-06-20 14:00:00,2016-06-21 02:00:00,12,Beijing,Transformer,64.0,87.066986,test
2016-06-20 15:00:00,2016-06-21 03:00:00,12,Beijing,Transformer,64.27273,81.58291,test
2016-06-20 16:00:00,2016-06-21 04:00:00,12,Beijing,Transformer,68.545456,110.872406,test
2016-06-20 17:00:00,2016-06-21 05:00:00,12,Beijing,Transformer,77.181816,76.73755,test
2016-06-20 18:00:00,2016-06-21 06:00:00,12,Beijing,Transformer,84.09091,74.679535,test
2016-06-20 19:00:00,2016-06-21 07:00:00,12,Beijing,Transformer,90.72727,81.41781,test
2016-06-20 20:00:00,2016-06-21 08:00:00,12,Beijing,Transformer,110.36363,82.1384,test
2016-06-20 21:00:00,2016-06-21 09:00:00,12,Beijing,Transformer,134.54546,77.841866,test
2016-06-20 22:00:00,2016-06-21 10:00:00,12,Beijing,Transformer,139.27272,69.02815,test
2016-06-20 23:00:00,2016-06-21 11:00:00,12,Beijing,Transformer,133.81818,64.28468,test
2016-06-21 00:00:00,2016-06-21 12:00:00,12,Beijing,Transformer,129.90909,64.3494,test
2016-06-21 01:00:00,2016-06-21 13:00:00,12,Beijing,Transformer,124.36363,66.58897,test
2016-06-21 02:00:00,2016-06-21 14:00:00,12,Beijing,Transformer,99.583336,68.52059,test
2016-06-21 03:00:00,2016-06-21 15:00:00,12,Beijing,Transformer,89.0,66.22104,test
2016-06-21 04:00:00,2016-06-21 16:00:00,12,Beijing,Transformer,89.541664,70.15082,test
2016-06-21 05:00:00,2016-06-21 17:00:00,12,Beijing,Transformer,104.0,81.16014,test
2016-06-21 06:00:00,2016-06-21 18:00:00,12,Beijing,Transformer,99.5,95.60746,test
2016-06-21 07:00:00,2016-06-21 19:00:00,12,Beijing,Transformer,85.333336,85.74238,test
2016-06-21 08:00:00,2016-06-21 20:00:00,12,Beijing,Transformer,44.416668,83.50857,test
2016-06-21 09:00:00,2016-06-21 21:00:00,12,Beijing,Transformer,24.0,87.176605,test
2016-06-21 10:00:00,2016-06-21 22:00:00,12,Beijing,Transformer,29.416668,85.434685,test
2016-06-21 11:00:00,2016-06-21 23:00:00,12,Beijing,Transformer,34.916668,83.833496,test
2016-06-21 12:00:00,2016-06-22 00:00:00,12,Beijing,Transformer,38.833332,89.40251,test
2016-06-21 13:00:00,2016-06-22 01:00:00,12,Beijing,Transformer,40.25,93.26092,test
2016-06-21 14:00:00,2016-06-22 02:00:00,12,Beijing,Transformer,33.916668,84.409035,test
2016-06-21 15:00:00,2016-06-22 03:00:00,12,Beijing,Transformer,31.5,86.036316,test
2016-06-21 16:00:00,2016-06-22 04:00:00,12,Beijing,Transformer,32.583332,91.54585,test
2016-06-21 17:00:00,2016-06-22 05:00:00,12,Beijing,Transformer,34.583332,103.04535,test
2016-06-21 18:00:00,2016-06-22 06:00:00,12,Beijing,Transformer,37.916668,111.298645,test
2016-06-21 19:00:00,2016-06-22 07:00:00,12,Beijing,Transformer,39.333332,118.20007,test
2016-06-21 20:00:00,2016-06-22 08:00:00,12,Beijing,Transformer,39.166668,52.5967,test
2016-06-21 21:00:00,2016-06-22 09:00:00,12,Beijing,Transformer,42.666668,43.1469,test
2016-06-21 22:00:00,2016-06-22 10:00:00,12,Beijing,Transformer,42.75,45.276363,test
2016-06-21 23:00:00,2016-06-22 11:00:00,12,Beijing,Transformer,54.666668,46.975864,test
2016-06-22 00:00:00,2016-06-22 12:00:00,12,Beijing,Transformer,68.083336,47.239666,test
2016-06-22 01:00:00,2016-06-22 13:00:00,12,Beijing,Transformer,77.333336,50.513443,test
2016-06-22 02:00:00,2016-06-22 14:00:00,12,Beijing,Transformer,77.75,46.57971,test
2016-06-22 03:00:00,2016-06-22 15:00:00,12,Beijing,Transformer,74.083336,47.135525,test
2016-06-22 04:00:00,2016-06-22 16:00:00,12,Beijing,Transformer,71.0,53.155647,test
2016-06-22 05:00:00,2016-06-22 17:00:00,12,Beijing,Transformer,72.333336,56.168617,test
2016-06-22 06:00:00,2016-06-22 18:00:00,12,Beijing,Transformer,72.333336,60.30862,test
2016-06-22 07:00:00,2016-06-22 19:00:00,12,Beijing,Transformer,57.083332,56.88623,test
2016-06-22 08:00:00,2016-06-22 20:00:00,12,Beijing,Transformer,49.75,54.77625,test
2016-06-22 09:00:00,2016-06-22 21:00:00,12,Beijing,Transformer,53.333332,54.99559,test
2016-06-22 10:00:00,2016-06-22 22:00:00,12,Beijing,Transformer,77.666664,57.120686,test
2016-06-22 11:00:00,2016-06-22 23:00:00,12,Beijing,Transformer,88.916664,60.749107,test
2016-06-22 12:00:00,2016-06-23 00:00:00,12,Beijing,Transformer,74.916664,64.07131,test
2016-06-22 13:00:00,2016-06-23 01:00:00,12,Beijing,Transformer,70.916664,68.30244,test
2016-06-22 14:00:00,2016-06-23 02:00:00,12,Beijing,Transformer,71.916664,71.346634,test
2016-06-22 15:00:00,2016-06-23 03:00:00,12,Beijing,Transformer,76.0,71.567474,test
2016-06-22 16:00:00,2016-06-23 04:00:00,12,Beijing,Transformer,86.583336,76.393196,test
2016-06-22 17:00:00,2016-06-23 05:00:00,12,Beijing,Transformer,108.916664,80.67122,test
2016-06-22 18:00:00,2016-06-23 06:00:00,12,Beijing,Transformer,127.0,83.27969,test
2016-06-22 19:00:00,2016-06-23 07:00:00,12,Beijing,Transformer,121.333336,82.547,test
2016-06-22 20:00:00,2016-06-23 08:00:00,12,Beijing,Transformer,105.333336,87.99617,test
2016-06-22 21:00:00,2016-06-23 09:00:00,12,Beijing,Transformer,74.666664,73.550705,test
2016-06-22 22:00:00,2016-06-23 10:00:00,12,Beijing,Transformer,47.416668,85.77989,test
2016-06-22 23:00:00,2016-06-23 11:00:00,12,Beijing,Transformer,44.083332,95.32588,test
2016-06-23 00:00:00,2016-06-23 12:00:00,12,Beijing,Transformer,76.0,87.515594,test
2016-06-23 01:00:00,2016-06-23 13:00:00,12,Beijing,Transformer,102.916664,87.44544,test
2016-06-23 02:00:00,2016-06-23 14:00:00,12,Beijing,Transformer,91.833336,89.93602,test
2016-06-23 03:00:00,2016-06-23 15:00:00,12,Beijing,Transformer,79.333336,94.833755,test
2016-06-23 04:00:00,2016-06-23 16:00:00,12,Beijing,Transformer,66.333336,104.453094,test
2016-06-23 05:00:00,2016-06-23 17:00:00,12,Beijing,Transformer,59.5,113.60482,test
2016-06-23 06:00:00,2016-06-23 18:00:00,12,Beijing,Transformer,67.583336,116.10416,test
2016-06-23 07:00:00,2016-06-23 19:00:00,12,Beijing,Transformer,70.583336,114.72157,test
2016-06-23 08:00:00,2016-06-23 20:00:00,12,Beijing,Transformer,75.791664,110.82552,test
2016-06-23 09:00:00,2016-06-23 21:00:00,12,Beijing,Transformer,64.888885,95.225174,test
2016-06-23 10:00:00,2016-06-23 22:00:00,12,Beijing,Transformer,42.944443,89.95907,test
2016-06-23 11:00:00,2016-06-23 23:00:00,12,Beijing,Transformer,33.833332,90.912994,test
2016-06-23 12:00:00,2016-06-24 00:00:00,12,Beijing,Transformer,34.208332,95.83704,test
2016-06-23 13:00:00,2016-06-24 01:00:00,12,Beijing,Transformer,35.25,104.15762,test
2016-06-23 14:00:00,2016-06-24 02:00:00,12,Beijing,Transformer,34.416668,106.82733,test
2016-06-23 15:00:00,2016-06-24 03:00:00,12,Beijing,Transformer,32.333332,105.673706,test
2016-06-23 16:00:00,2016-06-24 04:00:00,12,Beijing,Transformer,26.5,95.02864,test
2016-06-23 17:00:00,2016-06-24 05:00:00,12,Beijing,Transformer,19.5,94.20707,test
2016-06-23 18:00:00,2016-06-24 06:00:00,12,Beijing,Transformer,10.333333,99.32007,test
2016-06-23 19:00:00,2016-06-24 07:00:00,12,Beijing,Transformer,10.5,108.99411,test
2016-06-23 20:00:00,2016-06-24 08:00:00,12,Beijing,Transformer,9.666667,67.300735,test
2016-06-23 21:00:00,2016-06-24 09:00:00,12,Beijing,Transformer,8.5,58.611477,test
2016-06-23 22:00:00,2016-06-24 10:00:00,12,Beijing,Transformer,8.388889,43.03158,test
2016-06-23 23:00:00,2016-06-24 11:00:00,12,Beijing,Transformer,10.444444,45.471592,test
2016-06-24 00:00:00,2016-06-24 12:00:00,12,Beijing,Transformer,6.625,52.99657,test
2016-06-24 01:00:00,2016-06-24 13:00:00,12,Beijing,Transformer,6.833333,49.640385,test
2016-06-24 02:00:00,2016-06-24 14:00:00,12,Beijing,Transformer,8.708333,48.28639,test
2016-06-24 03:00:00,2016-06-24 15:00:00,12,Beijing,Transformer,6.666667,43.761185,test
2016-06-24 04:00:00,2016-06-24 16:00:00,12,Beijing,Transformer,8.75,40.214333,test
2016-06-24 05:00:00,2016-06-24 17:00:00,12,Beijing,Transformer,11.916667,40.139076,test
2016-06-24 06:00:00,2016-06-24 18:00:00,12,Beijing,Transformer,7.75,43.801506,test
2016-06-24 07:00:00,2016-06-24 19:00:00,12,Beijing,Transformer,8.416667,41.609615,test
2016-06-24 08:00:00,2016-06-24 20:00:00,12,Beijing,Transformer,9.75,38.24029,test
2016-06-24 09:00:00,2016-06-24 21:00:00,12,Beijing,Transformer,9.0,36.96684,test
2016-06-24 10:00:00,2016-06-24 22:00:00,12,Beijing,Transformer,8.583333,39.16006,test
2016-06-24 11:00:00,2016-06-24 23:00:00,12,Beijing,Transformer,7.083333,40.18916,test
2016-06-24 12:00:00,2016-06-25 00:00:00,12,Beijing,Transformer,5.583333,37.255093,test
2016-06-24 13:00:00,2016-06-25 01:00:00,12,Beijing,Transformer,6.083333,36.969387,test
2016-06-24 14:00:00,2016-06-25 02:00:00,12,Beijing,Transformer,7.25,35.45258,test
2016-06-24 15:00:00,2016-06-25 03:00:00,12,Beijing,Transformer,6.916667,35.94933,test
2016-06-24 16:00:00,2016-06-25 04:00:00,12,Beijing,Transformer,7.583333,30.047255,test
2016-06-24 17:00:00,2016-06-25 05:00:00,12,Beijing,Transformer,8.5,31.125137,test
2016-06-24 18:00:00,2016-06-25 06:00:00,12,Beijing,Transformer,8.333333,30.971415,test
2016-06-24 19:00:00,2016-06-25 07:00:00,12,Beijing,Transformer,10.25,32.441566,test
2016-06-24 20:00:00,2016-06-25 08:00:00,12,Beijing,Transformer,11.5,31.870544,test
2016-06-24 21:00:00,2016-06-25 09:00:00,12,Beijing,Transformer,9.791667,31.389662,test
2016-06-24 22:00:00,2016-06-25 10:00:00,12,Beijing,Transformer,9.818182,31.644917,test
2016-06-24 23:00:00,2016-06-25 11:00:00,12,Beijing,Transformer,11.727273,30.747286,test
2016-06-25 00:00:00,2016-06-25 12:00:00,12,Beijing,Transformer,13.727273,29.789305,test
2016-06-25 01:00:00,2016-06-25 13:00:00,12,Beijing,Transformer,18.181818,28.827826,test
2016-06-25 02:00:00,2016-06-25 14:00:00,12,Beijing,Transformer,20.181818,28.339624,test
2016-06-25 03:00:00,2016-06-25 15:00:00,12,Beijing,Transformer,21.727274,27.660004,test
2016-06-25 04:00:00,2016-06-25 16:00:00,12,Beijing,Transformer,22.0,25.900265,test
2016-06-25 05:00:00,2016-06-25 17:00:00,12,Beijing,Transformer,24.6,23.622238,test
2016-06-25 06:00:00,2016-06-25 18:00:00,12,Beijing,Transformer,24.909092,22.162914,test
2016-06-25 07:00:00,2016-06-25 19:00:00,12,Beijing,Transformer,27.363636,21.760895,test
2016-06-25 08:00:00,2016-06-25 20:00:00,12,Beijing,Transformer,24.909092,23.035803,test
2016-06-25 09:00:00,2016-06-25 21:00:00,12,Beijing,Transformer,32.454544,23.624218,test
2016-06-25 10:00:00,2016-06-25 22:00:00,12,Beijing,Transformer,32.636364,23.432638,test
2016-06-25 11:00:00,2016-06-25 23:00:00,12,Beijing,Transformer,34.0,23.040852,test
2016-06-25 12:00:00,2016-06-26 00:00:00,12,Beijing,Transformer,35.090908,22.169615,test
2016-06-25 13:00:00,2016-06-26 01:00:00,12,Beijing,Transformer,36.727272,22.406445,test
2016-06-25 14:00:00,2016-06-26 02:00:00,12,Beijing,Transformer,37.090908,23.57817,test
2016-06-25 15:00:00,2016-06-26 03:00:00,12,Beijing,Transformer,38.727272,25.110037,test
2016-06-25 16:00:00,2016-06-26 04:00:00,12,Beijing,Transformer,38.909092,25.191847,test
2016-06-25 17:00:00,2016-06-26 05:00:00,12,Beijing,Transformer,39.272728,25.595978,test
2016-06-25 18:00:00,2016-06-26 06:00:00,12,Beijing,Transformer,37.636364,25.095865,test
2016-06-25 19:00:00,2016-06-26 07:00:00,12,Beijing,Transformer,34.363636,26.820381,test
2016-06-25 20:00:00,2016-06-26 08:00:00,12,Beijing,Transformer,37.545456,29.246683,test
2016-06-25 21:00:00,2016-06-26 09:00:00,12,Beijing,Transformer,35.545456,32.25294,test
2016-06-25 22:00:00,2016-06-26 10:00:00,12,Beijing,Transformer,35.818184,32.795116,test
2016-06-25 23:00:00,2016-06-26 11:00:00,12,Beijing,Transformer,41.090908,33.113728,test
2016-06-26 00:00:00,2016-06-26 12:00:00,12,Beijing,Transformer,45.636364,30.892551,test
2016-06-26 01:00:00,2016-06-26 13:00:00,12,Beijing,Transformer,45.545456,30.466335,test
2016-06-26 02:00:00,2016-06-26 14:00:00,12,Beijing,Transformer,42.181816,30.135887,test
2016-06-26 03:00:00,2016-06-26 15:00:00,12,Beijing,Transformer,40.181816,31.822947,test
2016-06-26 04:00:00,2016-06-26 16:00:00,12,Beijing,Transformer,37.181816,32.23892,test
2016-06-26 05:00:00,2016-06-26 17:00:00,12,Beijing,Transformer,37.272728,33.97184,test
2016-06-26 06:00:00,2016-06-26 18:00:00,12,Beijing,Transformer,41.113636,35.785885,test
2016-06-26 07:00:00,2016-06-26 19:00:00,12,Beijing,Transformer,44.045456,35.95997,test
2016-06-26 08:00:00,2016-06-26 20:00:00,12,Beijing,Transformer,44.159092,36.488594,test
2016-06-26 09:00:00,2016-06-26 21:00:00,12,Beijing,Transformer,47.363636,37.535526,test
2016-06-26 10:00:00,2016-06-26 22:00:00,12,Beijing,Transformer,46.090908,40.899868,test
2016-06-26 11:00:00,2016-06-26 23:00:00,12,Beijing,Transformer,45.818184,42.50941,test
2016-06-26 12:00:00,2016-06-27 00:00:00,12,Beijing,Transformer,44.636364,43.87074,test
2016-06-26 13:00:00,2016-06-27 01:00:00,12,Beijing,Transformer,44.727272,45.333244,test
2016-06-26 14:00:00,2016-06-27 02:00:00,12,Beijing,Transformer,48.636364,44.310577,test
2016-06-26 15:00:00,2016-06-27 03:00:00,12,Beijing,Transformer,51.909092,37.51369,test
2016-06-26 16:00:00,2016-06-27 04:00:00,12,Beijing,Transformer,53.818184,34.705135,test
2016-06-26 17:00:00,2016-06-27 05:00:00,12,Beijing,Transformer,58.727272,32.777355,test
2016-06-26 18:00:00,2016-06-27 06:00:00,12,Beijing,Transformer,62.727272,37.08318,test
2016-06-26 19:00:00,2016-06-27 07:00:00,12,Beijing,Transformer,65.454544,51.93639,test
2016-06-26 20:00:00,2016-06-27 08:00:00,12,Beijing,Transformer,60.545456,63.21548,test
2016-06-26 21:00:00,2016-06-27 09:00:00,12,Beijing,Transformer,51.636364,68.96748,test
2016-06-26 22:00:00,2016-06-27 10:00:00,12,Beijing,Transformer,46.272728,66.120285,test
2016-06-26 23:00:00,2016-06-27 11:00:00,12,Beijing,Transformer,49.0,65.52745,test
2016-06-27 00:00:00,2016-06-27 12:00:00,12,Beijing,Transformer,55.5,62.627068,test
2016-06-27 01:00:00,2016-06-27 13:00:00,12,Beijing,Transformer,58.25,51.245876,test
2016-06-27 02:00:00,2016-06-27 14:00:00,12,Beijing,Transformer,70.5,50.019344,test
2016-06-27 03:00:00,2016-06-27 15:00:00,12,Beijing,Transformer,73.833336,50.090694,test
2016-06-27 04:00:00,2016-06-27 16:00:00,12,Beijing,Transformer,78.083336,51.22622,test
2016-06-27 05:00:00,2016-06-27 17:00:00,12,Beijing,Transformer,77.666664,52.656536,test
2016-06-27 06:00:00,2016-06-27 18:00:00,12,Beijing,Transformer,77.333336,55.56786,test
2016-06-27 07:00:00,2016-06-27 19:00:00,12,Beijing,Transformer,71.666664,57.55084,test
2016-06-27 08:00:00,2016-06-27 20:00:00,12,Beijing,Transformer,56.333332,41.349674,test
2016-06-27 09:00:00,2016-06-27 21:00:00,12,Beijing,Transformer,52.333332,41.759663,test
2016-06-27 10:00:00,2016-06-27 22:00:00,12,Beijing,Transformer,50.0,42.725002,test
2016-06-27 11:00:00,2016-06-27 23:00:00,12,Beijing,Transformer,52.75,44.815765,test
2016-06-27 12:00:00,2016-06-28 00:00:00,12,Beijing,Transformer,56.916668,52.57059,test
2016-06-27 13:00:00,2016-06-28 01:00:00,12,Beijing,Transformer,58.666668,53.048756,test
2016-06-27 14:00:00,2016-06-28 02:00:00,12,Beijing,Transformer,63.083332,57.001637,test
2016-06-27 15:00:00,2016-06-28 03:00:00,12,Beijing,Transformer,63.0,53.2786,test
2016-06-27 16:00:00,2016-06-28 04:00:00,12,Beijing,Transformer,62.583332,54.35042,test
2016-06-27 17:00:00,2016-06-28 05:00:00,12,Beijing,Transformer,62.333332,49.0765,test
2016-06-27 18:00:00,2016-06-28 06:00:00,12,Beijing,Transformer,59.416668,47.001854,test
2016-06-27 19:00:00,2016-06-28 07:00:00,12,Beijing,Transformer,50.083332,36.88737,test
2016-06-27 20:00:00,2016-06-28 08:00:00,12,Beijing,Transformer,33.416668,35.12423,test
2016-06-27 21:00:00,2016-06-28 09:00:00,12,Beijing,Transformer,30.083332,40.47942,test
2016-06-27 22:00:00,2016-06-28 10:00:00,12,Beijing,Transformer,29.25,46.789516,test
2016-06-27 23:00:00,2016-06-28 11:00:00,12,Beijing,Transformer,38.416668,45.94724,test
2016-06-28 00:00:00,2016-06-28 12:00:00,12,Beijing,Transformer,47.166668,42.465733,test
2016-06-28 01:00:00,2016-06-28 13:00:00,12,Beijing,Transformer,54.416668,41.880436,test
2016-06-28 02:00:00,2016-06-28 14:00:00,12,Beijing,Transformer,60.583332,41.187828,test
2016-06-28 03:00:00,2016-06-28 15:00:00,12,Beijing,Transformer,66.25,40.36542,test
2016-06-28 04:00:00,2016-06-28 16:00:00,12,Beijing,Transformer,75.666664,43.6695,test
2016-06-28 05:00:00,2016-06-28 17:00:00,12,Beijing,Transformer,87.0,57.78109,test
2016-06-28 06:00:00,2016-06-28 18:00:00,12,Beijing,Transformer,94.333336,61.632835,test
2016-06-28 07:00:00,2016-06-28 19:00:00,12,Beijing,Transformer,96.583336,56.571842,test
2016-06-28 08:00:00,2016-06-28 20:00:00,12,Beijing,Transformer,102.0,54.77743,test
2016-06-28 09:00:00,2016-06-28 21:00:00,12,Beijing,Transformer,108.166664,47.074863,test
2016-06-28 10:00:00,2016-06-28 22:00:00,12,Beijing,Transformer,111.416664,35.82136,test
2016-06-28 11:00:00,2016-06-28 23:00:00,12,Beijing,Transformer,111.833336,40.6919,test
2016-06-28 12:00:00,2016-06-29 00:00:00,12,Beijing,Transformer,106.916664,50.55125,test
2016-06-28 13:00:00,2016-06-29 01:00:00,12,Beijing,Transformer,101.166664,53.52817,test
2016-06-28 14:00:00,2016-06-29 02:00:00,12,Beijing,Transformer,98.0,52.728992,test
2016-06-28 15:00:00,2016-06-29 03:00:00,12,Beijing,Transformer,98.833336,48.390556,test
2016-06-28 16:00:00,2016-06-29 04:00:00,12,Beijing,Transformer,102.0,45.33119,test
2016-06-28 17:00:00,2016-06-29 05:00:00,12,Beijing,Transformer,106.5,46.539387,test
2016-06-28 18:00:00,2016-06-29 06:00:00,12,Beijing,Transformer,106.0,47.466778,test
2016-06-28 19:00:00,2016-06-29 07:00:00,12,Beijing,Transformer,108.583336,45.21316,test
2016-06-28 20:00:00,2016-06-29 08:00:00,12,Beijing,Transformer,117.166664,50.05186,test
2016-06-28 21:00:00,2016-06-29 09:00:00,12,Beijing,Transformer,119.833336,53.93012,test
2016-06-28 22:00:00,2016-06-29 10:00:00,12,Beijing,Transformer,114.75,53.56231,test
2016-06-28 23:00:00,2016-06-29 11:00:00,12,Beijing,Transformer,105.416664,59.755623,test
2016-06-29 00:00:00,2016-06-29 12:00:00,12,Beijing,Transformer,110.083336,50.52185,test
2016-06-29 01:00:00,2016-06-29 13:00:00,12,Beijing,Transformer,115.583336,52.72859,test
2016-06-29 02:00:00,2016-06-29 14:00:00,12,Beijing,Transformer,113.75,52.642258,test
2016-06-29 03:00:00,2016-06-29 15:00:00,12,Beijing,Transformer,110.25,56.43554,test
2016-06-29 04:00:00,2016-06-29 16:00:00,12,Beijing,Transformer,106.583336,71.491806,test
2016-06-29 05:00:00,2016-06-29 17:00:00,12,Beijing,Transformer,113.916664,88.20358,test
2016-06-29 06:00:00,2016-06-29 18:00:00,12,Beijing,Transformer,116.75,89.770805,test
2016-06-29 07:00:00,2016-06-29 19:00:00,12,Beijing,Transformer,122.583336,87.00072,test
2016-06-29 08:00:00,2016-06-29 20:00:00,12,Beijing,Transformer,120.416664,86.97717,test
2016-06-29 09:00:00,2016-06-29 21:00:00,12,Beijing,Transformer,123.083336,85.97609,test
2016-06-29 10:00:00,2016-06-29 22:00:00,12,Beijing,Transformer,115.083336,84.260185,test
2016-06-29 11:00:00,2016-06-29 23:00:00,12,Beijing,Transformer,106.666664,81.09819,test
2016-06-29 12:00:00,2016-06-30 00:00:00,12,Beijing,Transformer,89.333336,82.52643,test
2016-06-29 13:00:00,2016-06-30 01:00:00,12,Beijing,Transformer,80.583336,85.05147,test
2016-06-29 14:00:00,2016-06-30 02:00:00,12,Beijing,Transformer,82.166664,80.80411,test
2016-06-29 15:00:00,2016-06-30 03:00:00,12,Beijing,Transformer,67.0,75.51256,test
2016-06-29 16:00:00,2016-06-30 04:00:00,12,Beijing,Transformer,57.0,73.718124,test
2016-06-29 17:00:00,2016-06-30 05:00:00,12,Beijing,Transformer,56.25,75.650986,test
2016-06-29 18:00:00,2016-06-30 06:00:00,12,Beijing,Transformer,61.916668,56.613247,test
2016-06-29 19:00:00,2016-06-30 07:00:00,12,Beijing,Transformer,61.833332,65.57174,test
2016-06-29 20:00:00,2016-06-30 08:00:00,12,Beijing,Transformer,69.75,82.99366,test
2016-06-29 21:00:00,2016-06-30 09:00:00,12,Beijing,Transformer,71.583336,102.754974,test
2016-06-29 22:00:00,2016-06-30 10:00:00,12,Beijing,Transformer,67.0,113.05474,test
2016-06-29 23:00:00,2016-06-30 11:00:00,12,Beijing,Transformer,66.5,111.37908,test
2016-06-30 00:00:00,2016-06-30 12:00:00,12,Beijing,Transformer,56.75,66.4868,test
2016-06-30 01:00:00,2016-06-30 13:00:00,12,Beijing,Transformer,51.0,79.01999,test
2016-06-30 02:00:00,2016-06-30 14:00:00,12,Beijing,Transformer,48.25,82.70331,test
2016-06-30 03:00:00,2016-06-30 15:00:00,12,Beijing,Transformer,41.083332,78.90965,test
2016-06-30 04:00:00,2016-06-30 16:00:00,12,Beijing,Transformer,34.25,70.88014,test
2016-06-30 05:00:00,2016-06-30 17:00:00,12,Beijing,Transformer,30.25,60.721287,test
2016-06-30 06:00:00,2016-06-30 18:00:00,12,Beijing,Transformer,30.083332,43.61426,test
2016-06-30 07:00:00,2016-06-30 19:00:00,12,Beijing,Transformer,39.75,46.22954,test
2016-06-30 08:00:00,2016-06-30 20:00:00,12,Beijing,Transformer,56.75,46.028458,test
2016-06-30 09:00:00,2016-06-30 21:00:00,12,Beijing,Transformer,69.166664,44.08597,test
2016-06-30 10:00:00,2016-06-30 22:00:00,12,Beijing,Transformer,85.416664,45.52852,test
2016-06-30 11:00:00,2016-06-30 23:00:00,12,Beijing,Transformer,90.166664,48.41079,test
2016-06-30 12:00:00,2016-07-01 00:00:00,12,Beijing,Transformer,26.666668,46.116558,test
2016-06-30 13:00:00,2016-07-01 01:00:00,12,Beijing,Transformer,8.416667,47.195698,test
2016-06-30 14:00:00,2016-07-01 02:00:00,12,Beijing,Transformer,9.5,48.39473,test
2016-06-30 15:00:00,2016-07-01 03:00:00,12,Beijing,Transformer,9.583333,47.371532,test
2016-06-30 16:00:00,2016-07-01 04:00:00,12,Beijing,Transformer,10.916667,47.509686,test
2016-06-30 17:00:00,2016-07-01 05:00:00,12,Beijing,Transformer,10.75,48.729435,test
2016-06-30 18:00:00,2016-07-01 06:00:00,12,Beijing,Transformer,10.666667,47.872753,test
2016-06-30 19:00:00,2016-07-01 07:00:00,12,Beijing,Transformer,11.5,52.65417,test
2016-06-30 20:00:00,2016-07-01 08:00:00,12,Beijing,Transformer,10.416667,62.88056,test
2016-06-30 21:00:00,2016-07-01 09:00:00,12,Beijing,Transformer,8.333333,81.45426,test
2016-06-30 22:00:00,2016-07-01 10:00:00,12,Beijing,Transformer,6.666667,99.72476,test
2016-06-30 23:00:00,2016-07-01 11:00:00,12,Beijing,Transformer,7.666667,79.44429,test
2016-07-01 00:00:00,2016-07-01 12:00:00,12,Beijing,Transformer,6.833333,22.823662,test
2016-07-01 01:00:00,2016-07-01 13:00:00,12,Beijing,Transformer,8.833333,21.747368,test
2016-07-01 02:00:00,2016-07-01 14:00:00,12,Beijing,Transformer,9.138889,23.696636,test
2016-07-01 03:00:00,2016-07-01 15:00:00,12,Beijing,Transformer,9.194444,27.438444,test
2016-07-01 04:00:00,2016-07-01 16:00:00,12,Beijing,Transformer,7.333333,28.197548,test
2016-07-01 05:00:00,2016-07-01 17:00:00,12,Beijing,Transformer,10.083333,27.086899,test
2016-07-01 06:00:00,2016-07-01 18:00:00,12,Beijing,Transformer,15.25,26.840927,test
2016-07-01 07:00:00,2016-07-01 19:00:00,12,Beijing,Transformer,19.333332,26.393826,test
2016-07-01 08:00:00,2016-07-01 20:00:00,12,Beijing,Transformer,20.25,26.696507,test
2016-07-01 09:00:00,2016-07-01 21:00:00,12,Beijing,Transformer,23.25,25.652302,test
2016-07-01 10:00:00,2016-07-01 22:00:00,12,Beijing,Transformer,28.25,25.408031,test
2016-07-01 11:00:00,2016-07-01 23:00:00,12,Beijing,Transformer,27.583332,25.303776,test
2016-07-01 12:00:00,2016-07-02 00:00:00,12,Beijing,Transformer,27.583332,25.124905,test
2016-07-01 13:00:00,2016-07-02 01:00:00,12,Beijing,Transformer,31.166668,25.137413,test
2016-07-01 14:00:00,2016-07-02 02:00:00,12,Beijing,Transformer,35.5,24.403894,test
2016-07-01 15:00:00,2016-07-02 03:00:00,12,Beijing,Transformer,41.666668,23.94548,test
2016-07-01 16:00:00,2016-07-02 04:00:00,12,Beijing,Transformer,46.5,24.539793,test
2016-07-01 17:00:00,2016-07-02 05:00:00,12,Beijing,Transformer,49.416668,25.028957,test
2016-07-01 18:00:00,2016-07-02 06:00:00,12,Beijing,Transformer,58.5,25.90651,test
2016-07-01 19:00:00,2016-07-02 07:00:00,12,Beijing,Transformer,74.083336,26.892029,test
2016-07-01 20:00:00,2016-07-02 08:00:00,12,Beijing,Transformer,88.0,27.196682,test
2016-07-01 21:00:00,2016-07-02 09:00:00,12,Beijing,Transformer,84.541664,27.756296,test
2016-07-01 22:00:00,2016-07-02 10:00:00,12,Beijing,Transformer,71.583336,28.590183,test
2016-07-01 23:00:00,2016-07-02 11:00:00,12,Beijing,Transformer,64.041664,28.46025,test
2016-07-02 00:00:00,2016-07-02 12:00:00,12,Beijing,Transformer,58.083332,27.081944,test
2016-07-02 01:00:00,2016-07-02 13:00:00,12,Beijing,Transformer,43.375,25.580338,test
2016-07-02 02:00:00,2016-07-02 14:00:00,12,Beijing,Transformer,30.583332,25.627306,test
2016-07-02 03:00:00,2016-07-02 15:00:00,12,Beijing,Transformer,25.25,26.650972,test
2016-07-02 04:00:00,2016-07-02 16:00:00,12,Beijing,Transformer,22.75,28.581573,test
2016-07-02 05:00:00,2016-07-02 17:00:00,12,Beijing,Transformer,24.75,30.359108,test
2016-07-02 06:00:00,2016-07-02 18:00:00,12,Beijing,Transformer,26.666668,33.32884,test
2016-07-02 07:00:00,2016-07-02 19:00:00,12,Beijing,Transformer,24.625,37.552593,test
2016-07-02 08:00:00,2016-07-02 20:00:00,12,Beijing,Transformer,24.666668,41.47922,test
2016-07-02 09:00:00,2016-07-02 21:00:00,12,Beijing,Transformer,32.75,45.933712,test
2016-07-02 10:00:00,2016-07-02 22:00:00,12,Beijing,Transformer,38.958332,47.6641,test
2016-07-02 11:00:00,2016-07-02 23:00:00,12,Beijing,Transformer,43.75,49.830307,test
2016-07-02 12:00:00,2016-07-03 00:00:00,12,Beijing,Transformer,43.666668,55.787327,test
2016-07-02 13:00:00,2016-07-03 01:00:00,12,Beijing,Transformer,51.166668,47.95561,test
2016-07-02 14:00:00,2016-07-03 02:00:00,12,Beijing,Transformer,56.0,42.845085,test
2016-07-02 15:00:00,2016-07-03 03:00:00,12,Beijing,Transformer,59.416668,37.34676,test
2016-07-02 16:00:00,2016-07-03 04:00:00,12,Beijing,Transformer,61.333332,35.48881,test
2016-07-02 17:00:00,2016-07-03 05:00:00,12,Beijing,Transformer,57.666668,33.65907,test
2016-07-02 18:00:00,2016-07-03 06:00:00,12,Beijing,Transformer,59.416668,33.88519,test
2016-07-02 19:00:00,2016-07-03 07:00:00,12,Beijing,Transformer,64.25,34.486774,test
2016-07-02 20:00:00,2016-07-03 08:00:00,12,Beijing,Transformer,79.0,43.675327,test
2016-07-02 21:00:00,2016-07-03 09:00:00,12,Beijing,Transformer,89.833336,63.632786,test
2016-07-02 22:00:00,2016-07-03 10:00:00,12,Beijing,Transformer,91.833336,81.87303,test
2016-07-02 23:00:00,2016-07-03 11:00:00,12,Beijing,Transformer,89.333336,90.993065,test
2016-07-03 00:00:00,2016-07-03 12:00:00,12,Beijing,Transformer,89.333336,88.336525,test
2016-07-03 01:00:00,2016-07-03 13:00:00,12,Beijing,Transformer,83.166664,87.708115,test
2016-07-03 02:00:00,2016-07-03 14:00:00,12,Beijing,Transformer,76.416664,87.14589,test
2016-07-03 03:00:00,2016-07-03 15:00:00,12,Beijing,Transformer,75.833336,89.02608,test
2016-07-03 04:00:00,2016-07-03 16:00:00,12,Beijing,Transformer,76.166664,87.2086,test
2016-07-03 05:00:00,2016-07-03 17:00:00,12,Beijing,Transformer,78.25,73.03453,test
2016-07-03 06:00:00,2016-07-03 18:00:00,12,Beijing,Transformer,81.25,61.48185,test
2016-07-03 07:00:00,2016-07-03 19:00:00,12,Beijing,Transformer,92.0,59.160038,test
2016-07-03 08:00:00,2016-07-03 20:00:00,12,Beijing,Transformer,93.166664,64.06615,test
2016-07-03 09:00:00,2016-07-03 21:00:00,12,Beijing,Transformer,97.75,66.388916,test
2016-07-03 10:00:00,2016-07-03 22:00:00,12,Beijing,Transformer,107.083336,70.50012,test
2016-07-03 11:00:00,2016-07-03 23:00:00,12,Beijing,Transformer,115.666664,73.03299,test
2016-07-03 12:00:00,2016-07-04 00:00:00,12,Beijing,Transformer,128.25,72.81739,test
2016-07-03 13:00:00,2016-07-04 01:00:00,12,Beijing,Transformer,137.58333,70.643234,test
2016-07-03 14:00:00,2016-07-04 02:00:00,12,Beijing,Transformer,145.16667,71.283936,test
2016-07-03 15:00:00,2016-07-04 03:00:00,12,Beijing,Transformer,163.91667,68.00525,test
2016-07-03 16:00:00,2016-07-04 04:00:00,12,Beijing,Transformer,200.58333,66.244736,test
2016-07-03 17:00:00,2016-07-04 05:00:00,12,Beijing,Transformer,208.66667,55.70886,test
2016-07-03 18:00:00,2016-07-04 06:00:00,12,Beijing,Transformer,202.0,42.43118,test
2016-07-03 19:00:00,2016-07-04 07:00:00,12,Beijing,Transformer,197.25,46.64828,test
2016-07-03 20:00:00,2016-07-04 08:00:00,12,Beijing,Transformer,185.16667,54.604065,test
2016-07-03 21:00:00,2016-07-04 09:00:00,12,Beijing,Transformer,172.08333,65.830605,test
2016-07-03 22:00:00,2016-07-04 10:00:00,12,Beijing,Transformer,150.25,71.14432,test
2016-07-03 23:00:00,2016-07-04 11:00:00,12,Beijing,Transformer,126.916664,69.695145,test
2016-07-04 00:00:00,2016-07-04 12:00:00,12,Beijing,Transformer,112.333336,107.87993,test
2016-07-04 01:00:00,2016-07-04 13:00:00,12,Beijing,Transformer,103.75,91.865005,test
2016-07-04 02:00:00,2016-07-04 14:00:00,12,Beijing,Transformer,108.083336,86.27962,test
2016-07-04 03:00:00,2016-07-04 15:00:00,12,Beijing,Transformer,108.208336,85.062584,test
2016-07-04 04:00:00,2016-07-04 16:00:00,12,Beijing,Transformer,101.916664,86.9396,test
2016-07-04 05:00:00,2016-07-04 17:00:00,12,Beijing,Transformer,100.916664,83.8788,test
2016-07-04 06:00:00,2016-07-04 18:00:00,12,Beijing,Transformer,103.166664,80.05175,test
2016-07-04 07:00:00,2016-07-04 19:00:00,12,Beijing,Transformer,102.333336,71.12982,test
2016-07-04 08:00:00,2016-07-04 20:00:00,12,Beijing,Transformer,99.25,70.88289,test
2016-07-04 09:00:00,2016-07-04 21:00:00,12,Beijing,Transformer,71.583336,70.28728,test
2016-07-04 10:00:00,2016-07-04 22:00:00,12,Beijing,Transformer,56.916668,68.8329,test
2016-07-04 11:00:00,2016-07-04 23:00:00,12,Beijing,Transformer,49.944443,70.786835,test
2016-07-04 12:00:00,2016-07-05 00:00:00,12,Beijing,Transformer,60.13889,70.95839,test
2016-07-04 13:00:00,2016-07-05 01:00:00,12,Beijing,Transformer,80.833336,77.48986,test
2016-07-04 14:00:00,2016-07-05 02:00:00,12,Beijing,Transformer,100.666664,81.54964,test
2016-07-04 15:00:00,2016-07-05 03:00:00,12,Beijing,Transformer,110.0,84.715355,test
2016-07-04 16:00:00,2016-07-05 04:00:00,12,Beijing,Transformer,112.75,87.8196,test
2016-07-04 17:00:00,2016-07-05 05:00:00,12,Beijing,Transformer,115.75,90.09451,test
2016-07-04 18:00:00,2016-07-05 06:00:00,12,Beijing,Transformer,113.0,91.862595,test
2016-07-04 19:00:00,2016-07-05 07:00:00,12,Beijing,Transformer,110.583336,78.87973,test
2016-07-04 20:00:00,2016-07-05 08:00:00,12,Beijing,Transformer,109.666664,96.288864,test
2016-07-04 21:00:00,2016-07-05 09:00:00,12,Beijing,Transformer,101.583336,79.20209,test
2016-07-04 22:00:00,2016-07-05 10:00:00,12,Beijing,Transformer,98.25,84.39399,test
2016-07-04 23:00:00,2016-07-05 11:00:00,12,Beijing,Transformer,91.416664,74.84076,test
2016-07-05 00:00:00,2016-07-05 12:00:00,12,Beijing,Transformer,88.166664,81.48437,test
2016-07-05 01:00:00,2016-07-05 13:00:00,12,Beijing,Transformer,88.083336,87.19714,test
2016-07-05 02:00:00,2016-07-05 14:00:00,12,Beijing,Transformer,87.416664,92.1627,test
2016-07-05 03:00:00,2016-07-05 15:00:00,12,Beijing,Transformer,83.583336,95.19809,test
2016-07-05 04:00:00,2016-07-05 16:00:00,12,Beijing,Transformer,85.333336,105.440544,test
2016-07-05 05:00:00,2016-07-05 17:00:00,12,Beijing,Transformer,81.916664,101.5672,test
2016-07-05 06:00:00,2016-07-05 18:00:00,12,Beijing,Transformer,79.166664,99.1165,test
2016-07-05 07:00:00,2016-07-05 19:00:00,12,Beijing,Transformer,79.833336,88.17111,test
2016-07-05 08:00:00,2016-07-05 20:00:00,12,Beijing,Transformer,81.333336,86.86911,test
2016-07-05 09:00:00,2016-07-05 21:00:00,12,Beijing,Transformer,85.25,79.24562,test
2016-07-05 10:00:00,2016-07-05 22:00:00,12,Beijing,Transformer,92.5,81.953735,test
2016-07-05 11:00:00,2016-07-05 23:00:00,12,Beijing,Transformer,99.833336,76.79431,test
2016-07-05 12:00:00,2016-07-06 00:00:00,12,Beijing,Transformer,95.583336,75.70089,test
2016-07-05 13:00:00,2016-07-06 01:00:00,12,Beijing,Transformer,83.25,72.559204,test
2016-07-05 14:00:00,2016-07-06 02:00:00,12,Beijing,Transformer,73.083336,73.812416,test
2016-07-05 15:00:00,2016-07-06 03:00:00,12,Beijing,Transformer,64.5,74.10664,test
2016-07-05 16:00:00,2016-07-06 04:00:00,12,Beijing,Transformer,62.166668,74.50447,test
2016-07-05 17:00:00,2016-07-06 05:00:00,12,Beijing,Transformer,72.666664,69.99428,test
2016-07-05 18:00:00,2016-07-06 06:00:00,12,Beijing,Transformer,76.083336,71.70284,test
2016-07-05 19:00:00,2016-07-06 07:00:00,12,Beijing,Transformer,87.0,76.23163,test
2016-07-05 20:00:00,2016-07-06 08:00:00,12,Beijing,Transformer,99.0,76.64258,test
2016-07-05 21:00:00,2016-07-06 09:00:00,12,Beijing,Transformer,102.75,96.53799,test
2016-07-05 22:00:00,2016-07-06 10:00:00,12,Beijing,Transformer,104.666664,109.84385,test
2016-07-05 23:00:00,2016-07-06 11:00:00,12,Beijing,Transformer,102.666664,111.63806,test
2016-07-06 00:00:00,2016-07-06 12:00:00,12,Beijing,Transformer,95.25,90.732025,test
2016-07-06 01:00:00,2016-07-06 13:00:00,12,Beijing,Transformer,81.833336,63.55122,test
2016-07-06 02:00:00,2016-07-06 14:00:00,12,Beijing,Transformer,73.333336,58.46999,test
2016-07-06 03:00:00,2016-07-06 15:00:00,12,Beijing,Transformer,66.0,56.883816,test
2016-07-06 04:00:00,2016-07-06 16:00:00,12,Beijing,Transformer,53.083332,57.62952,test
2016-07-06 05:00:00,2016-07-06 17:00:00,12,Beijing,Transformer,45.833332,58.68471,test
2016-07-06 06:00:00,2016-07-06 18:00:00,12,Beijing,Transformer,43.916668,57.249836,test
2016-07-06 07:00:00,2016-07-06 19:00:00,12,Beijing,Transformer,47.583332,57.595512,test
2016-07-06 08:00:00,2016-07-06 20:00:00,12,Beijing,Transformer,54.416668,59.45793,test
2016-07-06 09:00:00,2016-07-06 21:00:00,12,Beijing,Transformer,63.25,62.345924,test
2016-07-06 10:00:00,2016-07-06 22:00:00,12,Beijing,Transformer,73.0,66.41287,test
2016-07-06 11:00:00,2016-07-06 23:00:00,12,Beijing,Transformer,80.666664,68.60451,test
2016-07-06 12:00:00,2016-07-07 00:00:00,12,Beijing,Transformer,85.666664,67.18683,test
2016-07-06 13:00:00,2016-07-07 01:00:00,12,Beijing,Transformer,87.916664,62.926647,test
2016-07-06 14:00:00,2016-07-07 02:00:00,12,Beijing,Transformer,92.333336,54.76475,test
2016-07-06 15:00:00,2016-07-07 03:00:00,12,Beijing,Transformer,92.416664,53.86326,test
2016-07-06 16:00:00,2016-07-07 04:00:00,12,Beijing,Transformer,97.166664,53.775425,test
2016-07-06 17:00:00,2016-07-07 05:00:00,12,Beijing,Transformer,104.916664,52.972675,test
2016-07-06 18:00:00,2016-07-07 06:00:00,12,Beijing,Transformer,120.583336,52.78587,test
2016-07-06 19:00:00,2016-07-07 07:00:00,12,Beijing,Transformer,116.916664,57.155636,test
2016-07-06 20:00:00,2016-07-07 08:00:00,12,Beijing,Transformer,119.75,62.854256,test
2016-07-06 21:00:00,2016-07-07 09:00:00,12,Beijing,Transformer,121.083336,77.24544,test
2016-07-06 22:00:00,2016-07-07 10:00:00,12,Beijing,Transformer,125.916664,84.13468,test
2016-07-06 23:00:00,2016-07-07 11:00:00,12,Beijing,Transformer,128.91667,81.198364,test
2016-07-07 00:00:00,2016-07-07 12:00:00,12,Beijing,Transformer,128.66667,82.944305,test
2016-07-07 01:00:00,2016-07-07 13:00:00,12,Beijing,Transformer,126.75,71.40307,test
2016-07-07 02:00:00,2016-07-07 14:00:00,12,Beijing,Transformer,118.666664,78.45142,test
2016-07-07 03:00:00,2016-07-07 15:00:00,12,Beijing,Transformer,113.5,78.0625,test
2016-07-07 04:00:00,2016-07-07 16:00:00,12,Beijing,Transformer,110.083336,84.742004,test
2016-07-07 05:00:00,2016-07-07 17:00:00,12,Beijing,Transformer,110.916664,87.34151,test
2016-07-07 06:00:00,2016-07-07 18:00:00,12,Beijing,Transformer,112.916664,90.99747,test
2016-07-07 07:00:00,2016-07-07 19:00:00,12,Beijing,Transformer,121.416664,89.19322,test
2016-07-07 08:00:00,2016-07-07 20:00:00,12,Beijing,Transformer,120.583336,92.07428,test
2016-07-07 09:00:00,2016-07-07 21:00:00,12,Beijing,Transformer,103.583336,97.78459,test
2016-07-07 10:00:00,2016-07-07 22:00:00,12,Beijing,Transformer,91.333336,103.93217,test
2016-07-07 11:00:00,2016-07-07 23:00:00,12,Beijing,Transformer,82.75,108.25725,test
2016-07-07 12:00:00,2016-07-08 00:00:00,12,Beijing,Transformer,74.333336,107.67152,test
2016-07-07 13:00:00,2016-07-08 01:00:00,12,Beijing,Transformer,65.25,107.23451,test
2016-07-07 14:00:00,2016-07-08 02:00:00,12,Beijing,Transformer,63.916668,103.20732,test
2016-07-07 15:00:00,2016-07-08 03:00:00,12,Beijing,Transformer,61.0,104.21396,test
2016-07-07 16:00:00,2016-07-08 04:00:00,12,Beijing,Transformer,62.083332,110.63015,test
2016-07-07 17:00:00,2016-07-08 05:00:00,12,Beijing,Transformer,64.583336,96.89508,test
2016-07-07 18:00:00,2016-07-08 06:00:00,12,Beijing,Transformer,65.166664,106.10469,test
2016-07-07 19:00:00,2016-07-08 07:00:00,12,Beijing,Transformer,68.75,109.93029,test
2016-07-07 20:00:00,2016-07-08 08:00:00,12,Beijing,Transformer,71.0,119.6821,test
2016-07-07 21:00:00,2016-07-08 09:00:00,12,Beijing,Transformer,79.416664,116.62639,test
2016-07-07 22:00:00,2016-07-08 10:00:00,12,Beijing,Transformer,88.083336,100.02605,test
2016-07-07 23:00:00,2016-07-08 11:00:00,12,Beijing,Transformer,98.083336,92.71472,test
2016-07-08 00:00:00,2016-07-08 12:00:00,12,Beijing,Transformer,108.833336,84.34137,test
2016-07-08 01:00:00,2016-07-08 13:00:00,12,Beijing,Transformer,122.0,69.609764,test
2016-07-08 02:00:00,2016-07-08 14:00:00,12,Beijing,Transformer,130.16667,62.553745,test
2016-07-08 03:00:00,2016-07-08 15:00:00,12,Beijing,Transformer,131.58333,59.00594,test
2016-07-08 04:00:00,2016-07-08 16:00:00,12,Beijing,Transformer,125.416664,55.51258,test
2016-07-08 05:00:00,2016-07-08 17:00:00,12,Beijing,Transformer,117.5,59.33893,test
2016-07-08 06:00:00,2016-07-08 18:00:00,12,Beijing,Transformer,111.666664,65.47591,test
2016-07-08 07:00:00,2016-07-08 19:00:00,12,Beijing,Transformer,105.166664,65.94903,test
2016-07-08 08:00:00,2016-07-08 20:00:00,12,Beijing,Transformer,110.5,65.89322,test
2016-07-08 09:00:00,2016-07-08 21:00:00,12,Beijing,Transformer,119.583336,66.634125,test
2016-07-08 10:00:00,2016-07-08 22:00:00,12,Beijing,Transformer,96.166664,69.411026,test
2016-07-08 11:00:00,2016-07-08 23:00:00,12,Beijing,Transformer,69.833336,74.09113,test
2016-07-08 12:00:00,2016-07-09 00:00:00,12,Beijing,Transformer,61.0,79.4499,test
2016-07-08 13:00:00,2016-07-09 01:00:00,12,Beijing,Transformer,56.333332,86.01166,test
2016-07-08 14:00:00,2016-07-09 02:00:00,12,Beijing,Transformer,56.333332,90.49329,test
2016-07-08 15:00:00,2016-07-09 03:00:00,12,Beijing,Transformer,62.333332,95.996445,test
2016-07-08 16:00:00,2016-07-09 04:00:00,12,Beijing,Transformer,65.583336,97.906296,test
2016-07-08 17:00:00,2016-07-09 05:00:00,12,Beijing,Transformer,64.416664,94.877464,test
2016-07-08 18:00:00,2016-07-09 06:00:00,12,Beijing,Transformer,65.333336,85.98779,test
2016-07-08 19:00:00,2016-07-09 07:00:00,12,Beijing,Transformer,68.166664,92.21809,test
2016-07-08 20:00:00,2016-07-09 08:00:00,12,Beijing,Transformer,75.5,103.27652,test
2016-07-08 21:00:00,2016-07-09 09:00:00,12,Beijing,Transformer,82.583336,120.16574,test
2016-07-08 22:00:00,2016-07-09 10:00:00,12,Beijing,Transformer,89.666664,109.34447,test
2016-07-08 23:00:00,2016-07-09 11:00:00,12,Beijing,Transformer,98.333336,57.995895,test
2016-07-09 00:00:00,2016-07-09 12:00:00,12,Beijing,Transformer,106.0,63.024082,test
2016-07-09 01:00:00,2016-07-09 13:00:00,12,Beijing,Transformer,107.833336,71.7083,test
2016-07-09 02:00:00,2016-07-09 14:00:00,12,Beijing,Transformer,95.25,85.77952,test
2016-07-09 03:00:00,2016-07-09 15:00:00,12,Beijing,Transformer,84.333336,93.81975,test
2016-07-09 04:00:00,2016-07-09 16:00:00,12,Beijing,Transformer,82.416664,90.76155,test
2016-07-09 05:00:00,2016-07-09 17:00:00,12,Beijing,Transformer,83.166664,80.976906,test
2016-07-09 06:00:00,2016-07-09 18:00:00,12,Beijing,Transformer,82.916664,80.23233,test
2016-07-09 07:00:00,2016-07-09 19:00:00,12,Beijing,Transformer,80.333336,80.94111,test
2016-07-09 08:00:00,2016-07-09 20:00:00,12,Beijing,Transformer,85.0,84.19582,test
2016-07-09 09:00:00,2016-07-09 21:00:00,12,Beijing,Transformer,92.0,82.95766,test
2016-07-09 10:00:00,2016-07-09 22:00:00,12,Beijing,Transformer,104.583336,84.40964,test
2016-07-09 11:00:00,2016-07-09 23:00:00,12,Beijing,Transformer,97.833336,86.98248,test
2016-07-09 12:00:00,2016-07-10 00:00:00,12,Beijing,Transformer,95.25,90.64584,test
2016-07-09 13:00:00,2016-07-10 01:00:00,12,Beijing,Transformer,98.083336,88.279755,test
2016-07-09 14:00:00,2016-07-10 02:00:00,12,Beijing,Transformer,104.583336,78.32248,test
2016-07-09 15:00:00,2016-07-10 03:00:00,12,Beijing,Transformer,108.916664,76.20828,test
2016-07-09 16:00:00,2016-07-10 04:00:00,12,Beijing,Transformer,115.25,71.08266,test
2016-07-09 17:00:00,2016-07-10 05:00:00,12,Beijing,Transformer,119.916664,71.62976,test
2016-07-09 18:00:00,2016-07-10 06:00:00,12,Beijing,Transformer,126.166664,72.71028,test
2016-07-09 19:00:00,2016-07-10 07:00:00,12,Beijing,Transformer,135.25,74.39021,test
2016-07-09 20:00:00,2016-07-10 08:00:00,12,Beijing,Transformer,139.0,80.852264,test
2016-07-09 21:00:00,2016-07-10 09:00:00,12,Beijing,Transformer,146.25,90.75683,test
2016-07-09 22:00:00,2016-07-10 10:00:00,12,Beijing,Transformer,147.5,117.83951,test
2016-07-09 23:00:00,2016-07-10 11:00:00,12,Beijing,Transformer,133.75,112.26637,test
2016-07-10 00:00:00,2016-07-10 12:00:00,12,Beijing,Transformer,98.0,121.46835,test
2016-07-10 01:00:00,2016-07-10 13:00:00,12,Beijing,Transformer,77.666664,112.586296,test
2016-07-10 02:00:00,2016-07-10 14:00:00,12,Beijing,Transformer,65.5,117.57514,test
2016-07-10 03:00:00,2016-07-10 15:00:00,12,Beijing,Transformer,52.666668,117.57463,test
2016-07-10 04:00:00,2016-07-10 16:00:00,12,Beijing,Transformer,60.333332,115.19685,test
2016-07-10 05:00:00,2016-07-10 17:00:00,12,Beijing,Transformer,61.0,109.83502,test
2016-07-10 06:00:00,2016-07-10 18:00:00,12,Beijing,Transformer,63.666668,102.82757,test
2016-07-10 07:00:00,2016-07-10 19:00:00,12,Beijing,Transformer,61.666668,99.89504,test
2016-07-10 08:00:00,2016-07-10 20:00:00,12,Beijing,Transformer,58.416668,97.907135,test
2016-07-10 09:00:00,2016-07-10 21:00:00,12,Beijing,Transformer,53.833332,106.42076,test
2016-07-10 10:00:00,2016-07-10 22:00:00,12,Beijing,Transformer,57.5,108.285675,test
2016-07-10 11:00:00,2016-07-10 23:00:00,12,Beijing,Transformer,53.583332,101.97973,test
2016-07-10 12:00:00,2016-07-11 00:00:00,12,Beijing,Transformer,54.0,78.38159,test
2016-07-10 13:00:00,2016-07-11 01:00:00,12,Beijing,Transformer,55.916668,76.5788,test
2016-07-10 14:00:00,2016-07-11 02:00:00,12,Beijing,Transformer,64.166664,79.32784,test
2016-07-10 15:00:00,2016-07-11 03:00:00,12,Beijing,Transformer,73.166664,79.763145,test
2016-07-10 16:00:00,2016-07-11 04:00:00,12,Beijing,Transformer,80.916664,81.03725,test
2016-07-10 17:00:00,2016-07-11 05:00:00,12,Beijing,Transformer,87.416664,80.62549,test
2016-07-10 18:00:00,2016-07-11 06:00:00,12,Beijing,Transformer,92.833336,88.49892,test
2016-07-10 19:00:00,2016-07-11 07:00:00,12,Beijing,Transformer,99.0,98.182915,test
2016-07-10 20:00:00,2016-07-11 08:00:00,12,Beijing,Transformer,105.416664,89.9535,test
2016-07-10 21:00:00,2016-07-11 09:00:00,12,Beijing,Transformer,111.25,83.355896,test
2016-07-10 22:00:00,2016-07-11 10:00:00,12,Beijing,Transformer,114.02778,102.15231,test
2016-07-10 23:00:00,2016-07-11 11:00:00,12,Beijing,Transformer,113.55556,90.24165,test
2016-07-11 00:00:00,2016-07-11 12:00:00,12,Beijing,Transformer,105.09091,112.76277,test
2016-07-11 01:00:00,2016-07-11 13:00:00,12,Beijing,Transformer,89.545456,92.22252,test
2016-07-11 02:00:00,2016-07-11 14:00:00,12,Beijing,Transformer,88.27273,89.94532,test
2016-07-11 03:00:00,2016-07-11 15:00:00,12,Beijing,Transformer,92.09091,90.16354,test
2016-07-11 04:00:00,2016-07-11 16:00:00,12,Beijing,Transformer,90.36363,89.77841,test
2016-07-11 05:00:00,2016-07-11 17:00:00,12,Beijing,Transformer,85.90909,89.470276,test
2016-07-11 06:00:00,2016-07-11 18:00:00,12,Beijing,Transformer,89.27273,84.60215,test
2016-07-11 07:00:00,2016-07-11 19:00:00,12,Beijing,Transformer,92.36363,80.30475,test
2016-07-11 08:00:00,2016-07-11 20:00:00,12,Beijing,Transformer,86.09091,80.793365,test
2016-07-11 09:00:00,2016-07-11 21:00:00,12,Beijing,Transformer,79.36363,81.06263,test
2016-07-11 10:00:00,2016-07-11 22:00:00,12,Beijing,Transformer,76.36363,80.648224,test
2016-07-11 11:00:00,2016-07-11 23:00:00,12,Beijing,Transformer,68.545456,74.34412,test
2016-07-11 12:00:00,2016-07-12 00:00:00,12,Beijing,Transformer,61.272728,64.1745,test
2016-07-11 13:00:00,2016-07-12 01:00:00,12,Beijing,Transformer,58.181816,65.08676,test
2016-07-11 14:00:00,2016-07-12 02:00:00,12,Beijing,Transformer,60.909092,72.96073,test
2016-07-11 15:00:00,2016-07-12 03:00:00,12,Beijing,Transformer,59.090908,79.65852,test
2016-07-11 16:00:00,2016-07-12 04:00:00,12,Beijing,Transformer,58.909092,80.08609,test
2016-07-11 17:00:00,2016-07-12 05:00:00,12,Beijing,Transformer,59.545456,77.45519,test
2016-07-11 18:00:00,2016-07-12 06:00:00,12,Beijing,Transformer,61.545456,82.239426,test
2016-07-11 19:00:00,2016-07-12 07:00:00,12,Beijing,Transformer,64.545456,94.09284,test
2016-07-11 20:00:00,2016-07-12 08:00:00,12,Beijing,Transformer,69.36363,113.43678,test
2016-07-11 21:00:00,2016-07-12 09:00:00,12,Beijing,Transformer,50.166668,122.42423,test
2016-07-11 22:00:00,2016-07-12 10:00:00,12,Beijing,Transformer,31.083332,124.75749,test
2016-07-11 23:00:00,2016-07-12 11:00:00,12,Beijing,Transformer,26.090908,71.8651,test
2016-07-12 00:00:00,2016-07-12 12:00:00,12,Beijing,Transformer,13.0,67.8112,test
2016-07-12 01:00:00,2016-07-12 13:00:00,12,Beijing,Transformer,12.727273,68.08168,test
2016-07-12 02:00:00,2016-07-12 14:00:00,12,Beijing,Transformer,11.363636,67.983086,test
2016-07-12 03:00:00,2016-07-12 15:00:00,12,Beijing,Transformer,9.090909,62.313957,test
2016-07-12 04:00:00,2016-07-12 16:00:00,12,Beijing,Transformer,7.272727,63.80894,test
2016-07-12 05:00:00,2016-07-12 17:00:00,12,Beijing,Transformer,7.272727,53.318687,test
2016-07-12 06:00:00,2016-07-12 18:00:00,12,Beijing,Transformer,7.909091,55.769222,test
2016-07-12 07:00:00,2016-07-12 19:00:00,12,Beijing,Transformer,7.636364,58.27588,test
2016-07-12 08:00:00,2016-07-12 20:00:00,12,Beijing,Transformer,8.666667,48.611668,test
2016-07-12 09:00:00,2016-07-12 21:00:00,12,Beijing,Transformer,10.5,40.355553,test
2016-07-12 10:00:00,2016-07-12 22:00:00,12,Beijing,Transformer,12.833333,35.361706,test
2016-07-12 11:00:00,2016-07-12 23:00:00,12,Beijing,Transformer,12.166667,33.40383,test
2016-07-12 12:00:00,2016-07-13 00:00:00,12,Beijing,Transformer,11.083333,28.65209,test
2016-07-12 13:00:00,2016-07-13 01:00:00,12,Beijing,Transformer,12.583333,29.90329,test
2016-07-12 14:00:00,2016-07-13 02:00:00,12,Beijing,Transformer,12.083333,28.042858,test
2016-07-12 15:00:00,2016-07-13 03:00:00,12,Beijing,Transformer,16.083332,29.17593,test
2016-07-12 16:00:00,2016-07-13 04:00:00,12,Beijing,Transformer,19.333332,28.215916,test
2016-07-12 17:00:00,2016-07-13 05:00:00,12,Beijing,Transformer,17.833332,30.980068,test
2016-07-12 18:00:00,2016-07-13 06:00:00,12,Beijing,Transformer,18.916668,33.214043,test
2016-07-12 19:00:00,2016-07-13 07:00:00,12,Beijing,Transformer,18.25,31.29507,test
2016-07-12 20:00:00,2016-07-13 08:00:00,12,Beijing,Transformer,21.833332,25.219137,test
2016-07-12 21:00:00,2016-07-13 09:00:00,12,Beijing,Transformer,25.083332,26.065636,test
2016-07-12 22:00:00,2016-07-13 10:00:00,12,Beijing,Transformer,17.75,27.640516,test
2016-07-12 23:00:00,2016-07-13 11:00:00,12,Beijing,Transformer,10.666667,26.854277,test
2016-07-13 00:00:00,2016-07-13 12:00:00,12,Beijing,Transformer,11.75,25.038063,test
2016-07-13 01:00:00,2016-07-13 13:00:00,12,Beijing,Transformer,14.25,23.595755,test
2016-07-13 02:00:00,2016-07-13 14:00:00,12,Beijing,Transformer,12.583333,22.007582,test
2016-07-13 03:00:00,2016-07-13 15:00:00,12,Beijing,Transformer,16.166668,21.160816,test
2016-07-13 04:00:00,2016-07-13 16:00:00,12,Beijing,Transformer,18.333332,21.938568,test
2016-07-13 05:00:00,2016-07-13 17:00:00,12,Beijing,Transformer,17.833332,21.433102,test
2016-07-13 06:00:00,2016-07-13 18:00:00,12,Beijing,Transformer,19.666668,21.601353,test
2016-07-13 07:00:00,2016-07-13 19:00:00,12,Beijing,Transformer,20.458332,21.099342,test
2016-07-13 08:00:00,2016-07-13 20:00:00,12,Beijing,Transformer,24.916668,21.611172,test
2016-07-13 09:00:00,2016-07-13 21:00:00,12,Beijing,Transformer,29.083332,21.224485,test
2016-07-13 10:00:00,2016-07-13 22:00:00,12,Beijing,Transformer,30.083332,22.210001,test
2016-07-13 11:00:00,2016-07-13 23:00:00,12,Beijing,Transformer,31.0,23.797869,test
2016-07-13 12:00:00,2016-07-14 00:00:00,12,Beijing,Transformer,35.5,25.415222,test
2016-07-13 13:00:00,2016-07-14 01:00:00,12,Beijing,Transformer,35.166668,25.698149,test
2016-07-13 14:00:00,2016-07-14 02:00:00,12,Beijing,Transformer,30.583332,24.745472,test
2016-07-13 15:00:00,2016-07-14 03:00:00,12,Beijing,Transformer,29.75,23.390472,test
2016-07-13 16:00:00,2016-07-14 04:00:00,12,Beijing,Transformer,31.666668,23.273157,test
2016-07-13 17:00:00,2016-07-14 05:00:00,12,Beijing,Transformer,30.666668,23.070808,test
2016-07-13 18:00:00,2016-07-14 06:00:00,12,Beijing,Transformer,33.25,23.319616,test
2016-07-13 19:00:00,2016-07-14 07:00:00,12,Beijing,Transformer,36.25,24.387741,test
2016-07-13 20:00:00,2016-07-14 08:00:00,12,Beijing,Transformer,41.5,22.249382,test
2016-07-13 21:00:00,2016-07-14 09:00:00,12,Beijing,Transformer,42.25,23.135088,test
2016-07-13 22:00:00,2016-07-14 10:00:00,12,Beijing,Transformer,37.208332,23.861012,test
2016-07-13 23:00:00,2016-07-14 11:00:00,12,Beijing,Transformer,37.083332,23.518202,test
2016-07-14 00:00:00,2016-07-14 12:00:00,12,Beijing,Transformer,31.166668,20.813728,test
2016-07-14 01:00:00,2016-07-14 13:00:00,12,Beijing,Transformer,27.083332,21.975098,test
2016-07-14 02:00:00,2016-07-14 14:00:00,12,Beijing,Transformer,28.333332,22.265251,test
2016-07-14 03:00:00,2016-07-14 15:00:00,12,Beijing,Transformer,26.333332,25.018764,test
2016-07-14 04:00:00,2016-07-14 16:00:00,12,Beijing,Transformer,25.0,24.402477,test
2016-07-14 05:00:00,2016-07-14 17:00:00,12,Beijing,Transformer,27.666668,24.823357,test
2016-07-14 06:00:00,2016-07-14 18:00:00,12,Beijing,Transformer,34.416668,25.880014,test
2016-07-14 07:00:00,2016-07-14 19:00:00,12,Beijing,Transformer,31.833332,26.213217,test
2016-07-14 08:00:00,2016-07-14 20:00:00,12,Beijing,Transformer,31.75,30.24852,test
2016-07-14 09:00:00,2016-07-14 21:00:00,12,Beijing,Transformer,40.583332,38.69643,test
2016-07-14 10:00:00,2016-07-14 22:00:00,12,Beijing,Transformer,52.333332,44.955944,test
2016-07-14 11:00:00,2016-07-14 23:00:00,12,Beijing,Transformer,51.833332,47.19235,test
2016-07-14 12:00:00,2016-07-15 00:00:00,12,Beijing,Transformer,51.25,48.940105,test
2016-07-14 13:00:00,2016-07-15 01:00:00,12,Beijing,Transformer,57.166668,50.928127,test
2016-07-14 14:00:00,2016-07-15 02:00:00,12,Beijing,Transformer,56.5,51.20133,test
2016-07-14 15:00:00,2016-07-15 03:00:00,12,Beijing,Transformer,45.666668,46.822018,test
2016-07-14 16:00:00,2016-07-15 04:00:00,12,Beijing,Transformer,35.416668,47.149303,test
2016-07-14 17:00:00,2016-07-15 05:00:00,12,Beijing,Transformer,33.416668,43.70039,test
2016-07-14 18:00:00,2016-07-15 06:00:00,12,Beijing,Transformer,28.416668,46.36381,test
2016-07-14 19:00:00,2016-07-15 07:00:00,12,Beijing,Transformer,24.583332,50.01604,test
2016-07-14 20:00:00,2016-07-15 08:00:00,12,Beijing,Transformer,24.583332,35.069347,test
2016-07-14 21:00:00,2016-07-15 09:00:00,12,Beijing,Transformer,28.75,40.906216,test
2016-07-14 22:00:00,2016-07-15 10:00:00,12,Beijing,Transformer,31.25,49.70641,test
2016-07-14 23:00:00,2016-07-15 11:00:00,12,Beijing,Transformer,29.583332,49.315983,test
2016-07-15 00:00:00,2016-07-15 12:00:00,12,Beijing,Transformer,32.25,55.49754,test
2016-07-15 01:00:00,2016-07-15 13:00:00,12,Beijing,Transformer,33.86667,64.38659,test
2016-07-15 02:00:00,2016-07-15 14:00:00,12,Beijing,Transformer,34.983334,69.50044,test
2016-07-15 03:00:00,2016-07-15 15:00:00,12,Beijing,Transformer,34.1,66.71076,test
2016-07-15 04:00:00,2016-07-15 16:00:00,12,Beijing,Transformer,33.05,55.77454,test
2016-07-15 05:00:00,2016-07-15 17:00:00,12,Beijing,Transformer,31.666668,53.98357,test
2016-07-15 06:00:00,2016-07-15 18:00:00,12,Beijing,Transformer,30.583332,57.086575,test
2016-07-15 07:00:00,2016-07-15 19:00:00,12,Beijing,Transformer,31.5,61.665752,test
2016-07-15 08:00:00,2016-07-15 20:00:00,12,Beijing,Transformer,32.083332,62.366833,test
2016-07-15 09:00:00,2016-07-15 21:00:00,12,Beijing,Transformer,34.0,60.284107,test
2016-07-15 10:00:00,2016-07-15 22:00:00,12,Beijing,Transformer,32.666668,54.233166,test
2016-07-15 11:00:00,2016-07-15 23:00:00,12,Beijing,Transformer,33.833332,52.12334,test
2016-07-15 12:00:00,2016-07-16 00:00:00,12,Beijing,Transformer,33.916668,49.624344,test
2016-07-15 13:00:00,2016-07-16 01:00:00,12,Beijing,Transformer,32.0,48.520008,test
2016-07-15 14:00:00,2016-07-16 02:00:00,12,Beijing,Transformer,30.75,46.08859,test
2016-07-15 15:00:00,2016-07-16 03:00:00,12,Beijing,Transformer,29.25,42.89353,test
2016-07-15 16:00:00,2016-07-16 04:00:00,12,Beijing,Transformer,28.833332,44.464592,test
2016-07-15 17:00:00,2016-07-16 05:00:00,12,Beijing,Transformer,29.416668,34.883087,test
2016-07-15 18:00:00,2016-07-16 06:00:00,12,Beijing,Transformer,31.166668,32.595943,test
2016-07-15 19:00:00,2016-07-16 07:00:00,12,Beijing,Transformer,29.333332,29.85916,test
2016-07-15 20:00:00,2016-07-16 08:00:00,12,Beijing,Transformer,29.666668,27.192797,test
2016-07-15 21:00:00,2016-07-16 09:00:00,12,Beijing,Transformer,28.166668,26.3755,test
2016-07-15 22:00:00,2016-07-16 10:00:00,12,Beijing,Transformer,30.5,27.684132,test
2016-07-15 23:00:00,2016-07-16 11:00:00,12,Beijing,Transformer,31.75,27.532173,test
2016-07-16 00:00:00,2016-07-16 12:00:00,12,Beijing,Transformer,35.333332,30.394749,test
2016-07-16 01:00:00,2016-07-16 13:00:00,12,Beijing,Transformer,37.583332,29.129894,test
2016-07-16 02:00:00,2016-07-16 14:00:00,12,Beijing,Transformer,38.916668,27.854572,test
2016-07-16 03:00:00,2016-07-16 15:00:00,12,Beijing,Transformer,41.166668,29.743126,test
2016-07-16 04:00:00,2016-07-16 16:00:00,12,Beijing,Transformer,38.083332,28.820822,test
2016-07-16 05:00:00,2016-07-16 17:00:00,12,Beijing,Transformer,38.666668,31.199055,test
2016-07-16 06:00:00,2016-07-16 18:00:00,12,Beijing,Transformer,39.833332,32.16929,test
2016-07-16 07:00:00,2016-07-16 19:00:00,12,Beijing,Transformer,40.583332,30.147545,test
2016-07-16 08:00:00,2016-07-16 20:00:00,12,Beijing,Transformer,42.833332,31.253874,test
2016-07-16 09:00:00,2016-07-16 21:00:00,12,Beijing,Transformer,45.0,32.23928,test
2016-07-16 10:00:00,2016-07-16 22:00:00,12,Beijing,Transformer,46.5,34.885147,test
2016-07-16 11:00:00,2016-07-16 23:00:00,12,Beijing,Transformer,47.666668,32.867138,test
2016-07-16 12:00:00,2016-07-17 00:00:00,12,Beijing,Transformer,51.416668,35.63637,test
2016-07-16 13:00:00,2016-07-17 01:00:00,12,Beijing,Transformer,48.75,37.238155,test
2016-07-16 14:00:00,2016-07-17 02:00:00,12,Beijing,Transformer,49.416668,39.187283,test
2016-07-16 15:00:00,2016-07-17 03:00:00,12,Beijing,Transformer,49.583332,39.299038,test
2016-07-16 16:00:00,2016-07-17 04:00:00,12,Beijing,Transformer,50.25,36.650204,test
2016-07-16 17:00:00,2016-07-17 05:00:00,12,Beijing,Transformer,52.0,35.869125,test
2016-07-16 18:00:00,2016-07-17 06:00:00,12,Beijing,Transformer,53.083332,32.98598,test
2016-07-16 19:00:00,2016-07-17 07:00:00,12,Beijing,Transformer,54.25,32.11046,test
2016-07-16 20:00:00,2016-07-17 08:00:00,12,Beijing,Transformer,61.25,27.340088,test
2016-07-16 21:00:00,2016-07-17 09:00:00,12,Beijing,Transformer,73.166664,28.643435,test
2016-07-16 22:00:00,2016-07-17 10:00:00,12,Beijing,Transformer,82.25,27.728405,test
2016-07-16 23:00:00,2016-07-17 11:00:00,12,Beijing,Transformer,85.166664,30.242752,test
2016-07-17 00:00:00,2016-07-17 12:00:00,12,Beijing,Transformer,89.083336,31.709352,test
2016-07-17 01:00:00,2016-07-17 13:00:00,12,Beijing,Transformer,90.541664,28.222513,test
2016-07-17 02:00:00,2016-07-17 14:00:00,12,Beijing,Transformer,94.916664,27.616608,test
2016-07-17 03:00:00,2016-07-17 15:00:00,12,Beijing,Transformer,99.666664,28.561295,test
2016-07-17 04:00:00,2016-07-17 16:00:00,12,Beijing,Transformer,98.083336,29.200666,test
2016-07-17 05:00:00,2016-07-17 17:00:00,12,Beijing,Transformer,86.625,29.761395,test
2016-07-17 06:00:00,2016-07-17 18:00:00,12,Beijing,Transformer,76.333336,32.057438,test
2016-07-17 07:00:00,2016-07-17 19:00:00,12,Beijing,Transformer,81.0,34.162342,test
2016-07-17 08:00:00,2016-07-17 20:00:00,12,Beijing,Transformer,89.333336,37.56355,test
2016-07-17 09:00:00,2016-07-17 21:00:00,12,Beijing,Transformer,99.916664,41.220524,test
2016-07-17 10:00:00,2016-07-17 22:00:00,12,Beijing,Transformer,103.083336,47.67268,test
2016-07-17 11:00:00,2016-07-17 23:00:00,12,Beijing,Transformer,102.416664,50.65601,test
2016-07-17 12:00:00,2016-07-18 00:00:00,12,Beijing,Transformer,105.166664,54.801075,test
2016-07-17 13:00:00,2016-07-18 01:00:00,12,Beijing,Transformer,115.5,59.771908,test
2016-07-17 14:00:00,2016-07-18 02:00:00,12,Beijing,Transformer,115.416664,61.057415,test
2016-07-17 15:00:00,2016-07-18 03:00:00,12,Beijing,Transformer,106.5,64.342255,test
2016-07-17 16:00:00,2016-07-18 04:00:00,12,Beijing,Transformer,102.0,69.599915,test
2016-07-17 17:00:00,2016-07-18 05:00:00,12,Beijing,Transformer,103.833336,73.587204,test
2016-07-17 18:00:00,2016-07-18 06:00:00,12,Beijing,Transformer,109.72727,76.609955,test
2016-07-17 19:00:00,2016-07-18 07:00:00,12,Beijing,Transformer,115.818184,84.951355,test
2016-07-17 20:00:00,2016-07-18 08:00:00,12,Beijing,Transformer,121.72727,90.614105,test
2016-07-17 21:00:00,2016-07-18 09:00:00,12,Beijing,Transformer,115.09091,101.52269,test
2016-07-17 22:00:00,2016-07-18 10:00:00,12,Beijing,Transformer,111.181816,119.168755,test
2016-07-17 23:00:00,2016-07-18 11:00:00,12,Beijing,Transformer,109.63637,135.31615,test
2016-07-18 00:00:00,2016-07-18 12:00:00,12,Beijing,Transformer,108.90909,139.90855,test
2016-07-18 01:00:00,2016-07-18 13:00:00,12,Beijing,Transformer,111.63637,145.56859,test
2016-07-18 02:00:00,2016-07-18 14:00:00,12,Beijing,Transformer,110.454544,143.51181,test
2016-07-18 03:00:00,2016-07-18 15:00:00,12,Beijing,Transformer,107.72727,145.44518,test
2016-07-18 04:00:00,2016-07-18 16:00:00,12,Beijing,Transformer,104.63637,157.23271,test
2016-07-18 05:00:00,2016-07-18 17:00:00,12,Beijing,Transformer,102.25,146.34552,test
2016-07-18 06:00:00,2016-07-18 18:00:00,12,Beijing,Transformer,98.583336,140.94295,test
2016-07-18 07:00:00,2016-07-18 19:00:00,12,Beijing,Transformer,100.333336,123.273735,test
2016-07-18 08:00:00,2016-07-18 20:00:00,12,Beijing,Transformer,104.833336,111.690956,test
2016-07-18 09:00:00,2016-07-18 21:00:00,12,Beijing,Transformer,110.416664,104.32311,test
2016-07-18 10:00:00,2016-07-18 22:00:00,12,Beijing,Transformer,99.833336,102.65668,test
2016-07-18 11:00:00,2016-07-18 23:00:00,12,Beijing,Transformer,83.666664,100.58524,test
2016-07-18 12:00:00,2016-07-19 00:00:00,12,Beijing,Transformer,73.416664,91.4851,test
2016-07-18 13:00:00,2016-07-19 01:00:00,12,Beijing,Transformer,77.5,90.46846,test
2016-07-18 14:00:00,2016-07-19 02:00:00,12,Beijing,Transformer,80.416664,83.01953,test
2016-07-18 15:00:00,2016-07-19 03:00:00,12,Beijing,Transformer,93.666664,74.37961,test
2016-07-18 16:00:00,2016-07-19 04:00:00,12,Beijing,Transformer,104.416664,70.52858,test
2016-07-18 17:00:00,2016-07-19 05:00:00,12,Beijing,Transformer,111.916664,55.229015,test
2016-07-18 18:00:00,2016-07-19 06:00:00,12,Beijing,Transformer,134.33333,56.140854,test
2016-07-18 19:00:00,2016-07-19 07:00:00,12,Beijing,Transformer,144.0,64.95303,test
2016-07-18 20:00:00,2016-07-19 08:00:00,12,Beijing,Transformer,144.25,75.54296,test
2016-07-18 21:00:00,2016-07-19 09:00:00,12,Beijing,Transformer,132.58333,81.69395,test
2016-07-18 22:00:00,2016-07-19 10:00:00,12,Beijing,Transformer,125.083336,84.85184,test
2016-07-18 23:00:00,2016-07-19 11:00:00,12,Beijing,Transformer,103.833336,63.655315,test
2016-07-19 00:00:00,2016-07-19 12:00:00,12,Beijing,Transformer,83.583336,62.244003,test
2016-07-19 01:00:00,2016-07-19 13:00:00,12,Beijing,Transformer,76.0,70.01982,test
2016-07-19 02:00:00,2016-07-19 14:00:00,12,Beijing,Transformer,75.416664,76.22927,test
2016-07-19 03:00:00,2016-07-19 15:00:00,12,Beijing,Transformer,73.166664,89.52739,test
2016-07-19 04:00:00,2016-07-19 16:00:00,12,Beijing,Transformer,73.916664,99.24242,test
2016-07-19 05:00:00,2016-07-19 17:00:00,12,Beijing,Transformer,78.916664,108.86009,test
2016-07-19 06:00:00,2016-07-19 18:00:00,12,Beijing,Transformer,78.333336,98.08644,test
2016-07-19 07:00:00,2016-07-19 19:00:00,12,Beijing,Transformer,90.0,81.72444,test
2016-07-19 08:00:00,2016-07-19 20:00:00,12,Beijing,Transformer,94.05556,75.49376,test
2016-07-19 09:00:00,2016-07-19 21:00:00,12,Beijing,Transformer,92.02778,61.24212,test
2016-07-19 10:00:00,2016-07-19 22:00:00,12,Beijing,Transformer,89.583336,60.84271,test
2016-07-19 11:00:00,2016-07-19 23:00:00,12,Beijing,Transformer,95.0,58.094254,test
2016-07-19 12:00:00,2016-07-20 00:00:00,12,Beijing,Transformer,92.5,55.43674,test
2016-07-19 13:00:00,2016-07-20 01:00:00,12,Beijing,Transformer,91.416664,54.97985,test
2016-07-19 14:00:00,2016-07-20 02:00:00,12,Beijing,Transformer,89.0,57.286327,test
2016-07-19 15:00:00,2016-07-20 03:00:00,12,Beijing,Transformer,83.083336,55.90855,test
2016-07-19 16:00:00,2016-07-20 04:00:00,12,Beijing,Transformer,75.833336,58.976894,test
2016-07-19 17:00:00,2016-07-20 05:00:00,12,Beijing,Transformer,69.583336,57.456066,test
2016-07-19 18:00:00,2016-07-20 06:00:00,12,Beijing,Transformer,61.666668,60.532715,test
2016-07-19 19:00:00,2016-07-20 07:00:00,12,Beijing,Transformer,56.083332,71.92107,test
2016-07-19 20:00:00,2016-07-20 08:00:00,12,Beijing,Transformer,52.583332,73.34591,test
2016-07-19 21:00:00,2016-07-20 09:00:00,12,Beijing,Transformer,43.333332,71.09274,test
2016-07-19 22:00:00,2016-07-20 10:00:00,12,Beijing,Transformer,32.333332,60.477123,test
2016-07-19 23:00:00,2016-07-20 11:00:00,12,Beijing,Transformer,23.666668,55.70702,test
2016-07-20 00:00:00,2016-07-20 12:00:00,12,Beijing,Transformer,15.416667,57.41146,test
2016-07-20 01:00:00,2016-07-20 13:00:00,12,Beijing,Transformer,11.333333,60.353256,test
2016-07-20 02:00:00,2016-07-20 14:00:00,12,Beijing,Transformer,9.5,61.940697,test
2016-07-20 03:00:00,2016-07-20 15:00:00,12,Beijing,Transformer,8.416667,56.16553,test
2016-07-20 04:00:00,2016-07-20 16:00:00,12,Beijing,Transformer,6.416667,51.784615,test
2016-07-20 05:00:00,2016-07-20 17:00:00,12,Beijing,Transformer,5.916667,55.30691,test
2016-07-20 06:00:00,2016-07-20 18:00:00,12,Beijing,Transformer,6.333333,57.521164,test
2016-07-20 07:00:00,2016-07-20 19:00:00,12,Beijing,Transformer,5.916667,50.03021,test
2016-07-20 08:00:00,2016-07-20 20:00:00,12,Beijing,Transformer,6.75,36.952602,test
2016-07-20 09:00:00,2016-07-20 21:00:00,12,Beijing,Transformer,5.833333,23.330696,test
2016-07-20 10:00:00,2016-07-20 22:00:00,12,Beijing,Transformer,6.833333,17.04439,test
2016-07-20 11:00:00,2016-07-20 23:00:00,12,Beijing,Transformer,6.833333,16.557055,test
2016-07-20 12:00:00,2016-07-21 00:00:00,12,Beijing,Transformer,6.916667,16.600826,test
2016-07-20 13:00:00,2016-07-21 01:00:00,12,Beijing,Transformer,6.666667,17.006943,test
2016-07-20 14:00:00,2016-07-21 02:00:00,12,Beijing,Transformer,6.5,17.845892,test
2016-07-20 15:00:00,2016-07-21 03:00:00,12,Beijing,Transformer,6.75,18.170433,test
2016-07-20 16:00:00,2016-07-21 04:00:00,12,Beijing,Transformer,6.083333,17.829346,test
2016-07-20 17:00:00,2016-07-21 05:00:00,12,Beijing,Transformer,6.5,17.937721,test
2016-07-20 18:00:00,2016-07-21 06:00:00,12,Beijing,Transformer,8.0,17.902664,test
2016-07-20 19:00:00,2016-07-21 07:00:00,12,Beijing,Transformer,9.333333,18.313929,test
2016-07-20 20:00:00,2016-07-21 08:00:00,12,Beijing,Transformer,11.333333,19.259197,test
2016-07-20 21:00:00,2016-07-21 09:00:00,12,Beijing,Transformer,12.083333,18.566654,test
2016-07-20 22:00:00,2016-07-21 10:00:00,12,Beijing,Transformer,13.0,16.865175,test
2016-07-20 23:00:00,2016-07-21 11:00:00,12,Beijing,Transformer,13.416667,15.889366,test
2016-07-21 00:00:00,2016-07-21 12:00:00,12,Beijing,Transformer,18.5,16.287342,test
2016-07-21 01:00:00,2016-07-21 13:00:00,12,Beijing,Transformer,25.666668,16.5424,test
2016-07-21 02:00:00,2016-07-21 14:00:00,12,Beijing,Transformer,27.583332,17.10299,test
2016-07-21 03:00:00,2016-07-21 15:00:00,12,Beijing,Transformer,27.75,17.143185,test
2016-07-21 04:00:00,2016-07-21 16:00:00,12,Beijing,Transformer,34.583332,17.150269,test
2016-07-21 05:00:00,2016-07-21 17:00:00,12,Beijing,Transformer,37.833332,17.221224,test
2016-07-21 06:00:00,2016-07-21 18:00:00,12,Beijing,Transformer,45.083332,16.881365,test
2016-07-21 07:00:00,2016-07-21 19:00:00,12,Beijing,Transformer,47.833332,16.695034,test
2016-07-21 08:00:00,2016-07-21 20:00:00,12,Beijing,Transformer,49.75,17.216396,test
2016-07-21 09:00:00,2016-07-21 21:00:00,12,Beijing,Transformer,51.166668,17.959969,test
2016-07-21 10:00:00,2016-07-21 22:00:00,12,Beijing,Transformer,55.0,18.546055,test
2016-07-21 11:00:00,2016-07-21 23:00:00,12,Beijing,Transformer,58.75,18.53887,test
2016-07-21 12:00:00,2016-07-22 00:00:00,12,Beijing,Transformer,64.833336,18.787851,test
2016-07-21 13:00:00,2016-07-22 01:00:00,12,Beijing,Transformer,70.416664,16.632233,test
2016-07-21 14:00:00,2016-07-22 02:00:00,12,Beijing,Transformer,74.333336,16.37617,test
2016-07-21 15:00:00,2016-07-22 03:00:00,12,Beijing,Transformer,73.416664,17.461746,test
2016-07-21 16:00:00,2016-07-22 04:00:00,12,Beijing,Transformer,73.5,22.113012,test
2016-07-21 17:00:00,2016-07-22 05:00:00,12,Beijing,Transformer,70.0,23.024694,test
2016-07-21 18:00:00,2016-07-22 06:00:00,12,Beijing,Transformer,69.166664,23.204681,test
2016-07-21 19:00:00,2016-07-22 07:00:00,12,Beijing,Transformer,70.666664,23.402727,test
2016-07-21 20:00:00,2016-07-22 08:00:00,12,Beijing,Transformer,79.333336,24.83741,test
2016-07-21 21:00:00,2016-07-22 09:00:00,12,Beijing,Transformer,83.916664,25.253242,test
2016-07-21 22:00:00,2016-07-22 10:00:00,12,Beijing,Transformer,81.05,25.107391,test
2016-07-21 23:00:00,2016-07-22 11:00:00,12,Beijing,Transformer,81.76667,23.318401,test
2016-07-22 00:00:00,2016-07-22 12:00:00,12,Beijing,Transformer,83.9,24.022738,test
2016-07-22 01:00:00,2016-07-22 13:00:00,12,Beijing,Transformer,86.53333,24.18138,test
2016-07-22 02:00:00,2016-07-22 14:00:00,12,Beijing,Transformer,82.833336,25.104053,test
2016-07-22 03:00:00,2016-07-22 15:00:00,12,Beijing,Transformer,70.0,27.705114,test
2016-07-22 04:00:00,2016-07-22 16:00:00,12,Beijing,Transformer,68.09091,31.991829,test
2016-07-22 05:00:00,2016-07-22 17:00:00,12,Beijing,Transformer,64.818184,34.37829,test
2016-07-22 06:00:00,2016-07-22 18:00:00,12,Beijing,Transformer,58.909092,36.045918,test
2016-07-22 07:00:00,2016-07-22 19:00:00,12,Beijing,Transformer,55.818184,38.561535,test
2016-07-22 08:00:00,2016-07-22 20:00:00,12,Beijing,Transformer,55.545456,34.618885,test
2016-07-22 09:00:00,2016-07-22 21:00:00,12,Beijing,Transformer,68.818184,32.999313,test
2016-07-22 10:00:00,2016-07-22 22:00:00,12,Beijing,Transformer,88.545456,30.879421,test
2016-07-22 11:00:00,2016-07-22 23:00:00,12,Beijing,Transformer,100.454544,32.091446,test
2016-07-22 12:00:00,2016-07-23 00:00:00,12,Beijing,Transformer,108.545456,33.242306,test
2016-07-22 13:00:00,2016-07-23 01:00:00,12,Beijing,Transformer,114.454544,34.692814,test
2016-07-22 14:00:00,2016-07-23 02:00:00,12,Beijing,Transformer,116.09091,36.019196,test
2016-07-22 15:00:00,2016-07-23 03:00:00,12,Beijing,Transformer,116.181816,37.3281,test
2016-07-22 16:00:00,2016-07-23 04:00:00,12,Beijing,Transformer,117.27273,36.121708,test
2016-07-22 17:00:00,2016-07-23 05:00:00,12,Beijing,Transformer,113.818184,35.65489,test
2016-07-22 18:00:00,2016-07-23 06:00:00,12,Beijing,Transformer,110.90909,36.220146,test
2016-07-22 19:00:00,2016-07-23 07:00:00,12,Beijing,Transformer,109.181816,38.402935,test
2016-07-22 20:00:00,2016-07-23 08:00:00,12,Beijing,Transformer,114.454544,24.863476,test
2016-07-22 21:00:00,2016-07-23 09:00:00,12,Beijing,Transformer,129.63637,26.029396,test
2016-07-22 22:00:00,2016-07-23 10:00:00,12,Beijing,Transformer,141.4,28.552563,test
2016-07-22 23:00:00,2016-07-23 11:00:00,12,Beijing,Transformer,136.0,32.08206,test
2016-07-23 00:00:00,2016-07-23 12:00:00,12,Beijing,Transformer,129.8,39.725132,test
2016-07-23 01:00:00,2016-07-23 13:00:00,12,Beijing,Transformer,133.8,48.252674,test
2016-07-23 02:00:00,2016-07-23 14:00:00,12,Beijing,Transformer,141.6,52.851334,test
2016-07-23 03:00:00,2016-07-23 15:00:00,12,Beijing,Transformer,152.4,51.39889,test
2016-07-23 04:00:00,2016-07-23 16:00:00,12,Beijing,Transformer,161.2,52.978996,test
2016-07-23 05:00:00,2016-07-23 17:00:00,12,Beijing,Transformer,145.9,49.416393,test
2016-07-23 06:00:00,2016-07-23 18:00:00,12,Beijing,Transformer,146.5,51.450447,test
2016-07-23 07:00:00,2016-07-23 19:00:00,12,Beijing,Transformer,146.6,53.43829,test
2016-07-23 08:00:00,2016-07-23 20:00:00,12,Beijing,Transformer,155.6,54.102226,test
2016-07-23 09:00:00,2016-07-23 21:00:00,12,Beijing,Transformer,100.9,54.249924,test
2016-07-23 10:00:00,2016-07-23 22:00:00,12,Beijing,Transformer,27.3,53.408466,test
2016-07-23 11:00:00,2016-07-23 23:00:00,12,Beijing,Transformer,30.7,47.351513,test
2016-07-23 12:00:00,2016-07-24 00:00:00,12,Beijing,Transformer,34.0,49.812515,test
2016-07-23 13:00:00,2016-07-24 01:00:00,12,Beijing,Transformer,33.9,51.224777,test
2016-07-23 14:00:00,2016-07-24 02:00:00,12,Beijing,Transformer,36.1,60.148148,test
2016-07-23 15:00:00,2016-07-24 03:00:00,12,Beijing,Transformer,38.8,61.028564,test
2016-07-23 16:00:00,2016-07-24 04:00:00,12,Beijing,Transformer,40.7,90.830444,test
2016-07-23 17:00:00,2016-07-24 05:00:00,12,Beijing,Transformer,39.8,94.58061,test
2016-07-23 18:00:00,2016-07-24 06:00:00,12,Beijing,Transformer,38.4,96.526764,test
2016-07-23 19:00:00,2016-07-24 07:00:00,12,Beijing,Transformer,36.1,103.60918,test
2016-07-23 20:00:00,2016-07-24 08:00:00,12,Beijing,Transformer,41.1,154.26994,test
2016-07-23 21:00:00,2016-07-24 09:00:00,12,Beijing,Transformer,45.0,42.520576,test
2016-07-23 22:00:00,2016-07-24 10:00:00,12,Beijing,Transformer,47.5,45.336452,test
2016-07-23 23:00:00,2016-07-24 11:00:00,12,Beijing,Transformer,57.636364,52.414585,test
2016-07-24 00:00:00,2016-07-24 12:00:00,12,Beijing,Transformer,67.454544,72.018326,test
2016-07-24 01:00:00,2016-07-24 13:00:00,12,Beijing,Transformer,77.27273,79.13913,test
2016-07-24 02:00:00,2016-07-24 14:00:00,12,Beijing,Transformer,94.818184,76.86642,test
2016-07-24 03:00:00,2016-07-24 15:00:00,12,Beijing,Transformer,105.09091,73.80798,test
2016-07-24 04:00:00,2016-07-24 16:00:00,12,Beijing,Transformer,104.72727,71.422226,test
2016-07-24 05:00:00,2016-07-24 17:00:00,12,Beijing,Transformer,114.09091,70.92067,test
2016-07-24 06:00:00,2016-07-24 18:00:00,12,Beijing,Transformer,119.0,74.71224,test
2016-07-24 07:00:00,2016-07-24 19:00:00,12,Beijing,Transformer,107.90909,65.41304,test
2016-07-24 08:00:00,2016-07-24 20:00:00,12,Beijing,Transformer,71.49351,61.086086,test
2016-07-24 09:00:00,2016-07-24 21:00:00,12,Beijing,Transformer,70.53247,60.350548,test
2016-07-24 10:00:00,2016-07-24 22:00:00,12,Beijing,Transformer,68.57143,64.46719,test
2016-07-24 11:00:00,2016-07-24 23:00:00,12,Beijing,Transformer,64.61039,71.63582,test
2016-07-24 12:00:00,2016-07-25 00:00:00,12,Beijing,Transformer,66.64935,75.07006,test
2016-07-24 13:00:00,2016-07-25 01:00:00,12,Beijing,Transformer,67.41558,71.63415,test
2016-07-24 14:00:00,2016-07-25 02:00:00,12,Beijing,Transformer,60.454544,72.15323,test
2016-07-24 15:00:00,2016-07-25 03:00:00,12,Beijing,Transformer,58.0,76.057144,test
2016-07-24 16:00:00,2016-07-25 04:00:00,12,Beijing,Transformer,58.0,93.69403,test
2016-07-24 17:00:00,2016-07-25 05:00:00,12,Beijing,Transformer,56.181816,103.19162,test
2016-07-24 18:00:00,2016-07-25 06:00:00,12,Beijing,Transformer,54.636364,106.46988,test
2016-07-24 19:00:00,2016-07-25 07:00:00,12,Beijing,Transformer,52.0,57.206123,test
2016-07-24 20:00:00,2016-07-25 08:00:00,12,Beijing,Transformer,49.818184,56.08936,test
2016-07-24 21:00:00,2016-07-25 09:00:00,12,Beijing,Transformer,44.909092,56.154804,test
2016-07-24 22:00:00,2016-07-25 10:00:00,12,Beijing,Transformer,38.681816,67.17146,test
2016-07-24 23:00:00,2016-07-25 11:00:00,12,Beijing,Transformer,36.181816,86.05484,test
2016-07-25 00:00:00,2016-07-25 12:00:00,12,Beijing,Transformer,37.590908,91.57808,test
2016-07-25 01:00:00,2016-07-25 13:00:00,12,Beijing,Transformer,35.272728,92.77251,test
2016-07-25 02:00:00,2016-07-25 14:00:00,12,Beijing,Transformer,38.181816,92.304855,test
2016-07-25 03:00:00,2016-07-25 15:00:00,12,Beijing,Transformer,44.454544,86.95772,test
2016-07-25 04:00:00,2016-07-25 16:00:00,12,Beijing,Transformer,38.272728,79.703995,test
2016-07-25 05:00:00,2016-07-25 17:00:00,12,Beijing,Transformer,27.909092,77.8777,test
2016-07-25 06:00:00,2016-07-25 18:00:00,12,Beijing,Transformer,24.636364,73.87761,test
2016-07-25 07:00:00,2016-07-25 19:00:00,12,Beijing,Transformer,27.090908,70.25866,test
2016-07-25 08:00:00,2016-07-25 20:00:00,12,Beijing,Transformer,28.636364,72.15294,test
2016-07-25 09:00:00,2016-07-25 21:00:00,12,Beijing,Transformer,30.727274,75.59889,test
2016-07-25 10:00:00,2016-07-25 22:00:00,12,Beijing,Transformer,27.272726,77.32415,test
2016-07-25 11:00:00,2016-07-25 23:00:00,12,Beijing,Transformer,21.090908,83.14162,test
2016-07-25 12:00:00,2016-07-26 00:00:00,12,Beijing,Transformer,10.727273,80.685715,test
2016-07-25 13:00:00,2016-07-26 01:00:00,12,Beijing,Transformer,9.363636,82.965744,test
2016-07-25 14:00:00,2016-07-26 02:00:00,12,Beijing,Transformer,6.818182,78.84091,test
2016-07-25 15:00:00,2016-07-26 03:00:00,12,Beijing,Transformer,7.181818,82.50775,test
2016-07-25 16:00:00,2016-07-26 04:00:00,12,Beijing,Transformer,7.772727,81.27792,test
2016-07-25 17:00:00,2016-07-26 05:00:00,12,Beijing,Transformer,29.545456,72.40081,test
2016-07-25 18:00:00,2016-07-26 06:00:00,12,Beijing,Transformer,14.818182,62.016857,test
2016-07-25 19:00:00,2016-07-26 07:00:00,12,Beijing,Transformer,19.090908,67.08183,test
2016-07-25 20:00:00,2016-07-26 08:00:00,12,Beijing,Transformer,21.636364,40.150814,test
2016-07-25 21:00:00,2016-07-26 09:00:00,12,Beijing,Transformer,21.848486,35.093964,test
2016-07-25 22:00:00,2016-07-26 10:00:00,12,Beijing,Transformer,21.060606,30.129662,test
2016-07-25 23:00:00,2016-07-26 11:00:00,12,Beijing,Transformer,22.545456,26.58985,test
2016-07-26 00:00:00,2016-07-26 12:00:00,12,Beijing,Transformer,22.939394,27.033695,test
2016-07-26 01:00:00,2016-07-26 13:00:00,12,Beijing,Transformer,21.090908,28.295387,test
2016-07-26 02:00:00,2016-07-26 14:00:00,12,Beijing,Transformer,19.878788,29.259802,test
2016-07-26 03:00:00,2016-07-26 15:00:00,12,Beijing,Transformer,17.863636,30.614344,test
2016-07-26 04:00:00,2016-07-26 16:00:00,12,Beijing,Transformer,19.727274,32.16932,test
2016-07-26 05:00:00,2016-07-26 17:00:00,12,Beijing,Transformer,22.969698,37.47558,test
2016-07-26 06:00:00,2016-07-26 18:00:00,12,Beijing,Transformer,23.944445,33.143925,test
2016-07-26 07:00:00,2016-07-26 19:00:00,12,Beijing,Transformer,28.666668,36.402702,test
2016-07-26 08:00:00,2016-07-26 20:00:00,12,Beijing,Transformer,33.5,37.625072,test
2016-07-26 09:00:00,2016-07-26 21:00:00,12,Beijing,Transformer,34.916668,38.531143,test
2016-07-26 10:00:00,2016-07-26 22:00:00,12,Beijing,Transformer,34.75,41.298897,test
2016-07-26 11:00:00,2016-07-26 23:00:00,12,Beijing,Transformer,35.583332,42.74957,test
2016-07-26 12:00:00,2016-07-27 00:00:00,12,Beijing,Transformer,38.083332,43.28558,test
2016-07-26 13:00:00,2016-07-27 01:00:00,12,Beijing,Transformer,43.0,41.159245,test
2016-07-26 14:00:00,2016-07-27 02:00:00,12,Beijing,Transformer,43.25,39.52309,test
2016-07-26 15:00:00,2016-07-27 03:00:00,12,Beijing,Transformer,45.583332,38.101887,test
2016-07-26 16:00:00,2016-07-27 04:00:00,12,Beijing,Transformer,42.75,38.047092,test
2016-07-26 17:00:00,2016-07-27 05:00:00,12,Beijing,Transformer,41.583332,38.257183,test
2016-07-26 18:00:00,2016-07-27 06:00:00,12,Beijing,Transformer,41.666668,38.27059,test
2016-07-26 19:00:00,2016-07-27 07:00:00,12,Beijing,Transformer,40.083332,39.59747,test
2016-07-26 20:00:00,2016-07-27 08:00:00,12,Beijing,Transformer,41.25,43.043385,test
2016-07-26 21:00:00,2016-07-27 09:00:00,12,Beijing,Transformer,45.75,48.259296,test
2016-07-26 22:00:00,2016-07-27 10:00:00,12,Beijing,Transformer,46.333332,44.379795,test
2016-07-26 23:00:00,2016-07-27 11:00:00,12,Beijing,Transformer,43.583332,43.312675,test
2016-07-27 00:00:00,2016-07-27 12:00:00,12,Beijing,Transformer,44.916668,43.216335,test
2016-07-27 01:00:00,2016-07-27 13:00:00,12,Beijing,Transformer,51.75,48.154285,test
2016-07-27 02:00:00,2016-07-27 14:00:00,12,Beijing,Transformer,70.166664,44.266865,test
2016-07-27 03:00:00,2016-07-27 15:00:00,12,Beijing,Transformer,54.0,46.155933,test
2016-07-27 04:00:00,2016-07-27 16:00:00,12,Beijing,Transformer,49.791668,45.3885,test
2016-07-27 05:00:00,2016-07-27 17:00:00,12,Beijing,Transformer,56.833332,43.790283,test
2016-07-27 06:00:00,2016-07-27 18:00:00,12,Beijing,Transformer,80.75,46.802822,test
2016-07-27 07:00:00,2016-07-27 19:00:00,12,Beijing,Transformer,100.666664,48.64613,test
2016-07-27 08:00:00,2016-07-27 20:00:00,12,Beijing,Transformer,56.818184,49.889393,test
2016-07-27 09:00:00,2016-07-27 21:00:00,12,Beijing,Transformer,20.545456,49.08874,test
2016-07-27 10:00:00,2016-07-27 22:00:00,12,Beijing,Transformer,21.090908,49.927998,test
2016-07-27 11:00:00,2016-07-27 23:00:00,12,Beijing,Transformer,16.818182,49.943863,test
2016-07-27 12:00:00,2016-07-28 00:00:00,12,Beijing,Transformer,19.272726,53.172268,test
2016-07-27 13:00:00,2016-07-28 01:00:00,12,Beijing,Transformer,19.0,57.06063,test
2016-07-27 14:00:00,2016-07-28 02:00:00,12,Beijing,Transformer,19.0,63.844574,test
2016-07-27 15:00:00,2016-07-28 03:00:00,12,Beijing,Transformer,18.909092,62.578747,test
2016-07-27 16:00:00,2016-07-28 04:00:00,12,Beijing,Transformer,20.272726,71.87584,test
2016-07-27 17:00:00,2016-07-28 05:00:00,12,Beijing,Transformer,20.545456,78.275085,test
2016-07-27 18:00:00,2016-07-28 06:00:00,12,Beijing,Transformer,19.636364,91.12561,test
2016-07-27 19:00:00,2016-07-28 07:00:00,12,Beijing,Transformer,20.272726,95.78874,test
2016-07-27 20:00:00,2016-07-28 08:00:00,12,Beijing,Transformer,24.636364,30.866098,test
2016-07-27 21:00:00,2016-07-28 09:00:00,12,Beijing,Transformer,25.363636,35.16946,test
2016-07-27 22:00:00,2016-07-28 10:00:00,12,Beijing,Transformer,24.363636,37.09891,test
2016-07-27 23:00:00,2016-07-28 11:00:00,12,Beijing,Transformer,28.545456,36.8038,test
2016-07-28 00:00:00,2016-07-28 12:00:00,12,Beijing,Transformer,35.681816,39.23405,test
2016-07-28 01:00:00,2016-07-28 13:00:00,12,Beijing,Transformer,48.454544,43.1548,test
2016-07-28 02:00:00,2016-07-28 14:00:00,12,Beijing,Transformer,58.727272,39.834335,test
2016-07-28 03:00:00,2016-07-28 15:00:00,12,Beijing,Transformer,57.363636,40.575703,test
2016-07-28 04:00:00,2016-07-28 16:00:00,12,Beijing,Transformer,56.545456,43.51974,test
2016-07-28 05:00:00,2016-07-28 17:00:00,12,Beijing,Transformer,61.545456,42.655888,test
2016-07-28 06:00:00,2016-07-28 18:00:00,12,Beijing,Transformer,69.86363,48.616043,test
2016-07-28 07:00:00,2016-07-28 19:00:00,12,Beijing,Transformer,78.0,47.499695,test
2016-07-28 08:00:00,2016-07-28 20:00:00,12,Beijing,Transformer,82.954544,46.794678,test
2016-07-28 09:00:00,2016-07-28 21:00:00,12,Beijing,Transformer,89.63637,50.934692,test
2016-07-28 10:00:00,2016-07-28 22:00:00,12,Beijing,Transformer,95.09091,55.27175,test
2016-07-28 11:00:00,2016-07-28 23:00:00,12,Beijing,Transformer,95.545456,58.27348,test
2016-07-28 12:00:00,2016-07-29 00:00:00,12,Beijing,Transformer,95.818184,58.844257,test
2016-07-28 13:00:00,2016-07-29 01:00:00,12,Beijing,Transformer,99.36363,59.931007,test
2016-07-28 14:00:00,2016-07-29 02:00:00,12,Beijing,Transformer,94.454544,58.818832,test
2016-07-28 15:00:00,2016-07-29 03:00:00,12,Beijing,Transformer,83.63637,60.09662,test
2016-07-28 16:00:00,2016-07-29 04:00:00,12,Beijing,Transformer,85.09091,58.005962,test
2016-07-28 17:00:00,2016-07-29 05:00:00,12,Beijing,Transformer,88.36363,59.09698,test
2016-07-28 18:00:00,2016-07-29 06:00:00,12,Beijing,Transformer,97.09091,70.41035,test
2016-07-28 19:00:00,2016-07-29 07:00:00,12,Beijing,Transformer,96.27273,83.44239,test
2016-07-28 20:00:00,2016-07-29 08:00:00,12,Beijing,Transformer,102.63637,83.330315,test
2016-07-28 21:00:00,2016-07-29 09:00:00,12,Beijing,Transformer,110.818184,86.36362,test
2016-07-28 22:00:00,2016-07-29 10:00:00,12,Beijing,Transformer,118.181816,91.34781,test
2016-07-28 23:00:00,2016-07-29 11:00:00,12,Beijing,Transformer,119.0,105.94289,test
2016-07-29 00:00:00,2016-07-29 12:00:00,12,Beijing,Transformer,129.91667,115.85694,test
2016-07-29 01:00:00,2016-07-29 13:00:00,12,Beijing,Transformer,132.83333,121.205,test
2016-07-29 02:00:00,2016-07-29 14:00:00,12,Beijing,Transformer,134.41667,114.30488,test
2016-07-29 03:00:00,2016-07-29 15:00:00,12,Beijing,Transformer,139.58333,100.24323,test
2016-07-29 04:00:00,2016-07-29 16:00:00,12,Beijing,Transformer,140.25,107.15189,test
2016-07-29 05:00:00,2016-07-29 17:00:00,12,Beijing,Transformer,134.83333,109.43979,test
2016-07-29 06:00:00,2016-07-29 18:00:00,12,Beijing,Transformer,136.83333,112.92596,test
2016-07-29 07:00:00,2016-07-29 19:00:00,12,Beijing,Transformer,131.41667,110.64664,test
2016-07-29 08:00:00,2016-07-29 20:00:00,12,Beijing,Transformer,134.66667,108.018814,test
2016-07-29 09:00:00,2016-07-29 21:00:00,12,Beijing,Transformer,135.58333,105.50963,test
2016-07-29 10:00:00,2016-07-29 22:00:00,12,Beijing,Transformer,133.41667,104.95336,test
2016-07-29 11:00:00,2016-07-29 23:00:00,12,Beijing,Transformer,133.58333,104.617256,test
2016-07-29 12:00:00,2016-07-30 00:00:00,12,Beijing,Transformer,134.5,106.61017,test
2016-07-29 13:00:00,2016-07-30 01:00:00,12,Beijing,Transformer,133.33333,107.09923,test
2016-07-29 14:00:00,2016-07-30 02:00:00,12,Beijing,Transformer,130.83333,109.07922,test
2016-07-29 15:00:00,2016-07-30 03:00:00,12,Beijing,Transformer,129.41667,115.13889,test
2016-07-29 16:00:00,2016-07-30 04:00:00,12,Beijing,Transformer,128.0,118.09469,test
2016-07-29 17:00:00,2016-07-30 05:00:00,12,Beijing,Transformer,93.833336,115.67099,test
2016-07-29 18:00:00,2016-07-30 06:00:00,12,Beijing,Transformer,95.416664,122.725685,test
2016-07-29 19:00:00,2016-07-30 07:00:00,12,Beijing,Transformer,107.083336,130.02773,test
2016-07-29 20:00:00,2016-07-30 08:00:00,12,Beijing,Transformer,137.5,138.83418,test
2016-07-29 21:00:00,2016-07-30 09:00:00,12,Beijing,Transformer,167.16667,152.55952,test
2016-07-29 22:00:00,2016-07-30 10:00:00,12,Beijing,Transformer,177.875,169.08272,test
2016-07-29 23:00:00,2016-07-30 11:00:00,12,Beijing,Transformer,188.58333,173.73555,test
2016-07-30 00:00:00,2016-07-30 12:00:00,12,Beijing,Transformer,191.75,179.84566,test
2016-07-30 01:00:00,2016-07-30 13:00:00,12,Beijing,Transformer,215.16667,161.41635,test
2016-07-30 02:00:00,2016-07-30 14:00:00,12,Beijing,Transformer,221.41667,166.22807,test
2016-07-30 03:00:00,2016-07-30 15:00:00,12,Beijing,Transformer,223.58333,113.59163,test
2016-07-30 04:00:00,2016-07-30 16:00:00,12,Beijing,Transformer,213.33333,87.772385,test
2016-07-30 05:00:00,2016-07-30 17:00:00,12,Beijing,Transformer,193.08333,83.43077,test
2016-07-30 06:00:00,2016-07-30 18:00:00,12,Beijing,Transformer,111.75,80.56784,test
2016-07-30 07:00:00,2016-07-30 19:00:00,12,Beijing,Transformer,50.25,75.64995,test
2016-07-30 08:00:00,2016-07-30 20:00:00,12,Beijing,Transformer,44.0,79.11867,test
2016-07-30 09:00:00,2016-07-30 21:00:00,12,Beijing,Transformer,37.416668,83.654785,test
2016-07-30 10:00:00,2016-07-30 22:00:00,12,Beijing,Transformer,41.666668,84.69776,test
2016-07-30 11:00:00,2016-07-30 23:00:00,12,Beijing,Transformer,47.083332,89.97743,test
2016-07-30 12:00:00,2016-07-31 00:00:00,12,Beijing,Transformer,42.25,95.521194,test
2016-07-30 13:00:00,2016-07-31 01:00:00,12,Beijing,Transformer,39.583332,103.78503,test
2016-07-30 14:00:00,2016-07-31 02:00:00,12,Beijing,Transformer,37.916668,96.38378,test
2016-07-30 15:00:00,2016-07-31 03:00:00,12,Beijing,Transformer,40.416668,90.54495,test
2016-07-30 16:00:00,2016-07-31 04:00:00,12,Beijing,Transformer,46.583332,93.18674,test
2016-07-30 17:00:00,2016-07-31 05:00:00,12,Beijing,Transformer,49.25,99.094345,test
2016-07-30 18:00:00,2016-07-31 06:00:00,12,Beijing,Transformer,53.583332,76.79093,test
2016-07-30 19:00:00,2016-07-31 07:00:00,12,Beijing,Transformer,57.5,69.90047,test
2016-07-30 20:00:00,2016-07-31 08:00:00,12,Beijing,Transformer,57.5,77.06397,test
2016-07-30 21:00:00,2016-07-31 09:00:00,12,Beijing,Transformer,59.25,76.696014,test
2016-07-30 22:00:00,2016-07-31 10:00:00,12,Beijing,Transformer,54.75,74.163895,test
2016-07-30 23:00:00,2016-07-31 11:00:00,12,Beijing,Transformer,56.583332,73.30977,test
2016-07-31 00:00:00,2016-07-31 12:00:00,12,Beijing,Transformer,58.333332,81.7947,test
2016-07-31 01:00:00,2016-07-31 13:00:00,12,Beijing,Transformer,62.833332,73.34077,test
2016-07-31 02:00:00,2016-07-31 14:00:00,12,Beijing,Transformer,60.333332,77.44763,test
2016-07-31 03:00:00,2016-07-31 15:00:00,12,Beijing,Transformer,47.166668,76.52569,test
2016-07-31 04:00:00,2016-07-31 16:00:00,12,Beijing,Transformer,44.666668,68.82959,test
2016-07-31 05:00:00,2016-07-31 17:00:00,12,Beijing,Transformer,45.666668,60.195107,test
2016-07-31 06:00:00,2016-07-31 18:00:00,12,Beijing,Transformer,53.0,61.934574,test
2016-07-31 07:00:00,2016-07-31 19:00:00,12,Beijing,Transformer,59.666668,68.757065,test
2016-07-31 08:00:00,2016-07-31 20:00:00,12,Beijing,Transformer,62.75,71.67976,test
2016-07-31 09:00:00,2016-07-31 21:00:00,12,Beijing,Transformer,66.916664,72.82515,test
2016-07-31 10:00:00,2016-07-31 22:00:00,12,Beijing,Transformer,67.083336,71.91499,test
2016-07-31 11:00:00,2016-07-31 23:00:00,12,Beijing,Transformer,61.166668,74.41519,test
2016-07-31 12:00:00,2016-08-01 00:00:00,12,Beijing,Transformer,59.166668,80.366844,test
2016-07-31 13:00:00,2016-08-01 01:00:00,12,Beijing,Transformer,58.416668,67.0653,test
2016-07-31 14:00:00,2016-08-01 02:00:00,12,Beijing,Transformer,56.333332,71.2746,test
2016-07-31 15:00:00,2016-08-01 03:00:00,12,Beijing,Transformer,57.0,67.54131,test
2016-07-31 16:00:00,2016-08-01 04:00:00,12,Beijing,Transformer,59.333332,68.73263,test
2016-07-31 17:00:00,2016-08-01 05:00:00,12,Beijing,Transformer,59.333332,73.64322,test
2016-07-31 18:00:00,2016-08-01 06:00:00,12,Beijing,Transformer,63.083332,78.37963,test
2016-07-31 19:00:00,2016-08-01 07:00:00,12,Beijing,Transformer,67.25,84.176674,test
2016-07-31 20:00:00,2016-08-01 08:00:00,12,Beijing,Transformer,65.5,83.38992,test
2016-07-31 21:00:00,2016-08-01 09:00:00,12,Beijing,Transformer,51.916668,74.01954,test
2016-07-31 22:00:00,2016-08-01 10:00:00,12,Beijing,Transformer,52.166668,69.77556,test
2016-07-31 23:00:00,2016-08-01 11:00:00,12,Beijing,Transformer,54.416668,59.931446,test
2016-08-01 00:00:00,2016-08-01 12:00:00,12,Beijing,Transformer,53.5,62.550938,test
2016-08-01 01:00:00,2016-08-01 13:00:00,12,Beijing,Transformer,57.583332,60.610832,test
2016-08-01 02:00:00,2016-08-01 14:00:00,12,Beijing,Transformer,61.75,54.377132,test
2016-08-01 03:00:00,2016-08-01 15:00:00,12,Beijing,Transformer,68.75,58.708958,test
2016-08-01 04:00:00,2016-08-01 16:00:00,12,Beijing,Transformer,67.27778,60.04491,test
2016-08-01 05:00:00,2016-08-01 17:00:00,12,Beijing,Transformer,63.47222,60.184937,test
2016-08-01 06:00:00,2016-08-01 18:00:00,12,Beijing,Transformer,65.166664,63.004562,test
2016-08-01 07:00:00,2016-08-01 19:00:00,12,Beijing,Transformer,73.583336,64.48513,test
2016-08-01 08:00:00,2016-08-01 20:00:00,12,Beijing,Transformer,85.25,56.661312,test
2016-08-01 09:00:00,2016-08-01 21:00:00,12,Beijing,Transformer,87.833336,48.519215,test
2016-08-01 10:00:00,2016-08-01 22:00:00,12,Beijing,Transformer,100.25,47.89656,test
2016-08-01 11:00:00,2016-08-01 23:00:00,12,Beijing,Transformer,108.75,50.989506,test
2016-08-01 12:00:00,2016-08-02 00:00:00,12,Beijing,Transformer,117.083336,51.673893,test
2016-08-01 13:00:00,2016-08-02 01:00:00,12,Beijing,Transformer,119.583336,47.34022,test
2016-08-01 14:00:00,2016-08-02 02:00:00,12,Beijing,Transformer,114.0,50.464867,test
2016-08-01 15:00:00,2016-08-02 03:00:00,12,Beijing,Transformer,99.916664,54.763203,test
2016-08-01 16:00:00,2016-08-02 04:00:00,12,Beijing,Transformer,83.166664,57.41367,test
2016-08-01 17:00:00,2016-08-02 05:00:00,12,Beijing,Transformer,65.75,55.895893,test
2016-08-01 18:00:00,2016-08-02 06:00:00,12,Beijing,Transformer,59.416668,59.053066,test
2016-08-01 19:00:00,2016-08-02 07:00:00,12,Beijing,Transformer,51.833332,71.223854,test
2016-08-01 20:00:00,2016-08-02 08:00:00,12,Beijing,Transformer,45.166668,92.78422,test
2016-08-01 21:00:00,2016-08-02 09:00:00,12,Beijing,Transformer,51.625,104.94914,test
2016-08-01 22:00:00,2016-08-02 10:00:00,12,Beijing,Transformer,36.333332,130.20685,test
2016-08-01 23:00:00,2016-08-02 11:00:00,12,Beijing,Transformer,24.333332,143.26999,test
2016-08-02 00:00:00,2016-08-02 12:00:00,12,Beijing,Transformer,22.277779,141.94626,test
2016-08-02 01:00:00,2016-08-02 13:00:00,12,Beijing,Transformer,19.805555,126.94915,test
2016-08-02 02:00:00,2016-08-02 14:00:00,12,Beijing,Transformer,19.25,107.63848,test
2016-08-02 03:00:00,2016-08-02 15:00:00,12,Beijing,Transformer,21.583332,91.27732,test
2016-08-02 04:00:00,2016-08-02 16:00:00,12,Beijing,Transformer,22.25,87.49763,test
2016-08-02 05:00:00,2016-08-02 17:00:00,12,Beijing,Transformer,24.916668,68.634415,test
2016-08-02 06:00:00,2016-08-02 18:00:00,12,Beijing,Transformer,29.333332,70.57846,test
2016-08-02 07:00:00,2016-08-02 19:00:00,12,Beijing,Transformer,32.083332,69.52026,test
2016-08-02 08:00:00,2016-08-02 20:00:00,12,Beijing,Transformer,33.666668,62.56116,test
2016-08-02 09:00:00,2016-08-02 21:00:00,12,Beijing,Transformer,35.0,70.24403,test
2016-08-02 10:00:00,2016-08-02 22:00:00,12,Beijing,Transformer,37.166668,39.770096,test
2016-08-02 11:00:00,2016-08-02 23:00:00,12,Beijing,Transformer,39.916668,35.672905,test
2016-08-02 12:00:00,2016-08-03 00:00:00,12,Beijing,Transformer,45.083332,36.509403,test
2016-08-02 13:00:00,2016-08-03 01:00:00,12,Beijing,Transformer,55.25,39.503483,test
2016-08-02 14:00:00,2016-08-03 02:00:00,12,Beijing,Transformer,59.333332,47.09539,test
2016-08-02 15:00:00,2016-08-03 03:00:00,12,Beijing,Transformer,61.5,56.411892,test
2016-08-02 16:00:00,2016-08-03 04:00:00,12,Beijing,Transformer,67.166664,64.96797,test
2016-08-02 17:00:00,2016-08-03 05:00:00,12,Beijing,Transformer,64.333336,64.14281,test
2016-08-02 18:00:00,2016-08-03 06:00:00,12,Beijing,Transformer,56.583332,66.605606,test
2016-08-02 19:00:00,2016-08-03 07:00:00,12,Beijing,Transformer,61.666668,80.037094,test
2016-08-02 20:00:00,2016-08-03 08:00:00,12,Beijing,Transformer,83.416664,67.53435,test
2016-08-02 21:00:00,2016-08-03 09:00:00,12,Beijing,Transformer,79.583336,71.36885,test
2016-08-02 22:00:00,2016-08-03 10:00:00,12,Beijing,Transformer,62.75,55.15893,test
2016-08-02 23:00:00,2016-08-03 11:00:00,12,Beijing,Transformer,52.88333,64.62203,test
2016-08-03 00:00:00,2016-08-03 12:00:00,12,Beijing,Transformer,42.183334,76.59441,test
2016-08-03 01:00:00,2016-08-03 13:00:00,12,Beijing,Transformer,35.4,95.50477,test
2016-08-03 02:00:00,2016-08-03 14:00:00,12,Beijing,Transformer,33.533333,100.093445,test
2016-08-03 03:00:00,2016-08-03 15:00:00,12,Beijing,Transformer,33.416668,90.82698,test
2016-08-03 04:00:00,2016-08-03 16:00:00,12,Beijing,Transformer,38.75,94.40178,test
2016-08-03 05:00:00,2016-08-03 17:00:00,12,Beijing,Transformer,48.083332,84.97754,test
2016-08-03 06:00:00,2016-08-03 18:00:00,12,Beijing,Transformer,46.916668,88.4348,test
2016-08-03 07:00:00,2016-08-03 19:00:00,12,Beijing,Transformer,44.0,83.7304,test
2016-08-03 08:00:00,2016-08-03 20:00:00,12,Beijing,Transformer,44.0,84.92116,test
2016-08-03 09:00:00,2016-08-03 21:00:00,12,Beijing,Transformer,50.75,78.39592,test
2016-08-03 10:00:00,2016-08-03 22:00:00,12,Beijing,Transformer,54.083332,75.5007,test
2016-08-03 11:00:00,2016-08-03 23:00:00,12,Beijing,Transformer,57.291668,72.5212,test
2016-08-03 12:00:00,2016-08-04 00:00:00,12,Beijing,Transformer,67.25,72.705536,test
2016-08-03 13:00:00,2016-08-04 01:00:00,12,Beijing,Transformer,72.666664,75.508675,test
2016-08-03 14:00:00,2016-08-04 02:00:00,12,Beijing,Transformer,76.75,79.995224,test
2016-08-03 15:00:00,2016-08-04 03:00:00,12,Beijing,Transformer,74.416664,82.501076,test
2016-08-03 16:00:00,2016-08-04 04:00:00,12,Beijing,Transformer,78.25,88.39407,test
2016-08-03 17:00:00,2016-08-04 05:00:00,12,Beijing,Transformer,83.75,90.5362,test
2016-08-03 18:00:00,2016-08-04 06:00:00,12,Beijing,Transformer,88.583336,91.72403,test
2016-08-03 19:00:00,2016-08-04 07:00:00,12,Beijing,Transformer,93.5,91.30834,test
2016-08-03 20:00:00,2016-08-04 08:00:00,12,Beijing,Transformer,105.5,88.81859,test
2016-08-03 21:00:00,2016-08-04 09:00:00,12,Beijing,Transformer,116.333336,99.832214,test
2016-08-03 22:00:00,2016-08-04 10:00:00,12,Beijing,Transformer,122.75,96.595665,test
2016-08-03 23:00:00,2016-08-04 11:00:00,12,Beijing,Transformer,124.75,101.14958,test
2016-08-04 00:00:00,2016-08-04 12:00:00,12,Beijing,Transformer,123.791664,109.222565,test
2016-08-04 01:00:00,2016-08-04 13:00:00,12,Beijing,Transformer,119.75,105.22832,test
2016-08-04 02:00:00,2016-08-04 14:00:00,12,Beijing,Transformer,111.97222,107.65151,test
2016-08-04 03:00:00,2016-08-04 15:00:00,12,Beijing,Transformer,105.19444,92.49912,test
2016-08-04 04:00:00,2016-08-04 16:00:00,12,Beijing,Transformer,100.916664,92.51858,test
2016-08-04 05:00:00,2016-08-04 17:00:00,12,Beijing,Transformer,101.708336,91.88562,test
2016-08-04 06:00:00,2016-08-04 18:00:00,12,Beijing,Transformer,96.666664,90.81845,test
2016-08-04 07:00:00,2016-08-04 19:00:00,12,Beijing,Transformer,94.708336,90.72046,test
2016-08-04 08:00:00,2016-08-04 20:00:00,12,Beijing,Transformer,97.166664,90.71774,test
2016-08-04 09:00:00,2016-08-04 21:00:00,12,Beijing,Transformer,109.5,93.580505,test
2016-08-04 10:00:00,2016-08-04 22:00:00,12,Beijing,Transformer,102.833336,95.305664,test
2016-08-04 11:00:00,2016-08-04 23:00:00,12,Beijing,Transformer,83.0,96.574295,test
2016-08-04 12:00:00,2016-08-05 00:00:00,12,Beijing,Transformer,70.083336,94.79904,test
2016-08-04 13:00:00,2016-08-05 01:00:00,12,Beijing,Transformer,57.833332,92.703354,test
2016-08-04 14:00:00,2016-08-05 02:00:00,12,Beijing,Transformer,55.5,88.28429,test
2016-08-04 15:00:00,2016-08-05 03:00:00,12,Beijing,Transformer,59.666668,89.376305,test
2016-08-04 16:00:00,2016-08-05 04:00:00,12,Beijing,Transformer,64.916664,93.665565,test
2016-08-04 17:00:00,2016-08-05 05:00:00,12,Beijing,Transformer,67.666664,98.48663,test
2016-08-04 18:00:00,2016-08-05 06:00:00,12,Beijing,Transformer,68.083336,102.05227,test
2016-08-04 19:00:00,2016-08-05 07:00:00,12,Beijing,Transformer,69.916664,111.65737,test
2016-08-04 20:00:00,2016-08-05 08:00:00,12,Beijing,Transformer,76.25,124.895515,test
2016-08-04 21:00:00,2016-08-05 09:00:00,12,Beijing,Transformer,75.5,144.54958,test
2016-08-04 22:00:00,2016-08-05 10:00:00,12,Beijing,Transformer,70.583336,153.3442,test
2016-08-04 23:00:00,2016-08-05 11:00:00,12,Beijing,Transformer,61.916668,134.46483,test
2016-08-05 00:00:00,2016-08-05 12:00:00,12,Beijing,Transformer,58.0,105.60354,test
2016-08-05 01:00:00,2016-08-05 13:00:00,12,Beijing,Transformer,57.333332,85.6367,test
2016-08-05 02:00:00,2016-08-05 14:00:00,12,Beijing,Transformer,54.75,92.30497,test
2016-08-05 03:00:00,2016-08-05 15:00:00,12,Beijing,Transformer,47.166668,102.67579,test
2016-08-05 04:00:00,2016-08-05 16:00:00,12,Beijing,Transformer,49.083332,106.3952,test
2016-08-05 05:00:00,2016-08-05 17:00:00,12,Beijing,Transformer,49.333332,104.245346,test
2016-08-05 06:00:00,2016-08-05 18:00:00,12,Beijing,Transformer,52.583332,98.95644,test
2016-08-05 07:00:00,2016-08-05 19:00:00,12,Beijing,Transformer,57.25,89.06417,test
2016-08-05 08:00:00,2016-08-05 20:00:00,12,Beijing,Transformer,63.5,85.52551,test
2016-08-05 09:00:00,2016-08-05 21:00:00,12,Beijing,Transformer,79.083336,84.85133,test
2016-08-05 10:00:00,2016-08-05 22:00:00,12,Beijing,Transformer,88.333336,83.240715,test
2016-08-05 11:00:00,2016-08-05 23:00:00,12,Beijing,Transformer,92.833336,78.46081,test
2016-08-05 12:00:00,2016-08-06 00:00:00,12,Beijing,Transformer,95.5,75.885086,test
2016-08-05 13:00:00,2016-08-06 01:00:00,12,Beijing,Transformer,99.583336,79.09511,test
2016-08-05 14:00:00,2016-08-06 02:00:00,12,Beijing,Transformer,100.833336,80.945465,test
2016-08-05 15:00:00,2016-08-06 03:00:00,12,Beijing,Transformer,101.333336,80.18558,test
2016-08-05 16:00:00,2016-08-06 04:00:00,12,Beijing,Transformer,106.833336,75.03419,test
2016-08-05 17:00:00,2016-08-06 05:00:00,12,Beijing,Transformer,108.25,70.23206,test
2016-08-05 18:00:00,2016-08-06 06:00:00,12,Beijing,Transformer,108.5,70.48549,test
2016-08-05 19:00:00,2016-08-06 07:00:00,12,Beijing,Transformer,108.75,76.46748,test
2016-08-05 20:00:00,2016-08-06 08:00:00,12,Beijing,Transformer,120.0,87.125084,test
2016-08-05 21:00:00,2016-08-06 09:00:00,12,Beijing,Transformer,128.0,113.596634,test
2016-08-05 22:00:00,2016-08-06 10:00:00,12,Beijing,Transformer,125.0,130.68053,test
2016-08-05 23:00:00,2016-08-06 11:00:00,12,Beijing,Transformer,111.5,134.5254,test
2016-08-06 00:00:00,2016-08-06 12:00:00,12,Beijing,Transformer,100.583336,134.53516,test
2016-08-06 01:00:00,2016-08-06 13:00:00,12,Beijing,Transformer,96.666664,131.4789,test
2016-08-06 02:00:00,2016-08-06 14:00:00,12,Beijing,Transformer,92.333336,126.97181,test
2016-08-06 03:00:00,2016-08-06 15:00:00,12,Beijing,Transformer,92.333336,124.70242,test
2016-08-06 04:00:00,2016-08-06 16:00:00,12,Beijing,Transformer,96.0,123.0337,test
2016-08-06 05:00:00,2016-08-06 17:00:00,12,Beijing,Transformer,94.083336,117.26062,test
2016-08-06 06:00:00,2016-08-06 18:00:00,12,Beijing,Transformer,94.0,108.3237,test
2016-08-06 07:00:00,2016-08-06 19:00:00,12,Beijing,Transformer,89.833336,102.6036,test
2016-08-06 08:00:00,2016-08-06 20:00:00,12,Beijing,Transformer,94.416664,106.808174,test
2016-08-06 09:00:00,2016-08-06 21:00:00,12,Beijing,Transformer,100.833336,114.31529,test
2016-08-06 10:00:00,2016-08-06 22:00:00,12,Beijing,Transformer,90.666664,114.4932,test
2016-08-06 11:00:00,2016-08-06 23:00:00,12,Beijing,Transformer,52.416668,95.56653,test
2016-08-06 12:00:00,2016-08-07 00:00:00,12,Beijing,Transformer,26.333332,70.21611,test
2016-08-06 13:00:00,2016-08-07 01:00:00,12,Beijing,Transformer,17.75,71.44705,test
2016-08-06 14:00:00,2016-08-07 02:00:00,12,Beijing,Transformer,19.833332,75.17022,test
2016-08-06 15:00:00,2016-08-07 03:00:00,12,Beijing,Transformer,20.666668,78.016174,test
2016-08-06 16:00:00,2016-08-07 04:00:00,12,Beijing,Transformer,19.0,80.35483,test
2016-08-06 17:00:00,2016-08-07 05:00:00,12,Beijing,Transformer,18.25,64.93587,test
2016-08-06 18:00:00,2016-08-07 06:00:00,12,Beijing,Transformer,17.75,67.28757,test
2016-08-06 19:00:00,2016-08-07 07:00:00,12,Beijing,Transformer,17.5,69.13738,test
2016-08-06 20:00:00,2016-08-07 08:00:00,12,Beijing,Transformer,19.833332,86.79642,test
2016-08-06 21:00:00,2016-08-07 09:00:00,12,Beijing,Transformer,15.916667,110.545944,test
2016-08-06 22:00:00,2016-08-07 10:00:00,12,Beijing,Transformer,16.416668,86.304565,test
2016-08-06 23:00:00,2016-08-07 11:00:00,12,Beijing,Transformer,16.333332,31.547539,test
2016-08-07 00:00:00,2016-08-07 12:00:00,12,Beijing,Transformer,19.0,29.35004,test
2016-08-07 01:00:00,2016-08-07 13:00:00,12,Beijing,Transformer,19.583332,26.573862,test
2016-08-07 02:00:00,2016-08-07 14:00:00,12,Beijing,Transformer,16.5,24.792213,test
2016-08-07 03:00:00,2016-08-07 15:00:00,12,Beijing,Transformer,15.5,22.370792,test
2016-08-07 04:00:00,2016-08-07 16:00:00,12,Beijing,Transformer,12.5,23.782412,test
2016-08-07 05:00:00,2016-08-07 17:00:00,12,Beijing,Transformer,14.166667,22.935404,test
2016-08-07 06:00:00,2016-08-07 18:00:00,12,Beijing,Transformer,15.0,25.49305,test
2016-08-07 07:00:00,2016-08-07 19:00:00,12,Beijing,Transformer,19.416668,19.819683,test
2016-08-07 08:00:00,2016-08-07 20:00:00,12,Beijing,Transformer,23.666668,21.783298,test
2016-08-07 09:00:00,2016-08-07 21:00:00,12,Beijing,Transformer,27.666668,24.63153,test
2016-08-07 10:00:00,2016-08-07 22:00:00,12,Beijing,Transformer,25.75,28.633389,test
2016-08-07 11:00:00,2016-08-07 23:00:00,12,Beijing,Transformer,27.333332,32.959255,test
2016-08-07 12:00:00,2016-08-08 00:00:00,12,Beijing,Transformer,26.5,38.81772,test
2016-08-07 13:00:00,2016-08-08 01:00:00,12,Beijing,Transformer,33.666668,42.3166,test
2016-08-07 14:00:00,2016-08-08 02:00:00,12,Beijing,Transformer,38.166668,37.333874,test
2016-08-07 15:00:00,2016-08-08 03:00:00,12,Beijing,Transformer,44.5,29.607342,test
2016-08-07 16:00:00,2016-08-08 04:00:00,12,Beijing,Transformer,47.416668,33.28303,test
2016-08-07 17:00:00,2016-08-08 05:00:00,12,Beijing,Transformer,42.166668,35.21143,test
2016-08-07 18:00:00,2016-08-08 06:00:00,12,Beijing,Transformer,37.916668,38.86519,test
2016-08-07 19:00:00,2016-08-08 07:00:00,12,Beijing,Transformer,38.666668,34.305195,test
2016-08-07 20:00:00,2016-08-08 08:00:00,12,Beijing,Transformer,43.0,26.000307,test
2016-08-07 21:00:00,2016-08-08 09:00:00,12,Beijing,Transformer,39.5,24.958399,test
2016-08-07 22:00:00,2016-08-08 10:00:00,12,Beijing,Transformer,26.25,29.256525,test
2016-08-07 23:00:00,2016-08-08 11:00:00,12,Beijing,Transformer,18.0,27.476042,test
2016-08-08 00:00:00,2016-08-08 12:00:00,12,Beijing,Transformer,17.0,25.092873,test
2016-08-08 01:00:00,2016-08-08 13:00:00,12,Beijing,Transformer,15.75,26.87841,test
2016-08-08 02:00:00,2016-08-08 14:00:00,12,Beijing,Transformer,18.083332,31.348597,test
2016-08-08 03:00:00,2016-08-08 15:00:00,12,Beijing,Transformer,19.416668,38.83611,test
2016-08-08 04:00:00,2016-08-08 16:00:00,12,Beijing,Transformer,20.25,42.913006,test
2016-08-08 05:00:00,2016-08-08 17:00:00,12,Beijing,Transformer,18.166668,34.682316,test
2016-08-08 06:00:00,2016-08-08 18:00:00,12,Beijing,Transformer,21.083332,36.273952,test
2016-08-08 07:00:00,2016-08-08 19:00:00,12,Beijing,Transformer,23.583332,32.325863,test
2016-08-08 08:00:00,2016-08-08 20:00:00,12,Beijing,Transformer,29.916668,34.839565,test
2016-08-08 09:00:00,2016-08-08 21:00:00,12,Beijing,Transformer,37.0,31.150196,test
2016-08-08 10:00:00,2016-08-08 22:00:00,12,Beijing,Transformer,39.583332,32.219387,test
2016-08-08 11:00:00,2016-08-08 23:00:00,12,Beijing,Transformer,38.666668,32.50474,test
2016-08-08 12:00:00,2016-08-09 00:00:00,12,Beijing,Transformer,36.333332,30.997927,test
2016-08-08 13:00:00,2016-08-09 01:00:00,12,Beijing,Transformer,37.833332,31.944092,test
2016-08-08 14:00:00,2016-08-09 02:00:00,12,Beijing,Transformer,38.583332,34.384857,test
2016-08-08 15:00:00,2016-08-09 03:00:00,12,Beijing,Transformer,38.833332,33.956474,test
2016-08-08 16:00:00,2016-08-09 04:00:00,12,Beijing,Transformer,36.833332,35.93052,test
2016-08-08 17:00:00,2016-08-09 05:00:00,12,Beijing,Transformer,39.0,32.36889,test
2016-08-08 18:00:00,2016-08-09 06:00:00,12,Beijing,Transformer,39.25,32.522366,test
2016-08-08 19:00:00,2016-08-09 07:00:00,12,Beijing,Transformer,42.416668,32.409004,test
2016-08-08 20:00:00,2016-08-09 08:00:00,12,Beijing,Transformer,47.916668,31.18812,test
2016-08-08 21:00:00,2016-08-09 09:00:00,12,Beijing,Transformer,48.083332,36.316807,test
2016-08-08 22:00:00,2016-08-09 10:00:00,12,Beijing,Transformer,40.833332,39.859776,test
2016-08-08 23:00:00,2016-08-09 11:00:00,12,Beijing,Transformer,39.958332,41.02479,test
2016-08-09 00:00:00,2016-08-09 12:00:00,12,Beijing,Transformer,36.5,35.51801,test
2016-08-09 01:00:00,2016-08-09 13:00:00,12,Beijing,Transformer,36.916668,37.07606,test
2016-08-09 02:00:00,2016-08-09 14:00:00,12,Beijing,Transformer,38.583332,36.586117,test
2016-08-09 03:00:00,2016-08-09 15:00:00,12,Beijing,Transformer,44.833332,35.31524,test
2016-08-09 04:00:00,2016-08-09 16:00:00,12,Beijing,Transformer,53.333332,36.114994,test
2016-08-09 05:00:00,2016-08-09 17:00:00,12,Beijing,Transformer,59.75,36.335854,test
2016-08-09 06:00:00,2016-08-09 18:00:00,12,Beijing,Transformer,51.0,37.528255,test
2016-08-09 07:00:00,2016-08-09 19:00:00,12,Beijing,Transformer,45.916668,39.507496,test
2016-08-09 08:00:00,2016-08-09 20:00:00,12,Beijing,Transformer,46.916668,39.837406,test
2016-08-09 09:00:00,2016-08-09 21:00:00,12,Beijing,Transformer,54.166668,39.296562,test
2016-08-09 10:00:00,2016-08-09 22:00:00,12,Beijing,Transformer,60.0,39.869408,test
2016-08-09 11:00:00,2016-08-09 23:00:00,12,Beijing,Transformer,61.0,42.385086,test
2016-08-09 12:00:00,2016-08-10 00:00:00,12,Beijing,Transformer,62.666668,46.049297,test
2016-08-09 13:00:00,2016-08-10 01:00:00,12,Beijing,Transformer,67.416664,51.45489,test
2016-08-09 14:00:00,2016-08-10 02:00:00,12,Beijing,Transformer,71.75,55.29291,test
2016-08-09 15:00:00,2016-08-10 03:00:00,12,Beijing,Transformer,77.833336,62.516087,test
2016-08-09 16:00:00,2016-08-10 04:00:00,12,Beijing,Transformer,84.75,68.36278,test
2016-08-09 17:00:00,2016-08-10 05:00:00,12,Beijing,Transformer,96.083336,72.97902,test
2016-08-09 18:00:00,2016-08-10 06:00:00,12,Beijing,Transformer,99.916664,74.19928,test
2016-08-09 19:00:00,2016-08-10 07:00:00,12,Beijing,Transformer,100.25,76.81724,test
2016-08-09 20:00:00,2016-08-10 08:00:00,12,Beijing,Transformer,106.166664,74.75212,test
2016-08-09 21:00:00,2016-08-10 09:00:00,12,Beijing,Transformer,99.0,95.6153,test
2016-08-09 22:00:00,2016-08-10 10:00:00,12,Beijing,Transformer,86.916664,109.56329,test
2016-08-09 23:00:00,2016-08-10 11:00:00,12,Beijing,Transformer,74.083336,117.459984,test
2016-08-10 00:00:00,2016-08-10 12:00:00,12,Beijing,Transformer,70.166664,108.32004,test
2016-08-10 01:00:00,2016-08-10 13:00:00,12,Beijing,Transformer,67.25,108.77621,test
2016-08-10 02:00:00,2016-08-10 14:00:00,12,Beijing,Transformer,64.25,107.814606,test
2016-08-10 03:00:00,2016-08-10 15:00:00,12,Beijing,Transformer,69.111115,106.921104,test
2016-08-10 04:00:00,2016-08-10 16:00:00,12,Beijing,Transformer,72.22222,105.68085,test
2016-08-10 05:00:00,2016-08-10 17:00:00,12,Beijing,Transformer,73.666664,100.749695,test
2016-08-10 06:00:00,2016-08-10 18:00:00,12,Beijing,Transformer,85.5,94.55752,test
2016-08-10 07:00:00,2016-08-10 19:00:00,12,Beijing,Transformer,93.083336,87.38548,test
2016-08-10 08:00:00,2016-08-10 20:00:00,12,Beijing,Transformer,94.291664,85.18644,test
2016-08-10 09:00:00,2016-08-10 21:00:00,12,Beijing,Transformer,91.0,81.718575,test
2016-08-10 10:00:00,2016-08-10 22:00:00,12,Beijing,Transformer,84.333336,76.79855,test
2016-08-10 11:00:00,2016-08-10 23:00:00,12,Beijing,Transformer,79.5,71.61805,test
2016-08-10 12:00:00,2016-08-11 00:00:00,12,Beijing,Transformer,75.833336,72.48587,test
2016-08-10 13:00:00,2016-08-11 01:00:00,12,Beijing,Transformer,73.666664,72.57503,test
2016-08-10 14:00:00,2016-08-11 02:00:00,12,Beijing,Transformer,74.083336,74.324905,test
2016-08-10 15:00:00,2016-08-11 03:00:00,12,Beijing,Transformer,75.166664,75.47109,test
2016-08-10 16:00:00,2016-08-11 04:00:00,12,Beijing,Transformer,75.75,77.54881,test
2016-08-10 17:00:00,2016-08-11 05:00:00,12,Beijing,Transformer,78.75,73.20598,test
2016-08-10 18:00:00,2016-08-11 06:00:00,12,Beijing,Transformer,83.666664,80.41556,test
2016-08-10 19:00:00,2016-08-11 07:00:00,12,Beijing,Transformer,86.166664,86.323494,test
2016-08-10 20:00:00,2016-08-11 08:00:00,12,Beijing,Transformer,90.916664,102.83252,test
2016-08-10 21:00:00,2016-08-11 09:00:00,12,Beijing,Transformer,96.666664,128.97983,test
2016-08-10 22:00:00,2016-08-11 10:00:00,12,Beijing,Transformer,99.25,140.38042,test
2016-08-10 23:00:00,2016-08-11 11:00:00,12,Beijing,Transformer,98.666664,150.33812,test
2016-08-11 00:00:00,2016-08-11 12:00:00,12,Beijing,Transformer,89.208336,128.25684,test
2016-08-11 01:00:00,2016-08-11 13:00:00,12,Beijing,Transformer,86.25,121.958405,test
2016-08-11 02:00:00,2016-08-11 14:00:00,12,Beijing,Transformer,87.25,118.45941,test
2016-08-11 03:00:00,2016-08-11 15:00:00,12,Beijing,Transformer,91.0,106.86457,test
2016-08-11 04:00:00,2016-08-11 16:00:00,12,Beijing,Transformer,93.125,97.13887,test
2016-08-11 05:00:00,2016-08-11 17:00:00,12,Beijing,Transformer,98.25,94.78523,test
2016-08-11 06:00:00,2016-08-11 18:00:00,12,Beijing,Transformer,95.416664,88.30791,test
2016-08-11 07:00:00,2016-08-11 19:00:00,12,Beijing,Transformer,84.666664,84.05655,test
2016-08-11 08:00:00,2016-08-11 20:00:00,12,Beijing,Transformer,78.416664,83.05632,test
2016-08-11 09:00:00,2016-08-11 21:00:00,12,Beijing,Transformer,83.375,83.31916,test
2016-08-11 10:00:00,2016-08-11 22:00:00,12,Beijing,Transformer,87.166664,84.52725,test
2016-08-11 11:00:00,2016-08-11 23:00:00,12,Beijing,Transformer,87.916664,82.1297,test
2016-08-11 12:00:00,2016-08-12 00:00:00,12,Beijing,Transformer,88.583336,81.68822,test
2016-08-11 13:00:00,2016-08-12 01:00:00,12,Beijing,Transformer,87.416664,78.50729,test
2016-08-11 14:00:00,2016-08-12 02:00:00,12,Beijing,Transformer,85.25,77.931984,test
2016-08-11 15:00:00,2016-08-12 03:00:00,12,Beijing,Transformer,85.166664,80.72029,test
2016-08-11 16:00:00,2016-08-12 04:00:00,12,Beijing,Transformer,88.083336,78.26055,test
2016-08-11 17:00:00,2016-08-12 05:00:00,12,Beijing,Transformer,90.166664,77.83989,test
2016-08-11 18:00:00,2016-08-12 06:00:00,12,Beijing,Transformer,96.416664,80.49772,test
2016-08-11 19:00:00,2016-08-12 07:00:00,12,Beijing,Transformer,106.5,85.045654,test
2016-08-11 20:00:00,2016-08-12 08:00:00,12,Beijing,Transformer,109.666664,98.04262,test
2016-08-11 21:00:00,2016-08-12 09:00:00,12,Beijing,Transformer,115.75,120.71981,test
2016-08-11 22:00:00,2016-08-12 10:00:00,12,Beijing,Transformer,114.166664,132.94463,test
2016-08-11 23:00:00,2016-08-12 11:00:00,12,Beijing,Transformer,98.47222,135.15361,test
2016-08-12 00:00:00,2016-08-12 12:00:00,12,Beijing,Transformer,63.069443,133.76024,test
2016-08-12 01:00:00,2016-08-12 13:00:00,12,Beijing,Transformer,26.5,124.389534,test
2016-08-12 02:00:00,2016-08-12 14:00:00,12,Beijing,Transformer,16.833332,115.21515,test
2016-08-12 03:00:00,2016-08-12 15:00:00,12,Beijing,Transformer,14.25,108.78912,test
2016-08-12 04:00:00,2016-08-12 16:00:00,12,Beijing,Transformer,15.916667,109.14676,test
2016-08-12 05:00:00,2016-08-12 17:00:00,12,Beijing,Transformer,15.833333,105.65575,test
2016-08-12 06:00:00,2016-08-12 18:00:00,12,Beijing,Transformer,20.583332,88.860306,test
2016-08-12 07:00:00,2016-08-12 19:00:00,12,Beijing,Transformer,21.666668,83.178566,test
2016-08-12 08:00:00,2016-08-12 20:00:00,12,Beijing,Transformer,23.916668,79.50899,test
2016-08-12 09:00:00,2016-08-12 21:00:00,12,Beijing,Transformer,21.75,81.80591,test
2016-08-12 10:00:00,2016-08-12 22:00:00,12,Beijing,Transformer,23.666668,82.54773,test
2016-08-12 11:00:00,2016-08-12 23:00:00,12,Beijing,Transformer,25.25,43.57992,test
2016-08-12 12:00:00,2016-08-13 00:00:00,12,Beijing,Transformer,27.75,19.343788,test
2016-08-12 13:00:00,2016-08-13 01:00:00,12,Beijing,Transformer,26.166668,20.440983,test
2016-08-12 14:00:00,2016-08-13 02:00:00,12,Beijing,Transformer,25.083332,20.245916,test
2016-08-12 15:00:00,2016-08-13 03:00:00,12,Beijing,Transformer,23.333332,19.75282,test
2016-08-12 16:00:00,2016-08-13 04:00:00,12,Beijing,Transformer,25.166668,19.958399,test
2016-08-12 17:00:00,2016-08-13 05:00:00,12,Beijing,Transformer,24.166668,19.712612,test
2016-08-12 18:00:00,2016-08-13 06:00:00,12,Beijing,Transformer,25.75,20.777287,test
2016-08-12 19:00:00,2016-08-13 07:00:00,12,Beijing,Transformer,24.833332,22.857735,test
2016-08-12 20:00:00,2016-08-13 08:00:00,12,Beijing,Transformer,24.166668,20.310257,test
2016-08-12 21:00:00,2016-08-13 09:00:00,12,Beijing,Transformer,22.916668,21.673592,test
2016-08-12 22:00:00,2016-08-13 10:00:00,12,Beijing,Transformer,21.666668,23.410805,test
2016-08-12 23:00:00,2016-08-13 11:00:00,12,Beijing,Transformer,22.166668,22.299225,test
2016-08-13 00:00:00,2016-08-13 12:00:00,12,Beijing,Transformer,27.25,22.116642,test
2016-08-13 01:00:00,2016-08-13 13:00:00,12,Beijing,Transformer,27.416668,21.85763,test
2016-08-13 02:00:00,2016-08-13 14:00:00,12,Beijing,Transformer,28.416668,21.222446,test
2016-08-13 03:00:00,2016-08-13 15:00:00,12,Beijing,Transformer,25.833332,21.671661,test
2016-08-13 04:00:00,2016-08-13 16:00:00,12,Beijing,Transformer,20.583332,22.389313,test
2016-08-13 05:00:00,2016-08-13 17:00:00,12,Beijing,Transformer,18.5,20.051517,test
2016-08-13 06:00:00,2016-08-13 18:00:00,12,Beijing,Transformer,17.0,21.131546,test
2016-08-13 07:00:00,2016-08-13 19:00:00,12,Beijing,Transformer,16.416668,21.182858,test
2016-08-13 08:00:00,2016-08-13 20:00:00,12,Beijing,Transformer,16.0,25.815826,test
2016-08-13 09:00:00,2016-08-13 21:00:00,12,Beijing,Transformer,16.666668,27.87742,test
2016-08-13 10:00:00,2016-08-13 22:00:00,12,Beijing,Transformer,15.583333,30.895742,test
2016-08-13 11:00:00,2016-08-13 23:00:00,12,Beijing,Transformer,14.0,34.36431,test
2016-08-13 12:00:00,2016-08-14 00:00:00,12,Beijing,Transformer,13.583333,37.7817,test
2016-08-13 13:00:00,2016-08-14 01:00:00,12,Beijing,Transformer,12.75,39.155823,test
2016-08-13 14:00:00,2016-08-14 02:00:00,12,Beijing,Transformer,7.833333,39.66177,test
2016-08-13 15:00:00,2016-08-14 03:00:00,12,Beijing,Transformer,10.25,30.972342,test
2016-08-13 16:00:00,2016-08-14 04:00:00,12,Beijing,Transformer,10.583333,29.511942,test
2016-08-13 17:00:00,2016-08-14 05:00:00,12,Beijing,Transformer,10.5,23.691477,test
2016-08-13 18:00:00,2016-08-14 06:00:00,12,Beijing,Transformer,14.416667,20.617733,test
2016-08-13 19:00:00,2016-08-14 07:00:00,12,Beijing,Transformer,15.166667,19.887522,test
2016-08-13 20:00:00,2016-08-14 08:00:00,12,Beijing,Transformer,15.75,19.317717,test
2016-08-13 21:00:00,2016-08-14 09:00:00,12,Beijing,Transformer,14.75,20.878887,test
2016-08-13 22:00:00,2016-08-14 10:00:00,12,Beijing,Transformer,15.416667,20.731148,test
2016-08-13 23:00:00,2016-08-14 11:00:00,12,Beijing,Transformer,14.416667,19.077572,test
2016-08-14 00:00:00,2016-08-14 12:00:00,12,Beijing,Transformer,13.333333,18.81714,test
2016-08-14 01:00:00,2016-08-14 13:00:00,12,Beijing,Transformer,14.25,19.876863,test
2016-08-14 02:00:00,2016-08-14 14:00:00,12,Beijing,Transformer,14.166667,20.421768,test
2016-08-14 03:00:00,2016-08-14 15:00:00,12,Beijing,Transformer,15.5,21.136917,test
2016-08-14 04:00:00,2016-08-14 16:00:00,12,Beijing,Transformer,20.5,20.349848,test
2016-08-14 05:00:00,2016-08-14 17:00:00,12,Beijing,Transformer,21.666668,20.873968,test
2016-08-14 06:00:00,2016-08-14 18:00:00,12,Beijing,Transformer,26.333332,21.946571,test
2016-08-14 07:00:00,2016-08-14 19:00:00,12,Beijing,Transformer,29.666668,23.756851,test
2016-08-14 08:00:00,2016-08-14 20:00:00,12,Beijing,Transformer,33.416668,25.444458,test
2016-08-14 09:00:00,2016-08-14 21:00:00,12,Beijing,Transformer,38.5,24.104582,test
2016-08-14 10:00:00,2016-08-14 22:00:00,12,Beijing,Transformer,40.583332,23.505228,test
2016-08-14 11:00:00,2016-08-14 23:00:00,12,Beijing,Transformer,42.833332,24.036026,test
2016-08-14 12:00:00,2016-08-15 00:00:00,12,Beijing,Transformer,47.416668,24.627186,test
2016-08-14 13:00:00,2016-08-15 01:00:00,12,Beijing,Transformer,44.5,25.842619,test
2016-08-14 14:00:00,2016-08-15 02:00:00,12,Beijing,Transformer,48.75,27.054798,test
2016-08-14 15:00:00,2016-08-15 03:00:00,12,Beijing,Transformer,54.75,27.524445,test
2016-08-14 16:00:00,2016-08-15 04:00:00,12,Beijing,Transformer,49.166668,26.698627,test
2016-08-14 17:00:00,2016-08-15 05:00:00,12,Beijing,Transformer,19.083332,27.183027,test
2016-08-14 18:00:00,2016-08-15 06:00:00,12,Beijing,Transformer,13.166667,27.852453,test
2016-08-14 19:00:00,2016-08-15 07:00:00,12,Beijing,Transformer,14.333333,30.626043,test
2016-08-14 20:00:00,2016-08-15 08:00:00,12,Beijing,Transformer,13.25,32.26113,test
2016-08-14 21:00:00,2016-08-15 09:00:00,12,Beijing,Transformer,13.166667,37.24052,test
2016-08-14 22:00:00,2016-08-15 10:00:00,12,Beijing,Transformer,11.458333,39.614506,test
2016-08-14 23:00:00,2016-08-15 11:00:00,12,Beijing,Transformer,12.666667,36.279953,test
2016-08-15 00:00:00,2016-08-15 12:00:00,12,Beijing,Transformer,12.375,40.406677,test
2016-08-15 01:00:00,2016-08-15 13:00:00,12,Beijing,Transformer,12.25,35.166645,test
2016-08-15 02:00:00,2016-08-15 14:00:00,12,Beijing,Transformer,13.0,40.005386,test
2016-08-15 03:00:00,2016-08-15 15:00:00,12,Beijing,Transformer,10.25,44.952717,test
2016-08-15 04:00:00,2016-08-15 16:00:00,12,Beijing,Transformer,9.75,19.346596,test
2016-08-15 05:00:00,2016-08-15 17:00:00,12,Beijing,Transformer,10.333333,14.456495,test
2016-08-15 06:00:00,2016-08-15 18:00:00,12,Beijing,Transformer,11.166667,15.564498,test
2016-08-15 07:00:00,2016-08-15 19:00:00,12,Beijing,Transformer,12.25,17.463852,test
2016-08-15 08:00:00,2016-08-15 20:00:00,12,Beijing,Transformer,16.25,19.255407,test
2016-08-15 09:00:00,2016-08-15 21:00:00,12,Beijing,Transformer,17.75,20.341524,test
2016-08-15 10:00:00,2016-08-15 22:00:00,12,Beijing,Transformer,16.416668,20.324976,test
2016-08-15 11:00:00,2016-08-15 23:00:00,12,Beijing,Transformer,18.083332,20.263508,test
2016-08-15 12:00:00,2016-08-16 00:00:00,12,Beijing,Transformer,18.333332,20.802553,test
2016-08-15 13:00:00,2016-08-16 01:00:00,12,Beijing,Transformer,20.0,20.457167,test
2016-08-15 14:00:00,2016-08-16 02:00:00,12,Beijing,Transformer,19.833332,20.151114,test
2016-08-15 15:00:00,2016-08-16 03:00:00,12,Beijing,Transformer,19.333332,19.722649,test
2016-08-15 16:00:00,2016-08-16 04:00:00,12,Beijing,Transformer,20.083332,19.266708,test
2016-08-15 17:00:00,2016-08-16 05:00:00,12,Beijing,Transformer,18.0,19.805634,test
2016-08-15 18:00:00,2016-08-16 06:00:00,12,Beijing,Transformer,17.666668,21.059326,test
2016-08-15 19:00:00,2016-08-16 07:00:00,12,Beijing,Transformer,18.333332,21.16285,test
2016-08-15 20:00:00,2016-08-16 08:00:00,12,Beijing,Transformer,19.416668,19.03167,test
2016-08-15 21:00:00,2016-08-16 09:00:00,12,Beijing,Transformer,19.666668,20.396664,test
2016-08-15 22:00:00,2016-08-16 10:00:00,12,Beijing,Transformer,21.416668,22.270538,test
2016-08-15 23:00:00,2016-08-16 11:00:00,12,Beijing,Transformer,22.083332,25.594593,test
2016-08-16 00:00:00,2016-08-16 12:00:00,12,Beijing,Transformer,23.0,26.484867,test
2016-08-16 01:00:00,2016-08-16 13:00:00,12,Beijing,Transformer,23.0,25.114014,test
2016-08-16 02:00:00,2016-08-16 14:00:00,12,Beijing,Transformer,22.0,24.372137,test
2016-08-16 03:00:00,2016-08-16 15:00:00,12,Beijing,Transformer,22.25,26.137121,test
2016-08-16 04:00:00,2016-08-16 16:00:00,12,Beijing,Transformer,24.833332,28.266327,test
2016-08-16 05:00:00,2016-08-16 17:00:00,12,Beijing,Transformer,26.916668,28.25733,test
2016-08-16 06:00:00,2016-08-16 18:00:00,12,Beijing,Transformer,29.666668,28.775509,test
2016-08-16 07:00:00,2016-08-16 19:00:00,12,Beijing,Transformer,32.0,32.931866,test
2016-08-16 08:00:00,2016-08-16 20:00:00,12,Beijing,Transformer,30.916668,35.664577,test
2016-08-16 09:00:00,2016-08-16 21:00:00,12,Beijing,Transformer,32.0,38.185383,test
2016-08-16 10:00:00,2016-08-16 22:00:00,12,Beijing,Transformer,29.25,40.456493,test
2016-08-16 11:00:00,2016-08-16 23:00:00,12,Beijing,Transformer,28.666668,40.314213,test
2016-08-16 12:00:00,2016-08-17 00:00:00,12,Beijing,Transformer,32.666668,41.634037,test
2016-08-16 13:00:00,2016-08-17 01:00:00,12,Beijing,Transformer,34.333332,42.310192,test
2016-08-16 14:00:00,2016-08-17 02:00:00,12,Beijing,Transformer,34.5,40.59299,test
2016-08-16 15:00:00,2016-08-17 03:00:00,12,Beijing,Transformer,34.25,37.875675,test
2016-08-16 16:00:00,2016-08-17 04:00:00,12,Beijing,Transformer,33.916668,35.29269,test
2016-08-16 17:00:00,2016-08-17 05:00:00,12,Beijing,Transformer,34.416668,33.919262,test
2016-08-16 18:00:00,2016-08-17 06:00:00,12,Beijing,Transformer,38.083332,34.19324,test
2016-08-16 19:00:00,2016-08-17 07:00:00,12,Beijing,Transformer,41.25,35.16583,test
2016-08-16 20:00:00,2016-08-17 08:00:00,12,Beijing,Transformer,44.5,31.927946,test
2016-08-16 21:00:00,2016-08-17 09:00:00,12,Beijing,Transformer,52.25,27.524998,test
2016-08-16 22:00:00,2016-08-17 10:00:00,12,Beijing,Transformer,57.333332,32.264664,test
2016-08-16 23:00:00,2016-08-17 11:00:00,12,Beijing,Transformer,61.083332,35.927574,test
2016-08-17 00:00:00,2016-08-17 12:00:00,12,Beijing,Transformer,62.333332,39.825943,test
2016-08-17 01:00:00,2016-08-17 13:00:00,12,Beijing,Transformer,63.666668,41.626324,test
2016-08-17 02:00:00,2016-08-17 14:00:00,12,Beijing,Transformer,66.833336,42.091488,test
2016-08-17 03:00:00,2016-08-17 15:00:00,12,Beijing,Transformer,69.666664,39.152157,test
2016-08-17 04:00:00,2016-08-17 16:00:00,12,Beijing,Transformer,71.333336,38.156513,test
2016-08-17 05:00:00,2016-08-17 17:00:00,12,Beijing,Transformer,76.5,37.335865,test
2016-08-17 06:00:00,2016-08-17 18:00:00,12,Beijing,Transformer,79.916664,41.462605,test
2016-08-17 07:00:00,2016-08-17 19:00:00,12,Beijing,Transformer,80.166664,44.364925,test
2016-08-17 08:00:00,2016-08-17 20:00:00,12,Beijing,Transformer,82.583336,46.9537,test
2016-08-17 09:00:00,2016-08-17 21:00:00,12,Beijing,Transformer,88.833336,48.712673,test
2016-08-17 10:00:00,2016-08-17 22:00:00,12,Beijing,Transformer,93.916664,49.78158,test
2016-08-17 11:00:00,2016-08-17 23:00:00,12,Beijing,Transformer,100.166664,53.329853,test
2016-08-17 12:00:00,2016-08-18 00:00:00,12,Beijing,Transformer,104.166664,59.331963,test
2016-08-17 13:00:00,2016-08-18 01:00:00,12,Beijing,Transformer,104.75,63.308613,test
2016-08-17 14:00:00,2016-08-18 02:00:00,12,Beijing,Transformer,107.916664,64.71692,test
2016-08-17 15:00:00,2016-08-18 03:00:00,12,Beijing,Transformer,110.5,61.65725,test
2016-08-17 16:00:00,2016-08-18 04:00:00,12,Beijing,Transformer,110.0,63.068214,test
2016-08-17 17:00:00,2016-08-18 05:00:00,12,Beijing,Transformer,108.0,65.99959,test
2016-08-17 18:00:00,2016-08-18 06:00:00,12,Beijing,Transformer,104.833336,70.01805,test
2016-08-17 19:00:00,2016-08-18 07:00:00,12,Beijing,Transformer,99.416664,73.34494,test
2016-08-17 20:00:00,2016-08-18 08:00:00,12,Beijing,Transformer,84.916664,69.22627,test
2016-08-17 21:00:00,2016-08-18 09:00:00,12,Beijing,Transformer,74.75,83.97394,test
2016-08-17 22:00:00,2016-08-18 10:00:00,12,Beijing,Transformer,73.166664,94.894684,test
2016-08-17 23:00:00,2016-08-18 11:00:00,12,Beijing,Transformer,62.833332,112.22413,test
2016-08-18 00:00:00,2016-08-18 12:00:00,12,Beijing,Transformer,56.416668,114.877686,test
2016-08-18 01:00:00,2016-08-18 13:00:00,12,Beijing,Transformer,56.833332,112.61864,test
2016-08-18 02:00:00,2016-08-18 14:00:00,12,Beijing,Transformer,59.75,123.782326,test
2016-08-18 03:00:00,2016-08-18 15:00:00,12,Beijing,Transformer,61.083332,115.18175,test
2016-08-18 04:00:00,2016-08-18 16:00:00,12,Beijing,Transformer,56.916668,105.329544,test
2016-08-18 05:00:00,2016-08-18 17:00:00,12,Beijing,Transformer,53.583332,101.946625,test
2016-08-18 06:00:00,2016-08-18 18:00:00,12,Beijing,Transformer,56.333332,95.67907,test
2016-08-18 07:00:00,2016-08-18 19:00:00,12,Beijing,Transformer,52.75,78.19712,test
2016-08-18 08:00:00,2016-08-18 20:00:00,12,Beijing,Transformer,43.416668,51.685,test
2016-08-18 09:00:00,2016-08-18 21:00:00,12,Beijing,Transformer,48.416668,51.882565,test
2016-08-18 10:00:00,2016-08-18 22:00:00,12,Beijing,Transformer,53.083332,58.05248,test
2016-08-18 11:00:00,2016-08-18 23:00:00,12,Beijing,Transformer,45.916668,59.856903,test
2016-08-18 12:00:00,2016-08-19 00:00:00,12,Beijing,Transformer,35.75,57.279552,test
2016-08-18 13:00:00,2016-08-19 01:00:00,12,Beijing,Transformer,27.75,56.031223,test
2016-08-18 14:00:00,2016-08-19 02:00:00,12,Beijing,Transformer,23.333332,53.66656,test
2016-08-18 15:00:00,2016-08-19 03:00:00,12,Beijing,Transformer,17.5,47.948433,test
2016-08-18 16:00:00,2016-08-19 04:00:00,12,Beijing,Transformer,14.083333,40.684925,test
2016-08-18 17:00:00,2016-08-19 05:00:00,12,Beijing,Transformer,12.416667,34.47122,test
2016-08-18 18:00:00,2016-08-19 06:00:00,12,Beijing,Transformer,11.416667,34.81166,test
2016-08-18 19:00:00,2016-08-19 07:00:00,12,Beijing,Transformer,12.25,31.584717,test
2016-08-18 20:00:00,2016-08-19 08:00:00,12,Beijing,Transformer,11.5,32.98805,test
2016-08-18 21:00:00,2016-08-19 09:00:00,12,Beijing,Transformer,11.5,32.879013,test
2016-08-18 22:00:00,2016-08-19 10:00:00,12,Beijing,Transformer,10.5,42.565083,test
2016-08-18 23:00:00,2016-08-19 11:00:00,12,Beijing,Transformer,10.416667,44.30544,test
2016-08-19 00:00:00,2016-08-19 12:00:00,12,Beijing,Transformer,10.5,42.08785,test
2016-08-19 01:00:00,2016-08-19 13:00:00,12,Beijing,Transformer,9.916667,24.057144,test
2016-08-19 02:00:00,2016-08-19 14:00:00,12,Beijing,Transformer,10.416667,24.932392,test
2016-08-19 03:00:00,2016-08-19 15:00:00,12,Beijing,Transformer,10.583333,22.19067,test
2016-08-19 04:00:00,2016-08-19 16:00:00,12,Beijing,Transformer,11.083333,19.76399,test
2016-08-19 05:00:00,2016-08-19 17:00:00,12,Beijing,Transformer,11.666667,19.78403,test
2016-08-19 06:00:00,2016-08-19 18:00:00,12,Beijing,Transformer,14.333333,20.765308,test
2016-08-19 07:00:00,2016-08-19 19:00:00,12,Beijing,Transformer,18.0,21.950619,test
2016-08-19 08:00:00,2016-08-19 20:00:00,12,Beijing,Transformer,29.583332,21.784283,test
2016-08-19 09:00:00,2016-08-19 21:00:00,12,Beijing,Transformer,34.916668,21.819225,test
2016-08-19 10:00:00,2016-08-19 22:00:00,12,Beijing,Transformer,35.083332,19.382915,test
2016-08-19 11:00:00,2016-08-19 23:00:00,12,Beijing,Transformer,36.416668,19.959915,test
2016-08-19 12:00:00,2016-08-20 00:00:00,12,Beijing,Transformer,39.333332,20.528524,test
2016-08-19 13:00:00,2016-08-20 01:00:00,12,Beijing,Transformer,42.166668,21.32392,test
2016-08-19 14:00:00,2016-08-20 02:00:00,12,Beijing,Transformer,44.916668,22.334269,test
2016-08-19 15:00:00,2016-08-20 03:00:00,12,Beijing,Transformer,45.166668,22.560143,test
2016-08-19 16:00:00,2016-08-20 04:00:00,12,Beijing,Transformer,48.583332,20.819904,test
2016-08-19 17:00:00,2016-08-20 05:00:00,12,Beijing,Transformer,45.916668,20.409025,test
2016-08-19 18:00:00,2016-08-20 06:00:00,12,Beijing,Transformer,47.25,20.166698,test
2016-08-19 19:00:00,2016-08-20 07:00:00,12,Beijing,Transformer,48.5,21.373934,test
2016-08-19 20:00:00,2016-08-20 08:00:00,12,Beijing,Transformer,55.583332,18.637978,test
2016-08-19 21:00:00,2016-08-20 09:00:00,12,Beijing,Transformer,62.666668,18.994656,test
2016-08-19 22:00:00,2016-08-20 10:00:00,12,Beijing,Transformer,71.083336,20.58741,test
2016-08-19 23:00:00,2016-08-20 11:00:00,12,Beijing,Transformer,69.583336,22.914183,test
2016-08-20 00:00:00,2016-08-20 12:00:00,12,Beijing,Transformer,65.166664,25.121925,test
2016-08-20 01:00:00,2016-08-20 13:00:00,12,Beijing,Transformer,58.5,27.802406,test
2016-08-20 02:00:00,2016-08-20 14:00:00,12,Beijing,Transformer,51.833332,31.199583,test
2016-08-20 03:00:00,2016-08-20 15:00:00,12,Beijing,Transformer,46.583332,31.307026,test
2016-08-20 04:00:00,2016-08-20 16:00:00,12,Beijing,Transformer,46.583332,33.69485,test
2016-08-20 05:00:00,2016-08-20 17:00:00,12,Beijing,Transformer,49.875,32.176388,test
2016-08-20 06:00:00,2016-08-20 18:00:00,12,Beijing,Transformer,53.25,33.408215,test
2016-08-20 07:00:00,2016-08-20 19:00:00,12,Beijing,Transformer,52.166668,32.577557,test
2016-08-20 08:00:00,2016-08-20 20:00:00,12,Beijing,Transformer,51.666668,35.779972,test
2016-08-20 09:00:00,2016-08-20 21:00:00,12,Beijing,Transformer,54.0,39.392277,test
2016-08-20 10:00:00,2016-08-20 22:00:00,12,Beijing,Transformer,55.75,47.297276,test
2016-08-20 11:00:00,2016-08-20 23:00:00,12,Beijing,Transformer,53.666668,50.3063,test
2016-08-20 12:00:00,2016-08-21 00:00:00,12,Beijing,Transformer,53.5,52.90262,test
2016-08-20 13:00:00,2016-08-21 01:00:00,12,Beijing,Transformer,54.833332,52.539272,test
2016-08-20 14:00:00,2016-08-21 02:00:00,12,Beijing,Transformer,53.083332,53.877716,test
2016-08-20 15:00:00,2016-08-21 03:00:00,12,Beijing,Transformer,53.75,53.995464,test
2016-08-20 16:00:00,2016-08-21 04:00:00,12,Beijing,Transformer,53.0,55.4454,test
2016-08-20 17:00:00,2016-08-21 05:00:00,12,Beijing,Transformer,51.083332,59.74228,test
2016-08-20 18:00:00,2016-08-21 06:00:00,12,Beijing,Transformer,52.583332,62.318363,test
2016-08-20 19:00:00,2016-08-21 07:00:00,12,Beijing,Transformer,47.666668,65.87346,test
2016-08-20 20:00:00,2016-08-21 08:00:00,12,Beijing,Transformer,45.75,67.03134,test
2016-08-20 21:00:00,2016-08-21 09:00:00,12,Beijing,Transformer,45.166668,76.255455,test
2016-08-20 22:00:00,2016-08-21 10:00:00,12,Beijing,Transformer,45.416668,84.45573,test
2016-08-20 23:00:00,2016-08-21 11:00:00,12,Beijing,Transformer,47.75,77.14276,test
2016-08-21 00:00:00,2016-08-21 12:00:00,12,Beijing,Transformer,49.166668,81.96379,test
2016-08-21 01:00:00,2016-08-21 13:00:00,12,Beijing,Transformer,49.333332,83.04375,test
2016-08-21 02:00:00,2016-08-21 14:00:00,12,Beijing,Transformer,54.416668,78.955734,test
2016-08-21 03:00:00,2016-08-21 15:00:00,12,Beijing,Transformer,57.916668,76.87555,test
2016-08-21 04:00:00,2016-08-21 16:00:00,12,Beijing,Transformer,50.833332,79.7071,test
2016-08-21 05:00:00,2016-08-21 17:00:00,12,Beijing,Transformer,45.916668,75.23568,test
2016-08-21 06:00:00,2016-08-21 18:00:00,12,Beijing,Transformer,44.583332,78.80232,test
2016-08-21 07:00:00,2016-08-21 19:00:00,12,Beijing,Transformer,47.75,77.66581,test
2016-08-21 08:00:00,2016-08-21 20:00:00,12,Beijing,Transformer,53.083332,78.11447,test
2016-08-21 09:00:00,2016-08-21 21:00:00,12,Beijing,Transformer,57.416668,78.47343,test
2016-08-21 10:00:00,2016-08-21 22:00:00,12,Beijing,Transformer,63.916668,81.90605,test
2016-08-21 11:00:00,2016-08-21 23:00:00,12,Beijing,Transformer,74.0,83.894714,test
2016-08-21 12:00:00,2016-08-22 00:00:00,12,Beijing,Transformer,74.666664,80.89957,test
2016-08-21 13:00:00,2016-08-22 01:00:00,12,Beijing,Transformer,73.5,71.46385,test
2016-08-21 14:00:00,2016-08-22 02:00:00,12,Beijing,Transformer,75.833336,64.20057,test
2016-08-21 15:00:00,2016-08-22 03:00:00,12,Beijing,Transformer,78.75,60.734188,test
2016-08-21 16:00:00,2016-08-22 04:00:00,12,Beijing,Transformer,78.083336,59.94373,test
2016-08-21 17:00:00,2016-08-22 05:00:00,12,Beijing,Transformer,74.166664,61.678055,test
2016-08-21 18:00:00,2016-08-22 06:00:00,12,Beijing,Transformer,73.5,64.6855,test
2016-08-21 19:00:00,2016-08-22 07:00:00,12,Beijing,Transformer,77.25,71.9591,test
2016-08-21 20:00:00,2016-08-22 08:00:00,12,Beijing,Transformer,80.833336,84.945335,test
2016-08-21 21:00:00,2016-08-22 09:00:00,12,Beijing,Transformer,70.166664,79.142746,test
2016-08-21 22:00:00,2016-08-22 10:00:00,12,Beijing,Transformer,52.166668,84.53256,test
2016-08-21 23:00:00,2016-08-22 11:00:00,12,Beijing,Transformer,42.083332,98.637924,test
2016-08-22 00:00:00,2016-08-22 12:00:00,12,Beijing,Transformer,37.583332,91.11648,test
2016-08-22 01:00:00,2016-08-22 13:00:00,12,Beijing,Transformer,38.583332,83.19556,test
2016-08-22 02:00:00,2016-08-22 14:00:00,12,Beijing,Transformer,33.25,89.09237,test
2016-08-22 03:00:00,2016-08-22 15:00:00,12,Beijing,Transformer,29.916668,88.2115,test
2016-08-22 04:00:00,2016-08-22 16:00:00,12,Beijing,Transformer,29.75,90.23719,test
2016-08-22 05:00:00,2016-08-22 17:00:00,12,Beijing,Transformer,27.833332,73.695114,test
2016-08-22 06:00:00,2016-08-22 18:00:00,12,Beijing,Transformer,30.916668,76.17219,test
2016-08-22 07:00:00,2016-08-22 19:00:00,12,Beijing,Transformer,32.166668,76.19986,test
2016-08-22 08:00:00,2016-08-22 20:00:00,12,Beijing,Transformer,36.166668,73.94536,test
2016-08-22 09:00:00,2016-08-22 21:00:00,12,Beijing,Transformer,39.916668,62.416767,test
2016-08-22 10:00:00,2016-08-22 22:00:00,12,Beijing,Transformer,39.666668,58.53014,test
2016-08-22 11:00:00,2016-08-22 23:00:00,12,Beijing,Transformer,43.666668,53.688175,test
2016-08-22 12:00:00,2016-08-23 00:00:00,12,Beijing,Transformer,46.833332,53.91545,test
2016-08-22 13:00:00,2016-08-23 01:00:00,12,Beijing,Transformer,50.916668,56.139492,test
2016-08-22 14:00:00,2016-08-23 02:00:00,12,Beijing,Transformer,55.833332,62.661057,test
2016-08-22 15:00:00,2016-08-23 03:00:00,12,Beijing,Transformer,60.416668,60.792168,test
2016-08-22 16:00:00,2016-08-23 04:00:00,12,Beijing,Transformer,63.916668,62.25231,test
2016-08-22 17:00:00,2016-08-23 05:00:00,12,Beijing,Transformer,66.416664,52.585285,test
2016-08-22 18:00:00,2016-08-23 06:00:00,12,Beijing,Transformer,68.666664,66.09261,test
2016-08-22 19:00:00,2016-08-23 07:00:00,12,Beijing,Transformer,74.166664,67.99262,test
2016-08-22 20:00:00,2016-08-23 08:00:00,12,Beijing,Transformer,80.5,64.17407,test
2016-08-22 21:00:00,2016-08-23 09:00:00,12,Beijing,Transformer,76.833336,76.01927,test
2016-08-22 22:00:00,2016-08-23 10:00:00,12,Beijing,Transformer,56.583332,62.25812,test
2016-08-22 23:00:00,2016-08-23 11:00:00,12,Beijing,Transformer,55.666668,67.11688,test
2016-08-23 00:00:00,2016-08-23 12:00:00,12,Beijing,Transformer,59.166668,71.40848,test
2016-08-23 01:00:00,2016-08-23 13:00:00,12,Beijing,Transformer,62.5,66.629425,test
2016-08-23 02:00:00,2016-08-23 14:00:00,12,Beijing,Transformer,62.5,73.481674,test
2016-08-23 03:00:00,2016-08-23 15:00:00,12,Beijing,Transformer,66.833336,77.55331,test
2016-08-23 04:00:00,2016-08-23 16:00:00,12,Beijing,Transformer,75.333336,79.42038,test
2016-08-23 05:00:00,2016-08-23 17:00:00,12,Beijing,Transformer,74.166664,78.06659,test
2016-08-23 06:00:00,2016-08-23 18:00:00,12,Beijing,Transformer,80.166664,73.04094,test
2016-08-23 07:00:00,2016-08-23 19:00:00,12,Beijing,Transformer,82.416664,68.64456,test
2016-08-23 08:00:00,2016-08-23 20:00:00,12,Beijing,Transformer,86.416664,67.38412,test
2016-08-23 09:00:00,2016-08-23 21:00:00,12,Beijing,Transformer,91.583336,62.45095,test
2016-08-23 10:00:00,2016-08-23 22:00:00,12,Beijing,Transformer,85.5,62.465927,test
2016-08-23 11:00:00,2016-08-23 23:00:00,12,Beijing,Transformer,85.916664,64.37943,test
2016-08-23 12:00:00,2016-08-24 00:00:00,12,Beijing,Transformer,83.0,65.28162,test
2016-08-23 13:00:00,2016-08-24 01:00:00,12,Beijing,Transformer,85.583336,65.2031,test
2016-08-23 14:00:00,2016-08-24 02:00:00,12,Beijing,Transformer,88.5,66.75343,test
2016-08-23 15:00:00,2016-08-24 03:00:00,12,Beijing,Transformer,84.166664,62.781895,test
2016-08-23 16:00:00,2016-08-24 04:00:00,12,Beijing,Transformer,83.166664,65.975975,test
2016-08-23 17:00:00,2016-08-24 05:00:00,12,Beijing,Transformer,81.75,64.222496,test
2016-08-23 18:00:00,2016-08-24 06:00:00,12,Beijing,Transformer,78.25,67.15874,test
2016-08-23 19:00:00,2016-08-24 07:00:00,12,Beijing,Transformer,71.75,66.76804,test
2016-08-23 20:00:00,2016-08-24 08:00:00,12,Beijing,Transformer,72.166664,75.65372,test
2016-08-23 21:00:00,2016-08-24 09:00:00,12,Beijing,Transformer,71.833336,82.106674,test
2016-08-23 22:00:00,2016-08-24 10:00:00,12,Beijing,Transformer,73.666664,78.834206,test
2016-08-23 23:00:00,2016-08-24 11:00:00,12,Beijing,Transformer,74.333336,81.76219,test
2016-08-24 00:00:00,2016-08-24 12:00:00,12,Beijing,Transformer,74.916664,75.71913,test
2016-08-24 01:00:00,2016-08-24 13:00:00,12,Beijing,Transformer,75.583336,71.54886,test
2016-08-24 02:00:00,2016-08-24 14:00:00,12,Beijing,Transformer,72.375,73.887955,test
2016-08-24 03:00:00,2016-08-24 15:00:00,12,Beijing,Transformer,64.666664,68.697464,test
2016-08-24 04:00:00,2016-08-24 16:00:00,12,Beijing,Transformer,69.916664,69.3933,test
2016-08-24 05:00:00,2016-08-24 17:00:00,12,Beijing,Transformer,73.75,65.88573,test
2016-08-24 06:00:00,2016-08-24 18:00:00,12,Beijing,Transformer,73.583336,67.44397,test
2016-08-24 07:00:00,2016-08-24 19:00:00,12,Beijing,Transformer,76.416664,64.915405,test
2016-08-24 08:00:00,2016-08-24 20:00:00,12,Beijing,Transformer,83.083336,65.07403,test
2016-08-24 09:00:00,2016-08-24 21:00:00,12,Beijing,Transformer,94.166664,64.744804,test
2016-08-24 10:00:00,2016-08-24 22:00:00,12,Beijing,Transformer,100.75,67.68616,test
2016-08-24 11:00:00,2016-08-24 23:00:00,12,Beijing,Transformer,104.5,69.13429,test
2016-08-24 12:00:00,2016-08-25 00:00:00,12,Beijing,Transformer,104.333336,68.679504,test
2016-08-24 13:00:00,2016-08-25 01:00:00,12,Beijing,Transformer,86.916664,70.75494,test
2016-08-24 14:00:00,2016-08-25 02:00:00,12,Beijing,Transformer,65.333336,71.43511,test
2016-08-24 15:00:00,2016-08-25 03:00:00,12,Beijing,Transformer,31.416668,69.332466,test
2016-08-24 16:00:00,2016-08-25 04:00:00,12,Beijing,Transformer,18.833332,67.12742,test
2016-08-24 17:00:00,2016-08-25 05:00:00,12,Beijing,Transformer,9.0,63.32335,test
2016-08-24 18:00:00,2016-08-25 06:00:00,12,Beijing,Transformer,5.916667,66.373505,test
2016-08-24 19:00:00,2016-08-25 07:00:00,12,Beijing,Transformer,7.333333,72.365234,test
2016-08-24 20:00:00,2016-08-25 08:00:00,12,Beijing,Transformer,8.166667,83.26015,test
2016-08-24 21:00:00,2016-08-25 09:00:00,12,Beijing,Transformer,8.166667,104.372955,test
2016-08-24 22:00:00,2016-08-25 10:00:00,12,Beijing,Transformer,7.166667,120.38724,test
2016-08-24 23:00:00,2016-08-25 11:00:00,12,Beijing,Transformer,6.083333,121.58038,test
2016-08-25 00:00:00,2016-08-25 12:00:00,12,Beijing,Transformer,6.916667,109.48214,test
2016-08-25 01:00:00,2016-08-25 13:00:00,12,Beijing,Transformer,6.916667,66.79173,test
2016-08-25 02:00:00,2016-08-25 14:00:00,12,Beijing,Transformer,5.583333,22.98885,test
2016-08-25 03:00:00,2016-08-25 15:00:00,12,Beijing,Transformer,6.833333,21.206213,test
2016-08-25 04:00:00,2016-08-25 16:00:00,12,Beijing,Transformer,5.583333,18.688185,test
2016-08-25 05:00:00,2016-08-25 17:00:00,12,Beijing,Transformer,6.75,19.055323,test
2016-08-25 06:00:00,2016-08-25 18:00:00,12,Beijing,Transformer,5.916667,18.808348,test
2016-08-25 07:00:00,2016-08-25 19:00:00,12,Beijing,Transformer,8.583333,19.290415,test
2016-08-25 08:00:00,2016-08-25 20:00:00,12,Beijing,Transformer,11.583333,18.038273,test
2016-08-25 09:00:00,2016-08-25 21:00:00,12,Beijing,Transformer,12.166667,15.525982,test
2016-08-25 10:00:00,2016-08-25 22:00:00,12,Beijing,Transformer,13.583333,14.511597,test
2016-08-25 11:00:00,2016-08-25 23:00:00,12,Beijing,Transformer,12.416667,14.453366,test
2016-08-25 12:00:00,2016-08-26 00:00:00,12,Beijing,Transformer,9.5,15.225602,test
2016-08-25 13:00:00,2016-08-26 01:00:00,12,Beijing,Transformer,7.0,14.941697,test
2016-08-25 14:00:00,2016-08-26 02:00:00,12,Beijing,Transformer,7.166667,14.533241,test
2016-08-25 15:00:00,2016-08-26 03:00:00,12,Beijing,Transformer,6.25,14.119353,test
2016-08-25 16:00:00,2016-08-26 04:00:00,12,Beijing,Transformer,9.083333,13.722046,test
2016-08-25 17:00:00,2016-08-26 05:00:00,12,Beijing,Transformer,7.5,13.691589,test
2016-08-25 18:00:00,2016-08-26 06:00:00,12,Beijing,Transformer,6.75,13.863213,test
2016-08-25 19:00:00,2016-08-26 07:00:00,12,Beijing,Transformer,7.25,14.079439,test
2016-08-25 20:00:00,2016-08-26 08:00:00,12,Beijing,Transformer,8.583333,13.821506,test
2016-08-25 21:00:00,2016-08-26 09:00:00,12,Beijing,Transformer,7.666667,13.632003,test
2016-08-25 22:00:00,2016-08-26 10:00:00,12,Beijing,Transformer,7.583333,13.682956,test
2016-08-25 23:00:00,2016-08-26 11:00:00,12,Beijing,Transformer,7.25,14.073904,test
2016-08-26 00:00:00,2016-08-26 12:00:00,12,Beijing,Transformer,7.833333,14.020327,test
2016-08-26 01:00:00,2016-08-26 13:00:00,12,Beijing,Transformer,8.083333,13.542466,test
2016-08-26 02:00:00,2016-08-26 14:00:00,12,Beijing,Transformer,8.5,13.4743595,test
2016-08-26 03:00:00,2016-08-26 15:00:00,12,Beijing,Transformer,5.833333,13.3877945,test
2016-08-26 04:00:00,2016-08-26 16:00:00,12,Beijing,Transformer,5.666667,13.485655,test
2016-08-26 05:00:00,2016-08-26 17:00:00,12,Beijing,Transformer,8.25,13.3400345,test
2016-08-26 06:00:00,2016-08-26 18:00:00,12,Beijing,Transformer,9.166667,13.280346,test
2016-08-26 07:00:00,2016-08-26 19:00:00,12,Beijing,Transformer,12.0,15.3360195,test
2016-08-26 08:00:00,2016-08-26 20:00:00,12,Beijing,Transformer,15.833333,16.132494,test
2016-08-26 09:00:00,2016-08-26 21:00:00,12,Beijing,Transformer,20.25,16.465017,test
2016-08-26 10:00:00,2016-08-26 22:00:00,12,Beijing,Transformer,24.166668,16.70977,test
2016-08-26 11:00:00,2016-08-26 23:00:00,12,Beijing,Transformer,23.666668,17.318653,test
2016-08-26 12:00:00,2016-08-27 00:00:00,12,Beijing,Transformer,22.666668,17.91651,test
2016-08-26 13:00:00,2016-08-27 01:00:00,12,Beijing,Transformer,21.583332,18.284105,test
2016-08-26 14:00:00,2016-08-27 02:00:00,12,Beijing,Transformer,21.0,18.529816,test
2016-08-26 15:00:00,2016-08-27 03:00:00,12,Beijing,Transformer,19.333332,18.088263,test
2016-08-26 16:00:00,2016-08-27 04:00:00,12,Beijing,Transformer,17.166668,17.071344,test
2016-08-26 17:00:00,2016-08-27 05:00:00,12,Beijing,Transformer,15.333333,17.101566,test
2016-08-26 18:00:00,2016-08-27 06:00:00,12,Beijing,Transformer,13.833333,17.277956,test
2016-08-26 19:00:00,2016-08-27 07:00:00,12,Beijing,Transformer,14.5,18.132942,test
2016-08-26 20:00:00,2016-08-27 08:00:00,12,Beijing,Transformer,16.416668,18.637867,test
2016-08-26 21:00:00,2016-08-27 09:00:00,12,Beijing,Transformer,15.583333,19.851473,test
2016-08-26 22:00:00,2016-08-27 10:00:00,12,Beijing,Transformer,12.75,21.260859,test
2016-08-26 23:00:00,2016-08-27 11:00:00,12,Beijing,Transformer,11.0,21.779688,test
2016-08-27 00:00:00,2016-08-27 12:00:00,12,Beijing,Transformer,10.333333,22.215265,test
2016-08-27 01:00:00,2016-08-27 13:00:00,12,Beijing,Transformer,10.0,20.93446,test
2016-08-27 02:00:00,2016-08-27 14:00:00,12,Beijing,Transformer,8.208333,20.513903,test
2016-08-27 03:00:00,2016-08-27 15:00:00,12,Beijing,Transformer,6.916667,21.749275,test
2016-08-27 04:00:00,2016-08-27 16:00:00,12,Beijing,Transformer,5.5,25.53799,test
2016-08-27 05:00:00,2016-08-27 17:00:00,12,Beijing,Transformer,10.083333,23.374115,test
2016-08-27 06:00:00,2016-08-27 18:00:00,12,Beijing,Transformer,9.25,24.30943,test
2016-08-27 07:00:00,2016-08-27 19:00:00,12,Beijing,Transformer,12.916667,30.120094,test
2016-08-27 08:00:00,2016-08-27 20:00:00,12,Beijing,Transformer,20.0,29.81064,test
2016-08-27 09:00:00,2016-08-27 21:00:00,12,Beijing,Transformer,22.083332,30.40414,test
2016-08-27 10:00:00,2016-08-27 22:00:00,12,Beijing,Transformer,19.0,30.637915,test
2016-08-27 11:00:00,2016-08-27 23:00:00,12,Beijing,Transformer,12.416667,32.019314,test
2016-08-27 12:00:00,2016-08-28 00:00:00,12,Beijing,Transformer,12.666667,33.13785,test
2016-08-27 13:00:00,2016-08-28 01:00:00,12,Beijing,Transformer,9.833333,33.72581,test
2016-08-27 14:00:00,2016-08-28 02:00:00,12,Beijing,Transformer,8.166667,34.223797,test
2016-08-27 15:00:00,2016-08-28 03:00:00,12,Beijing,Transformer,8.666667,33.993664,test
2016-08-27 16:00:00,2016-08-28 04:00:00,12,Beijing,Transformer,8.5,20.60121,test
2016-08-27 17:00:00,2016-08-28 05:00:00,12,Beijing,Transformer,8.833333,20.463911,test
2016-08-27 18:00:00,2016-08-28 06:00:00,12,Beijing,Transformer,10.75,22.511656,test
2016-08-27 19:00:00,2016-08-28 07:00:00,12,Beijing,Transformer,8.75,21.966633,test
2016-08-27 20:00:00,2016-08-28 08:00:00,12,Beijing,Transformer,10.25,22.420626,test
2016-08-27 21:00:00,2016-08-28 09:00:00,12,Beijing,Transformer,10.666667,22.593788,test
2016-08-27 22:00:00,2016-08-28 10:00:00,12,Beijing,Transformer,7.5,22.799763,test
2016-08-27 23:00:00,2016-08-28 11:00:00,12,Beijing,Transformer,9.333333,22.596008,test
2016-08-28 00:00:00,2016-08-28 12:00:00,12,Beijing,Transformer,7.666667,19.910957,test
2016-08-28 01:00:00,2016-08-28 13:00:00,12,Beijing,Transformer,8.666667,22.755556,test
2016-08-28 02:00:00,2016-08-28 14:00:00,12,Beijing,Transformer,6.416667,24.214466,test
2016-08-28 03:00:00,2016-08-28 15:00:00,12,Beijing,Transformer,7.833333,24.406898,test
2016-08-28 04:00:00,2016-08-28 16:00:00,12,Beijing,Transformer,7.5,24.929459,test
2016-08-28 05:00:00,2016-08-28 17:00:00,12,Beijing,Transformer,8.875,24.053026,test
2016-08-28 06:00:00,2016-08-28 18:00:00,12,Beijing,Transformer,7.916667,25.405165,test
2016-08-28 07:00:00,2016-08-28 19:00:00,12,Beijing,Transformer,11.166667,26.997887,test
2016-08-28 08:00:00,2016-08-28 20:00:00,12,Beijing,Transformer,18.916668,28.081295,test
2016-08-28 09:00:00,2016-08-28 21:00:00,12,Beijing,Transformer,21.25,29.980762,test
2016-08-28 10:00:00,2016-08-28 22:00:00,12,Beijing,Transformer,21.083332,30.420826,test
2016-08-28 11:00:00,2016-08-28 23:00:00,12,Beijing,Transformer,23.333332,30.385944,test
2016-08-28 12:00:00,2016-08-29 00:00:00,12,Beijing,Transformer,20.0,27.29891,test
2016-08-28 13:00:00,2016-08-29 01:00:00,12,Beijing,Transformer,19.333332,25.893393,test
2016-08-28 14:00:00,2016-08-29 02:00:00,12,Beijing,Transformer,19.333332,27.210224,test
2016-08-28 15:00:00,2016-08-29 03:00:00,12,Beijing,Transformer,20.75,28.825926,test
2016-08-28 16:00:00,2016-08-29 04:00:00,12,Beijing,Transformer,19.416668,31.002964,test
2016-08-28 17:00:00,2016-08-29 05:00:00,12,Beijing,Transformer,14.166667,32.17975,test
2016-08-28 18:00:00,2016-08-29 06:00:00,12,Beijing,Transformer,13.166667,33.068607,test
2016-08-28 19:00:00,2016-08-29 07:00:00,12,Beijing,Transformer,14.083333,34.245415,test
2016-08-28 20:00:00,2016-08-29 08:00:00,12,Beijing,Transformer,14.25,32.015648,test
2016-08-28 21:00:00,2016-08-29 09:00:00,12,Beijing,Transformer,14.583333,31.40863,test
2016-08-28 22:00:00,2016-08-29 10:00:00,12,Beijing,Transformer,15.444444,29.918339,test
2016-08-28 23:00:00,2016-08-29 11:00:00,12,Beijing,Transformer,13.638889,33.491238,test
2016-08-29 00:00:00,2016-08-29 12:00:00,12,Beijing,Transformer,14.666667,37.241154,test
2016-08-29 01:00:00,2016-08-29 13:00:00,12,Beijing,Transformer,12.541667,35.537006,test
2016-08-29 02:00:00,2016-08-29 14:00:00,12,Beijing,Transformer,12.166667,33.98015,test
2016-08-29 03:00:00,2016-08-29 15:00:00,12,Beijing,Transformer,10.833333,33.697548,test
2016-08-29 04:00:00,2016-08-29 16:00:00,12,Beijing,Transformer,14.833333,33.082603,test
2016-08-29 05:00:00,2016-08-29 17:00:00,12,Beijing,Transformer,13.916667,31.925564,test
2016-08-29 06:00:00,2016-08-29 18:00:00,12,Beijing,Transformer,18.25,30.381422,test
2016-08-29 07:00:00,2016-08-29 19:00:00,12,Beijing,Transformer,19.583332,30.243141,test
2016-08-29 08:00:00,2016-08-29 20:00:00,12,Beijing,Transformer,23.25,30.352148,test
2016-08-29 09:00:00,2016-08-29 21:00:00,12,Beijing,Transformer,30.75,29.137144,test
2016-08-29 10:00:00,2016-08-29 22:00:00,12,Beijing,Transformer,31.416668,31.84409,test
2016-08-29 11:00:00,2016-08-29 23:00:00,12,Beijing,Transformer,29.583332,32.65378,test
2016-08-29 12:00:00,2016-08-30 00:00:00,12,Beijing,Transformer,31.583332,33.69271,test
2016-08-29 13:00:00,2016-08-30 01:00:00,12,Beijing,Transformer,32.916668,30.656408,test
2016-08-29 14:00:00,2016-08-30 02:00:00,12,Beijing,Transformer,32.833332,33.868755,test
2016-08-29 15:00:00,2016-08-30 03:00:00,12,Beijing,Transformer,32.166668,37.000866,test
2016-08-29 16:00:00,2016-08-30 04:00:00,12,Beijing,Transformer,31.5,41.400036,test
2016-08-29 17:00:00,2016-08-30 05:00:00,12,Beijing,Transformer,29.0,41.19036,test
2016-08-29 18:00:00,2016-08-30 06:00:00,12,Beijing,Transformer,23.416668,44.2969,test
2016-08-29 19:00:00,2016-08-30 07:00:00,12,Beijing,Transformer,21.583332,46.00735,test
2016-08-29 20:00:00,2016-08-30 08:00:00,12,Beijing,Transformer,21.416668,49.65344,test
2016-08-29 21:00:00,2016-08-30 09:00:00,12,Beijing,Transformer,22.833332,58.656384,test
2016-08-29 22:00:00,2016-08-30 10:00:00,12,Beijing,Transformer,23.25,59.03004,test
2016-08-29 23:00:00,2016-08-30 11:00:00,12,Beijing,Transformer,26.5,58.195484,test
2016-08-30 00:00:00,2016-08-30 12:00:00,12,Beijing,Transformer,25.583332,53.768597,test
2016-08-30 01:00:00,2016-08-30 13:00:00,12,Beijing,Transformer,26.833332,48.763233,test
2016-08-30 02:00:00,2016-08-30 14:00:00,12,Beijing,Transformer,27.416668,42.346508,test
2016-08-30 03:00:00,2016-08-30 15:00:00,12,Beijing,Transformer,28.5,40.693203,test
2016-08-30 04:00:00,2016-08-30 16:00:00,12,Beijing,Transformer,27.583332,40.58519,test
2016-08-30 05:00:00,2016-08-30 17:00:00,12,Beijing,Transformer,23.583332,40.378635,test
2016-08-30 06:00:00,2016-08-30 18:00:00,12,Beijing,Transformer,25.0,39.671368,test
2016-08-30 07:00:00,2016-08-30 19:00:00,12,Beijing,Transformer,31.75,40.276035,test
2016-08-30 08:00:00,2016-08-30 20:00:00,12,Beijing,Transformer,35.333332,40.355545,test
2016-08-30 09:00:00,2016-08-30 21:00:00,12,Beijing,Transformer,38.916668,41.48454,test
2016-08-30 10:00:00,2016-08-30 22:00:00,12,Beijing,Transformer,38.5,44.133392,test
2016-08-30 11:00:00,2016-08-30 23:00:00,12,Beijing,Transformer,42.0,47.528515,test
2016-08-30 12:00:00,2016-08-31 00:00:00,12,Beijing,Transformer,34.75,46.400394,test
2016-08-30 13:00:00,2016-08-31 01:00:00,12,Beijing,Transformer,33.5,45.672142,test
2016-08-30 14:00:00,2016-08-31 02:00:00,12,Beijing,Transformer,34.916668,43.87089,test
2016-08-30 15:00:00,2016-08-31 03:00:00,12,Beijing,Transformer,34.083332,43.571255,test
2016-08-30 16:00:00,2016-08-31 04:00:00,12,Beijing,Transformer,29.0,48.540646,test
2016-08-30 17:00:00,2016-08-31 05:00:00,12,Beijing,Transformer,22.416668,57.974186,test
2016-08-30 18:00:00,2016-08-31 06:00:00,12,Beijing,Transformer,21.5,59.084797,test
2016-08-30 19:00:00,2016-08-31 07:00:00,12,Beijing,Transformer,21.5,64.09161,test
2016-08-30 20:00:00,2016-08-31 08:00:00,12,Beijing,Transformer,20.0,54.311497,test
2016-08-30 21:00:00,2016-08-31 09:00:00,12,Beijing,Transformer,17.0,61.655083,test
2016-08-30 22:00:00,2016-08-31 10:00:00,12,Beijing,Transformer,16.25,64.50988,test
2016-08-30 23:00:00,2016-08-31 11:00:00,12,Beijing,Transformer,14.375,59.27743,test
2016-08-31 00:00:00,2016-08-31 12:00:00,12,Beijing,Transformer,10.0,45.96625,test
2016-08-31 01:00:00,2016-08-31 13:00:00,12,Beijing,Transformer,10.666667,45.22502,test
2016-08-31 02:00:00,2016-08-31 14:00:00,12,Beijing,Transformer,12.5,43.30267,test
2016-08-31 03:00:00,2016-08-31 15:00:00,12,Beijing,Transformer,9.75,39.97481,test
2016-08-31 04:00:00,2016-08-31 16:00:00,12,Beijing,Transformer,7.416667,37.357338,test
2016-08-31 05:00:00,2016-08-31 17:00:00,12,Beijing,Transformer,6.5,36.75864,test
2016-08-31 06:00:00,2016-08-31 18:00:00,12,Beijing,Transformer,7.75,36.277912,test
2016-08-31 07:00:00,2016-08-31 19:00:00,12,Beijing,Transformer,8.333333,37.916634,test
2016-08-31 08:00:00,2016-08-31 20:00:00,12,Beijing,Transformer,9.0,34.818584,test
2016-08-31 09:00:00,2016-08-31 21:00:00,12,Beijing,Transformer,7.916667,31.652195,test
2016-08-31 10:00:00,2016-08-31 22:00:00,12,Beijing,Transformer,6.583333,23.367277,test
2016-08-31 11:00:00,2016-08-31 23:00:00,12,Beijing,Transformer,7.166667,22.66787,test
2016-08-31 12:00:00,2016-09-01 00:00:00,12,Beijing,Transformer,9.916667,23.707302,test
2016-08-31 13:00:00,2016-09-01 01:00:00,12,Beijing,Transformer,7.583333,21.752111,test
2016-08-31 14:00:00,2016-09-01 02:00:00,12,Beijing,Transformer,6.666667,20.5147,test
2016-08-31 15:00:00,2016-09-01 03:00:00,12,Beijing,Transformer,9.416667,20.444092,test
2016-08-31 16:00:00,2016-09-01 04:00:00,12,Beijing,Transformer,8.666667,19.02753,test
2016-08-31 17:00:00,2016-09-01 05:00:00,12,Beijing,Transformer,8.25,18.660057,test
2016-08-31 18:00:00,2016-09-01 06:00:00,12,Beijing,Transformer,6.916667,18.850925,test
2016-08-31 19:00:00,2016-09-01 07:00:00,12,Beijing,Transformer,7.25,20.091158,test
2016-08-31 20:00:00,2016-09-01 08:00:00,12,Beijing,Transformer,6.083333,18.571064,test
2016-08-31 21:00:00,2016-09-01 09:00:00,12,Beijing,Transformer,6.333333,20.178822,test
2016-08-31 22:00:00,2016-09-01 10:00:00,12,Beijing,Transformer,7.083333,20.83645,test
2016-08-31 23:00:00,2016-09-01 11:00:00,12,Beijing,Transformer,4.916667,23.217695,test
2016-09-01 00:00:00,2016-09-01 12:00:00,12,Beijing,Transformer,5.5,22.592438,test
2016-09-01 01:00:00,2016-09-01 13:00:00,12,Beijing,Transformer,6.166667,20.822594,test
2016-09-01 02:00:00,2016-09-01 14:00:00,12,Beijing,Transformer,5.0,19.777317,test
2016-09-01 03:00:00,2016-09-01 15:00:00,12,Beijing,Transformer,5.5,20.045094,test
2016-09-01 04:00:00,2016-09-01 16:00:00,12,Beijing,Transformer,5.583333,19.93023,test
2016-09-01 05:00:00,2016-09-01 17:00:00,12,Beijing,Transformer,7.083333,19.135284,test
2016-09-01 06:00:00,2016-09-01 18:00:00,12,Beijing,Transformer,6.75,18.161968,test
2016-09-01 07:00:00,2016-09-01 19:00:00,12,Beijing,Transformer,8.916667,18.319937,test
2016-09-01 08:00:00,2016-09-01 20:00:00,12,Beijing,Transformer,11.833333,19.038055,test
2016-09-01 09:00:00,2016-09-01 21:00:00,12,Beijing,Transformer,8.166667,16.900503,test
2016-09-01 10:00:00,2016-09-01 22:00:00,12,Beijing,Transformer,7.5,15.163649,test
2016-09-01 11:00:00,2016-09-01 23:00:00,12,Beijing,Transformer,11.833333,14.382069,test
2016-09-01 12:00:00,2016-09-02 00:00:00,12,Beijing,Transformer,13.25,14.641474,test
2016-09-01 13:00:00,2016-09-02 01:00:00,12,Beijing,Transformer,15.083333,14.891485,test
2016-09-01 14:00:00,2016-09-02 02:00:00,12,Beijing,Transformer,15.5,15.106129,test
2016-09-01 15:00:00,2016-09-02 03:00:00,12,Beijing,Transformer,16.833332,15.34164,test
2016-09-01 16:00:00,2016-09-02 04:00:00,12,Beijing,Transformer,17.0,15.905384,test
2016-09-01 17:00:00,2016-09-02 05:00:00,12,Beijing,Transformer,15.666667,16.605778,test
2016-09-01 18:00:00,2016-09-02 06:00:00,12,Beijing,Transformer,15.0,17.366764,test
2016-09-01 19:00:00,2016-09-02 07:00:00,12,Beijing,Transformer,13.416667,17.084381,test
2016-09-01 20:00:00,2016-09-02 08:00:00,12,Beijing,Transformer,14.5,15.954271,test
2016-09-01 21:00:00,2016-09-02 09:00:00,12,Beijing,Transformer,12.166667,16.148733,test
2016-09-01 22:00:00,2016-09-02 10:00:00,12,Beijing,Transformer,10.75,16.936434,test
2016-09-01 23:00:00,2016-09-02 11:00:00,12,Beijing,Transformer,10.333333,17.744553,test
2016-09-02 00:00:00,2016-09-02 12:00:00,12,Beijing,Transformer,7.583333,17.197605,test
2016-09-02 01:00:00,2016-09-02 13:00:00,12,Beijing,Transformer,9.666667,16.186077,test
2016-09-02 02:00:00,2016-09-02 14:00:00,12,Beijing,Transformer,10.333333,15.398826,test
2016-09-02 03:00:00,2016-09-02 15:00:00,12,Beijing,Transformer,8.75,15.436861,test
2016-09-02 04:00:00,2016-09-02 16:00:00,12,Beijing,Transformer,9.5,16.197733,test
2016-09-02 05:00:00,2016-09-02 17:00:00,12,Beijing,Transformer,9.166667,17.34206,test
2016-09-02 06:00:00,2016-09-02 18:00:00,12,Beijing,Transformer,9.083333,17.93089,test
2016-09-02 07:00:00,2016-09-02 19:00:00,12,Beijing,Transformer,8.833333,18.915365,test
2016-09-02 08:00:00,2016-09-02 20:00:00,12,Beijing,Transformer,9.5,19.329231,test
2016-09-02 09:00:00,2016-09-02 21:00:00,12,Beijing,Transformer,8.333333,20.080404,test
2016-09-02 10:00:00,2016-09-02 22:00:00,12,Beijing,Transformer,10.583333,22.501589,test
2016-09-02 11:00:00,2016-09-02 23:00:00,12,Beijing,Transformer,10.916667,24.127686,test
2016-09-02 12:00:00,2016-09-03 00:00:00,12,Beijing,Transformer,9.916667,22.97663,test
2016-09-02 13:00:00,2016-09-03 01:00:00,12,Beijing,Transformer,9.666667,21.575327,test
2016-09-02 14:00:00,2016-09-03 02:00:00,12,Beijing,Transformer,9.25,21.51406,test
2016-09-02 15:00:00,2016-09-03 03:00:00,12,Beijing,Transformer,9.25,22.308847,test
2016-09-02 16:00:00,2016-09-03 04:00:00,12,Beijing,Transformer,10.0,19.670536,test
2016-09-02 17:00:00,2016-09-03 05:00:00,12,Beijing,Transformer,10.25,18.519854,test
2016-09-02 18:00:00,2016-09-03 06:00:00,12,Beijing,Transformer,11.5,18.355164,test
2016-09-02 19:00:00,2016-09-03 07:00:00,12,Beijing,Transformer,12.666667,18.030159,test
2016-09-02 20:00:00,2016-09-03 08:00:00,12,Beijing,Transformer,13.333333,18.97537,test
2016-09-02 21:00:00,2016-09-03 09:00:00,12,Beijing,Transformer,15.666667,18.424541,test
2016-09-02 22:00:00,2016-09-03 10:00:00,12,Beijing,Transformer,11.916667,18.06719,test
2016-09-02 23:00:00,2016-09-03 11:00:00,12,Beijing,Transformer,12.583333,18.6703,test
2016-09-03 00:00:00,2016-09-03 12:00:00,12,Beijing,Transformer,12.5,18.743748,test
2016-09-03 01:00:00,2016-09-03 13:00:00,12,Beijing,Transformer,15.666667,18.002258,test
2016-09-03 02:00:00,2016-09-03 14:00:00,12,Beijing,Transformer,19.25,18.22892,test
2016-09-03 03:00:00,2016-09-03 15:00:00,12,Beijing,Transformer,20.833332,18.012693,test
2016-09-03 04:00:00,2016-09-03 16:00:00,12,Beijing,Transformer,20.75,17.730087,test
2016-09-03 05:00:00,2016-09-03 17:00:00,12,Beijing,Transformer,23.083332,17.884321,test
2016-09-03 06:00:00,2016-09-03 18:00:00,12,Beijing,Transformer,25.0,18.45362,test
2016-09-03 07:00:00,2016-09-03 19:00:00,12,Beijing,Transformer,26.833332,20.916403,test
2016-09-03 08:00:00,2016-09-03 20:00:00,12,Beijing,Transformer,30.916668,23.99149,test
2016-09-03 09:00:00,2016-09-03 21:00:00,12,Beijing,Transformer,36.25,26.344479,test
2016-09-03 10:00:00,2016-09-03 22:00:00,12,Beijing,Transformer,42.583332,27.037739,test
2016-09-03 11:00:00,2016-09-03 23:00:00,12,Beijing,Transformer,42.083332,27.121311,test
2016-09-03 12:00:00,2016-09-04 00:00:00,12,Beijing,Transformer,48.25,27.242176,test
2016-09-03 13:00:00,2016-09-04 01:00:00,12,Beijing,Transformer,54.5,28.642288,test
2016-09-03 14:00:00,2016-09-04 02:00:00,12,Beijing,Transformer,59.583332,30.605877,test
2016-09-03 15:00:00,2016-09-04 03:00:00,12,Beijing,Transformer,66.25,31.889442,test
2016-09-03 16:00:00,2016-09-04 04:00:00,12,Beijing,Transformer,71.416664,30.727173,test
2016-09-03 17:00:00,2016-09-04 05:00:00,12,Beijing,Transformer,83.833336,27.441526,test
2016-09-03 18:00:00,2016-09-04 06:00:00,12,Beijing,Transformer,94.0,25.256699,test
2016-09-03 19:00:00,2016-09-04 07:00:00,12,Beijing,Transformer,105.083336,25.22322,test
2016-09-03 20:00:00,2016-09-04 08:00:00,12,Beijing,Transformer,115.0,29.062338,test
2016-09-03 21:00:00,2016-09-04 09:00:00,12,Beijing,Transformer,122.90909,33.910862,test
2016-09-03 22:00:00,2016-09-04 10:00:00,12,Beijing,Transformer,131.81818,38.713715,test
2016-09-03 23:00:00,2016-09-04 11:00:00,12,Beijing,Transformer,130.0,37.845463,test
2016-09-04 00:00:00,2016-09-04 12:00:00,12,Beijing,Transformer,117.63637,37.67903,test
2016-09-04 01:00:00,2016-09-04 13:00:00,12,Beijing,Transformer,93.0,38.302776,test
2016-09-04 02:00:00,2016-09-04 14:00:00,12,Beijing,Transformer,72.90909,41.049717,test
2016-09-04 03:00:00,2016-09-04 15:00:00,12,Beijing,Transformer,73.181816,45.09182,test
2016-09-04 04:00:00,2016-09-04 16:00:00,12,Beijing,Transformer,62.909092,51.135155,test
2016-09-04 05:00:00,2016-09-04 17:00:00,12,Beijing,Transformer,47.090908,57.716434,test
2016-09-04 06:00:00,2016-09-04 18:00:00,12,Beijing,Transformer,47.545456,62.801563,test
2016-09-04 07:00:00,2016-09-04 19:00:00,12,Beijing,Transformer,54.25,68.548355,test
2016-09-04 08:00:00,2016-09-04 20:00:00,12,Beijing,Transformer,65.916664,73.856316,test
2016-09-04 09:00:00,2016-09-04 21:00:00,12,Beijing,Transformer,65.5,82.00293,test
2016-09-04 10:00:00,2016-09-04 22:00:00,12,Beijing,Transformer,76.333336,95.365074,test
2016-09-04 11:00:00,2016-09-04 23:00:00,12,Beijing,Transformer,71.333336,101.1427,test
2016-09-04 12:00:00,2016-09-05 00:00:00,12,Beijing,Transformer,34.416668,102.9431,test
2016-09-04 13:00:00,2016-09-05 01:00:00,12,Beijing,Transformer,29.416668,91.66674,test
2016-09-04 14:00:00,2016-09-05 02:00:00,12,Beijing,Transformer,31.0,80.05943,test
2016-09-04 15:00:00,2016-09-05 03:00:00,12,Beijing,Transformer,30.083332,79.04597,test
2016-09-04 16:00:00,2016-09-05 04:00:00,12,Beijing,Transformer,30.166668,79.042496,test
2016-09-04 17:00:00,2016-09-05 05:00:00,12,Beijing,Transformer,29.25,74.77425,test
2016-09-04 18:00:00,2016-09-05 06:00:00,12,Beijing,Transformer,33.5,65.37138,test
2016-09-04 19:00:00,2016-09-05 07:00:00,12,Beijing,Transformer,38.666668,65.39191,test
2016-09-04 20:00:00,2016-09-05 08:00:00,12,Beijing,Transformer,37.25,80.55815,test
2016-09-04 21:00:00,2016-09-05 09:00:00,12,Beijing,Transformer,36.916668,64.562515,test
2016-09-04 22:00:00,2016-09-05 10:00:00,12,Beijing,Transformer,39.666668,57.83208,test
2016-09-04 23:00:00,2016-09-05 11:00:00,12,Beijing,Transformer,34.38889,51.96204,test
2016-09-05 00:00:00,2016-09-05 12:00:00,12,Beijing,Transformer,21.833332,38.5287,test
2016-09-05 01:00:00,2016-09-05 13:00:00,12,Beijing,Transformer,16.277779,35.507656,test
2016-09-05 02:00:00,2016-09-05 14:00:00,12,Beijing,Transformer,10.666667,39.25469,test
2016-09-05 03:00:00,2016-09-05 15:00:00,12,Beijing,Transformer,11.5,46.08639,test
2016-09-05 04:00:00,2016-09-05 16:00:00,12,Beijing,Transformer,10.333333,49.441257,test
2016-09-05 05:00:00,2016-09-05 17:00:00,12,Beijing,Transformer,8.916667,51.06628,test
2016-09-05 06:00:00,2016-09-05 18:00:00,12,Beijing,Transformer,12.958333,51.362038,test
2016-09-05 07:00:00,2016-09-05 19:00:00,12,Beijing,Transformer,20.5,52.294765,test
2016-09-05 08:00:00,2016-09-05 20:00:00,12,Beijing,Transformer,32.083332,49.04955,test
2016-09-05 09:00:00,2016-09-05 21:00:00,12,Beijing,Transformer,38.0,51.112614,test
2016-09-05 10:00:00,2016-09-05 22:00:00,12,Beijing,Transformer,37.833332,56.14013,test
2016-09-05 11:00:00,2016-09-05 23:00:00,12,Beijing,Transformer,35.5,59.907314,test
2016-09-05 12:00:00,2016-09-06 00:00:00,12,Beijing,Transformer,33.583332,46.934345,test
2016-09-05 13:00:00,2016-09-06 01:00:00,12,Beijing,Transformer,30.333332,45.266834,test
2016-09-05 14:00:00,2016-09-06 02:00:00,12,Beijing,Transformer,28.416668,51.07618,test
2016-09-05 15:00:00,2016-09-06 03:00:00,12,Beijing,Transformer,24.916668,57.36915,test
2016-09-05 16:00:00,2016-09-06 04:00:00,12,Beijing,Transformer,16.416668,64.66258,test
2016-09-05 17:00:00,2016-09-06 05:00:00,12,Beijing,Transformer,17.583332,61.18625,test
2016-09-05 18:00:00,2016-09-06 06:00:00,12,Beijing,Transformer,17.166668,73.212326,test
2016-09-05 19:00:00,2016-09-06 07:00:00,12,Beijing,Transformer,16.0,84.3618,test
2016-09-05 20:00:00,2016-09-06 08:00:00,12,Beijing,Transformer,18.583332,69.32694,test
2016-09-05 21:00:00,2016-09-06 09:00:00,12,Beijing,Transformer,19.0,68.341644,test
2016-09-05 22:00:00,2016-09-06 10:00:00,12,Beijing,Transformer,18.25,55.15744,test
2016-09-05 23:00:00,2016-09-06 11:00:00,12,Beijing,Transformer,20.333332,61.149544,test
2016-09-06 00:00:00,2016-09-06 12:00:00,12,Beijing,Transformer,17.25,51.56963,test
2016-09-06 01:00:00,2016-09-06 13:00:00,12,Beijing,Transformer,12.416667,49.23065,test
2016-09-06 02:00:00,2016-09-06 14:00:00,12,Beijing,Transformer,14.333333,45.70916,test
2016-09-06 03:00:00,2016-09-06 15:00:00,12,Beijing,Transformer,7.75,42.500393,test
2016-09-06 04:00:00,2016-09-06 16:00:00,12,Beijing,Transformer,7.416667,39.514053,test
2016-09-06 05:00:00,2016-09-06 17:00:00,12,Beijing,Transformer,10.416667,37.901207,test
2016-09-06 06:00:00,2016-09-06 18:00:00,12,Beijing,Transformer,54.666668,38.194813,test
2016-09-06 07:00:00,2016-09-06 19:00:00,12,Beijing,Transformer,60.083332,39.675434,test
2016-09-06 08:00:00,2016-09-06 20:00:00,12,Beijing,Transformer,60.666668,37.41523,test
2016-09-06 09:00:00,2016-09-06 21:00:00,12,Beijing,Transformer,54.0,35.415916,test
2016-09-06 10:00:00,2016-09-06 22:00:00,12,Beijing,Transformer,49.15278,37.590744,test
2016-09-06 11:00:00,2016-09-06 23:00:00,12,Beijing,Transformer,49.805557,37.695255,test
2016-09-06 12:00:00,2016-09-07 00:00:00,12,Beijing,Transformer,48.0,36.615864,test
2016-09-06 13:00:00,2016-09-07 01:00:00,12,Beijing,Transformer,41.333332,34.90379,test
2016-09-06 14:00:00,2016-09-07 02:00:00,12,Beijing,Transformer,38.583332,34.91702,test
2016-09-06 15:00:00,2016-09-07 03:00:00,12,Beijing,Transformer,35.833332,34.02783,test
2016-09-06 16:00:00,2016-09-07 04:00:00,12,Beijing,Transformer,33.083332,36.70563,test
2016-09-06 17:00:00,2016-09-07 05:00:00,12,Beijing,Transformer,21.583332,39.345577,test
2016-09-07 09:00:00,2016-09-07 21:00:00,12,Beijing,Transformer,22.916668,49.185345,test
2016-09-07 10:00:00,2016-09-07 22:00:00,12,Beijing,Transformer,20.75,54.505066,test
2016-09-07 11:00:00,2016-09-07 23:00:00,12,Beijing,Transformer,19.25,54.573093,test
2016-09-07 12:00:00,2016-09-08 00:00:00,12,Beijing,Transformer,20.166668,55.53493,test
2016-09-07 13:00:00,2016-09-08 01:00:00,12,Beijing,Transformer,21.166668,60.746845,test
2016-09-07 14:00:00,2016-09-08 02:00:00,12,Beijing,Transformer,19.833332,68.60249,test
2016-09-07 15:00:00,2016-09-08 03:00:00,12,Beijing,Transformer,21.0,76.61943,test
2016-09-07 16:00:00,2016-09-08 04:00:00,12,Beijing,Transformer,21.833332,65.49665,test
2016-09-07 17:00:00,2016-09-08 05:00:00,12,Beijing,Transformer,21.166668,60.994755,test
2016-09-07 18:00:00,2016-09-08 06:00:00,12,Beijing,Transformer,20.833332,51.207855,test
2016-09-07 19:00:00,2016-09-08 07:00:00,12,Beijing,Transformer,22.166668,23.411304,test
2016-09-07 20:00:00,2016-09-08 08:00:00,12,Beijing,Transformer,24.0,19.139078,test
2016-09-07 21:00:00,2016-09-08 09:00:00,12,Beijing,Transformer,25.0,19.803625,test
2016-09-07 22:00:00,2016-09-08 10:00:00,12,Beijing,Transformer,23.75,19.799528,test
2016-09-07 23:00:00,2016-09-08 11:00:00,12,Beijing,Transformer,23.716667,21.245073,test
2016-09-08 00:00:00,2016-09-08 12:00:00,12,Beijing,Transformer,19.016666,22.469906,test
2016-09-08 01:00:00,2016-09-08 13:00:00,12,Beijing,Transformer,16.816668,22.820126,test
2016-09-08 02:00:00,2016-09-08 14:00:00,12,Beijing,Transformer,13.783333,23.258724,test
2016-09-08 03:00:00,2016-09-08 15:00:00,12,Beijing,Transformer,9.083333,24.986263,test
2016-09-08 04:00:00,2016-09-08 16:00:00,12,Beijing,Transformer,12.166667,27.613216,test
2016-09-08 05:00:00,2016-09-08 17:00:00,12,Beijing,Transformer,13.25,27.191038,test
2016-09-08 06:00:00,2016-09-08 18:00:00,12,Beijing,Transformer,15.333333,28.156876,test
2016-09-08 07:00:00,2016-09-08 19:00:00,12,Beijing,Transformer,19.666668,32.581978,test
2016-09-08 08:00:00,2016-09-08 20:00:00,12,Beijing,Transformer,24.25,37.308556,test
2016-09-08 09:00:00,2016-09-08 21:00:00,12,Beijing,Transformer,27.833332,41.29252,test
2016-09-08 10:00:00,2016-09-08 22:00:00,12,Beijing,Transformer,31.416668,35.74995,test
2016-09-08 11:00:00,2016-09-08 23:00:00,12,Beijing,Transformer,29.75,38.781,test
2016-09-08 12:00:00,2016-09-09 00:00:00,12,Beijing,Transformer,27.416668,35.280617,test
2016-09-08 13:00:00,2016-09-09 01:00:00,12,Beijing,Transformer,26.333332,40.10079,test
2016-09-08 14:00:00,2016-09-09 02:00:00,12,Beijing,Transformer,25.416668,24.497627,test
2016-09-08 15:00:00,2016-09-09 03:00:00,12,Beijing,Transformer,24.583332,18.867844,test
2016-09-08 16:00:00,2016-09-09 04:00:00,12,Beijing,Transformer,19.833332,19.191116,test
2016-09-08 17:00:00,2016-09-09 05:00:00,12,Beijing,Transformer,17.583332,23.18583,test
2016-09-08 18:00:00,2016-09-09 06:00:00,12,Beijing,Transformer,17.75,25.033062,test
2016-09-08 19:00:00,2016-09-09 07:00:00,12,Beijing,Transformer,19.916668,27.122261,test
2016-09-08 20:00:00,2016-09-09 08:00:00,12,Beijing,Transformer,20.916668,28.028957,test
2016-09-08 21:00:00,2016-09-09 09:00:00,12,Beijing,Transformer,19.25,32.297966,test
2016-09-08 22:00:00,2016-09-09 10:00:00,12,Beijing,Transformer,18.75,33.62231,test
2016-09-08 23:00:00,2016-09-09 11:00:00,12,Beijing,Transformer,13.666667,35.42616,test
2016-09-09 00:00:00,2016-09-09 12:00:00,12,Beijing,Transformer,9.833333,36.39288,test
2016-09-09 01:00:00,2016-09-09 13:00:00,12,Beijing,Transformer,10.416667,32.067764,test
2016-09-09 02:00:00,2016-09-09 14:00:00,12,Beijing,Transformer,9.416667,32.17679,test
2016-09-09 03:00:00,2016-09-09 15:00:00,12,Beijing,Transformer,8.833333,29.295506,test
2016-09-09 04:00:00,2016-09-09 16:00:00,12,Beijing,Transformer,9.666667,28.932096,test
2016-09-09 05:00:00,2016-09-09 17:00:00,12,Beijing,Transformer,10.666667,28.518213,test
2016-09-09 06:00:00,2016-09-09 18:00:00,12,Beijing,Transformer,11.333333,30.85624,test
2016-09-09 07:00:00,2016-09-09 19:00:00,12,Beijing,Transformer,16.333332,34.17114,test
2016-09-09 08:00:00,2016-09-09 20:00:00,12,Beijing,Transformer,21.625,37.324585,test
2016-09-09 09:00:00,2016-09-09 21:00:00,12,Beijing,Transformer,24.416668,33.366505,test
2016-09-09 10:00:00,2016-09-09 22:00:00,12,Beijing,Transformer,25.5,33.965694,test
2016-09-09 11:00:00,2016-09-09 23:00:00,12,Beijing,Transformer,23.166668,32.22414,test
2016-09-09 12:00:00,2016-09-10 00:00:00,12,Beijing,Transformer,20.916668,34.84875,test
2016-09-09 13:00:00,2016-09-10 01:00:00,12,Beijing,Transformer,16.083332,32.812992,test
2016-09-09 14:00:00,2016-09-10 02:00:00,12,Beijing,Transformer,12.75,30.71888,test
2016-09-09 15:00:00,2016-09-10 03:00:00,12,Beijing,Transformer,12.083333,27.410799,test
2016-09-09 16:00:00,2016-09-10 04:00:00,12,Beijing,Transformer,11.25,29.618492,test
2016-09-09 17:00:00,2016-09-10 05:00:00,12,Beijing,Transformer,9.666667,30.425621,test
2016-09-09 18:00:00,2016-09-10 06:00:00,12,Beijing,Transformer,10.666667,33.269726,test
2016-09-09 19:00:00,2016-09-10 07:00:00,12,Beijing,Transformer,10.25,36.678555,test
2016-09-09 20:00:00,2016-09-10 08:00:00,12,Beijing,Transformer,9.833333,35.42982,test
2016-09-09 21:00:00,2016-09-10 09:00:00,12,Beijing,Transformer,11.083333,36.885822,test
2016-09-09 22:00:00,2016-09-10 10:00:00,12,Beijing,Transformer,13.5,37.23933,test
2016-09-09 23:00:00,2016-09-10 11:00:00,12,Beijing,Transformer,11.583333,34.25932,test
2016-09-10 00:00:00,2016-09-10 12:00:00,12,Beijing,Transformer,9.75,33.235844,test
2016-09-10 01:00:00,2016-09-10 13:00:00,12,Beijing,Transformer,7.916667,30.327517,test
2016-09-10 02:00:00,2016-09-10 14:00:00,12,Beijing,Transformer,9.916667,30.264957,test
2016-09-10 03:00:00,2016-09-10 15:00:00,12,Beijing,Transformer,11.5,28.623468,test
2016-09-10 04:00:00,2016-09-10 16:00:00,12,Beijing,Transformer,10.0,28.035976,test
2016-09-10 05:00:00,2016-09-10 17:00:00,12,Beijing,Transformer,15.166667,26.363321,test
2016-09-10 06:00:00,2016-09-10 18:00:00,12,Beijing,Transformer,17.166668,27.850067,test
2016-09-10 07:00:00,2016-09-10 19:00:00,12,Beijing,Transformer,21.583332,31.000715,test
2016-09-10 08:00:00,2016-09-10 20:00:00,12,Beijing,Transformer,25.75,31.88818,test
2016-09-10 09:00:00,2016-09-10 21:00:00,12,Beijing,Transformer,31.166668,28.185642,test
2016-09-10 10:00:00,2016-09-10 22:00:00,12,Beijing,Transformer,32.5,32.59244,test
2016-09-10 11:00:00,2016-09-10 23:00:00,12,Beijing,Transformer,36.25,35.495052,test
2016-09-10 12:00:00,2016-09-11 00:00:00,12,Beijing,Transformer,47.333332,38.762676,test
2016-09-10 13:00:00,2016-09-11 01:00:00,12,Beijing,Transformer,72.083336,37.636974,test
2016-09-10 14:00:00,2016-09-11 02:00:00,12,Beijing,Transformer,85.083336,35.112103,test
2016-09-10 15:00:00,2016-09-11 03:00:00,12,Beijing,Transformer,53.583332,35.365784,test
2016-09-10 16:00:00,2016-09-11 04:00:00,12,Beijing,Transformer,23.25,31.764954,test
2016-09-10 17:00:00,2016-09-11 05:00:00,12,Beijing,Transformer,20.333332,29.58666,test
2016-09-10 18:00:00,2016-09-11 06:00:00,12,Beijing,Transformer,24.25,30.871841,test
2016-09-10 19:00:00,2016-09-11 07:00:00,12,Beijing,Transformer,29.25,36.461147,test
2016-09-10 20:00:00,2016-09-11 08:00:00,12,Beijing,Transformer,29.583332,45.713364,test
2016-09-10 21:00:00,2016-09-11 09:00:00,12,Beijing,Transformer,28.666668,58.578724,test
2016-09-10 22:00:00,2016-09-11 10:00:00,12,Beijing,Transformer,25.0,67.23834,test
2016-09-10 23:00:00,2016-09-11 11:00:00,12,Beijing,Transformer,21.0,60.998547,test
2016-09-11 00:00:00,2016-09-11 12:00:00,12,Beijing,Transformer,20.166668,58.791485,test
2016-09-11 01:00:00,2016-09-11 13:00:00,12,Beijing,Transformer,19.75,57.994686,test
2016-09-11 02:00:00,2016-09-11 14:00:00,12,Beijing,Transformer,20.166668,56.51193,test
2016-09-11 03:00:00,2016-09-11 15:00:00,12,Beijing,Transformer,23.25,15.333931,test
2016-09-11 04:00:00,2016-09-11 16:00:00,12,Beijing,Transformer,24.083332,15.616052,test
2016-09-11 05:00:00,2016-09-11 17:00:00,12,Beijing,Transformer,26.5,18.986807,test
2016-09-11 06:00:00,2016-09-11 18:00:00,12,Beijing,Transformer,28.166668,22.959991,test
2016-09-11 07:00:00,2016-09-11 19:00:00,12,Beijing,Transformer,30.833332,36.976154,test
2016-09-11 08:00:00,2016-09-11 20:00:00,12,Beijing,Transformer,34.166668,37.28612,test
2016-09-11 09:00:00,2016-09-11 21:00:00,12,Beijing,Transformer,32.0,38.989544,test
2016-09-11 10:00:00,2016-09-11 22:00:00,12,Beijing,Transformer,30.083332,43.303173,test
2016-09-11 11:00:00,2016-09-11 23:00:00,12,Beijing,Transformer,27.083332,48.498863,test
2016-09-11 12:00:00,2016-09-12 00:00:00,12,Beijing,Transformer,24.833332,49.380478,test
2016-09-11 13:00:00,2016-09-12 01:00:00,12,Beijing,Transformer,25.583332,41.486927,test
2016-09-11 14:00:00,2016-09-12 02:00:00,12,Beijing,Transformer,24.0,31.036839,test
2016-09-11 15:00:00,2016-09-12 03:00:00,12,Beijing,Transformer,24.583332,27.097832,test
2016-09-11 16:00:00,2016-09-12 04:00:00,12,Beijing,Transformer,25.75,27.619757,test
2016-09-11 17:00:00,2016-09-12 05:00:00,12,Beijing,Transformer,29.083332,32.77184,test
2016-09-11 18:00:00,2016-09-12 06:00:00,12,Beijing,Transformer,28.916668,37.26069,test
2016-09-11 19:00:00,2016-09-12 07:00:00,12,Beijing,Transformer,28.833332,37.658325,test
2016-09-11 20:00:00,2016-09-12 08:00:00,12,Beijing,Transformer,31.666668,32.16841,test
2016-09-11 21:00:00,2016-09-12 09:00:00,12,Beijing,Transformer,35.727272,28.544016,test
2016-09-11 22:00:00,2016-09-12 10:00:00,12,Beijing,Transformer,33.727272,28.654251,test
2016-09-11 23:00:00,2016-09-12 11:00:00,12,Beijing,Transformer,31.909092,30.218674,test
2016-09-12 00:00:00,2016-09-12 12:00:00,12,Beijing,Transformer,28.909092,34.487705,test
2016-09-12 01:00:00,2016-09-12 13:00:00,12,Beijing,Transformer,27.363636,34.796745,test
2016-09-12 02:00:00,2016-09-12 14:00:00,12,Beijing,Transformer,26.545456,31.731216,test
2016-09-12 03:00:00,2016-09-12 15:00:00,12,Beijing,Transformer,29.636364,27.098286,test
2016-09-12 04:00:00,2016-09-12 16:00:00,12,Beijing,Transformer,30.636364,26.190025,test
2016-09-12 05:00:00,2016-09-12 17:00:00,12,Beijing,Transformer,31.636364,29.900665,test
2016-09-12 06:00:00,2016-09-12 18:00:00,12,Beijing,Transformer,32.727272,34.995716,test
2016-09-12 07:00:00,2016-09-12 19:00:00,12,Beijing,Transformer,35.416668,38.150032,test
2016-09-12 08:00:00,2016-09-12 20:00:00,12,Beijing,Transformer,40.333332,39.383045,test
2016-09-12 09:00:00,2016-09-12 21:00:00,12,Beijing,Transformer,43.583332,40.170574,test
2016-09-12 10:00:00,2016-09-12 22:00:00,12,Beijing,Transformer,45.833332,39.179363,test
2016-09-12 11:00:00,2016-09-12 23:00:00,12,Beijing,Transformer,49.583332,42.632336,test
2016-09-12 12:00:00,2016-09-13 00:00:00,12,Beijing,Transformer,50.833332,43.36093,test
2016-09-12 13:00:00,2016-09-13 01:00:00,12,Beijing,Transformer,49.916668,43.279934,test
2016-09-12 14:00:00,2016-09-13 02:00:00,12,Beijing,Transformer,54.5,46.51314,test
2016-09-12 15:00:00,2016-09-13 03:00:00,12,Beijing,Transformer,59.333332,50.918674,test
2016-09-12 16:00:00,2016-09-13 04:00:00,12,Beijing,Transformer,60.916668,48.24519,test
2016-09-12 17:00:00,2016-09-13 05:00:00,12,Beijing,Transformer,63.583332,49.780693,test
2016-09-12 18:00:00,2016-09-13 06:00:00,12,Beijing,Transformer,63.083332,55.37809,test
2016-09-12 19:00:00,2016-09-13 07:00:00,12,Beijing,Transformer,67.083336,65.48022,test
2016-09-12 20:00:00,2016-09-13 08:00:00,12,Beijing,Transformer,79.666664,65.564644,test
2016-09-12 21:00:00,2016-09-13 09:00:00,12,Beijing,Transformer,98.0,60.97687,test
2016-09-12 22:00:00,2016-09-13 10:00:00,12,Beijing,Transformer,109.416664,52.11186,test
2016-09-12 23:00:00,2016-09-13 11:00:00,12,Beijing,Transformer,117.166664,61.707287,test
2016-09-13 00:00:00,2016-09-13 12:00:00,12,Beijing,Transformer,121.416664,66.53644,test
2016-09-13 01:00:00,2016-09-13 13:00:00,12,Beijing,Transformer,125.916664,49.86796,test
2016-09-13 02:00:00,2016-09-13 14:00:00,12,Beijing,Transformer,115.25,54.899593,test
2016-09-13 03:00:00,2016-09-13 15:00:00,12,Beijing,Transformer,109.666664,59.7062,test
2016-09-13 04:00:00,2016-09-13 16:00:00,12,Beijing,Transformer,100.75,61.7042,test
2016-09-13 05:00:00,2016-09-13 17:00:00,12,Beijing,Transformer,97.666664,62.826504,test
2016-09-13 06:00:00,2016-09-13 18:00:00,12,Beijing,Transformer,88.0,64.694595,test
2016-09-13 07:00:00,2016-09-13 19:00:00,12,Beijing,Transformer,84.666664,67.559814,test
2016-09-13 08:00:00,2016-09-13 20:00:00,12,Beijing,Transformer,85.666664,70.230316,test
2016-09-13 09:00:00,2016-09-13 21:00:00,12,Beijing,Transformer,89.25,79.1248,test
2016-09-13 10:00:00,2016-09-13 22:00:00,12,Beijing,Transformer,94.083336,77.83911,test
2016-09-13 11:00:00,2016-09-13 23:00:00,12,Beijing,Transformer,96.0,75.70443,test
2016-09-13 12:00:00,2016-09-14 00:00:00,12,Beijing,Transformer,100.583336,79.54715,test
2016-09-13 13:00:00,2016-09-14 01:00:00,12,Beijing,Transformer,102.5,87.38851,test
2016-09-13 14:00:00,2016-09-14 02:00:00,12,Beijing,Transformer,101.916664,92.83497,test
2016-09-13 15:00:00,2016-09-14 03:00:00,12,Beijing,Transformer,102.75,99.39194,test
2016-09-13 16:00:00,2016-09-14 04:00:00,12,Beijing,Transformer,109.416664,96.143974,test
2016-09-13 17:00:00,2016-09-14 05:00:00,12,Beijing,Transformer,108.416664,89.99256,test
2016-09-13 18:00:00,2016-09-14 06:00:00,12,Beijing,Transformer,108.083336,88.26842,test
2016-09-13 19:00:00,2016-09-14 07:00:00,12,Beijing,Transformer,108.0,101.860886,test
2016-09-13 20:00:00,2016-09-14 08:00:00,12,Beijing,Transformer,120.083336,128.80495,test
2016-09-13 21:00:00,2016-09-14 09:00:00,12,Beijing,Transformer,140.41667,156.76622,test
2016-09-13 22:00:00,2016-09-14 10:00:00,12,Beijing,Transformer,149.25,148.14644,test
2016-09-13 23:00:00,2016-09-14 11:00:00,12,Beijing,Transformer,147.83333,128.7153,test
2016-09-14 00:00:00,2016-09-14 12:00:00,12,Beijing,Transformer,137.66667,123.241905,test
2016-09-14 01:00:00,2016-09-14 13:00:00,12,Beijing,Transformer,106.75,122.60241,test
2016-09-14 02:00:00,2016-09-14 14:00:00,12,Beijing,Transformer,95.0,118.34684,test
2016-09-14 03:00:00,2016-09-14 15:00:00,12,Beijing,Transformer,89.416664,147.90929,test
2016-09-14 04:00:00,2016-09-14 16:00:00,12,Beijing,Transformer,84.0,135.22188,test
2016-09-14 05:00:00,2016-09-14 17:00:00,12,Beijing,Transformer,88.90909,127.06609,test
2016-09-14 06:00:00,2016-09-14 18:00:00,12,Beijing,Transformer,100.454544,114.24572,test
2016-09-14 07:00:00,2016-09-14 19:00:00,12,Beijing,Transformer,89.454544,110.75204,test
2016-09-14 08:00:00,2016-09-14 20:00:00,12,Beijing,Transformer,62.454544,111.66177,test
2016-09-14 09:00:00,2016-09-14 21:00:00,12,Beijing,Transformer,63.272728,113.40242,test
2016-09-14 10:00:00,2016-09-14 22:00:00,12,Beijing,Transformer,56.181816,118.14466,test
2016-09-14 11:00:00,2016-09-14 23:00:00,12,Beijing,Transformer,45.272728,84.30401,test
2016-09-14 12:00:00,2016-09-15 00:00:00,12,Beijing,Transformer,47.727272,81.20603,test
2016-09-14 13:00:00,2016-09-15 01:00:00,12,Beijing,Transformer,52.181816,71.91846,test
2016-09-14 14:00:00,2016-09-15 02:00:00,12,Beijing,Transformer,49.454544,75.14787,test
2016-09-14 15:00:00,2016-09-15 03:00:00,12,Beijing,Transformer,46.545456,77.24623,test
2016-09-14 16:00:00,2016-09-15 04:00:00,12,Beijing,Transformer,53.090908,104.48554,test
2016-09-14 17:00:00,2016-09-15 05:00:00,12,Beijing,Transformer,57.0,110.90863,test
2016-09-14 18:00:00,2016-09-15 06:00:00,12,Beijing,Transformer,55.090908,108.21603,test
2016-09-14 19:00:00,2016-09-15 07:00:00,12,Beijing,Transformer,51.454544,135.72423,test
2016-09-14 20:00:00,2016-09-15 08:00:00,12,Beijing,Transformer,55.636364,67.2695,test
2016-09-14 21:00:00,2016-09-15 09:00:00,12,Beijing,Transformer,67.0,82.90909,test
2016-09-14 22:00:00,2016-09-15 10:00:00,12,Beijing,Transformer,64.90909,99.09921,test
2016-09-14 23:00:00,2016-09-15 11:00:00,12,Beijing,Transformer,60.75,69.23706,test
2016-09-15 00:00:00,2016-09-15 12:00:00,12,Beijing,Transformer,54.25,77.23363,test
2016-09-15 01:00:00,2016-09-15 13:00:00,12,Beijing,Transformer,45.333332,75.07071,test
2016-09-15 02:00:00,2016-09-15 14:00:00,12,Beijing,Transformer,43.083332,76.392235,test
2016-09-15 03:00:00,2016-09-15 15:00:00,12,Beijing,Transformer,39.75,69.14229,test
2016-09-15 04:00:00,2016-09-15 16:00:00,12,Beijing,Transformer,47.166668,74.03786,test
2016-09-15 05:00:00,2016-09-15 17:00:00,12,Beijing,Transformer,69.833336,71.572815,test
2016-09-15 06:00:00,2016-09-15 18:00:00,12,Beijing,Transformer,87.833336,71.38317,test
2016-09-15 07:00:00,2016-09-15 19:00:00,12,Beijing,Transformer,101.583336,70.00637,test
2016-09-15 08:00:00,2016-09-15 20:00:00,12,Beijing,Transformer,114.5,61.888916,test
2016-09-15 09:00:00,2016-09-15 21:00:00,12,Beijing,Transformer,124.416664,65.24016,test
2016-09-15 10:00:00,2016-09-15 22:00:00,12,Beijing,Transformer,137.33333,65.30639,test
2016-09-15 11:00:00,2016-09-15 23:00:00,12,Beijing,Transformer,145.0,72.607376,test
2016-09-15 12:00:00,2016-09-16 00:00:00,12,Beijing,Transformer,148.58333,73.55382,test
2016-09-15 13:00:00,2016-09-16 01:00:00,12,Beijing,Transformer,154.33333,77.059,test
2016-09-15 14:00:00,2016-09-16 02:00:00,12,Beijing,Transformer,147.5,74.57933,test
2016-09-15 15:00:00,2016-09-16 03:00:00,12,Beijing,Transformer,135.41667,72.46561,test
2016-09-15 16:00:00,2016-09-16 04:00:00,12,Beijing,Transformer,131.91667,76.855865,test
2016-09-15 17:00:00,2016-09-16 05:00:00,12,Beijing,Transformer,129.58333,81.55183,test
2016-09-15 18:00:00,2016-09-16 06:00:00,12,Beijing,Transformer,134.16667,90.03162,test
2016-09-15 19:00:00,2016-09-16 07:00:00,12,Beijing,Transformer,143.33333,96.48201,test
2016-09-15 20:00:00,2016-09-16 08:00:00,12,Beijing,Transformer,149.16667,118.82803,test
2016-09-15 21:00:00,2016-09-16 09:00:00,12,Beijing,Transformer,159.0,139.15761,test
2016-09-15 22:00:00,2016-09-16 10:00:00,12,Beijing,Transformer,167.90909,148.1701,test
2016-09-15 23:00:00,2016-09-16 11:00:00,12,Beijing,Transformer,179.81818,148.18819,test
2016-09-16 00:00:00,2016-09-16 12:00:00,12,Beijing,Transformer,180.18182,130.17326,test
2016-09-16 01:00:00,2016-09-16 13:00:00,12,Beijing,Transformer,171.36363,127.30055,test
2016-09-16 02:00:00,2016-09-16 14:00:00,12,Beijing,Transformer,167.27272,125.80069,test
2016-09-16 03:00:00,2016-09-16 15:00:00,12,Beijing,Transformer,149.27272,127.70061,test
2016-09-16 04:00:00,2016-09-16 16:00:00,12,Beijing,Transformer,146.63637,134.85796,test
2016-09-16 05:00:00,2016-09-16 17:00:00,12,Beijing,Transformer,151.5,142.8152,test
2016-09-16 06:00:00,2016-09-16 18:00:00,12,Beijing,Transformer,157.58333,154.49411,test
2016-09-16 07:00:00,2016-09-16 19:00:00,12,Beijing,Transformer,123.083336,167.65239,test
2016-09-16 08:00:00,2016-09-16 20:00:00,12,Beijing,Transformer,56.083332,158.99745,test
2016-09-16 09:00:00,2016-09-16 21:00:00,12,Beijing,Transformer,38.583332,159.58836,test
2016-09-16 10:00:00,2016-09-16 22:00:00,12,Beijing,Transformer,38.083332,130.8764,test
2016-09-16 11:00:00,2016-09-16 23:00:00,12,Beijing,Transformer,46.5,141.2608,test
2016-09-16 12:00:00,2016-09-17 00:00:00,12,Beijing,Transformer,54.166668,151.87769,test
2016-09-16 13:00:00,2016-09-17 01:00:00,12,Beijing,Transformer,62.833332,130.0374,test
2016-09-16 14:00:00,2016-09-17 02:00:00,12,Beijing,Transformer,66.0,124.24867,test
2016-09-16 15:00:00,2016-09-17 03:00:00,12,Beijing,Transformer,64.583336,95.53468,test
2016-09-16 16:00:00,2016-09-17 04:00:00,12,Beijing,Transformer,62.5,95.057205,test
2016-09-16 17:00:00,2016-09-17 05:00:00,12,Beijing,Transformer,64.25,102.77977,test
2016-09-16 18:00:00,2016-09-17 06:00:00,12,Beijing,Transformer,68.166664,93.19562,test
2016-09-16 19:00:00,2016-09-17 07:00:00,12,Beijing,Transformer,67.333336,52.767296,test
2016-09-16 20:00:00,2016-09-17 08:00:00,12,Beijing,Transformer,49.166668,31.238913,test
2016-09-16 21:00:00,2016-09-17 09:00:00,12,Beijing,Transformer,37.583332,32.66257,test
2016-09-16 22:00:00,2016-09-17 10:00:00,12,Beijing,Transformer,36.666668,34.015896,test
2016-09-16 23:00:00,2016-09-17 11:00:00,12,Beijing,Transformer,34.416668,40.733185,test
2016-09-17 00:00:00,2016-09-17 12:00:00,12,Beijing,Transformer,29.583332,50.70055,test
2016-09-17 01:00:00,2016-09-17 13:00:00,12,Beijing,Transformer,26.083332,63.07046,test
2016-09-17 02:00:00,2016-09-17 14:00:00,12,Beijing,Transformer,24.5,76.62723,test
2016-09-17 03:00:00,2016-09-17 15:00:00,12,Beijing,Transformer,23.25,83.123825,test
2016-09-17 04:00:00,2016-09-17 16:00:00,12,Beijing,Transformer,26.083332,88.047195,test
2016-09-17 05:00:00,2016-09-17 17:00:00,12,Beijing,Transformer,28.75,89.78104,test
2016-09-17 06:00:00,2016-09-17 18:00:00,12,Beijing,Transformer,27.25,82.60273,test
2016-09-17 07:00:00,2016-09-17 19:00:00,12,Beijing,Transformer,28.833332,76.529236,test
2016-09-17 08:00:00,2016-09-17 20:00:00,12,Beijing,Transformer,28.166668,63.00537,test
2016-09-17 09:00:00,2016-09-17 21:00:00,12,Beijing,Transformer,28.333332,61.33936,test
2016-09-17 10:00:00,2016-09-17 22:00:00,12,Beijing,Transformer,28.75,58.272686,test
2016-09-17 11:00:00,2016-09-17 23:00:00,12,Beijing,Transformer,28.916668,61.212578,test
2016-09-17 12:00:00,2016-09-18 00:00:00,12,Beijing,Transformer,27.833332,60.46358,test
2016-09-17 13:00:00,2016-09-18 01:00:00,12,Beijing,Transformer,25.666668,59.513176,test
2016-09-17 14:00:00,2016-09-18 02:00:00,12,Beijing,Transformer,22.916668,66.60001,test
2016-09-17 15:00:00,2016-09-18 03:00:00,12,Beijing,Transformer,21.583332,64.04232,test
2016-09-17 16:00:00,2016-09-18 04:00:00,12,Beijing,Transformer,21.416668,63.931957,test
2016-09-17 17:00:00,2016-09-18 05:00:00,12,Beijing,Transformer,22.666668,61.226357,test
2016-09-17 18:00:00,2016-09-18 06:00:00,12,Beijing,Transformer,23.25,60.161366,test
2016-09-17 19:00:00,2016-09-18 07:00:00,12,Beijing,Transformer,23.0,51.715878,test
2016-09-17 20:00:00,2016-09-18 08:00:00,12,Beijing,Transformer,23.166668,20.560406,test
2016-09-17 21:00:00,2016-09-18 09:00:00,12,Beijing,Transformer,25.5,17.320358,test
2016-09-17 22:00:00,2016-09-18 10:00:00,12,Beijing,Transformer,25.833332,17.174517,test
2016-09-17 23:00:00,2016-09-18 11:00:00,12,Beijing,Transformer,24.416668,17.948225,test
2016-09-18 00:00:00,2016-09-18 12:00:00,12,Beijing,Transformer,21.75,17.181156,test
2016-09-18 01:00:00,2016-09-18 13:00:00,12,Beijing,Transformer,19.666668,16.48146,test
2016-09-18 02:00:00,2016-09-18 14:00:00,12,Beijing,Transformer,21.055555,15.45706,test
2016-09-18 03:00:00,2016-09-18 15:00:00,12,Beijing,Transformer,21.21212,17.971292,test
2016-09-18 04:00:00,2016-09-18 16:00:00,12,Beijing,Transformer,14.181818,20.738157,test
2016-09-18 05:00:00,2016-09-18 17:00:00,12,Beijing,Transformer,10.363636,25.040564,test
2016-09-18 06:00:00,2016-09-18 18:00:00,12,Beijing,Transformer,15.0,30.599758,test
2016-09-18 07:00:00,2016-09-18 19:00:00,12,Beijing,Transformer,17.636364,37.697826,test
2016-09-18 08:00:00,2016-09-18 20:00:00,12,Beijing,Transformer,20.454544,37.97306,test
2016-09-18 09:00:00,2016-09-18 21:00:00,12,Beijing,Transformer,19.636364,42.442528,test
2016-09-18 10:00:00,2016-09-18 22:00:00,12,Beijing,Transformer,18.454544,45.505524,test
2016-09-18 11:00:00,2016-09-18 23:00:00,12,Beijing,Transformer,15.545455,45.209538,test
2016-09-18 12:00:00,2016-09-19 00:00:00,12,Beijing,Transformer,13.090909,44.446026,test
2016-09-18 13:00:00,2016-09-19 01:00:00,12,Beijing,Transformer,14.0,31.325272,test
2016-09-18 14:00:00,2016-09-19 02:00:00,12,Beijing,Transformer,13.272727,25.153477,test
2016-09-18 15:00:00,2016-09-19 03:00:00,12,Beijing,Transformer,9.909091,18.623308,test
2016-09-18 16:00:00,2016-09-19 04:00:00,12,Beijing,Transformer,9.454545,18.058552,test
2016-09-18 17:00:00,2016-09-19 05:00:00,12,Beijing,Transformer,8.272727,19.22453,test
2016-09-18 18:00:00,2016-09-19 06:00:00,12,Beijing,Transformer,8.090909,21.504715,test
2016-09-18 19:00:00,2016-09-19 07:00:00,12,Beijing,Transformer,6.909091,18.872066,test
2016-09-18 20:00:00,2016-09-19 08:00:00,12,Beijing,Transformer,8.818182,19.365467,test
2016-09-18 21:00:00,2016-09-19 09:00:00,12,Beijing,Transformer,8.363636,19.284966,test
2016-09-18 22:00:00,2016-09-19 10:00:00,12,Beijing,Transformer,7.090909,20.568983,test
2016-09-18 23:00:00,2016-09-19 11:00:00,12,Beijing,Transformer,5.583333,19.265337,test
2016-09-19 00:00:00,2016-09-19 12:00:00,12,Beijing,Transformer,5.416667,15.530259,test
2016-09-19 01:00:00,2016-09-19 13:00:00,12,Beijing,Transformer,7.0,15.57814,test
2016-09-19 02:00:00,2016-09-19 14:00:00,12,Beijing,Transformer,7.5,16.027891,test
2016-09-19 03:00:00,2016-09-19 15:00:00,12,Beijing,Transformer,5.75,16.277292,test
2016-09-19 04:00:00,2016-09-19 16:00:00,12,Beijing,Transformer,7.083333,16.909365,test
2016-09-19 05:00:00,2016-09-19 17:00:00,12,Beijing,Transformer,6.916667,15.801612,test
2016-09-19 06:00:00,2016-09-19 18:00:00,12,Beijing,Transformer,8.083333,17.476875,test
2016-09-19 07:00:00,2016-09-19 19:00:00,12,Beijing,Transformer,11.666667,21.058401,test
2016-09-19 08:00:00,2016-09-19 20:00:00,12,Beijing,Transformer,25.25,21.821527,test
2016-09-19 09:00:00,2016-09-19 21:00:00,12,Beijing,Transformer,24.166668,22.15123,test
2016-09-19 10:00:00,2016-09-19 22:00:00,12,Beijing,Transformer,21.75,20.348297,test
2016-09-19 11:00:00,2016-09-19 23:00:00,12,Beijing,Transformer,21.916668,21.418507,test
2016-09-19 12:00:00,2016-09-20 00:00:00,12,Beijing,Transformer,23.416668,22.10807,test
2016-09-19 13:00:00,2016-09-20 01:00:00,12,Beijing,Transformer,22.416668,23.564941,test
2016-09-19 14:00:00,2016-09-20 02:00:00,12,Beijing,Transformer,19.25,25.63318,test
2016-09-19 15:00:00,2016-09-20 03:00:00,12,Beijing,Transformer,17.5,25.65118,test
2016-09-19 16:00:00,2016-09-20 04:00:00,12,Beijing,Transformer,17.083332,26.871777,test
2016-09-19 17:00:00,2016-09-20 05:00:00,12,Beijing,Transformer,12.75,23.70583,test
2016-09-19 18:00:00,2016-09-20 06:00:00,12,Beijing,Transformer,10.083333,23.835503,test
2016-09-19 19:00:00,2016-09-20 07:00:00,12,Beijing,Transformer,14.666667,25.24122,test
2016-09-19 20:00:00,2016-09-20 08:00:00,12,Beijing,Transformer,16.416668,29.74784,test
2016-09-19 21:00:00,2016-09-20 09:00:00,12,Beijing,Transformer,17.583332,26.689722,test
2016-09-19 22:00:00,2016-09-20 10:00:00,12,Beijing,Transformer,17.583332,29.288586,test
2016-09-19 23:00:00,2016-09-20 11:00:00,12,Beijing,Transformer,15.363636,28.807178,test
2016-09-20 00:00:00,2016-09-20 12:00:00,12,Beijing,Transformer,16.0,31.353102,test
2016-09-20 01:00:00,2016-09-20 13:00:00,12,Beijing,Transformer,13.090909,28.536968,test
2016-09-20 02:00:00,2016-09-20 14:00:00,12,Beijing,Transformer,11.181818,26.946466,test
2016-09-20 03:00:00,2016-09-20 15:00:00,12,Beijing,Transformer,12.272727,27.193762,test
2016-09-20 04:00:00,2016-09-20 16:00:00,12,Beijing,Transformer,14.545455,22.538845,test
2016-09-20 05:00:00,2016-09-20 17:00:00,12,Beijing,Transformer,15.454545,24.48788,test
2016-09-20 06:00:00,2016-09-20 18:00:00,12,Beijing,Transformer,18.363636,29.276258,test
2016-09-20 07:00:00,2016-09-20 19:00:00,12,Beijing,Transformer,23.0,39.291428,test
2016-09-20 08:00:00,2016-09-20 20:00:00,12,Beijing,Transformer,28.5,41.531414,test
2016-09-20 09:00:00,2016-09-20 21:00:00,12,Beijing,Transformer,33.272728,42.27846,test
2016-09-20 10:00:00,2016-09-20 22:00:00,12,Beijing,Transformer,36.818184,46.112904,test
2016-09-20 11:00:00,2016-09-20 23:00:00,12,Beijing,Transformer,41.272728,50.172962,test
2016-09-20 12:00:00,2016-09-21 00:00:00,12,Beijing,Transformer,41.272728,54.128407,test
2016-09-20 13:00:00,2016-09-21 01:00:00,12,Beijing,Transformer,40.727272,47.692783,test
2016-09-20 14:00:00,2016-09-21 02:00:00,12,Beijing,Transformer,41.484848,51.502754,test
2016-09-20 15:00:00,2016-09-21 03:00:00,12,Beijing,Transformer,40.969696,52.798935,test
2016-09-20 16:00:00,2016-09-21 04:00:00,12,Beijing,Transformer,43.727272,52.75007,test
2016-09-20 17:00:00,2016-09-21 05:00:00,12,Beijing,Transformer,46.636364,50.447693,test
2016-09-20 18:00:00,2016-09-21 06:00:00,12,Beijing,Transformer,48.181816,52.928883,test
2016-09-20 19:00:00,2016-09-21 07:00:00,12,Beijing,Transformer,49.727272,59.174614,test
2016-09-20 20:00:00,2016-09-21 08:00:00,12,Beijing,Transformer,51.363636,56.558853,test
2016-09-20 21:00:00,2016-09-21 09:00:00,12,Beijing,Transformer,54.636364,58.96575,test
2016-09-20 22:00:00,2016-09-21 10:00:00,12,Beijing,Transformer,58.166668,62.3193,test
2016-09-20 23:00:00,2016-09-21 11:00:00,12,Beijing,Transformer,61.625,60.812057,test
2016-09-21 00:00:00,2016-09-21 12:00:00,12,Beijing,Transformer,63.916668,60.669308,test
2016-09-21 01:00:00,2016-09-21 13:00:00,12,Beijing,Transformer,69.791664,50.10864,test
2016-09-21 02:00:00,2016-09-21 14:00:00,12,Beijing,Transformer,72.666664,48.125877,test
2016-09-21 03:00:00,2016-09-21 15:00:00,12,Beijing,Transformer,82.583336,45.589092,test
2016-09-21 04:00:00,2016-09-21 16:00:00,12,Beijing,Transformer,85.916664,48.514168,test
2016-09-21 05:00:00,2016-09-21 17:00:00,12,Beijing,Transformer,87.25,53.551426,test
2016-09-21 06:00:00,2016-09-21 18:00:00,12,Beijing,Transformer,82.666664,62.266518,test
2016-09-21 07:00:00,2016-09-21 19:00:00,12,Beijing,Transformer,82.333336,68.45523,test
2016-09-21 08:00:00,2016-09-21 20:00:00,12,Beijing,Transformer,80.083336,75.622246,test
2016-09-21 09:00:00,2016-09-21 21:00:00,12,Beijing,Transformer,78.75,82.78098,test
2016-09-21 10:00:00,2016-09-21 22:00:00,12,Beijing,Transformer,83.333336,85.45572,test
2016-09-21 11:00:00,2016-09-21 23:00:00,12,Beijing,Transformer,87.666664,86.390884,test
2016-09-21 12:00:00,2016-09-22 00:00:00,12,Beijing,Transformer,92.833336,83.572464,test
2016-09-21 13:00:00,2016-09-22 01:00:00,12,Beijing,Transformer,95.5,77.73013,test
2016-09-21 14:00:00,2016-09-22 02:00:00,12,Beijing,Transformer,95.166664,77.10957,test
2016-09-21 15:00:00,2016-09-22 03:00:00,12,Beijing,Transformer,92.041664,81.6048,test
2016-09-21 16:00:00,2016-09-22 04:00:00,12,Beijing,Transformer,88.416664,92.25546,test
2016-09-21 17:00:00,2016-09-22 05:00:00,12,Beijing,Transformer,84.666664,84.185974,test
2016-09-21 18:00:00,2016-09-22 06:00:00,12,Beijing,Transformer,85.833336,75.37138,test
2016-09-21 19:00:00,2016-09-22 07:00:00,12,Beijing,Transformer,85.333336,77.466835,test
2016-09-21 20:00:00,2016-09-22 08:00:00,12,Beijing,Transformer,86.583336,78.81778,test
2016-09-21 21:00:00,2016-09-22 09:00:00,12,Beijing,Transformer,82.986115,77.60597,test
2016-09-21 22:00:00,2016-09-22 10:00:00,12,Beijing,Transformer,80.638885,90.850815,test
2016-09-21 23:00:00,2016-09-22 11:00:00,12,Beijing,Transformer,84.84167,115.95301,test
2016-09-22 00:00:00,2016-09-22 12:00:00,12,Beijing,Transformer,88.6,127.4894,test
2016-09-22 01:00:00,2016-09-22 13:00:00,12,Beijing,Transformer,97.316666,124.30577,test
2016-09-22 02:00:00,2016-09-22 14:00:00,12,Beijing,Transformer,100.95,117.25824,test
2016-09-22 03:00:00,2016-09-22 15:00:00,12,Beijing,Transformer,103.083336,119.121185,test
2016-09-22 04:00:00,2016-09-22 16:00:00,12,Beijing,Transformer,109.666664,118.984085,test
2016-09-22 05:00:00,2016-09-22 17:00:00,12,Beijing,Transformer,115.583336,115.19667,test
2016-09-22 06:00:00,2016-09-22 18:00:00,12,Beijing,Transformer,116.166664,114.43411,test
2016-09-22 07:00:00,2016-09-22 19:00:00,12,Beijing,Transformer,117.75,111.25319,test
2016-09-22 08:00:00,2016-09-22 20:00:00,12,Beijing,Transformer,122.666664,113.43302,test
2016-09-22 09:00:00,2016-09-22 21:00:00,12,Beijing,Transformer,123.916664,97.770164,test
2016-09-22 10:00:00,2016-09-22 22:00:00,12,Beijing,Transformer,126.791664,89.91263,test
2016-09-22 11:00:00,2016-09-22 23:00:00,12,Beijing,Transformer,126.333336,96.96095,test
2016-09-22 12:00:00,2016-09-23 00:00:00,12,Beijing,Transformer,120.833336,103.58713,test
2016-09-22 13:00:00,2016-09-23 01:00:00,12,Beijing,Transformer,107.666664,105.196465,test
2016-09-22 14:00:00,2016-09-23 02:00:00,12,Beijing,Transformer,89.416664,99.913605,test
2016-09-22 15:00:00,2016-09-23 03:00:00,12,Beijing,Transformer,91.75694,103.71099,test
2016-09-22 16:00:00,2016-09-23 04:00:00,12,Beijing,Transformer,100.513885,104.71196,test
2016-09-22 17:00:00,2016-09-23 05:00:00,12,Beijing,Transformer,106.854164,98.68291,test
2016-09-22 18:00:00,2016-09-23 06:00:00,12,Beijing,Transformer,106.138885,89.8744,test
2016-09-22 19:00:00,2016-09-23 07:00:00,12,Beijing,Transformer,107.47222,79.455154,test
2016-09-22 20:00:00,2016-09-23 08:00:00,12,Beijing,Transformer,119.138885,93.64232,test
2016-09-22 21:00:00,2016-09-23 09:00:00,12,Beijing,Transformer,132.16667,97.32098,test
2016-09-22 22:00:00,2016-09-23 10:00:00,12,Beijing,Transformer,135.0,113.009415,test
2016-09-22 23:00:00,2016-09-23 11:00:00,12,Beijing,Transformer,123.25,125.33536,test
2016-09-23 00:00:00,2016-09-23 12:00:00,12,Beijing,Transformer,114.75,112.34383,test
2016-09-23 01:00:00,2016-09-23 13:00:00,12,Beijing,Transformer,116.90909,102.92183,test
2016-09-23 02:00:00,2016-09-23 14:00:00,12,Beijing,Transformer,121.63637,87.411095,test
2016-09-23 03:00:00,2016-09-23 15:00:00,12,Beijing,Transformer,124.96364,86.229324,test
2016-09-23 04:00:00,2016-09-23 16:00:00,12,Beijing,Transformer,124.92728,95.37859,test
2016-09-23 05:00:00,2016-09-23 17:00:00,12,Beijing,Transformer,124.8,96.62973,test
2016-09-23 06:00:00,2016-09-23 18:00:00,12,Beijing,Transformer,123.490906,95.01433,test
2016-09-23 07:00:00,2016-09-23 19:00:00,12,Beijing,Transformer,128.09091,92.20139,test
2016-09-23 08:00:00,2016-09-23 20:00:00,12,Beijing,Transformer,138.90909,95.43077,test
2016-09-23 09:00:00,2016-09-23 21:00:00,12,Beijing,Transformer,153.0,97.668076,test
2016-09-23 10:00:00,2016-09-23 22:00:00,12,Beijing,Transformer,161.18182,103.952286,test
2016-09-23 11:00:00,2016-09-23 23:00:00,12,Beijing,Transformer,169.58333,96.907776,test
2016-09-23 12:00:00,2016-09-24 00:00:00,12,Beijing,Transformer,156.08333,95.14662,test
2016-09-23 13:00:00,2016-09-24 01:00:00,12,Beijing,Transformer,137.75,88.21971,test
2016-09-23 14:00:00,2016-09-24 02:00:00,12,Beijing,Transformer,77.916664,89.68028,test
2016-09-23 15:00:00,2016-09-24 03:00:00,12,Beijing,Transformer,35.083332,84.20793,test
2016-09-23 16:00:00,2016-09-24 04:00:00,12,Beijing,Transformer,34.5,84.39441,test
2016-09-23 17:00:00,2016-09-24 05:00:00,12,Beijing,Transformer,32.5,75.71524,test
2016-09-23 18:00:00,2016-09-24 06:00:00,12,Beijing,Transformer,30.666668,76.43053,test
2016-09-23 19:00:00,2016-09-24 07:00:00,12,Beijing,Transformer,30.666668,76.9292,test
2016-09-23 20:00:00,2016-09-24 08:00:00,12,Beijing,Transformer,32.666668,83.90524,test
2016-09-23 21:00:00,2016-09-24 09:00:00,12,Beijing,Transformer,42.916668,90.226616,test
2016-09-23 22:00:00,2016-09-24 10:00:00,12,Beijing,Transformer,49.666668,100.66203,test
2016-09-23 23:00:00,2016-09-24 11:00:00,12,Beijing,Transformer,63.666668,93.08999,test
2016-09-24 00:00:00,2016-09-24 12:00:00,12,Beijing,Transformer,87.166664,71.54735,test
2016-09-24 01:00:00,2016-09-24 13:00:00,12,Beijing,Transformer,108.625,74.63705,test
2016-09-24 02:00:00,2016-09-24 14:00:00,12,Beijing,Transformer,128.58333,33.144093,test
2016-09-24 03:00:00,2016-09-24 15:00:00,12,Beijing,Transformer,142.41667,28.750324,test
2016-09-24 04:00:00,2016-09-24 16:00:00,12,Beijing,Transformer,153.58333,32.904358,test
2016-09-24 05:00:00,2016-09-24 17:00:00,12,Beijing,Transformer,164.66667,45.900238,test
2016-09-24 06:00:00,2016-09-24 18:00:00,12,Beijing,Transformer,174.83333,53.027332,test
2016-09-24 07:00:00,2016-09-24 19:00:00,12,Beijing,Transformer,187.83333,58.84683,test
2016-09-24 08:00:00,2016-09-24 20:00:00,12,Beijing,Transformer,200.66667,54.86153,test
2016-09-24 09:00:00,2016-09-24 21:00:00,12,Beijing,Transformer,206.33333,60.563236,test
2016-09-24 10:00:00,2016-09-24 22:00:00,12,Beijing,Transformer,206.33333,72.12091,test
2016-09-24 11:00:00,2016-09-24 23:00:00,12,Beijing,Transformer,212.58333,79.63722,test
2016-09-24 12:00:00,2016-09-25 00:00:00,12,Beijing,Transformer,214.66667,86.52301,test
2016-09-24 13:00:00,2016-09-25 01:00:00,12,Beijing,Transformer,216.58333,94.98033,test
2016-09-24 14:00:00,2016-09-25 02:00:00,12,Beijing,Transformer,216.0,101.1176,test
2016-09-24 15:00:00,2016-09-25 03:00:00,12,Beijing,Transformer,210.58333,91.69377,test
2016-09-24 16:00:00,2016-09-25 04:00:00,12,Beijing,Transformer,203.95833,91.75279,test
2016-09-24 17:00:00,2016-09-25 05:00:00,12,Beijing,Transformer,190.5,90.54602,test
2016-09-24 18:00:00,2016-09-25 06:00:00,12,Beijing,Transformer,180.75,93.80898,test
2016-09-24 19:00:00,2016-09-25 07:00:00,12,Beijing,Transformer,165.83333,99.155624,test
2016-09-24 20:00:00,2016-09-25 08:00:00,12,Beijing,Transformer,152.0,116.49068,test
2016-09-24 21:00:00,2016-09-25 09:00:00,12,Beijing,Transformer,142.0,95.35021,test
2016-09-24 22:00:00,2016-09-25 10:00:00,12,Beijing,Transformer,137.36363,93.58342,test
2016-09-24 23:00:00,2016-09-25 11:00:00,12,Beijing,Transformer,135.63637,96.12313,test
2016-09-25 00:00:00,2016-09-25 12:00:00,12,Beijing,Transformer,147.27272,107.68206,test
2016-09-25 01:00:00,2016-09-25 13:00:00,12,Beijing,Transformer,147.36363,102.148575,test
2016-09-25 02:00:00,2016-09-25 14:00:00,12,Beijing,Transformer,139.09091,122.65928,test
2016-09-25 03:00:00,2016-09-25 15:00:00,12,Beijing,Transformer,143.90909,132.07582,test
2016-09-25 04:00:00,2016-09-25 16:00:00,12,Beijing,Transformer,158.08333,123.32928,test
2016-09-25 05:00:00,2016-09-25 17:00:00,12,Beijing,Transformer,168.16667,118.8461,test
2016-09-25 06:00:00,2016-09-25 18:00:00,12,Beijing,Transformer,162.0,124.270355,test
2016-09-25 07:00:00,2016-09-25 19:00:00,12,Beijing,Transformer,166.58333,137.25365,test
2016-09-25 08:00:00,2016-09-25 20:00:00,12,Beijing,Transformer,162.5,113.73825,test
2016-09-25 09:00:00,2016-09-25 21:00:00,12,Beijing,Transformer,133.41667,89.68779,test
2016-09-25 10:00:00,2016-09-25 22:00:00,12,Beijing,Transformer,114.0,87.43622,test
2016-09-25 11:00:00,2016-09-25 23:00:00,12,Beijing,Transformer,100.333336,67.80294,test
2016-09-25 12:00:00,2016-09-26 00:00:00,12,Beijing,Transformer,93.0,67.97109,test
2016-09-25 13:00:00,2016-09-26 01:00:00,12,Beijing,Transformer,88.0,72.959,test
2016-09-25 14:00:00,2016-09-26 02:00:00,12,Beijing,Transformer,83.833336,82.048676,test
2016-09-25 15:00:00,2016-09-26 03:00:00,12,Beijing,Transformer,49.833332,86.57405,test
2016-09-25 16:00:00,2016-09-26 04:00:00,12,Beijing,Transformer,30.166668,96.46746,test
2016-09-25 17:00:00,2016-09-26 05:00:00,12,Beijing,Transformer,20.666668,105.05416,test
2016-09-25 18:00:00,2016-09-26 06:00:00,12,Beijing,Transformer,24.333332,107.25767,test
2016-09-25 19:00:00,2016-09-26 07:00:00,12,Beijing,Transformer,29.333332,112.65939,test
2016-09-25 20:00:00,2016-09-26 08:00:00,12,Beijing,Transformer,33.5,124.358536,test
2016-09-25 21:00:00,2016-09-26 09:00:00,12,Beijing,Transformer,34.0,113.77728,test
2016-09-25 22:00:00,2016-09-26 10:00:00,12,Beijing,Transformer,35.666668,117.71682,test
2016-09-25 23:00:00,2016-09-26 11:00:00,12,Beijing,Transformer,40.416668,130.16919,test
2016-09-26 00:00:00,2016-09-26 12:00:00,12,Beijing,Transformer,44.791668,109.837036,test
2016-09-26 01:00:00,2016-09-26 13:00:00,12,Beijing,Transformer,48.5,108.337814,test
2016-09-26 02:00:00,2016-09-26 14:00:00,12,Beijing,Transformer,52.25,103.240814,test
2016-09-26 03:00:00,2016-09-26 15:00:00,12,Beijing,Transformer,53.416668,36.41862,test
2016-09-26 04:00:00,2016-09-26 16:00:00,12,Beijing,Transformer,64.583336,20.027866,test
2016-09-26 05:00:00,2016-09-26 17:00:00,12,Beijing,Transformer,73.916664,18.601652,test
2016-09-26 06:00:00,2016-09-26 18:00:00,12,Beijing,Transformer,73.5,19.591763,test
2016-09-26 07:00:00,2016-09-26 19:00:00,12,Beijing,Transformer,77.75,21.250343,test
2016-09-26 08:00:00,2016-09-26 20:00:00,12,Beijing,Transformer,85.083336,24.806232,test
2016-09-26 09:00:00,2016-09-26 21:00:00,12,Beijing,Transformer,88.833336,29.933836,test
2016-09-26 10:00:00,2016-09-26 22:00:00,12,Beijing,Transformer,94.583336,41.215763,test
2016-09-26 11:00:00,2016-09-26 23:00:00,12,Beijing,Transformer,88.75,52.66216,test
2016-09-26 12:00:00,2016-09-27 00:00:00,12,Beijing,Transformer,83.666664,52.267162,test
2016-09-26 13:00:00,2016-09-27 01:00:00,12,Beijing,Transformer,85.25,58.426056,test
2016-09-26 14:00:00,2016-09-27 02:00:00,12,Beijing,Transformer,83.166664,51.590893,test
2016-09-26 15:00:00,2016-09-27 03:00:00,12,Beijing,Transformer,78.666664,57.910225,test
2016-09-26 16:00:00,2016-09-27 04:00:00,12,Beijing,Transformer,62.833332,70.06427,test
2016-09-26 17:00:00,2016-09-27 05:00:00,12,Beijing,Transformer,29.75,79.26152,test
2016-09-26 18:00:00,2016-09-27 06:00:00,12,Beijing,Transformer,16.833332,75.37373,test
2016-09-26 19:00:00,2016-09-27 07:00:00,12,Beijing,Transformer,12.083333,72.159195,test
2016-09-26 20:00:00,2016-09-27 08:00:00,12,Beijing,Transformer,11.916667,67.62597,test
2016-09-26 21:00:00,2016-09-27 09:00:00,12,Beijing,Transformer,8.75,71.22038,test
2016-09-26 22:00:00,2016-09-27 10:00:00,12,Beijing,Transformer,7.916667,55.158398,test
2016-09-26 23:00:00,2016-09-27 11:00:00,12,Beijing,Transformer,6.75,53.148533,test
2016-09-27 00:00:00,2016-09-27 12:00:00,12,Beijing,Transformer,7.25,46.46664,test
2016-09-27 01:00:00,2016-09-27 13:00:00,12,Beijing,Transformer,7.25,52.998707,test
2016-09-27 02:00:00,2016-09-27 14:00:00,12,Beijing,Transformer,6.666667,47.38278,test
2016-09-27 03:00:00,2016-09-27 15:00:00,12,Beijing,Transformer,6.75,27.854836,test
2016-09-27 04:00:00,2016-09-27 16:00:00,12,Beijing,Transformer,9.625,12.415126,test
2016-09-27 05:00:00,2016-09-27 17:00:00,12,Beijing,Transformer,11.75,11.862773,test
2016-09-27 06:00:00,2016-09-27 18:00:00,12,Beijing,Transformer,12.75,11.747829,test
2016-09-27 07:00:00,2016-09-27 19:00:00,12,Beijing,Transformer,10.583333,12.276074,test
2016-09-27 08:00:00,2016-09-27 20:00:00,12,Beijing,Transformer,10.083333,12.47565,test
2016-09-27 09:00:00,2016-09-27 21:00:00,12,Beijing,Transformer,12.083333,12.88309,test
2016-09-27 10:00:00,2016-09-27 22:00:00,12,Beijing,Transformer,12.833333,12.983794,test
2016-09-27 11:00:00,2016-09-27 23:00:00,12,Beijing,Transformer,10.5,13.078321,test
2016-09-27 12:00:00,2016-09-28 00:00:00,12,Beijing,Transformer,11.333333,13.280319,test
2016-09-27 13:00:00,2016-09-28 01:00:00,12,Beijing,Transformer,12.0,13.485403,test
2016-09-27 14:00:00,2016-09-28 02:00:00,12,Beijing,Transformer,9.5,13.525819,test
2016-09-27 15:00:00,2016-09-28 03:00:00,12,Beijing,Transformer,9.75,13.21532,test
2016-09-27 16:00:00,2016-09-28 04:00:00,12,Beijing,Transformer,9.333333,12.872351,test
2016-09-27 17:00:00,2016-09-28 05:00:00,12,Beijing,Transformer,8.333333,12.555673,test
2016-09-27 18:00:00,2016-09-28 06:00:00,12,Beijing,Transformer,8.916667,11.7241745,test
2016-09-27 19:00:00,2016-09-28 07:00:00,12,Beijing,Transformer,10.416667,11.43791,test
2016-09-27 20:00:00,2016-09-28 08:00:00,12,Beijing,Transformer,10.833333,11.358192,test
2016-09-27 21:00:00,2016-09-28 09:00:00,12,Beijing,Transformer,10.666667,11.338534,test
2016-09-27 22:00:00,2016-09-28 10:00:00,12,Beijing,Transformer,8.361111,11.799671,test
2016-09-27 23:00:00,2016-09-28 11:00:00,12,Beijing,Transformer,9.680556,12.332995,test
2016-09-28 00:00:00,2016-09-28 12:00:00,12,Beijing,Transformer,9.833333,12.323143,test
2016-09-28 01:00:00,2016-09-28 13:00:00,12,Beijing,Transformer,10.791667,12.330348,test
2016-09-28 02:00:00,2016-09-28 14:00:00,12,Beijing,Transformer,10.583333,12.239484,test
2016-09-28 03:00:00,2016-09-28 15:00:00,12,Beijing,Transformer,11.25,12.248002,test
2016-09-28 04:00:00,2016-09-28 16:00:00,12,Beijing,Transformer,11.625,12.475061,test
2016-09-28 05:00:00,2016-09-28 17:00:00,12,Beijing,Transformer,9.333333,12.694894,test
2016-09-28 06:00:00,2016-09-28 18:00:00,12,Beijing,Transformer,11.916667,13.234239,test
2016-09-28 07:00:00,2016-09-28 19:00:00,12,Beijing,Transformer,19.166668,15.092782,test
2016-09-28 08:00:00,2016-09-28 20:00:00,12,Beijing,Transformer,25.083332,13.857693,test
2016-09-28 09:00:00,2016-09-28 21:00:00,12,Beijing,Transformer,30.75,13.832451,test
2016-09-28 10:00:00,2016-09-28 22:00:00,12,Beijing,Transformer,33.083332,13.628076,test
2016-09-28 11:00:00,2016-09-28 23:00:00,12,Beijing,Transformer,39.5,14.160637,test
2016-09-28 12:00:00,2016-09-29 00:00:00,12,Beijing,Transformer,37.25,15.065617,test
2016-09-28 13:00:00,2016-09-29 01:00:00,12,Beijing,Transformer,33.166668,16.22474,test
2016-09-28 14:00:00,2016-09-29 02:00:00,12,Beijing,Transformer,32.0,17.02016,test
2016-09-28 15:00:00,2016-09-29 03:00:00,12,Beijing,Transformer,32.0,17.003998,test
2016-09-28 16:00:00,2016-09-29 04:00:00,12,Beijing,Transformer,34.666668,17.108894,test
2016-09-28 17:00:00,2016-09-29 05:00:00,12,Beijing,Transformer,30.75,17.334265,test
2016-09-28 18:00:00,2016-09-29 06:00:00,12,Beijing,Transformer,25.833332,16.642536,test
2016-09-28 19:00:00,2016-09-29 07:00:00,12,Beijing,Transformer,21.25,17.180346,test
2016-09-28 20:00:00,2016-09-29 08:00:00,12,Beijing,Transformer,23.5,18.297411,test
2016-09-28 21:00:00,2016-09-29 09:00:00,12,Beijing,Transformer,27.583332,20.836277,test
2016-09-28 22:00:00,2016-09-29 10:00:00,12,Beijing,Transformer,34.0,21.27703,test
2016-09-28 23:00:00,2016-09-29 11:00:00,12,Beijing,Transformer,47.36111,25.183823,test
2016-09-29 00:00:00,2016-09-29 12:00:00,12,Beijing,Transformer,54.63889,28.192825,test
2016-09-29 01:00:00,2016-09-29 13:00:00,12,Beijing,Transformer,56.208332,28.361193,test
2016-09-29 02:00:00,2016-09-29 14:00:00,12,Beijing,Transformer,55.5,28.314287,test
2016-09-29 03:00:00,2016-09-29 15:00:00,12,Beijing,Transformer,58.75,29.220964,test
2016-09-29 04:00:00,2016-09-29 16:00:00,12,Beijing,Transformer,62.75,34.6021,test
2016-09-29 05:00:00,2016-09-29 17:00:00,12,Beijing,Transformer,74.25,38.4501,test
2016-09-29 06:00:00,2016-09-29 18:00:00,12,Beijing,Transformer,76.72727,48.350853,test
2016-09-29 07:00:00,2016-09-29 19:00:00,12,Beijing,Transformer,75.63637,58.05994,test
2016-09-29 08:00:00,2016-09-29 20:00:00,12,Beijing,Transformer,78.63637,64.07885,test
2016-09-29 09:00:00,2016-09-29 21:00:00,12,Beijing,Transformer,79.36363,66.920586,test
2016-09-29 10:00:00,2016-09-29 22:00:00,12,Beijing,Transformer,78.72727,68.41843,test
2016-09-29 11:00:00,2016-09-29 23:00:00,12,Beijing,Transformer,82.27273,69.63321,test
2016-09-29 12:00:00,2016-09-30 00:00:00,12,Beijing,Transformer,86.09091,68.53239,test
2016-09-29 13:00:00,2016-09-30 01:00:00,12,Beijing,Transformer,87.181816,71.028015,test
2016-09-29 14:00:00,2016-09-30 02:00:00,12,Beijing,Transformer,86.181816,80.47889,test
2016-09-29 15:00:00,2016-09-30 03:00:00,12,Beijing,Transformer,80.0,80.0146,test
2016-09-29 16:00:00,2016-09-30 04:00:00,12,Beijing,Transformer,73.27273,75.73869,test
2016-09-29 17:00:00,2016-09-30 05:00:00,12,Beijing,Transformer,72.545456,75.17695,test
2016-09-29 18:00:00,2016-09-30 06:00:00,12,Beijing,Transformer,73.72727,81.77868,test
2016-09-29 19:00:00,2016-09-30 07:00:00,12,Beijing,Transformer,74.545456,78.204254,test
2016-09-29 20:00:00,2016-09-30 08:00:00,12,Beijing,Transformer,77.09091,82.10044,test
2016-09-29 21:00:00,2016-09-30 09:00:00,12,Beijing,Transformer,81.818184,107.555405,test
2016-09-29 22:00:00,2016-09-30 10:00:00,12,Beijing,Transformer,88.63637,109.15497,test
2016-09-29 23:00:00,2016-09-30 11:00:00,12,Beijing,Transformer,90.27273,89.164215,test
2016-09-30 00:00:00,2016-09-30 12:00:00,12,Beijing,Transformer,93.86363,86.47873,test
2016-09-30 01:00:00,2016-09-30 13:00:00,12,Beijing,Transformer,100.916664,103.66139,test
2016-09-30 02:00:00,2016-09-30 14:00:00,12,Beijing,Transformer,106.333336,114.55783,test
2016-09-30 03:00:00,2016-09-30 15:00:00,12,Beijing,Transformer,106.0,112.3436,test
2016-09-30 04:00:00,2016-09-30 16:00:00,12,Beijing,Transformer,104.166664,102.43337,test
2016-09-30 05:00:00,2016-09-30 17:00:00,12,Beijing,Transformer,106.0,154.04161,test
2016-09-30 06:00:00,2016-09-30 18:00:00,12,Beijing,Transformer,110.166664,193.2035,test
2016-09-30 07:00:00,2016-09-30 19:00:00,12,Beijing,Transformer,119.25,194.50282,test
2016-09-30 08:00:00,2016-09-30 20:00:00,12,Beijing,Transformer,126.916664,174.31288,test
2016-09-30 09:00:00,2016-09-30 21:00:00,12,Beijing,Transformer,128.25,149.51509,test
2016-09-30 10:00:00,2016-09-30 22:00:00,12,Beijing,Transformer,129.16667,161.11732,test
2016-09-30 11:00:00,2016-09-30 23:00:00,12,Beijing,Transformer,131.66667,162.4106,test
2016-09-30 12:00:00,2016-10-01 00:00:00,12,Beijing,Transformer,133.58333,128.6918,test
2016-09-30 13:00:00,2016-10-01 01:00:00,12,Beijing,Transformer,134.16667,140.3949,test
2016-09-30 14:00:00,2016-10-01 02:00:00,12,Beijing,Transformer,137.0,134.92793,test
2016-09-30 15:00:00,2016-10-01 03:00:00,12,Beijing,Transformer,144.5,132.0559,test
2016-09-30 16:00:00,2016-10-01 04:00:00,12,Beijing,Transformer,150.83333,85.373695,test
2016-09-30 17:00:00,2016-10-01 05:00:00,12,Beijing,Transformer,145.91667,89.83671,test
2016-09-30 18:00:00,2016-10-01 06:00:00,12,Beijing,Transformer,146.66667,88.93886,test
2016-09-30 19:00:00,2016-10-01 07:00:00,12,Beijing,Transformer,144.41667,127.54425,test
2016-09-30 20:00:00,2016-10-01 08:00:00,12,Beijing,Transformer,147.41667,154.82083,test
2016-09-30 21:00:00,2016-10-01 09:00:00,12,Beijing,Transformer,160.83333,151.00104,test
2016-09-30 22:00:00,2016-10-01 10:00:00,12,Beijing,Transformer,180.33333,91.4748,test
2016-09-30 23:00:00,2016-10-01 11:00:00,12,Beijing,Transformer,191.16667,77.230804,test
2016-10-01 00:00:00,2016-10-01 12:00:00,12,Beijing,Transformer,198.75,75.74907,test
2016-10-01 01:00:00,2016-10-01 13:00:00,12,Beijing,Transformer,201.33333,83.36037,test
2016-10-01 02:00:00,2016-10-01 14:00:00,12,Beijing,Transformer,178.0,38.278755,test
2016-10-01 03:00:00,2016-10-01 15:00:00,12,Beijing,Transformer,165.41667,44.500835,test
2016-10-01 04:00:00,2016-10-01 16:00:00,12,Beijing,Transformer,167.08333,61.749454,test
2016-10-01 05:00:00,2016-10-01 17:00:00,12,Beijing,Transformer,167.25,73.67808,test
2016-10-01 06:00:00,2016-10-01 18:00:00,12,Beijing,Transformer,159.83333,162.00917,test
2016-10-01 07:00:00,2016-10-01 19:00:00,12,Beijing,Transformer,164.75,194.5301,test
2016-10-01 08:00:00,2016-10-01 20:00:00,12,Beijing,Transformer,179.66667,195.09016,test
2016-10-01 09:00:00,2016-10-01 21:00:00,12,Beijing,Transformer,189.5,195.08551,test
2016-10-01 10:00:00,2016-10-01 22:00:00,12,Beijing,Transformer,193.75,195.0731,test
2016-10-01 11:00:00,2016-10-01 23:00:00,12,Beijing,Transformer,198.25,195.07048,test
2016-10-01 12:00:00,2016-10-02 00:00:00,12,Beijing,Transformer,202.0,195.07068,test
2016-10-01 13:00:00,2016-10-02 01:00:00,12,Beijing,Transformer,200.33333,195.06831,test
2016-10-01 14:00:00,2016-10-02 02:00:00,12,Beijing,Transformer,199.08333,195.0797,test
2016-10-01 15:00:00,2016-10-02 03:00:00,12,Beijing,Transformer,194.16667,173.13025,test
2016-10-01 16:00:00,2016-10-02 04:00:00,12,Beijing,Transformer,187.75,164.29247,test
2016-10-01 17:00:00,2016-10-02 05:00:00,12,Beijing,Transformer,177.5,168.94923,test
2016-10-01 18:00:00,2016-10-02 06:00:00,12,Beijing,Transformer,171.41667,186.36322,test
2016-10-01 19:00:00,2016-10-02 07:00:00,12,Beijing,Transformer,169.5,195.08766,test
2016-10-01 20:00:00,2016-10-02 08:00:00,12,Beijing,Transformer,183.33333,195.08488,test
2016-10-01 21:00:00,2016-10-02 09:00:00,12,Beijing,Transformer,187.83333,195.07503,test
2016-10-01 22:00:00,2016-10-02 10:00:00,12,Beijing,Transformer,183.58333,194.77588,test
2016-10-01 23:00:00,2016-10-02 11:00:00,12,Beijing,Transformer,184.75,194.97948,test
2016-10-02 00:00:00,2016-10-02 12:00:00,12,Beijing,Transformer,184.16667,195.0767,test
2016-10-02 01:00:00,2016-10-02 13:00:00,12,Beijing,Transformer,176.66667,195.07713,test
2016-10-02 02:00:00,2016-10-02 14:00:00,12,Beijing,Transformer,175.66667,195.07945,test
2016-10-02 03:00:00,2016-10-02 15:00:00,12,Beijing,Transformer,164.83333,195.08092,test
2016-10-02 04:00:00,2016-10-02 16:00:00,12,Beijing,Transformer,159.08333,195.07787,test
2016-10-02 05:00:00,2016-10-02 17:00:00,12,Beijing,Transformer,161.83333,195.07483,test
2016-10-02 06:00:00,2016-10-02 18:00:00,12,Beijing,Transformer,170.75,194.69856,test
2016-10-02 07:00:00,2016-10-02 19:00:00,12,Beijing,Transformer,186.08333,195.07954,test
2016-10-02 08:00:00,2016-10-02 20:00:00,12,Beijing,Transformer,201.58333,195.10231,test
2016-10-02 09:00:00,2016-10-02 21:00:00,12,Beijing,Transformer,211.25,189.58508,test
2016-10-02 10:00:00,2016-10-02 22:00:00,12,Beijing,Transformer,210.33333,194.87328,test
2016-10-02 11:00:00,2016-10-02 23:00:00,12,Beijing,Transformer,167.08333,193.56001,test
2016-10-02 12:00:00,2016-10-03 00:00:00,12,Beijing,Transformer,136.33333,193.83481,test
2016-10-02 13:00:00,2016-10-03 01:00:00,12,Beijing,Transformer,123.833336,194.25157,test
2016-10-02 14:00:00,2016-10-03 02:00:00,12,Beijing,Transformer,119.0,189.28218,test
2016-10-02 15:00:00,2016-10-03 03:00:00,12,Beijing,Transformer,120.5,172.08928,test
2016-10-02 16:00:00,2016-10-03 04:00:00,12,Beijing,Transformer,123.333336,177.16347,test
2016-10-02 17:00:00,2016-10-03 05:00:00,12,Beijing,Transformer,130.66667,190.61043,test
2016-10-02 18:00:00,2016-10-03 06:00:00,12,Beijing,Transformer,132.66667,195.08244,test
2016-10-02 19:00:00,2016-10-03 07:00:00,12,Beijing,Transformer,132.75,195.07918,test
2016-10-02 20:00:00,2016-10-03 08:00:00,12,Beijing,Transformer,127.666664,195.07806,test
2016-10-02 21:00:00,2016-10-03 09:00:00,12,Beijing,Transformer,134.5,195.08131,test
2016-10-02 22:00:00,2016-10-03 10:00:00,12,Beijing,Transformer,153.08333,179.04857,test
2016-10-02 23:00:00,2016-10-03 11:00:00,12,Beijing,Transformer,158.66667,163.38284,test
2016-10-03 00:00:00,2016-10-03 12:00:00,12,Beijing,Transformer,155.25,115.19612,test
2016-10-03 01:00:00,2016-10-03 13:00:00,12,Beijing,Transformer,127.25,117.71954,test
2016-10-03 02:00:00,2016-10-03 14:00:00,12,Beijing,Transformer,106.833336,125.852165,test
2016-10-03 03:00:00,2016-10-03 15:00:00,12,Beijing,Transformer,80.333336,132.752,test
2016-10-03 04:00:00,2016-10-03 16:00:00,12,Beijing,Transformer,61.666668,126.494125,test
2016-10-03 05:00:00,2016-10-03 17:00:00,12,Beijing,Transformer,63.666668,133.89323,test
2016-10-03 06:00:00,2016-10-03 18:00:00,12,Beijing,Transformer,87.0,121.713135,test
2016-10-03 07:00:00,2016-10-03 19:00:00,12,Beijing,Transformer,108.666664,118.04933,test
2016-10-03 08:00:00,2016-10-03 20:00:00,12,Beijing,Transformer,114.25,80.965546,test
2016-10-03 09:00:00,2016-10-03 21:00:00,12,Beijing,Transformer,121.583336,83.6752,test
2016-10-03 10:00:00,2016-10-03 22:00:00,12,Beijing,Transformer,130.0,106.69809,test
2016-10-03 11:00:00,2016-10-03 23:00:00,12,Beijing,Transformer,158.66667,107.57156,test
2016-10-03 12:00:00,2016-10-04 00:00:00,12,Beijing,Transformer,128.25,96.18558,test
2016-10-03 13:00:00,2016-10-04 01:00:00,12,Beijing,Transformer,35.0,70.93712,test
2016-10-03 14:00:00,2016-10-04 02:00:00,12,Beijing,Transformer,21.083332,62.76378,test
2016-10-03 15:00:00,2016-10-04 03:00:00,12,Beijing,Transformer,22.083332,52.267498,test
2016-10-03 16:00:00,2016-10-04 04:00:00,12,Beijing,Transformer,23.333332,38.019535,test
2016-10-03 17:00:00,2016-10-04 05:00:00,12,Beijing,Transformer,21.916668,44.65667,test
2016-10-03 18:00:00,2016-10-04 06:00:00,12,Beijing,Transformer,21.5,85.1301,test
2016-10-03 19:00:00,2016-10-04 07:00:00,12,Beijing,Transformer,22.583332,118.98338,test
2016-10-03 20:00:00,2016-10-04 08:00:00,12,Beijing,Transformer,25.0,125.088585,test
2016-10-03 21:00:00,2016-10-04 09:00:00,12,Beijing,Transformer,26.0,119.55226,test
2016-10-03 22:00:00,2016-10-04 10:00:00,12,Beijing,Transformer,29.75,99.77605,test
2016-10-03 23:00:00,2016-10-04 11:00:00,12,Beijing,Transformer,28.916668,44.88912,test
2016-10-04 00:00:00,2016-10-04 12:00:00,12,Beijing,Transformer,31.666668,25.154377,test
2016-10-04 01:00:00,2016-10-04 13:00:00,12,Beijing,Transformer,35.333332,14.29147,test
2016-10-04 02:00:00,2016-10-04 14:00:00,12,Beijing,Transformer,36.916668,13.393983,test
2016-10-04 03:00:00,2016-10-04 15:00:00,12,Beijing,Transformer,42.416668,13.259183,test
2016-10-04 04:00:00,2016-10-04 16:00:00,12,Beijing,Transformer,39.909092,13.7758255,test
2016-10-04 05:00:00,2016-10-04 17:00:00,12,Beijing,Transformer,38.545456,14.063441,test
2016-10-04 06:00:00,2016-10-04 18:00:00,12,Beijing,Transformer,35.909092,13.240658,test
2016-10-04 07:00:00,2016-10-04 19:00:00,12,Beijing,Transformer,37.454544,13.491062,test
2016-10-04 08:00:00,2016-10-04 20:00:00,12,Beijing,Transformer,34.636364,14.046283,test
2016-10-04 09:00:00,2016-10-04 21:00:00,12,Beijing,Transformer,34.272728,15.188485,test
2016-10-04 10:00:00,2016-10-04 22:00:00,12,Beijing,Transformer,32.454544,15.813351,test
2016-10-04 11:00:00,2016-10-04 23:00:00,12,Beijing,Transformer,27.727274,16.515255,test
2016-10-04 12:00:00,2016-10-05 00:00:00,12,Beijing,Transformer,27.272726,17.240711,test
2016-10-04 13:00:00,2016-10-05 01:00:00,12,Beijing,Transformer,25.454544,20.025059,test
2016-10-04 14:00:00,2016-10-05 02:00:00,12,Beijing,Transformer,22.636364,22.263248,test
2016-10-04 15:00:00,2016-10-05 03:00:00,12,Beijing,Transformer,23.454544,16.47095,test
2016-10-04 16:00:00,2016-10-05 04:00:00,12,Beijing,Transformer,36.909092,16.75803,test
2016-10-04 17:00:00,2016-10-05 05:00:00,12,Beijing,Transformer,39.636364,17.509623,test
2016-10-04 18:00:00,2016-10-05 06:00:00,12,Beijing,Transformer,38.818184,16.857534,test
2016-10-04 19:00:00,2016-10-05 07:00:00,12,Beijing,Transformer,39.545456,16.998747,test
2016-10-04 20:00:00,2016-10-05 08:00:00,12,Beijing,Transformer,41.272728,15.012197,test
2016-10-04 21:00:00,2016-10-05 09:00:00,12,Beijing,Transformer,43.727272,15.083767,test
2016-10-04 22:00:00,2016-10-05 10:00:00,12,Beijing,Transformer,49.636364,15.187675,test
2016-10-04 23:00:00,2016-10-05 11:00:00,12,Beijing,Transformer,55.909092,14.838779,test
2016-10-05 00:00:00,2016-10-05 12:00:00,12,Beijing,Transformer,59.25,16.150549,test
2016-10-05 01:00:00,2016-10-05 13:00:00,12,Beijing,Transformer,61.5,15.567051,test
2016-10-05 02:00:00,2016-10-05 14:00:00,12,Beijing,Transformer,64.583336,16.311674,test
2016-10-05 03:00:00,2016-10-05 15:00:00,12,Beijing,Transformer,64.666664,17.349129,test
2016-10-05 04:00:00,2016-10-05 16:00:00,12,Beijing,Transformer,63.0,23.707504,test
2016-10-05 05:00:00,2016-10-05 17:00:00,12,Beijing,Transformer,65.0,21.335814,test
2016-10-05 06:00:00,2016-10-05 18:00:00,12,Beijing,Transformer,70.25,25.603685,test
2016-10-05 07:00:00,2016-10-05 19:00:00,12,Beijing,Transformer,79.833336,34.11682,test
2016-10-05 08:00:00,2016-10-05 20:00:00,12,Beijing,Transformer,88.916664,37.374813,test
2016-10-05 09:00:00,2016-10-05 21:00:00,12,Beijing,Transformer,91.75,35.89127,test
2016-10-05 10:00:00,2016-10-05 22:00:00,12,Beijing,Transformer,89.833336,41.147533,test
2016-10-05 11:00:00,2016-10-05 23:00:00,12,Beijing,Transformer,90.25,45.42036,test
2016-10-05 12:00:00,2016-10-06 00:00:00,12,Beijing,Transformer,88.166664,50.10873,test
2016-10-05 13:00:00,2016-10-06 01:00:00,12,Beijing,Transformer,86.583336,55.283955,test
2016-10-05 14:00:00,2016-10-06 02:00:00,12,Beijing,Transformer,85.25,53.419544,test
2016-10-05 15:00:00,2016-10-06 03:00:00,12,Beijing,Transformer,80.5,52.77895,test
2016-10-05 16:00:00,2016-10-06 04:00:00,12,Beijing,Transformer,83.666664,47.235645,test
2016-10-05 17:00:00,2016-10-06 05:00:00,12,Beijing,Transformer,84.0,41.26561,test
2016-10-05 18:00:00,2016-10-06 06:00:00,12,Beijing,Transformer,82.5,38.46931,test
2016-10-05 19:00:00,2016-10-06 07:00:00,12,Beijing,Transformer,87.75,42.226185,test
2016-10-05 20:00:00,2016-10-06 08:00:00,12,Beijing,Transformer,88.0,43.00891,test
2016-10-05 21:00:00,2016-10-06 09:00:00,12,Beijing,Transformer,85.083336,40.324482,test
2016-10-05 22:00:00,2016-10-06 10:00:00,12,Beijing,Transformer,77.916664,32.127888,test
2016-10-05 23:00:00,2016-10-06 11:00:00,12,Beijing,Transformer,71.0,32.52268,test
2016-10-06 00:00:00,2016-10-06 12:00:00,12,Beijing,Transformer,64.583336,36.30614,test
2016-10-06 01:00:00,2016-10-06 13:00:00,12,Beijing,Transformer,60.25,39.570866,test
2016-10-06 02:00:00,2016-10-06 14:00:00,12,Beijing,Transformer,58.583332,40.455704,test
2016-10-06 03:00:00,2016-10-06 15:00:00,12,Beijing,Transformer,59.083332,40.751675,test
2016-10-06 04:00:00,2016-10-06 16:00:00,12,Beijing,Transformer,56.75,44.440357,test
2016-10-06 05:00:00,2016-10-06 17:00:00,12,Beijing,Transformer,59.416668,44.451458,test
2016-10-06 06:00:00,2016-10-06 18:00:00,12,Beijing,Transformer,66.666664,48.96599,test
2016-10-06 07:00:00,2016-10-06 19:00:00,12,Beijing,Transformer,71.833336,49.731915,test
2016-10-06 08:00:00,2016-10-06 20:00:00,12,Beijing,Transformer,73.416664,48.571766,test
2016-10-06 09:00:00,2016-10-06 21:00:00,12,Beijing,Transformer,67.0,47.310463,test
2016-10-06 10:00:00,2016-10-06 22:00:00,12,Beijing,Transformer,52.75,48.414997,test
2016-10-06 11:00:00,2016-10-06 23:00:00,12,Beijing,Transformer,48.583332,41.605976,test
2016-10-06 12:00:00,2016-10-07 00:00:00,12,Beijing,Transformer,44.25,40.723648,test
2016-10-06 13:00:00,2016-10-07 01:00:00,12,Beijing,Transformer,43.75,40.491863,test
2016-10-06 14:00:00,2016-10-07 02:00:00,12,Beijing,Transformer,43.166668,41.434696,test
2016-10-06 15:00:00,2016-10-07 03:00:00,12,Beijing,Transformer,40.583332,42.329617,test
2016-10-06 16:00:00,2016-10-07 04:00:00,12,Beijing,Transformer,38.75,42.18526,test
2016-10-06 17:00:00,2016-10-07 05:00:00,12,Beijing,Transformer,37.916668,37.42187,test
2016-10-06 18:00:00,2016-10-07 06:00:00,12,Beijing,Transformer,36.916668,21.512527,test
2016-10-06 19:00:00,2016-10-07 07:00:00,12,Beijing,Transformer,38.0,22.035824,test
2016-10-06 20:00:00,2016-10-07 08:00:00,12,Beijing,Transformer,38.75,22.769539,test
2016-10-06 21:00:00,2016-10-07 09:00:00,12,Beijing,Transformer,38.583332,19.529587,test
2016-10-06 22:00:00,2016-10-07 10:00:00,12,Beijing,Transformer,40.5,16.705973,test
2016-10-06 23:00:00,2016-10-07 11:00:00,12,Beijing,Transformer,42.166668,15.329485,test
2016-10-07 00:00:00,2016-10-07 12:00:00,12,Beijing,Transformer,40.5,15.631941,test
2016-10-07 01:00:00,2016-10-07 13:00:00,12,Beijing,Transformer,38.833332,18.363781,test
2016-10-07 02:00:00,2016-10-07 14:00:00,12,Beijing,Transformer,38.083332,22.386333,test
2016-10-07 03:00:00,2016-10-07 15:00:00,12,Beijing,Transformer,39.333332,28.30202,test
2016-10-07 04:00:00,2016-10-07 16:00:00,12,Beijing,Transformer,44.416668,35.270866,test
2016-10-07 05:00:00,2016-10-07 17:00:00,12,Beijing,Transformer,42.5,44.497707,test
2016-10-07 06:00:00,2016-10-07 18:00:00,12,Beijing,Transformer,45.0,54.95269,test
2016-10-07 07:00:00,2016-10-07 19:00:00,12,Beijing,Transformer,47.75,54.803997,test
2016-10-07 08:00:00,2016-10-07 20:00:00,12,Beijing,Transformer,49.25,52.244312,test
2016-10-07 09:00:00,2016-10-07 21:00:00,12,Beijing,Transformer,43.583332,50.680706,test
2016-10-07 10:00:00,2016-10-07 22:00:00,12,Beijing,Transformer,25.75,50.606358,test
2016-10-07 11:00:00,2016-10-07 23:00:00,12,Beijing,Transformer,14.666667,55.60455,test
2016-10-07 12:00:00,2016-10-08 00:00:00,12,Beijing,Transformer,11.0,57.983875,test
2016-10-07 13:00:00,2016-10-08 01:00:00,12,Beijing,Transformer,6.583333,55.41737,test
2016-10-07 14:00:00,2016-10-08 02:00:00,12,Beijing,Transformer,7.75,52.674587,test
2016-10-07 15:00:00,2016-10-08 03:00:00,12,Beijing,Transformer,5.833333,58.46568,test
2016-10-07 16:00:00,2016-10-08 04:00:00,12,Beijing,Transformer,7.166667,54.95533,test
2016-10-07 17:00:00,2016-10-08 05:00:00,12,Beijing,Transformer,8.666667,40.22139,test
2016-10-07 18:00:00,2016-10-08 06:00:00,12,Beijing,Transformer,8.194444,44.917118,test
2016-10-07 19:00:00,2016-10-08 07:00:00,12,Beijing,Transformer,7.722222,43.65152,test
2016-10-07 20:00:00,2016-10-08 08:00:00,12,Beijing,Transformer,9.75,38.955013,test
2016-10-07 21:00:00,2016-10-08 09:00:00,12,Beijing,Transformer,9.916667,14.345428,test
2016-10-07 22:00:00,2016-10-08 10:00:00,12,Beijing,Transformer,9.666667,12.543025,test
2016-10-07 23:00:00,2016-10-08 11:00:00,12,Beijing,Transformer,11.0,11.346933,test
2016-10-08 00:00:00,2016-10-08 12:00:00,12,Beijing,Transformer,13.25,11.302619,test
2016-10-08 01:00:00,2016-10-08 13:00:00,12,Beijing,Transformer,14.666667,11.604136,test
2016-10-08 02:00:00,2016-10-08 14:00:00,12,Beijing,Transformer,11.583333,11.62331,test
2016-10-08 03:00:00,2016-10-08 15:00:00,12,Beijing,Transformer,13.75,10.980314,test
2016-10-08 04:00:00,2016-10-08 16:00:00,12,Beijing,Transformer,18.833332,10.938724,test
2016-10-08 05:00:00,2016-10-08 17:00:00,12,Beijing,Transformer,10.227273,11.270942,test
2016-10-08 06:00:00,2016-10-08 18:00:00,12,Beijing,Transformer,10.0,11.6338625,test
2016-10-08 07:00:00,2016-10-08 19:00:00,12,Beijing,Transformer,13.454545,13.245229,test
2016-10-08 08:00:00,2016-10-08 20:00:00,12,Beijing,Transformer,19.818182,14.565155,test
2016-10-08 09:00:00,2016-10-08 21:00:00,12,Beijing,Transformer,21.272726,14.108524,test
2016-10-08 10:00:00,2016-10-08 22:00:00,12,Beijing,Transformer,22.454544,14.722792,test
2016-10-08 11:00:00,2016-10-08 23:00:00,12,Beijing,Transformer,26.181818,14.985916,test
2016-10-08 12:00:00,2016-10-09 00:00:00,12,Beijing,Transformer,25.545456,16.582546,test
2016-10-08 13:00:00,2016-10-09 01:00:00,12,Beijing,Transformer,23.454544,19.041994,test
2016-10-08 14:00:00,2016-10-09 02:00:00,12,Beijing,Transformer,22.0,21.326172,test
2016-10-08 15:00:00,2016-10-09 03:00:00,12,Beijing,Transformer,25.090908,18.957912,test
2016-10-08 16:00:00,2016-10-09 04:00:00,12,Beijing,Transformer,28.818182,19.245836,test
2016-10-08 17:00:00,2016-10-09 05:00:00,12,Beijing,Transformer,28.7,17.16317,test
2016-10-08 18:00:00,2016-10-09 06:00:00,12,Beijing,Transformer,26.4,16.739374,test
2016-10-08 19:00:00,2016-10-09 07:00:00,12,Beijing,Transformer,25.7,16.043756,test
2016-10-08 20:00:00,2016-10-09 08:00:00,12,Beijing,Transformer,22.5,16.622078,test
2016-10-08 21:00:00,2016-10-09 09:00:00,12,Beijing,Transformer,20.9,16.568802,test
2016-10-08 22:00:00,2016-10-09 10:00:00,12,Beijing,Transformer,22.5,17.43669,test
2016-10-08 23:00:00,2016-10-09 11:00:00,12,Beijing,Transformer,25.7,17.745996,test
2016-10-09 00:00:00,2016-10-09 12:00:00,12,Beijing,Transformer,34.454544,19.652382,test
2016-10-09 01:00:00,2016-10-09 13:00:00,12,Beijing,Transformer,41.045456,21.560646,test
2016-10-09 02:00:00,2016-10-09 14:00:00,12,Beijing,Transformer,33.363636,22.392803,test
2016-10-09 03:00:00,2016-10-09 15:00:00,12,Beijing,Transformer,31.818182,28.102394,test
2016-10-09 04:00:00,2016-10-09 16:00:00,12,Beijing,Transformer,28.272726,32.10656,test
2016-10-09 05:00:00,2016-10-09 17:00:00,12,Beijing,Transformer,25.454544,33.67847,test
2016-10-09 06:00:00,2016-10-09 18:00:00,12,Beijing,Transformer,32.272728,38.57332,test
2016-10-09 07:00:00,2016-10-09 19:00:00,12,Beijing,Transformer,40.727272,44.772873,test
2016-10-09 08:00:00,2016-10-09 20:00:00,12,Beijing,Transformer,45.545456,44.042812,test
2016-10-09 09:00:00,2016-10-09 21:00:00,12,Beijing,Transformer,47.090908,42.827564,test
2016-10-09 10:00:00,2016-10-09 22:00:00,12,Beijing,Transformer,48.181816,46.712334,test
2016-10-09 11:00:00,2016-10-09 23:00:00,12,Beijing,Transformer,50.636364,54.90298,test
2016-10-09 12:00:00,2016-10-10 00:00:00,12,Beijing,Transformer,49.090908,62.981987,test
2016-10-09 13:00:00,2016-10-10 01:00:00,12,Beijing,Transformer,50.363636,69.34393,test
2016-10-09 14:00:00,2016-10-10 02:00:00,12,Beijing,Transformer,55.454544,65.94745,test
2016-10-09 15:00:00,2016-10-10 03:00:00,12,Beijing,Transformer,54.818184,45.879772,test
2016-10-09 16:00:00,2016-10-10 04:00:00,12,Beijing,Transformer,54.454544,38.187717,test
2016-10-09 17:00:00,2016-10-10 05:00:00,12,Beijing,Transformer,52.727272,37.469902,test
2016-10-09 18:00:00,2016-10-10 06:00:00,12,Beijing,Transformer,50.090908,37.632175,test
2016-10-09 19:00:00,2016-10-10 07:00:00,12,Beijing,Transformer,49.727272,35.43929,test
2016-10-09 20:00:00,2016-10-10 08:00:00,12,Beijing,Transformer,47.878788,35.396416,test
2016-10-09 21:00:00,2016-10-10 09:00:00,12,Beijing,Transformer,51.121212,31.63275,test
2016-10-09 22:00:00,2016-10-10 10:00:00,12,Beijing,Transformer,56.022728,32.241592,test
2016-10-09 23:00:00,2016-10-10 11:00:00,12,Beijing,Transformer,69.5,34.799313,test
2016-10-10 00:00:00,2016-10-10 12:00:00,12,Beijing,Transformer,82.61363,26.83931,test
2016-10-10 01:00:00,2016-10-10 13:00:00,12,Beijing,Transformer,96.90909,32.724037,test
2016-10-10 02:00:00,2016-10-10 14:00:00,12,Beijing,Transformer,105.72727,33.60774,test
2016-10-10 03:00:00,2016-10-10 15:00:00,12,Beijing,Transformer,111.083336,32.929173,test
2016-10-10 04:00:00,2016-10-10 16:00:00,12,Beijing,Transformer,119.416664,33.008427,test
2016-10-10 05:00:00,2016-10-10 17:00:00,12,Beijing,Transformer,122.36363,38.677593,test
2016-10-10 06:00:00,2016-10-10 18:00:00,12,Beijing,Transformer,120.818184,60.136997,test
2016-10-10 07:00:00,2016-10-10 19:00:00,12,Beijing,Transformer,127.90909,63.448383,test
2016-10-10 08:00:00,2016-10-10 20:00:00,12,Beijing,Transformer,134.54546,61.385857,test
2016-10-10 09:00:00,2016-10-10 21:00:00,12,Beijing,Transformer,140.0,62.45525,test
2016-10-10 10:00:00,2016-10-10 22:00:00,12,Beijing,Transformer,146.63637,69.72247,test
2016-10-10 11:00:00,2016-10-10 23:00:00,12,Beijing,Transformer,144.0,77.22061,test
2016-10-10 12:00:00,2016-10-11 00:00:00,12,Beijing,Transformer,136.63637,82.04965,test
2016-10-10 13:00:00,2016-10-11 01:00:00,12,Beijing,Transformer,134.72728,86.70131,test
2016-10-10 14:00:00,2016-10-11 02:00:00,12,Beijing,Transformer,132.27272,86.97156,test
2016-10-10 15:00:00,2016-10-11 03:00:00,12,Beijing,Transformer,126.90909,79.12175,test
2016-10-10 16:00:00,2016-10-11 04:00:00,12,Beijing,Transformer,123.90909,81.95839,test
2016-10-10 17:00:00,2016-10-11 05:00:00,12,Beijing,Transformer,118.454544,81.15152,test
2016-10-10 18:00:00,2016-10-11 06:00:00,12,Beijing,Transformer,117.181816,79.76152,test
2016-10-10 19:00:00,2016-10-11 07:00:00,12,Beijing,Transformer,116.454544,76.00625,test
2016-10-10 20:00:00,2016-10-11 08:00:00,12,Beijing,Transformer,117.181816,80.162865,test
2016-10-10 21:00:00,2016-10-11 09:00:00,12,Beijing,Transformer,113.63637,65.64808,test
2016-10-10 22:00:00,2016-10-11 10:00:00,12,Beijing,Transformer,103.545456,56.460102,test
2016-10-10 23:00:00,2016-10-11 11:00:00,12,Beijing,Transformer,103.63637,59.98984,test
2016-10-11 00:00:00,2016-10-11 12:00:00,12,Beijing,Transformer,118.09091,61.20201,test
2016-10-11 01:00:00,2016-10-11 13:00:00,12,Beijing,Transformer,129.81818,58.11475,test
2016-10-11 02:00:00,2016-10-11 14:00:00,12,Beijing,Transformer,148.27272,56.397007,test
2016-10-11 03:00:00,2016-10-11 15:00:00,12,Beijing,Transformer,150.90909,95.59536,test
2016-10-11 04:00:00,2016-10-11 16:00:00,12,Beijing,Transformer,146.54546,97.83166,test
2016-10-11 05:00:00,2016-10-11 17:00:00,12,Beijing,Transformer,125.181816,70.4857,test
2016-10-11 06:00:00,2016-10-11 18:00:00,12,Beijing,Transformer,118.36363,74.15798,test
2016-10-11 07:00:00,2016-10-11 19:00:00,12,Beijing,Transformer,116.454544,67.44113,test
2016-10-11 08:00:00,2016-10-11 20:00:00,12,Beijing,Transformer,104.181816,74.87271,test
2016-10-11 09:00:00,2016-10-11 21:00:00,12,Beijing,Transformer,86.454544,88.82953,test
2016-10-11 10:00:00,2016-10-11 22:00:00,12,Beijing,Transformer,67.36363,106.5863,test
2016-10-11 11:00:00,2016-10-11 23:00:00,12,Beijing,Transformer,57.272728,98.53992,test
2016-10-11 12:00:00,2016-10-12 00:00:00,12,Beijing,Transformer,54.363636,159.17958,test
2016-10-11 13:00:00,2016-10-12 01:00:00,12,Beijing,Transformer,54.636364,192.95757,test
2016-10-11 14:00:00,2016-10-12 02:00:00,12,Beijing,Transformer,52.636364,195.00487,test
2016-10-11 15:00:00,2016-10-12 03:00:00,12,Beijing,Transformer,49.363636,193.67978,test
2016-10-11 16:00:00,2016-10-12 04:00:00,12,Beijing,Transformer,49.636364,167.04567,test
2016-10-11 17:00:00,2016-10-12 05:00:00,12,Beijing,Transformer,54.090908,155.98756,test
2016-10-11 18:00:00,2016-10-12 06:00:00,12,Beijing,Transformer,56.363636,153.84464,test
2016-10-11 19:00:00,2016-10-12 07:00:00,12,Beijing,Transformer,57.454544,143.37268,test
2016-10-11 20:00:00,2016-10-12 08:00:00,12,Beijing,Transformer,61.545456,142.42162,test
2016-10-11 21:00:00,2016-10-12 09:00:00,12,Beijing,Transformer,62.545456,96.0952,test
2016-10-11 22:00:00,2016-10-12 10:00:00,12,Beijing,Transformer,66.57576,52.81203,test
2016-10-11 23:00:00,2016-10-12 11:00:00,12,Beijing,Transformer,70.87879,50.426468,test
2016-10-12 00:00:00,2016-10-12 12:00:00,12,Beijing,Transformer,77.954544,62.14404,test
2016-10-12 01:00:00,2016-10-12 13:00:00,12,Beijing,Transformer,87.181816,74.433914,test
2016-10-12 02:00:00,2016-10-12 14:00:00,12,Beijing,Transformer,92.13637,77.76769,test
2016-10-12 03:00:00,2016-10-12 15:00:00,12,Beijing,Transformer,96.454544,73.28583,test
2016-10-12 04:00:00,2016-10-12 16:00:00,12,Beijing,Transformer,95.72727,61.125843,test
2016-10-12 05:00:00,2016-10-12 17:00:00,12,Beijing,Transformer,87.545456,65.18276,test
2016-10-12 06:00:00,2016-10-12 18:00:00,12,Beijing,Transformer,87.27273,77.71136,test
2016-10-12 07:00:00,2016-10-12 19:00:00,12,Beijing,Transformer,94.0,76.61036,test
2016-10-12 08:00:00,2016-10-12 20:00:00,12,Beijing,Transformer,102.27273,76.46599,test
2016-10-12 09:00:00,2016-10-12 21:00:00,12,Beijing,Transformer,109.36363,75.43118,test
2016-10-12 10:00:00,2016-10-12 22:00:00,12,Beijing,Transformer,117.454544,91.27564,test
2016-10-12 11:00:00,2016-10-12 23:00:00,12,Beijing,Transformer,119.63637,110.55767,test
2016-10-12 12:00:00,2016-10-13 00:00:00,12,Beijing,Transformer,119.545456,120.31944,test
2016-10-12 13:00:00,2016-10-13 01:00:00,12,Beijing,Transformer,118.72727,120.4922,test
2016-10-12 14:00:00,2016-10-13 02:00:00,12,Beijing,Transformer,117.27273,119.33087,test
2016-10-12 15:00:00,2016-10-13 03:00:00,12,Beijing,Transformer,115.0,112.19853,test
2016-10-12 16:00:00,2016-10-13 04:00:00,12,Beijing,Transformer,106.181816,102.60502,test
2016-10-12 17:00:00,2016-10-13 05:00:00,12,Beijing,Transformer,101.0,103.706856,test
2016-10-12 18:00:00,2016-10-13 06:00:00,12,Beijing,Transformer,100.545456,98.50788,test
2016-10-12 19:00:00,2016-10-13 07:00:00,12,Beijing,Transformer,100.27273,96.97274,test
2016-10-12 20:00:00,2016-10-13 08:00:00,12,Beijing,Transformer,103.36363,105.18421,test
2016-10-12 21:00:00,2016-10-13 09:00:00,12,Beijing,Transformer,119.27273,117.90085,test
2016-10-12 22:00:00,2016-10-13 10:00:00,12,Beijing,Transformer,132.18182,126.09325,test
2016-10-12 23:00:00,2016-10-13 11:00:00,12,Beijing,Transformer,139.79546,141.57283,test
2016-10-13 00:00:00,2016-10-13 12:00:00,12,Beijing,Transformer,151.68182,160.1033,test
2016-10-13 01:00:00,2016-10-13 13:00:00,12,Beijing,Transformer,160.65909,153.67389,test
2016-10-13 02:00:00,2016-10-13 14:00:00,12,Beijing,Transformer,165.18182,150.82657,test
2016-10-13 03:00:00,2016-10-13 15:00:00,12,Beijing,Transformer,167.90909,169.61269,test
2016-10-13 04:00:00,2016-10-13 16:00:00,12,Beijing,Transformer,159.72728,176.4547,test
2016-10-13 05:00:00,2016-10-13 17:00:00,12,Beijing,Transformer,173.5,193.77542,test
2016-10-13 06:00:00,2016-10-13 18:00:00,12,Beijing,Transformer,183.91667,195.07863,test
2016-10-13 07:00:00,2016-10-13 19:00:00,12,Beijing,Transformer,203.83333,195.07758,test
2016-10-13 08:00:00,2016-10-13 20:00:00,12,Beijing,Transformer,214.5,195.07376,test
2016-10-13 09:00:00,2016-10-13 21:00:00,12,Beijing,Transformer,218.16667,195.07326,test
2016-10-13 10:00:00,2016-10-13 22:00:00,12,Beijing,Transformer,215.83333,195.06683,test
2016-10-13 11:00:00,2016-10-13 23:00:00,12,Beijing,Transformer,216.41667,195.06535,test
2016-10-13 12:00:00,2016-10-14 00:00:00,12,Beijing,Transformer,212.33333,195.06644,test
2016-10-13 13:00:00,2016-10-14 01:00:00,12,Beijing,Transformer,207.08333,195.06662,test
2016-10-13 14:00:00,2016-10-14 02:00:00,12,Beijing,Transformer,202.25,195.06598,test
2016-10-13 15:00:00,2016-10-14 03:00:00,12,Beijing,Transformer,195.5,195.06866,test
2016-10-13 16:00:00,2016-10-14 04:00:00,12,Beijing,Transformer,194.25,195.07861,test
2016-10-13 17:00:00,2016-10-14 05:00:00,12,Beijing,Transformer,187.83333,195.08437,test
2016-10-13 18:00:00,2016-10-14 06:00:00,12,Beijing,Transformer,185.58333,191.62749,test
2016-10-13 19:00:00,2016-10-14 07:00:00,12,Beijing,Transformer,178.75,195.0908,test
2016-10-13 20:00:00,2016-10-14 08:00:00,12,Beijing,Transformer,176.33333,195.08003,test
2016-10-13 21:00:00,2016-10-14 09:00:00,12,Beijing,Transformer,194.25,195.03888,test
2016-10-13 22:00:00,2016-10-14 10:00:00,12,Beijing,Transformer,235.08333,189.4341,test
2016-10-13 23:00:00,2016-10-14 11:00:00,12,Beijing,Transformer,262.19446,186.87923,test
2016-10-14 00:00:00,2016-10-14 12:00:00,12,Beijing,Transformer,269.1389,194.54695,test
2016-10-14 01:00:00,2016-10-14 13:00:00,12,Beijing,Transformer,271.82083,185.27005,test
2016-10-14 02:00:00,2016-10-14 14:00:00,12,Beijing,Transformer,292.69724,192.65776,test
2016-10-14 03:00:00,2016-10-14 15:00:00,12,Beijing,Transformer,287.28485,195.04224,test
2016-10-14 04:00:00,2016-10-14 16:00:00,12,Beijing,Transformer,259.76666,195.08269,test
2016-10-14 05:00:00,2016-10-14 17:00:00,12,Beijing,Transformer,233.91667,195.07402,test
2016-10-14 06:00:00,2016-10-14 18:00:00,12,Beijing,Transformer,230.0,195.07521,test
2016-10-14 07:00:00,2016-10-14 19:00:00,12,Beijing,Transformer,247.03703,195.07796,test
2016-10-14 08:00:00,2016-10-14 20:00:00,12,Beijing,Transformer,265.85184,195.07878,test
2016-10-14 09:00:00,2016-10-14 21:00:00,12,Beijing,Transformer,255.77777,195.0772,test
2016-10-14 10:00:00,2016-10-14 22:00:00,12,Beijing,Transformer,253.25926,195.07655,test
2016-10-14 11:00:00,2016-10-14 23:00:00,12,Beijing,Transformer,255.46666,195.07466,test
2016-10-14 12:00:00,2016-10-15 00:00:00,12,Beijing,Transformer,250.33333,195.07317,test
2016-10-14 13:00:00,2016-10-15 01:00:00,12,Beijing,Transformer,228.41667,195.07109,test
2016-10-14 14:00:00,2016-10-15 02:00:00,12,Beijing,Transformer,221.29167,195.0698,test
2016-10-14 15:00:00,2016-10-15 03:00:00,12,Beijing,Transformer,214.16667,195.06673,test
2016-10-14 16:00:00,2016-10-15 04:00:00,12,Beijing,Transformer,210.5,195.0688,test
2016-10-14 17:00:00,2016-10-15 05:00:00,12,Beijing,Transformer,204.66667,195.06874,test
2016-10-14 18:00:00,2016-10-15 06:00:00,12,Beijing,Transformer,194.125,195.0685,test
2016-10-14 19:00:00,2016-10-15 07:00:00,12,Beijing,Transformer,178.5,195.07484,test
2016-10-14 20:00:00,2016-10-15 08:00:00,12,Beijing,Transformer,160.41667,195.06836,test
2016-10-14 21:00:00,2016-10-15 09:00:00,12,Beijing,Transformer,161.16667,195.06847,test
2016-10-14 22:00:00,2016-10-15 10:00:00,12,Beijing,Transformer,172.41667,192.23059,test
2016-10-14 23:00:00,2016-10-15 11:00:00,12,Beijing,Transformer,183.66667,195.08293,test
2016-10-15 00:00:00,2016-10-15 12:00:00,12,Beijing,Transformer,182.5,195.07713,test
2016-10-15 01:00:00,2016-10-15 13:00:00,12,Beijing,Transformer,183.70833,191.61278,test
2016-10-15 02:00:00,2016-10-15 14:00:00,12,Beijing,Transformer,188.91667,195.08986,test
2016-10-15 03:00:00,2016-10-15 15:00:00,12,Beijing,Transformer,189.0,195.07915,test
2016-10-15 04:00:00,2016-10-15 16:00:00,12,Beijing,Transformer,185.33333,195.08078,test
2016-10-15 05:00:00,2016-10-15 17:00:00,12,Beijing,Transformer,184.91667,195.07765,test
2016-10-15 06:00:00,2016-10-15 18:00:00,12,Beijing,Transformer,183.41667,195.07785,test
2016-10-15 07:00:00,2016-10-15 19:00:00,12,Beijing,Transformer,186.75,195.07454,test
2016-10-15 08:00:00,2016-10-15 20:00:00,12,Beijing,Transformer,187.25,195.08302,test
2016-10-15 09:00:00,2016-10-15 21:00:00,12,Beijing,Transformer,183.83333,195.07152,test
2016-10-15 10:00:00,2016-10-15 22:00:00,12,Beijing,Transformer,179.58333,195.06618,test
2016-10-15 11:00:00,2016-10-15 23:00:00,12,Beijing,Transformer,173.25,195.06544,test
2016-10-15 12:00:00,2016-10-16 00:00:00,12,Beijing,Transformer,170.75,195.06685,test
2016-10-15 13:00:00,2016-10-16 01:00:00,12,Beijing,Transformer,150.41667,195.06934,test
2016-10-15 14:00:00,2016-10-16 02:00:00,12,Beijing,Transformer,139.33333,195.07103,test
2016-10-15 15:00:00,2016-10-16 03:00:00,12,Beijing,Transformer,127.083336,195.07262,test
2016-10-15 16:00:00,2016-10-16 04:00:00,12,Beijing,Transformer,120.5,195.0702,test
2016-10-15 17:00:00,2016-10-16 05:00:00,12,Beijing,Transformer,118.166664,167.80644,test
2016-10-15 18:00:00,2016-10-16 06:00:00,12,Beijing,Transformer,117.166664,180.80974,test
2016-10-15 19:00:00,2016-10-16 07:00:00,12,Beijing,Transformer,115.916664,184.89107,test
2016-10-15 20:00:00,2016-10-16 08:00:00,12,Beijing,Transformer,117.083336,180.72148,test
2016-10-15 21:00:00,2016-10-16 09:00:00,12,Beijing,Transformer,123.916664,111.213394,test
2016-10-15 22:00:00,2016-10-16 10:00:00,12,Beijing,Transformer,136.58333,106.671425,test
2016-10-15 23:00:00,2016-10-16 11:00:00,12,Beijing,Transformer,141.66667,63.63784,test
2016-10-16 00:00:00,2016-10-16 12:00:00,12,Beijing,Transformer,135.91667,92.258705,test
2016-10-16 01:00:00,2016-10-16 13:00:00,12,Beijing,Transformer,125.583336,74.561775,test
2016-10-16 02:00:00,2016-10-16 14:00:00,12,Beijing,Transformer,110.75,79.35124,test
2016-10-16 03:00:00,2016-10-16 15:00:00,12,Beijing,Transformer,99.083336,46.752483,test
2016-10-16 04:00:00,2016-10-16 16:00:00,12,Beijing,Transformer,93.583336,56.33949,test
2016-10-16 05:00:00,2016-10-16 17:00:00,12,Beijing,Transformer,90.75,60.291016,test
2016-10-16 06:00:00,2016-10-16 18:00:00,12,Beijing,Transformer,93.75,92.159225,test
2016-10-16 07:00:00,2016-10-16 19:00:00,12,Beijing,Transformer,100.916664,126.364746,test
2016-10-16 08:00:00,2016-10-16 20:00:00,12,Beijing,Transformer,107.833336,75.537735,test
2016-10-16 09:00:00,2016-10-16 21:00:00,12,Beijing,Transformer,113.166664,82.57037,test
2016-10-16 10:00:00,2016-10-16 22:00:00,12,Beijing,Transformer,119.75,99.48375,test
2016-10-16 11:00:00,2016-10-16 23:00:00,12,Beijing,Transformer,118.416664,117.59932,test
2016-10-16 12:00:00,2016-10-17 00:00:00,12,Beijing,Transformer,118.583336,108.6118,test
2016-10-16 13:00:00,2016-10-17 01:00:00,12,Beijing,Transformer,113.0,94.65179,test
2016-10-16 14:00:00,2016-10-17 02:00:00,12,Beijing,Transformer,105.25,85.26734,test
2016-10-16 15:00:00,2016-10-17 03:00:00,12,Beijing,Transformer,94.916664,62.348618,test
2016-10-16 16:00:00,2016-10-17 04:00:00,12,Beijing,Transformer,84.916664,57.147175,test
2016-10-16 17:00:00,2016-10-17 05:00:00,12,Beijing,Transformer,69.166664,63.850468,test
2016-10-16 18:00:00,2016-10-17 06:00:00,12,Beijing,Transformer,48.083332,84.98747,test
2016-10-16 19:00:00,2016-10-17 07:00:00,12,Beijing,Transformer,51.083332,91.61934,test
2016-10-16 20:00:00,2016-10-17 08:00:00,12,Beijing,Transformer,54.833332,77.29758,test
2016-10-16 21:00:00,2016-10-17 09:00:00,12,Beijing,Transformer,53.25,78.983536,test
2016-10-16 22:00:00,2016-10-17 10:00:00,12,Beijing,Transformer,39.541668,76.37785,test
2016-10-16 23:00:00,2016-10-17 11:00:00,12,Beijing,Transformer,26.5,51.62092,test
2016-10-17 00:00:00,2016-10-17 12:00:00,12,Beijing,Transformer,27.25,38.233227,test
2016-10-17 01:00:00,2016-10-17 13:00:00,12,Beijing,Transformer,25.5,22.998575,test
2016-10-17 02:00:00,2016-10-17 14:00:00,12,Beijing,Transformer,24.5,23.381214,test
2016-10-17 03:00:00,2016-10-17 15:00:00,12,Beijing,Transformer,25.916668,21.096222,test
2016-10-17 04:00:00,2016-10-17 16:00:00,12,Beijing,Transformer,32.833332,19.06754,test
2016-10-17 05:00:00,2016-10-17 17:00:00,12,Beijing,Transformer,40.166668,14.558898,test
2016-10-17 06:00:00,2016-10-17 18:00:00,12,Beijing,Transformer,43.5,14.898478,test
2016-10-17 07:00:00,2016-10-17 19:00:00,12,Beijing,Transformer,52.416668,19.04614,test
2016-10-17 08:00:00,2016-10-17 20:00:00,12,Beijing,Transformer,57.083332,33.1757,test
2016-10-17 09:00:00,2016-10-17 21:00:00,12,Beijing,Transformer,70.583336,31.490911,test
2016-10-17 10:00:00,2016-10-17 22:00:00,12,Beijing,Transformer,90.333336,28.190144,test
2016-10-17 11:00:00,2016-10-17 23:00:00,12,Beijing,Transformer,95.916664,25.841715,test
2016-10-17 12:00:00,2016-10-18 00:00:00,12,Beijing,Transformer,100.75,31.162453,test
2016-10-17 13:00:00,2016-10-18 01:00:00,12,Beijing,Transformer,96.916664,41.892475,test
2016-10-17 14:00:00,2016-10-18 02:00:00,12,Beijing,Transformer,91.583336,45.03494,test
2016-10-17 15:00:00,2016-10-18 03:00:00,12,Beijing,Transformer,84.166664,42.65257,test
2016-10-17 16:00:00,2016-10-18 04:00:00,12,Beijing,Transformer,70.75,40.753872,test
2016-10-17 17:00:00,2016-10-18 05:00:00,12,Beijing,Transformer,64.0,37.41056,test
2016-10-17 18:00:00,2016-10-18 06:00:00,12,Beijing,Transformer,65.833336,38.768154,test
2016-10-17 19:00:00,2016-10-18 07:00:00,12,Beijing,Transformer,68.0,40.870243,test
2016-10-17 20:00:00,2016-10-18 08:00:00,12,Beijing,Transformer,72.666664,31.407017,test
2016-10-17 21:00:00,2016-10-18 09:00:00,12,Beijing,Transformer,77.0,41.99438,test
2016-10-17 22:00:00,2016-10-18 10:00:00,12,Beijing,Transformer,87.583336,66.01557,test
2016-10-17 23:00:00,2016-10-18 11:00:00,12,Beijing,Transformer,98.083336,76.40498,test
2016-10-18 00:00:00,2016-10-18 12:00:00,12,Beijing,Transformer,111.416664,83.136406,test
2016-10-18 01:00:00,2016-10-18 13:00:00,12,Beijing,Transformer,121.916664,86.87546,test
2016-10-18 02:00:00,2016-10-18 14:00:00,12,Beijing,Transformer,132.83333,75.27733,test
2016-10-18 03:00:00,2016-10-18 15:00:00,12,Beijing,Transformer,141.36111,72.556305,test
2016-10-18 04:00:00,2016-10-18 16:00:00,12,Beijing,Transformer,142.38889,65.15596,test
2016-10-18 05:00:00,2016-10-18 17:00:00,12,Beijing,Transformer,146.33333,66.2025,test
2016-10-18 06:00:00,2016-10-18 18:00:00,12,Beijing,Transformer,157.16667,84.03711,test
2016-10-18 07:00:00,2016-10-18 19:00:00,12,Beijing,Transformer,167.33333,88.92149,test
2016-10-18 08:00:00,2016-10-18 20:00:00,12,Beijing,Transformer,173.66667,88.293755,test
2016-10-18 09:00:00,2016-10-18 21:00:00,12,Beijing,Transformer,178.83333,87.835526,test
2016-10-18 10:00:00,2016-10-18 22:00:00,12,Beijing,Transformer,183.16667,95.60967,test
2016-10-18 11:00:00,2016-10-18 23:00:00,12,Beijing,Transformer,189.16667,133.07854,test
2016-10-18 12:00:00,2016-10-19 00:00:00,12,Beijing,Transformer,185.16667,150.4781,test
2016-10-18 13:00:00,2016-10-19 01:00:00,12,Beijing,Transformer,188.75,160.95393,test
2016-10-18 14:00:00,2016-10-19 02:00:00,12,Beijing,Transformer,186.16667,169.18176,test
2016-10-18 15:00:00,2016-10-19 03:00:00,12,Beijing,Transformer,189.0,170.69995,test
2016-10-18 16:00:00,2016-10-19 04:00:00,12,Beijing,Transformer,191.29167,170.71474,test
2016-10-18 17:00:00,2016-10-19 05:00:00,12,Beijing,Transformer,185.25,175.53993,test
2016-10-18 18:00:00,2016-10-19 06:00:00,12,Beijing,Transformer,176.66667,163.68895,test
2016-10-18 19:00:00,2016-10-19 07:00:00,12,Beijing,Transformer,173.16667,180.17238,test
2016-10-18 20:00:00,2016-10-19 08:00:00,12,Beijing,Transformer,172.25,172.97072,test
2016-10-18 21:00:00,2016-10-19 09:00:00,12,Beijing,Transformer,195.5,187.82985,test
2016-10-18 22:00:00,2016-10-19 10:00:00,12,Beijing,Transformer,218.08333,189.18817,test
2016-10-18 23:00:00,2016-10-19 11:00:00,12,Beijing,Transformer,230.25,192.34276,test
2016-10-19 00:00:00,2016-10-19 12:00:00,12,Beijing,Transformer,237.91667,193.62167,test
2016-10-19 01:00:00,2016-10-19 13:00:00,12,Beijing,Transformer,249.41667,194.74171,test
2016-10-19 02:00:00,2016-10-19 14:00:00,12,Beijing,Transformer,272.95834,194.99791,test
2016-10-19 03:00:00,2016-10-19 15:00:00,12,Beijing,Transformer,270.08334,195.08434,test
2016-10-19 04:00:00,2016-10-19 16:00:00,12,Beijing,Transformer,257.54166,195.08232,test
2016-10-19 05:00:00,2016-10-19 17:00:00,12,Beijing,Transformer,266.41666,195.08412,test
2016-10-19 06:00:00,2016-10-19 18:00:00,12,Beijing,Transformer,261.08334,195.08496,test
2016-10-19 07:00:00,2016-10-19 19:00:00,12,Beijing,Transformer,255.16667,195.08888,test
2016-10-19 08:00:00,2016-10-19 20:00:00,12,Beijing,Transformer,247.91667,195.09239,test
2016-10-19 09:00:00,2016-10-19 21:00:00,12,Beijing,Transformer,235.75,195.09436,test
2016-10-19 10:00:00,2016-10-19 22:00:00,12,Beijing,Transformer,231.66667,195.09431,test
2016-10-19 11:00:00,2016-10-19 23:00:00,12,Beijing,Transformer,228.58333,195.09361,test
2016-10-19 12:00:00,2016-10-20 00:00:00,12,Beijing,Transformer,225.5,195.09142,test
2016-10-19 13:00:00,2016-10-20 01:00:00,12,Beijing,Transformer,223.41667,195.08511,test
2016-10-19 14:00:00,2016-10-20 02:00:00,12,Beijing,Transformer,232.41667,195.08168,test
2016-10-19 15:00:00,2016-10-20 03:00:00,12,Beijing,Transformer,241.0,195.07959,test
2016-10-19 16:00:00,2016-10-20 04:00:00,12,Beijing,Transformer,241.75,195.07713,test
2016-10-19 17:00:00,2016-10-20 05:00:00,12,Beijing,Transformer,235.75,195.07591,test
2016-10-19 18:00:00,2016-10-20 06:00:00,12,Beijing,Transformer,140.25,195.07524,test
2016-10-19 19:00:00,2016-10-20 07:00:00,12,Beijing,Transformer,70.5,195.07587,test
2016-10-19 20:00:00,2016-10-20 08:00:00,12,Beijing,Transformer,51.333332,195.07642,test
2016-10-19 21:00:00,2016-10-20 09:00:00,12,Beijing,Transformer,44.583332,195.07718,test
2016-10-19 22:00:00,2016-10-20 10:00:00,12,Beijing,Transformer,43.833332,195.07104,test
2016-10-19 23:00:00,2016-10-20 11:00:00,12,Beijing,Transformer,39.416668,195.06453,test
2016-10-20 00:00:00,2016-10-20 12:00:00,12,Beijing,Transformer,38.833332,195.0771,test
2016-10-20 01:00:00,2016-10-20 13:00:00,12,Beijing,Transformer,39.416668,195.0732,test
2016-10-20 02:00:00,2016-10-20 14:00:00,12,Beijing,Transformer,40.5,195.07819,test
2016-10-20 03:00:00,2016-10-20 15:00:00,12,Beijing,Transformer,39.833332,195.07896,test
2016-10-20 04:00:00,2016-10-20 16:00:00,12,Beijing,Transformer,39.416668,106.56102,test
2016-10-20 05:00:00,2016-10-20 17:00:00,12,Beijing,Transformer,41.583332,29.391172,test
2016-10-20 06:00:00,2016-10-20 18:00:00,12,Beijing,Transformer,46.25,16.228401,test
2016-10-20 07:00:00,2016-10-20 19:00:00,12,Beijing,Transformer,45.333332,15.922256,test
2016-10-20 08:00:00,2016-10-20 20:00:00,12,Beijing,Transformer,45.0,15.222599,test
2016-10-20 09:00:00,2016-10-20 21:00:00,12,Beijing,Transformer,41.5,16.094606,test
2016-10-20 10:00:00,2016-10-20 22:00:00,12,Beijing,Transformer,40.25,19.025063,test
2016-10-20 11:00:00,2016-10-20 23:00:00,12,Beijing,Transformer,38.833332,21.136238,test
2016-10-20 12:00:00,2016-10-21 00:00:00,12,Beijing,Transformer,36.833332,22.028353,test
2016-10-20 13:00:00,2016-10-21 01:00:00,12,Beijing,Transformer,36.583332,23.095966,test
2016-10-20 14:00:00,2016-10-21 02:00:00,12,Beijing,Transformer,36.166668,25.793829,test
2016-10-20 15:00:00,2016-10-21 03:00:00,12,Beijing,Transformer,38.333332,28.02003,test
2016-10-20 16:00:00,2016-10-21 04:00:00,12,Beijing,Transformer,40.833332,27.954948,test
2016-10-20 17:00:00,2016-10-21 05:00:00,12,Beijing,Transformer,41.5,25.824486,test
2016-10-20 18:00:00,2016-10-21 06:00:00,12,Beijing,Transformer,41.5,13.557154,test
2016-10-20 19:00:00,2016-10-21 07:00:00,12,Beijing,Transformer,41.333332,13.457018,test
2016-10-20 20:00:00,2016-10-21 08:00:00,12,Beijing,Transformer,40.583332,14.173239,test
2016-10-20 21:00:00,2016-10-21 09:00:00,12,Beijing,Transformer,41.75,15.24777,test
2016-10-20 22:00:00,2016-10-21 10:00:00,12,Beijing,Transformer,46.333332,16.126053,test
2016-10-20 23:00:00,2016-10-21 11:00:00,12,Beijing,Transformer,49.416668,15.9060335,test
2016-10-21 00:00:00,2016-10-21 12:00:00,12,Beijing,Transformer,51.25,16.779932,test
2016-10-21 01:00:00,2016-10-21 13:00:00,12,Beijing,Transformer,54.5,19.090025,test
2016-10-21 02:00:00,2016-10-21 14:00:00,12,Beijing,Transformer,56.583332,20.825573,test
2016-10-21 03:00:00,2016-10-21 15:00:00,12,Beijing,Transformer,57.5,24.225058,test
2016-10-21 04:00:00,2016-10-21 16:00:00,12,Beijing,Transformer,54.75,27.176548,test
2016-10-21 05:00:00,2016-10-21 17:00:00,12,Beijing,Transformer,48.333332,30.060236,test
2016-10-21 06:00:00,2016-10-21 18:00:00,12,Beijing,Transformer,42.833332,33.8987,test
2016-10-21 07:00:00,2016-10-21 19:00:00,12,Beijing,Transformer,39.75,44.232918,test
2016-10-21 08:00:00,2016-10-21 20:00:00,12,Beijing,Transformer,40.083332,34.438038,test
2016-10-21 09:00:00,2016-10-21 21:00:00,12,Beijing,Transformer,34.166668,35.674355,test
2016-10-21 10:00:00,2016-10-21 22:00:00,12,Beijing,Transformer,32.75,33.626694,test
2016-10-21 11:00:00,2016-10-21 23:00:00,12,Beijing,Transformer,31.5,37.686325,test
2016-10-21 12:00:00,2016-10-22 00:00:00,12,Beijing,Transformer,29.083332,41.226242,test
2016-10-21 13:00:00,2016-10-22 01:00:00,12,Beijing,Transformer,27.666668,48.13869,test
2016-10-21 14:00:00,2016-10-22 02:00:00,12,Beijing,Transformer,25.666668,46.046474,test
2016-10-21 15:00:00,2016-10-22 03:00:00,12,Beijing,Transformer,22.833332,41.76905,test
2016-10-21 16:00:00,2016-10-22 04:00:00,12,Beijing,Transformer,19.083332,35.814213,test
2016-10-21 17:00:00,2016-10-22 05:00:00,12,Beijing,Transformer,16.083332,27.89902,test
2016-10-21 18:00:00,2016-10-22 06:00:00,12,Beijing,Transformer,16.333332,20.297531,test
2016-10-21 19:00:00,2016-10-22 07:00:00,12,Beijing,Transformer,11.333333,15.095723,test
2016-10-21 20:00:00,2016-10-22 08:00:00,12,Beijing,Transformer,9.666667,15.16584,test
2016-10-21 21:00:00,2016-10-22 09:00:00,12,Beijing,Transformer,10.833333,14.600137,test
2016-10-21 22:00:00,2016-10-22 10:00:00,12,Beijing,Transformer,8.5,15.446358,test
2016-10-21 23:00:00,2016-10-22 11:00:00,12,Beijing,Transformer,6.416667,16.214203,test
2016-10-22 00:00:00,2016-10-22 12:00:00,12,Beijing,Transformer,5.916667,17.12688,test
2016-10-22 01:00:00,2016-10-22 13:00:00,12,Beijing,Transformer,7.916667,17.079346,test
2016-10-22 02:00:00,2016-10-22 14:00:00,12,Beijing,Transformer,9.916667,16.427702,test
2016-10-22 03:00:00,2016-10-22 15:00:00,12,Beijing,Transformer,7.083333,16.887226,test
2016-10-22 04:00:00,2016-10-22 16:00:00,12,Beijing,Transformer,10.0,15.805836,test
2016-10-22 05:00:00,2016-10-22 17:00:00,12,Beijing,Transformer,9.25,14.201309,test
2016-10-22 06:00:00,2016-10-22 18:00:00,12,Beijing,Transformer,11.0,16.44917,test
2016-10-22 07:00:00,2016-10-22 19:00:00,12,Beijing,Transformer,13.833333,17.345768,test
2016-10-22 08:00:00,2016-10-22 20:00:00,12,Beijing,Transformer,14.25,18.53071,test
2016-10-22 09:00:00,2016-10-22 21:00:00,12,Beijing,Transformer,15.666667,17.742214,test
2016-10-22 10:00:00,2016-10-22 22:00:00,12,Beijing,Transformer,17.75,18.085552,test
2016-10-22 11:00:00,2016-10-22 23:00:00,12,Beijing,Transformer,21.5,18.816914,test
2016-10-22 12:00:00,2016-10-23 00:00:00,12,Beijing,Transformer,21.833332,22.664375,test
2016-10-22 13:00:00,2016-10-23 01:00:00,12,Beijing,Transformer,21.416668,27.528732,test
2016-10-22 14:00:00,2016-10-23 02:00:00,12,Beijing,Transformer,23.583332,27.851824,test
2016-10-22 15:00:00,2016-10-23 03:00:00,12,Beijing,Transformer,26.25,26.992067,test
2016-10-22 16:00:00,2016-10-23 04:00:00,12,Beijing,Transformer,22.166668,21.251215,test
2016-10-22 17:00:00,2016-10-23 05:00:00,12,Beijing,Transformer,23.5,20.312454,test
2016-10-22 18:00:00,2016-10-23 06:00:00,12,Beijing,Transformer,22.416668,18.245752,test
2016-10-22 19:00:00,2016-10-23 07:00:00,12,Beijing,Transformer,22.833332,16.126787,test
2016-10-22 20:00:00,2016-10-23 08:00:00,12,Beijing,Transformer,23.416668,16.636513,test
2016-10-22 21:00:00,2016-10-23 09:00:00,12,Beijing,Transformer,22.0,18.36332,test
2016-10-22 22:00:00,2016-10-23 10:00:00,12,Beijing,Transformer,21.333332,21.127201,test
2016-10-22 23:00:00,2016-10-23 11:00:00,12,Beijing,Transformer,21.333332,20.253588,test
2016-10-23 00:00:00,2016-10-23 12:00:00,12,Beijing,Transformer,21.583332,19.97042,test
2016-10-23 01:00:00,2016-10-23 13:00:00,12,Beijing,Transformer,23.25,22.265247,test
2016-10-23 02:00:00,2016-10-23 14:00:00,12,Beijing,Transformer,23.5,26.889973,test
2016-10-23 03:00:00,2016-10-23 15:00:00,12,Beijing,Transformer,25.0,25.409603,test
2016-10-23 04:00:00,2016-10-23 16:00:00,12,Beijing,Transformer,26.75,32.474564,test
2016-10-23 05:00:00,2016-10-23 17:00:00,12,Beijing,Transformer,27.416668,34.352703,test
2016-10-23 06:00:00,2016-10-23 18:00:00,12,Beijing,Transformer,27.75,40.133793,test
2016-10-23 07:00:00,2016-10-23 19:00:00,12,Beijing,Transformer,33.083332,48.736965,test
2016-10-23 08:00:00,2016-10-23 20:00:00,12,Beijing,Transformer,35.416668,44.827824,test
2016-10-23 09:00:00,2016-10-23 21:00:00,12,Beijing,Transformer,37.333332,42.368248,test
2016-10-23 10:00:00,2016-10-23 22:00:00,12,Beijing,Transformer,42.166668,40.349678,test
2016-10-23 11:00:00,2016-10-23 23:00:00,12,Beijing,Transformer,42.25,48.32834,test
2016-10-23 12:00:00,2016-10-24 00:00:00,12,Beijing,Transformer,45.25,57.795662,test
2016-10-23 13:00:00,2016-10-24 01:00:00,12,Beijing,Transformer,47.916668,64.59,test
2016-10-23 14:00:00,2016-10-24 02:00:00,12,Beijing,Transformer,45.083332,65.224754,test
2016-10-23 15:00:00,2016-10-24 03:00:00,12,Beijing,Transformer,42.833332,59.531876,test
2016-10-23 16:00:00,2016-10-24 04:00:00,12,Beijing,Transformer,43.416668,62.09495,test
2016-10-23 17:00:00,2016-10-24 05:00:00,12,Beijing,Transformer,41.666668,59.055454,test
2016-10-23 18:00:00,2016-10-24 06:00:00,12,Beijing,Transformer,37.333332,37.33462,test
2016-10-23 19:00:00,2016-10-24 07:00:00,12,Beijing,Transformer,33.5,26.5336,test
2016-10-23 20:00:00,2016-10-24 08:00:00,12,Beijing,Transformer,30.5,31.067558,test
2016-10-23 21:00:00,2016-10-24 09:00:00,12,Beijing,Transformer,34.583332,27.058903,test
2016-10-23 22:00:00,2016-10-24 10:00:00,12,Beijing,Transformer,42.333332,29.699415,test
2016-10-23 23:00:00,2016-10-24 11:00:00,12,Beijing,Transformer,49.0,24.313683,test
2016-10-24 00:00:00,2016-10-24 12:00:00,12,Beijing,Transformer,56.666668,37.776302,test
2016-10-24 01:00:00,2016-10-24 13:00:00,12,Beijing,Transformer,66.583336,46.64534,test
2016-10-24 02:00:00,2016-10-24 14:00:00,12,Beijing,Transformer,74.416664,49.424023,test
2016-10-24 03:00:00,2016-10-24 15:00:00,12,Beijing,Transformer,78.333336,51.247505,test
2016-10-24 04:00:00,2016-10-24 16:00:00,12,Beijing,Transformer,78.0,51.908493,test
2016-10-24 05:00:00,2016-10-24 17:00:00,12,Beijing,Transformer,84.583336,57.084415,test
2016-10-24 06:00:00,2016-10-24 18:00:00,12,Beijing,Transformer,81.916664,70.14724,test
2016-10-24 07:00:00,2016-10-24 19:00:00,12,Beijing,Transformer,85.5,74.87679,test
2016-10-24 08:00:00,2016-10-24 20:00:00,12,Beijing,Transformer,93.333336,75.99129,test
2016-10-24 09:00:00,2016-10-24 21:00:00,12,Beijing,Transformer,95.583336,76.546814,test
2016-10-24 10:00:00,2016-10-24 22:00:00,12,Beijing,Transformer,92.25,82.67503,test
2016-10-24 11:00:00,2016-10-24 23:00:00,12,Beijing,Transformer,89.666664,89.140205,test
2016-10-24 12:00:00,2016-10-25 00:00:00,12,Beijing,Transformer,87.833336,97.23443,test
2016-10-24 13:00:00,2016-10-25 01:00:00,12,Beijing,Transformer,86.083336,118.40172,test
2016-10-24 14:00:00,2016-10-25 02:00:00,12,Beijing,Transformer,82.75,123.83683,test
2016-10-24 15:00:00,2016-10-25 03:00:00,12,Beijing,Transformer,78.916664,109.303696,test
2016-10-24 16:00:00,2016-10-25 04:00:00,12,Beijing,Transformer,74.916664,85.050125,test
2016-10-24 17:00:00,2016-10-25 05:00:00,12,Beijing,Transformer,70.5,83.54732,test
2016-10-24 18:00:00,2016-10-25 06:00:00,12,Beijing,Transformer,63.166668,90.893814,test
2016-10-24 19:00:00,2016-10-25 07:00:00,12,Beijing,Transformer,62.833332,76.28434,test
2016-10-24 20:00:00,2016-10-25 08:00:00,12,Beijing,Transformer,65.666664,82.763145,test
2016-10-24 21:00:00,2016-10-25 09:00:00,12,Beijing,Transformer,76.0,81.06453,test
2016-10-24 22:00:00,2016-10-25 10:00:00,12,Beijing,Transformer,86.166664,76.591835,test
2016-10-24 23:00:00,2016-10-25 11:00:00,12,Beijing,Transformer,94.69444,72.36861,test
2016-10-25 00:00:00,2016-10-25 12:00:00,12,Beijing,Transformer,95.18056,67.007675,test
2016-10-25 01:00:00,2016-10-25 13:00:00,12,Beijing,Transformer,106.0,66.73598,test
2016-10-25 02:00:00,2016-10-25 14:00:00,12,Beijing,Transformer,125.833336,53.19721,test
2016-10-25 03:00:00,2016-10-25 15:00:00,12,Beijing,Transformer,126.75,50.816998,test
2016-10-25 04:00:00,2016-10-25 16:00:00,12,Beijing,Transformer,106.0,56.275246,test
2016-10-25 05:00:00,2016-10-25 17:00:00,12,Beijing,Transformer,108.583336,47.200825,test
2016-10-25 06:00:00,2016-10-25 18:00:00,12,Beijing,Transformer,106.416664,53.75056,test
2016-10-25 07:00:00,2016-10-25 19:00:00,12,Beijing,Transformer,112.5,49.427845,test
2016-10-25 08:00:00,2016-10-25 20:00:00,12,Beijing,Transformer,122.833336,60.266582,test
2016-10-25 09:00:00,2016-10-25 21:00:00,12,Beijing,Transformer,130.66667,60.13107,test
2016-10-25 10:00:00,2016-10-25 22:00:00,12,Beijing,Transformer,129.16667,71.92462,test
2016-10-25 11:00:00,2016-10-25 23:00:00,12,Beijing,Transformer,125.083336,93.25789,test
2016-10-25 12:00:00,2016-10-26 00:00:00,12,Beijing,Transformer,120.5,85.70984,test
2016-10-25 13:00:00,2016-10-26 01:00:00,12,Beijing,Transformer,113.5,102.03124,test
2016-10-25 14:00:00,2016-10-26 02:00:00,12,Beijing,Transformer,119.166664,126.40236,test
2016-10-25 15:00:00,2016-10-26 03:00:00,12,Beijing,Transformer,111.5,92.84396,test
2016-10-25 16:00:00,2016-10-26 04:00:00,12,Beijing,Transformer,100.666664,52.352097,test
2016-10-25 17:00:00,2016-10-26 05:00:00,12,Beijing,Transformer,81.916664,56.73581,test
2016-10-25 18:00:00,2016-10-26 06:00:00,12,Beijing,Transformer,47.75,65.12486,test
2016-10-25 19:00:00,2016-10-26 07:00:00,12,Beijing,Transformer,21.916668,54.66058,test
2016-10-25 20:00:00,2016-10-26 08:00:00,12,Beijing,Transformer,12.833333,63.582497,test
2016-10-25 21:00:00,2016-10-26 09:00:00,12,Beijing,Transformer,13.583333,73.326,test
2016-10-25 22:00:00,2016-10-26 10:00:00,12,Beijing,Transformer,14.625,81.263466,test
2016-10-25 23:00:00,2016-10-26 11:00:00,12,Beijing,Transformer,10.666667,56.540783,test
2016-10-26 00:00:00,2016-10-26 12:00:00,12,Beijing,Transformer,9.166667,58.82521,test
2016-10-26 01:00:00,2016-10-26 13:00:00,12,Beijing,Transformer,12.333333,48.678677,test
2016-10-26 02:00:00,2016-10-26 14:00:00,12,Beijing,Transformer,18.818182,57.16081,test
2016-10-26 03:00:00,2016-10-26 15:00:00,12,Beijing,Transformer,25.818182,66.03919,test
2016-10-26 04:00:00,2016-10-26 16:00:00,12,Beijing,Transformer,27.181818,67.91364,test
2016-10-26 05:00:00,2016-10-26 17:00:00,12,Beijing,Transformer,21.454544,18.572578,test
2016-10-26 06:00:00,2016-10-26 18:00:00,12,Beijing,Transformer,26.363636,11.809936,test
2016-10-26 07:00:00,2016-10-26 19:00:00,12,Beijing,Transformer,26.727274,12.095481,test
2016-10-26 08:00:00,2016-10-26 20:00:00,12,Beijing,Transformer,29.545456,12.078377,test
2016-10-26 09:00:00,2016-10-26 21:00:00,12,Beijing,Transformer,28.454544,12.759241,test
2016-10-26 10:00:00,2016-10-26 22:00:00,12,Beijing,Transformer,30.454544,14.846398,test
2016-10-26 11:00:00,2016-10-26 23:00:00,12,Beijing,Transformer,28.272726,17.17392,test
2016-10-26 12:00:00,2016-10-27 00:00:00,12,Beijing,Transformer,28.090908,27.737888,test
2016-10-26 13:00:00,2016-10-27 01:00:00,12,Beijing,Transformer,27.181818,50.749985,test
2016-10-26 14:00:00,2016-10-27 02:00:00,12,Beijing,Transformer,23.818182,59.59101,test
2016-10-26 15:00:00,2016-10-27 03:00:00,12,Beijing,Transformer,20.818182,24.643692,test
2016-10-26 16:00:00,2016-10-27 04:00:00,12,Beijing,Transformer,19.181818,14.075453,test
2016-10-26 17:00:00,2016-10-27 05:00:00,12,Beijing,Transformer,18.454544,13.39824,test
2016-10-26 18:00:00,2016-10-27 06:00:00,12,Beijing,Transformer,19.818182,13.254602,test
2016-10-26 19:00:00,2016-10-27 07:00:00,12,Beijing,Transformer,23.090908,13.454599,test
2016-10-26 20:00:00,2016-10-27 08:00:00,12,Beijing,Transformer,27.0,13.653383,test
2016-10-26 21:00:00,2016-10-27 09:00:00,12,Beijing,Transformer,31.363636,13.781659,test
2016-10-26 22:00:00,2016-10-27 10:00:00,12,Beijing,Transformer,36.818184,14.522612,test
2016-10-26 23:00:00,2016-10-27 11:00:00,12,Beijing,Transformer,38.363636,15.352113,test
2016-10-27 00:00:00,2016-10-27 12:00:00,12,Beijing,Transformer,42.80303,15.78253,test
2016-10-27 01:00:00,2016-10-27 13:00:00,12,Beijing,Transformer,45.78788,16.269876,test
2016-10-27 02:00:00,2016-10-27 14:00:00,12,Beijing,Transformer,44.318184,16.1192,test
2016-10-27 03:00:00,2016-10-27 15:00:00,12,Beijing,Transformer,45.666668,17.782255,test
2016-10-27 04:00:00,2016-10-27 16:00:00,12,Beijing,Transformer,43.560604,20.945925,test
2016-10-27 05:00:00,2016-10-27 17:00:00,12,Beijing,Transformer,39.416668,30.505035,test
2016-10-27 06:00:00,2016-10-27 18:00:00,12,Beijing,Transformer,36.194443,45.131905,test
2016-10-27 07:00:00,2016-10-27 19:00:00,12,Beijing,Transformer,32.055557,53.648136,test
2016-10-27 08:00:00,2016-10-27 20:00:00,12,Beijing,Transformer,28.333332,53.407825,test
2016-10-27 09:00:00,2016-10-27 21:00:00,12,Beijing,Transformer,23.909092,53.849823,test
2016-10-27 10:00:00,2016-10-27 22:00:00,12,Beijing,Transformer,20.636364,56.203228,test
2016-10-27 11:00:00,2016-10-27 23:00:00,12,Beijing,Transformer,19.090908,61.698215,test
2016-10-27 12:00:00,2016-10-28 00:00:00,12,Beijing,Transformer,18.272726,69.71241,test
2016-10-27 13:00:00,2016-10-28 01:00:00,12,Beijing,Transformer,17.727274,82.057755,test
2016-10-27 14:00:00,2016-10-28 02:00:00,12,Beijing,Transformer,17.0,77.144714,test
2016-10-27 15:00:00,2016-10-28 03:00:00,12,Beijing,Transformer,18.727274,58.24142,test
2016-10-27 16:00:00,2016-10-28 04:00:00,12,Beijing,Transformer,13.0,36.458767,test
2016-10-27 17:00:00,2016-10-28 05:00:00,12,Beijing,Transformer,12.272727,25.554207,test
2016-10-27 18:00:00,2016-10-28 06:00:00,12,Beijing,Transformer,9.363636,19.66656,test
2016-10-27 19:00:00,2016-10-28 07:00:00,12,Beijing,Transformer,12.454545,13.6051855,test
2016-10-27 20:00:00,2016-10-28 08:00:00,12,Beijing,Transformer,7.272727,14.934423,test
2016-10-27 21:00:00,2016-10-28 09:00:00,12,Beijing,Transformer,9.363636,15.73748,test
2016-10-27 22:00:00,2016-10-28 10:00:00,12,Beijing,Transformer,6.666667,17.652496,test
2016-10-27 23:00:00,2016-10-28 11:00:00,12,Beijing,Transformer,6.361111,17.820385,test
2016-10-28 00:00:00,2016-10-28 12:00:00,12,Beijing,Transformer,7.555556,15.520773,test
2016-10-28 01:00:00,2016-10-28 13:00:00,12,Beijing,Transformer,4.833333,16.397984,test
2016-10-28 02:00:00,2016-10-28 14:00:00,12,Beijing,Transformer,5.666667,18.243467,test
2016-10-28 03:00:00,2016-10-28 15:00:00,12,Beijing,Transformer,5.75,19.311386,test
2016-10-28 04:00:00,2016-10-28 16:00:00,12,Beijing,Transformer,5.666667,19.258625,test
2016-10-28 05:00:00,2016-10-28 17:00:00,12,Beijing,Transformer,6.0,15.304289,test
2016-10-28 06:00:00,2016-10-28 18:00:00,12,Beijing,Transformer,6.75,17.93406,test
2016-10-28 07:00:00,2016-10-28 19:00:00,12,Beijing,Transformer,10.916667,20.778652,test
2016-10-28 08:00:00,2016-10-28 20:00:00,12,Beijing,Transformer,14.75,13.4425335,test
2016-10-28 09:00:00,2016-10-28 21:00:00,12,Beijing,Transformer,16.25,13.612064,test
2016-10-28 10:00:00,2016-10-28 22:00:00,12,Beijing,Transformer,16.416668,15.512293,test
2016-10-28 11:00:00,2016-10-28 23:00:00,12,Beijing,Transformer,20.333332,17.885572,test
2016-10-28 12:00:00,2016-10-29 00:00:00,12,Beijing,Transformer,22.916668,18.954857,test
2016-10-28 13:00:00,2016-10-29 01:00:00,12,Beijing,Transformer,21.666668,18.748295,test
2016-10-28 14:00:00,2016-10-29 02:00:00,12,Beijing,Transformer,17.333332,16.881384,test
2016-10-28 15:00:00,2016-10-29 03:00:00,12,Beijing,Transformer,12.916667,14.748482,test
2016-10-28 16:00:00,2016-10-29 04:00:00,12,Beijing,Transformer,14.25,14.368466,test
2016-10-28 17:00:00,2016-10-29 05:00:00,12,Beijing,Transformer,11.916667,14.123943,test
2016-10-28 18:00:00,2016-10-29 06:00:00,12,Beijing,Transformer,13.5,13.930743,test
2016-10-28 19:00:00,2016-10-29 07:00:00,12,Beijing,Transformer,13.916667,14.137684,test
2016-10-28 20:00:00,2016-10-29 08:00:00,12,Beijing,Transformer,15.0,15.641278,test
2016-10-28 21:00:00,2016-10-29 09:00:00,12,Beijing,Transformer,16.833332,17.018282,test
2016-10-28 22:00:00,2016-10-29 10:00:00,12,Beijing,Transformer,17.333332,17.236767,test
2016-10-28 23:00:00,2016-10-29 11:00:00,12,Beijing,Transformer,19.416668,19.373938,test
2016-10-29 00:00:00,2016-10-29 12:00:00,12,Beijing,Transformer,20.5,20.63517,test
2016-10-29 01:00:00,2016-10-29 13:00:00,12,Beijing,Transformer,25.0,21.70715,test
2016-10-29 02:00:00,2016-10-29 14:00:00,12,Beijing,Transformer,24.416668,20.378437,test
2016-10-29 03:00:00,2016-10-29 15:00:00,12,Beijing,Transformer,26.916668,21.800117,test
2016-10-29 04:00:00,2016-10-29 16:00:00,12,Beijing,Transformer,25.25,26.043934,test
2016-10-29 05:00:00,2016-10-29 17:00:00,12,Beijing,Transformer,24.75,30.518295,test
2016-10-29 06:00:00,2016-10-29 18:00:00,12,Beijing,Transformer,28.166668,42.31448,test
2016-10-29 07:00:00,2016-10-29 19:00:00,12,Beijing,Transformer,34.833332,59.676315,test
2016-10-29 08:00:00,2016-10-29 20:00:00,12,Beijing,Transformer,41.666668,76.4929,test
2016-10-29 09:00:00,2016-10-29 21:00:00,12,Beijing,Transformer,42.083332,83.973915,test
2016-10-29 10:00:00,2016-10-29 22:00:00,12,Beijing,Transformer,43.833332,98.237625,test
2016-10-29 11:00:00,2016-10-29 23:00:00,12,Beijing,Transformer,45.5,106.193825,test
2016-10-29 12:00:00,2016-10-30 00:00:00,12,Beijing,Transformer,48.0,72.04895,test
2016-10-29 13:00:00,2016-10-30 01:00:00,12,Beijing,Transformer,47.333332,71.57707,test
2016-10-29 14:00:00,2016-10-30 02:00:00,12,Beijing,Transformer,50.708332,51.137356,test
2016-10-29 15:00:00,2016-10-30 03:00:00,12,Beijing,Transformer,51.583332,45.82329,test
2016-10-29 16:00:00,2016-10-30 04:00:00,12,Beijing,Transformer,52.25,34.497005,test
2016-10-29 17:00:00,2016-10-30 05:00:00,12,Beijing,Transformer,54.5,29.57831,test
2016-10-29 18:00:00,2016-10-30 06:00:00,12,Beijing,Transformer,58.916668,30.669567,test
2016-10-29 19:00:00,2016-10-30 07:00:00,12,Beijing,Transformer,60.416668,31.552372,test
2016-10-29 20:00:00,2016-10-30 08:00:00,12,Beijing,Transformer,63.833332,33.429962,test
2016-10-29 21:00:00,2016-10-30 09:00:00,12,Beijing,Transformer,72.583336,40.26064,test
2016-10-29 22:00:00,2016-10-30 10:00:00,12,Beijing,Transformer,74.5,48.028595,test
2016-10-29 23:00:00,2016-10-30 11:00:00,12,Beijing,Transformer,81.166664,42.40757,test
2016-10-30 00:00:00,2016-10-30 12:00:00,12,Beijing,Transformer,84.708336,47.070156,test
2016-10-30 01:00:00,2016-10-30 13:00:00,12,Beijing,Transformer,87.083336,56.63644,test
2016-10-30 02:00:00,2016-10-30 14:00:00,12,Beijing,Transformer,77.75,62.073284,test
2016-10-30 03:00:00,2016-10-30 15:00:00,12,Beijing,Transformer,39.083332,64.290886,test
2016-10-30 04:00:00,2016-10-30 16:00:00,12,Beijing,Transformer,11.416667,68.1942,test
2016-10-30 05:00:00,2016-10-30 17:00:00,12,Beijing,Transformer,7.25,72.21535,test
2016-10-30 06:00:00,2016-10-30 18:00:00,12,Beijing,Transformer,7.333333,78.181595,test
2016-10-30 07:00:00,2016-10-30 19:00:00,12,Beijing,Transformer,6.583333,84.700836,test
2016-10-30 08:00:00,2016-10-30 20:00:00,12,Beijing,Transformer,6.333333,108.146996,test
2016-10-30 09:00:00,2016-10-30 21:00:00,12,Beijing,Transformer,6.583333,104.62498,test
2016-10-30 10:00:00,2016-10-30 22:00:00,12,Beijing,Transformer,3.666667,114.688034,test
2016-10-30 11:00:00,2016-10-30 23:00:00,12,Beijing,Transformer,4.333333,163.85457,test
2016-10-30 12:00:00,2016-10-31 00:00:00,12,Beijing,Transformer,4.25,177.59752,test
2016-10-30 13:00:00,2016-10-31 01:00:00,12,Beijing,Transformer,3.25,142.3155,test
2016-10-30 14:00:00,2016-10-31 02:00:00,12,Beijing,Transformer,3.666667,95.67936,test
2016-10-30 15:00:00,2016-10-31 03:00:00,12,Beijing,Transformer,4.0,19.886993,test
2016-10-30 16:00:00,2016-10-31 04:00:00,12,Beijing,Transformer,4.0,15.739479,test
2016-10-30 17:00:00,2016-10-31 05:00:00,12,Beijing,Transformer,3.5,16.68134,test
2016-10-30 18:00:00,2016-10-31 06:00:00,12,Beijing,Transformer,3.333333,15.8716135,test
2016-10-30 19:00:00,2016-10-31 07:00:00,12,Beijing,Transformer,4.0,15.551062,test
2016-10-30 20:00:00,2016-10-31 08:00:00,12,Beijing,Transformer,5.583333,14.8636875,test
2016-10-30 21:00:00,2016-10-31 09:00:00,12,Beijing,Transformer,6.166667,15.12291,test
2016-10-30 22:00:00,2016-10-31 10:00:00,12,Beijing,Transformer,5.666667,13.8443775,test
2016-10-30 23:00:00,2016-10-31 11:00:00,12,Beijing,Transformer,7.416667,12.514298,test
2016-10-31 00:00:00,2016-10-31 12:00:00,12,Beijing,Transformer,7.479167,11.90925,test
2016-10-31 01:00:00,2016-10-31 13:00:00,12,Beijing,Transformer,6.041667,12.017714,test
2016-10-31 02:00:00,2016-10-31 14:00:00,12,Beijing,Transformer,5.6875,12.342004,test
2016-10-31 03:00:00,2016-10-31 15:00:00,12,Beijing,Transformer,7.583333,12.027313,test
2016-10-31 04:00:00,2016-10-31 16:00:00,12,Beijing,Transformer,8.791667,12.085536,test
2016-10-31 05:00:00,2016-10-31 17:00:00,12,Beijing,Transformer,9.916667,12.435741,test
2016-10-31 06:00:00,2016-10-31 18:00:00,12,Beijing,Transformer,11.666667,12.674361,test
2016-10-31 07:00:00,2016-10-31 19:00:00,12,Beijing,Transformer,15.166667,13.516205,test
2016-10-31 08:00:00,2016-10-31 20:00:00,12,Beijing,Transformer,19.0,18.084444,test
2016-10-31 09:00:00,2016-10-31 21:00:00,12,Beijing,Transformer,18.916668,16.971718,test
2016-10-31 10:00:00,2016-10-31 22:00:00,12,Beijing,Transformer,21.5,20.423527,test
2016-10-31 11:00:00,2016-10-31 23:00:00,12,Beijing,Transformer,20.416668,23.563374,test
2016-10-31 12:00:00,2016-11-01 00:00:00,12,Beijing,Transformer,19.916668,25.47311,test
2016-10-31 13:00:00,2016-11-01 01:00:00,12,Beijing,Transformer,19.583332,25.548883,test
2016-10-31 14:00:00,2016-11-01 02:00:00,12,Beijing,Transformer,17.166668,22.78967,test
2016-10-31 15:00:00,2016-11-01 03:00:00,12,Beijing,Transformer,18.0,22.072178,test
2016-10-31 16:00:00,2016-11-01 04:00:00,12,Beijing,Transformer,17.5,18.243546,test
2016-10-31 17:00:00,2016-11-01 05:00:00,12,Beijing,Transformer,19.666668,16.171135,test
2016-10-31 18:00:00,2016-11-01 06:00:00,12,Beijing,Transformer,18.916668,16.281332,test
2016-10-31 19:00:00,2016-11-01 07:00:00,12,Beijing,Transformer,19.833332,15.852489,test
2016-10-31 20:00:00,2016-11-01 08:00:00,12,Beijing,Transformer,24.166668,16.849068,test
2016-10-31 21:00:00,2016-11-01 09:00:00,12,Beijing,Transformer,23.083332,17.766392,test
2016-10-31 22:00:00,2016-11-01 10:00:00,12,Beijing,Transformer,22.916668,18.269312,test
2016-10-31 23:00:00,2016-11-01 11:00:00,12,Beijing,Transformer,31.75,17.4643,test
2016-11-01 00:00:00,2016-11-01 12:00:00,12,Beijing,Transformer,40.0,18.479353,test
2016-11-01 01:00:00,2016-11-01 13:00:00,12,Beijing,Transformer,47.5,18.950012,test
2016-11-01 02:00:00,2016-11-01 14:00:00,12,Beijing,Transformer,51.583332,18.996943,test
2016-11-01 03:00:00,2016-11-01 15:00:00,12,Beijing,Transformer,53.916668,23.029282,test
2016-11-01 04:00:00,2016-11-01 16:00:00,12,Beijing,Transformer,57.333332,26.000542,test
2016-11-01 05:00:00,2016-11-01 17:00:00,12,Beijing,Transformer,56.75,35.57256,test
2016-11-01 06:00:00,2016-11-01 18:00:00,12,Beijing,Transformer,62.583332,48.580914,test
2016-11-01 07:00:00,2016-11-01 19:00:00,12,Beijing,Transformer,68.333336,74.047424,test
2016-11-01 08:00:00,2016-11-01 20:00:00,12,Beijing,Transformer,67.583336,91.10711,test
2016-11-01 09:00:00,2016-11-01 21:00:00,12,Beijing,Transformer,72.0,97.68356,test
2016-11-01 10:00:00,2016-11-01 22:00:00,12,Beijing,Transformer,76.833336,98.06175,test
2016-11-01 11:00:00,2016-11-01 23:00:00,12,Beijing,Transformer,81.166664,98.39366,test
2016-11-01 12:00:00,2016-11-02 00:00:00,12,Beijing,Transformer,85.666664,103.70121,test
2016-11-01 13:00:00,2016-11-02 01:00:00,12,Beijing,Transformer,87.25,111.69291,test
2016-11-01 14:00:00,2016-11-02 02:00:00,12,Beijing,Transformer,86.5,110.557846,test
2016-11-01 15:00:00,2016-11-02 03:00:00,12,Beijing,Transformer,88.833336,99.589516,test
2016-11-01 16:00:00,2016-11-02 04:00:00,12,Beijing,Transformer,88.583336,93.29816,test
2016-11-01 17:00:00,2016-11-02 05:00:00,12,Beijing,Transformer,87.0,75.56248,test
2016-11-01 18:00:00,2016-11-02 06:00:00,12,Beijing,Transformer,85.916664,71.43405,test
2016-11-01 19:00:00,2016-11-02 07:00:00,12,Beijing,Transformer,81.416664,59.722572,test
2016-11-01 20:00:00,2016-11-02 08:00:00,12,Beijing,Transformer,81.666664,56.75423,test
2016-11-01 21:00:00,2016-11-02 09:00:00,12,Beijing,Transformer,88.666664,61.277084,test
2016-11-01 22:00:00,2016-11-02 10:00:00,12,Beijing,Transformer,87.666664,64.234215,test
2016-11-01 23:00:00,2016-11-02 11:00:00,12,Beijing,Transformer,91.666664,66.657135,test
2016-11-02 00:00:00,2016-11-02 12:00:00,12,Beijing,Transformer,99.0,73.87836,test
2016-11-02 01:00:00,2016-11-02 13:00:00,12,Beijing,Transformer,99.916664,74.93054,test
2016-11-02 02:00:00,2016-11-02 14:00:00,12,Beijing,Transformer,90.75,77.096535,test
2016-11-02 03:00:00,2016-11-02 15:00:00,12,Beijing,Transformer,91.0,77.949936,test
2016-11-02 04:00:00,2016-11-02 16:00:00,12,Beijing,Transformer,93.666664,78.36487,test
2016-11-02 05:00:00,2016-11-02 17:00:00,12,Beijing,Transformer,99.02778,84.55525,test
2016-11-02 06:00:00,2016-11-02 18:00:00,12,Beijing,Transformer,105.888885,122.77078,test
2016-11-02 07:00:00,2016-11-02 19:00:00,12,Beijing,Transformer,114.083336,162.76772,test
2016-11-02 08:00:00,2016-11-02 20:00:00,12,Beijing,Transformer,135.91667,194.93794,test
2016-11-02 09:00:00,2016-11-02 21:00:00,12,Beijing,Transformer,143.08333,195.04851,test
2016-11-02 10:00:00,2016-11-02 22:00:00,12,Beijing,Transformer,144.41667,195.05585,test
2016-11-02 11:00:00,2016-11-02 23:00:00,12,Beijing,Transformer,144.0,195.06557,test
2016-11-02 12:00:00,2016-11-03 00:00:00,12,Beijing,Transformer,138.83333,195.05196,test
2016-11-02 13:00:00,2016-11-03 01:00:00,12,Beijing,Transformer,132.25,195.01497,test
2016-11-02 14:00:00,2016-11-03 02:00:00,12,Beijing,Transformer,128.41667,86.53922,test
2016-11-02 15:00:00,2016-11-03 03:00:00,12,Beijing,Transformer,127.666664,98.67517,test
2016-11-02 16:00:00,2016-11-03 04:00:00,12,Beijing,Transformer,127.666664,116.16028,test
2016-11-02 17:00:00,2016-11-03 05:00:00,12,Beijing,Transformer,125.666664,112.369606,test
2016-11-02 18:00:00,2016-11-03 06:00:00,12,Beijing,Transformer,120.083336,89.67666,test
2016-11-02 19:00:00,2016-11-03 07:00:00,12,Beijing,Transformer,110.25,77.76704,test
2016-11-02 20:00:00,2016-11-03 08:00:00,12,Beijing,Transformer,104.833336,80.00995,test
2016-11-02 21:00:00,2016-11-03 09:00:00,12,Beijing,Transformer,103.166664,68.102264,test
2016-11-02 22:00:00,2016-11-03 10:00:00,12,Beijing,Transformer,120.166664,64.97897,test
2016-11-02 23:00:00,2016-11-03 11:00:00,12,Beijing,Transformer,148.58333,65.819885,test
2016-11-03 00:00:00,2016-11-03 12:00:00,12,Beijing,Transformer,175.58333,81.128746,test
2016-11-03 01:00:00,2016-11-03 13:00:00,12,Beijing,Transformer,193.25,117.82962,test
2016-11-03 02:00:00,2016-11-03 14:00:00,12,Beijing,Transformer,224.75,124.41421,test
2016-11-03 03:00:00,2016-11-03 15:00:00,12,Beijing,Transformer,265.41666,113.09552,test
2016-11-03 04:00:00,2016-11-03 16:00:00,12,Beijing,Transformer,251.41667,111.4554,test
2016-11-03 05:00:00,2016-11-03 17:00:00,12,Beijing,Transformer,243.59723,136.57195,test
2016-11-03 06:00:00,2016-11-03 18:00:00,12,Beijing,Transformer,253.27777,174.5775,test
2016-11-03 07:00:00,2016-11-03 19:00:00,12,Beijing,Transformer,262.375,189.70479,test
2016-11-03 08:00:00,2016-11-03 20:00:00,12,Beijing,Transformer,264.97223,193.84288,test
2016-11-03 09:00:00,2016-11-03 21:00:00,12,Beijing,Transformer,261.90277,195.05449,test
2016-11-03 10:00:00,2016-11-03 22:00:00,12,Beijing,Transformer,248.58333,195.09773,test
2016-11-03 11:00:00,2016-11-03 23:00:00,12,Beijing,Transformer,240.66667,195.10051,test
2016-11-03 12:00:00,2016-11-04 00:00:00,12,Beijing,Transformer,239.25,195.10054,test
2016-11-03 13:00:00,2016-11-04 01:00:00,12,Beijing,Transformer,235.33333,195.10022,test
2016-11-03 14:00:00,2016-11-04 02:00:00,12,Beijing,Transformer,221.83333,195.09572,test
2016-11-03 15:00:00,2016-11-04 03:00:00,12,Beijing,Transformer,216.41667,195.0897,test
2016-11-03 16:00:00,2016-11-04 04:00:00,12,Beijing,Transformer,210.58333,195.08046,test
2016-11-03 17:00:00,2016-11-04 05:00:00,12,Beijing,Transformer,205.58333,195.07376,test
2016-11-03 18:00:00,2016-11-04 06:00:00,12,Beijing,Transformer,203.41667,195.07027,test
2016-11-03 19:00:00,2016-11-04 07:00:00,12,Beijing,Transformer,197.0,195.06816,test
2016-11-03 20:00:00,2016-11-04 08:00:00,12,Beijing,Transformer,190.75,195.06743,test
2016-11-03 21:00:00,2016-11-04 09:00:00,12,Beijing,Transformer,198.33333,195.06784,test
2016-11-03 22:00:00,2016-11-04 10:00:00,12,Beijing,Transformer,237.0,195.06996,test
2016-11-03 23:00:00,2016-11-04 11:00:00,12,Beijing,Transformer,270.16666,195.06999,test
2016-11-04 00:00:00,2016-11-04 12:00:00,12,Beijing,Transformer,286.47272,195.0718,test
2016-11-04 01:00:00,2016-11-04 13:00:00,12,Beijing,Transformer,301.76364,195.07613,test
2016-11-04 02:00:00,2016-11-04 14:00:00,12,Beijing,Transformer,307.79544,195.07933,test
2016-11-04 03:00:00,2016-11-04 15:00:00,12,Beijing,Transformer,307.03183,195.08049,test
2016-11-04 04:00:00,2016-11-04 16:00:00,12,Beijing,Transformer,289.99545,195.07896,test
2016-11-04 05:00:00,2016-11-04 17:00:00,12,Beijing,Transformer,268.12274,195.07674,test
2016-11-04 06:00:00,2016-11-04 18:00:00,12,Beijing,Transformer,254.45454,195.07693,test
2016-11-04 07:00:00,2016-11-04 19:00:00,12,Beijing,Transformer,242.54546,195.0772,test
2016-11-04 08:00:00,2016-11-04 20:00:00,12,Beijing,Transformer,228.90909,195.07906,test
2016-11-04 09:00:00,2016-11-04 21:00:00,12,Beijing,Transformer,225.08333,195.082,test
2016-11-04 10:00:00,2016-11-04 22:00:00,12,Beijing,Transformer,214.16667,195.08432,test
2016-11-04 11:00:00,2016-11-04 23:00:00,12,Beijing,Transformer,200.91667,195.08438,test
2016-11-04 12:00:00,2016-11-05 00:00:00,12,Beijing,Transformer,207.08333,195.08064,test
2016-11-04 13:00:00,2016-11-05 01:00:00,12,Beijing,Transformer,209.58333,195.07579,test
2016-11-04 14:00:00,2016-11-05 02:00:00,12,Beijing,Transformer,202.66667,195.07008,test
2016-11-04 15:00:00,2016-11-05 03:00:00,12,Beijing,Transformer,189.91667,195.06902,test
2016-11-04 16:00:00,2016-11-05 04:00:00,12,Beijing,Transformer,176.83333,195.06844,test
2016-11-04 17:00:00,2016-11-05 05:00:00,12,Beijing,Transformer,161.08333,195.06946,test
2016-11-04 18:00:00,2016-11-05 06:00:00,12,Beijing,Transformer,151.83333,195.0724,test
2016-11-04 19:00:00,2016-11-05 07:00:00,12,Beijing,Transformer,141.75,195.07469,test
2016-11-04 20:00:00,2016-11-05 08:00:00,12,Beijing,Transformer,141.75,195.07628,test
2016-11-04 21:00:00,2016-11-05 09:00:00,12,Beijing,Transformer,162.25,195.07845,test
2016-11-04 22:00:00,2016-11-05 10:00:00,12,Beijing,Transformer,200.16667,195.08232,test
2016-11-04 23:00:00,2016-11-05 11:00:00,12,Beijing,Transformer,206.5,195.08922,test
2016-11-05 00:00:00,2016-11-05 12:00:00,12,Beijing,Transformer,177.25,195.09619,test
2016-11-05 01:00:00,2016-11-05 13:00:00,12,Beijing,Transformer,195.16667,195.10101,test
2016-11-05 02:00:00,2016-11-05 14:00:00,12,Beijing,Transformer,187.83333,195.10222,test
2016-11-05 03:00:00,2016-11-05 15:00:00,12,Beijing,Transformer,196.75,195.1054,test
2016-11-05 04:00:00,2016-11-05 16:00:00,12,Beijing,Transformer,198.91667,195.10617,test
2016-11-05 05:00:00,2016-11-05 17:00:00,12,Beijing,Transformer,199.25,195.10243,test
2016-11-05 06:00:00,2016-11-05 18:00:00,12,Beijing,Transformer,200.08333,195.09872,test
2016-11-05 07:00:00,2016-11-05 19:00:00,12,Beijing,Transformer,200.0,195.09526,test
2016-11-05 08:00:00,2016-11-05 20:00:00,12,Beijing,Transformer,184.66667,195.0956,test
2016-11-05 09:00:00,2016-11-05 21:00:00,12,Beijing,Transformer,150.83333,195.1049,test
2016-11-05 10:00:00,2016-11-05 22:00:00,12,Beijing,Transformer,147.25,195.10799,test
2016-11-05 11:00:00,2016-11-05 23:00:00,12,Beijing,Transformer,131.33333,195.03917,test
2016-11-05 12:00:00,2016-11-06 00:00:00,12,Beijing,Transformer,129.91667,60.961685,test
2016-11-05 13:00:00,2016-11-06 01:00:00,12,Beijing,Transformer,132.08333,41.962765,test
2016-11-05 14:00:00,2016-11-06 02:00:00,12,Beijing,Transformer,118.416664,47.688736,test
2016-11-05 15:00:00,2016-11-06 03:00:00,12,Beijing,Transformer,101.666664,58.519836,test
2016-11-05 16:00:00,2016-11-06 04:00:00,12,Beijing,Transformer,89.416664,74.06433,test
2016-11-05 17:00:00,2016-11-06 05:00:00,12,Beijing,Transformer,77.083336,95.29538,test
2016-11-05 18:00:00,2016-11-06 06:00:00,12,Beijing,Transformer,64.083336,126.83587,test
2016-11-05 19:00:00,2016-11-06 07:00:00,12,Beijing,Transformer,56.666668,140.58876,test
2016-11-05 20:00:00,2016-11-06 08:00:00,12,Beijing,Transformer,52.0,52.02509,test
2016-11-05 21:00:00,2016-11-06 09:00:00,12,Beijing,Transformer,49.916668,38.28584,test
2016-11-05 22:00:00,2016-11-06 10:00:00,12,Beijing,Transformer,49.666668,33.22906,test
2016-11-05 23:00:00,2016-11-06 11:00:00,12,Beijing,Transformer,50.166668,35.924953,test
2016-11-06 00:00:00,2016-11-06 12:00:00,12,Beijing,Transformer,49.583332,42.66433,test
2016-11-06 01:00:00,2016-11-06 13:00:00,12,Beijing,Transformer,48.25,40.804592,test
2016-11-06 02:00:00,2016-11-06 14:00:00,12,Beijing,Transformer,45.166668,36.777847,test
2016-11-06 03:00:00,2016-11-06 15:00:00,12,Beijing,Transformer,45.416668,30.844152,test
2016-11-06 04:00:00,2016-11-06 16:00:00,12,Beijing,Transformer,44.916668,26.918272,test
2016-11-06 05:00:00,2016-11-06 17:00:00,12,Beijing,Transformer,46.0,25.325527,test
2016-11-06 06:00:00,2016-11-06 18:00:00,12,Beijing,Transformer,54.666668,27.602806,test
2016-11-06 07:00:00,2016-11-06 19:00:00,12,Beijing,Transformer,63.75,38.025692,test
2016-11-06 08:00:00,2016-11-06 20:00:00,12,Beijing,Transformer,78.916664,34.933628,test
2016-11-06 09:00:00,2016-11-06 21:00:00,12,Beijing,Transformer,86.666664,46.22698,test
2016-11-06 10:00:00,2016-11-06 22:00:00,12,Beijing,Transformer,91.25,50.675945,test
2016-11-06 11:00:00,2016-11-06 23:00:00,12,Beijing,Transformer,98.0,52.240192,test
2016-11-06 12:00:00,2016-11-07 00:00:00,12,Beijing,Transformer,105.166664,53.931545,test
2016-11-06 13:00:00,2016-11-07 01:00:00,12,Beijing,Transformer,95.25,57.123135,test
2016-11-06 14:00:00,2016-11-07 02:00:00,12,Beijing,Transformer,89.666664,55.77089,test
2016-11-06 15:00:00,2016-11-07 03:00:00,12,Beijing,Transformer,82.333336,53.271183,test
2016-11-06 16:00:00,2016-11-07 04:00:00,12,Beijing,Transformer,75.833336,43.984455,test
2016-11-06 17:00:00,2016-11-07 05:00:00,12,Beijing,Transformer,73.75,47.086025,test
2016-11-06 18:00:00,2016-11-07 06:00:00,12,Beijing,Transformer,69.5,49.347057,test
2016-11-06 19:00:00,2016-11-07 07:00:00,12,Beijing,Transformer,67.416664,55.026615,test
2016-11-06 20:00:00,2016-11-07 08:00:00,12,Beijing,Transformer,63.25,65.37664,test
2016-11-06 21:00:00,2016-11-07 09:00:00,12,Beijing,Transformer,58.916668,53.616596,test
2016-11-06 22:00:00,2016-11-07 10:00:00,12,Beijing,Transformer,39.666668,60.581383,test
2016-11-06 23:00:00,2016-11-07 11:00:00,12,Beijing,Transformer,19.0,75.85693,test
2016-11-07 00:00:00,2016-11-07 12:00:00,12,Beijing,Transformer,12.25,78.95831,test
2016-11-07 01:00:00,2016-11-07 13:00:00,12,Beijing,Transformer,8.583333,39.585575,test
2016-11-07 02:00:00,2016-11-07 14:00:00,12,Beijing,Transformer,7.666667,35.649033,test
2016-11-07 03:00:00,2016-11-07 15:00:00,12,Beijing,Transformer,7.333333,31.71521,test
2016-11-07 04:00:00,2016-11-07 16:00:00,12,Beijing,Transformer,8.5,30.92736,test
2016-11-07 05:00:00,2016-11-07 17:00:00,12,Beijing,Transformer,6.583333,40.385853,test
2016-11-07 06:00:00,2016-11-07 18:00:00,12,Beijing,Transformer,8.166667,60.170826,test
2016-11-07 07:00:00,2016-11-07 19:00:00,12,Beijing,Transformer,10.166667,65.90932,test
2016-11-07 08:00:00,2016-11-07 20:00:00,12,Beijing,Transformer,12.333333,60.34603,test
2016-11-07 09:00:00,2016-11-07 21:00:00,12,Beijing,Transformer,11.0,35.455284,test
2016-11-07 10:00:00,2016-11-07 22:00:00,12,Beijing,Transformer,9.583333,19.633137,test
2016-11-07 11:00:00,2016-11-07 23:00:00,12,Beijing,Transformer,9.5,16.960808,test
2016-11-07 12:00:00,2016-11-08 00:00:00,12,Beijing,Transformer,11.166667,16.13506,test
2016-11-07 13:00:00,2016-11-08 01:00:00,12,Beijing,Transformer,14.333333,16.162586,test
2016-11-07 14:00:00,2016-11-08 02:00:00,12,Beijing,Transformer,11.583333,16.851355,test
2016-11-07 15:00:00,2016-11-08 03:00:00,12,Beijing,Transformer,11.333333,16.980175,test
2016-11-07 16:00:00,2016-11-08 04:00:00,12,Beijing,Transformer,12.916667,16.098629,test
2016-11-07 17:00:00,2016-11-08 05:00:00,12,Beijing,Transformer,12.833333,14.176201,test
2016-11-07 18:00:00,2016-11-08 06:00:00,12,Beijing,Transformer,13.666667,13.969097,test
2016-11-07 19:00:00,2016-11-08 07:00:00,12,Beijing,Transformer,17.75,14.0311165,test
2016-11-07 20:00:00,2016-11-08 08:00:00,12,Beijing,Transformer,20.0,13.670609,test
2016-11-07 21:00:00,2016-11-08 09:00:00,12,Beijing,Transformer,23.833332,13.947326,test
2016-11-07 22:00:00,2016-11-08 10:00:00,12,Beijing,Transformer,23.25,14.855922,test
2016-11-07 23:00:00,2016-11-08 11:00:00,12,Beijing,Transformer,23.5,16.090021,test
2016-11-08 00:00:00,2016-11-08 12:00:00,12,Beijing,Transformer,24.208332,18.175236,test
2016-11-08 01:00:00,2016-11-08 13:00:00,12,Beijing,Transformer,25.25,22.669636,test
2016-11-08 02:00:00,2016-11-08 14:00:00,12,Beijing,Transformer,30.083332,23.473433,test
2016-11-08 03:00:00,2016-11-08 15:00:00,12,Beijing,Transformer,34.0,31.105864,test
2016-11-08 04:00:00,2016-11-08 16:00:00,12,Beijing,Transformer,37.61111,36.576122,test
2016-11-08 05:00:00,2016-11-08 17:00:00,12,Beijing,Transformer,53.13889,42.70677,test
2016-11-08 06:00:00,2016-11-08 18:00:00,12,Beijing,Transformer,58.25,49.72186,test
2016-11-08 07:00:00,2016-11-08 19:00:00,12,Beijing,Transformer,63.166668,55.932926,test
2016-11-08 08:00:00,2016-11-08 20:00:00,12,Beijing,Transformer,72.333336,61.148857,test
2016-11-08 09:00:00,2016-11-08 21:00:00,12,Beijing,Transformer,79.166664,70.04035,test
2016-11-08 10:00:00,2016-11-08 22:00:00,12,Beijing,Transformer,82.833336,65.85404,test
2016-11-08 11:00:00,2016-11-08 23:00:00,12,Beijing,Transformer,85.583336,71.913795,test
2016-11-08 12:00:00,2016-11-09 00:00:00,12,Beijing,Transformer,84.25,72.649506,test
2016-11-08 13:00:00,2016-11-09 01:00:00,12,Beijing,Transformer,83.333336,73.66046,test
2016-11-08 14:00:00,2016-11-09 02:00:00,12,Beijing,Transformer,85.75,72.27054,test
2016-11-08 15:00:00,2016-11-09 03:00:00,12,Beijing,Transformer,89.666664,65.27681,test
2016-11-08 16:00:00,2016-11-09 04:00:00,12,Beijing,Transformer,90.75,65.15607,test
2016-11-08 17:00:00,2016-11-09 05:00:00,12,Beijing,Transformer,89.0,72.38182,test
2016-11-08 18:00:00,2016-11-09 06:00:00,12,Beijing,Transformer,91.916664,72.422485,test
2016-11-08 19:00:00,2016-11-09 07:00:00,12,Beijing,Transformer,98.25,68.24142,test
2016-11-08 20:00:00,2016-11-09 08:00:00,12,Beijing,Transformer,105.416664,74.777054,test
2016-11-08 21:00:00,2016-11-09 09:00:00,12,Beijing,Transformer,115.416664,79.58561,test
2016-11-08 22:00:00,2016-11-09 10:00:00,12,Beijing,Transformer,129.75,84.41522,test
2016-11-08 23:00:00,2016-11-09 11:00:00,12,Beijing,Transformer,145.75,83.99771,test
2016-11-09 00:00:00,2016-11-09 12:00:00,12,Beijing,Transformer,164.75,79.72678,test
2016-11-09 01:00:00,2016-11-09 13:00:00,12,Beijing,Transformer,177.08333,88.691864,test
2016-11-09 02:00:00,2016-11-09 14:00:00,12,Beijing,Transformer,181.08333,110.74946,test
2016-11-09 03:00:00,2016-11-09 15:00:00,12,Beijing,Transformer,189.5,119.0019,test
2016-11-09 04:00:00,2016-11-09 16:00:00,12,Beijing,Transformer,195.75,153.48051,test
2016-11-09 05:00:00,2016-11-09 17:00:00,12,Beijing,Transformer,198.47223,185.71422,test
2016-11-09 06:00:00,2016-11-09 18:00:00,12,Beijing,Transformer,200.94444,194.66635,test
2016-11-09 07:00:00,2016-11-09 19:00:00,12,Beijing,Transformer,190.41667,194.9364,test
2016-11-09 08:00:00,2016-11-09 20:00:00,12,Beijing,Transformer,200.41667,194.78249,test
2016-11-09 09:00:00,2016-11-09 21:00:00,12,Beijing,Transformer,208.83333,194.84785,test
2016-11-09 10:00:00,2016-11-09 22:00:00,12,Beijing,Transformer,215.83333,195.0158,test
2016-11-09 11:00:00,2016-11-09 23:00:00,12,Beijing,Transformer,224.33333,195.05965,test
2016-11-09 12:00:00,2016-11-10 00:00:00,12,Beijing,Transformer,232.41667,195.0768,test
2016-11-09 13:00:00,2016-11-10 01:00:00,12,Beijing,Transformer,221.25,195.08966,test
2016-11-09 14:00:00,2016-11-10 02:00:00,12,Beijing,Transformer,209.83333,195.09703,test
2016-11-09 15:00:00,2016-11-10 03:00:00,12,Beijing,Transformer,192.25,195.10507,test
2016-11-09 16:00:00,2016-11-10 04:00:00,12,Beijing,Transformer,178.08333,195.10612,test
2016-11-09 17:00:00,2016-11-10 05:00:00,12,Beijing,Transformer,166.41667,195.10442,test
2016-11-09 18:00:00,2016-11-10 06:00:00,12,Beijing,Transformer,161.25,195.10045,test
2016-11-09 19:00:00,2016-11-10 07:00:00,12,Beijing,Transformer,159.91667,195.09369,test
2016-11-09 20:00:00,2016-11-10 08:00:00,12,Beijing,Transformer,155.58333,195.09218,test
2016-11-09 21:00:00,2016-11-10 09:00:00,12,Beijing,Transformer,158.83333,195.095,test
2016-11-09 22:00:00,2016-11-10 10:00:00,12,Beijing,Transformer,163.0,195.0974,test
2016-11-09 23:00:00,2016-11-10 11:00:00,12,Beijing,Transformer,182.25,195.09581,test
2016-11-10 00:00:00,2016-11-10 12:00:00,12,Beijing,Transformer,178.25,195.09885,test
2016-11-10 01:00:00,2016-11-10 13:00:00,12,Beijing,Transformer,187.75,195.07674,test
2016-11-10 02:00:00,2016-11-10 14:00:00,12,Beijing,Transformer,186.41667,194.64749,test
2016-11-10 03:00:00,2016-11-10 15:00:00,12,Beijing,Transformer,160.70833,193.23993,test
2016-11-10 04:00:00,2016-11-10 16:00:00,12,Beijing,Transformer,135.25,188.61195,test
2016-11-10 05:00:00,2016-11-10 17:00:00,12,Beijing,Transformer,107.0,123.016106,test
2016-11-10 06:00:00,2016-11-10 18:00:00,12,Beijing,Transformer,133.25,103.18001,test
2016-11-10 07:00:00,2016-11-10 19:00:00,12,Beijing,Transformer,169.58333,106.890854,test
2016-11-10 08:00:00,2016-11-10 20:00:00,12,Beijing,Transformer,130.25,106.24994,test
2016-11-10 09:00:00,2016-11-10 21:00:00,12,Beijing,Transformer,69.75,72.36947,test
2016-11-10 10:00:00,2016-11-10 22:00:00,12,Beijing,Transformer,54.083332,75.52498,test
2016-11-10 11:00:00,2016-11-10 23:00:00,12,Beijing,Transformer,48.583332,79.25456,test
2016-11-10 12:00:00,2016-11-11 00:00:00,12,Beijing,Transformer,45.5,76.120224,test
2016-11-10 13:00:00,2016-11-11 01:00:00,12,Beijing,Transformer,41.75,76.39478,test
2016-11-10 14:00:00,2016-11-11 02:00:00,12,Beijing,Transformer,57.666668,59.250828,test
2016-11-10 15:00:00,2016-11-11 03:00:00,12,Beijing,Transformer,73.25,45.0856,test
2016-11-10 16:00:00,2016-11-11 04:00:00,12,Beijing,Transformer,90.5,35.609493,test
2016-11-10 17:00:00,2016-11-11 05:00:00,12,Beijing,Transformer,100.0,27.141682,test
2016-11-10 18:00:00,2016-11-11 06:00:00,12,Beijing,Transformer,99.833336,40.569416,test
2016-11-10 19:00:00,2016-11-11 07:00:00,12,Beijing,Transformer,103.666664,66.18824,test
2016-11-10 20:00:00,2016-11-11 08:00:00,12,Beijing,Transformer,115.833336,54.182762,test
2016-11-10 21:00:00,2016-11-11 09:00:00,12,Beijing,Transformer,116.583336,22.850922,test
2016-11-10 22:00:00,2016-11-11 10:00:00,12,Beijing,Transformer,114.166664,20.134125,test
2016-11-10 23:00:00,2016-11-11 11:00:00,12,Beijing,Transformer,107.0,23.562191,test
2016-11-11 00:00:00,2016-11-11 12:00:00,12,Beijing,Transformer,99.583336,33.53067,test
2016-11-11 01:00:00,2016-11-11 13:00:00,12,Beijing,Transformer,88.25,36.59856,test
2016-11-11 02:00:00,2016-11-11 14:00:00,12,Beijing,Transformer,68.833336,47.9364,test
2016-11-11 03:00:00,2016-11-11 15:00:00,12,Beijing,Transformer,58.0,60.582104,test
2016-11-11 04:00:00,2016-11-11 16:00:00,12,Beijing,Transformer,53.083332,71.04977,test
2016-11-11 05:00:00,2016-11-11 17:00:00,12,Beijing,Transformer,52.083332,79.75422,test
2016-11-11 06:00:00,2016-11-11 18:00:00,12,Beijing,Transformer,51.166668,86.278786,test
2016-11-11 07:00:00,2016-11-11 19:00:00,12,Beijing,Transformer,62.583332,88.96494,test
2016-11-11 08:00:00,2016-11-11 20:00:00,12,Beijing,Transformer,68.5,89.38898,test
2016-11-11 09:00:00,2016-11-11 21:00:00,12,Beijing,Transformer,67.25,92.51965,test
2016-11-11 10:00:00,2016-11-11 22:00:00,12,Beijing,Transformer,69.5,93.34099,test
2016-11-11 11:00:00,2016-11-11 23:00:00,12,Beijing,Transformer,72.583336,85.78467,test
2016-11-11 12:00:00,2016-11-12 00:00:00,12,Beijing,Transformer,68.5,79.20123,test
2016-11-11 13:00:00,2016-11-12 01:00:00,12,Beijing,Transformer,70.083336,81.469986,test
2016-11-11 14:00:00,2016-11-12 02:00:00,12,Beijing,Transformer,70.416664,76.06691,test
2016-11-11 15:00:00,2016-11-12 03:00:00,12,Beijing,Transformer,70.333336,81.43587,test
2016-11-11 16:00:00,2016-11-12 04:00:00,12,Beijing,Transformer,64.25,95.64255,test
2016-11-11 17:00:00,2016-11-12 05:00:00,12,Beijing,Transformer,65.25,83.36269,test
2016-11-11 18:00:00,2016-11-12 06:00:00,12,Beijing,Transformer,63.583332,68.33609,test
2016-11-11 19:00:00,2016-11-12 07:00:00,12,Beijing,Transformer,63.166668,62.55323,test
2016-11-11 20:00:00,2016-11-12 08:00:00,12,Beijing,Transformer,61.75,56.70154,test
2016-11-11 21:00:00,2016-11-12 09:00:00,12,Beijing,Transformer,57.75,49.534065,test
2016-11-11 22:00:00,2016-11-12 10:00:00,12,Beijing,Transformer,49.416668,50.345737,test
2016-11-11 23:00:00,2016-11-12 11:00:00,12,Beijing,Transformer,55.916668,49.990192,test
2016-11-12 00:00:00,2016-11-12 12:00:00,12,Beijing,Transformer,62.0,52.70969,test
2016-11-12 01:00:00,2016-11-12 13:00:00,12,Beijing,Transformer,74.583336,55.236572,test
2016-11-12 02:00:00,2016-11-12 14:00:00,12,Beijing,Transformer,77.416664,49.23187,test
2016-11-12 03:00:00,2016-11-12 15:00:00,12,Beijing,Transformer,81.0,59.46021,test
2016-11-12 04:00:00,2016-11-12 16:00:00,12,Beijing,Transformer,86.75,48.83962,test
2016-11-12 05:00:00,2016-11-12 17:00:00,12,Beijing,Transformer,90.25,70.238,test
2016-11-12 06:00:00,2016-11-12 18:00:00,12,Beijing,Transformer,96.583336,106.147995,test
2016-11-12 07:00:00,2016-11-12 19:00:00,12,Beijing,Transformer,104.083336,110.80269,test
2016-11-12 08:00:00,2016-11-12 20:00:00,12,Beijing,Transformer,103.916664,115.75874,test
2016-11-12 09:00:00,2016-11-12 21:00:00,12,Beijing,Transformer,102.916664,111.97174,test
2016-11-12 10:00:00,2016-11-12 22:00:00,12,Beijing,Transformer,88.166664,107.241455,test
2016-11-12 11:00:00,2016-11-12 23:00:00,12,Beijing,Transformer,65.666664,167.54378,test
2016-11-12 12:00:00,2016-11-13 00:00:00,12,Beijing,Transformer,54.916668,172.06017,test
2016-11-12 13:00:00,2016-11-13 01:00:00,12,Beijing,Transformer,51.583332,155.9201,test
2016-11-12 14:00:00,2016-11-13 02:00:00,12,Beijing,Transformer,49.916668,125.80888,test
2016-11-12 15:00:00,2016-11-13 03:00:00,12,Beijing,Transformer,47.416668,87.17009,test
2016-11-12 16:00:00,2016-11-13 04:00:00,12,Beijing,Transformer,49.0,82.39179,test
2016-11-12 17:00:00,2016-11-13 05:00:00,12,Beijing,Transformer,52.166668,79.658905,test
2016-11-12 18:00:00,2016-11-13 06:00:00,12,Beijing,Transformer,53.5,74.72206,test
2016-11-12 19:00:00,2016-11-13 07:00:00,12,Beijing,Transformer,56.833332,58.531902,test
2016-11-12 20:00:00,2016-11-13 08:00:00,12,Beijing,Transformer,59.583332,64.93514,test
2016-11-12 21:00:00,2016-11-13 09:00:00,12,Beijing,Transformer,63.333332,42.631844,test
2016-11-12 22:00:00,2016-11-13 10:00:00,12,Beijing,Transformer,69.0,41.487896,test
2016-11-12 23:00:00,2016-11-13 11:00:00,12,Beijing,Transformer,78.083336,26.283657,test
2016-11-13 00:00:00,2016-11-13 12:00:00,12,Beijing,Transformer,89.5,26.845512,test
2016-11-13 01:00:00,2016-11-13 13:00:00,12,Beijing,Transformer,98.166664,30.399067,test
2016-11-13 02:00:00,2016-11-13 14:00:00,12,Beijing,Transformer,108.166664,36.095463,test
2016-11-13 03:00:00,2016-11-13 15:00:00,12,Beijing,Transformer,115.916664,47.668022,test
2016-11-13 04:00:00,2016-11-13 16:00:00,12,Beijing,Transformer,124.083336,60.282635,test
2016-11-13 05:00:00,2016-11-13 17:00:00,12,Beijing,Transformer,132.25,66.597824,test
2016-11-13 06:00:00,2016-11-13 18:00:00,12,Beijing,Transformer,137.75,68.35014,test
2016-11-13 07:00:00,2016-11-13 19:00:00,12,Beijing,Transformer,143.83333,74.68136,test
2016-11-13 08:00:00,2016-11-13 20:00:00,12,Beijing,Transformer,146.5,80.02899,test
2016-11-13 09:00:00,2016-11-13 21:00:00,12,Beijing,Transformer,153.33333,86.56277,test
2016-11-13 10:00:00,2016-11-13 22:00:00,12,Beijing,Transformer,162.08333,94.03998,test
2016-11-13 11:00:00,2016-11-13 23:00:00,12,Beijing,Transformer,159.25,131.5182,test
2016-11-13 12:00:00,2016-11-14 00:00:00,12,Beijing,Transformer,155.33333,167.78113,test
2016-11-13 13:00:00,2016-11-14 01:00:00,12,Beijing,Transformer,146.16667,179.17099,test
2016-11-13 14:00:00,2016-11-14 02:00:00,12,Beijing,Transformer,141.41667,173.29774,test
2016-11-13 15:00:00,2016-11-14 03:00:00,12,Beijing,Transformer,133.25,130.87935,test
2016-11-13 16:00:00,2016-11-14 04:00:00,12,Beijing,Transformer,127.833336,154.93294,test
2016-11-13 17:00:00,2016-11-14 05:00:00,12,Beijing,Transformer,94.0,157.59999,test
2016-11-13 18:00:00,2016-11-14 06:00:00,12,Beijing,Transformer,49.333332,124.02025,test
2016-11-13 19:00:00,2016-11-14 07:00:00,12,Beijing,Transformer,23.833332,116.68637,test
2016-11-13 20:00:00,2016-11-14 08:00:00,12,Beijing,Transformer,13.333333,102.49585,test
2016-11-13 21:00:00,2016-11-14 09:00:00,12,Beijing,Transformer,12.083333,104.44126,test
2016-11-13 22:00:00,2016-11-14 10:00:00,12,Beijing,Transformer,9.916667,113.63023,test
2016-11-13 23:00:00,2016-11-14 11:00:00,12,Beijing,Transformer,8.25,110.06241,test
2016-11-14 00:00:00,2016-11-14 12:00:00,12,Beijing,Transformer,9.333333,71.44343,test
2016-11-14 01:00:00,2016-11-14 13:00:00,12,Beijing,Transformer,7.166667,56.4574,test
2016-11-14 02:00:00,2016-11-14 14:00:00,12,Beijing,Transformer,9.75,50.38602,test
2016-11-14 03:00:00,2016-11-14 15:00:00,12,Beijing,Transformer,6.333333,36.55569,test
2016-11-14 04:00:00,2016-11-14 16:00:00,12,Beijing,Transformer,6.916667,44.048107,test
2016-11-14 05:00:00,2016-11-14 17:00:00,12,Beijing,Transformer,6.083333,18.910355,test
2016-11-14 06:00:00,2016-11-14 18:00:00,12,Beijing,Transformer,7.333333,11.670168,test
2016-11-14 07:00:00,2016-11-14 19:00:00,12,Beijing,Transformer,11.916667,11.519152,test
2016-11-14 08:00:00,2016-11-14 20:00:00,12,Beijing,Transformer,14.416667,11.842724,test
2016-11-14 09:00:00,2016-11-14 21:00:00,12,Beijing,Transformer,15.916667,12.986312,test
2016-11-14 10:00:00,2016-11-14 22:00:00,12,Beijing,Transformer,14.416667,14.3067465,test
2016-11-14 11:00:00,2016-11-14 23:00:00,12,Beijing,Transformer,12.333333,14.966836,test
2016-11-14 12:00:00,2016-11-15 00:00:00,12,Beijing,Transformer,11.666667,15.798189,test
2016-11-14 13:00:00,2016-11-15 01:00:00,12,Beijing,Transformer,11.5,16.724146,test
2016-11-14 14:00:00,2016-11-15 02:00:00,12,Beijing,Transformer,13.75,16.111435,test
2016-11-14 15:00:00,2016-11-15 03:00:00,12,Beijing,Transformer,14.416667,13.850995,test
2016-11-14 16:00:00,2016-11-15 04:00:00,12,Beijing,Transformer,11.416667,13.123236,test
2016-11-14 17:00:00,2016-11-15 05:00:00,12,Beijing,Transformer,8.75,12.610462,test
2016-11-14 18:00:00,2016-11-15 06:00:00,12,Beijing,Transformer,10.416667,12.211141,test
2016-11-14 19:00:00,2016-11-15 07:00:00,12,Beijing,Transformer,14.5,12.586179,test
2016-11-14 20:00:00,2016-11-15 08:00:00,12,Beijing,Transformer,21.916668,13.843476,test
2016-11-14 21:00:00,2016-11-15 09:00:00,12,Beijing,Transformer,20.083332,15.149923,test
2016-11-14 22:00:00,2016-11-15 10:00:00,12,Beijing,Transformer,32.0,15.969391,test
2016-11-14 23:00:00,2016-11-15 11:00:00,12,Beijing,Transformer,33.25,15.862528,test
2016-11-15 00:00:00,2016-11-15 12:00:00,12,Beijing,Transformer,29.25,18.145988,test
2016-11-15 01:00:00,2016-11-15 13:00:00,12,Beijing,Transformer,30.25,24.584433,test
2016-11-15 02:00:00,2016-11-15 14:00:00,12,Beijing,Transformer,38.5,39.117123,test
2016-11-15 03:00:00,2016-11-15 15:00:00,12,Beijing,Transformer,46.583332,57.78269,test
2016-11-15 04:00:00,2016-11-15 16:00:00,12,Beijing,Transformer,47.916668,66.3239,test
2016-11-15 05:00:00,2016-11-15 17:00:00,12,Beijing,Transformer,48.833332,66.21347,test
2016-11-15 06:00:00,2016-11-15 18:00:00,12,Beijing,Transformer,58.166668,81.723694,test
2016-11-15 07:00:00,2016-11-15 19:00:00,12,Beijing,Transformer,65.75,88.888016,test
2016-11-15 08:00:00,2016-11-15 20:00:00,12,Beijing,Transformer,76.083336,91.34364,test
2016-11-15 09:00:00,2016-11-15 21:00:00,12,Beijing,Transformer,83.166664,81.12835,test
2016-11-15 10:00:00,2016-11-15 22:00:00,12,Beijing,Transformer,94.833336,110.53848,test
2016-11-15 11:00:00,2016-11-15 23:00:00,12,Beijing,Transformer,119.166664,101.79863,test
2016-11-15 12:00:00,2016-11-16 00:00:00,12,Beijing,Transformer,126.5,88.16835,test
2016-11-15 13:00:00,2016-11-16 01:00:00,12,Beijing,Transformer,110.583336,85.92119,test
2016-11-15 14:00:00,2016-11-16 02:00:00,12,Beijing,Transformer,103.583336,82.53064,test
2016-11-15 15:00:00,2016-11-16 03:00:00,12,Beijing,Transformer,92.916664,85.94336,test
2016-11-15 16:00:00,2016-11-16 04:00:00,12,Beijing,Transformer,83.416664,88.23515,test
2016-11-15 17:00:00,2016-11-16 05:00:00,12,Beijing,Transformer,74.75,85.249916,test
2016-11-15 18:00:00,2016-11-16 06:00:00,12,Beijing,Transformer,70.833336,88.68819,test
2016-11-15 19:00:00,2016-11-16 07:00:00,12,Beijing,Transformer,72.333336,88.730705,test
2016-11-15 20:00:00,2016-11-16 08:00:00,12,Beijing,Transformer,75.416664,90.85347,test
2016-11-15 21:00:00,2016-11-16 09:00:00,12,Beijing,Transformer,78.416664,86.17579,test
2016-11-15 22:00:00,2016-11-16 10:00:00,12,Beijing,Transformer,77.48333,88.96387,test
2016-11-15 23:00:00,2016-11-16 11:00:00,12,Beijing,Transformer,84.21667,103.23433,test
2016-11-16 00:00:00,2016-11-16 12:00:00,12,Beijing,Transformer,85.28333,133.0071,test
2016-11-16 01:00:00,2016-11-16 13:00:00,12,Beijing,Transformer,89.1,137.74667,test
2016-11-16 02:00:00,2016-11-16 14:00:00,12,Beijing,Transformer,92.583336,155.23903,test
2016-11-16 03:00:00,2016-11-16 15:00:00,12,Beijing,Transformer,93.47222,176.84178,test
2016-11-16 04:00:00,2016-11-16 16:00:00,12,Beijing,Transformer,91.611115,181.43791,test
2016-11-16 05:00:00,2016-11-16 17:00:00,12,Beijing,Transformer,90.333336,170.85304,test
2016-11-16 06:00:00,2016-11-16 18:00:00,12,Beijing,Transformer,97.0,191.9074,test
2016-11-16 07:00:00,2016-11-16 19:00:00,12,Beijing,Transformer,110.083336,194.46175,test
2016-11-16 08:00:00,2016-11-16 20:00:00,12,Beijing,Transformer,124.166664,192.92513,test
2016-11-16 09:00:00,2016-11-16 21:00:00,12,Beijing,Transformer,130.83333,183.8057,test
2016-11-16 10:00:00,2016-11-16 22:00:00,12,Beijing,Transformer,133.58333,136.01088,test
2016-11-16 11:00:00,2016-11-16 23:00:00,12,Beijing,Transformer,149.16667,100.97485,test
2016-11-16 12:00:00,2016-11-17 00:00:00,12,Beijing,Transformer,154.08333,107.4989,test
2016-11-16 13:00:00,2016-11-17 01:00:00,12,Beijing,Transformer,151.75,119.66603,test
2016-11-16 14:00:00,2016-11-17 02:00:00,12,Beijing,Transformer,153.16667,119.43175,test
2016-11-16 15:00:00,2016-11-17 03:00:00,12,Beijing,Transformer,152.83333,118.345695,test
2016-11-16 16:00:00,2016-11-17 04:00:00,12,Beijing,Transformer,136.33333,109.28813,test
2016-11-16 17:00:00,2016-11-17 05:00:00,12,Beijing,Transformer,113.5,102.01234,test
2016-11-16 18:00:00,2016-11-17 06:00:00,12,Beijing,Transformer,93.833336,77.13847,test
2016-11-16 19:00:00,2016-11-17 07:00:00,12,Beijing,Transformer,89.583336,81.48257,test
2016-11-16 20:00:00,2016-11-17 08:00:00,12,Beijing,Transformer,81.75,89.379974,test
2016-11-16 21:00:00,2016-11-17 09:00:00,12,Beijing,Transformer,81.833336,101.614204,test
2016-11-16 22:00:00,2016-11-17 10:00:00,12,Beijing,Transformer,82.833336,100.75595,test
2016-11-16 23:00:00,2016-11-17 11:00:00,12,Beijing,Transformer,84.166664,107.8298,test
2016-11-17 00:00:00,2016-11-17 12:00:00,12,Beijing,Transformer,85.0,104.94422,test
2016-11-17 01:00:00,2016-11-17 13:00:00,12,Beijing,Transformer,88.166664,106.63571,test
2016-11-17 02:00:00,2016-11-17 14:00:00,12,Beijing,Transformer,89.416664,111.71215,test
2016-11-17 03:00:00,2016-11-17 15:00:00,12,Beijing,Transformer,94.0,110.17691,test
2016-11-17 04:00:00,2016-11-17 16:00:00,12,Beijing,Transformer,101.333336,72.79731,test
2016-11-17 05:00:00,2016-11-17 17:00:00,12,Beijing,Transformer,107.0,75.001076,test
2016-11-17 06:00:00,2016-11-17 18:00:00,12,Beijing,Transformer,115.083336,79.90103,test
2016-11-17 07:00:00,2016-11-17 19:00:00,12,Beijing,Transformer,122.333336,84.91067,test
2016-11-17 08:00:00,2016-11-17 20:00:00,12,Beijing,Transformer,133.16667,88.5187,test
2016-11-17 09:00:00,2016-11-17 21:00:00,12,Beijing,Transformer,141.08333,95.823944,test
2016-11-17 10:00:00,2016-11-17 22:00:00,12,Beijing,Transformer,146.41667,109.38456,test
2016-11-17 11:00:00,2016-11-17 23:00:00,12,Beijing,Transformer,149.58333,99.59801,test
2016-11-17 12:00:00,2016-11-18 00:00:00,12,Beijing,Transformer,155.25,92.1425,test
2016-11-17 13:00:00,2016-11-18 01:00:00,12,Beijing,Transformer,164.08333,85.85361,test
2016-11-17 14:00:00,2016-11-18 02:00:00,12,Beijing,Transformer,164.91667,76.68872,test
2016-11-17 15:00:00,2016-11-18 03:00:00,12,Beijing,Transformer,164.75,76.68906,test
2016-11-17 16:00:00,2016-11-18 04:00:00,12,Beijing,Transformer,162.75,75.74377,test
2016-11-17 17:00:00,2016-11-18 05:00:00,12,Beijing,Transformer,159.75,70.96153,test
2016-11-17 18:00:00,2016-11-18 06:00:00,12,Beijing,Transformer,162.08333,69.17937,test
2016-11-17 19:00:00,2016-11-18 07:00:00,12,Beijing,Transformer,163.83333,76.57372,test
2016-11-17 20:00:00,2016-11-18 08:00:00,12,Beijing,Transformer,163.58333,85.47108,test
2016-11-17 21:00:00,2016-11-18 09:00:00,12,Beijing,Transformer,169.16667,98.94794,test
2016-11-17 22:00:00,2016-11-18 10:00:00,12,Beijing,Transformer,175.75,110.32619,test
2016-11-17 23:00:00,2016-11-18 11:00:00,12,Beijing,Transformer,188.91667,161.30707,test
2016-11-18 00:00:00,2016-11-18 12:00:00,12,Beijing,Transformer,201.08333,194.50615,test
2016-11-18 01:00:00,2016-11-18 13:00:00,12,Beijing,Transformer,213.16667,195.06697,test
2016-11-18 02:00:00,2016-11-18 14:00:00,12,Beijing,Transformer,221.16667,195.02104,test
2016-11-18 03:00:00,2016-11-18 15:00:00,12,Beijing,Transformer,223.0,195.05884,test
2016-11-18 04:00:00,2016-11-18 16:00:00,12,Beijing,Transformer,221.91667,195.04546,test
2016-11-18 05:00:00,2016-11-18 17:00:00,12,Beijing,Transformer,220.58333,195.07121,test
2016-11-18 06:00:00,2016-11-18 18:00:00,12,Beijing,Transformer,214.41667,195.07597,test
2016-11-18 07:00:00,2016-11-18 19:00:00,12,Beijing,Transformer,205.16667,195.08516,test
2016-11-18 08:00:00,2016-11-18 20:00:00,12,Beijing,Transformer,206.66667,195.09294,test
2016-11-18 09:00:00,2016-11-18 21:00:00,12,Beijing,Transformer,205.91667,195.09041,test
2016-11-18 10:00:00,2016-11-18 22:00:00,12,Beijing,Transformer,206.58333,195.08556,test
2016-11-18 11:00:00,2016-11-18 23:00:00,12,Beijing,Transformer,202.25,195.08217,test
2016-11-18 12:00:00,2016-11-19 00:00:00,12,Beijing,Transformer,212.08333,195.07915,test
2016-11-18 13:00:00,2016-11-19 01:00:00,12,Beijing,Transformer,221.33333,195.07631,test
2016-11-18 14:00:00,2016-11-19 02:00:00,12,Beijing,Transformer,219.41667,195.07535,test
2016-11-18 15:00:00,2016-11-19 03:00:00,12,Beijing,Transformer,213.58333,195.07454,test
2016-11-18 16:00:00,2016-11-19 04:00:00,12,Beijing,Transformer,200.75,195.0733,test
2016-11-18 17:00:00,2016-11-19 05:00:00,12,Beijing,Transformer,189.0,195.07274,test
2016-11-18 18:00:00,2016-11-19 06:00:00,12,Beijing,Transformer,177.08333,99.50894,test
2016-11-18 19:00:00,2016-11-19 07:00:00,12,Beijing,Transformer,124.916664,108.32406,test
2016-11-18 20:00:00,2016-11-19 08:00:00,12,Beijing,Transformer,79.5,132.95435,test
2016-11-18 21:00:00,2016-11-19 09:00:00,12,Beijing,Transformer,48.75,155.04543,test
2016-11-18 22:00:00,2016-11-19 10:00:00,12,Beijing,Transformer,43.416668,150.44255,test
2016-11-18 23:00:00,2016-11-19 11:00:00,12,Beijing,Transformer,35.916668,138.66432,test
2016-11-19 00:00:00,2016-11-19 12:00:00,12,Beijing,Transformer,31.75,146.1883,test
2016-11-19 01:00:00,2016-11-19 13:00:00,12,Beijing,Transformer,28.25,162.17601,test
2016-11-19 02:00:00,2016-11-19 14:00:00,12,Beijing,Transformer,22.75,185.89203,test
2016-11-19 03:00:00,2016-11-19 15:00:00,12,Beijing,Transformer,24.25,195.04417,test
2016-11-19 04:00:00,2016-11-19 16:00:00,12,Beijing,Transformer,47.75,195.03455,test
2016-11-19 05:00:00,2016-11-19 17:00:00,12,Beijing,Transformer,116.916664,52.15092,test
2016-11-19 06:00:00,2016-11-19 18:00:00,12,Beijing,Transformer,155.08333,39.72356,test
2016-11-19 07:00:00,2016-11-19 19:00:00,12,Beijing,Transformer,177.75,16.290287,test
2016-11-19 08:00:00,2016-11-19 20:00:00,12,Beijing,Transformer,192.58333,16.64242,test
2016-11-19 09:00:00,2016-11-19 21:00:00,12,Beijing,Transformer,169.91667,15.596643,test
2016-11-19 10:00:00,2016-11-19 22:00:00,12,Beijing,Transformer,135.0,16.437822,test
2016-11-19 11:00:00,2016-11-19 23:00:00,12,Beijing,Transformer,112.666664,23.02678,test
2016-11-19 12:00:00,2016-11-20 00:00:00,12,Beijing,Transformer,109.583336,36.849777,test
2016-11-19 13:00:00,2016-11-20 01:00:00,12,Beijing,Transformer,102.416664,53.75924,test
2016-11-19 14:00:00,2016-11-20 02:00:00,12,Beijing,Transformer,89.666664,59.014805,test
2016-11-19 15:00:00,2016-11-20 03:00:00,12,Beijing,Transformer,76.333336,45.568256,test
2016-11-19 16:00:00,2016-11-20 04:00:00,12,Beijing,Transformer,64.25,45.202602,test
2016-11-19 17:00:00,2016-11-20 05:00:00,12,Beijing,Transformer,58.583332,79.91397,test
2016-11-19 18:00:00,2016-11-20 06:00:00,12,Beijing,Transformer,51.25,85.644196,test
2016-11-19 19:00:00,2016-11-20 07:00:00,12,Beijing,Transformer,49.5,93.65266,test
2016-11-19 20:00:00,2016-11-20 08:00:00,12,Beijing,Transformer,47.916668,88.27395,test
2016-11-19 21:00:00,2016-11-20 09:00:00,12,Beijing,Transformer,52.666668,77.5869,test
2016-11-19 22:00:00,2016-11-20 10:00:00,12,Beijing,Transformer,57.25,58.85978,test
2016-11-19 23:00:00,2016-11-20 11:00:00,12,Beijing,Transformer,57.75,46.108192,test
2016-11-20 00:00:00,2016-11-20 12:00:00,12,Beijing,Transformer,63.916668,48.47192,test
2016-11-20 01:00:00,2016-11-20 13:00:00,12,Beijing,Transformer,68.666664,60.538017,test
2016-11-20 02:00:00,2016-11-20 14:00:00,12,Beijing,Transformer,68.416664,61.958725,test
2016-11-20 03:00:00,2016-11-20 15:00:00,12,Beijing,Transformer,67.0,67.00185,test
2016-11-20 04:00:00,2016-11-20 16:00:00,12,Beijing,Transformer,56.5,58.081852,test
2016-11-20 05:00:00,2016-11-20 17:00:00,12,Beijing,Transformer,52.0,45.463444,test
2016-11-20 06:00:00,2016-11-20 18:00:00,12,Beijing,Transformer,35.333332,43.65791,test
2016-11-20 07:00:00,2016-11-20 19:00:00,12,Beijing,Transformer,29.0,51.742214,test
2016-11-20 08:00:00,2016-11-20 20:00:00,12,Beijing,Transformer,21.416668,55.748478,test
2016-11-20 09:00:00,2016-11-20 21:00:00,12,Beijing,Transformer,14.916667,83.28322,test
2016-11-20 10:00:00,2016-11-20 22:00:00,12,Beijing,Transformer,13.166667,72.270355,test
2016-11-20 11:00:00,2016-11-20 23:00:00,12,Beijing,Transformer,12.0,72.90655,test
2016-11-20 12:00:00,2016-11-21 00:00:00,12,Beijing,Transformer,11.166667,74.952095,test
2016-11-20 13:00:00,2016-11-21 01:00:00,12,Beijing,Transformer,13.416667,77.585236,test
2016-11-20 14:00:00,2016-11-21 02:00:00,12,Beijing,Transformer,12.416667,66.61878,test
2016-11-20 15:00:00,2016-11-21 03:00:00,12,Beijing,Transformer,10.333333,57.737976,test
2016-11-20 16:00:00,2016-11-21 04:00:00,12,Beijing,Transformer,9.583333,30.27715,test
2016-11-20 17:00:00,2016-11-21 05:00:00,12,Beijing,Transformer,11.083333,29.652262,test
2016-11-20 18:00:00,2016-11-21 06:00:00,12,Beijing,Transformer,6.916667,13.20071,test
2016-11-20 19:00:00,2016-11-21 07:00:00,12,Beijing,Transformer,9.5,12.800284,test
2016-11-20 20:00:00,2016-11-21 08:00:00,12,Beijing,Transformer,7.333333,12.897592,test
2016-11-20 21:00:00,2016-11-21 09:00:00,12,Beijing,Transformer,8.5,12.9490795,test
2016-11-20 22:00:00,2016-11-21 10:00:00,12,Beijing,Transformer,9.583333,13.250656,test
2016-11-20 23:00:00,2016-11-21 11:00:00,12,Beijing,Transformer,9.416667,13.76464,test
2016-11-21 00:00:00,2016-11-21 12:00:00,12,Beijing,Transformer,9.666667,13.813898,test
2016-11-21 01:00:00,2016-11-21 13:00:00,12,Beijing,Transformer,11.0,13.783799,test
2016-11-21 02:00:00,2016-11-21 14:00:00,12,Beijing,Transformer,9.25,13.3219595,test
2016-11-21 03:00:00,2016-11-21 15:00:00,12,Beijing,Transformer,8.75,13.3499565,test
2016-11-21 04:00:00,2016-11-21 16:00:00,12,Beijing,Transformer,9.583333,13.221943,test
2016-11-21 05:00:00,2016-11-21 17:00:00,12,Beijing,Transformer,8.166667,13.035927,test
2016-11-21 06:00:00,2016-11-21 18:00:00,12,Beijing,Transformer,9.416667,13.07254,test
2016-11-21 07:00:00,2016-11-21 19:00:00,12,Beijing,Transformer,11.0,13.09472,test
2016-11-21 08:00:00,2016-11-21 20:00:00,12,Beijing,Transformer,10.833333,12.966848,test
2016-11-21 09:00:00,2016-11-21 21:00:00,12,Beijing,Transformer,9.083333,13.724941,test
2016-11-21 10:00:00,2016-11-21 22:00:00,12,Beijing,Transformer,8.416667,14.904544,test
2016-11-21 11:00:00,2016-11-21 23:00:00,12,Beijing,Transformer,7.083333,17.3574,test
2016-11-21 12:00:00,2016-11-22 00:00:00,12,Beijing,Transformer,8.25,21.191381,test
2016-11-21 13:00:00,2016-11-22 01:00:00,12,Beijing,Transformer,7.25,21.379978,test
2016-11-21 14:00:00,2016-11-22 02:00:00,12,Beijing,Transformer,5.333333,16.155657,test
2016-11-21 15:00:00,2016-11-22 03:00:00,12,Beijing,Transformer,5.916667,13.256621,test
2016-11-21 16:00:00,2016-11-22 04:00:00,12,Beijing,Transformer,6.0,13.202644,test
2016-11-21 17:00:00,2016-11-22 05:00:00,12,Beijing,Transformer,5.75,12.767622,test
2016-11-21 18:00:00,2016-11-22 06:00:00,12,Beijing,Transformer,4.666667,12.249311,test
2016-11-21 19:00:00,2016-11-22 07:00:00,12,Beijing,Transformer,6.5,12.391584,test
2016-11-21 20:00:00,2016-11-22 08:00:00,12,Beijing,Transformer,7.5,12.445432,test
2016-11-21 21:00:00,2016-11-22 09:00:00,12,Beijing,Transformer,7.833333,12.248909,test
2016-11-21 22:00:00,2016-11-22 10:00:00,12,Beijing,Transformer,8.083333,12.023433,test
2016-11-21 23:00:00,2016-11-22 11:00:00,12,Beijing,Transformer,7.75,11.933576,test
2016-11-22 00:00:00,2016-11-22 12:00:00,12,Beijing,Transformer,6.5,11.934527,test
2016-11-22 01:00:00,2016-11-22 13:00:00,12,Beijing,Transformer,6.0,12.192963,test
2016-11-22 02:00:00,2016-11-22 14:00:00,12,Beijing,Transformer,7.583333,12.309172,test
2016-11-22 03:00:00,2016-11-22 15:00:00,12,Beijing,Transformer,6.583333,12.560972,test
2016-11-22 04:00:00,2016-11-22 16:00:00,12,Beijing,Transformer,7.166667,12.526522,test
2016-11-22 05:00:00,2016-11-22 17:00:00,12,Beijing,Transformer,7.333333,12.727845,test
2016-11-22 06:00:00,2016-11-22 18:00:00,12,Beijing,Transformer,9.416667,15.280682,test
2016-11-22 07:00:00,2016-11-22 19:00:00,12,Beijing,Transformer,14.083333,18.036665,test
2016-11-22 08:00:00,2016-11-22 20:00:00,12,Beijing,Transformer,13.666667,16.330359,test
2016-11-22 09:00:00,2016-11-22 21:00:00,12,Beijing,Transformer,13.416667,21.312582,test
2016-11-22 10:00:00,2016-11-22 22:00:00,12,Beijing,Transformer,12.25,21.484297,test
2016-11-22 11:00:00,2016-11-22 23:00:00,12,Beijing,Transformer,11.333333,27.66507,test
2016-11-22 12:00:00,2016-11-23 00:00:00,12,Beijing,Transformer,11.333333,30.174664,test
2016-11-22 13:00:00,2016-11-23 01:00:00,12,Beijing,Transformer,11.0,32.894897,test
2016-11-22 14:00:00,2016-11-23 02:00:00,12,Beijing,Transformer,10.5,31.273237,test
2016-11-22 15:00:00,2016-11-23 03:00:00,12,Beijing,Transformer,10.333333,28.487053,test
2016-11-22 16:00:00,2016-11-23 04:00:00,12,Beijing,Transformer,8.666667,24.48745,test
2016-11-22 17:00:00,2016-11-23 05:00:00,12,Beijing,Transformer,8.416667,21.431606,test
2016-11-22 18:00:00,2016-11-23 06:00:00,12,Beijing,Transformer,9.25,15.127998,test
2016-11-22 19:00:00,2016-11-23 07:00:00,12,Beijing,Transformer,12.166667,14.413599,test
2016-11-22 20:00:00,2016-11-23 08:00:00,12,Beijing,Transformer,15.583333,13.9522705,test
2016-11-22 21:00:00,2016-11-23 09:00:00,12,Beijing,Transformer,24.75,13.658093,test
2016-11-22 22:00:00,2016-11-23 10:00:00,12,Beijing,Transformer,33.333332,13.17107,test
2016-11-22 23:00:00,2016-11-23 11:00:00,12,Beijing,Transformer,32.02778,12.279057,test
2016-11-23 00:00:00,2016-11-23 12:00:00,12,Beijing,Transformer,35.055557,12.1956625,test
2016-11-23 01:00:00,2016-11-23 13:00:00,12,Beijing,Transformer,31.5,12.4458885,test
2016-11-23 02:00:00,2016-11-23 14:00:00,12,Beijing,Transformer,31.416668,14.874834,test
2016-11-23 03:00:00,2016-11-23 15:00:00,12,Beijing,Transformer,18.666668,18.55995,test
2016-11-23 04:00:00,2016-11-23 16:00:00,12,Beijing,Transformer,10.416667,21.506706,test
2016-11-23 05:00:00,2016-11-23 17:00:00,12,Beijing,Transformer,16.333332,29.059134,test
2016-11-23 06:00:00,2016-11-23 18:00:00,12,Beijing,Transformer,23.333332,44.13219,test
2016-11-23 07:00:00,2016-11-23 19:00:00,12,Beijing,Transformer,29.25,51.660416,test
2016-11-23 08:00:00,2016-11-23 20:00:00,12,Beijing,Transformer,22.416668,56.477833,test
2016-11-23 09:00:00,2016-11-23 21:00:00,12,Beijing,Transformer,23.75,58.62959,test
2016-11-23 10:00:00,2016-11-23 22:00:00,12,Beijing,Transformer,14.416667,60.338398,test
2016-11-23 11:00:00,2016-11-23 23:00:00,12,Beijing,Transformer,10.5,57.849155,test
2016-11-23 12:00:00,2016-11-24 00:00:00,12,Beijing,Transformer,12.583333,59.032497,test
2016-11-23 13:00:00,2016-11-24 01:00:00,12,Beijing,Transformer,11.583333,60.74123,test
2016-11-23 14:00:00,2016-11-24 02:00:00,12,Beijing,Transformer,14.75,59.7799,test
2016-11-23 15:00:00,2016-11-24 03:00:00,12,Beijing,Transformer,11.333333,25.971355,test
2016-11-23 16:00:00,2016-11-24 04:00:00,12,Beijing,Transformer,11.916667,17.892105,test
2016-11-23 17:00:00,2016-11-24 05:00:00,12,Beijing,Transformer,12.666667,16.98275,test
2016-11-23 18:00:00,2016-11-24 06:00:00,12,Beijing,Transformer,16.666668,16.51352,test
2016-11-23 19:00:00,2016-11-24 07:00:00,12,Beijing,Transformer,17.916668,15.976381,test
2016-11-23 20:00:00,2016-11-24 08:00:00,12,Beijing,Transformer,31.333332,12.787605,test
2016-11-23 21:00:00,2016-11-24 09:00:00,12,Beijing,Transformer,54.0,12.053413,test
2016-11-23 22:00:00,2016-11-24 10:00:00,12,Beijing,Transformer,54.666668,11.529433,test
2016-11-23 23:00:00,2016-11-24 11:00:00,12,Beijing,Transformer,60.583332,12.970347,test
2016-11-24 00:00:00,2016-11-24 12:00:00,12,Beijing,Transformer,67.0,16.959124,test
2016-11-24 01:00:00,2016-11-24 13:00:00,12,Beijing,Transformer,68.5,20.198887,test
2016-11-24 02:00:00,2016-11-24 14:00:00,12,Beijing,Transformer,70.208336,21.765598,test
2016-11-24 03:00:00,2016-11-24 15:00:00,12,Beijing,Transformer,74.916664,25.956308,test
2016-11-24 04:00:00,2016-11-24 16:00:00,12,Beijing,Transformer,79.916664,26.457079,test
2016-11-24 05:00:00,2016-11-24 17:00:00,12,Beijing,Transformer,88.333336,35.69954,test
2016-11-24 06:00:00,2016-11-24 18:00:00,12,Beijing,Transformer,109.25,59.713055,test
2016-11-24 07:00:00,2016-11-24 19:00:00,12,Beijing,Transformer,136.16667,80.55589,test
2016-11-24 08:00:00,2016-11-24 20:00:00,12,Beijing,Transformer,152.33333,87.39614,test
2016-11-24 09:00:00,2016-11-24 21:00:00,12,Beijing,Transformer,157.5,91.82587,test
2016-11-24 10:00:00,2016-11-24 22:00:00,12,Beijing,Transformer,151.75,106.29854,test
2016-11-24 11:00:00,2016-11-24 23:00:00,12,Beijing,Transformer,152.75,129.78523,test
2016-11-24 12:00:00,2016-11-25 00:00:00,12,Beijing,Transformer,155.08333,137.44496,test
2016-11-24 13:00:00,2016-11-25 01:00:00,12,Beijing,Transformer,150.0,145.50093,test
2016-11-24 14:00:00,2016-11-25 02:00:00,12,Beijing,Transformer,143.5,134.60194,test
2016-11-24 15:00:00,2016-11-25 03:00:00,12,Beijing,Transformer,140.16667,110.217545,test
2016-11-24 16:00:00,2016-11-25 04:00:00,12,Beijing,Transformer,129.66667,111.97221,test
2016-11-24 17:00:00,2016-11-25 05:00:00,12,Beijing,Transformer,110.083336,128.68324,test
2016-11-24 18:00:00,2016-11-25 06:00:00,12,Beijing,Transformer,99.583336,106.02796,test
2016-11-24 19:00:00,2016-11-25 07:00:00,12,Beijing,Transformer,95.75,133.24571,test
2016-11-24 20:00:00,2016-11-25 08:00:00,12,Beijing,Transformer,91.583336,168.55368,test
2016-11-24 21:00:00,2016-11-25 09:00:00,12,Beijing,Transformer,92.5,182.46364,test
2016-11-24 22:00:00,2016-11-25 10:00:00,12,Beijing,Transformer,98.0,134.30779,test
2016-11-24 23:00:00,2016-11-25 11:00:00,12,Beijing,Transformer,103.0,144.84648,test
2016-11-25 00:00:00,2016-11-25 12:00:00,12,Beijing,Transformer,105.833336,147.92668,test
2016-11-25 01:00:00,2016-11-25 13:00:00,12,Beijing,Transformer,110.666664,135.15773,test
2016-11-25 02:00:00,2016-11-25 14:00:00,12,Beijing,Transformer,112.166664,140.9226,test
2016-11-25 03:00:00,2016-11-25 15:00:00,12,Beijing,Transformer,119.25,154.21634,test
2016-11-25 04:00:00,2016-11-25 16:00:00,12,Beijing,Transformer,139.66667,173.14647,test
2016-11-25 05:00:00,2016-11-25 17:00:00,12,Beijing,Transformer,160.66667,146.51353,test
2016-11-25 06:00:00,2016-11-25 18:00:00,12,Beijing,Transformer,191.58333,191.66754,test
2016-11-25 07:00:00,2016-11-25 19:00:00,12,Beijing,Transformer,236.5,194.28209,test
2016-11-25 08:00:00,2016-11-25 20:00:00,12,Beijing,Transformer,246.15237,194.83951,test
2016-11-25 09:00:00,2016-11-25 21:00:00,12,Beijing,Transformer,256.05475,194.45406,test
2016-11-25 10:00:00,2016-11-25 22:00:00,12,Beijing,Transformer,255.54742,194.73149,test
2016-11-25 11:00:00,2016-11-25 23:00:00,12,Beijing,Transformer,259.70676,194.38756,test
2016-11-25 12:00:00,2016-11-26 00:00:00,12,Beijing,Transformer,264.36606,194.88675,test
2016-11-25 13:00:00,2016-11-26 01:00:00,12,Beijing,Transformer,258.0476,194.95714,test
2016-11-25 14:00:00,2016-11-26 02:00:00,12,Beijing,Transformer,247.0,193.81993,test
2016-11-25 15:00:00,2016-11-26 03:00:00,12,Beijing,Transformer,250.83333,171.21605,test
2016-11-25 16:00:00,2016-11-26 04:00:00,12,Beijing,Transformer,236.16667,194.92987,test
2016-11-25 17:00:00,2016-11-26 05:00:00,12,Beijing,Transformer,246.65,195.03212,test
2016-11-25 18:00:00,2016-11-26 06:00:00,12,Beijing,Transformer,252.55,117.28618,test
2016-11-25 19:00:00,2016-11-26 07:00:00,12,Beijing,Transformer,241.95,146.3564,test
2016-11-25 20:00:00,2016-11-26 08:00:00,12,Beijing,Transformer,241.68333,194.23604,test
2016-11-25 21:00:00,2016-11-26 09:00:00,12,Beijing,Transformer,261.66666,194.87242,test
2016-11-25 22:00:00,2016-11-26 10:00:00,12,Beijing,Transformer,275.93054,193.02405,test
2016-11-25 23:00:00,2016-11-26 11:00:00,12,Beijing,Transformer,285.19446,190.72578,test
2016-11-26 00:00:00,2016-11-26 12:00:00,12,Beijing,Transformer,235.0,192.2721,test
2016-11-26 01:00:00,2016-11-26 13:00:00,12,Beijing,Transformer,217.33333,192.03557,test
2016-11-26 02:00:00,2016-11-26 14:00:00,12,Beijing,Transformer,203.08333,171.49664,test
2016-11-26 03:00:00,2016-11-26 15:00:00,12,Beijing,Transformer,188.5,180.36307,test
2016-11-26 04:00:00,2016-11-26 16:00:00,12,Beijing,Transformer,189.11905,182.32289,test
2016-11-26 05:00:00,2016-11-26 17:00:00,12,Beijing,Transformer,230.15475,184.49442,test
2016-11-26 06:00:00,2016-11-26 18:00:00,12,Beijing,Transformer,257.0238,193.16914,test
2016-11-26 07:00:00,2016-11-26 19:00:00,12,Beijing,Transformer,267.2143,195.0561,test
2016-11-26 08:00:00,2016-11-26 20:00:00,12,Beijing,Transformer,273.50198,195.09361,test
2016-11-26 09:00:00,2016-11-26 21:00:00,12,Beijing,Transformer,266.70636,195.09587,test
2016-11-26 10:00:00,2016-11-26 22:00:00,12,Beijing,Transformer,260.88293,195.08778,test
2016-11-26 11:00:00,2016-11-26 23:00:00,12,Beijing,Transformer,261.57938,195.06824,test
2016-11-26 12:00:00,2016-11-27 00:00:00,12,Beijing,Transformer,253.60913,116.0869,test
2016-11-26 13:00:00,2016-11-27 01:00:00,12,Beijing,Transformer,240.80556,144.28658,test
2016-11-26 14:00:00,2016-11-27 02:00:00,12,Beijing,Transformer,212.36111,152.26088,test
2016-11-26 15:00:00,2016-11-27 03:00:00,12,Beijing,Transformer,115.5,176.98218,test
2016-11-26 16:00:00,2016-11-27 04:00:00,12,Beijing,Transformer,88.916664,194.83168,test
2016-11-26 17:00:00,2016-11-27 05:00:00,12,Beijing,Transformer,65.333336,194.96822,test
2016-11-26 18:00:00,2016-11-27 06:00:00,12,Beijing,Transformer,47.666668,194.87285,test
2016-11-26 19:00:00,2016-11-27 07:00:00,12,Beijing,Transformer,37.583332,195.0358,test
2016-11-26 20:00:00,2016-11-27 08:00:00,12,Beijing,Transformer,20.333332,195.08424,test
2016-11-26 21:00:00,2016-11-27 09:00:00,12,Beijing,Transformer,12.833333,195.03209,test
2016-11-26 22:00:00,2016-11-27 10:00:00,12,Beijing,Transformer,13.333333,195.05302,test
2016-11-26 23:00:00,2016-11-27 11:00:00,12,Beijing,Transformer,11.083333,195.09373,test
2016-11-27 00:00:00,2016-11-27 12:00:00,12,Beijing,Transformer,9.833333,195.08772,test
2016-11-27 01:00:00,2016-11-27 13:00:00,12,Beijing,Transformer,9.333333,195.08568,test
2016-11-27 02:00:00,2016-11-27 14:00:00,12,Beijing,Transformer,9.5,193.31177,test
2016-11-27 03:00:00,2016-11-27 15:00:00,12,Beijing,Transformer,11.0,23.114815,test
2016-11-27 04:00:00,2016-11-27 16:00:00,12,Beijing,Transformer,8.333333,22.388851,test
2016-11-27 05:00:00,2016-11-27 17:00:00,12,Beijing,Transformer,10.083333,26.453674,test
2016-11-27 06:00:00,2016-11-27 18:00:00,12,Beijing,Transformer,12.5,34.17623,test
2016-11-27 07:00:00,2016-11-27 19:00:00,12,Beijing,Transformer,16.916668,39.6311,test
2016-11-27 08:00:00,2016-11-27 20:00:00,12,Beijing,Transformer,19.833332,35.643852,test
2016-11-27 09:00:00,2016-11-27 21:00:00,12,Beijing,Transformer,23.083332,26.41027,test
2016-11-27 10:00:00,2016-11-27 22:00:00,12,Beijing,Transformer,30.416668,25.152718,test
2016-11-27 11:00:00,2016-11-27 23:00:00,12,Beijing,Transformer,25.5,21.378431,test
2016-11-27 12:00:00,2016-11-28 00:00:00,12,Beijing,Transformer,24.25,24.889885,test
2016-11-27 13:00:00,2016-11-28 01:00:00,12,Beijing,Transformer,28.666668,24.460428,test
2016-11-27 14:00:00,2016-11-28 02:00:00,12,Beijing,Transformer,41.333332,30.100971,test
2016-11-27 15:00:00,2016-11-28 03:00:00,12,Beijing,Transformer,47.333332,22.300041,test
2016-11-27 16:00:00,2016-11-28 04:00:00,12,Beijing,Transformer,49.916668,23.457178,test
2016-11-27 17:00:00,2016-11-28 05:00:00,12,Beijing,Transformer,50.166668,25.98058,test
2016-11-27 18:00:00,2016-11-28 06:00:00,12,Beijing,Transformer,47.25,28.332153,test
2016-11-27 19:00:00,2016-11-28 07:00:00,12,Beijing,Transformer,47.5,23.81123,test
2016-11-27 20:00:00,2016-11-28 08:00:00,12,Beijing,Transformer,47.25,24.92514,test
2016-11-27 21:00:00,2016-11-28 09:00:00,12,Beijing,Transformer,46.5,24.247921,test
2016-11-27 22:00:00,2016-11-28 10:00:00,12,Beijing,Transformer,44.166668,31.959444,test
2016-11-27 23:00:00,2016-11-28 11:00:00,12,Beijing,Transformer,47.166668,23.836828,test
2016-11-28 00:00:00,2016-11-28 12:00:00,12,Beijing,Transformer,48.416668,35.049236,test
2016-11-28 01:00:00,2016-11-28 13:00:00,12,Beijing,Transformer,54.583332,46.201736,test
2016-11-28 02:00:00,2016-11-28 14:00:00,12,Beijing,Transformer,64.333336,66.96228,test
2016-11-28 03:00:00,2016-11-28 15:00:00,12,Beijing,Transformer,66.958336,77.54515,test
2016-11-28 04:00:00,2016-11-28 16:00:00,12,Beijing,Transformer,67.833336,86.92527,test
2016-11-28 05:00:00,2016-11-28 17:00:00,12,Beijing,Transformer,72.75,82.86479,test
2016-11-28 06:00:00,2016-11-28 18:00:00,12,Beijing,Transformer,80.333336,94.2703,test
2016-11-28 07:00:00,2016-11-28 19:00:00,12,Beijing,Transformer,94.166664,104.60133,test
2016-11-28 08:00:00,2016-11-28 20:00:00,12,Beijing,Transformer,95.0,116.43051,test
2016-11-28 09:00:00,2016-11-28 21:00:00,12,Beijing,Transformer,86.333336,119.98093,test
2016-11-28 10:00:00,2016-11-28 22:00:00,12,Beijing,Transformer,85.166664,110.78787,test
2016-11-28 11:00:00,2016-11-28 23:00:00,12,Beijing,Transformer,82.833336,116.8579,test
2016-11-28 12:00:00,2016-11-29 00:00:00,12,Beijing,Transformer,85.25,120.419205,test
2016-11-28 13:00:00,2016-11-29 01:00:00,12,Beijing,Transformer,86.0,129.33891,test
2016-11-28 14:00:00,2016-11-29 02:00:00,12,Beijing,Transformer,79.833336,132.63928,test
2016-11-28 15:00:00,2016-11-29 03:00:00,12,Beijing,Transformer,75.666664,111.42321,test
2016-11-28 16:00:00,2016-11-29 04:00:00,12,Beijing,Transformer,71.75,112.55751,test
2016-11-28 17:00:00,2016-11-29 05:00:00,12,Beijing,Transformer,68.25,117.53934,test
2016-11-28 18:00:00,2016-11-29 06:00:00,12,Beijing,Transformer,61.0,97.53125,test
2016-11-28 19:00:00,2016-11-29 07:00:00,12,Beijing,Transformer,50.833332,77.77513,test
2016-11-28 20:00:00,2016-11-29 08:00:00,12,Beijing,Transformer,48.0,81.44555,test
2016-11-28 21:00:00,2016-11-29 09:00:00,12,Beijing,Transformer,58.833332,90.054306,test
2016-11-28 22:00:00,2016-11-29 10:00:00,12,Beijing,Transformer,72.5,82.26063,test
2016-11-28 23:00:00,2016-11-29 11:00:00,12,Beijing,Transformer,97.25,90.11369,test
2016-11-29 00:00:00,2016-11-29 12:00:00,12,Beijing,Transformer,130.58333,89.53915,test
2016-11-29 01:00:00,2016-11-29 13:00:00,12,Beijing,Transformer,139.25,101.61065,test
2016-11-29 02:00:00,2016-11-29 14:00:00,12,Beijing,Transformer,137.83333,80.19583,test
2016-11-29 03:00:00,2016-11-29 15:00:00,12,Beijing,Transformer,124.0,92.98555,test
2016-11-29 04:00:00,2016-11-29 16:00:00,12,Beijing,Transformer,117.583336,100.173294,test
2016-11-29 05:00:00,2016-11-29 17:00:00,12,Beijing,Transformer,108.166664,109.90567,test
2016-11-29 06:00:00,2016-11-29 18:00:00,12,Beijing,Transformer,112.25,126.557686,test
2016-11-29 07:00:00,2016-11-29 19:00:00,12,Beijing,Transformer,112.75,123.316284,test
2016-11-29 08:00:00,2016-11-29 20:00:00,12,Beijing,Transformer,124.833336,118.78212,test
2016-11-29 09:00:00,2016-11-29 21:00:00,12,Beijing,Transformer,126.25,147.0947,test
2016-11-29 10:00:00,2016-11-29 22:00:00,12,Beijing,Transformer,118.666664,158.95316,test
2016-11-29 11:00:00,2016-11-29 23:00:00,12,Beijing,Transformer,114.0,190.8072,test
2016-11-29 12:00:00,2016-11-30 00:00:00,12,Beijing,Transformer,107.416664,195.07524,test
2016-11-29 13:00:00,2016-11-30 01:00:00,12,Beijing,Transformer,102.833336,195.10165,test
2016-11-29 14:00:00,2016-11-30 02:00:00,12,Beijing,Transformer,102.083336,195.10117,test
2016-11-29 15:00:00,2016-11-30 03:00:00,12,Beijing,Transformer,102.833336,194.94974,test
2016-11-29 16:00:00,2016-11-30 04:00:00,12,Beijing,Transformer,103.083336,177.24219,test
2016-11-29 17:00:00,2016-11-30 05:00:00,12,Beijing,Transformer,107.0,170.17531,test
2016-11-29 18:00:00,2016-11-30 06:00:00,12,Beijing,Transformer,115.083336,156.80536,test
2016-11-29 19:00:00,2016-11-30 07:00:00,12,Beijing,Transformer,113.5,157.07762,test
2016-11-29 20:00:00,2016-11-30 08:00:00,12,Beijing,Transformer,116.583336,168.31526,test
2016-11-29 21:00:00,2016-11-30 09:00:00,12,Beijing,Transformer,118.833336,162.12437,test
2016-11-29 22:00:00,2016-11-30 10:00:00,12,Beijing,Transformer,134.91667,139.59798,test
2016-11-29 23:00:00,2016-11-30 11:00:00,12,Beijing,Transformer,155.5,132.46834,test
2016-11-30 00:00:00,2016-11-30 12:00:00,12,Beijing,Transformer,175.66667,133.75737,test
2016-11-30 01:00:00,2016-11-30 13:00:00,12,Beijing,Transformer,156.66667,135.86064,test
2016-11-30 02:00:00,2016-11-30 14:00:00,12,Beijing,Transformer,129.91667,135.87811,test
2016-11-30 03:00:00,2016-11-30 15:00:00,12,Beijing,Transformer,105.916664,136.96506,test
2016-11-30 04:00:00,2016-11-30 16:00:00,12,Beijing,Transformer,87.166664,146.10657,test
2016-11-30 05:00:00,2016-11-30 17:00:00,12,Beijing,Transformer,51.416668,146.88353,test
2016-11-30 06:00:00,2016-11-30 18:00:00,12,Beijing,Transformer,30.333332,160.68582,test
2016-11-30 07:00:00,2016-11-30 19:00:00,12,Beijing,Transformer,10.0,163.11691,test
2016-11-30 08:00:00,2016-11-30 20:00:00,12,Beijing,Transformer,9.583333,142.96739,test
2016-11-30 09:00:00,2016-11-30 21:00:00,12,Beijing,Transformer,7.416667,112.83836,test
2016-11-30 10:00:00,2016-11-30 22:00:00,12,Beijing,Transformer,8.083333,126.0369,test
2016-11-30 11:00:00,2016-11-30 23:00:00,12,Beijing,Transformer,9.25,155.15646,test
2016-11-30 12:00:00,2016-12-01 00:00:00,12,Beijing,Transformer,8.583333,139.45515,test
2016-11-30 13:00:00,2016-12-01 01:00:00,12,Beijing,Transformer,11.833333,122.45346,test
2016-11-30 14:00:00,2016-12-01 02:00:00,12,Beijing,Transformer,11.916667,83.89887,test
2016-11-30 15:00:00,2016-12-01 03:00:00,12,Beijing,Transformer,9.75,73.42015,test
2016-11-30 16:00:00,2016-12-01 04:00:00,12,Beijing,Transformer,9.583333,31.852627,test
2016-11-30 17:00:00,2016-12-01 05:00:00,12,Beijing,Transformer,7.583333,15.265657,test
2016-11-30 18:00:00,2016-12-01 06:00:00,12,Beijing,Transformer,8.416667,11.303341,test
2016-11-30 19:00:00,2016-12-01 07:00:00,12,Beijing,Transformer,8.166667,10.92698,test
2016-11-30 20:00:00,2016-12-01 08:00:00,12,Beijing,Transformer,10.416667,13.071568,test
2016-11-30 21:00:00,2016-12-01 09:00:00,12,Beijing,Transformer,11.25,15.515917,test
2016-11-30 22:00:00,2016-12-01 10:00:00,12,Beijing,Transformer,10.333333,14.7554035,test
2016-11-30 23:00:00,2016-12-01 11:00:00,12,Beijing,Transformer,8.75,15.495315,test
2016-12-01 00:00:00,2016-12-01 12:00:00,12,Beijing,Transformer,8.916667,17.556065,test
2016-12-01 01:00:00,2016-12-01 13:00:00,12,Beijing,Transformer,10.833333,21.623726,test
2016-12-01 02:00:00,2016-12-01 14:00:00,12,Beijing,Transformer,10.833333,28.972172,test
2016-12-01 03:00:00,2016-12-01 15:00:00,12,Beijing,Transformer,10.833333,31.91471,test
2016-12-01 04:00:00,2016-12-01 16:00:00,12,Beijing,Transformer,13.333333,37.225574,test
2016-12-01 05:00:00,2016-12-01 17:00:00,12,Beijing,Transformer,25.0,30.454693,test
2016-12-01 06:00:00,2016-12-01 18:00:00,12,Beijing,Transformer,50.0,44.91451,test
2016-12-01 07:00:00,2016-12-01 19:00:00,12,Beijing,Transformer,69.25,40.868256,test
2016-12-01 08:00:00,2016-12-01 20:00:00,12,Beijing,Transformer,86.25,51.568142,test
2016-12-01 09:00:00,2016-12-01 21:00:00,12,Beijing,Transformer,85.75,61.63856,test
2016-12-01 10:00:00,2016-12-01 22:00:00,12,Beijing,Transformer,87.583336,60.099903,test
2016-12-01 11:00:00,2016-12-01 23:00:00,12,Beijing,Transformer,93.083336,61.946915,test
2016-12-01 12:00:00,2016-12-02 00:00:00,12,Beijing,Transformer,95.583336,71.92059,test
2016-12-01 13:00:00,2016-12-02 01:00:00,12,Beijing,Transformer,95.166664,78.27132,test
2016-12-01 14:00:00,2016-12-02 02:00:00,12,Beijing,Transformer,97.333336,75.57797,test
2016-12-01 15:00:00,2016-12-02 03:00:00,12,Beijing,Transformer,87.916664,68.00627,test
2016-12-01 16:00:00,2016-12-02 04:00:00,12,Beijing,Transformer,73.083336,66.47882,test
2016-12-01 17:00:00,2016-12-02 05:00:00,12,Beijing,Transformer,53.166668,68.01332,test
2016-12-01 18:00:00,2016-12-02 06:00:00,12,Beijing,Transformer,46.25,79.29204,test
2016-12-01 19:00:00,2016-12-02 07:00:00,12,Beijing,Transformer,47.083332,85.140915,test
2016-12-01 20:00:00,2016-12-02 08:00:00,12,Beijing,Transformer,40.916668,98.804825,test
2016-12-01 21:00:00,2016-12-02 09:00:00,12,Beijing,Transformer,42.416668,88.55064,test
2016-12-01 22:00:00,2016-12-02 10:00:00,12,Beijing,Transformer,47.0,82.92478,test
2016-12-01 23:00:00,2016-12-02 11:00:00,12,Beijing,Transformer,52.166668,82.28583,test
2016-12-02 00:00:00,2016-12-02 12:00:00,12,Beijing,Transformer,58.083332,76.52443,test
2016-12-02 01:00:00,2016-12-02 13:00:00,12,Beijing,Transformer,58.083332,81.08259,test
2016-12-02 02:00:00,2016-12-02 14:00:00,12,Beijing,Transformer,64.770836,87.90936,test
2016-12-02 03:00:00,2016-12-02 15:00:00,12,Beijing,Transformer,75.958336,107.97648,test
2016-12-02 04:00:00,2016-12-02 16:00:00,12,Beijing,Transformer,88.395836,152.20454,test
2016-12-02 05:00:00,2016-12-02 17:00:00,12,Beijing,Transformer,113.916664,191.1488,test
2016-12-02 06:00:00,2016-12-02 18:00:00,12,Beijing,Transformer,135.33333,195.06737,test
2016-12-02 07:00:00,2016-12-02 19:00:00,12,Beijing,Transformer,147.83333,195.10222,test
2016-12-02 08:00:00,2016-12-02 20:00:00,12,Beijing,Transformer,162.41667,195.10278,test
2016-12-02 09:00:00,2016-12-02 21:00:00,12,Beijing,Transformer,176.75,195.09912,test
2016-12-02 10:00:00,2016-12-02 22:00:00,12,Beijing,Transformer,185.25,190.1429,test
2016-12-02 11:00:00,2016-12-02 23:00:00,12,Beijing,Transformer,180.33333,194.14796,test
2016-12-02 12:00:00,2016-12-03 00:00:00,12,Beijing,Transformer,158.5,195.04181,test
2016-12-02 13:00:00,2016-12-03 01:00:00,12,Beijing,Transformer,137.08333,195.10045,test
2016-12-02 14:00:00,2016-12-03 02:00:00,12,Beijing,Transformer,132.33333,195.07886,test
2016-12-02 15:00:00,2016-12-03 03:00:00,12,Beijing,Transformer,132.5,195.00386,test
2016-12-02 16:00:00,2016-12-03 04:00:00,12,Beijing,Transformer,123.833336,192.94316,test
2016-12-02 17:00:00,2016-12-03 05:00:00,12,Beijing,Transformer,107.416664,193.98698,test
2016-12-02 18:00:00,2016-12-03 06:00:00,12,Beijing,Transformer,89.833336,158.34749,test
2016-12-02 19:00:00,2016-12-03 07:00:00,12,Beijing,Transformer,82.5,138.83391,test
2016-12-02 20:00:00,2016-12-03 08:00:00,12,Beijing,Transformer,81.666664,125.387215,test
2016-12-02 21:00:00,2016-12-03 09:00:00,12,Beijing,Transformer,84.833336,184.13136,test
2016-12-02 22:00:00,2016-12-03 10:00:00,12,Beijing,Transformer,96.333336,195.07674,test
2016-12-02 23:00:00,2016-12-03 11:00:00,12,Beijing,Transformer,93.5,193.42963,test
2016-12-03 00:00:00,2016-12-03 12:00:00,12,Beijing,Transformer,111.416664,170.35652,test
2016-12-03 01:00:00,2016-12-03 13:00:00,12,Beijing,Transformer,141.83333,173.75974,test
2016-12-03 02:00:00,2016-12-03 14:00:00,12,Beijing,Transformer,166.0,192.2039,test
2016-12-03 03:00:00,2016-12-03 15:00:00,12,Beijing,Transformer,196.5,193.53386,test
2016-12-03 04:00:00,2016-12-03 16:00:00,12,Beijing,Transformer,226.58333,193.33888,test
2016-12-03 05:00:00,2016-12-03 17:00:00,12,Beijing,Transformer,239.0,193.80286,test
2016-12-03 06:00:00,2016-12-03 18:00:00,12,Beijing,Transformer,249.97223,194.88744,test
2016-12-03 07:00:00,2016-12-03 19:00:00,12,Beijing,Transformer,257.71112,195.0743,test
2016-12-03 08:00:00,2016-12-03 20:00:00,12,Beijing,Transformer,258.95,195.10786,test
2016-12-03 09:00:00,2016-12-03 21:00:00,12,Beijing,Transformer,254.35556,195.10832,test
2016-12-03 10:00:00,2016-12-03 22:00:00,12,Beijing,Transformer,259.7611,195.10683,test
2016-12-03 11:00:00,2016-12-03 23:00:00,12,Beijing,Transformer,264.16666,195.10661,test
2016-12-03 12:00:00,2016-12-04 00:00:00,12,Beijing,Transformer,220.25,195.10696,test
2016-12-03 13:00:00,2016-12-04 01:00:00,12,Beijing,Transformer,217.6875,195.09465,test
2016-12-03 14:00:00,2016-12-04 02:00:00,12,Beijing,Transformer,229.875,195.0367,test
2016-12-03 15:00:00,2016-12-04 03:00:00,12,Beijing,Transformer,221.4375,195.0149,test
2016-12-03 16:00:00,2016-12-04 04:00:00,12,Beijing,Transformer,204.25,195.09909,test
2016-12-03 17:00:00,2016-12-04 05:00:00,12,Beijing,Transformer,206.4,195.10167,test
2016-12-03 18:00:00,2016-12-04 06:00:00,12,Beijing,Transformer,190.8,195.09695,test
2016-12-03 19:00:00,2016-12-04 07:00:00,12,Beijing,Transformer,208.83333,195.09749,test
2016-12-03 20:00:00,2016-12-04 08:00:00,12,Beijing,Transformer,188.83333,195.09692,test
2016-12-03 21:00:00,2016-12-04 09:00:00,12,Beijing,Transformer,237.77777,195.0976,test
2016-12-03 22:00:00,2016-12-04 10:00:00,12,Beijing,Transformer,239.59091,195.09746,test
2016-12-03 23:00:00,2016-12-04 11:00:00,12,Beijing,Transformer,211.58333,195.09943,test
2016-12-04 00:00:00,2016-12-04 12:00:00,12,Beijing,Transformer,179.66667,160.5378,test
2016-12-04 01:00:00,2016-12-04 13:00:00,12,Beijing,Transformer,160.08333,176.10512,test
2016-12-04 02:00:00,2016-12-04 14:00:00,12,Beijing,Transformer,124.916664,195.09782,test
2016-12-04 03:00:00,2016-12-04 15:00:00,12,Beijing,Transformer,83.0,195.09291,test
2016-12-04 04:00:00,2016-12-04 16:00:00,12,Beijing,Transformer,65.916664,195.09102,test
2016-12-04 05:00:00,2016-12-04 17:00:00,12,Beijing,Transformer,72.0,195.0913,test
2016-12-04 06:00:00,2016-12-04 18:00:00,12,Beijing,Transformer,105.0,195.08777,test
2016-12-04 07:00:00,2016-12-04 19:00:00,12,Beijing,Transformer,198.41667,195.08495,test
2016-12-04 08:00:00,2016-12-04 20:00:00,12,Beijing,Transformer,232.41667,195.0814,test
2016-12-04 09:00:00,2016-12-04 21:00:00,12,Beijing,Transformer,244.75,195.08623,test
2016-12-04 10:00:00,2016-12-04 22:00:00,12,Beijing,Transformer,239.08333,195.0833,test
2016-12-04 11:00:00,2016-12-04 23:00:00,12,Beijing,Transformer,224.5,195.07973,test
2016-12-04 12:00:00,2016-12-05 00:00:00,12,Beijing,Transformer,194.27777,195.07674,test
2016-12-04 13:00:00,2016-12-05 01:00:00,12,Beijing,Transformer,136.38889,195.06256,test
2016-12-04 14:00:00,2016-12-05 02:00:00,12,Beijing,Transformer,124.75,186.69272,test
2016-12-04 15:00:00,2016-12-05 03:00:00,12,Beijing,Transformer,110.916664,165.33849,test
2016-12-04 16:00:00,2016-12-05 04:00:00,12,Beijing,Transformer,104.0,182.25981,test
2016-12-04 17:00:00,2016-12-05 05:00:00,12,Beijing,Transformer,101.333336,194.9479,test
2016-12-04 18:00:00,2016-12-05 06:00:00,12,Beijing,Transformer,91.0,195.0432,test
2016-12-04 19:00:00,2016-12-05 07:00:00,12,Beijing,Transformer,74.916664,195.06993,test
2016-12-04 20:00:00,2016-12-05 08:00:00,12,Beijing,Transformer,66.416664,195.06859,test
2016-12-04 21:00:00,2016-12-05 09:00:00,12,Beijing,Transformer,39.083332,195.0689,test
2016-12-04 22:00:00,2016-12-05 10:00:00,12,Beijing,Transformer,15.916667,195.06862,test
2016-12-04 23:00:00,2016-12-05 11:00:00,12,Beijing,Transformer,11.333333,195.06946,test
2016-12-05 00:00:00,2016-12-05 12:00:00,12,Beijing,Transformer,6.083333,105.99715,test
2016-12-05 01:00:00,2016-12-05 13:00:00,12,Beijing,Transformer,7.5,52.584435,test
2016-12-05 02:00:00,2016-12-05 14:00:00,12,Beijing,Transformer,8.083333,52.518005,test
2016-12-05 03:00:00,2016-12-05 15:00:00,12,Beijing,Transformer,6.75,59.05246,test
2016-12-05 04:00:00,2016-12-05 16:00:00,12,Beijing,Transformer,6.375,78.528656,test
2016-12-05 05:00:00,2016-12-05 17:00:00,12,Beijing,Transformer,5.833333,84.689514,test
2016-12-05 06:00:00,2016-12-05 18:00:00,12,Beijing,Transformer,6.416667,103.30609,test
2016-12-05 07:00:00,2016-12-05 19:00:00,12,Beijing,Transformer,9.25,71.671165,test
2016-12-05 08:00:00,2016-12-05 20:00:00,12,Beijing,Transformer,11.833333,16.306137,test
2016-12-05 09:00:00,2016-12-05 21:00:00,12,Beijing,Transformer,15.416667,13.265339,test
2016-12-05 10:00:00,2016-12-05 22:00:00,12,Beijing,Transformer,18.416668,12.973831,test
2016-12-05 11:00:00,2016-12-05 23:00:00,12,Beijing,Transformer,22.416668,13.073019,test
2016-12-05 12:00:00,2016-12-06 00:00:00,12,Beijing,Transformer,28.583332,13.354141,test
2016-12-05 13:00:00,2016-12-06 01:00:00,12,Beijing,Transformer,35.583332,13.428793,test
2016-12-05 14:00:00,2016-12-06 02:00:00,12,Beijing,Transformer,39.916668,13.835503,test
2016-12-05 15:00:00,2016-12-06 03:00:00,12,Beijing,Transformer,38.333332,13.422874,test
2016-12-05 16:00:00,2016-12-06 04:00:00,12,Beijing,Transformer,38.25,13.260962,test
2016-12-05 17:00:00,2016-12-06 05:00:00,12,Beijing,Transformer,40.333332,13.1247425,test
2016-12-05 18:00:00,2016-12-06 06:00:00,12,Beijing,Transformer,39.25,13.423542,test
2016-12-05 19:00:00,2016-12-06 07:00:00,12,Beijing,Transformer,45.75,13.887954,test
2016-12-05 20:00:00,2016-12-06 08:00:00,12,Beijing,Transformer,56.75,14.084684,test
2016-12-05 21:00:00,2016-12-06 09:00:00,12,Beijing,Transformer,59.583332,14.701998,test
2016-12-05 22:00:00,2016-12-06 10:00:00,12,Beijing,Transformer,63.5,15.6984825,test
2016-12-05 23:00:00,2016-12-06 11:00:00,12,Beijing,Transformer,70.083336,17.05198,test
2016-12-06 00:00:00,2016-12-06 12:00:00,12,Beijing,Transformer,71.708336,19.116299,test
2016-12-06 01:00:00,2016-12-06 13:00:00,12,Beijing,Transformer,77.666664,28.169037,test
2016-12-06 02:00:00,2016-12-06 14:00:00,12,Beijing,Transformer,82.69444,35.269127,test
2016-12-06 03:00:00,2016-12-06 15:00:00,12,Beijing,Transformer,89.0,39.574505,test
2016-12-06 04:00:00,2016-12-06 16:00:00,12,Beijing,Transformer,92.861115,50.084553,test
2016-12-06 05:00:00,2016-12-06 17:00:00,12,Beijing,Transformer,99.486115,61.892544,test
2016-12-06 06:00:00,2016-12-06 18:00:00,12,Beijing,Transformer,115.416664,60.073917,test
2016-12-06 07:00:00,2016-12-06 19:00:00,12,Beijing,Transformer,117.583336,87.34108,test
2016-12-06 08:00:00,2016-12-06 20:00:00,12,Beijing,Transformer,128.08333,126.54842,test
2016-12-06 09:00:00,2016-12-06 21:00:00,12,Beijing,Transformer,142.08333,146.09767,test
2016-12-06 10:00:00,2016-12-06 22:00:00,12,Beijing,Transformer,130.08333,127.47403,test
2016-12-06 11:00:00,2016-12-06 23:00:00,12,Beijing,Transformer,130.08333,164.55232,test
2016-12-06 12:00:00,2016-12-07 00:00:00,12,Beijing,Transformer,141.91667,176.47685,test
2016-12-06 13:00:00,2016-12-07 01:00:00,12,Beijing,Transformer,122.25,177.95164,test
2016-12-06 14:00:00,2016-12-07 02:00:00,12,Beijing,Transformer,113.0,161.2412,test
2016-12-06 15:00:00,2016-12-07 03:00:00,12,Beijing,Transformer,112.916664,135.99232,test
2016-12-06 16:00:00,2016-12-07 04:00:00,12,Beijing,Transformer,107.916664,119.85182,test
2016-12-06 17:00:00,2016-12-07 05:00:00,12,Beijing,Transformer,95.75,114.964676,test
2016-12-06 18:00:00,2016-12-07 06:00:00,12,Beijing,Transformer,72.25,91.310486,test
2016-12-06 19:00:00,2016-12-07 07:00:00,12,Beijing,Transformer,51.833332,50.177383,test
2016-12-06 20:00:00,2016-12-07 08:00:00,12,Beijing,Transformer,45.833332,60.183735,test
2016-12-06 21:00:00,2016-12-07 09:00:00,12,Beijing,Transformer,53.916668,83.96676,test
2016-12-06 22:00:00,2016-12-07 10:00:00,12,Beijing,Transformer,86.583336,107.945496,test
2016-12-06 23:00:00,2016-12-07 11:00:00,12,Beijing,Transformer,119.583336,103.48734,test
2016-12-07 00:00:00,2016-12-07 12:00:00,12,Beijing,Transformer,112.75,106.54985,test
2016-12-07 01:00:00,2016-12-07 13:00:00,12,Beijing,Transformer,102.75,87.453156,test
2016-12-07 02:00:00,2016-12-07 14:00:00,12,Beijing,Transformer,108.416664,59.70731,test
2016-12-07 03:00:00,2016-12-07 15:00:00,12,Beijing,Transformer,124.25,66.29869,test
2016-12-07 04:00:00,2016-12-07 16:00:00,12,Beijing,Transformer,158.25,69.32832,test
2016-12-07 05:00:00,2016-12-07 17:00:00,12,Beijing,Transformer,162.16667,73.735596,test
2016-12-07 06:00:00,2016-12-07 18:00:00,12,Beijing,Transformer,165.41667,77.51353,test
2016-12-07 07:00:00,2016-12-07 19:00:00,12,Beijing,Transformer,162.5,61.047276,test
2016-12-07 08:00:00,2016-12-07 20:00:00,12,Beijing,Transformer,169.16667,81.56172,test
2016-12-07 09:00:00,2016-12-07 21:00:00,12,Beijing,Transformer,167.83333,127.55875,test
2016-12-07 10:00:00,2016-12-07 22:00:00,12,Beijing,Transformer,166.25,187.3732,test
2016-12-07 11:00:00,2016-12-07 23:00:00,12,Beijing,Transformer,183.25,194.19954,test
2016-12-07 12:00:00,2016-12-08 00:00:00,12,Beijing,Transformer,189.75,189.3087,test
2016-12-07 13:00:00,2016-12-08 01:00:00,12,Beijing,Transformer,204.16667,190.21,test
2016-12-07 14:00:00,2016-12-08 02:00:00,12,Beijing,Transformer,198.16667,174.84938,test
2016-12-07 15:00:00,2016-12-08 03:00:00,12,Beijing,Transformer,199.16667,184.52579,test
2016-12-07 16:00:00,2016-12-08 04:00:00,12,Beijing,Transformer,196.83333,193.28214,test
2016-12-07 17:00:00,2016-12-08 05:00:00,12,Beijing,Transformer,190.5,137.7647,test
2016-12-07 18:00:00,2016-12-08 06:00:00,12,Beijing,Transformer,183.16667,143.42258,test
2016-12-07 19:00:00,2016-12-08 07:00:00,12,Beijing,Transformer,178.0,131.22908,test
2016-12-07 20:00:00,2016-12-08 08:00:00,12,Beijing,Transformer,175.58333,131.40022,test
2016-12-07 21:00:00,2016-12-08 09:00:00,12,Beijing,Transformer,181.41667,115.19275,test
2016-12-07 22:00:00,2016-12-08 10:00:00,12,Beijing,Transformer,153.5,107.899605,test
2016-12-07 23:00:00,2016-12-08 11:00:00,12,Beijing,Transformer,55.333332,121.42995,test
2016-12-08 00:00:00,2016-12-08 12:00:00,12,Beijing,Transformer,21.166668,147.46791,test
2016-12-08 01:00:00,2016-12-08 13:00:00,12,Beijing,Transformer,8.833333,175.0863,test
2016-12-08 02:00:00,2016-12-08 14:00:00,12,Beijing,Transformer,6.166667,183.72212,test
2016-12-08 03:00:00,2016-12-08 15:00:00,12,Beijing,Transformer,7.083333,191.67719,test
2016-12-08 04:00:00,2016-12-08 16:00:00,12,Beijing,Transformer,5.583333,192.76546,test
2016-12-08 05:00:00,2016-12-08 17:00:00,12,Beijing,Transformer,6.75,186.69714,test
2016-12-08 06:00:00,2016-12-08 18:00:00,12,Beijing,Transformer,9.75,179.45102,test
2016-12-08 07:00:00,2016-12-08 19:00:00,12,Beijing,Transformer,10.0,182.68523,test
2016-12-08 08:00:00,2016-12-08 20:00:00,12,Beijing,Transformer,10.0,187.3439,test
2016-12-08 09:00:00,2016-12-08 21:00:00,12,Beijing,Transformer,7.833333,191.85371,test
2016-12-08 10:00:00,2016-12-08 22:00:00,12,Beijing,Transformer,7.333333,18.464106,test
2016-12-08 11:00:00,2016-12-08 23:00:00,12,Beijing,Transformer,6.25,11.716062,test
2016-12-08 12:00:00,2016-12-09 00:00:00,12,Beijing,Transformer,6.916667,10.6171055,test
2016-12-08 13:00:00,2016-12-09 01:00:00,12,Beijing,Transformer,7.5,10.232314,test
2016-12-08 14:00:00,2016-12-09 02:00:00,12,Beijing,Transformer,9.083333,10.38139,test
2016-12-08 15:00:00,2016-12-09 03:00:00,12,Beijing,Transformer,9.333333,10.988491,test
2016-12-08 16:00:00,2016-12-09 04:00:00,12,Beijing,Transformer,10.333333,12.177198,test
2016-12-08 17:00:00,2016-12-09 05:00:00,12,Beijing,Transformer,10.416667,14.3903,test
2016-12-08 18:00:00,2016-12-09 06:00:00,12,Beijing,Transformer,9.333333,13.9763365,test
2016-12-08 19:00:00,2016-12-09 07:00:00,12,Beijing,Transformer,10.833333,14.875158,test
2016-12-08 20:00:00,2016-12-09 08:00:00,12,Beijing,Transformer,12.75,16.485323,test
2016-12-08 21:00:00,2016-12-09 09:00:00,12,Beijing,Transformer,13.416667,16.425556,test
2016-12-08 22:00:00,2016-12-09 10:00:00,12,Beijing,Transformer,13.166667,15.667048,test
2016-12-08 23:00:00,2016-12-09 11:00:00,12,Beijing,Transformer,13.166667,15.66287,test
2016-12-09 00:00:00,2016-12-09 12:00:00,12,Beijing,Transformer,11.0,15.691643,test
2016-12-09 01:00:00,2016-12-09 13:00:00,12,Beijing,Transformer,10.666667,17.402802,test
2016-12-09 02:00:00,2016-12-09 14:00:00,12,Beijing,Transformer,11.416667,21.415724,test
2016-12-09 03:00:00,2016-12-09 15:00:00,12,Beijing,Transformer,15.083333,25.479929,test
2016-12-09 04:00:00,2016-12-09 16:00:00,12,Beijing,Transformer,22.5,27.763128,test
2016-12-09 05:00:00,2016-12-09 17:00:00,12,Beijing,Transformer,30.416668,31.505672,test
2016-12-09 06:00:00,2016-12-09 18:00:00,12,Beijing,Transformer,36.583332,41.61501,test
2016-12-09 07:00:00,2016-12-09 19:00:00,12,Beijing,Transformer,45.5,48.76898,test
2016-12-09 08:00:00,2016-12-09 20:00:00,12,Beijing,Transformer,52.916668,57.215054,test
2016-12-09 09:00:00,2016-12-09 21:00:00,12,Beijing,Transformer,53.75,54.2785,test
2016-12-09 10:00:00,2016-12-09 22:00:00,12,Beijing,Transformer,54.833332,55.15884,test
2016-12-09 11:00:00,2016-12-09 23:00:00,12,Beijing,Transformer,56.333332,58.900173,test
2016-12-09 12:00:00,2016-12-10 00:00:00,12,Beijing,Transformer,53.75,68.22552,test
2016-12-09 13:00:00,2016-12-10 01:00:00,12,Beijing,Transformer,52.333332,68.53507,test
2016-12-09 14:00:00,2016-12-10 02:00:00,12,Beijing,Transformer,52.416668,63.875725,test
2016-12-09 15:00:00,2016-12-10 03:00:00,12,Beijing,Transformer,50.916668,56.593647,test
2016-12-09 16:00:00,2016-12-10 04:00:00,12,Beijing,Transformer,41.333332,56.055878,test
2016-12-09 17:00:00,2016-12-10 05:00:00,12,Beijing,Transformer,35.083332,48.197895,test
2016-12-09 18:00:00,2016-12-10 06:00:00,12,Beijing,Transformer,32.916668,47.232998,test
2016-12-09 19:00:00,2016-12-10 07:00:00,12,Beijing,Transformer,26.5,48.66464,test
2016-12-09 20:00:00,2016-12-10 08:00:00,12,Beijing,Transformer,22.833332,57.424873,test
2016-12-09 21:00:00,2016-12-10 09:00:00,12,Beijing,Transformer,26.666668,59.74505,test
2016-12-09 22:00:00,2016-12-10 10:00:00,12,Beijing,Transformer,34.25,56.40884,test
2016-12-09 23:00:00,2016-12-10 11:00:00,12,Beijing,Transformer,41.416668,55.891712,test
2016-12-10 00:00:00,2016-12-10 12:00:00,12,Beijing,Transformer,44.666668,52.33868,test
2016-12-10 01:00:00,2016-12-10 13:00:00,12,Beijing,Transformer,43.916668,56.66709,test
2016-12-10 02:00:00,2016-12-10 14:00:00,12,Beijing,Transformer,41.666668,60.212257,test
2016-12-10 03:00:00,2016-12-10 15:00:00,12,Beijing,Transformer,39.333332,67.92461,test
2016-12-10 04:00:00,2016-12-10 16:00:00,12,Beijing,Transformer,39.166668,72.48243,test
2016-12-10 05:00:00,2016-12-10 17:00:00,12,Beijing,Transformer,41.666668,77.37088,test
2016-12-10 06:00:00,2016-12-10 18:00:00,12,Beijing,Transformer,49.75,74.11691,test
2016-12-10 07:00:00,2016-12-10 19:00:00,12,Beijing,Transformer,61.666668,76.51284,test
2016-12-10 08:00:00,2016-12-10 20:00:00,12,Beijing,Transformer,64.25,69.37714,test
2016-12-10 09:00:00,2016-12-10 21:00:00,12,Beijing,Transformer,76.416664,74.747574,test
2016-12-10 10:00:00,2016-12-10 22:00:00,12,Beijing,Transformer,79.416664,77.83066,test
2016-12-10 11:00:00,2016-12-10 23:00:00,12,Beijing,Transformer,87.166664,97.77225,test
2016-12-10 12:00:00,2016-12-11 00:00:00,12,Beijing,Transformer,100.583336,102.121956,test
2016-12-10 13:00:00,2016-12-11 01:00:00,12,Beijing,Transformer,114.666664,109.464554,test
2016-12-10 14:00:00,2016-12-11 02:00:00,12,Beijing,Transformer,109.583336,93.19264,test
2016-12-10 15:00:00,2016-12-11 03:00:00,12,Beijing,Transformer,109.666664,75.87464,test
2016-12-10 16:00:00,2016-12-11 04:00:00,12,Beijing,Transformer,114.833336,69.546425,test
2016-12-10 17:00:00,2016-12-11 05:00:00,12,Beijing,Transformer,119.75,63.130653,test
2016-12-10 18:00:00,2016-12-11 06:00:00,12,Beijing,Transformer,123.416664,61.116917,test
2016-12-10 19:00:00,2016-12-11 07:00:00,12,Beijing,Transformer,126.583336,58.89127,test
2016-12-10 20:00:00,2016-12-11 08:00:00,12,Beijing,Transformer,125.333336,61.92883,test
2016-12-10 21:00:00,2016-12-11 09:00:00,12,Beijing,Transformer,133.0,66.21901,test
2016-12-10 22:00:00,2016-12-11 10:00:00,12,Beijing,Transformer,140.41667,71.92148,test
2016-12-10 23:00:00,2016-12-11 11:00:00,12,Beijing,Transformer,144.16667,76.45549,test
2016-12-11 00:00:00,2016-12-11 12:00:00,12,Beijing,Transformer,160.75,78.79631,test
2016-12-11 01:00:00,2016-12-11 13:00:00,12,Beijing,Transformer,180.58333,85.557816,test
2016-12-11 02:00:00,2016-12-11 14:00:00,12,Beijing,Transformer,194.16667,81.940186,test
2016-12-11 03:00:00,2016-12-11 15:00:00,12,Beijing,Transformer,187.75,85.98998,test
2016-12-11 04:00:00,2016-12-11 16:00:00,12,Beijing,Transformer,184.16667,83.56391,test
2016-12-11 05:00:00,2016-12-11 17:00:00,12,Beijing,Transformer,193.0,101.31133,test
2016-12-11 06:00:00,2016-12-11 18:00:00,12,Beijing,Transformer,205.83333,160.23302,test
2016-12-11 07:00:00,2016-12-11 19:00:00,12,Beijing,Transformer,209.08333,180.04922,test
2016-12-11 08:00:00,2016-12-11 20:00:00,12,Beijing,Transformer,208.16667,168.28658,test
2016-12-11 09:00:00,2016-12-11 21:00:00,12,Beijing,Transformer,213.33333,179.88672,test
2016-12-11 10:00:00,2016-12-11 22:00:00,12,Beijing,Transformer,224.91667,189.05193,test
2016-12-11 11:00:00,2016-12-11 23:00:00,12,Beijing,Transformer,225.91667,194.62328,test
2016-12-11 12:00:00,2016-12-12 00:00:00,12,Beijing,Transformer,227.5,195.09784,test
2016-12-11 13:00:00,2016-12-12 01:00:00,12,Beijing,Transformer,223.75,195.10509,test
2016-12-11 14:00:00,2016-12-12 02:00:00,12,Beijing,Transformer,222.16667,195.106,test
2016-12-11 15:00:00,2016-12-12 03:00:00,12,Beijing,Transformer,214.25,195.10056,test
2016-12-11 16:00:00,2016-12-12 04:00:00,12,Beijing,Transformer,214.33333,195.06755,test
2016-12-11 17:00:00,2016-12-12 05:00:00,12,Beijing,Transformer,213.41667,183.44633,test
2016-12-11 18:00:00,2016-12-12 06:00:00,12,Beijing,Transformer,216.41667,136.23982,test
2016-12-11 19:00:00,2016-12-12 07:00:00,12,Beijing,Transformer,219.08333,76.38616,test
2016-12-11 20:00:00,2016-12-12 08:00:00,12,Beijing,Transformer,221.16667,73.72948,test
2016-12-11 21:00:00,2016-12-12 09:00:00,12,Beijing,Transformer,219.25,95.40934,test
2016-12-11 22:00:00,2016-12-12 10:00:00,12,Beijing,Transformer,223.58333,87.71042,test
2016-12-11 23:00:00,2016-12-12 11:00:00,12,Beijing,Transformer,226.16667,79.74107,test
2016-12-12 00:00:00,2016-12-12 12:00:00,12,Beijing,Transformer,232.33333,88.8496,test
2016-12-12 01:00:00,2016-12-12 13:00:00,12,Beijing,Transformer,226.66667,166.724,test
2016-12-12 02:00:00,2016-12-12 14:00:00,12,Beijing,Transformer,223.16667,101.19937,test
2016-12-12 03:00:00,2016-12-12 15:00:00,12,Beijing,Transformer,210.75,134.73338,test
2016-12-12 04:00:00,2016-12-12 16:00:00,12,Beijing,Transformer,200.08333,95.24389,test
2016-12-12 05:00:00,2016-12-12 17:00:00,12,Beijing,Transformer,212.0,134.5316,test
2016-12-12 06:00:00,2016-12-12 18:00:00,12,Beijing,Transformer,238.81667,193.46071,test
2016-12-12 07:00:00,2016-12-12 19:00:00,12,Beijing,Transformer,242.3,195.09471,test
2016-12-12 08:00:00,2016-12-12 20:00:00,12,Beijing,Transformer,234.86667,183.95969,test
2016-12-12 09:00:00,2016-12-12 21:00:00,12,Beijing,Transformer,226.18333,195.05777,test
2016-12-12 10:00:00,2016-12-12 22:00:00,12,Beijing,Transformer,218.58333,184.16779,test
2016-12-12 11:00:00,2016-12-12 23:00:00,12,Beijing,Transformer,210.75,194.66551,test
2016-12-12 12:00:00,2016-12-13 00:00:00,12,Beijing,Transformer,201.66667,183.1103,test
2016-12-12 13:00:00,2016-12-13 01:00:00,12,Beijing,Transformer,179.08333,178.67723,test
2016-12-12 14:00:00,2016-12-13 02:00:00,12,Beijing,Transformer,150.58333,159.44508,test
2016-12-12 15:00:00,2016-12-13 03:00:00,12,Beijing,Transformer,141.16667,152.75142,test
2016-12-12 16:00:00,2016-12-13 04:00:00,12,Beijing,Transformer,124.333336,149.419,test
2016-12-12 17:00:00,2016-12-13 05:00:00,12,Beijing,Transformer,77.5,138.75229,test
2016-12-12 18:00:00,2016-12-13 06:00:00,12,Beijing,Transformer,32.5,156.63625,test
2016-12-12 19:00:00,2016-12-13 07:00:00,12,Beijing,Transformer,23.666668,163.03923,test
2016-12-12 20:00:00,2016-12-13 08:00:00,12,Beijing,Transformer,17.583332,167.30199,test
2016-12-12 21:00:00,2016-12-13 09:00:00,12,Beijing,Transformer,19.666668,161.31383,test
2016-12-12 22:00:00,2016-12-13 10:00:00,12,Beijing,Transformer,19.916668,113.304,test
2016-12-12 23:00:00,2016-12-13 11:00:00,12,Beijing,Transformer,16.916668,117.87542,test
2016-12-13 00:00:00,2016-12-13 12:00:00,12,Beijing,Transformer,14.666667,125.38905,test
2016-12-13 01:00:00,2016-12-13 13:00:00,12,Beijing,Transformer,18.333332,142.10988,test
2016-12-13 02:00:00,2016-12-13 14:00:00,12,Beijing,Transformer,17.416668,73.07017,test
2016-12-13 03:00:00,2016-12-13 15:00:00,12,Beijing,Transformer,18.5,50.233418,test
2016-12-13 04:00:00,2016-12-13 16:00:00,12,Beijing,Transformer,18.666668,21.465153,test
2016-12-13 05:00:00,2016-12-13 17:00:00,12,Beijing,Transformer,22.916668,13.275345,test
2016-12-13 06:00:00,2016-12-13 18:00:00,12,Beijing,Transformer,33.0,11.987218,test
2016-12-13 07:00:00,2016-12-13 19:00:00,12,Beijing,Transformer,38.75,13.088592,test
2016-12-13 08:00:00,2016-12-13 20:00:00,12,Beijing,Transformer,34.0,15.804338,test
2016-12-13 09:00:00,2016-12-13 21:00:00,12,Beijing,Transformer,20.416668,21.479174,test
2016-12-13 10:00:00,2016-12-13 22:00:00,12,Beijing,Transformer,22.916668,21.189217,test
2016-12-13 11:00:00,2016-12-13 23:00:00,12,Beijing,Transformer,18.416668,24.537952,test
2016-12-13 12:00:00,2016-12-14 00:00:00,12,Beijing,Transformer,11.333333,29.194689,test
2016-12-13 13:00:00,2016-12-14 01:00:00,12,Beijing,Transformer,10.833333,37.837757,test
2016-12-13 14:00:00,2016-12-14 02:00:00,12,Beijing,Transformer,7.583333,45.429413,test
2016-12-13 15:00:00,2016-12-14 03:00:00,12,Beijing,Transformer,6.416667,46.3849,test
2016-12-13 16:00:00,2016-12-14 04:00:00,12,Beijing,Transformer,6.333333,33.488,test
2016-12-13 17:00:00,2016-12-14 05:00:00,12,Beijing,Transformer,5.0,34.772263,test
2016-12-13 18:00:00,2016-12-14 06:00:00,12,Beijing,Transformer,7.25,35.002323,test
2016-12-13 19:00:00,2016-12-14 07:00:00,12,Beijing,Transformer,8.166667,36.755424,test
2016-12-13 20:00:00,2016-12-14 08:00:00,12,Beijing,Transformer,10.333333,20.062656,test
2016-12-13 21:00:00,2016-12-14 09:00:00,12,Beijing,Transformer,13.416667,15.017984,test
2016-12-13 22:00:00,2016-12-14 10:00:00,12,Beijing,Transformer,14.75,14.990284,test
2016-12-13 23:00:00,2016-12-14 11:00:00,12,Beijing,Transformer,13.777778,14.845179,test
2016-12-14 00:00:00,2016-12-14 12:00:00,12,Beijing,Transformer,12.972222,14.697842,test
2016-12-14 01:00:00,2016-12-14 13:00:00,12,Beijing,Transformer,13.333333,15.149235,test
2016-12-14 02:00:00,2016-12-14 14:00:00,12,Beijing,Transformer,14.916667,15.47689,test
2016-12-14 03:00:00,2016-12-14 15:00:00,12,Beijing,Transformer,17.194445,16.75122,test
2016-12-14 04:00:00,2016-12-14 16:00:00,12,Beijing,Transformer,22.305555,20.083796,test
2016-12-14 05:00:00,2016-12-14 17:00:00,12,Beijing,Transformer,35.083332,26.28971,test
2016-12-14 06:00:00,2016-12-14 18:00:00,12,Beijing,Transformer,48.583332,45.61076,test
2016-12-14 07:00:00,2016-12-14 19:00:00,12,Beijing,Transformer,50.333332,56.571693,test
2016-12-14 08:00:00,2016-12-14 20:00:00,12,Beijing,Transformer,59.083332,60.689747,test
2016-12-14 09:00:00,2016-12-14 21:00:00,12,Beijing,Transformer,63.083332,61.299423,test
2016-12-14 10:00:00,2016-12-14 22:00:00,12,Beijing,Transformer,67.166664,64.65896,test
2016-12-14 11:00:00,2016-12-14 23:00:00,12,Beijing,Transformer,72.666664,69.34261,test
2016-12-14 12:00:00,2016-12-15 00:00:00,12,Beijing,Transformer,74.416664,81.59332,test
2016-12-14 13:00:00,2016-12-15 01:00:00,12,Beijing,Transformer,72.916664,88.53705,test
2016-12-14 14:00:00,2016-12-15 02:00:00,12,Beijing,Transformer,67.666664,90.01161,test
2016-12-14 15:00:00,2016-12-15 03:00:00,12,Beijing,Transformer,62.166668,81.93045,test
2016-12-14 16:00:00,2016-12-15 04:00:00,12,Beijing,Transformer,57.25,73.127594,test
2016-12-14 17:00:00,2016-12-15 05:00:00,12,Beijing,Transformer,45.25,66.4946,test
2016-12-14 18:00:00,2016-12-15 06:00:00,12,Beijing,Transformer,22.5,62.29724,test
2016-12-14 19:00:00,2016-12-15 07:00:00,12,Beijing,Transformer,10.25,42.309925,test
2016-12-14 20:00:00,2016-12-15 08:00:00,12,Beijing,Transformer,12.75,45.97718,test
2016-12-14 21:00:00,2016-12-15 09:00:00,12,Beijing,Transformer,11.333333,41.5392,test
2016-12-14 22:00:00,2016-12-15 10:00:00,12,Beijing,Transformer,11.25,48.074112,test
2016-12-14 23:00:00,2016-12-15 11:00:00,12,Beijing,Transformer,8.166667,59.63567,test
2016-12-15 00:00:00,2016-12-15 12:00:00,12,Beijing,Transformer,7.25,62.37008,test
2016-12-15 01:00:00,2016-12-15 13:00:00,12,Beijing,Transformer,7.916667,61.795746,test
2016-12-15 02:00:00,2016-12-15 14:00:00,12,Beijing,Transformer,6.416667,50.221325,test
2016-12-15 03:00:00,2016-12-15 15:00:00,12,Beijing,Transformer,7.666667,53.84135,test
2016-12-15 04:00:00,2016-12-15 16:00:00,12,Beijing,Transformer,6.833333,60.93006,test
2016-12-15 05:00:00,2016-12-15 17:00:00,12,Beijing,Transformer,6.25,52.7296,test
2016-12-15 06:00:00,2016-12-15 18:00:00,12,Beijing,Transformer,9.833333,38.29486,test
2016-12-15 07:00:00,2016-12-15 19:00:00,12,Beijing,Transformer,17.5,24.70548,test
2016-12-15 08:00:00,2016-12-15 20:00:00,12,Beijing,Transformer,24.333332,38.154163,test
2016-12-15 09:00:00,2016-12-15 21:00:00,12,Beijing,Transformer,20.083332,27.127672,test
2016-12-15 10:00:00,2016-12-15 22:00:00,12,Beijing,Transformer,20.833332,28.667229,test
2016-12-15 11:00:00,2016-12-15 23:00:00,12,Beijing,Transformer,32.583332,26.20787,test
2016-12-15 12:00:00,2016-12-16 00:00:00,12,Beijing,Transformer,63.333332,27.61738,test
2016-12-15 13:00:00,2016-12-16 01:00:00,12,Beijing,Transformer,80.916664,30.585804,test
2016-12-15 14:00:00,2016-12-16 02:00:00,12,Beijing,Transformer,97.666664,33.614243,test
2016-12-15 15:00:00,2016-12-16 03:00:00,12,Beijing,Transformer,112.833336,32.335613,test
2016-12-15 16:00:00,2016-12-16 04:00:00,12,Beijing,Transformer,109.416664,28.89371,test
2016-12-15 17:00:00,2016-12-16 05:00:00,12,Beijing,Transformer,73.833336,29.035372,test
2016-12-15 18:00:00,2016-12-16 06:00:00,12,Beijing,Transformer,55.166668,34.285427,test
2016-12-15 19:00:00,2016-12-16 07:00:00,12,Beijing,Transformer,33.75,40.692028,test
2016-12-15 20:00:00,2016-12-16 08:00:00,12,Beijing,Transformer,30.583332,49.60217,test
2016-12-15 21:00:00,2016-12-16 09:00:00,12,Beijing,Transformer,31.5,43.37351,test
2016-12-15 22:00:00,2016-12-16 10:00:00,12,Beijing,Transformer,43.416668,52.646183,test
2016-12-15 23:00:00,2016-12-16 11:00:00,12,Beijing,Transformer,50.0,61.339848,test
2016-12-16 00:00:00,2016-12-16 12:00:00,12,Beijing,Transformer,70.583336,84.26533,test
2016-12-16 01:00:00,2016-12-16 13:00:00,12,Beijing,Transformer,94.416664,112.15799,test
2016-12-16 02:00:00,2016-12-16 14:00:00,12,Beijing,Transformer,114.916664,127.736755,test
2016-12-16 03:00:00,2016-12-16 15:00:00,12,Beijing,Transformer,132.5,142.57613,test
2016-12-16 04:00:00,2016-12-16 16:00:00,12,Beijing,Transformer,140.16667,156.69464,test
2016-12-16 05:00:00,2016-12-16 17:00:00,12,Beijing,Transformer,133.91667,139.46156,test
2016-12-16 06:00:00,2016-12-16 18:00:00,12,Beijing,Transformer,166.91667,177.3297,test
2016-12-16 07:00:00,2016-12-16 19:00:00,12,Beijing,Transformer,192.66667,170.77126,test
2016-12-16 08:00:00,2016-12-16 20:00:00,12,Beijing,Transformer,195.33333,190.46942,test
2016-12-16 09:00:00,2016-12-16 21:00:00,12,Beijing,Transformer,181.0,194.7943,test
2016-12-16 10:00:00,2016-12-16 22:00:00,12,Beijing,Transformer,172.66667,195.08,test
2016-12-16 11:00:00,2016-12-16 23:00:00,12,Beijing,Transformer,165.25,195.09727,test
2016-12-16 12:00:00,2016-12-17 00:00:00,12,Beijing,Transformer,149.08333,195.104,test
2016-12-16 13:00:00,2016-12-17 01:00:00,12,Beijing,Transformer,143.91667,195.10307,test
2016-12-16 14:00:00,2016-12-17 02:00:00,12,Beijing,Transformer,159.33333,195.10063,test
2016-12-16 15:00:00,2016-12-17 03:00:00,12,Beijing,Transformer,145.08333,195.09499,test
2016-12-16 16:00:00,2016-12-17 04:00:00,12,Beijing,Transformer,121.166664,195.08937,test
2016-12-16 17:00:00,2016-12-17 05:00:00,12,Beijing,Transformer,111.416664,195.03575,test
2016-12-16 18:00:00,2016-12-17 06:00:00,12,Beijing,Transformer,107.666664,195.08766,test
2016-12-16 19:00:00,2016-12-17 07:00:00,12,Beijing,Transformer,104.75,195.0845,test
2016-12-16 20:00:00,2016-12-17 08:00:00,12,Beijing,Transformer,97.75,195.08205,test
2016-12-16 21:00:00,2016-12-17 09:00:00,12,Beijing,Transformer,95.25,195.07771,test
2016-12-16 22:00:00,2016-12-17 10:00:00,12,Beijing,Transformer,101.0,163.55278,test
2016-12-16 23:00:00,2016-12-17 11:00:00,12,Beijing,Transformer,129.33333,168.17192,test
2016-12-17 00:00:00,2016-12-17 12:00:00,12,Beijing,Transformer,158.83333,190.35625,test
2016-12-17 01:00:00,2016-12-17 13:00:00,12,Beijing,Transformer,187.41667,194.83237,test
2016-12-17 02:00:00,2016-12-17 14:00:00,12,Beijing,Transformer,209.66667,195.07332,test
2016-12-17 03:00:00,2016-12-17 15:00:00,12,Beijing,Transformer,224.0,172.09041,test
2016-12-17 04:00:00,2016-12-17 16:00:00,12,Beijing,Transformer,237.75,136.76231,test
2016-12-17 05:00:00,2016-12-17 17:00:00,12,Beijing,Transformer,247.58333,172.30214,test
2016-12-17 06:00:00,2016-12-17 18:00:00,12,Beijing,Transformer,267.0643,195.07445,test
2016-12-17 07:00:00,2016-12-17 19:00:00,12,Beijing,Transformer,267.59482,195.08443,test
2016-12-17 08:00:00,2016-12-17 20:00:00,12,Beijing,Transformer,258.87704,195.00684,test
2016-12-17 09:00:00,2016-12-17 21:00:00,12,Beijing,Transformer,254.52295,194.93762,test
2016-12-17 10:00:00,2016-12-17 22:00:00,12,Beijing,Transformer,246.44156,195.076,test
2016-12-17 11:00:00,2016-12-17 23:00:00,12,Beijing,Transformer,243.97835,195.09535,test
2016-12-17 12:00:00,2016-12-18 00:00:00,12,Beijing,Transformer,241.2197,195.10043,test
2016-12-17 13:00:00,2016-12-18 01:00:00,12,Beijing,Transformer,238.77272,195.10199,test
2016-12-17 14:00:00,2016-12-18 02:00:00,12,Beijing,Transformer,226.29546,195.1015,test
2016-12-17 15:00:00,2016-12-18 03:00:00,12,Beijing,Transformer,220.81818,195.08527,test
2016-12-17 16:00:00,2016-12-18 04:00:00,12,Beijing,Transformer,220.58333,195.08818,test
2016-12-17 17:00:00,2016-12-18 05:00:00,12,Beijing,Transformer,215.16667,195.09935,test
2016-12-17 18:00:00,2016-12-18 06:00:00,12,Beijing,Transformer,211.58333,195.09602,test
2016-12-17 19:00:00,2016-12-18 07:00:00,12,Beijing,Transformer,199.25,195.06508,test
2016-12-17 20:00:00,2016-12-18 08:00:00,12,Beijing,Transformer,188.41667,195.08302,test
2016-12-17 21:00:00,2016-12-18 09:00:00,12,Beijing,Transformer,178.91667,183.57294,test
2016-12-17 22:00:00,2016-12-18 10:00:00,12,Beijing,Transformer,182.91667,194.6516,test
2016-12-17 23:00:00,2016-12-18 11:00:00,12,Beijing,Transformer,191.75,194.93909,test
2016-12-18 00:00:00,2016-12-18 12:00:00,12,Beijing,Transformer,193.83333,195.02405,test
2016-12-18 01:00:00,2016-12-18 13:00:00,12,Beijing,Transformer,203.33333,194.63042,test
2016-12-18 02:00:00,2016-12-18 14:00:00,12,Beijing,Transformer,207.83333,80.19961,test
2016-12-18 03:00:00,2016-12-18 15:00:00,12,Beijing,Transformer,204.66667,83.74498,test
2016-12-18 04:00:00,2016-12-18 16:00:00,12,Beijing,Transformer,204.91667,122.90348,test
2016-12-18 05:00:00,2016-12-18 17:00:00,12,Beijing,Transformer,215.41667,147.24539,test
2016-12-18 06:00:00,2016-12-18 18:00:00,12,Beijing,Transformer,235.5,166.18428,test
2016-12-18 07:00:00,2016-12-18 19:00:00,12,Beijing,Transformer,249.08333,189.7564,test
2016-12-18 08:00:00,2016-12-18 20:00:00,12,Beijing,Transformer,246.16667,183.21346,test
2016-12-18 09:00:00,2016-12-18 21:00:00,12,Beijing,Transformer,248.08333,149.06697,test
2016-12-18 10:00:00,2016-12-18 22:00:00,12,Beijing,Transformer,240.75,168.9626,test
2016-12-18 11:00:00,2016-12-18 23:00:00,12,Beijing,Transformer,240.16667,158.44696,test
2016-12-18 12:00:00,2016-12-19 00:00:00,12,Beijing,Transformer,231.33333,148.34637,test
2016-12-18 13:00:00,2016-12-19 01:00:00,12,Beijing,Transformer,220.83333,176.05122,test
2016-12-18 14:00:00,2016-12-19 02:00:00,12,Beijing,Transformer,218.0,194.90408,test
2016-12-18 15:00:00,2016-12-19 03:00:00,12,Beijing,Transformer,210.70833,195.08908,test
2016-12-18 16:00:00,2016-12-19 04:00:00,12,Beijing,Transformer,214.83333,195.08897,test
2016-12-18 17:00:00,2016-12-19 05:00:00,12,Beijing,Transformer,211.25,195.07832,test
2016-12-18 18:00:00,2016-12-19 06:00:00,12,Beijing,Transformer,196.25,195.07831,test
2016-12-18 19:00:00,2016-12-19 07:00:00,12,Beijing,Transformer,183.58333,195.08136,test
2016-12-18 20:00:00,2016-12-19 08:00:00,12,Beijing,Transformer,164.58333,195.08328,test
2016-12-18 21:00:00,2016-12-19 09:00:00,12,Beijing,Transformer,166.58333,111.43115,test
2016-12-18 22:00:00,2016-12-19 10:00:00,12,Beijing,Transformer,170.0,122.71829,test
2016-12-18 23:00:00,2016-12-19 11:00:00,12,Beijing,Transformer,169.83333,179.96559,test
2016-12-19 00:00:00,2016-12-19 12:00:00,12,Beijing,Transformer,178.25,160.38399,test
2016-12-19 01:00:00,2016-12-19 13:00:00,12,Beijing,Transformer,185.83333,157.8517,test
2016-12-19 02:00:00,2016-12-19 14:00:00,12,Beijing,Transformer,185.75,166.8184,test
2016-12-19 03:00:00,2016-12-19 15:00:00,12,Beijing,Transformer,186.08333,178.97646,test
2016-12-19 04:00:00,2016-12-19 16:00:00,12,Beijing,Transformer,187.66667,193.21877,test
2016-12-19 05:00:00,2016-12-19 17:00:00,12,Beijing,Transformer,187.33333,186.76253,test
2016-12-19 06:00:00,2016-12-19 18:00:00,12,Beijing,Transformer,197.83333,192.99019,test
2016-12-19 07:00:00,2016-12-19 19:00:00,12,Beijing,Transformer,226.08333,194.67934,test
2016-12-19 08:00:00,2016-12-19 20:00:00,12,Beijing,Transformer,253.27272,184.25087,test
2016-12-19 09:00:00,2016-12-19 21:00:00,12,Beijing,Transformer,238.0625,183.44313,test
2016-12-19 10:00:00,2016-12-19 22:00:00,12,Beijing,Transformer,236.0,194.95905,test
2016-12-19 11:00:00,2016-12-19 23:00:00,12,Beijing,Transformer,237.6375,183.49258,test
2016-12-19 12:00:00,2016-12-20 00:00:00,12,Beijing,Transformer,236.025,194.16286,test
2016-12-19 13:00:00,2016-12-20 01:00:00,12,Beijing,Transformer,223.6,195.0582,test
2016-12-19 14:00:00,2016-12-20 02:00:00,12,Beijing,Transformer,212.91429,195.07936,test
2016-12-19 15:00:00,2016-12-20 03:00:00,12,Beijing,Transformer,235.19048,193.4511,test
2016-12-19 16:00:00,2016-12-20 04:00:00,12,Beijing,Transformer,237.53334,153.11967,test
2016-12-19 17:00:00,2016-12-20 05:00:00,12,Beijing,Transformer,248.6,151.2628,test
2016-12-19 18:00:00,2016-12-20 06:00:00,12,Beijing,Transformer,244.0,106.91188,test
2016-12-19 19:00:00,2016-12-20 07:00:00,12,Beijing,Transformer,252.4,116.5019,test
2016-12-19 20:00:00,2016-12-20 08:00:00,12,Beijing,Transformer,268.3143,168.10524,test
2016-12-19 21:00:00,2016-12-20 09:00:00,12,Beijing,Transformer,263.425,124.16293,test
2016-12-19 22:00:00,2016-12-20 10:00:00,12,Beijing,Transformer,267.65714,108.5956,test
2016-12-19 23:00:00,2016-12-20 11:00:00,12,Beijing,Transformer,266.13333,110.25423,test
2016-12-20 00:00:00,2016-12-20 12:00:00,12,Beijing,Transformer,269.2857,150.91983,test
2016-12-20 01:00:00,2016-12-20 13:00:00,12,Beijing,Transformer,273.5,76.5485,test
2016-12-20 02:00:00,2016-12-20 14:00:00,12,Beijing,Transformer,270.79166,74.66774,test
2016-12-20 03:00:00,2016-12-20 15:00:00,12,Beijing,Transformer,169.44444,192.23468,test
2016-12-20 04:00:00,2016-12-20 16:00:00,12,Beijing,Transformer,222.16667,195.0746,test
2016-12-20 05:00:00,2016-12-20 17:00:00,12,Beijing,Transformer,266.83334,195.07857,test
2016-12-20 06:00:00,2016-12-20 18:00:00,12,Beijing,Transformer,300.83334,195.07814,test
2016-12-20 07:00:00,2016-12-20 19:00:00,12,Beijing,Transformer,305.0,195.08109,test
2016-12-20 08:00:00,2016-12-20 20:00:00,12,Beijing,Transformer,302.0,195.08507,test
2016-12-20 09:00:00,2016-12-20 21:00:00,12,Beijing,Transformer,317.0,195.08191,test
2016-12-20 10:00:00,2016-12-20 22:00:00,12,Beijing,Transformer,321.4,195.08351,test
2016-12-20 11:00:00,2016-12-20 23:00:00,12,Beijing,Transformer,321.8,195.0858,test
2016-12-20 12:00:00,2016-12-21 00:00:00,12,Beijing,Transformer,322.2,195.08522,test
2016-12-20 13:00:00,2016-12-21 01:00:00,12,Beijing,Transformer,316.1,195.08537,test
2016-12-20 14:00:00,2016-12-21 02:00:00,12,Beijing,Transformer,298.0,195.08514,test
2016-12-20 15:00:00,2016-12-21 03:00:00,12,Beijing,Transformer,282.0,157.1313,test
2016-12-20 16:00:00,2016-12-21 04:00:00,12,Beijing,Transformer,275.5,148.5739,test
2016-12-20 17:00:00,2016-12-21 05:00:00,12,Beijing,Transformer,282.0,147.45222,test
2016-12-20 18:00:00,2016-12-21 06:00:00,12,Beijing,Transformer,272.5,150.89915,test
2016-12-20 19:00:00,2016-12-21 07:00:00,12,Beijing,Transformer,286.0,163.69127,test
2016-12-20 20:00:00,2016-12-21 08:00:00,12,Beijing,Transformer,315.5,178.50703,test
2016-12-20 21:00:00,2016-12-21 09:00:00,12,Beijing,Transformer,334.0,183.00896,test
2016-12-20 22:00:00,2016-12-21 10:00:00,12,Beijing,Transformer,342.0,171.93773,test
2016-12-20 23:00:00,2016-12-21 11:00:00,12,Beijing,Transformer,340.0,179.81004,test
2016-12-21 00:00:00,2016-12-21 12:00:00,12,Beijing,Transformer,318.5,191.83775,test
2016-12-21 01:00:00,2016-12-21 13:00:00,12,Beijing,Transformer,127.0,192.91527,test
2016-12-21 02:00:00,2016-12-21 14:00:00,12,Beijing,Transformer,105.333336,192.71198,test
2016-12-21 03:00:00,2016-12-21 15:00:00,12,Beijing,Transformer,82.25,195.07104,test
2016-12-21 04:00:00,2016-12-21 16:00:00,12,Beijing,Transformer,89.28571,195.0739,test
2016-12-21 05:00:00,2016-12-21 17:00:00,12,Beijing,Transformer,34.8,195.0745,test
2016-12-21 06:00:00,2016-12-21 18:00:00,12,Beijing,Transformer,11.8,195.07735,test
2016-12-21 07:00:00,2016-12-21 19:00:00,12,Beijing,Transformer,27.25,195.08159,test
2016-12-21 08:00:00,2016-12-21 20:00:00,12,Beijing,Transformer,13.833333,195.08643,test
2016-12-21 09:00:00,2016-12-21 21:00:00,12,Beijing,Transformer,13.166667,195.08922,test
2016-12-21 10:00:00,2016-12-21 22:00:00,12,Beijing,Transformer,15.25,195.08762,test
2016-12-21 13:00:00,2016-12-22 01:00:00,12,Beijing,Transformer,14.416667,195.08589,test
2016-12-21 15:00:00,2016-12-22 03:00:00,12,Beijing,Transformer,13.916667,195.0851,test
2016-12-22 00:00:00,2016-12-22 12:00:00,12,Beijing,Transformer,12.833333,138.99599,test
2016-12-22 01:00:00,2016-12-22 13:00:00,12,Beijing,Transformer,11.833333,40.42383,test
2016-12-22 02:00:00,2016-12-22 14:00:00,12,Beijing,Transformer,12.416667,20.29673,test
2016-12-22 03:00:00,2016-12-22 15:00:00,12,Beijing,Transformer,9.416667,17.096607,test
2016-12-22 04:00:00,2016-12-22 16:00:00,12,Beijing,Transformer,8.333333,12.724006,test
2016-12-22 05:00:00,2016-12-22 17:00:00,12,Beijing,Transformer,7.75,12.867625,test
2016-12-22 06:00:00,2016-12-22 18:00:00,12,Beijing,Transformer,10.083333,12.407589,test
2016-12-22 07:00:00,2016-12-22 19:00:00,12,Beijing,Transformer,12.75,13.932177,test
2016-12-22 08:00:00,2016-12-22 20:00:00,12,Beijing,Transformer,13.833333,15.404993,test
2016-12-22 09:00:00,2016-12-22 21:00:00,12,Beijing,Transformer,12.333333,16.734018,test
2016-12-22 10:00:00,2016-12-22 22:00:00,12,Beijing,Transformer,11.75,15.923649,test
2016-12-22 11:00:00,2016-12-22 23:00:00,12,Beijing,Transformer,13.333333,16.484156,test
2016-12-22 12:00:00,2016-12-23 00:00:00,12,Beijing,Transformer,15.083333,17.652458,test
2016-12-22 13:00:00,2016-12-23 01:00:00,12,Beijing,Transformer,17.833332,18.938309,test
2016-12-22 14:00:00,2016-12-23 02:00:00,12,Beijing,Transformer,16.166668,18.728804,test
2016-12-22 15:00:00,2016-12-23 03:00:00,12,Beijing,Transformer,17.0,17.411873,test
2016-12-22 16:00:00,2016-12-23 04:00:00,12,Beijing,Transformer,14.916667,17.531647,test
2016-12-22 17:00:00,2016-12-23 05:00:00,12,Beijing,Transformer,14.666667,17.452225,test
2016-12-22 18:00:00,2016-12-23 06:00:00,12,Beijing,Transformer,14.388889,15.688914,test
2016-12-22 19:00:00,2016-12-23 07:00:00,12,Beijing,Transformer,14.194444,15.144933,test
2016-12-22 20:00:00,2016-12-23 08:00:00,12,Beijing,Transformer,17.083332,14.357943,test
2016-12-22 21:00:00,2016-12-23 09:00:00,12,Beijing,Transformer,16.25,14.552286,test
2016-12-22 22:00:00,2016-12-23 10:00:00,12,Beijing,Transformer,18.25,14.961952,test
2016-12-22 23:00:00,2016-12-23 11:00:00,12,Beijing,Transformer,21.333332,15.104275,test
2016-12-23 00:00:00,2016-12-23 12:00:00,12,Beijing,Transformer,20.63889,19.050339,test
2016-12-23 01:00:00,2016-12-23 13:00:00,12,Beijing,Transformer,19.777779,24.690601,test
2016-12-23 02:00:00,2016-12-23 14:00:00,12,Beijing,Transformer,24.083332,28.712858,test
2016-12-23 03:00:00,2016-12-23 15:00:00,12,Beijing,Transformer,18.083332,27.156166,test
2016-12-23 04:00:00,2016-12-23 16:00:00,12,Beijing,Transformer,20.833332,29.509144,test
2016-12-23 05:00:00,2016-12-23 17:00:00,12,Beijing,Transformer,29.666668,31.448347,test
2016-12-23 06:00:00,2016-12-23 18:00:00,12,Beijing,Transformer,47.416668,39.91092,test
2016-12-23 07:00:00,2016-12-23 19:00:00,12,Beijing,Transformer,64.25,46.92448,test
2016-12-23 08:00:00,2016-12-23 20:00:00,12,Beijing,Transformer,71.0,51.73132,test
2016-12-23 09:00:00,2016-12-23 21:00:00,12,Beijing,Transformer,74.25,49.131054,test
2016-12-23 10:00:00,2016-12-23 22:00:00,12,Beijing,Transformer,74.833336,30.959343,test
2016-12-23 11:00:00,2016-12-23 23:00:00,12,Beijing,Transformer,78.416664,40.343723,test
2016-12-23 12:00:00,2016-12-24 00:00:00,12,Beijing,Transformer,76.416664,52.537758,test
2016-12-23 13:00:00,2016-12-24 01:00:00,12,Beijing,Transformer,79.333336,67.75618,test
2016-12-23 14:00:00,2016-12-24 02:00:00,12,Beijing,Transformer,82.916664,78.44974,test
2016-12-23 15:00:00,2016-12-24 03:00:00,12,Beijing,Transformer,84.083336,62.801487,test
2016-12-23 16:00:00,2016-12-24 04:00:00,12,Beijing,Transformer,89.583336,57.84296,test
2016-12-23 17:00:00,2016-12-24 05:00:00,12,Beijing,Transformer,89.416664,57.669865,test
2016-12-23 18:00:00,2016-12-24 06:00:00,12,Beijing,Transformer,96.666664,61.617195,test
2016-12-23 19:00:00,2016-12-24 07:00:00,12,Beijing,Transformer,100.166664,67.06132,test
2016-12-23 20:00:00,2016-12-24 08:00:00,12,Beijing,Transformer,103.75,70.03078,test
2016-12-23 21:00:00,2016-12-24 09:00:00,12,Beijing,Transformer,102.25,71.81009,test
2016-12-23 22:00:00,2016-12-24 10:00:00,12,Beijing,Transformer,103.583336,73.680786,test
2016-12-23 23:00:00,2016-12-24 11:00:00,12,Beijing,Transformer,110.416664,67.44713,test
2016-12-24 00:00:00,2016-12-24 12:00:00,12,Beijing,Transformer,120.416664,76.431076,test
2016-12-24 01:00:00,2016-12-24 13:00:00,12,Beijing,Transformer,127.75,88.23479,test
2016-12-24 02:00:00,2016-12-24 14:00:00,12,Beijing,Transformer,124.666664,95.512726,test
2016-12-24 03:00:00,2016-12-24 15:00:00,12,Beijing,Transformer,125.916664,101.18916,test
2016-12-24 04:00:00,2016-12-24 16:00:00,12,Beijing,Transformer,135.41667,123.65987,test
2016-12-24 05:00:00,2016-12-24 17:00:00,12,Beijing,Transformer,146.16667,122.38832,test
2016-12-24 06:00:00,2016-12-24 18:00:00,12,Beijing,Transformer,148.25,172.07784,test
2016-12-24 07:00:00,2016-12-24 19:00:00,12,Beijing,Transformer,147.0,183.88383,test
2016-12-24 08:00:00,2016-12-24 20:00:00,12,Beijing,Transformer,152.41667,190.64352,test
2016-12-24 09:00:00,2016-12-24 21:00:00,12,Beijing,Transformer,157.0,189.07997,test
2016-12-24 10:00:00,2016-12-24 22:00:00,12,Beijing,Transformer,156.08333,192.42346,test
2016-12-24 11:00:00,2016-12-24 23:00:00,12,Beijing,Transformer,161.08333,185.65657,test
2016-12-24 12:00:00,2016-12-25 00:00:00,12,Beijing,Transformer,168.91667,114.84753,test
2016-12-24 13:00:00,2016-12-25 01:00:00,12,Beijing,Transformer,166.45454,103.54941,test
2016-12-24 14:00:00,2016-12-25 02:00:00,12,Beijing,Transformer,158.45454,113.02051,test
2016-12-24 15:00:00,2016-12-25 03:00:00,12,Beijing,Transformer,156.09091,106.56099,test
2016-12-24 16:00:00,2016-12-25 04:00:00,12,Beijing,Transformer,143.36363,102.98036,test
2016-12-24 17:00:00,2016-12-25 05:00:00,12,Beijing,Transformer,133.81818,99.59072,test
2016-12-24 18:00:00,2016-12-25 06:00:00,12,Beijing,Transformer,125.72727,81.43522,test
2016-12-24 19:00:00,2016-12-25 07:00:00,12,Beijing,Transformer,121.90909,79.54235,test
2016-12-24 20:00:00,2016-12-25 08:00:00,12,Beijing,Transformer,121.181816,85.10967,test
2016-12-24 21:00:00,2016-12-25 09:00:00,12,Beijing,Transformer,116.416664,104.490456,test
2016-12-24 22:00:00,2016-12-25 10:00:00,12,Beijing,Transformer,121.166664,86.77199,test
2016-12-24 23:00:00,2016-12-25 11:00:00,12,Beijing,Transformer,124.5,92.839294,test
2016-12-25 00:00:00,2016-12-25 12:00:00,12,Beijing,Transformer,128.16667,117.79953,test
2016-12-25 01:00:00,2016-12-25 13:00:00,12,Beijing,Transformer,129.25,140.78065,test
2016-12-25 02:00:00,2016-12-25 14:00:00,12,Beijing,Transformer,135.33333,113.51196,test
2016-12-25 03:00:00,2016-12-25 15:00:00,12,Beijing,Transformer,140.5,130.18172,test
2016-12-25 04:00:00,2016-12-25 16:00:00,12,Beijing,Transformer,143.58333,141.48799,test
2016-12-25 05:00:00,2016-12-25 17:00:00,12,Beijing,Transformer,148.08333,160.14568,test
2016-12-25 06:00:00,2016-12-25 18:00:00,12,Beijing,Transformer,154.0,159.76752,test
2016-12-25 07:00:00,2016-12-25 19:00:00,12,Beijing,Transformer,165.41667,172.43327,test
2016-12-25 08:00:00,2016-12-25 20:00:00,12,Beijing,Transformer,172.91667,171.57744,test
2016-12-25 09:00:00,2016-12-25 21:00:00,12,Beijing,Transformer,175.33333,176.74591,test
2016-12-25 10:00:00,2016-12-25 22:00:00,12,Beijing,Transformer,180.58333,192.32317,test
2016-12-25 11:00:00,2016-12-25 23:00:00,12,Beijing,Transformer,175.75,194.49449,test
2016-12-25 12:00:00,2016-12-26 00:00:00,12,Beijing,Transformer,171.33333,194.66429,test
2016-12-25 13:00:00,2016-12-26 01:00:00,12,Beijing,Transformer,157.5,194.65514,test
2016-12-25 14:00:00,2016-12-26 02:00:00,12,Beijing,Transformer,151.33333,194.61604,test
2016-12-25 15:00:00,2016-12-26 03:00:00,12,Beijing,Transformer,135.66667,194.31825,test
2016-12-25 16:00:00,2016-12-26 04:00:00,12,Beijing,Transformer,109.083336,194.61208,test
2016-12-25 17:00:00,2016-12-26 05:00:00,12,Beijing,Transformer,58.0,134.48128,test
2016-12-25 18:00:00,2016-12-26 06:00:00,12,Beijing,Transformer,34.333332,84.08895,test
2016-12-25 19:00:00,2016-12-26 07:00:00,12,Beijing,Transformer,24.333332,65.17442,test
2016-12-25 20:00:00,2016-12-26 08:00:00,12,Beijing,Transformer,22.333332,59.238968,test
2016-12-25 21:00:00,2016-12-26 09:00:00,12,Beijing,Transformer,21.5,82.56352,test
2016-12-25 22:00:00,2016-12-26 10:00:00,12,Beijing,Transformer,28.083332,180.22566,test
2016-12-25 23:00:00,2016-12-26 11:00:00,12,Beijing,Transformer,18.5,179.96071,test
2016-12-26 00:00:00,2016-12-26 12:00:00,12,Beijing,Transformer,17.75,109.66389,test
2016-12-26 01:00:00,2016-12-26 13:00:00,12,Beijing,Transformer,15.5,40.22448,test
2016-12-26 02:00:00,2016-12-26 14:00:00,12,Beijing,Transformer,13.916667,34.98773,test
2016-12-26 03:00:00,2016-12-26 15:00:00,12,Beijing,Transformer,10.5,17.662088,test
2016-12-26 04:00:00,2016-12-26 16:00:00,12,Beijing,Transformer,11.833333,14.9469795,test
2016-12-26 05:00:00,2016-12-26 17:00:00,12,Beijing,Transformer,11.416667,11.49949,test
2016-12-26 06:00:00,2016-12-26 18:00:00,12,Beijing,Transformer,12.666667,11.436049,test
2016-12-26 07:00:00,2016-12-26 19:00:00,12,Beijing,Transformer,14.083333,14.62203,test
2016-12-26 08:00:00,2016-12-26 20:00:00,12,Beijing,Transformer,16.75,21.303642,test
2016-12-26 09:00:00,2016-12-26 21:00:00,12,Beijing,Transformer,15.916667,22.573095,test
2016-12-26 10:00:00,2016-12-26 22:00:00,12,Beijing,Transformer,16.083332,19.559235,test
2016-12-26 11:00:00,2016-12-26 23:00:00,12,Beijing,Transformer,13.75,25.357351,test
2016-12-26 12:00:00,2016-12-27 00:00:00,12,Beijing,Transformer,12.166667,19.069355,test
2016-12-26 13:00:00,2016-12-27 01:00:00,12,Beijing,Transformer,13.916667,18.246277,test
2016-12-26 14:00:00,2016-12-27 02:00:00,12,Beijing,Transformer,15.583333,20.346853,test
2016-12-26 15:00:00,2016-12-27 03:00:00,12,Beijing,Transformer,18.0,20.67547,test
2016-12-26 16:00:00,2016-12-27 04:00:00,12,Beijing,Transformer,16.166668,18.833206,test
2016-12-26 17:00:00,2016-12-27 05:00:00,12,Beijing,Transformer,13.916667,15.770429,test
2016-12-26 18:00:00,2016-12-27 06:00:00,12,Beijing,Transformer,14.166667,15.884571,test
2016-12-26 19:00:00,2016-12-27 07:00:00,12,Beijing,Transformer,19.375,15.141522,test
2016-12-26 20:00:00,2016-12-27 08:00:00,12,Beijing,Transformer,19.333332,17.360973,test
2016-12-26 21:00:00,2016-12-27 09:00:00,12,Beijing,Transformer,17.916668,16.700134,test
2016-12-26 22:00:00,2016-12-27 10:00:00,12,Beijing,Transformer,15.75,17.444008,test
2016-12-26 23:00:00,2016-12-27 11:00:00,12,Beijing,Transformer,13.555556,17.036356,test
2016-12-27 00:00:00,2016-12-27 12:00:00,12,Beijing,Transformer,13.444444,18.125978,test
2016-12-27 01:00:00,2016-12-27 13:00:00,12,Beijing,Transformer,14.916667,20.677504,test
2016-12-27 02:00:00,2016-12-27 14:00:00,12,Beijing,Transformer,15.083333,25.582386,test
2016-12-27 03:00:00,2016-12-27 15:00:00,12,Beijing,Transformer,15.0,28.209848,test
2016-12-27 04:00:00,2016-12-27 16:00:00,12,Beijing,Transformer,14.583333,32.47878,test
2016-12-27 05:00:00,2016-12-27 17:00:00,12,Beijing,Transformer,22.333332,33.194836,test
2016-12-27 06:00:00,2016-12-27 18:00:00,12,Beijing,Transformer,46.666668,46.33492,test
2016-12-27 07:00:00,2016-12-27 19:00:00,12,Beijing,Transformer,74.833336,57.256626,test
2016-12-27 08:00:00,2016-12-27 20:00:00,12,Beijing,Transformer,112.416664,65.61391,test
2016-12-27 09:00:00,2016-12-27 21:00:00,12,Beijing,Transformer,102.083336,56.329746,test
2016-12-27 10:00:00,2016-12-27 22:00:00,12,Beijing,Transformer,115.583336,35.724197,test
2016-12-27 11:00:00,2016-12-27 23:00:00,12,Beijing,Transformer,124.166664,36.73783,test
2016-12-27 12:00:00,2016-12-28 00:00:00,12,Beijing,Transformer,129.66667,44.6374,test
2016-12-27 13:00:00,2016-12-28 01:00:00,12,Beijing,Transformer,135.16667,52.265896,test
2016-12-27 14:00:00,2016-12-28 02:00:00,12,Beijing,Transformer,142.16667,58.481754,test
2016-12-27 15:00:00,2016-12-28 03:00:00,12,Beijing,Transformer,151.0,61.424786,test
2016-12-27 16:00:00,2016-12-28 04:00:00,12,Beijing,Transformer,149.33333,60.341923,test
2016-12-27 17:00:00,2016-12-28 05:00:00,12,Beijing,Transformer,150.0,58.664455,test
2016-12-27 18:00:00,2016-12-28 06:00:00,12,Beijing,Transformer,131.5,51.220936,test
2016-12-27 19:00:00,2016-12-28 07:00:00,12,Beijing,Transformer,121.083336,58.955067,test
2016-12-27 20:00:00,2016-12-28 08:00:00,12,Beijing,Transformer,112.666664,78.761116,test
2016-12-27 21:00:00,2016-12-28 09:00:00,12,Beijing,Transformer,89.916664,82.55269,test
2016-12-27 22:00:00,2016-12-28 10:00:00,12,Beijing,Transformer,56.833332,86.49931,test
2016-12-27 23:00:00,2016-12-28 11:00:00,12,Beijing,Transformer,32.375,96.168655,test
2016-12-28 00:00:00,2016-12-28 12:00:00,12,Beijing,Transformer,19.583332,108.86891,test
2016-12-28 01:00:00,2016-12-28 13:00:00,12,Beijing,Transformer,14.833333,127.64875,test
2016-12-28 02:00:00,2016-12-28 14:00:00,12,Beijing,Transformer,13.645833,139.62144,test
2016-12-28 03:00:00,2016-12-28 15:00:00,12,Beijing,Transformer,9.458333,143.62538,test
2016-12-28 04:00:00,2016-12-28 16:00:00,12,Beijing,Transformer,9.854167,119.19463,test
2016-12-28 05:00:00,2016-12-28 17:00:00,12,Beijing,Transformer,9.770833,143.61656,test
2016-12-28 06:00:00,2016-12-28 18:00:00,12,Beijing,Transformer,9.583333,175.54362,test
2016-12-28 07:00:00,2016-12-28 19:00:00,12,Beijing,Transformer,8.895833,153.93025,test
2016-12-28 08:00:00,2016-12-28 20:00:00,12,Beijing,Transformer,10.0,165.20157,test
2016-12-28 09:00:00,2016-12-28 21:00:00,12,Beijing,Transformer,8.666667,35.43973,test
2016-12-28 10:00:00,2016-12-28 22:00:00,12,Beijing,Transformer,9.0,28.891033,test
2016-12-28 11:00:00,2016-12-28 23:00:00,12,Beijing,Transformer,10.0,24.218857,test
2016-12-28 12:00:00,2016-12-29 00:00:00,12,Beijing,Transformer,12.833333,23.879026,test
2016-12-28 13:00:00,2016-12-29 01:00:00,12,Beijing,Transformer,13.0,24.978764,test
2016-12-28 14:00:00,2016-12-29 02:00:00,12,Beijing,Transformer,12.25,26.678265,test
2016-12-28 15:00:00,2016-12-29 03:00:00,12,Beijing,Transformer,10.916667,30.02143,test
2016-12-28 16:00:00,2016-12-29 04:00:00,12,Beijing,Transformer,10.333333,31.969002,test
2016-12-28 17:00:00,2016-12-29 05:00:00,12,Beijing,Transformer,9.916667,25.887627,test
2016-12-28 18:00:00,2016-12-29 06:00:00,12,Beijing,Transformer,10.0,19.627659,test
2016-12-28 19:00:00,2016-12-29 07:00:00,12,Beijing,Transformer,11.833333,15.612949,test
2016-12-28 20:00:00,2016-12-29 08:00:00,12,Beijing,Transformer,13.083333,15.803705,test
2016-12-28 21:00:00,2016-12-29 09:00:00,12,Beijing,Transformer,15.166667,18.149445,test
2016-12-28 22:00:00,2016-12-29 10:00:00,12,Beijing,Transformer,15.166667,19.506203,test
2016-12-28 23:00:00,2016-12-29 11:00:00,12,Beijing,Transformer,17.958332,18.12754,test
2016-12-29 00:00:00,2016-12-29 12:00:00,12,Beijing,Transformer,30.75,18.690588,test
2016-12-29 01:00:00,2016-12-29 13:00:00,12,Beijing,Transformer,39.875,20.042154,test
2016-12-29 02:00:00,2016-12-29 14:00:00,12,Beijing,Transformer,46.333332,24.201948,test
2016-12-29 03:00:00,2016-12-29 15:00:00,12,Beijing,Transformer,46.916668,25.071949,test
2016-12-29 04:00:00,2016-12-29 16:00:00,12,Beijing,Transformer,52.083332,42.419804,test
2016-12-29 05:00:00,2016-12-29 17:00:00,12,Beijing,Transformer,53.083332,54.842346,test
2016-12-29 06:00:00,2016-12-29 18:00:00,12,Beijing,Transformer,58.416668,69.86424,test
2016-12-29 07:00:00,2016-12-29 19:00:00,12,Beijing,Transformer,79.0,68.34262,test
2016-12-29 08:00:00,2016-12-29 20:00:00,12,Beijing,Transformer,120.916664,77.61062,test
2016-12-29 09:00:00,2016-12-29 21:00:00,12,Beijing,Transformer,143.0,81.63116,test
2016-12-29 10:00:00,2016-12-29 22:00:00,12,Beijing,Transformer,187.41667,85.84567,test
2016-12-29 11:00:00,2016-12-29 23:00:00,12,Beijing,Transformer,183.72,94.24031,test
2016-12-29 12:00:00,2016-12-30 00:00:00,12,Beijing,Transformer,195.39,110.11102,test
2016-12-29 13:00:00,2016-12-30 01:00:00,12,Beijing,Transformer,185.21,112.08305,test
2016-12-29 14:00:00,2016-12-30 02:00:00,12,Beijing,Transformer,177.86333,104.704285,test
2016-12-29 15:00:00,2016-12-30 03:00:00,12,Beijing,Transformer,166.96666,89.97253,test
2016-12-29 16:00:00,2016-12-30 04:00:00,12,Beijing,Transformer,134.1,85.33567,test
2016-12-29 17:00:00,2016-12-30 05:00:00,12,Beijing,Transformer,132.05,84.53498,test
2016-12-29 18:00:00,2016-12-30 06:00:00,12,Beijing,Transformer,142.66667,86.79902,test
2016-12-29 19:00:00,2016-12-30 07:00:00,12,Beijing,Transformer,130.08333,100.725784,test
2016-12-29 20:00:00,2016-12-30 08:00:00,12,Beijing,Transformer,129.54167,142.14825,test
2016-12-29 21:00:00,2016-12-30 09:00:00,12,Beijing,Transformer,120.5,194.40892,test
2016-12-29 22:00:00,2016-12-30 10:00:00,12,Beijing,Transformer,129.41667,195.07314,test
2016-12-29 23:00:00,2016-12-30 11:00:00,12,Beijing,Transformer,132.875,193.39555,test
2016-12-30 00:00:00,2016-12-30 12:00:00,12,Beijing,Transformer,129.5,194.20294,test
2016-12-30 01:00:00,2016-12-30 13:00:00,12,Beijing,Transformer,142.58333,194.40509,test
2016-12-30 02:00:00,2016-12-30 14:00:00,12,Beijing,Transformer,143.0,195.06926,test
2016-12-30 03:00:00,2016-12-30 15:00:00,12,Beijing,Transformer,156.91667,195.08035,test
2016-12-30 04:00:00,2016-12-30 16:00:00,12,Beijing,Transformer,194.83333,179.91045,test
2016-12-30 05:00:00,2016-12-30 17:00:00,12,Beijing,Transformer,233.99583,194.8631,test
2016-12-30 06:00:00,2016-12-30 18:00:00,12,Beijing,Transformer,248.97778,195.09816,test
2016-12-30 07:00:00,2016-12-30 19:00:00,12,Beijing,Transformer,256.6264,195.09988,test
2016-12-30 08:00:00,2016-12-30 20:00:00,12,Beijing,Transformer,262.85834,195.0906,test
2016-12-30 09:00:00,2016-12-30 21:00:00,12,Beijing,Transformer,261.94446,195.0018,test
2016-12-30 10:00:00,2016-12-30 22:00:00,12,Beijing,Transformer,256.34723,194.95567,test
2016-12-30 11:00:00,2016-12-30 23:00:00,12,Beijing,Transformer,254.66667,195.03798,test
2016-12-30 12:00:00,2016-12-31 00:00:00,12,Beijing,Transformer,247.775,195.09618,test
2016-12-30 13:00:00,2016-12-31 01:00:00,12,Beijing,Transformer,245.59763,195.1024,test
2016-12-30 14:00:00,2016-12-31 02:00:00,12,Beijing,Transformer,244.75357,195.09766,test
2016-12-30 15:00:00,2016-12-31 03:00:00,12,Beijing,Transformer,234.59703,195.08864,test
2016-12-30 16:00:00,2016-12-31 04:00:00,12,Beijing,Transformer,230.8988,195.0863,test
2016-12-30 17:00:00,2016-12-31 05:00:00,12,Beijing,Transformer,230.09225,195.0881,test
2016-12-30 18:00:00,2016-12-31 06:00:00,12,Beijing,Transformer,223.61905,195.08516,test
2016-12-30 19:00:00,2016-12-31 07:00:00,12,Beijing,Transformer,210.33333,195.08426,test
2016-12-30 20:00:00,2016-12-31 08:00:00,12,Beijing,Transformer,193.16667,195.0884,test
2016-12-30 21:00:00,2016-12-31 09:00:00,12,Beijing,Transformer,176.0,195.0948,test
2016-12-30 22:00:00,2016-12-31 10:00:00,12,Beijing,Transformer,193.90909,194.80232,test
2016-12-30 23:00:00,2016-12-31 11:00:00,12,Beijing,Transformer,195.63637,194.6153,test
2016-12-31 00:00:00,2016-12-31 12:00:00,12,Beijing,Transformer,207.27272,160.40282,test
2016-12-31 01:00:00,2016-12-31 13:00:00,12,Beijing,Transformer,228.36363,123.45608,test
2016-12-31 02:00:00,2016-12-31 14:00:00,12,Beijing,Transformer,227.625,119.48044,test
2016-12-31 03:00:00,2016-12-31 15:00:00,12,Beijing,Transformer,189.95,142.00223,test
2016-12-31 04:00:00,2016-12-31 16:00:00,12,Beijing,Transformer,210.4,183.52318,test
2016-12-31 05:00:00,2016-12-31 17:00:00,12,Beijing,Transformer,220.225,193.6126,test
2016-12-31 06:00:00,2016-12-31 18:00:00,12,Beijing,Transformer,231.3,192.66621,test
2016-12-31 07:00:00,2016-12-31 19:00:00,12,Beijing,Transformer,241.75,191.60533,test
2016-12-31 08:00:00,2016-12-31 20:00:00,12,Beijing,Transformer,258.25,192.83546,test
2016-12-31 09:00:00,2016-12-31 21:00:00,12,Beijing,Transformer,218.66667,188.96608,test
2016-12-31 10:00:00,2016-12-31 22:00:00,12,Beijing,Transformer,202.0,194.57664,test
2016-12-31 11:00:00,2016-12-31 23:00:00,12,Beijing,Transformer,198.33333,194.95784,test
2016-12-31 12:00:00,2017-01-01 00:00:00,12,Beijing,Transformer,227.0,195.05066,test
2016-12-31 13:00:00,2017-01-01 01:00:00,12,Beijing,Transformer,235.66667,195.09863,test
2016-12-31 14:00:00,2017-01-01 02:00:00,12,Beijing,Transformer,244.66667,195.1074,test
2016-12-31 15:00:00,2017-01-01 03:00:00,12,Beijing,Transformer,240.0,195.04457,test
2016-12-31 16:00:00,2017-01-01 04:00:00,12,Beijing,Transformer,227.41667,195.10089,test
2016-12-31 17:00:00,2017-01-01 05:00:00,12,Beijing,Transformer,222.83333,195.09984,test
2016-12-31 18:00:00,2017-01-01 06:00:00,12,Beijing,Transformer,225.75,195.09187,test
2016-12-31 19:00:00,2017-01-01 07:00:00,12,Beijing,Transformer,225.16667,158.05714,test
2016-12-31 20:00:00,2017-01-01 08:00:00,12,Beijing,Transformer,233.08333,185.07085,test
2016-12-31 21:00:00,2017-01-01 09:00:00,12,Beijing,Transformer,238.21428,195.06607,test
2016-12-31 22:00:00,2017-01-01 10:00:00,12,Beijing,Transformer,246.42857,195.083,test
2016-12-31 23:00:00,2017-01-01 11:00:00,12,Beijing,Transformer,254.64285,195.08345,test
2017-01-01 00:00:00,2017-01-01 12:00:00,12,Beijing,Transformer,244.71428,195.08003,test
2017-01-01 01:00:00,2017-01-01 13:00:00,12,Beijing,Transformer,254.14285,195.08058,test
2017-01-01 02:00:00,2017-01-01 14:00:00,12,Beijing,Transformer,263.57144,195.08006,test
2017-01-01 03:00:00,2017-01-01 15:00:00,12,Beijing,Transformer,273.0,195.07501,test
2017-01-01 04:00:00,2017-01-01 16:00:00,12,Beijing,Transformer,256.0,195.07228,test
2017-01-01 05:00:00,2017-01-01 17:00:00,12,Beijing,Transformer,177.0,195.0706,test
2017-01-01 06:00:00,2017-01-01 18:00:00,12,Beijing,Transformer,103.666664,195.06956,test
2017-01-01 07:00:00,2017-01-01 19:00:00,12,Beijing,Transformer,170.375,195.06664,test
2017-01-01 08:00:00,2017-01-01 20:00:00,12,Beijing,Transformer,137.54546,195.06102,test
2017-01-01 09:00:00,2017-01-01 21:00:00,12,Beijing,Transformer,86.666664,195.06023,test
2017-01-01 10:00:00,2017-01-01 22:00:00,12,Beijing,Transformer,57.25,195.0612,test
2017-01-01 11:00:00,2017-01-01 23:00:00,12,Beijing,Transformer,46.666668,195.06157,test
2017-01-01 12:00:00,2017-01-02 00:00:00,12,Beijing,Transformer,52.583332,195.06084,test
2017-01-01 13:00:00,2017-01-02 01:00:00,12,Beijing,Transformer,57.13333,195.05998,test
2017-01-01 14:00:00,2017-01-02 02:00:00,12,Beijing,Transformer,87.933334,195.05992,test
2017-01-01 15:00:00,2017-01-02 03:00:00,12,Beijing,Transformer,151.19167,195.0598,test
2017-01-02 01:00:00,2017-01-02 13:00:00,12,Beijing,Transformer,174.86667,195.07301,test
2017-01-02 02:00:00,2017-01-02 14:00:00,12,Beijing,Transformer,176.75,92.93971,test
2017-01-02 03:00:00,2017-01-02 15:00:00,12,Beijing,Transformer,205.83333,67.95952,test
2017-01-02 04:00:00,2017-01-02 16:00:00,12,Beijing,Transformer,211.5,66.79635,test
2017-01-02 05:00:00,2017-01-02 17:00:00,12,Beijing,Transformer,213.91667,61.618515,test
2017-01-02 06:00:00,2017-01-02 18:00:00,12,Beijing,Transformer,195.0,90.240204,test
2017-01-02 07:00:00,2017-01-02 19:00:00,12,Beijing,Transformer,192.08333,103.07794,test
2017-01-02 08:00:00,2017-01-02 20:00:00,12,Beijing,Transformer,182.5,77.1683,test
2017-01-02 09:00:00,2017-01-02 21:00:00,12,Beijing,Transformer,189.75,95.63296,test
2017-01-02 10:00:00,2017-01-02 22:00:00,12,Beijing,Transformer,213.66667,139.93088,test
2017-01-02 11:00:00,2017-01-02 23:00:00,12,Beijing,Transformer,222.91667,158.57158,test
2017-01-02 12:00:00,2017-01-03 00:00:00,12,Beijing,Transformer,238.0,177.96263,test
2017-01-02 13:00:00,2017-01-03 01:00:00,12,Beijing,Transformer,261.5,187.28535,test
2017-01-02 14:00:00,2017-01-03 02:00:00,12,Beijing,Transformer,264.64285,180.77327,test
2017-01-02 15:00:00,2017-01-03 03:00:00,12,Beijing,Transformer,258.05237,189.90735,test
2017-01-02 16:00:00,2017-01-03 04:00:00,12,Beijing,Transformer,247.7119,184.48473,test
2017-01-02 17:00:00,2017-01-03 05:00:00,12,Beijing,Transformer,245.64226,175.64594,test
2017-01-02 18:00:00,2017-01-03 06:00:00,12,Beijing,Transformer,243.23929,135.31914,test
2017-01-02 19:00:00,2017-01-03 07:00:00,12,Beijing,Transformer,234.16965,117.76987,test
2017-01-02 20:00:00,2017-01-03 08:00:00,12,Beijing,Transformer,219.33333,121.71422,test
2017-01-02 21:00:00,2017-01-03 09:00:00,12,Beijing,Transformer,221.58333,156.03053,test
2017-01-02 22:00:00,2017-01-03 10:00:00,12,Beijing,Transformer,216.16667,180.41722,test
2017-01-02 23:00:00,2017-01-03 11:00:00,12,Beijing,Transformer,216.55556,189.14404,test
2017-01-03 00:00:00,2017-01-03 12:00:00,12,Beijing,Transformer,223.36111,192.1887,test
2017-01-03 01:00:00,2017-01-03 13:00:00,12,Beijing,Transformer,221.91667,194.00957,test
2017-01-03 02:00:00,2017-01-03 14:00:00,12,Beijing,Transformer,217.08333,195.07503,test
2017-01-03 03:00:00,2017-01-03 15:00:00,12,Beijing,Transformer,222.9,195.06837,test
2017-01-03 04:00:00,2017-01-03 16:00:00,12,Beijing,Transformer,236.875,195.07109,test
2017-01-03 05:00:00,2017-01-03 17:00:00,12,Beijing,Transformer,250.28572,195.0714,test
2017-01-03 06:00:00,2017-01-03 18:00:00,12,Beijing,Transformer,236.2,195.07419,test
2017-01-03 07:00:00,2017-01-03 19:00:00,12,Beijing,Transformer,196.0,195.0785,test
2017-01-03 08:00:00,2017-01-03 20:00:00,12,Beijing,Transformer,219.66667,195.06886,test
2017-01-03 09:00:00,2017-01-03 21:00:00,12,Beijing,Transformer,208.0,195.07368,test
2017-01-03 10:00:00,2017-01-03 22:00:00,12,Beijing,Transformer,199.5,195.07664,test
2017-01-03 11:00:00,2017-01-03 23:00:00,12,Beijing,Transformer,174.0,195.0756,test
2017-01-03 12:00:00,2017-01-04 00:00:00,12,Beijing,Transformer,178.5,195.07637,test
2017-01-03 13:00:00,2017-01-04 01:00:00,12,Beijing,Transformer,197.0,195.075,test
2017-01-03 14:00:00,2017-01-04 02:00:00,12,Beijing,Transformer,153.0,195.06987,test
2017-01-03 15:00:00,2017-01-04 03:00:00,12,Beijing,Transformer,105.5,195.05836,test
2017-01-03 16:00:00,2017-01-04 04:00:00,12,Beijing,Transformer,141.66667,195.05632,test
2017-01-03 17:00:00,2017-01-04 05:00:00,12,Beijing,Transformer,130.66667,195.06232,test
2017-01-03 18:00:00,2017-01-04 06:00:00,12,Beijing,Transformer,119.0,194.67961,test
2017-01-03 19:00:00,2017-01-04 07:00:00,12,Beijing,Transformer,109.333336,166.85243,test
2017-01-03 20:00:00,2017-01-04 08:00:00,12,Beijing,Transformer,182.66667,176.13539,test
2017-01-03 21:00:00,2017-01-04 09:00:00,12,Beijing,Transformer,173.57143,177.13307,test
2017-01-03 22:00:00,2017-01-04 10:00:00,12,Beijing,Transformer,194.9375,183.23064,test
2017-01-03 23:00:00,2017-01-04 11:00:00,12,Beijing,Transformer,191.48148,97.2779,test
2017-01-04 00:00:00,2017-01-04 12:00:00,12,Beijing,Transformer,187.37878,105.397446,test
2017-01-04 01:00:00,2017-01-04 13:00:00,12,Beijing,Transformer,176.86363,173.33116,test
2017-01-04 02:00:00,2017-01-04 14:00:00,12,Beijing,Transformer,188.66667,70.468575,test
2017-01-04 03:00:00,2017-01-04 15:00:00,12,Beijing,Transformer,226.63333,36.76558,test
2017-01-04 04:00:00,2017-01-04 16:00:00,12,Beijing,Transformer,258.68332,55.643322,test
2017-01-04 05:00:00,2017-01-04 17:00:00,12,Beijing,Transformer,275.42856,86.21922,test
2017-01-04 06:00:00,2017-01-04 18:00:00,12,Beijing,Transformer,246.0,155.65755,test
2017-01-04 07:00:00,2017-01-04 19:00:00,12,Beijing,Transformer,284.7381,193.27145,test
2017-01-04 08:00:00,2017-01-04 20:00:00,12,Beijing,Transformer,284.6111,195.07588,test
2017-01-04 09:00:00,2017-01-04 21:00:00,12,Beijing,Transformer,277.52777,195.06001,test
2017-01-04 10:00:00,2017-01-04 22:00:00,12,Beijing,Transformer,284.44446,195.0656,test
2017-01-04 11:00:00,2017-01-04 23:00:00,12,Beijing,Transformer,284.10416,195.03554,test
2017-01-04 12:00:00,2017-01-05 00:00:00,12,Beijing,Transformer,238.0,195.04823,test
2017-01-04 13:00:00,2017-01-05 01:00:00,12,Beijing,Transformer,192.84285,195.05568,test
2017-01-04 14:00:00,2017-01-05 02:00:00,12,Beijing,Transformer,190.8961,195.05293,test
2017-01-04 15:00:00,2017-01-05 03:00:00,12,Beijing,Transformer,203.79048,195.05434,test
2017-01-04 16:00:00,2017-01-05 04:00:00,12,Beijing,Transformer,223.4262,195.05855,test
2017-01-04 17:00:00,2017-01-05 05:00:00,12,Beijing,Transformer,256.29108,195.05959,test
2017-01-04 18:00:00,2017-01-05 06:00:00,12,Beijing,Transformer,284.44763,194.93964,test
2017-01-04 19:00:00,2017-01-05 07:00:00,12,Beijing,Transformer,285.72916,195.07121,test
2017-01-04 20:00:00,2017-01-05 08:00:00,12,Beijing,Transformer,267.41666,195.07048,test
2017-01-04 21:00:00,2017-01-05 09:00:00,12,Beijing,Transformer,262.72223,195.06284,test
2017-01-04 22:00:00,2017-01-05 10:00:00,12,Beijing,Transformer,261.8611,194.49304,test
2017-01-04 23:00:00,2017-01-05 11:00:00,12,Beijing,Transformer,268.75,194.95346,test
2017-01-05 00:00:00,2017-01-05 12:00:00,12,Beijing,Transformer,257.58334,94.35974,test
2017-01-05 01:00:00,2017-01-05 13:00:00,12,Beijing,Transformer,201.58333,86.01991,test
2017-01-05 02:00:00,2017-01-05 14:00:00,12,Beijing,Transformer,200.66667,102.05093,test
2017-01-05 03:00:00,2017-01-05 15:00:00,12,Beijing,Transformer,180.08333,149.19351,test
2017-01-05 04:00:00,2017-01-05 16:00:00,12,Beijing,Transformer,155.33333,169.45445,test
2017-01-05 05:00:00,2017-01-05 17:00:00,12,Beijing,Transformer,157.41667,182.96075,test
2017-01-05 06:00:00,2017-01-05 18:00:00,12,Beijing,Transformer,162.91667,189.71735,test
2017-01-05 07:00:00,2017-01-05 19:00:00,12,Beijing,Transformer,178.91667,195.0837,test
2017-01-05 08:00:00,2017-01-05 20:00:00,12,Beijing,Transformer,186.41667,195.08356,test
2017-01-05 09:00:00,2017-01-05 21:00:00,12,Beijing,Transformer,183.5,195.08415,test
2017-01-05 10:00:00,2017-01-05 22:00:00,12,Beijing,Transformer,190.5,195.0863,test
2017-01-05 11:00:00,2017-01-05 23:00:00,12,Beijing,Transformer,187.16667,195.08582,test
2017-01-05 12:00:00,2017-01-06 00:00:00,12,Beijing,Transformer,184.75,195.07066,test
2017-01-05 13:00:00,2017-01-06 01:00:00,12,Beijing,Transformer,183.16667,195.06691,test
2017-01-05 14:00:00,2017-01-06 02:00:00,12,Beijing,Transformer,178.66667,195.06735,test
2017-01-05 15:00:00,2017-01-06 03:00:00,12,Beijing,Transformer,178.0,195.06729,test
2017-01-05 16:00:00,2017-01-06 04:00:00,12,Beijing,Transformer,176.41667,195.06557,test
2017-01-05 17:00:00,2017-01-06 05:00:00,12,Beijing,Transformer,173.41667,195.05621,test
2017-01-05 18:00:00,2017-01-06 06:00:00,12,Beijing,Transformer,166.08333,195.05287,test
2017-01-05 19:00:00,2017-01-06 07:00:00,12,Beijing,Transformer,170.25,195.05235,test
2017-01-05 20:00:00,2017-01-06 08:00:00,12,Beijing,Transformer,173.41667,195.05559,test
2017-01-05 21:00:00,2017-01-06 09:00:00,12,Beijing,Transformer,180.16667,195.05855,test
2017-01-05 22:00:00,2017-01-06 10:00:00,12,Beijing,Transformer,202.33333,195.06172,test
2017-01-05 23:00:00,2017-01-06 11:00:00,12,Beijing,Transformer,201.83333,195.04967,test
2017-01-06 00:00:00,2017-01-06 12:00:00,12,Beijing,Transformer,204.75,195.05821,test
2017-01-06 01:00:00,2017-01-06 13:00:00,12,Beijing,Transformer,185.91667,195.06276,test
2017-01-06 02:00:00,2017-01-06 14:00:00,12,Beijing,Transformer,194.83333,195.05602,test
2017-01-06 03:00:00,2017-01-06 15:00:00,12,Beijing,Transformer,204.33333,195.04985,test
2017-01-06 04:00:00,2017-01-06 16:00:00,12,Beijing,Transformer,204.66667,195.00502,test
2017-01-06 05:00:00,2017-01-06 17:00:00,12,Beijing,Transformer,205.33333,195.01828,test
2017-01-06 06:00:00,2017-01-06 18:00:00,12,Beijing,Transformer,204.91667,195.03416,test
2017-01-06 07:00:00,2017-01-06 19:00:00,12,Beijing,Transformer,210.08333,195.0602,test
2017-01-06 08:00:00,2017-01-06 20:00:00,12,Beijing,Transformer,212.0,195.06776,test
2017-01-06 09:00:00,2017-01-06 21:00:00,12,Beijing,Transformer,216.16667,195.07079,test
2017-01-06 10:00:00,2017-01-06 22:00:00,12,Beijing,Transformer,222.0,195.07707,test
2017-01-06 11:00:00,2017-01-06 23:00:00,12,Beijing,Transformer,222.16667,195.07393,test
2017-01-06 12:00:00,2017-01-07 00:00:00,12,Beijing,Transformer,221.0,195.06868,test
2017-01-06 13:00:00,2017-01-07 01:00:00,12,Beijing,Transformer,220.41667,195.06763,test
2017-01-06 14:00:00,2017-01-07 02:00:00,12,Beijing,Transformer,220.58333,195.066,test
2017-01-06 15:00:00,2017-01-07 03:00:00,12,Beijing,Transformer,210.58333,195.06677,test
2017-01-06 16:00:00,2017-01-07 04:00:00,12,Beijing,Transformer,214.16667,195.0649,test
2017-01-06 17:00:00,2017-01-07 05:00:00,12,Beijing,Transformer,215.41667,195.06184,test
2017-01-06 18:00:00,2017-01-07 06:00:00,12,Beijing,Transformer,199.83333,195.04993,test
2017-01-06 19:00:00,2017-01-07 07:00:00,12,Beijing,Transformer,192.91667,195.05353,test
2017-01-06 20:00:00,2017-01-07 08:00:00,12,Beijing,Transformer,191.75,194.95137,test
2017-01-06 21:00:00,2017-01-07 09:00:00,12,Beijing,Transformer,188.91667,190.69238,test
2017-01-06 22:00:00,2017-01-07 10:00:00,12,Beijing,Transformer,187.16667,194.96577,test
2017-01-06 23:00:00,2017-01-07 11:00:00,12,Beijing,Transformer,181.16667,194.92702,test
2017-01-07 00:00:00,2017-01-07 12:00:00,12,Beijing,Transformer,187.41667,194.99152,test
2017-01-07 01:00:00,2017-01-07 13:00:00,12,Beijing,Transformer,166.91667,194.92616,test
2017-01-07 02:00:00,2017-01-07 14:00:00,12,Beijing,Transformer,139.33333,194.977,test
2017-01-07 03:00:00,2017-01-07 15:00:00,12,Beijing,Transformer,115.5,194.96529,test
2017-01-07 04:00:00,2017-01-07 16:00:00,12,Beijing,Transformer,106.25,195.00731,test
2017-01-07 05:00:00,2017-01-07 17:00:00,12,Beijing,Transformer,106.75,195.03093,test
2017-01-07 06:00:00,2017-01-07 18:00:00,12,Beijing,Transformer,103.416664,195.04271,test
2017-01-07 07:00:00,2017-01-07 19:00:00,12,Beijing,Transformer,110.333336,195.05153,test
2017-01-07 08:00:00,2017-01-07 20:00:00,12,Beijing,Transformer,117.25,195.05446,test
2017-01-07 09:00:00,2017-01-07 21:00:00,12,Beijing,Transformer,121.416664,193.58089,test
2017-01-07 10:00:00,2017-01-07 22:00:00,12,Beijing,Transformer,125.583336,194.96033,test
2017-01-07 11:00:00,2017-01-07 23:00:00,12,Beijing,Transformer,139.58333,194.85078,test
2017-01-07 12:00:00,2017-01-08 00:00:00,12,Beijing,Transformer,133.83333,138.52005,test
2017-01-07 13:00:00,2017-01-08 01:00:00,12,Beijing,Transformer,113.0,77.748886,test
2017-01-07 14:00:00,2017-01-08 02:00:00,12,Beijing,Transformer,72.666664,78.316925,test
2017-01-07 15:00:00,2017-01-08 03:00:00,12,Beijing,Transformer,43.583332,61.420155,test
2017-01-07 16:00:00,2017-01-08 04:00:00,12,Beijing,Transformer,31.083332,71.124695,test
2017-01-07 17:00:00,2017-01-08 05:00:00,12,Beijing,Transformer,22.5,73.17135,test
2017-01-07 18:00:00,2017-01-08 06:00:00,12,Beijing,Transformer,21.0,63.929447,test
2017-01-07 19:00:00,2017-01-08 07:00:00,12,Beijing,Transformer,19.916668,74.11574,test
2017-01-07 20:00:00,2017-01-08 08:00:00,12,Beijing,Transformer,20.75,76.903824,test
2017-01-07 21:00:00,2017-01-08 09:00:00,12,Beijing,Transformer,23.583332,81.42893,test
2017-01-07 22:00:00,2017-01-08 10:00:00,12,Beijing,Transformer,23.166668,74.09245,test
2017-01-07 23:00:00,2017-01-08 11:00:00,12,Beijing,Transformer,24.25,90.85936,test
2017-01-08 00:00:00,2017-01-08 12:00:00,12,Beijing,Transformer,26.833332,53.95442,test
2017-01-08 01:00:00,2017-01-08 13:00:00,12,Beijing,Transformer,29.583332,41.301083,test
2017-01-08 02:00:00,2017-01-08 14:00:00,12,Beijing,Transformer,30.25,16.027805,test
2017-01-08 03:00:00,2017-01-08 15:00:00,12,Beijing,Transformer,38.166668,15.37393,test
2017-01-08 04:00:00,2017-01-08 16:00:00,12,Beijing,Transformer,47.083332,16.17338,test
2017-01-08 05:00:00,2017-01-08 17:00:00,12,Beijing,Transformer,43.5,17.523653,test
2017-01-08 06:00:00,2017-01-08 18:00:00,12,Beijing,Transformer,41.666668,27.84143,test
2017-01-08 07:00:00,2017-01-08 19:00:00,12,Beijing,Transformer,40.083332,31.235561,test
2017-01-08 08:00:00,2017-01-08 20:00:00,12,Beijing,Transformer,17.833332,40.67732,test
2017-01-08 09:00:00,2017-01-08 21:00:00,12,Beijing,Transformer,11.583333,40.395535,test
2017-01-08 10:00:00,2017-01-08 22:00:00,12,Beijing,Transformer,10.166667,45.99739,test
2017-01-08 11:00:00,2017-01-08 23:00:00,12,Beijing,Transformer,10.333333,49.561337,test
2017-01-08 12:00:00,2017-01-09 00:00:00,12,Beijing,Transformer,11.0,55.313965,test
2017-01-08 13:00:00,2017-01-09 01:00:00,12,Beijing,Transformer,7.583333,60.834415,test
2017-01-08 14:00:00,2017-01-09 02:00:00,12,Beijing,Transformer,9.166667,61.08949,test
2017-01-08 15:00:00,2017-01-09 03:00:00,12,Beijing,Transformer,9.583333,54.580063,test
2017-01-08 16:00:00,2017-01-09 04:00:00,12,Beijing,Transformer,8.75,47.52273,test
2017-01-08 17:00:00,2017-01-09 05:00:00,12,Beijing,Transformer,8.416667,35.363613,test
2017-01-08 18:00:00,2017-01-09 06:00:00,12,Beijing,Transformer,9.083333,22.094673,test
2017-01-08 19:00:00,2017-01-09 07:00:00,12,Beijing,Transformer,11.083333,17.350403,test
2017-01-08 20:00:00,2017-01-09 08:00:00,12,Beijing,Transformer,11.666667,14.081322,test
2017-01-08 21:00:00,2017-01-09 09:00:00,12,Beijing,Transformer,13.333333,14.026358,test
2017-01-08 22:00:00,2017-01-09 10:00:00,12,Beijing,Transformer,13.0,14.282051,test
2017-01-08 23:00:00,2017-01-09 11:00:00,12,Beijing,Transformer,12.416667,13.89747,test
2017-01-09 00:00:00,2017-01-09 12:00:00,12,Beijing,Transformer,12.916667,13.266424,test
2017-01-09 01:00:00,2017-01-09 13:00:00,12,Beijing,Transformer,13.916667,13.236665,test
2017-01-09 02:00:00,2017-01-09 14:00:00,12,Beijing,Transformer,16.333332,13.4685135,test
2017-01-09 03:00:00,2017-01-09 15:00:00,12,Beijing,Transformer,19.75,13.742821,test
2017-01-09 04:00:00,2017-01-09 16:00:00,12,Beijing,Transformer,28.041668,14.029648,test
2017-01-09 05:00:00,2017-01-09 17:00:00,12,Beijing,Transformer,39.083332,14.605135,test
2017-01-09 06:00:00,2017-01-09 18:00:00,12,Beijing,Transformer,49.958332,15.072262,test
2017-01-09 07:00:00,2017-01-09 19:00:00,12,Beijing,Transformer,64.583336,17.170609,test
2017-01-09 08:00:00,2017-01-09 20:00:00,12,Beijing,Transformer,82.583336,26.57154,test
2017-01-09 09:00:00,2017-01-09 21:00:00,12,Beijing,Transformer,102.166664,18.343288,test
2017-01-09 10:00:00,2017-01-09 22:00:00,12,Beijing,Transformer,118.666664,18.29108,test
2017-01-09 11:00:00,2017-01-09 23:00:00,12,Beijing,Transformer,110.25,22.443336,test
2017-01-09 12:00:00,2017-01-10 00:00:00,12,Beijing,Transformer,65.416664,31.8156,test
2017-01-09 13:00:00,2017-01-10 01:00:00,12,Beijing,Transformer,33.5,41.100216,test
2017-01-09 14:00:00,2017-01-10 02:00:00,12,Beijing,Transformer,9.25,44.101143,test
2017-01-09 15:00:00,2017-01-10 03:00:00,12,Beijing,Transformer,6.583333,43.814938,test
2017-01-09 16:00:00,2017-01-10 04:00:00,12,Beijing,Transformer,5.833333,42.73064,test
2017-01-09 17:00:00,2017-01-10 05:00:00,12,Beijing,Transformer,5.75,40.877125,test
2017-01-09 18:00:00,2017-01-10 06:00:00,12,Beijing,Transformer,6.333333,38.675823,test
2017-01-09 19:00:00,2017-01-10 07:00:00,12,Beijing,Transformer,8.083333,42.073734,test
2017-01-09 20:00:00,2017-01-10 08:00:00,12,Beijing,Transformer,8.0,36.034195,test
2017-01-09 21:00:00,2017-01-10 09:00:00,12,Beijing,Transformer,12.416667,46.05489,test
2017-01-09 22:00:00,2017-01-10 10:00:00,12,Beijing,Transformer,10.333333,50.794147,test
2017-01-09 23:00:00,2017-01-10 11:00:00,12,Beijing,Transformer,7.583333,51.414173,test
2017-01-10 00:00:00,2017-01-10 12:00:00,12,Beijing,Transformer,6.166667,27.430502,test
2017-01-10 01:00:00,2017-01-10 13:00:00,12,Beijing,Transformer,7.416667,13.503949,test
2017-01-10 02:00:00,2017-01-10 14:00:00,12,Beijing,Transformer,6.5,12.781481,test
2017-01-10 03:00:00,2017-01-10 15:00:00,12,Beijing,Transformer,6.666667,13.010603,test
2017-01-10 04:00:00,2017-01-10 16:00:00,12,Beijing,Transformer,7.333333,13.43298,test
2017-01-10 05:00:00,2017-01-10 17:00:00,12,Beijing,Transformer,15.166667,14.52416,test
2017-01-10 06:00:00,2017-01-10 18:00:00,12,Beijing,Transformer,27.5,21.729893,test
2017-01-10 07:00:00,2017-01-10 19:00:00,12,Beijing,Transformer,49.833332,35.270794,test
2017-01-10 08:00:00,2017-01-10 20:00:00,12,Beijing,Transformer,64.0,53.8129,test
2017-01-10 09:00:00,2017-01-10 21:00:00,12,Beijing,Transformer,69.166664,65.169495,test
2017-01-10 10:00:00,2017-01-10 22:00:00,12,Beijing,Transformer,68.916664,38.461044,test
2017-01-10 11:00:00,2017-01-10 23:00:00,12,Beijing,Transformer,67.833336,23.61655,test
2017-01-10 12:00:00,2017-01-11 00:00:00,12,Beijing,Transformer,63.083332,22.436295,test
2017-01-10 13:00:00,2017-01-11 01:00:00,12,Beijing,Transformer,64.75,25.349823,test
2017-01-10 14:00:00,2017-01-11 02:00:00,12,Beijing,Transformer,63.083332,28.958836,test
2017-01-10 15:00:00,2017-01-11 03:00:00,12,Beijing,Transformer,64.583336,32.378536,test
2017-01-10 16:00:00,2017-01-11 04:00:00,12,Beijing,Transformer,64.0,29.994617,test
2017-01-10 17:00:00,2017-01-11 05:00:00,12,Beijing,Transformer,60.333332,25.644993,test
2017-01-10 18:00:00,2017-01-11 06:00:00,12,Beijing,Transformer,53.333332,32.827843,test
2017-01-10 19:00:00,2017-01-11 07:00:00,12,Beijing,Transformer,45.25,46.986244,test
2017-01-10 20:00:00,2017-01-11 08:00:00,12,Beijing,Transformer,43.166668,60.501972,test
2017-01-10 21:00:00,2017-01-11 09:00:00,12,Beijing,Transformer,46.916668,65.46998,test
2017-01-10 22:00:00,2017-01-11 10:00:00,12,Beijing,Transformer,56.083332,59.796444,test
2017-01-10 23:00:00,2017-01-11 11:00:00,12,Beijing,Transformer,59.583332,56.64235,test
2017-01-11 00:00:00,2017-01-11 12:00:00,12,Beijing,Transformer,61.0,55.829273,test
2017-01-11 01:00:00,2017-01-11 13:00:00,12,Beijing,Transformer,67.583336,64.675644,test
2017-01-11 02:00:00,2017-01-11 14:00:00,12,Beijing,Transformer,47.5,63.81217,test
2017-01-11 03:00:00,2017-01-11 15:00:00,12,Beijing,Transformer,44.833332,68.47779,test
2017-01-11 04:00:00,2017-01-11 16:00:00,12,Beijing,Transformer,65.0,82.789,test
2017-01-11 05:00:00,2017-01-11 17:00:00,12,Beijing,Transformer,74.25,84.59567,test
2017-01-11 06:00:00,2017-01-11 18:00:00,12,Beijing,Transformer,77.5,85.03984,test
2017-01-11 07:00:00,2017-01-11 19:00:00,12,Beijing,Transformer,75.333336,107.87991,test
2017-01-11 08:00:00,2017-01-11 20:00:00,12,Beijing,Transformer,68.5,148.35156,test
2017-01-11 09:00:00,2017-01-11 21:00:00,12,Beijing,Transformer,57.666668,166.72173,test
2017-01-11 10:00:00,2017-01-11 22:00:00,12,Beijing,Transformer,38.0,178.70757,test
2017-01-11 11:00:00,2017-01-11 23:00:00,12,Beijing,Transformer,27.0,177.98962,test
2017-01-11 12:00:00,2017-01-12 00:00:00,12,Beijing,Transformer,27.083332,191.34975,test
2017-01-11 13:00:00,2017-01-12 01:00:00,12,Beijing,Transformer,28.0,189.64388,test
2017-01-11 14:00:00,2017-01-12 02:00:00,12,Beijing,Transformer,23.75,85.080215,test
2017-01-11 15:00:00,2017-01-12 03:00:00,12,Beijing,Transformer,25.583332,83.89545,test
2017-01-11 16:00:00,2017-01-12 04:00:00,12,Beijing,Transformer,22.916668,102.45946,test
2017-01-11 17:00:00,2017-01-12 05:00:00,12,Beijing,Transformer,26.416668,107.577774,test
2017-01-11 18:00:00,2017-01-12 06:00:00,12,Beijing,Transformer,22.75,108.99997,test
2017-01-11 19:00:00,2017-01-12 07:00:00,12,Beijing,Transformer,26.166668,101.36252,test
2017-01-11 20:00:00,2017-01-12 08:00:00,12,Beijing,Transformer,25.083332,81.99019,test
2017-01-11 21:00:00,2017-01-12 09:00:00,12,Beijing,Transformer,25.416668,50.990696,test
2017-01-11 22:00:00,2017-01-12 10:00:00,12,Beijing,Transformer,27.083332,33.92059,test
2017-01-11 23:00:00,2017-01-12 11:00:00,12,Beijing,Transformer,24.833332,29.016264,test
2017-01-12 00:00:00,2017-01-12 12:00:00,12,Beijing,Transformer,34.666668,28.663624,test
2017-01-12 01:00:00,2017-01-12 13:00:00,12,Beijing,Transformer,54.083332,41.361275,test
2017-01-12 02:00:00,2017-01-12 14:00:00,12,Beijing,Transformer,59.666668,55.161278,test
2017-01-12 03:00:00,2017-01-12 15:00:00,12,Beijing,Transformer,66.083336,84.47035,test
2017-01-12 04:00:00,2017-01-12 16:00:00,12,Beijing,Transformer,76.833336,91.38847,test
2017-01-12 05:00:00,2017-01-12 17:00:00,12,Beijing,Transformer,82.333336,29.66021,test
2017-01-12 06:00:00,2017-01-12 18:00:00,12,Beijing,Transformer,89.833336,74.00036,test
2017-01-12 07:00:00,2017-01-12 19:00:00,12,Beijing,Transformer,103.916664,119.689316,test
2017-01-12 08:00:00,2017-01-12 20:00:00,12,Beijing,Transformer,106.25,126.308464,test
2017-01-12 09:00:00,2017-01-12 21:00:00,12,Beijing,Transformer,53.916668,130.89188,test
2017-01-12 10:00:00,2017-01-12 22:00:00,12,Beijing,Transformer,13.083333,97.656364,test
2017-01-12 11:00:00,2017-01-12 23:00:00,12,Beijing,Transformer,12.583333,87.28035,test
2017-01-12 12:00:00,2017-01-13 00:00:00,12,Beijing,Transformer,12.5,80.2616,test
2017-01-12 13:00:00,2017-01-13 01:00:00,12,Beijing,Transformer,12.5,94.35072,test
2017-01-12 14:00:00,2017-01-13 02:00:00,12,Beijing,Transformer,14.75,87.32296,test
2017-01-12 15:00:00,2017-01-13 03:00:00,12,Beijing,Transformer,11.75,92.57899,test
2017-01-12 16:00:00,2017-01-13 04:00:00,12,Beijing,Transformer,8.583333,89.7968,test
2017-01-12 17:00:00,2017-01-13 05:00:00,12,Beijing,Transformer,10.833333,91.17554,test
2017-01-12 18:00:00,2017-01-13 06:00:00,12,Beijing,Transformer,13.25,88.872955,test
2017-01-12 19:00:00,2017-01-13 07:00:00,12,Beijing,Transformer,13.583333,82.69217,test
2017-01-12 20:00:00,2017-01-13 08:00:00,12,Beijing,Transformer,13.833333,80.8051,test
2017-01-12 21:00:00,2017-01-13 09:00:00,12,Beijing,Transformer,16.0,21.095604,test
2017-01-12 22:00:00,2017-01-13 10:00:00,12,Beijing,Transformer,11.916667,12.658546,test
2017-01-12 23:00:00,2017-01-13 11:00:00,12,Beijing,Transformer,15.75,12.495549,test
2017-01-13 00:00:00,2017-01-13 12:00:00,12,Beijing,Transformer,12.25,14.707477,test
2017-01-13 01:00:00,2017-01-13 13:00:00,12,Beijing,Transformer,13.166667,16.631714,test
2017-01-13 02:00:00,2017-01-13 14:00:00,12,Beijing,Transformer,12.25,17.05031,test
2017-01-13 03:00:00,2017-01-13 15:00:00,12,Beijing,Transformer,11.333333,14.398928,test
2017-01-13 04:00:00,2017-01-13 16:00:00,12,Beijing,Transformer,11.833333,16.337063,test
2017-01-13 05:00:00,2017-01-13 17:00:00,12,Beijing,Transformer,10.25,24.577524,test
2017-01-13 06:00:00,2017-01-13 18:00:00,12,Beijing,Transformer,12.916667,41.693485,test
2017-01-13 07:00:00,2017-01-13 19:00:00,12,Beijing,Transformer,14.583333,38.996853,test
2017-01-13 08:00:00,2017-01-13 20:00:00,12,Beijing,Transformer,16.75,32.108788,test
2017-01-13 09:00:00,2017-01-13 21:00:00,12,Beijing,Transformer,15.25,23.656385,test
2017-01-13 10:00:00,2017-01-13 22:00:00,12,Beijing,Transformer,14.916667,24.76008,test
2017-01-13 11:00:00,2017-01-13 23:00:00,12,Beijing,Transformer,17.0,23.87108,test
2017-01-13 12:00:00,2017-01-14 00:00:00,12,Beijing,Transformer,16.25,27.028423,test
2017-01-13 13:00:00,2017-01-14 01:00:00,12,Beijing,Transformer,17.166668,30.178589,test
2017-01-13 14:00:00,2017-01-14 02:00:00,12,Beijing,Transformer,14.5,30.686756,test
2017-01-13 15:00:00,2017-01-14 03:00:00,12,Beijing,Transformer,15.583333,31.74074,test
2017-01-13 16:00:00,2017-01-14 04:00:00,12,Beijing,Transformer,15.083333,33.22279,test
2017-01-13 17:00:00,2017-01-14 05:00:00,12,Beijing,Transformer,14.5,34.191868,test
2017-01-13 18:00:00,2017-01-14 06:00:00,12,Beijing,Transformer,11.166667,25.908638,test
2017-01-13 19:00:00,2017-01-14 07:00:00,12,Beijing,Transformer,16.25,16.73492,test
2017-01-13 20:00:00,2017-01-14 08:00:00,12,Beijing,Transformer,19.583332,16.482208,test
2017-01-13 21:00:00,2017-01-14 09:00:00,12,Beijing,Transformer,18.166668,14.707777,test
2017-01-13 22:00:00,2017-01-14 10:00:00,12,Beijing,Transformer,22.75,15.6191,test
2017-01-13 23:00:00,2017-01-14 11:00:00,12,Beijing,Transformer,23.5,18.450905,test
2017-01-14 00:00:00,2017-01-14 12:00:00,12,Beijing,Transformer,15.916667,25.773634,test
2017-01-14 01:00:00,2017-01-14 13:00:00,12,Beijing,Transformer,16.25,32.7917,test
2017-01-14 02:00:00,2017-01-14 14:00:00,12,Beijing,Transformer,18.416668,39.884785,test
2017-01-14 03:00:00,2017-01-14 15:00:00,12,Beijing,Transformer,17.416668,24.332235,test
2017-01-14 04:00:00,2017-01-14 16:00:00,12,Beijing,Transformer,18.25,25.786804,test
2017-01-14 05:00:00,2017-01-14 17:00:00,12,Beijing,Transformer,21.666668,34.55398,test
2017-01-14 06:00:00,2017-01-14 18:00:00,12,Beijing,Transformer,28.0,40.209816,test
2017-01-14 07:00:00,2017-01-14 19:00:00,12,Beijing,Transformer,38.5,46.7694,test
2017-01-14 08:00:00,2017-01-14 20:00:00,12,Beijing,Transformer,49.0,53.814915,test
2017-01-14 09:00:00,2017-01-14 21:00:00,12,Beijing,Transformer,53.0,47.965443,test
2017-01-14 10:00:00,2017-01-14 22:00:00,12,Beijing,Transformer,47.666668,45.84563,test
2017-01-14 11:00:00,2017-01-14 23:00:00,12,Beijing,Transformer,42.583332,48.281586,test
2017-01-14 12:00:00,2017-01-15 00:00:00,12,Beijing,Transformer,42.416668,57.612537,test
2017-01-14 13:00:00,2017-01-15 01:00:00,12,Beijing,Transformer,43.25,73.534805,test
2017-01-14 14:00:00,2017-01-15 02:00:00,12,Beijing,Transformer,42.333332,71.48839,test
2017-01-14 15:00:00,2017-01-15 03:00:00,12,Beijing,Transformer,41.666668,64.660614,test
2017-01-14 16:00:00,2017-01-15 04:00:00,12,Beijing,Transformer,43.5,52.886707,test
2017-01-14 17:00:00,2017-01-15 05:00:00,12,Beijing,Transformer,38.916668,49.69002,test
2017-01-14 18:00:00,2017-01-15 06:00:00,12,Beijing,Transformer,36.5,43.635784,test
2017-01-14 19:00:00,2017-01-15 07:00:00,12,Beijing,Transformer,36.333332,44.312435,test
2017-01-14 20:00:00,2017-01-15 08:00:00,12,Beijing,Transformer,36.583332,45.456272,test
2017-01-14 21:00:00,2017-01-15 09:00:00,12,Beijing,Transformer,38.666668,50.335957,test
2017-01-14 22:00:00,2017-01-15 10:00:00,12,Beijing,Transformer,42.416668,45.69037,test
2017-01-14 23:00:00,2017-01-15 11:00:00,12,Beijing,Transformer,46.833332,46.928165,test
2017-01-15 00:00:00,2017-01-15 12:00:00,12,Beijing,Transformer,49.666668,54.003498,test
2017-01-15 01:00:00,2017-01-15 13:00:00,12,Beijing,Transformer,52.25,64.32989,test
2017-01-15 02:00:00,2017-01-15 14:00:00,12,Beijing,Transformer,58.666668,71.68062,test
2017-01-15 03:00:00,2017-01-15 15:00:00,12,Beijing,Transformer,64.0,77.197945,test
2017-01-15 04:00:00,2017-01-15 16:00:00,12,Beijing,Transformer,67.25,81.14602,test
2017-01-15 05:00:00,2017-01-15 17:00:00,12,Beijing,Transformer,74.083336,93.52443,test
2017-01-15 06:00:00,2017-01-15 18:00:00,12,Beijing,Transformer,79.25,116.73993,test
2017-01-15 07:00:00,2017-01-15 19:00:00,12,Beijing,Transformer,80.666664,137.16347,test
2017-01-15 08:00:00,2017-01-15 20:00:00,12,Beijing,Transformer,83.5,144.80711,test
2017-01-15 09:00:00,2017-01-15 21:00:00,12,Beijing,Transformer,85.666664,144.67065,test
2017-01-15 10:00:00,2017-01-15 22:00:00,12,Beijing,Transformer,85.5,118.24461,test
2017-01-15 11:00:00,2017-01-15 23:00:00,12,Beijing,Transformer,93.75,121.924194,test
2017-01-15 12:00:00,2017-01-16 00:00:00,12,Beijing,Transformer,96.166664,113.0954,test
2017-01-15 13:00:00,2017-01-16 01:00:00,12,Beijing,Transformer,94.166664,96.720184,test
2017-01-15 14:00:00,2017-01-16 02:00:00,12,Beijing,Transformer,98.333336,95.72231,test
2017-01-15 15:00:00,2017-01-16 03:00:00,12,Beijing,Transformer,96.333336,101.74425,test
2017-01-15 16:00:00,2017-01-16 04:00:00,12,Beijing,Transformer,94.5,97.31111,test
2017-01-15 17:00:00,2017-01-16 05:00:00,12,Beijing,Transformer,92.833336,95.708305,test
2017-01-15 18:00:00,2017-01-16 06:00:00,12,Beijing,Transformer,96.166664,81.7466,test
2017-01-15 19:00:00,2017-01-16 07:00:00,12,Beijing,Transformer,90.083336,73.86397,test
2017-01-15 20:00:00,2017-01-16 08:00:00,12,Beijing,Transformer,89.833336,67.4768,test
2017-01-15 21:00:00,2017-01-16 09:00:00,12,Beijing,Transformer,86.333336,68.591644,test
2017-01-15 22:00:00,2017-01-16 10:00:00,12,Beijing,Transformer,77.416664,70.36062,test
2017-01-15 23:00:00,2017-01-16 11:00:00,12,Beijing,Transformer,73.0,72.8841,test
2017-01-16 00:00:00,2017-01-16 12:00:00,12,Beijing,Transformer,72.083336,68.25664,test
2017-01-16 01:00:00,2017-01-16 13:00:00,12,Beijing,Transformer,83.416664,69.10503,test
2017-01-16 02:00:00,2017-01-16 14:00:00,12,Beijing,Transformer,93.583336,72.4692,test
2017-01-16 03:00:00,2017-01-16 15:00:00,12,Beijing,Transformer,95.333336,65.61218,test
2017-01-16 04:00:00,2017-01-16 16:00:00,12,Beijing,Transformer,92.833336,69.35858,test
2017-01-16 05:00:00,2017-01-16 17:00:00,12,Beijing,Transformer,112.5,71.526306,test
2017-01-16 06:00:00,2017-01-16 18:00:00,12,Beijing,Transformer,111.833336,77.370766,test
2017-01-16 07:00:00,2017-01-16 19:00:00,12,Beijing,Transformer,113.25,66.50806,test
2017-01-16 08:00:00,2017-01-16 20:00:00,12,Beijing,Transformer,122.75,73.97386,test
2017-01-16 09:00:00,2017-01-16 21:00:00,12,Beijing,Transformer,128.16667,76.58176,test
2017-01-16 10:00:00,2017-01-16 22:00:00,12,Beijing,Transformer,126.916664,79.414825,test
2017-01-16 11:00:00,2017-01-16 23:00:00,12,Beijing,Transformer,125.0,75.22258,test
2017-01-16 12:00:00,2017-01-17 00:00:00,12,Beijing,Transformer,122.666664,78.16937,test
2017-01-16 13:00:00,2017-01-17 01:00:00,12,Beijing,Transformer,126.333336,79.50074,test
2017-01-16 14:00:00,2017-01-17 02:00:00,12,Beijing,Transformer,129.66667,85.978355,test
2017-01-16 15:00:00,2017-01-17 03:00:00,12,Beijing,Transformer,127.083336,77.68609,test
2017-01-16 16:00:00,2017-01-17 04:00:00,12,Beijing,Transformer,128.91667,73.33281,test
2017-01-16 17:00:00,2017-01-17 05:00:00,12,Beijing,Transformer,128.91667,70.06624,test
2017-01-16 18:00:00,2017-01-17 06:00:00,12,Beijing,Transformer,121.833336,65.335846,test
2017-01-16 19:00:00,2017-01-17 07:00:00,12,Beijing,Transformer,121.333336,59.0415,test
2017-01-16 20:00:00,2017-01-17 08:00:00,12,Beijing,Transformer,128.33333,69.85139,test
2017-01-16 21:00:00,2017-01-17 09:00:00,12,Beijing,Transformer,136.25,88.00162,test
2017-01-16 22:00:00,2017-01-17 10:00:00,12,Beijing,Transformer,139.91667,87.6501,test
2017-01-16 23:00:00,2017-01-17 11:00:00,12,Beijing,Transformer,121.833336,91.15757,test
2017-01-17 00:00:00,2017-01-17 12:00:00,12,Beijing,Transformer,135.75,86.46037,test
2017-01-17 01:00:00,2017-01-17 13:00:00,12,Beijing,Transformer,151.25,102.8868,test
2017-01-17 02:00:00,2017-01-17 14:00:00,12,Beijing,Transformer,142.54167,126.10626,test
2017-01-17 03:00:00,2017-01-17 15:00:00,12,Beijing,Transformer,120.25,127.96985,test
2017-01-17 04:00:00,2017-01-17 16:00:00,12,Beijing,Transformer,135.5,136.77504,test
2017-01-17 05:00:00,2017-01-17 17:00:00,12,Beijing,Transformer,155.08333,154.24295,test
2017-01-17 06:00:00,2017-01-17 18:00:00,12,Beijing,Transformer,165.16667,185.51857,test
2017-01-17 07:00:00,2017-01-17 19:00:00,12,Beijing,Transformer,168.16667,195.0699,test
2017-01-17 08:00:00,2017-01-17 20:00:00,12,Beijing,Transformer,170.58333,195.09158,test
2017-01-17 09:00:00,2017-01-17 21:00:00,12,Beijing,Transformer,154.91667,195.0893,test
2017-01-17 10:00:00,2017-01-17 22:00:00,12,Beijing,Transformer,142.5,195.08324,test
2017-01-17 11:00:00,2017-01-17 23:00:00,12,Beijing,Transformer,134.75,195.0607,test
2017-01-17 12:00:00,2017-01-18 00:00:00,12,Beijing,Transformer,99.583336,195.08902,test
2017-01-17 13:00:00,2017-01-18 01:00:00,12,Beijing,Transformer,55.5,195.07933,test
2017-01-17 14:00:00,2017-01-18 02:00:00,12,Beijing,Transformer,45.416668,195.07661,test
2017-01-17 15:00:00,2017-01-18 03:00:00,12,Beijing,Transformer,39.75,136.75739,test
2017-01-17 16:00:00,2017-01-18 04:00:00,12,Beijing,Transformer,31.25,146.15349,test
2017-01-17 17:00:00,2017-01-18 05:00:00,12,Beijing,Transformer,31.083332,178.6552,test
2017-01-17 18:00:00,2017-01-18 06:00:00,12,Beijing,Transformer,29.166668,137.5756,test
2017-01-17 19:00:00,2017-01-18 07:00:00,12,Beijing,Transformer,27.25,96.843216,test
2017-01-17 20:00:00,2017-01-18 08:00:00,12,Beijing,Transformer,29.0,89.446976,test
2017-01-17 21:00:00,2017-01-18 09:00:00,12,Beijing,Transformer,26.666668,69.00708,test
2017-01-17 22:00:00,2017-01-18 10:00:00,12,Beijing,Transformer,27.25,46.033276,test
2017-01-17 23:00:00,2017-01-18 11:00:00,12,Beijing,Transformer,23.833332,44.321033,test
2017-01-18 00:00:00,2017-01-18 12:00:00,12,Beijing,Transformer,22.666668,21.843622,test
2017-01-18 01:00:00,2017-01-18 13:00:00,12,Beijing,Transformer,23.666668,14.567326,test
2017-01-18 02:00:00,2017-01-18 14:00:00,12,Beijing,Transformer,22.5,16.223621,test
2017-01-18 03:00:00,2017-01-18 15:00:00,12,Beijing,Transformer,30.0,16.320679,test
2017-01-18 04:00:00,2017-01-18 16:00:00,12,Beijing,Transformer,46.0,18.231054,test
2017-01-18 05:00:00,2017-01-18 17:00:00,12,Beijing,Transformer,49.75,33.79593,test
2017-01-18 06:00:00,2017-01-18 18:00:00,12,Beijing,Transformer,42.75,54.980938,test
2017-01-18 07:00:00,2017-01-18 19:00:00,12,Beijing,Transformer,43.75,70.54861,test
2017-01-18 08:00:00,2017-01-18 20:00:00,12,Beijing,Transformer,48.833332,75.65955,test
2017-01-18 09:00:00,2017-01-18 21:00:00,12,Beijing,Transformer,52.166668,43.756573,test
2017-01-18 10:00:00,2017-01-18 22:00:00,12,Beijing,Transformer,58.583332,48.8476,test
2017-01-18 11:00:00,2017-01-18 23:00:00,12,Beijing,Transformer,61.666668,34.579082,test
2017-01-18 12:00:00,2017-01-19 00:00:00,12,Beijing,Transformer,73.0,47.93658,test
2017-01-18 13:00:00,2017-01-19 01:00:00,12,Beijing,Transformer,85.416664,64.15311,test
2017-01-18 14:00:00,2017-01-19 02:00:00,12,Beijing,Transformer,91.0,80.76665,test
2017-01-18 15:00:00,2017-01-19 03:00:00,12,Beijing,Transformer,92.916664,91.058205,test
2017-01-18 16:00:00,2017-01-19 04:00:00,12,Beijing,Transformer,99.583336,97.19255,test
2017-01-18 17:00:00,2017-01-19 05:00:00,12,Beijing,Transformer,104.166664,84.21292,test
2017-01-18 18:00:00,2017-01-19 06:00:00,12,Beijing,Transformer,101.166664,78.71717,test
2017-01-18 19:00:00,2017-01-19 07:00:00,12,Beijing,Transformer,101.833336,73.70001,test
2017-01-18 20:00:00,2017-01-19 08:00:00,12,Beijing,Transformer,98.916664,77.99608,test
2017-01-18 21:00:00,2017-01-19 09:00:00,12,Beijing,Transformer,84.0,79.074425,test
2017-01-18 22:00:00,2017-01-19 10:00:00,12,Beijing,Transformer,48.916668,83.16436,test
2017-01-18 23:00:00,2017-01-19 11:00:00,12,Beijing,Transformer,16.0,90.23889,test
2017-01-19 00:00:00,2017-01-19 12:00:00,12,Beijing,Transformer,11.5,100.33364,test
2017-01-19 01:00:00,2017-01-19 13:00:00,12,Beijing,Transformer,10.666667,122.823296,test
2017-01-19 02:00:00,2017-01-19 14:00:00,12,Beijing,Transformer,8.416667,169.07805,test
2017-01-19 03:00:00,2017-01-19 15:00:00,12,Beijing,Transformer,8.916667,184.57054,test
2017-01-19 04:00:00,2017-01-19 16:00:00,12,Beijing,Transformer,9.5,194.90276,test
2017-01-19 05:00:00,2017-01-19 17:00:00,12,Beijing,Transformer,9.583333,195.08846,test
2017-01-19 06:00:00,2017-01-19 18:00:00,12,Beijing,Transformer,9.666667,195.09758,test
2017-01-19 07:00:00,2017-01-19 19:00:00,12,Beijing,Transformer,9.416667,195.09747,test
2017-01-19 08:00:00,2017-01-19 20:00:00,12,Beijing,Transformer,8.666667,195.06956,test
2017-01-19 09:00:00,2017-01-19 21:00:00,12,Beijing,Transformer,8.0,106.60109,test
2017-01-19 10:00:00,2017-01-19 22:00:00,12,Beijing,Transformer,7.916667,58.479195,test
2017-01-19 11:00:00,2017-01-19 23:00:00,12,Beijing,Transformer,6.833333,18.89609,test
2017-01-19 12:00:00,2017-01-20 00:00:00,12,Beijing,Transformer,7.583333,19.421349,test
2017-01-19 13:00:00,2017-01-20 01:00:00,12,Beijing,Transformer,9.583333,18.280119,test
2017-01-19 14:00:00,2017-01-20 02:00:00,12,Beijing,Transformer,7.75,15.99543,test
2017-01-19 15:00:00,2017-01-20 03:00:00,12,Beijing,Transformer,7.333333,14.53607,test
2017-01-19 16:00:00,2017-01-20 04:00:00,12,Beijing,Transformer,6.583333,13.747723,test
2017-01-19 17:00:00,2017-01-20 05:00:00,12,Beijing,Transformer,6.25,13.220541,test
2017-01-19 18:00:00,2017-01-20 06:00:00,12,Beijing,Transformer,6.166667,13.426617,test
2017-01-19 19:00:00,2017-01-20 07:00:00,12,Beijing,Transformer,7.833333,12.174812,test
2017-01-19 20:00:00,2017-01-20 08:00:00,12,Beijing,Transformer,9.083333,12.114545,test
2017-01-19 21:00:00,2017-01-20 09:00:00,12,Beijing,Transformer,12.833333,12.47391,test
2017-01-19 22:00:00,2017-01-20 10:00:00,12,Beijing,Transformer,14.916667,13.006132,test
2017-01-19 23:00:00,2017-01-20 11:00:00,12,Beijing,Transformer,14.833333,13.141166,test
2017-01-20 00:00:00,2017-01-20 12:00:00,12,Beijing,Transformer,14.0,13.599927,test
2017-01-20 01:00:00,2017-01-20 13:00:00,12,Beijing,Transformer,15.916667,14.758061,test
2017-01-20 02:00:00,2017-01-20 14:00:00,12,Beijing,Transformer,16.666668,14.331287,test
2017-01-20 03:00:00,2017-01-20 15:00:00,12,Beijing,Transformer,19.166668,14.263231,test
2017-01-20 04:00:00,2017-01-20 16:00:00,12,Beijing,Transformer,20.25,16.303091,test
2017-01-20 05:00:00,2017-01-20 17:00:00,12,Beijing,Transformer,23.833332,20.799356,test
2017-01-20 06:00:00,2017-01-20 18:00:00,12,Beijing,Transformer,28.583332,31.713799,test
2017-01-20 07:00:00,2017-01-20 19:00:00,12,Beijing,Transformer,38.416668,41.9804,test
2017-01-20 08:00:00,2017-01-20 20:00:00,12,Beijing,Transformer,46.666668,48.954144,test
2017-01-20 09:00:00,2017-01-20 21:00:00,12,Beijing,Transformer,54.666668,45.54224,test
2017-01-20 10:00:00,2017-01-20 22:00:00,12,Beijing,Transformer,63.166668,49.170578,test
2017-01-20 11:00:00,2017-01-20 23:00:00,12,Beijing,Transformer,68.416664,64.007706,test
2017-01-20 12:00:00,2017-01-21 00:00:00,12,Beijing,Transformer,71.666664,77.28957,test
2017-01-20 13:00:00,2017-01-21 01:00:00,12,Beijing,Transformer,71.583336,74.58241,test
2017-01-20 14:00:00,2017-01-21 02:00:00,12,Beijing,Transformer,72.916664,67.85139,test
2017-01-20 15:00:00,2017-01-21 03:00:00,12,Beijing,Transformer,73.25,61.857006,test
2017-01-20 16:00:00,2017-01-21 04:00:00,12,Beijing,Transformer,74.916664,57.69079,test
2017-01-20 17:00:00,2017-01-21 05:00:00,12,Beijing,Transformer,66.75,55.162376,test
2017-01-20 18:00:00,2017-01-21 06:00:00,12,Beijing,Transformer,42.666668,51.233814,test
2017-01-20 19:00:00,2017-01-21 07:00:00,12,Beijing,Transformer,20.583332,46.82311,test
2017-01-20 20:00:00,2017-01-21 08:00:00,12,Beijing,Transformer,11.666667,53.668602,test
2017-01-20 21:00:00,2017-01-21 09:00:00,12,Beijing,Transformer,7.583333,55.95028,test
2017-01-20 22:00:00,2017-01-21 10:00:00,12,Beijing,Transformer,5.833333,58.726925,test
2017-01-20 23:00:00,2017-01-21 11:00:00,12,Beijing,Transformer,7.416667,61.6082,test
2017-01-21 00:00:00,2017-01-21 12:00:00,12,Beijing,Transformer,8.083333,62.847015,test
2017-01-21 01:00:00,2017-01-21 13:00:00,12,Beijing,Transformer,8.333333,58.698402,test
2017-01-21 02:00:00,2017-01-21 14:00:00,12,Beijing,Transformer,8.583333,68.230774,test
2017-01-21 03:00:00,2017-01-21 15:00:00,12,Beijing,Transformer,7.583333,77.90372,test
2017-01-21 04:00:00,2017-01-21 16:00:00,12,Beijing,Transformer,7.25,100.34989,test
2017-01-21 05:00:00,2017-01-21 17:00:00,12,Beijing,Transformer,6.75,82.65511,test
2017-01-21 06:00:00,2017-01-21 18:00:00,12,Beijing,Transformer,8.333333,64.247406,test
2017-01-21 07:00:00,2017-01-21 19:00:00,12,Beijing,Transformer,9.0,70.91368,test
2017-01-21 08:00:00,2017-01-21 20:00:00,12,Beijing,Transformer,9.333333,55.562878,test
2017-01-21 09:00:00,2017-01-21 21:00:00,12,Beijing,Transformer,11.75,54.919376,test
2017-01-21 10:00:00,2017-01-21 22:00:00,12,Beijing,Transformer,9.666667,43.887135,test
2017-01-21 11:00:00,2017-01-21 23:00:00,12,Beijing,Transformer,11.166667,43.250095,test
2017-01-21 12:00:00,2017-01-22 00:00:00,12,Beijing,Transformer,11.833333,45.61262,test
2017-01-21 13:00:00,2017-01-22 01:00:00,12,Beijing,Transformer,10.833333,45.42288,test
2017-01-21 14:00:00,2017-01-22 02:00:00,12,Beijing,Transformer,12.833333,38.6145,test
2017-01-21 15:00:00,2017-01-22 03:00:00,12,Beijing,Transformer,11.833333,30.124367,test
2017-01-21 16:00:00,2017-01-22 04:00:00,12,Beijing,Transformer,12.0,26.224361,test
2017-01-21 17:00:00,2017-01-22 05:00:00,12,Beijing,Transformer,11.25,23.889334,test
2017-01-21 18:00:00,2017-01-22 06:00:00,12,Beijing,Transformer,10.416667,20.42221,test
2017-01-21 19:00:00,2017-01-22 07:00:00,12,Beijing,Transformer,10.583333,16.026585,test
2017-01-21 20:00:00,2017-01-22 08:00:00,12,Beijing,Transformer,11.666667,16.385508,test
2017-01-21 21:00:00,2017-01-22 09:00:00,12,Beijing,Transformer,12.083333,18.998848,test
2017-01-21 22:00:00,2017-01-22 10:00:00,12,Beijing,Transformer,14.083333,20.571918,test
2017-01-21 23:00:00,2017-01-22 11:00:00,12,Beijing,Transformer,13.666667,19.768852,test
2017-01-22 00:00:00,2017-01-22 12:00:00,12,Beijing,Transformer,13.583333,20.972813,test
2017-01-22 01:00:00,2017-01-22 13:00:00,12,Beijing,Transformer,17.166668,19.178299,test
2017-01-22 02:00:00,2017-01-22 14:00:00,12,Beijing,Transformer,18.583332,25.140892,test
2017-01-22 03:00:00,2017-01-22 15:00:00,12,Beijing,Transformer,20.5,27.450346,test
2017-01-22 04:00:00,2017-01-22 16:00:00,12,Beijing,Transformer,27.666668,35.909096,test
2017-01-22 05:00:00,2017-01-22 17:00:00,12,Beijing,Transformer,43.833332,41.717167,test
2017-01-22 06:00:00,2017-01-22 18:00:00,12,Beijing,Transformer,53.666668,59.067524,test
2017-01-22 07:00:00,2017-01-22 19:00:00,12,Beijing,Transformer,60.583332,62.465412,test
2017-01-22 08:00:00,2017-01-22 20:00:00,12,Beijing,Transformer,55.916668,69.69308,test
2017-01-22 09:00:00,2017-01-22 21:00:00,12,Beijing,Transformer,42.25,63.18555,test
2017-01-22 10:00:00,2017-01-22 22:00:00,12,Beijing,Transformer,38.416668,70.60103,test
2017-01-22 11:00:00,2017-01-22 23:00:00,12,Beijing,Transformer,36.916668,79.90672,test
2017-01-22 12:00:00,2017-01-23 00:00:00,12,Beijing,Transformer,28.25,78.7086,test
2017-01-22 13:00:00,2017-01-23 01:00:00,12,Beijing,Transformer,25.75,85.26204,test
2017-01-22 14:00:00,2017-01-23 02:00:00,12,Beijing,Transformer,23.083332,85.19356,test
2017-01-22 15:00:00,2017-01-23 03:00:00,12,Beijing,Transformer,22.25,80.51837,test
2017-01-22 16:00:00,2017-01-23 04:00:00,12,Beijing,Transformer,18.583332,78.49195,test
2017-01-22 17:00:00,2017-01-23 05:00:00,12,Beijing,Transformer,16.416668,87.876816,test
2017-01-22 18:00:00,2017-01-23 06:00:00,12,Beijing,Transformer,16.416668,84.13367,test
2017-01-22 19:00:00,2017-01-23 07:00:00,12,Beijing,Transformer,17.666668,65.48181,test
2017-01-22 20:00:00,2017-01-23 08:00:00,12,Beijing,Transformer,17.083332,60.833492,test
2017-01-22 21:00:00,2017-01-23 09:00:00,12,Beijing,Transformer,17.75,53.322376,test
2017-01-22 22:00:00,2017-01-23 10:00:00,12,Beijing,Transformer,20.583332,44.558773,test
2017-01-22 23:00:00,2017-01-23 11:00:00,12,Beijing,Transformer,23.5,47.74564,test
2017-01-23 00:00:00,2017-01-23 12:00:00,12,Beijing,Transformer,21.333332,37.02286,test
2017-01-23 01:00:00,2017-01-23 13:00:00,12,Beijing,Transformer,22.75,41.849194,test
2017-01-23 02:00:00,2017-01-23 14:00:00,12,Beijing,Transformer,22.5,45.67621,test
2017-01-23 03:00:00,2017-01-23 15:00:00,12,Beijing,Transformer,28.5,51.624355,test
2017-01-23 04:00:00,2017-01-23 16:00:00,12,Beijing,Transformer,34.333332,57.157345,test
2017-01-23 05:00:00,2017-01-23 17:00:00,12,Beijing,Transformer,37.416668,56.909054,test
2017-01-23 06:00:00,2017-01-23 18:00:00,12,Beijing,Transformer,38.25,73.66375,test
2017-01-23 07:00:00,2017-01-23 19:00:00,12,Beijing,Transformer,47.0,94.56531,test
2017-01-23 08:00:00,2017-01-23 20:00:00,12,Beijing,Transformer,62.0,94.98156,test
2017-01-23 09:00:00,2017-01-23 21:00:00,12,Beijing,Transformer,70.25,100.20079,test
2017-01-23 10:00:00,2017-01-23 22:00:00,12,Beijing,Transformer,75.333336,105.482346,test
2017-01-23 11:00:00,2017-01-23 23:00:00,12,Beijing,Transformer,83.666664,115.67967,test
2017-01-23 12:00:00,2017-01-24 00:00:00,12,Beijing,Transformer,88.333336,113.09293,test
2017-01-23 13:00:00,2017-01-24 01:00:00,12,Beijing,Transformer,87.5,116.70294,test
2017-01-23 14:00:00,2017-01-24 02:00:00,12,Beijing,Transformer,83.416664,123.59456,test
2017-01-23 15:00:00,2017-01-24 03:00:00,12,Beijing,Transformer,80.583336,104.07446,test
2017-01-23 16:00:00,2017-01-24 04:00:00,12,Beijing,Transformer,80.75,109.49234,test
2017-01-23 17:00:00,2017-01-24 05:00:00,12,Beijing,Transformer,78.583336,89.260956,test
2017-01-23 18:00:00,2017-01-24 06:00:00,12,Beijing,Transformer,76.833336,64.01121,test
2017-01-23 19:00:00,2017-01-24 07:00:00,12,Beijing,Transformer,70.833336,62.9215,test
2017-01-23 20:00:00,2017-01-24 08:00:00,12,Beijing,Transformer,56.666668,66.35318,test
2017-01-23 21:00:00,2017-01-24 09:00:00,12,Beijing,Transformer,48.5,68.96364,test
2017-01-23 22:00:00,2017-01-24 10:00:00,12,Beijing,Transformer,43.666668,71.06236,test
2017-01-23 23:00:00,2017-01-24 11:00:00,12,Beijing,Transformer,47.25,67.64218,test
2017-01-24 00:00:00,2017-01-24 12:00:00,12,Beijing,Transformer,60.75,69.70479,test
2017-01-24 01:00:00,2017-01-24 13:00:00,12,Beijing,Transformer,66.083336,70.10113,test
2017-01-24 02:00:00,2017-01-24 14:00:00,12,Beijing,Transformer,64.333336,65.07019,test
2017-01-24 03:00:00,2017-01-24 15:00:00,12,Beijing,Transformer,73.666664,63.896084,test
2017-01-24 04:00:00,2017-01-24 16:00:00,12,Beijing,Transformer,95.583336,68.65878,test
2017-01-24 05:00:00,2017-01-24 17:00:00,12,Beijing,Transformer,106.333336,80.80236,test
2017-01-24 06:00:00,2017-01-24 18:00:00,12,Beijing,Transformer,112.0,98.80848,test
2017-01-24 07:00:00,2017-01-24 19:00:00,12,Beijing,Transformer,121.75,115.43073,test
2017-01-24 08:00:00,2017-01-24 20:00:00,12,Beijing,Transformer,126.25,96.15037,test
2017-01-24 09:00:00,2017-01-24 21:00:00,12,Beijing,Transformer,122.916664,121.262436,test
2017-01-24 10:00:00,2017-01-24 22:00:00,12,Beijing,Transformer,126.666664,148.37793,test
2017-01-24 11:00:00,2017-01-24 23:00:00,12,Beijing,Transformer,141.33333,163.28699,test
2017-01-24 12:00:00,2017-01-25 00:00:00,12,Beijing,Transformer,150.58333,188.06955,test
2017-01-24 13:00:00,2017-01-25 01:00:00,12,Beijing,Transformer,151.25,189.21405,test
2017-01-24 14:00:00,2017-01-25 02:00:00,12,Beijing,Transformer,154.83333,192.45448,test
2017-01-24 15:00:00,2017-01-25 03:00:00,12,Beijing,Transformer,162.33333,162.31609,test
2017-01-24 16:00:00,2017-01-25 04:00:00,12,Beijing,Transformer,164.83333,194.35925,test
2017-01-24 17:00:00,2017-01-25 05:00:00,12,Beijing,Transformer,165.91667,194.80698,test
2017-01-24 18:00:00,2017-01-25 06:00:00,12,Beijing,Transformer,165.25,161.27408,test
2017-01-24 19:00:00,2017-01-25 07:00:00,12,Beijing,Transformer,160.91667,131.00612,test
2017-01-24 20:00:00,2017-01-25 08:00:00,12,Beijing,Transformer,147.75,122.77596,test
2017-01-24 21:00:00,2017-01-25 09:00:00,12,Beijing,Transformer,143.0,103.06557,test
2017-01-24 22:00:00,2017-01-25 10:00:00,12,Beijing,Transformer,141.83333,94.06249,test
2017-01-24 23:00:00,2017-01-25 11:00:00,12,Beijing,Transformer,140.91667,104.359436,test
2017-01-25 00:00:00,2017-01-25 12:00:00,12,Beijing,Transformer,144.16667,137.3054,test
2017-01-25 01:00:00,2017-01-25 13:00:00,12,Beijing,Transformer,148.16667,160.53214,test
2017-01-25 02:00:00,2017-01-25 14:00:00,12,Beijing,Transformer,155.125,130.6033,test
2017-01-25 03:00:00,2017-01-25 15:00:00,12,Beijing,Transformer,162.08333,174.81549,test
2017-01-25 04:00:00,2017-01-25 16:00:00,12,Beijing,Transformer,169.5,194.95995,test
2017-01-25 05:00:00,2017-01-25 17:00:00,12,Beijing,Transformer,181.58333,195.01915,test
2017-01-25 06:00:00,2017-01-25 18:00:00,12,Beijing,Transformer,189.91667,195.0802,test
2017-01-25 07:00:00,2017-01-25 19:00:00,12,Beijing,Transformer,197.91667,195.08812,test
2017-01-25 08:00:00,2017-01-25 20:00:00,12,Beijing,Transformer,216.33333,191.07259,test
2017-01-25 09:00:00,2017-01-25 21:00:00,12,Beijing,Transformer,220.91667,194.99336,test
2017-01-25 10:00:00,2017-01-25 22:00:00,12,Beijing,Transformer,237.91667,195.09875,test
2017-01-25 11:00:00,2017-01-25 23:00:00,12,Beijing,Transformer,242.8125,195.09328,test
2017-01-25 12:00:00,2017-01-26 00:00:00,12,Beijing,Transformer,249.54167,195.08763,test
2017-01-25 13:00:00,2017-01-26 01:00:00,12,Beijing,Transformer,260.9375,195.07307,test
2017-01-25 14:00:00,2017-01-26 02:00:00,12,Beijing,Transformer,276.58334,195.06787,test
2017-01-25 15:00:00,2017-01-26 03:00:00,12,Beijing,Transformer,280.77777,195.06546,test
2017-01-25 16:00:00,2017-01-26 04:00:00,12,Beijing,Transformer,276.05554,195.06377,test
2017-01-25 17:00:00,2017-01-26 05:00:00,12,Beijing,Transformer,276.33334,195.06151,test
2017-01-25 18:00:00,2017-01-26 06:00:00,12,Beijing,Transformer,271.0,195.05818,test
2017-01-25 19:00:00,2017-01-26 07:00:00,12,Beijing,Transformer,264.16666,195.05556,test
2017-01-25 20:00:00,2017-01-26 08:00:00,12,Beijing,Transformer,255.41667,195.05656,test
2017-01-25 21:00:00,2017-01-26 09:00:00,12,Beijing,Transformer,252.75,195.0597,test
2017-01-25 22:00:00,2017-01-26 10:00:00,12,Beijing,Transformer,267.75,195.06746,test
2017-01-25 23:00:00,2017-01-26 11:00:00,12,Beijing,Transformer,245.41667,195.08147,test
2017-01-26 00:00:00,2017-01-26 12:00:00,12,Beijing,Transformer,213.75,195.0526,test
2017-01-26 01:00:00,2017-01-26 13:00:00,12,Beijing,Transformer,165.79167,195.07741,test
2017-01-26 02:00:00,2017-01-26 14:00:00,12,Beijing,Transformer,110.666664,195.07477,test
2017-01-26 03:00:00,2017-01-26 15:00:00,12,Beijing,Transformer,47.166668,195.0753,test
2017-01-26 04:00:00,2017-01-26 16:00:00,12,Beijing,Transformer,10.5,195.07185,test
2017-01-26 05:00:00,2017-01-26 17:00:00,12,Beijing,Transformer,8.166667,195.06882,test
2017-01-26 06:00:00,2017-01-26 18:00:00,12,Beijing,Transformer,9.666667,195.06404,test
2017-01-26 07:00:00,2017-01-26 19:00:00,12,Beijing,Transformer,8.166667,195.06294,test
2017-01-26 08:00:00,2017-01-26 20:00:00,12,Beijing,Transformer,9.0,195.06061,test
2017-01-26 09:00:00,2017-01-26 21:00:00,12,Beijing,Transformer,8.25,195.05754,test
2017-01-26 10:00:00,2017-01-26 22:00:00,12,Beijing,Transformer,5.916667,195.05614,test
2017-01-26 11:00:00,2017-01-26 23:00:00,12,Beijing,Transformer,10.583333,195.04515,test
2017-01-26 12:00:00,2017-01-27 00:00:00,12,Beijing,Transformer,8.333333,195.04088,test
2017-01-26 13:00:00,2017-01-27 01:00:00,12,Beijing,Transformer,9.0,105.365616,test
2017-01-26 14:00:00,2017-01-27 02:00:00,12,Beijing,Transformer,8.75,37.16244,test
2017-01-26 15:00:00,2017-01-27 03:00:00,12,Beijing,Transformer,7.833333,29.703876,test
2017-01-26 16:00:00,2017-01-27 04:00:00,12,Beijing,Transformer,6.833333,20.650072,test
2017-01-26 17:00:00,2017-01-27 05:00:00,12,Beijing,Transformer,5.833333,19.06617,test
2017-01-26 18:00:00,2017-01-27 06:00:00,12,Beijing,Transformer,7.166667,20.614601,test
2017-01-26 19:00:00,2017-01-27 07:00:00,12,Beijing,Transformer,10.25,29.452072,test
2017-01-26 20:00:00,2017-01-27 08:00:00,12,Beijing,Transformer,13.583333,27.799135,test
2017-01-26 21:00:00,2017-01-27 09:00:00,12,Beijing,Transformer,19.25,21.915268,test
2017-01-26 22:00:00,2017-01-27 10:00:00,12,Beijing,Transformer,28.25,23.282745,test
2017-01-26 23:00:00,2017-01-27 11:00:00,12,Beijing,Transformer,30.833332,27.179571,test
2017-01-27 00:00:00,2017-01-27 12:00:00,12,Beijing,Transformer,36.25,31.765026,test
2017-01-27 01:00:00,2017-01-27 13:00:00,12,Beijing,Transformer,39.916668,33.136013,test
2017-01-27 02:00:00,2017-01-27 14:00:00,12,Beijing,Transformer,38.166668,31.478577,test
2017-01-27 03:00:00,2017-01-27 15:00:00,12,Beijing,Transformer,44.333332,31.094006,test
2017-01-27 04:00:00,2017-01-27 16:00:00,12,Beijing,Transformer,51.916668,38.579113,test
2017-01-27 05:00:00,2017-01-27 17:00:00,12,Beijing,Transformer,56.833332,44.285206,test
2017-01-27 06:00:00,2017-01-27 18:00:00,12,Beijing,Transformer,67.166664,56.60565,test
2017-01-27 07:00:00,2017-01-27 19:00:00,12,Beijing,Transformer,95.333336,62.094475,test
2017-01-27 08:00:00,2017-01-27 20:00:00,12,Beijing,Transformer,132.91667,65.82312,test
2017-01-27 09:00:00,2017-01-27 21:00:00,12,Beijing,Transformer,187.08333,69.26851,test
2017-01-27 10:00:00,2017-01-27 22:00:00,12,Beijing,Transformer,233.59091,62.439354,test
2017-01-27 11:00:00,2017-01-27 23:00:00,12,Beijing,Transformer,239.14285,60.134586,test
2017-01-27 12:00:00,2017-01-28 00:00:00,12,Beijing,Transformer,195.5,58.57065,test
2017-01-27 13:00:00,2017-01-28 01:00:00,12,Beijing,Transformer,178.14285,57.493595,test
2017-01-27 14:00:00,2017-01-28 02:00:00,12,Beijing,Transformer,196.28572,51.625687,test
2017-01-27 15:00:00,2017-01-28 03:00:00,12,Beijing,Transformer,230.7619,50.20039,test
2017-01-27 16:00:00,2017-01-28 04:00:00,12,Beijing,Transformer,236.90475,50.03404,test
2017-01-27 17:00:00,2017-01-28 05:00:00,12,Beijing,Transformer,241.71428,48.399372,test
2017-01-27 18:00:00,2017-01-28 06:00:00,12,Beijing,Transformer,241.85715,52.486374,test
2017-01-27 19:00:00,2017-01-28 07:00:00,12,Beijing,Transformer,247.33333,53.801563,test
2017-01-27 20:00:00,2017-01-28 08:00:00,12,Beijing,Transformer,237.33333,64.63582,test
2017-01-27 21:00:00,2017-01-28 09:00:00,12,Beijing,Transformer,271.0,78.71063,test
2017-01-27 22:00:00,2017-01-28 10:00:00,12,Beijing,Transformer,282.3,91.44724,test
2017-01-27 23:00:00,2017-01-28 11:00:00,12,Beijing,Transformer,267.08334,91.21512,test
2017-01-28 00:00:00,2017-01-28 12:00:00,12,Beijing,Transformer,248.41667,78.11951,test
2017-01-28 01:00:00,2017-01-28 13:00:00,12,Beijing,Transformer,228.83333,77.11496,test
2017-01-28 02:00:00,2017-01-28 14:00:00,12,Beijing,Transformer,218.91667,78.78628,test
2017-01-28 03:00:00,2017-01-28 15:00:00,12,Beijing,Transformer,219.16667,83.65312,test
2017-01-28 04:00:00,2017-01-28 16:00:00,12,Beijing,Transformer,220.91667,82.58388,test
2017-01-28 05:00:00,2017-01-28 17:00:00,12,Beijing,Transformer,229.33333,86.027504,test
2017-01-28 06:00:00,2017-01-28 18:00:00,12,Beijing,Transformer,230.33333,94.381454,test
2017-01-28 07:00:00,2017-01-28 19:00:00,12,Beijing,Transformer,235.58333,108.5747,test
2017-01-28 08:00:00,2017-01-28 20:00:00,12,Beijing,Transformer,243.83333,113.2281,test
2017-01-28 09:00:00,2017-01-28 21:00:00,12,Beijing,Transformer,250.75,122.019104,test
2017-01-28 10:00:00,2017-01-28 22:00:00,12,Beijing,Transformer,254.41667,121.63896,test
2017-01-28 11:00:00,2017-01-28 23:00:00,12,Beijing,Transformer,261.83334,112.4696,test
2017-01-28 12:00:00,2017-01-29 00:00:00,12,Beijing,Transformer,256.75,78.38533,test
2017-01-28 13:00:00,2017-01-29 01:00:00,12,Beijing,Transformer,238.25,83.17897,test
2017-01-28 14:00:00,2017-01-29 02:00:00,12,Beijing,Transformer,180.5,91.72522,test
2017-01-28 15:00:00,2017-01-29 03:00:00,12,Beijing,Transformer,45.833332,82.69829,test
2017-01-28 16:00:00,2017-01-29 04:00:00,12,Beijing,Transformer,11.333333,81.41453,test
2017-01-28 17:00:00,2017-01-29 05:00:00,12,Beijing,Transformer,8.0,82.84749,test
2017-01-28 18:00:00,2017-01-29 06:00:00,12,Beijing,Transformer,10.833333,84.45834,test
2017-01-28 19:00:00,2017-01-29 07:00:00,12,Beijing,Transformer,9.75,78.215065,test
2017-01-28 20:00:00,2017-01-29 08:00:00,12,Beijing,Transformer,9.833333,97.41554,test
2017-01-28 21:00:00,2017-01-29 09:00:00,12,Beijing,Transformer,10.5,100.839355,test
2017-01-28 22:00:00,2017-01-29 10:00:00,12,Beijing,Transformer,8.75,87.69406,test
2017-01-28 23:00:00,2017-01-29 11:00:00,12,Beijing,Transformer,9.0,82.92792,test
2017-01-29 00:00:00,2017-01-29 12:00:00,12,Beijing,Transformer,11.333333,78.19866,test
2017-01-29 01:00:00,2017-01-29 13:00:00,12,Beijing,Transformer,11.583333,68.85367,test
2017-01-29 02:00:00,2017-01-29 14:00:00,12,Beijing,Transformer,12.416667,25.391718,test
2017-01-29 03:00:00,2017-01-29 15:00:00,12,Beijing,Transformer,11.916667,18.287092,test
2017-01-29 04:00:00,2017-01-29 16:00:00,12,Beijing,Transformer,13.25,19.56262,test
2017-01-29 05:00:00,2017-01-29 17:00:00,12,Beijing,Transformer,13.166667,17.496084,test
2017-01-29 06:00:00,2017-01-29 18:00:00,12,Beijing,Transformer,11.916667,19.812328,test
2017-01-29 07:00:00,2017-01-29 19:00:00,12,Beijing,Transformer,10.666667,21.450855,test
2017-01-29 08:00:00,2017-01-29 20:00:00,12,Beijing,Transformer,8.583333,22.862494,test
2017-01-29 09:00:00,2017-01-29 21:00:00,12,Beijing,Transformer,9.083333,26.835295,test
2017-01-29 10:00:00,2017-01-29 22:00:00,12,Beijing,Transformer,8.833333,27.814096,test
2017-01-29 11:00:00,2017-01-29 23:00:00,12,Beijing,Transformer,8.916667,30.939829,test
2017-01-29 12:00:00,2017-01-30 00:00:00,12,Beijing,Transformer,8.25,37.142845,test
2017-01-29 13:00:00,2017-01-30 01:00:00,12,Beijing,Transformer,8.333333,45.21378,test
2017-01-29 14:00:00,2017-01-30 02:00:00,12,Beijing,Transformer,8.083333,50.627712,test
2017-01-29 15:00:00,2017-01-30 03:00:00,12,Beijing,Transformer,6.666667,45.177242,test
2017-01-29 16:00:00,2017-01-30 04:00:00,12,Beijing,Transformer,7.583333,40.79602,test
2017-01-29 17:00:00,2017-01-30 05:00:00,12,Beijing,Transformer,7.416667,41.812866,test
2017-01-29 18:00:00,2017-01-30 06:00:00,12,Beijing,Transformer,7.083333,34.147377,test
2017-01-29 19:00:00,2017-01-30 07:00:00,12,Beijing,Transformer,8.666667,26.071974,test
2017-01-29 20:00:00,2017-01-30 08:00:00,12,Beijing,Transformer,8.166667,24.670727,test
2017-01-29 21:00:00,2017-01-30 09:00:00,12,Beijing,Transformer,9.25,19.549805,test
2017-01-29 22:00:00,2017-01-30 10:00:00,12,Beijing,Transformer,12.0,17.920223,test
2017-01-29 23:00:00,2017-01-30 11:00:00,12,Beijing,Transformer,8.666667,17.785992,test
2017-01-30 00:00:00,2017-01-30 12:00:00,12,Beijing,Transformer,7.0,17.991873,test
2017-01-30 01:00:00,2017-01-30 13:00:00,12,Beijing,Transformer,8.083333,17.533983,test
2017-01-30 02:00:00,2017-01-30 14:00:00,12,Beijing,Transformer,10.25,19.028301,test
2017-01-30 03:00:00,2017-01-30 15:00:00,12,Beijing,Transformer,9.916667,18.520004,test
2017-01-30 04:00:00,2017-01-30 16:00:00,12,Beijing,Transformer,11.833333,22.852997,test
2017-01-30 05:00:00,2017-01-30 17:00:00,12,Beijing,Transformer,39.666668,23.766127,test
2017-01-30 06:00:00,2017-01-30 18:00:00,12,Beijing,Transformer,76.25,34.269188,test
2017-01-30 07:00:00,2017-01-30 19:00:00,12,Beijing,Transformer,59.583332,50.357105,test
2017-01-30 08:00:00,2017-01-30 20:00:00,12,Beijing,Transformer,62.666668,52.884945,test
2017-01-30 09:00:00,2017-01-30 21:00:00,12,Beijing,Transformer,67.25,49.434612,test
2017-01-30 10:00:00,2017-01-30 22:00:00,12,Beijing,Transformer,68.666664,57.935253,test
2017-01-30 11:00:00,2017-01-30 23:00:00,12,Beijing,Transformer,73.166664,64.01947,test
2017-01-30 12:00:00,2017-01-31 00:00:00,12,Beijing,Transformer,79.416664,72.339584,test
2017-01-30 13:00:00,2017-01-31 01:00:00,12,Beijing,Transformer,89.333336,78.63255,test
2017-01-30 14:00:00,2017-01-31 02:00:00,12,Beijing,Transformer,91.25,78.46333,test
2017-01-30 15:00:00,2017-01-31 03:00:00,12,Beijing,Transformer,91.666664,59.784473,test
2017-01-30 16:00:00,2017-01-31 04:00:00,12,Beijing,Transformer,91.833336,54.54899,test
2017-01-30 17:00:00,2017-01-31 05:00:00,12,Beijing,Transformer,92.5,56.15391,test
2017-01-30 18:00:00,2017-01-31 06:00:00,12,Beijing,Transformer,88.833336,63.89654,test
2017-01-30 19:00:00,2017-01-31 07:00:00,12,Beijing,Transformer,93.333336,45.363377,test
2017-01-30 20:00:00,2017-01-31 08:00:00,12,Beijing,Transformer,92.916664,46.23519,test
2017-01-30 21:00:00,2017-01-31 09:00:00,12,Beijing,Transformer,89.916664,42.913795,test
2017-01-30 22:00:00,2017-01-31 10:00:00,12,Beijing,Transformer,86.833336,44.376183,test
2017-01-30 23:00:00,2017-01-31 11:00:00,12,Beijing,Transformer,84.333336,43.607555,test
2017-01-31 00:00:00,2017-01-31 12:00:00,12,Beijing,Transformer,71.583336,47.04105,test
2017-01-31 01:00:00,2017-01-31 13:00:00,12,Beijing,Transformer,66.333336,52.837227,test
2017-01-31 02:00:00,2017-01-31 14:00:00,12,Beijing,Transformer,71.416664,57.10754,test
2017-01-31 03:00:00,2017-01-31 15:00:00,12,Beijing,Transformer,68.166664,64.61537,test
2017-01-31 04:00:00,2017-01-31 16:00:00,12,Beijing,Transformer,66.833336,68.7173,test
2017-01-31 05:00:00,2017-01-31 17:00:00,12,Beijing,Transformer,59.083332,73.432686,test
2017-01-31 06:00:00,2017-01-31 18:00:00,12,Beijing,Transformer,63.583332,73.21229,test
2017-01-31 07:00:00,2017-01-31 19:00:00,12,Beijing,Transformer,78.916664,75.233696,test
2017-01-31 08:00:00,2017-01-31 20:00:00,12,Beijing,Transformer,86.25,76.81171,test
2017-01-31 09:00:00,2017-01-31 21:00:00,12,Beijing,Transformer,76.333336,77.20498,test
2017-01-31 10:00:00,2017-01-31 22:00:00,12,Beijing,Transformer,23.333332,73.075645,test
2017-01-31 11:00:00,2017-01-31 23:00:00,12,Beijing,Transformer,13.25,71.32142,test
2017-01-31 12:00:00,2017-02-01 00:00:00,12,Beijing,Transformer,9.416667,71.24691,test
2017-01-31 13:00:00,2017-02-01 01:00:00,12,Beijing,Transformer,10.25,72.28099,test
2017-01-31 14:00:00,2017-02-01 02:00:00,12,Beijing,Transformer,9.75,71.35019,test
2017-01-31 15:00:00,2017-02-01 03:00:00,12,Beijing,Transformer,9.0,71.10466,test
2017-01-31 16:00:00,2017-02-01 04:00:00,12,Beijing,Transformer,7.75,51.305767,test
2017-01-31 17:00:00,2017-02-01 05:00:00,12,Beijing,Transformer,8.125,39.751976,test
2017-01-31 18:00:00,2017-02-01 06:00:00,12,Beijing,Transformer,7.333333,38.34048,test
2017-01-31 19:00:00,2017-02-01 07:00:00,12,Beijing,Transformer,6.0,39.868176,test
2017-01-31 20:00:00,2017-02-01 08:00:00,12,Beijing,Transformer,5.833333,41.011524,test
2017-01-31 21:00:00,2017-02-01 09:00:00,12,Beijing,Transformer,7.0,28.876106,test
2017-01-31 22:00:00,2017-02-01 10:00:00,12,Beijing,Transformer,7.083333,22.611359,test
2017-01-31 23:00:00,2017-02-01 11:00:00,12,Beijing,Transformer,6.916667,22.075676,test
2017-02-01 00:00:00,2017-02-01 12:00:00,12,Beijing,Transformer,8.5,22.288048,test
2017-02-01 01:00:00,2017-02-01 13:00:00,12,Beijing,Transformer,11.166667,22.850468,test
2017-02-01 02:00:00,2017-02-01 14:00:00,12,Beijing,Transformer,8.833333,22.304583,test
2017-02-01 03:00:00,2017-02-01 15:00:00,12,Beijing,Transformer,11.5,23.32333,test
2017-02-01 04:00:00,2017-02-01 16:00:00,12,Beijing,Transformer,13.333333,25.692137,test
2017-02-01 05:00:00,2017-02-01 17:00:00,12,Beijing,Transformer,23.75,30.527565,test
2017-02-01 06:00:00,2017-02-01 18:00:00,12,Beijing,Transformer,40.583332,36.993076,test
2017-02-01 07:00:00,2017-02-01 19:00:00,12,Beijing,Transformer,61.25,46.80261,test
2017-02-01 08:00:00,2017-02-01 20:00:00,12,Beijing,Transformer,91.666664,49.35291,test
2017-02-01 09:00:00,2017-02-01 21:00:00,12,Beijing,Transformer,123.916664,41.216232,test
2017-02-01 10:00:00,2017-02-01 22:00:00,12,Beijing,Transformer,121.333336,39.650257,test
2017-02-01 11:00:00,2017-02-01 23:00:00,12,Beijing,Transformer,131.75,51.57309,test
2017-02-01 12:00:00,2017-02-02 00:00:00,12,Beijing,Transformer,127.916664,69.288025,test
2017-02-01 13:00:00,2017-02-02 01:00:00,12,Beijing,Transformer,111.916664,89.02914,test
2017-02-01 14:00:00,2017-02-02 02:00:00,12,Beijing,Transformer,98.916664,86.88223,test
2017-02-01 15:00:00,2017-02-02 03:00:00,12,Beijing,Transformer,91.416664,82.2972,test
2017-02-01 16:00:00,2017-02-02 04:00:00,12,Beijing,Transformer,69.5,74.29299,test
2017-02-01 17:00:00,2017-02-02 05:00:00,12,Beijing,Transformer,57.0,77.57714,test
2017-02-01 18:00:00,2017-02-02 06:00:00,12,Beijing,Transformer,52.333332,79.705605,test
2017-02-01 19:00:00,2017-02-02 07:00:00,12,Beijing,Transformer,44.833332,82.238464,test
2017-02-01 20:00:00,2017-02-02 08:00:00,12,Beijing,Transformer,43.25,89.34314,test
2017-02-01 21:00:00,2017-02-02 09:00:00,12,Beijing,Transformer,42.833332,111.62841,test
2017-02-01 22:00:00,2017-02-02 10:00:00,12,Beijing,Transformer,49.090908,104.966194,test
2017-02-01 23:00:00,2017-02-02 11:00:00,12,Beijing,Transformer,55.545456,111.40785,test
2017-02-02 00:00:00,2017-02-02 12:00:00,12,Beijing,Transformer,60.545456,106.551865,test
2017-02-02 01:00:00,2017-02-02 13:00:00,12,Beijing,Transformer,57.727272,92.54078,test
2017-02-02 02:00:00,2017-02-02 14:00:00,12,Beijing,Transformer,59.909092,102.37339,test
2017-02-02 03:00:00,2017-02-02 15:00:00,12,Beijing,Transformer,63.545456,138.795,test
2017-02-02 04:00:00,2017-02-02 16:00:00,12,Beijing,Transformer,71.36363,178.27495,test
2017-02-02 05:00:00,2017-02-02 17:00:00,12,Beijing,Transformer,75.27273,192.69502,test
2017-02-02 06:00:00,2017-02-02 18:00:00,12,Beijing,Transformer,78.583336,195.08571,test
2017-02-02 07:00:00,2017-02-02 19:00:00,12,Beijing,Transformer,94.25,195.07838,test
2017-02-02 08:00:00,2017-02-02 20:00:00,12,Beijing,Transformer,124.083336,195.0382,test
2017-02-02 09:00:00,2017-02-02 21:00:00,12,Beijing,Transformer,128.66667,194.97612,test
2017-02-02 10:00:00,2017-02-02 22:00:00,12,Beijing,Transformer,137.41667,194.941,test
2017-02-02 11:00:00,2017-02-02 23:00:00,12,Beijing,Transformer,145.58333,194.87178,test
2017-02-02 12:00:00,2017-02-03 00:00:00,12,Beijing,Transformer,143.75,195.06018,test
2017-02-02 13:00:00,2017-02-03 01:00:00,12,Beijing,Transformer,144.58333,195.10188,test
2017-02-02 14:00:00,2017-02-03 02:00:00,12,Beijing,Transformer,140.33333,195.09743,test
2017-02-02 15:00:00,2017-02-03 03:00:00,12,Beijing,Transformer,142.41667,195.06001,test
2017-02-02 16:00:00,2017-02-03 04:00:00,12,Beijing,Transformer,132.25,194.30351,test
2017-02-02 17:00:00,2017-02-03 05:00:00,12,Beijing,Transformer,118.166664,174.14708,test
2017-02-02 18:00:00,2017-02-03 06:00:00,12,Beijing,Transformer,92.0,140.56044,test
2017-02-02 19:00:00,2017-02-03 07:00:00,12,Beijing,Transformer,80.333336,131.28065,test
2017-02-02 20:00:00,2017-02-03 08:00:00,12,Beijing,Transformer,78.583336,152.20903,test
2017-02-02 21:00:00,2017-02-03 09:00:00,12,Beijing,Transformer,88.5,179.75142,test
2017-02-02 22:00:00,2017-02-03 10:00:00,12,Beijing,Transformer,84.0,193.5725,test
2017-02-02 23:00:00,2017-02-03 11:00:00,12,Beijing,Transformer,86.083336,190.69434,test
2017-02-03 00:00:00,2017-02-03 12:00:00,12,Beijing,Transformer,93.416664,165.5493,test
2017-02-03 01:00:00,2017-02-03 13:00:00,12,Beijing,Transformer,111.083336,131.17458,test
2017-02-03 02:00:00,2017-02-03 14:00:00,12,Beijing,Transformer,127.333336,135.8062,test
2017-02-03 03:00:00,2017-02-03 15:00:00,12,Beijing,Transformer,147.16667,170.12932,test
2017-02-03 04:00:00,2017-02-03 16:00:00,12,Beijing,Transformer,179.5,194.96767,test
2017-02-03 05:00:00,2017-02-03 17:00:00,12,Beijing,Transformer,205.25,195.10092,test
2017-02-03 06:00:00,2017-02-03 18:00:00,12,Beijing,Transformer,218.25,195.09206,test
2017-02-03 07:00:00,2017-02-03 19:00:00,12,Beijing,Transformer,231.25,195.10011,test
2017-02-03 08:00:00,2017-02-03 20:00:00,12,Beijing,Transformer,247.33333,195.09845,test
2017-02-03 09:00:00,2017-02-03 21:00:00,12,Beijing,Transformer,265.58334,195.09642,test
2017-02-03 10:00:00,2017-02-03 22:00:00,12,Beijing,Transformer,275.27777,195.09158,test
2017-02-03 11:00:00,2017-02-03 23:00:00,12,Beijing,Transformer,274.24304,195.09113,test
2017-02-03 12:00:00,2017-02-04 00:00:00,12,Beijing,Transformer,278.375,195.09145,test
2017-02-03 13:00:00,2017-02-04 01:00:00,12,Beijing,Transformer,271.47916,195.09143,test
2017-02-03 14:00:00,2017-02-04 02:00:00,12,Beijing,Transformer,265.58334,195.0887,test
2017-02-03 15:00:00,2017-02-04 03:00:00,12,Beijing,Transformer,270.83334,195.08496,test
2017-02-03 16:00:00,2017-02-04 04:00:00,12,Beijing,Transformer,268.41666,195.08295,test
2017-02-03 17:00:00,2017-02-04 05:00:00,12,Beijing,Transformer,275.56668,195.08882,test
2017-02-03 18:00:00,2017-02-04 06:00:00,12,Beijing,Transformer,280.83334,195.09511,test
2017-02-03 19:00:00,2017-02-04 07:00:00,12,Beijing,Transformer,283.55832,195.0944,test
2017-02-03 20:00:00,2017-02-04 08:00:00,12,Beijing,Transformer,288.325,195.08388,test
2017-02-03 21:00:00,2017-02-04 09:00:00,12,Beijing,Transformer,290.63333,195.084,test
2017-02-03 22:00:00,2017-02-04 10:00:00,12,Beijing,Transformer,285.29166,195.07985,test
2017-02-03 23:00:00,2017-02-04 11:00:00,12,Beijing,Transformer,283.22223,195.0816,test
2017-02-04 00:00:00,2017-02-04 12:00:00,12,Beijing,Transformer,291.19446,195.08583,test
2017-02-04 01:00:00,2017-02-04 13:00:00,12,Beijing,Transformer,281.3,195.08946,test
2017-02-04 02:00:00,2017-02-04 14:00:00,12,Beijing,Transformer,259.6143,195.08849,test
2017-02-04 03:00:00,2017-02-04 15:00:00,12,Beijing,Transformer,244.82857,195.08745,test
2017-02-04 04:00:00,2017-02-04 16:00:00,12,Beijing,Transformer,236.68286,195.0872,test
2017-02-04 05:00:00,2017-02-04 17:00:00,12,Beijing,Transformer,232.32881,195.0873,test
2017-02-04 06:00:00,2017-02-04 18:00:00,12,Beijing,Transformer,218.74142,195.08797,test
2017-02-04 07:00:00,2017-02-04 19:00:00,12,Beijing,Transformer,194.20404,195.0844,test
2017-02-04 08:00:00,2017-02-04 20:00:00,12,Beijing,Transformer,121.9,195.08086,test
2017-02-04 09:00:00,2017-02-04 21:00:00,12,Beijing,Transformer,57.416668,195.0775,test
2017-02-04 10:00:00,2017-02-04 22:00:00,12,Beijing,Transformer,30.0,195.07458,test
2017-02-04 11:00:00,2017-02-04 23:00:00,12,Beijing,Transformer,19.083332,195.07802,test
2017-02-04 12:00:00,2017-02-05 00:00:00,12,Beijing,Transformer,17.583332,195.0786,test
2017-02-04 13:00:00,2017-02-05 01:00:00,12,Beijing,Transformer,17.75,195.07738,test
2017-02-04 14:00:00,2017-02-05 02:00:00,12,Beijing,Transformer,22.666668,195.07384,test
2017-02-04 15:00:00,2017-02-05 03:00:00,12,Beijing,Transformer,23.083332,195.08177,test
2017-02-04 16:00:00,2017-02-05 04:00:00,12,Beijing,Transformer,21.5,195.07869,test
2017-02-04 17:00:00,2017-02-05 05:00:00,12,Beijing,Transformer,19.916668,195.07513,test
2017-02-04 18:00:00,2017-02-05 06:00:00,12,Beijing,Transformer,15.0,195.07828,test
2017-02-04 19:00:00,2017-02-05 07:00:00,12,Beijing,Transformer,13.416667,179.19742,test
2017-02-04 20:00:00,2017-02-05 08:00:00,12,Beijing,Transformer,11.083333,76.567856,test
2017-02-04 21:00:00,2017-02-05 09:00:00,12,Beijing,Transformer,11.333333,54.14002,test
2017-02-04 22:00:00,2017-02-05 10:00:00,12,Beijing,Transformer,11.0,44.47031,test
2017-02-04 23:00:00,2017-02-05 11:00:00,12,Beijing,Transformer,8.416667,46.51521,test
2017-02-05 00:00:00,2017-02-05 12:00:00,12,Beijing,Transformer,6.916667,51.504482,test
2017-02-05 01:00:00,2017-02-05 13:00:00,12,Beijing,Transformer,7.083333,62.079437,test
2017-02-05 02:00:00,2017-02-05 14:00:00,12,Beijing,Transformer,6.583333,62.67892,test
2017-02-05 03:00:00,2017-02-05 15:00:00,12,Beijing,Transformer,9.5,59.192707,test
2017-02-05 04:00:00,2017-02-05 16:00:00,12,Beijing,Transformer,11.75,58.27758,test
2017-02-05 05:00:00,2017-02-05 17:00:00,12,Beijing,Transformer,14.083333,53.74316,test
2017-02-05 06:00:00,2017-02-05 18:00:00,12,Beijing,Transformer,10.833333,53.68649,test
2017-02-05 07:00:00,2017-02-05 19:00:00,12,Beijing,Transformer,8.333333,49.19779,test
2017-02-05 08:00:00,2017-02-05 20:00:00,12,Beijing,Transformer,7.833333,42.674606,test
2017-02-05 09:00:00,2017-02-05 21:00:00,12,Beijing,Transformer,8.166667,63.435173,test
2017-02-05 10:00:00,2017-02-05 22:00:00,12,Beijing,Transformer,8.833333,72.451454,test
2017-02-05 11:00:00,2017-02-05 23:00:00,12,Beijing,Transformer,8.333333,59.403133,test
2017-02-05 12:00:00,2017-02-06 00:00:00,12,Beijing,Transformer,7.916667,64.80231,test
2017-02-05 13:00:00,2017-02-06 01:00:00,12,Beijing,Transformer,6.75,60.296814,test
2017-02-05 14:00:00,2017-02-06 02:00:00,12,Beijing,Transformer,5.833333,46.14991,test
2017-02-05 15:00:00,2017-02-06 03:00:00,12,Beijing,Transformer,4.75,42.96996,test
2017-02-05 16:00:00,2017-02-06 04:00:00,12,Beijing,Transformer,4.083333,45.6824,test
2017-02-05 17:00:00,2017-02-06 05:00:00,12,Beijing,Transformer,5.416667,37.936718,test
2017-02-05 18:00:00,2017-02-06 06:00:00,12,Beijing,Transformer,6.083333,34.47813,test
2017-02-05 19:00:00,2017-02-06 07:00:00,12,Beijing,Transformer,6.583333,19.173313,test
2017-02-05 20:00:00,2017-02-06 08:00:00,12,Beijing,Transformer,7.916667,17.072334,test
2017-02-05 21:00:00,2017-02-06 09:00:00,12,Beijing,Transformer,8.333333,18.54102,test
2017-02-05 22:00:00,2017-02-06 10:00:00,12,Beijing,Transformer,10.333333,19.540071,test
2017-02-05 23:00:00,2017-02-06 11:00:00,12,Beijing,Transformer,9.416667,18.60619,test
2017-02-06 00:00:00,2017-02-06 12:00:00,12,Beijing,Transformer,7.416667,13.636837,test
2017-02-06 01:00:00,2017-02-06 13:00:00,12,Beijing,Transformer,5.166667,14.062244,test
2017-02-06 02:00:00,2017-02-06 14:00:00,12,Beijing,Transformer,6.333333,14.140911,test
2017-02-06 03:00:00,2017-02-06 15:00:00,12,Beijing,Transformer,7.083333,14.232367,test
2017-02-06 04:00:00,2017-02-06 16:00:00,12,Beijing,Transformer,7.25,14.309705,test
2017-02-06 05:00:00,2017-02-06 17:00:00,12,Beijing,Transformer,9.583333,14.361539,test
2017-02-06 06:00:00,2017-02-06 18:00:00,12,Beijing,Transformer,14.583333,16.233234,test
2017-02-06 07:00:00,2017-02-06 19:00:00,12,Beijing,Transformer,21.25,27.07275,test
2017-02-06 08:00:00,2017-02-06 20:00:00,12,Beijing,Transformer,31.5,35.518368,test
2017-02-06 09:00:00,2017-02-06 21:00:00,12,Beijing,Transformer,35.166668,21.508013,test
2017-02-06 10:00:00,2017-02-06 22:00:00,12,Beijing,Transformer,39.75,23.972054,test
2017-02-06 11:00:00,2017-02-06 23:00:00,12,Beijing,Transformer,42.416668,31.097248,test
2017-02-06 12:00:00,2017-02-07 00:00:00,12,Beijing,Transformer,48.25,46.033436,test
2017-02-06 13:00:00,2017-02-07 01:00:00,12,Beijing,Transformer,61.75,56.079857,test
2017-02-06 14:00:00,2017-02-07 02:00:00,12,Beijing,Transformer,64.166664,58.953876,test
2017-02-06 15:00:00,2017-02-07 03:00:00,12,Beijing,Transformer,64.333336,57.406185,test
2017-02-06 16:00:00,2017-02-07 04:00:00,12,Beijing,Transformer,67.75,36.80306,test
2017-02-06 17:00:00,2017-02-07 05:00:00,12,Beijing,Transformer,69.416664,38.056713,test
2017-02-06 18:00:00,2017-02-07 06:00:00,12,Beijing,Transformer,69.25,35.749985,test
2017-02-06 19:00:00,2017-02-07 07:00:00,12,Beijing,Transformer,69.666664,36.61976,test
2017-02-06 20:00:00,2017-02-07 08:00:00,12,Beijing,Transformer,72.083336,38.734287,test
2017-02-06 21:00:00,2017-02-07 09:00:00,12,Beijing,Transformer,76.583336,40.929684,test
2017-02-06 22:00:00,2017-02-07 10:00:00,12,Beijing,Transformer,80.166664,45.48194,test
2017-02-06 23:00:00,2017-02-07 11:00:00,12,Beijing,Transformer,61.5,50.153316,test
2017-02-07 00:00:00,2017-02-07 12:00:00,12,Beijing,Transformer,55.083332,55.975506,test
2017-02-07 01:00:00,2017-02-07 13:00:00,12,Beijing,Transformer,57.416668,65.06906,test
2017-02-07 02:00:00,2017-02-07 14:00:00,12,Beijing,Transformer,61.0,72.0733,test
2017-02-07 03:00:00,2017-02-07 15:00:00,12,Beijing,Transformer,64.333336,80.00251,test
2017-02-07 04:00:00,2017-02-07 16:00:00,12,Beijing,Transformer,67.416664,89.211105,test
2017-02-07 05:00:00,2017-02-07 17:00:00,12,Beijing,Transformer,81.916664,102.04904,test
2017-02-07 06:00:00,2017-02-07 18:00:00,12,Beijing,Transformer,93.5,150.9207,test
2017-02-07 07:00:00,2017-02-07 19:00:00,12,Beijing,Transformer,103.25,182.43843,test
2017-02-07 08:00:00,2017-02-07 20:00:00,12,Beijing,Transformer,108.333336,176.15834,test
2017-02-07 09:00:00,2017-02-07 21:00:00,12,Beijing,Transformer,107.333336,150.44368,test
2017-02-07 10:00:00,2017-02-07 22:00:00,12,Beijing,Transformer,107.166664,174.42165,test
2017-02-07 11:00:00,2017-02-07 23:00:00,12,Beijing,Transformer,109.0,160.81139,test
2017-02-07 12:00:00,2017-02-08 00:00:00,12,Beijing,Transformer,106.833336,172.19917,test
2017-02-07 13:00:00,2017-02-08 01:00:00,12,Beijing,Transformer,106.416664,186.53688,test
2017-02-07 14:00:00,2017-02-08 02:00:00,12,Beijing,Transformer,105.333336,194.30544,test
2017-02-07 15:00:00,2017-02-08 03:00:00,12,Beijing,Transformer,100.333336,193.63765,test
2017-02-07 16:00:00,2017-02-08 04:00:00,12,Beijing,Transformer,89.833336,183.82045,test
2017-02-07 17:00:00,2017-02-08 05:00:00,12,Beijing,Transformer,70.666664,162.31898,test
2017-02-07 18:00:00,2017-02-08 06:00:00,12,Beijing,Transformer,39.166668,140.44212,test
2017-02-07 19:00:00,2017-02-08 07:00:00,12,Beijing,Transformer,16.166668,147.01067,test
2017-02-07 20:00:00,2017-02-08 08:00:00,12,Beijing,Transformer,10.25,157.23581,test
2017-02-07 21:00:00,2017-02-08 09:00:00,12,Beijing,Transformer,7.5,154.73286,test
2017-02-07 22:00:00,2017-02-08 10:00:00,12,Beijing,Transformer,8.833333,161.67606,test
2017-02-07 23:00:00,2017-02-08 11:00:00,12,Beijing,Transformer,10.416667,171.14113,test
2017-02-08 00:00:00,2017-02-08 12:00:00,12,Beijing,Transformer,9.75,174.57271,test
2017-02-08 01:00:00,2017-02-08 13:00:00,12,Beijing,Transformer,11.833333,181.80305,test
2017-02-08 02:00:00,2017-02-08 14:00:00,12,Beijing,Transformer,10.75,108.89547,test
2017-02-08 03:00:00,2017-02-08 15:00:00,12,Beijing,Transformer,9.583333,109.70455,test
2017-02-08 04:00:00,2017-02-08 16:00:00,12,Beijing,Transformer,10.25,110.8691,test
2017-02-08 05:00:00,2017-02-08 17:00:00,12,Beijing,Transformer,9.666667,55.613117,test
2017-02-08 06:00:00,2017-02-08 18:00:00,12,Beijing,Transformer,9.166667,34.23245,test
2017-02-08 07:00:00,2017-02-08 19:00:00,12,Beijing,Transformer,9.166667,24.555462,test
2017-02-08 08:00:00,2017-02-08 20:00:00,12,Beijing,Transformer,9.916667,21.57175,test
2017-02-08 09:00:00,2017-02-08 21:00:00,12,Beijing,Transformer,8.5,20.956419,test
2017-02-08 10:00:00,2017-02-08 22:00:00,12,Beijing,Transformer,9.75,22.99389,test
2017-02-08 11:00:00,2017-02-08 23:00:00,12,Beijing,Transformer,8.083333,32.672585,test
2017-02-08 12:00:00,2017-02-09 00:00:00,12,Beijing,Transformer,9.333333,46.84183,test
2017-02-08 13:00:00,2017-02-09 01:00:00,12,Beijing,Transformer,7.5,50.844933,test
2017-02-08 14:00:00,2017-02-09 02:00:00,12,Beijing,Transformer,7.666667,32.308784,test
2017-02-08 15:00:00,2017-02-09 03:00:00,12,Beijing,Transformer,7.375,34.16341,test
2017-02-08 16:00:00,2017-02-09 04:00:00,12,Beijing,Transformer,7.083333,22.377546,test
2017-02-08 17:00:00,2017-02-09 05:00:00,12,Beijing,Transformer,6.75,20.645996,test
2017-02-08 18:00:00,2017-02-09 06:00:00,12,Beijing,Transformer,5.75,18.763937,test
2017-02-08 19:00:00,2017-02-09 07:00:00,12,Beijing,Transformer,6.083333,17.087023,test
2017-02-08 20:00:00,2017-02-09 08:00:00,12,Beijing,Transformer,7.25,15.5604925,test
2017-02-08 21:00:00,2017-02-09 09:00:00,12,Beijing,Transformer,6.0,15.224429,test
2017-02-08 22:00:00,2017-02-09 10:00:00,12,Beijing,Transformer,7.0,15.159719,test
2017-02-08 23:00:00,2017-02-09 11:00:00,12,Beijing,Transformer,6.833333,16.179295,test
2017-02-09 00:00:00,2017-02-09 12:00:00,12,Beijing,Transformer,7.416667,17.851997,test
2017-02-09 01:00:00,2017-02-09 13:00:00,12,Beijing,Transformer,6.833333,21.679764,test
2017-02-09 02:00:00,2017-02-09 14:00:00,12,Beijing,Transformer,8.0,15.761637,test
2017-02-09 03:00:00,2017-02-09 15:00:00,12,Beijing,Transformer,6.666667,15.315537,test
2017-02-09 04:00:00,2017-02-09 16:00:00,12,Beijing,Transformer,6.916667,17.055622,test
2017-02-09 05:00:00,2017-02-09 17:00:00,12,Beijing,Transformer,6.166667,20.452694,test
2017-02-09 06:00:00,2017-02-09 18:00:00,12,Beijing,Transformer,5.583333,35.271313,test
2017-02-09 07:00:00,2017-02-09 19:00:00,12,Beijing,Transformer,6.583333,26.966501,test
2017-02-09 08:00:00,2017-02-09 20:00:00,12,Beijing,Transformer,6.916667,28.539062,test
2017-02-09 09:00:00,2017-02-09 21:00:00,12,Beijing,Transformer,7.666667,28.265154,test
2017-02-09 10:00:00,2017-02-09 22:00:00,12,Beijing,Transformer,6.666667,34.149456,test
2017-02-09 11:00:00,2017-02-09 23:00:00,12,Beijing,Transformer,5.75,27.63088,test
2017-02-09 12:00:00,2017-02-10 00:00:00,12,Beijing,Transformer,6.416667,27.101051,test
2017-02-09 13:00:00,2017-02-10 01:00:00,12,Beijing,Transformer,5.416667,25.001114,test
2017-02-09 14:00:00,2017-02-10 02:00:00,12,Beijing,Transformer,6.416667,23.016405,test
2017-02-09 15:00:00,2017-02-10 03:00:00,12,Beijing,Transformer,7.25,20.829197,test
2017-02-09 16:00:00,2017-02-10 04:00:00,12,Beijing,Transformer,4.666667,18.502934,test
2017-02-09 17:00:00,2017-02-10 05:00:00,12,Beijing,Transformer,4.916667,14.692168,test
2017-02-09 18:00:00,2017-02-10 06:00:00,12,Beijing,Transformer,5.25,14.119068,test
2017-02-09 19:00:00,2017-02-10 07:00:00,12,Beijing,Transformer,4.75,12.270931,test
2017-02-09 20:00:00,2017-02-10 08:00:00,12,Beijing,Transformer,6.333333,12.681301,test
2017-02-09 21:00:00,2017-02-10 09:00:00,12,Beijing,Transformer,7.333333,14.104195,test
2017-02-09 22:00:00,2017-02-10 10:00:00,12,Beijing,Transformer,7.083333,13.489824,test
2017-02-09 23:00:00,2017-02-10 11:00:00,12,Beijing,Transformer,6.5,13.561653,test
2017-02-10 00:00:00,2017-02-10 12:00:00,12,Beijing,Transformer,7.083333,13.661278,test
2017-02-10 01:00:00,2017-02-10 13:00:00,12,Beijing,Transformer,7.583333,13.274624,test
2017-02-10 02:00:00,2017-02-10 14:00:00,12,Beijing,Transformer,6.583333,13.14805,test
2017-02-10 03:00:00,2017-02-10 15:00:00,12,Beijing,Transformer,7.166667,12.793755,test
2017-02-10 04:00:00,2017-02-10 16:00:00,12,Beijing,Transformer,6.333333,12.99659,test
2017-02-10 05:00:00,2017-02-10 17:00:00,12,Beijing,Transformer,6.916667,13.453856,test
2017-02-10 06:00:00,2017-02-10 18:00:00,12,Beijing,Transformer,6.666667,14.618395,test
2017-02-10 07:00:00,2017-02-10 19:00:00,12,Beijing,Transformer,8.916667,17.060034,test
2017-02-10 08:00:00,2017-02-10 20:00:00,12,Beijing,Transformer,9.333333,19.072119,test
2017-02-10 09:00:00,2017-02-10 21:00:00,12,Beijing,Transformer,10.583333,27.686966,test
2017-02-10 10:00:00,2017-02-10 22:00:00,12,Beijing,Transformer,9.916667,28.893532,test
2017-02-10 11:00:00,2017-02-10 23:00:00,12,Beijing,Transformer,10.916667,26.330498,test
2017-02-10 12:00:00,2017-02-11 00:00:00,12,Beijing,Transformer,14.666667,31.842707,test
2017-02-10 13:00:00,2017-02-11 01:00:00,12,Beijing,Transformer,13.916667,37.709938,test
2017-02-10 14:00:00,2017-02-11 02:00:00,12,Beijing,Transformer,12.916667,36.497997,test
2017-02-10 15:00:00,2017-02-11 03:00:00,12,Beijing,Transformer,11.666667,30.638851,test
2017-02-10 16:00:00,2017-02-11 04:00:00,12,Beijing,Transformer,13.25,20.970726,test
2017-02-10 17:00:00,2017-02-11 05:00:00,12,Beijing,Transformer,13.333333,18.804184,test
2017-02-10 18:00:00,2017-02-11 06:00:00,12,Beijing,Transformer,13.083333,18.963482,test
2017-02-10 19:00:00,2017-02-11 07:00:00,12,Beijing,Transformer,13.5,19.3681,test
2017-02-10 20:00:00,2017-02-11 08:00:00,12,Beijing,Transformer,14.583333,20.322609,test
2017-02-10 21:00:00,2017-02-11 09:00:00,12,Beijing,Transformer,19.416668,20.715618,test
2017-02-10 22:00:00,2017-02-11 10:00:00,12,Beijing,Transformer,21.0,21.398335,test
2017-02-10 23:00:00,2017-02-11 11:00:00,12,Beijing,Transformer,17.833332,20.186686,test
2017-02-11 00:00:00,2017-02-11 12:00:00,12,Beijing,Transformer,13.583333,21.387459,test
2017-02-11 01:00:00,2017-02-11 13:00:00,12,Beijing,Transformer,12.333333,22.879028,test
2017-02-11 02:00:00,2017-02-11 14:00:00,12,Beijing,Transformer,11.5,23.536322,test
2017-02-11 03:00:00,2017-02-11 15:00:00,12,Beijing,Transformer,13.75,25.980804,test
2017-02-11 04:00:00,2017-02-11 16:00:00,12,Beijing,Transformer,21.166668,32.5492,test
2017-02-11 05:00:00,2017-02-11 17:00:00,12,Beijing,Transformer,33.416668,42.64795,test
2017-02-11 06:00:00,2017-02-11 18:00:00,12,Beijing,Transformer,39.0,59.65715,test
2017-02-11 07:00:00,2017-02-11 19:00:00,12,Beijing,Transformer,58.833332,72.77837,test
2017-02-11 08:00:00,2017-02-11 20:00:00,12,Beijing,Transformer,96.333336,77.21843,test
2017-02-11 09:00:00,2017-02-11 21:00:00,12,Beijing,Transformer,139.5,80.08084,test
2017-02-11 10:00:00,2017-02-11 22:00:00,12,Beijing,Transformer,191.125,80.0486,test
2017-02-11 11:00:00,2017-02-11 23:00:00,12,Beijing,Transformer,193.75,80.8077,test
2017-02-11 12:00:00,2017-02-12 00:00:00,12,Beijing,Transformer,180.79167,78.819664,test
2017-02-11 13:00:00,2017-02-12 01:00:00,12,Beijing,Transformer,161.58333,82.838524,test
2017-02-11 14:00:00,2017-02-12 02:00:00,12,Beijing,Transformer,138.41667,78.176056,test
2017-02-11 15:00:00,2017-02-12 03:00:00,12,Beijing,Transformer,120.083336,72.20152,test
2017-02-11 16:00:00,2017-02-12 04:00:00,12,Beijing,Transformer,86.0,67.507774,test
2017-02-11 17:00:00,2017-02-12 05:00:00,12,Beijing,Transformer,59.583332,69.373505,test
2017-02-11 18:00:00,2017-02-12 06:00:00,12,Beijing,Transformer,48.166668,68.66901,test
2017-02-11 19:00:00,2017-02-12 07:00:00,12,Beijing,Transformer,49.833332,69.18778,test
2017-02-11 20:00:00,2017-02-12 08:00:00,12,Beijing,Transformer,66.083336,81.70432,test
2017-02-11 21:00:00,2017-02-12 09:00:00,12,Beijing,Transformer,86.25,122.49052,test
2017-02-11 22:00:00,2017-02-12 10:00:00,12,Beijing,Transformer,93.416664,167.43268,test
2017-02-11 23:00:00,2017-02-12 11:00:00,12,Beijing,Transformer,105.75,182.7541,test
2017-02-12 00:00:00,2017-02-12 12:00:00,12,Beijing,Transformer,103.083336,169.27527,test
2017-02-12 01:00:00,2017-02-12 13:00:00,12,Beijing,Transformer,98.5,153.04675,test
2017-02-12 02:00:00,2017-02-12 14:00:00,12,Beijing,Transformer,98.833336,158.40529,test
2017-02-12 03:00:00,2017-02-12 15:00:00,12,Beijing,Transformer,96.25,176.1016,test
2017-02-12 04:00:00,2017-02-12 16:00:00,12,Beijing,Transformer,91.5,184.62184,test
2017-02-12 05:00:00,2017-02-12 17:00:00,12,Beijing,Transformer,97.666664,174.58623,test
2017-02-12 06:00:00,2017-02-12 18:00:00,12,Beijing,Transformer,107.083336,191.39917,test
2017-02-12 07:00:00,2017-02-12 19:00:00,12,Beijing,Transformer,112.333336,194.86693,test
2017-02-12 08:00:00,2017-02-12 20:00:00,12,Beijing,Transformer,115.083336,195.01753,test
2017-02-12 09:00:00,2017-02-12 21:00:00,12,Beijing,Transformer,124.916664,195.0177,test
2017-02-12 10:00:00,2017-02-12 22:00:00,12,Beijing,Transformer,130.33333,194.99474,test
2017-02-12 11:00:00,2017-02-12 23:00:00,12,Beijing,Transformer,140.0,195.04024,test
2017-02-12 12:00:00,2017-02-13 00:00:00,12,Beijing,Transformer,141.5,195.07503,test
2017-02-12 13:00:00,2017-02-13 01:00:00,12,Beijing,Transformer,137.75,195.08934,test
2017-02-12 14:00:00,2017-02-13 02:00:00,12,Beijing,Transformer,146.41667,195.09166,test
2017-02-12 15:00:00,2017-02-13 03:00:00,12,Beijing,Transformer,146.5,195.06062,test
2017-02-12 16:00:00,2017-02-13 04:00:00,12,Beijing,Transformer,142.83333,193.55003,test
2017-02-12 17:00:00,2017-02-13 05:00:00,12,Beijing,Transformer,123.75,183.23737,test
2017-02-12 18:00:00,2017-02-13 06:00:00,12,Beijing,Transformer,110.583336,160.9521,test
2017-02-12 19:00:00,2017-02-13 07:00:00,12,Beijing,Transformer,93.25,173.50475,test
2017-02-12 20:00:00,2017-02-13 08:00:00,12,Beijing,Transformer,80.333336,185.73912,test
2017-02-12 21:00:00,2017-02-13 09:00:00,12,Beijing,Transformer,66.75,182.58076,test
2017-02-12 22:00:00,2017-02-13 10:00:00,12,Beijing,Transformer,50.583332,171.84042,test
2017-02-12 23:00:00,2017-02-13 11:00:00,12,Beijing,Transformer,36.083332,162.20416,test
2017-02-13 00:00:00,2017-02-13 12:00:00,12,Beijing,Transformer,22.75,117.15268,test
2017-02-13 01:00:00,2017-02-13 13:00:00,12,Beijing,Transformer,16.5,116.152145,test
2017-02-13 02:00:00,2017-02-13 14:00:00,12,Beijing,Transformer,14.833333,113.50669,test
2017-02-13 03:00:00,2017-02-13 15:00:00,12,Beijing,Transformer,14.916667,105.141,test
2017-02-13 04:00:00,2017-02-13 16:00:00,12,Beijing,Transformer,17.333332,112.64586,test
2017-02-13 05:00:00,2017-02-13 17:00:00,12,Beijing,Transformer,18.916668,88.74653,test
2017-02-13 06:00:00,2017-02-13 18:00:00,12,Beijing,Transformer,23.5,95.0514,test
2017-02-13 07:00:00,2017-02-13 19:00:00,12,Beijing,Transformer,43.083332,76.13428,test
2017-02-13 08:00:00,2017-02-13 20:00:00,12,Beijing,Transformer,81.75,66.77406,test
2017-02-13 09:00:00,2017-02-13 21:00:00,12,Beijing,Transformer,102.083336,62.655357,test
2017-02-13 10:00:00,2017-02-13 22:00:00,12,Beijing,Transformer,137.33333,57.20335,test
2017-02-13 11:00:00,2017-02-13 23:00:00,12,Beijing,Transformer,158.66667,70.72911,test
2017-02-13 12:00:00,2017-02-14 00:00:00,12,Beijing,Transformer,151.08333,75.425735,test
2017-02-13 13:00:00,2017-02-14 01:00:00,12,Beijing,Transformer,136.41667,86.60802,test
2017-02-13 14:00:00,2017-02-14 02:00:00,12,Beijing,Transformer,137.16667,103.37216,test
2017-02-13 15:00:00,2017-02-14 03:00:00,12,Beijing,Transformer,142.91667,104.05513,test
2017-02-13 16:00:00,2017-02-14 04:00:00,12,Beijing,Transformer,142.33333,111.764496,test
2017-02-13 17:00:00,2017-02-14 05:00:00,12,Beijing,Transformer,139.66667,112.099106,test
2017-02-13 18:00:00,2017-02-14 06:00:00,12,Beijing,Transformer,135.0,129.60936,test
2017-02-13 19:00:00,2017-02-14 07:00:00,12,Beijing,Transformer,137.25,141.83018,test
2017-02-13 20:00:00,2017-02-14 08:00:00,12,Beijing,Transformer,141.41667,154.93065,test
2017-02-13 21:00:00,2017-02-14 09:00:00,12,Beijing,Transformer,147.83333,156.02782,test
2017-02-13 22:00:00,2017-02-14 10:00:00,12,Beijing,Transformer,163.83333,145.36052,test
2017-02-13 23:00:00,2017-02-14 11:00:00,12,Beijing,Transformer,179.5,149.98381,test
2017-02-14 00:00:00,2017-02-14 12:00:00,12,Beijing,Transformer,187.91667,149.14355,test
2017-02-14 01:00:00,2017-02-14 13:00:00,12,Beijing,Transformer,177.58333,142.18517,test
2017-02-14 02:00:00,2017-02-14 14:00:00,12,Beijing,Transformer,181.33333,143.946,test
2017-02-14 03:00:00,2017-02-14 15:00:00,12,Beijing,Transformer,188.16667,168.51064,test
2017-02-14 04:00:00,2017-02-14 16:00:00,12,Beijing,Transformer,208.5,188.41202,test
2017-02-14 05:00:00,2017-02-14 17:00:00,12,Beijing,Transformer,213.5,194.72032,test
2017-02-14 06:00:00,2017-02-14 18:00:00,12,Beijing,Transformer,210.16667,195.09746,test
2017-02-14 07:00:00,2017-02-14 19:00:00,12,Beijing,Transformer,215.83333,195.0986,test
2017-02-14 08:00:00,2017-02-14 20:00:00,12,Beijing,Transformer,221.25,195.09698,test
2017-02-14 09:00:00,2017-02-14 21:00:00,12,Beijing,Transformer,227.5,195.0959,test
2017-02-14 10:00:00,2017-02-14 22:00:00,12,Beijing,Transformer,227.75,195.09279,test
2017-02-14 11:00:00,2017-02-14 23:00:00,12,Beijing,Transformer,236.16667,195.09203,test
2017-02-14 12:00:00,2017-02-15 00:00:00,12,Beijing,Transformer,243.83333,195.08984,test
2017-02-14 13:00:00,2017-02-15 01:00:00,12,Beijing,Transformer,243.08333,195.08914,test
2017-02-14 14:00:00,2017-02-15 02:00:00,12,Beijing,Transformer,238.41667,195.08775,test
2017-02-14 15:00:00,2017-02-15 03:00:00,12,Beijing,Transformer,229.75,195.08624,test
2017-02-14 16:00:00,2017-02-15 04:00:00,12,Beijing,Transformer,226.5,195.08446,test
2017-02-14 17:00:00,2017-02-15 05:00:00,12,Beijing,Transformer,227.16667,195.085,test
2017-02-14 18:00:00,2017-02-15 06:00:00,12,Beijing,Transformer,229.66667,195.08636,test
2017-02-14 19:00:00,2017-02-15 07:00:00,12,Beijing,Transformer,226.08333,195.08635,test
2017-02-14 20:00:00,2017-02-15 08:00:00,12,Beijing,Transformer,224.25,195.08636,test
2017-02-14 21:00:00,2017-02-15 09:00:00,12,Beijing,Transformer,229.75,195.08745,test
2017-02-14 22:00:00,2017-02-15 10:00:00,12,Beijing,Transformer,214.66667,195.10548,test
2017-02-14 23:00:00,2017-02-15 11:00:00,12,Beijing,Transformer,223.83333,195.10724,test
2017-02-15 00:00:00,2017-02-15 12:00:00,12,Beijing,Transformer,241.16667,195.0916,test
2017-02-15 01:00:00,2017-02-15 13:00:00,12,Beijing,Transformer,208.0,195.08478,test
2017-02-15 02:00:00,2017-02-15 14:00:00,12,Beijing,Transformer,184.41667,195.08153,test
2017-02-15 03:00:00,2017-02-15 15:00:00,12,Beijing,Transformer,169.41667,195.09651,test
2017-02-15 04:00:00,2017-02-15 16:00:00,12,Beijing,Transformer,187.75,195.08783,test
2017-02-15 05:00:00,2017-02-15 17:00:00,12,Beijing,Transformer,235.16667,195.08609,test
2017-02-15 06:00:00,2017-02-15 18:00:00,12,Beijing,Transformer,250.16667,195.08565,test
2017-02-15 07:00:00,2017-02-15 19:00:00,12,Beijing,Transformer,256.75,195.08392,test
2017-02-15 08:00:00,2017-02-15 20:00:00,12,Beijing,Transformer,261.91666,195.08153,test
2017-02-15 09:00:00,2017-02-15 21:00:00,12,Beijing,Transformer,261.66666,195.08086,test
2017-02-15 10:00:00,2017-02-15 22:00:00,12,Beijing,Transformer,267.16666,195.083,test
2017-02-15 11:00:00,2017-02-15 23:00:00,12,Beijing,Transformer,265.8611,195.07883,test
2017-02-15 12:00:00,2017-02-16 00:00:00,12,Beijing,Transformer,263.55554,195.07759,test
2017-02-15 13:00:00,2017-02-16 01:00:00,12,Beijing,Transformer,261.91666,195.07733,test
2017-02-15 14:00:00,2017-02-16 02:00:00,12,Beijing,Transformer,266.33334,195.07817,test
2017-02-15 15:00:00,2017-02-16 03:00:00,12,Beijing,Transformer,260.08334,169.05199,test
2017-02-15 16:00:00,2017-02-16 04:00:00,12,Beijing,Transformer,258.54166,187.87029,test
2017-02-15 17:00:00,2017-02-16 05:00:00,12,Beijing,Transformer,254.0,195.08626,test
2017-02-15 18:00:00,2017-02-16 06:00:00,12,Beijing,Transformer,246.25,195.07881,test
2017-02-15 19:00:00,2017-02-16 07:00:00,12,Beijing,Transformer,232.83333,195.07857,test
2017-02-15 20:00:00,2017-02-16 08:00:00,12,Beijing,Transformer,187.5,195.08374,test
2017-02-15 21:00:00,2017-02-16 09:00:00,12,Beijing,Transformer,137.58333,195.0848,test
2017-02-15 22:00:00,2017-02-16 10:00:00,12,Beijing,Transformer,70.25,195.0832,test
2017-02-15 23:00:00,2017-02-16 11:00:00,12,Beijing,Transformer,31.916668,195.08516,test
2017-02-16 00:00:00,2017-02-16 12:00:00,12,Beijing,Transformer,17.333332,195.08496,test
2017-02-16 01:00:00,2017-02-16 13:00:00,12,Beijing,Transformer,13.5,195.06969,test
2017-02-16 02:00:00,2017-02-16 14:00:00,12,Beijing,Transformer,11.916667,195.08423,test
2017-02-16 03:00:00,2017-02-16 15:00:00,12,Beijing,Transformer,8.833333,195.08437,test
2017-02-16 04:00:00,2017-02-16 16:00:00,12,Beijing,Transformer,7.416667,195.00557,test
2017-02-16 05:00:00,2017-02-16 17:00:00,12,Beijing,Transformer,9.583333,194.30804,test
2017-02-16 06:00:00,2017-02-16 18:00:00,12,Beijing,Transformer,9.416667,195.08159,test
2017-02-16 07:00:00,2017-02-16 19:00:00,12,Beijing,Transformer,10.75,84.578285,test
2017-02-16 08:00:00,2017-02-16 20:00:00,12,Beijing,Transformer,9.583333,80.64624,test
2017-02-16 09:00:00,2017-02-16 21:00:00,12,Beijing,Transformer,7.333333,37.607777,test
2017-02-16 10:00:00,2017-02-16 22:00:00,12,Beijing,Transformer,7.75,22.182407,test
2017-02-16 11:00:00,2017-02-16 23:00:00,12,Beijing,Transformer,6.416667,21.11633,test
2017-02-16 12:00:00,2017-02-17 00:00:00,12,Beijing,Transformer,6.0,16.502132,test
2017-02-16 13:00:00,2017-02-17 01:00:00,12,Beijing,Transformer,6.5,20.781961,test
2017-02-16 14:00:00,2017-02-17 02:00:00,12,Beijing,Transformer,6.333333,23.367397,test
2017-02-16 15:00:00,2017-02-17 03:00:00,12,Beijing,Transformer,6.833333,30.656883,test
2017-02-16 16:00:00,2017-02-17 04:00:00,12,Beijing,Transformer,8.166667,41.347683,test
2017-02-16 17:00:00,2017-02-17 05:00:00,12,Beijing,Transformer,7.666667,33.054356,test
2017-02-16 18:00:00,2017-02-17 06:00:00,12,Beijing,Transformer,7.833333,35.360104,test
2017-02-16 19:00:00,2017-02-17 07:00:00,12,Beijing,Transformer,9.333333,39.206318,test
2017-02-16 20:00:00,2017-02-17 08:00:00,12,Beijing,Transformer,9.583333,34.334248,test
2017-02-16 21:00:00,2017-02-17 09:00:00,12,Beijing,Transformer,9.916667,24.436466,test
2017-02-16 22:00:00,2017-02-17 10:00:00,12,Beijing,Transformer,6.916667,15.801998,test
2017-02-16 23:00:00,2017-02-17 11:00:00,12,Beijing,Transformer,6.75,14.737889,test
2017-02-17 00:00:00,2017-02-17 12:00:00,12,Beijing,Transformer,7.083333,15.222989,test
2017-02-17 01:00:00,2017-02-17 13:00:00,12,Beijing,Transformer,6.166667,15.747639,test
2017-02-17 02:00:00,2017-02-17 14:00:00,12,Beijing,Transformer,5.833333,16.984447,test
2017-02-17 03:00:00,2017-02-17 15:00:00,12,Beijing,Transformer,11.583333,21.609482,test
2017-02-17 04:00:00,2017-02-17 16:00:00,12,Beijing,Transformer,19.75,26.717773,test
2017-02-17 05:00:00,2017-02-17 17:00:00,12,Beijing,Transformer,33.416668,33.01094,test
2017-02-17 06:00:00,2017-02-17 18:00:00,12,Beijing,Transformer,44.333332,40.146275,test
2017-02-17 07:00:00,2017-02-17 19:00:00,12,Beijing,Transformer,57.25,45.25058,test
2017-02-17 08:00:00,2017-02-17 20:00:00,12,Beijing,Transformer,57.75,47.01871,test
2017-02-17 09:00:00,2017-02-17 21:00:00,12,Beijing,Transformer,58.333332,38.586742,test
2017-02-17 10:00:00,2017-02-17 22:00:00,12,Beijing,Transformer,57.833332,28.555523,test
2017-02-17 11:00:00,2017-02-17 23:00:00,12,Beijing,Transformer,58.0,33.313244,test
2017-02-17 12:00:00,2017-02-18 00:00:00,12,Beijing,Transformer,60.916668,40.24986,test
2017-02-17 13:00:00,2017-02-18 01:00:00,12,Beijing,Transformer,66.166664,42.91863,test
2017-02-17 14:00:00,2017-02-18 02:00:00,12,Beijing,Transformer,75.166664,43.453453,test
2017-02-17 15:00:00,2017-02-18 03:00:00,12,Beijing,Transformer,77.0,44.58541,test
2017-02-17 16:00:00,2017-02-18 04:00:00,12,Beijing,Transformer,79.666664,44.312534,test
2017-02-17 17:00:00,2017-02-18 05:00:00,12,Beijing,Transformer,72.5,46.575447,test
2017-02-17 18:00:00,2017-02-18 06:00:00,12,Beijing,Transformer,68.333336,47.267834,test
2017-02-17 19:00:00,2017-02-18 07:00:00,12,Beijing,Transformer,65.333336,49.089893,test
2017-02-17 20:00:00,2017-02-18 08:00:00,12,Beijing,Transformer,64.333336,49.624844,test
2017-02-17 21:00:00,2017-02-18 09:00:00,12,Beijing,Transformer,67.916664,46.95146,test
2017-02-17 22:00:00,2017-02-18 10:00:00,12,Beijing,Transformer,78.166664,42.882774,test
2017-02-17 23:00:00,2017-02-18 11:00:00,12,Beijing,Transformer,89.25,38.436245,test
2017-02-18 00:00:00,2017-02-18 12:00:00,12,Beijing,Transformer,91.0,39.93986,test
2017-02-18 01:00:00,2017-02-18 13:00:00,12,Beijing,Transformer,83.583336,43.81471,test
2017-02-18 02:00:00,2017-02-18 14:00:00,12,Beijing,Transformer,84.083336,50.2036,test
2017-02-18 03:00:00,2017-02-18 15:00:00,12,Beijing,Transformer,85.583336,56.486565,test
2017-02-18 04:00:00,2017-02-18 16:00:00,12,Beijing,Transformer,87.0,60.405567,test
2017-02-18 05:00:00,2017-02-18 17:00:00,12,Beijing,Transformer,79.0,62.178722,test
2017-02-18 06:00:00,2017-02-18 18:00:00,12,Beijing,Transformer,76.25,70.47069,test
2017-02-18 07:00:00,2017-02-18 19:00:00,12,Beijing,Transformer,95.25,70.91677,test
2017-02-18 08:00:00,2017-02-18 20:00:00,12,Beijing,Transformer,107.333336,70.15583,test
2017-02-18 09:00:00,2017-02-18 21:00:00,12,Beijing,Transformer,120.083336,76.388695,test
2017-02-18 10:00:00,2017-02-18 22:00:00,12,Beijing,Transformer,117.333336,84.19772,test
2017-02-18 11:00:00,2017-02-18 23:00:00,12,Beijing,Transformer,123.25,99.81032,test
2017-02-18 12:00:00,2017-02-19 00:00:00,12,Beijing,Transformer,129.66667,127.0634,test
2017-02-18 13:00:00,2017-02-19 01:00:00,12,Beijing,Transformer,133.0,122.03867,test
2017-02-18 14:00:00,2017-02-19 02:00:00,12,Beijing,Transformer,136.5,105.15413,test
2017-02-18 15:00:00,2017-02-19 03:00:00,12,Beijing,Transformer,142.66667,86.47124,test
2017-02-18 16:00:00,2017-02-19 04:00:00,12,Beijing,Transformer,146.58333,78.39497,test
2017-02-18 17:00:00,2017-02-19 05:00:00,12,Beijing,Transformer,151.25,69.734406,test
2017-02-18 18:00:00,2017-02-19 06:00:00,12,Beijing,Transformer,152.0,69.73692,test
2017-02-18 19:00:00,2017-02-19 07:00:00,12,Beijing,Transformer,152.58333,72.46547,test
2017-02-18 20:00:00,2017-02-19 08:00:00,12,Beijing,Transformer,149.25,72.22017,test
2017-02-18 21:00:00,2017-02-19 09:00:00,12,Beijing,Transformer,153.0,71.1446,test
2017-02-18 22:00:00,2017-02-19 10:00:00,12,Beijing,Transformer,155.75,64.79988,test
2017-02-18 23:00:00,2017-02-19 11:00:00,12,Beijing,Transformer,157.83333,65.90308,test
2017-02-19 00:00:00,2017-02-19 12:00:00,12,Beijing,Transformer,163.41667,68.95175,test
2017-02-19 01:00:00,2017-02-19 13:00:00,12,Beijing,Transformer,165.91667,71.205,test
2017-02-19 02:00:00,2017-02-19 14:00:00,12,Beijing,Transformer,127.166664,72.578125,test
2017-02-19 03:00:00,2017-02-19 15:00:00,12,Beijing,Transformer,51.75,75.002975,test
2017-02-19 04:00:00,2017-02-19 16:00:00,12,Beijing,Transformer,13.333333,77.45957,test
2017-02-19 05:00:00,2017-02-19 17:00:00,12,Beijing,Transformer,9.416667,82.55679,test
2017-02-19 06:00:00,2017-02-19 18:00:00,12,Beijing,Transformer,9.25,89.792725,test
2017-02-19 07:00:00,2017-02-19 19:00:00,12,Beijing,Transformer,8.666667,93.7426,test
2017-02-19 08:00:00,2017-02-19 20:00:00,12,Beijing,Transformer,10.416667,89.06315,test
2017-02-19 09:00:00,2017-02-19 21:00:00,12,Beijing,Transformer,8.666667,99.290436,test
2017-02-19 10:00:00,2017-02-19 22:00:00,12,Beijing,Transformer,7.833333,81.16243,test
2017-02-19 11:00:00,2017-02-19 23:00:00,12,Beijing,Transformer,6.75,73.92311,test
2017-02-19 12:00:00,2017-02-20 00:00:00,12,Beijing,Transformer,6.25,81.36879,test
2017-02-19 13:00:00,2017-02-20 01:00:00,12,Beijing,Transformer,4.833333,93.21189,test
2017-02-19 14:00:00,2017-02-20 02:00:00,12,Beijing,Transformer,7.0,53.28318,test
2017-02-19 15:00:00,2017-02-20 03:00:00,12,Beijing,Transformer,6.0,28.475845,test
2017-02-19 16:00:00,2017-02-20 04:00:00,12,Beijing,Transformer,5.0,24.358568,test
2017-02-19 17:00:00,2017-02-20 05:00:00,12,Beijing,Transformer,6.083333,21.379519,test
2017-02-19 18:00:00,2017-02-20 06:00:00,12,Beijing,Transformer,5.583333,19.832733,test
2017-02-19 19:00:00,2017-02-20 07:00:00,12,Beijing,Transformer,4.75,16.69555,test
2017-02-19 20:00:00,2017-02-20 08:00:00,12,Beijing,Transformer,6.916667,16.086203,test
2017-02-19 21:00:00,2017-02-20 09:00:00,12,Beijing,Transformer,6.916667,15.704604,test
2017-02-19 22:00:00,2017-02-20 10:00:00,12,Beijing,Transformer,7.333333,15.350146,test
2017-02-19 23:00:00,2017-02-20 11:00:00,12,Beijing,Transformer,6.75,15.524514,test
2017-02-20 00:00:00,2017-02-20 12:00:00,12,Beijing,Transformer,8.5,15.873951,test
2017-02-20 01:00:00,2017-02-20 13:00:00,12,Beijing,Transformer,9.0,13.073079,test
2017-02-20 02:00:00,2017-02-20 14:00:00,12,Beijing,Transformer,9.75,12.345444,test
2017-02-20 03:00:00,2017-02-20 15:00:00,12,Beijing,Transformer,9.75,11.715501,test
2017-02-20 04:00:00,2017-02-20 16:00:00,12,Beijing,Transformer,9.75,12.353461,test
2017-02-20 05:00:00,2017-02-20 17:00:00,12,Beijing,Transformer,9.75,13.190188,test
2017-02-20 06:00:00,2017-02-20 18:00:00,12,Beijing,Transformer,13.625,14.624766,test
2017-02-20 07:00:00,2017-02-20 19:00:00,12,Beijing,Transformer,17.5,13.980339,test
2017-02-20 08:00:00,2017-02-20 20:00:00,12,Beijing,Transformer,21.333332,15.356912,test
2017-02-20 09:00:00,2017-02-20 21:00:00,12,Beijing,Transformer,25.583332,17.426765,test
2017-02-20 10:00:00,2017-02-20 22:00:00,12,Beijing,Transformer,29.583332,19.258884,test
2017-02-20 11:00:00,2017-02-20 23:00:00,12,Beijing,Transformer,39.25,22.39402,test
2017-02-20 12:00:00,2017-02-21 00:00:00,12,Beijing,Transformer,42.52778,30.153557,test
2017-02-20 13:00:00,2017-02-21 01:00:00,12,Beijing,Transformer,44.805557,37.307323,test
2017-02-20 14:00:00,2017-02-21 02:00:00,12,Beijing,Transformer,45.583332,41.790462,test
2017-02-20 15:00:00,2017-02-21 03:00:00,12,Beijing,Transformer,46.75,43.765705,test
2017-02-20 16:00:00,2017-02-21 04:00:00,12,Beijing,Transformer,55.583332,41.19337,test
2017-02-20 17:00:00,2017-02-21 05:00:00,12,Beijing,Transformer,64.833336,42.059956,test
2017-02-20 18:00:00,2017-02-21 06:00:00,12,Beijing,Transformer,74.083336,42.709133,test
2017-02-20 19:00:00,2017-02-21 07:00:00,12,Beijing,Transformer,73.47222,39.224533,test
2017-02-20 20:00:00,2017-02-21 08:00:00,12,Beijing,Transformer,75.69444,30.616713,test
2017-02-20 21:00:00,2017-02-21 09:00:00,12,Beijing,Transformer,78.25,25.917671,test
2017-02-20 22:00:00,2017-02-21 10:00:00,12,Beijing,Transformer,79.916664,24.563347,test
2017-02-20 23:00:00,2017-02-21 11:00:00,12,Beijing,Transformer,80.416664,29.42582,test
2017-02-21 00:00:00,2017-02-21 12:00:00,12,Beijing,Transformer,80.916664,37.549377,test
2017-02-21 01:00:00,2017-02-21 13:00:00,12,Beijing,Transformer,66.916664,43.417595,test
2017-02-21 02:00:00,2017-02-21 14:00:00,12,Beijing,Transformer,52.916668,47.802433,test
2017-02-21 03:00:00,2017-02-21 15:00:00,12,Beijing,Transformer,51.958332,52.917324,test
2017-02-21 04:00:00,2017-02-21 16:00:00,12,Beijing,Transformer,47.5,63.01768,test
2017-02-21 05:00:00,2017-02-21 17:00:00,12,Beijing,Transformer,47.791668,69.82699,test
2017-02-21 06:00:00,2017-02-21 18:00:00,12,Beijing,Transformer,46.916668,88.44765,test
2017-02-21 07:00:00,2017-02-21 19:00:00,12,Beijing,Transformer,52.416668,95.61143,test
2017-02-21 08:00:00,2017-02-21 20:00:00,12,Beijing,Transformer,62.583332,102.78079,test
2017-02-21 09:00:00,2017-02-21 21:00:00,12,Beijing,Transformer,66.75,100.92786,test
2017-02-21 10:00:00,2017-02-21 22:00:00,12,Beijing,Transformer,65.25,111.76634,test
2017-02-21 11:00:00,2017-02-21 23:00:00,12,Beijing,Transformer,67.666664,112.16948,test
2017-02-21 12:00:00,2017-02-22 00:00:00,12,Beijing,Transformer,69.833336,101.16995,test
2017-02-21 13:00:00,2017-02-22 01:00:00,12,Beijing,Transformer,76.25,58.435,test
2017-02-21 14:00:00,2017-02-22 02:00:00,12,Beijing,Transformer,83.833336,58.541176,test
2017-02-21 15:00:00,2017-02-22 03:00:00,12,Beijing,Transformer,87.75,57.458282,test
2017-02-21 16:00:00,2017-02-22 04:00:00,12,Beijing,Transformer,89.166664,58.087276,test
2017-02-21 17:00:00,2017-02-22 05:00:00,12,Beijing,Transformer,89.75,57.198425,test
2017-02-21 18:00:00,2017-02-22 06:00:00,12,Beijing,Transformer,91.416664,48.194958,test
2017-02-21 19:00:00,2017-02-22 07:00:00,12,Beijing,Transformer,94.833336,48.228676,test
2017-02-21 20:00:00,2017-02-22 08:00:00,12,Beijing,Transformer,100.166664,47.13039,test
2017-02-21 21:00:00,2017-02-22 09:00:00,12,Beijing,Transformer,109.416664,46.06612,test
2017-02-21 22:00:00,2017-02-22 10:00:00,12,Beijing,Transformer,121.75,40.189445,test
2017-02-21 23:00:00,2017-02-22 11:00:00,12,Beijing,Transformer,128.08333,37.959408,test
2017-02-22 00:00:00,2017-02-22 12:00:00,12,Beijing,Transformer,125.09091,35.528534,test
2017-02-22 01:00:00,2017-02-22 13:00:00,12,Beijing,Transformer,138.09091,39.03079,test
2017-02-22 02:00:00,2017-02-22 14:00:00,12,Beijing,Transformer,142.36363,42.001907,test
2017-02-22 03:00:00,2017-02-22 15:00:00,12,Beijing,Transformer,124.72727,44.803146,test
2017-02-22 04:00:00,2017-02-22 16:00:00,12,Beijing,Transformer,106.666664,47.138824,test
2017-02-22 05:00:00,2017-02-22 17:00:00,12,Beijing,Transformer,54.69697,48.60091,test
2017-02-22 06:00:00,2017-02-22 18:00:00,12,Beijing,Transformer,16.227274,53.456013,test
2017-02-22 07:00:00,2017-02-22 19:00:00,12,Beijing,Transformer,9.333333,57.37884,test
2017-02-22 08:00:00,2017-02-22 20:00:00,12,Beijing,Transformer,9.166667,59.446903,test
2017-02-22 09:00:00,2017-02-22 21:00:00,12,Beijing,Transformer,8.708333,55.839367,test
2017-02-22 10:00:00,2017-02-22 22:00:00,12,Beijing,Transformer,9.416667,60.514774,test
2017-02-22 11:00:00,2017-02-22 23:00:00,12,Beijing,Transformer,10.666667,67.96655,test
2017-02-22 12:00:00,2017-02-23 00:00:00,12,Beijing,Transformer,10.916667,78.47268,test
2017-02-22 13:00:00,2017-02-23 01:00:00,12,Beijing,Transformer,11.666667,106.68282,test
2017-02-22 14:00:00,2017-02-23 02:00:00,12,Beijing,Transformer,11.083333,89.44482,test
2017-02-22 15:00:00,2017-02-23 03:00:00,12,Beijing,Transformer,10.25,55.853786,test
2017-02-22 16:00:00,2017-02-23 04:00:00,12,Beijing,Transformer,11.416667,53.905636,test
2017-02-22 17:00:00,2017-02-23 05:00:00,12,Beijing,Transformer,12.0,19.651268,test
2017-02-22 18:00:00,2017-02-23 06:00:00,12,Beijing,Transformer,12.083333,16.675348,test
2017-02-22 19:00:00,2017-02-23 07:00:00,12,Beijing,Transformer,11.25,16.14966,test
2017-02-22 20:00:00,2017-02-23 08:00:00,12,Beijing,Transformer,14.166667,16.71519,test
2017-02-22 21:00:00,2017-02-23 09:00:00,12,Beijing,Transformer,15.166667,18.014389,test
2017-02-22 22:00:00,2017-02-23 10:00:00,12,Beijing,Transformer,13.666667,18.206604,test
2017-02-22 23:00:00,2017-02-23 11:00:00,12,Beijing,Transformer,11.75,18.21696,test
2017-02-23 00:00:00,2017-02-23 12:00:00,12,Beijing,Transformer,10.5,18.131042,test
2017-02-23 01:00:00,2017-02-23 13:00:00,12,Beijing,Transformer,10.75,18.49892,test
2017-02-23 02:00:00,2017-02-23 14:00:00,12,Beijing,Transformer,8.666667,20.36371,test
2017-02-23 03:00:00,2017-02-23 15:00:00,12,Beijing,Transformer,15.5,24.234259,test
2017-02-23 04:00:00,2017-02-23 16:00:00,12,Beijing,Transformer,23.222221,26.209553,test
2017-02-23 05:00:00,2017-02-23 17:00:00,12,Beijing,Transformer,21.277779,33.047802,test
2017-02-23 06:00:00,2017-02-23 18:00:00,12,Beijing,Transformer,20.0,41.284336,test
2017-02-23 07:00:00,2017-02-23 19:00:00,12,Beijing,Transformer,21.416668,46.500404,test
2017-02-23 08:00:00,2017-02-23 20:00:00,12,Beijing,Transformer,31.416668,51.663292,test
2017-02-23 09:00:00,2017-02-23 21:00:00,12,Beijing,Transformer,32.333332,52.156147,test
2017-02-23 10:00:00,2017-02-23 22:00:00,12,Beijing,Transformer,34.25,58.02279,test
2017-02-23 11:00:00,2017-02-23 23:00:00,12,Beijing,Transformer,41.333332,75.07884,test
2017-02-23 12:00:00,2017-02-24 00:00:00,12,Beijing,Transformer,46.666668,106.23375,test
2017-02-23 13:00:00,2017-02-24 01:00:00,12,Beijing,Transformer,49.333332,89.15008,test
2017-02-23 14:00:00,2017-02-24 02:00:00,12,Beijing,Transformer,52.0,79.413376,test
2017-02-23 15:00:00,2017-02-24 03:00:00,12,Beijing,Transformer,52.416668,79.317825,test
2017-02-23 16:00:00,2017-02-24 04:00:00,12,Beijing,Transformer,49.5,62.894863,test
2017-02-23 17:00:00,2017-02-24 05:00:00,12,Beijing,Transformer,44.416668,55.48509,test
2017-02-23 18:00:00,2017-02-24 06:00:00,12,Beijing,Transformer,34.416668,58.590916,test
2017-02-23 19:00:00,2017-02-24 07:00:00,12,Beijing,Transformer,26.583332,58.246723,test
2017-02-23 20:00:00,2017-02-24 08:00:00,12,Beijing,Transformer,23.583332,61.59821,test
2017-02-23 21:00:00,2017-02-24 09:00:00,12,Beijing,Transformer,20.75,66.81388,test
2017-02-23 22:00:00,2017-02-24 10:00:00,12,Beijing,Transformer,19.25,66.31612,test
2017-02-23 23:00:00,2017-02-24 11:00:00,12,Beijing,Transformer,15.5,73.3604,test
2017-02-24 00:00:00,2017-02-24 12:00:00,12,Beijing,Transformer,15.25,89.73149,test
2017-02-24 01:00:00,2017-02-24 13:00:00,12,Beijing,Transformer,14.416667,140.15813,test
2017-02-24 02:00:00,2017-02-24 14:00:00,12,Beijing,Transformer,17.458332,153.08054,test
2017-02-24 03:00:00,2017-02-24 15:00:00,12,Beijing,Transformer,18.583332,181.51868,test
2017-02-24 04:00:00,2017-02-24 16:00:00,12,Beijing,Transformer,17.166668,158.75737,test
2017-02-24 05:00:00,2017-02-24 17:00:00,12,Beijing,Transformer,14.916667,170.87047,test
2017-02-24 06:00:00,2017-02-24 18:00:00,12,Beijing,Transformer,13.916667,195.0803,test
2017-02-24 07:00:00,2017-02-24 19:00:00,12,Beijing,Transformer,15.75,195.0848,test
2017-02-24 08:00:00,2017-02-24 20:00:00,12,Beijing,Transformer,12.5,195.08998,test
2017-02-24 09:00:00,2017-02-24 21:00:00,12,Beijing,Transformer,10.5,195.08731,test
2017-02-24 10:00:00,2017-02-24 22:00:00,12,Beijing,Transformer,12.083333,195.08658,test
2017-02-24 11:00:00,2017-02-24 23:00:00,12,Beijing,Transformer,13.25,194.91814,test
2017-02-24 12:00:00,2017-02-25 00:00:00,12,Beijing,Transformer,12.833333,161.54727,test
2017-02-24 13:00:00,2017-02-25 01:00:00,12,Beijing,Transformer,10.416667,132.91237,test
2017-02-24 14:00:00,2017-02-25 02:00:00,12,Beijing,Transformer,8.916667,112.428474,test
2017-02-24 15:00:00,2017-02-25 03:00:00,12,Beijing,Transformer,7.75,93.95633,test
2017-02-24 16:00:00,2017-02-25 04:00:00,12,Beijing,Transformer,7.916667,54.401875,test
2017-02-24 17:00:00,2017-02-25 05:00:00,12,Beijing,Transformer,7.166667,42.929615,test
2017-02-24 18:00:00,2017-02-25 06:00:00,12,Beijing,Transformer,6.0,29.158306,test
2017-02-24 19:00:00,2017-02-25 07:00:00,12,Beijing,Transformer,8.5,31.468882,test
2017-02-24 20:00:00,2017-02-25 08:00:00,12,Beijing,Transformer,12.75,33.689075,test
2017-02-24 21:00:00,2017-02-25 09:00:00,12,Beijing,Transformer,12.666667,32.57446,test
2017-02-24 22:00:00,2017-02-25 10:00:00,12,Beijing,Transformer,12.5,31.6558,test
2017-02-24 23:00:00,2017-02-25 11:00:00,12,Beijing,Transformer,12.083333,31.952955,test
2017-02-25 00:00:00,2017-02-25 12:00:00,12,Beijing,Transformer,9.916667,33.01723,test
2017-02-25 01:00:00,2017-02-25 13:00:00,12,Beijing,Transformer,10.5,32.3245,test
2017-02-25 02:00:00,2017-02-25 14:00:00,12,Beijing,Transformer,10.916667,36.12408,test
2017-02-25 03:00:00,2017-02-25 15:00:00,12,Beijing,Transformer,9.166667,42.239677,test
2017-02-25 04:00:00,2017-02-25 16:00:00,12,Beijing,Transformer,9.916667,47.454784,test
2017-02-25 05:00:00,2017-02-25 17:00:00,12,Beijing,Transformer,11.458333,51.31067,test
2017-02-25 06:00:00,2017-02-25 18:00:00,12,Beijing,Transformer,11.708333,56.996063,test
2017-02-25 07:00:00,2017-02-25 19:00:00,12,Beijing,Transformer,13.666667,65.45413,test
2017-02-25 08:00:00,2017-02-25 20:00:00,12,Beijing,Transformer,17.5,74.810814,test
2017-02-25 09:00:00,2017-02-25 21:00:00,12,Beijing,Transformer,16.75,78.82818,test
2017-02-25 10:00:00,2017-02-25 22:00:00,12,Beijing,Transformer,17.0,76.96976,test
2017-02-25 11:00:00,2017-02-25 23:00:00,12,Beijing,Transformer,14.583333,83.96007,test
2017-02-25 12:00:00,2017-02-26 00:00:00,12,Beijing,Transformer,16.875,84.99147,test
2017-02-25 13:00:00,2017-02-26 01:00:00,12,Beijing,Transformer,19.75,73.56816,test
2017-02-25 14:00:00,2017-02-26 02:00:00,12,Beijing,Transformer,18.333332,60.659256,test
2017-02-25 15:00:00,2017-02-26 03:00:00,12,Beijing,Transformer,18.666668,50.040066,test
2017-02-25 16:00:00,2017-02-26 04:00:00,12,Beijing,Transformer,17.333332,47.52168,test
2017-02-25 17:00:00,2017-02-26 05:00:00,12,Beijing,Transformer,19.416668,48.717487,test
2017-02-25 18:00:00,2017-02-26 06:00:00,12,Beijing,Transformer,20.916668,49.88229,test
2017-02-25 19:00:00,2017-02-26 07:00:00,12,Beijing,Transformer,21.583332,56.96165,test
2017-02-25 20:00:00,2017-02-26 08:00:00,12,Beijing,Transformer,23.75,54.076336,test
2017-02-25 21:00:00,2017-02-26 09:00:00,12,Beijing,Transformer,23.166668,46.84048,test
2017-02-25 22:00:00,2017-02-26 10:00:00,12,Beijing,Transformer,24.916668,44.12221,test
2017-02-25 23:00:00,2017-02-26 11:00:00,12,Beijing,Transformer,24.583332,47.904476,test
2017-02-26 00:00:00,2017-02-26 12:00:00,12,Beijing,Transformer,22.25,53.05814,test
2017-02-26 01:00:00,2017-02-26 13:00:00,12,Beijing,Transformer,22.583332,56.646564,test
2017-02-26 02:00:00,2017-02-26 14:00:00,12,Beijing,Transformer,23.958332,58.79127,test
2017-02-26 03:00:00,2017-02-26 15:00:00,12,Beijing,Transformer,23.666668,63.667603,test
2017-02-26 04:00:00,2017-02-26 16:00:00,12,Beijing,Transformer,27.0,61.560673,test
2017-02-26 05:00:00,2017-02-26 17:00:00,12,Beijing,Transformer,27.25,67.77651,test
2017-02-26 06:00:00,2017-02-26 18:00:00,12,Beijing,Transformer,29.5,84.21788,test
2017-02-26 07:00:00,2017-02-26 19:00:00,12,Beijing,Transformer,35.75,124.62797,test
2017-02-26 08:00:00,2017-02-26 20:00:00,12,Beijing,Transformer,42.25,110.41393,test
2017-02-26 09:00:00,2017-02-26 21:00:00,12,Beijing,Transformer,52.5,127.99446,test
2017-02-26 10:00:00,2017-02-26 22:00:00,12,Beijing,Transformer,54.083332,131.48149,test
2017-02-26 11:00:00,2017-02-26 23:00:00,12,Beijing,Transformer,54.833332,167.26132,test
2017-02-26 12:00:00,2017-02-27 00:00:00,12,Beijing,Transformer,55.5,172.20023,test
2017-02-26 13:00:00,2017-02-27 01:00:00,12,Beijing,Transformer,53.875,175.14551,test
2017-02-26 14:00:00,2017-02-27 02:00:00,12,Beijing,Transformer,55.75,138.2372,test
2017-02-26 15:00:00,2017-02-27 03:00:00,12,Beijing,Transformer,57.5,105.60068,test
2017-02-26 16:00:00,2017-02-27 04:00:00,12,Beijing,Transformer,61.333332,86.76948,test
2017-02-26 17:00:00,2017-02-27 05:00:00,12,Beijing,Transformer,72.333336,78.83772,test
2017-02-26 18:00:00,2017-02-27 06:00:00,12,Beijing,Transformer,71.75,75.83652,test
2017-02-26 19:00:00,2017-02-27 07:00:00,12,Beijing,Transformer,68.25,81.58947,test
2017-02-26 20:00:00,2017-02-27 08:00:00,12,Beijing,Transformer,66.0,83.28323,test
2017-02-26 21:00:00,2017-02-27 09:00:00,12,Beijing,Transformer,67.666664,85.22679,test
2017-02-26 22:00:00,2017-02-27 10:00:00,12,Beijing,Transformer,76.458336,90.908936,test
2017-02-26 23:00:00,2017-02-27 11:00:00,12,Beijing,Transformer,84.958336,97.88144,test
2017-02-27 00:00:00,2017-02-27 12:00:00,12,Beijing,Transformer,93.388885,93.89812,test
2017-02-27 01:00:00,2017-02-27 13:00:00,12,Beijing,Transformer,93.44444,81.38719,test
2017-02-27 02:00:00,2017-02-27 14:00:00,12,Beijing,Transformer,93.558334,83.47574,test
2017-02-27 03:00:00,2017-02-27 15:00:00,12,Beijing,Transformer,89.2,79.077286,test
2017-02-27 04:00:00,2017-02-27 16:00:00,12,Beijing,Transformer,69.75833,84.34049,test
2017-02-27 05:00:00,2017-02-27 17:00:00,12,Beijing,Transformer,56.98182,113.30301,test
2017-02-27 06:00:00,2017-02-27 18:00:00,12,Beijing,Transformer,52.909092,134.6237,test
2017-02-27 07:00:00,2017-02-27 19:00:00,12,Beijing,Transformer,56.181816,144.86778,test
2017-02-27 08:00:00,2017-02-27 20:00:00,12,Beijing,Transformer,61.272728,176.67668,test
2017-02-27 09:00:00,2017-02-27 21:00:00,12,Beijing,Transformer,63.909092,192.79996,test
2017-02-27 10:00:00,2017-02-27 22:00:00,12,Beijing,Transformer,54.909092,194.99406,test
2017-02-27 11:00:00,2017-02-27 23:00:00,12,Beijing,Transformer,49.727272,195.09251,test
2017-02-27 12:00:00,2017-02-28 00:00:00,12,Beijing,Transformer,46.454544,195.09273,test
2017-02-27 13:00:00,2017-02-28 01:00:00,12,Beijing,Transformer,29.818182,195.08388,test
2017-02-27 14:00:00,2017-02-28 02:00:00,12,Beijing,Transformer,18.5,151.42293,test
2017-02-27 15:00:00,2017-02-28 03:00:00,12,Beijing,Transformer,18.818182,112.1803,test
2017-02-27 16:00:00,2017-02-28 04:00:00,12,Beijing,Transformer,17.272726,99.92746,test
2017-02-27 17:00:00,2017-02-28 05:00:00,12,Beijing,Transformer,13.363636,115.86342,test
2017-02-27 18:00:00,2017-02-28 06:00:00,12,Beijing,Transformer,16.0,133.59645,test
2017-02-27 19:00:00,2017-02-28 07:00:00,12,Beijing,Transformer,14.090909,144.76535,test
2017-02-27 20:00:00,2017-02-28 08:00:00,12,Beijing,Transformer,13.916667,142.38316,test
2017-02-27 21:00:00,2017-02-28 09:00:00,12,Beijing,Transformer,14.666667,98.59195,test
2017-02-27 22:00:00,2017-02-28 10:00:00,12,Beijing,Transformer,11.916667,59.60992,test
2017-02-27 23:00:00,2017-02-28 11:00:00,12,Beijing,Transformer,8.416667,55.258396,test
2017-02-28 00:00:00,2017-02-28 12:00:00,12,Beijing,Transformer,6.916667,57.15438,test
2017-02-28 01:00:00,2017-02-28 13:00:00,12,Beijing,Transformer,6.166667,47.366848,test
2017-02-28 02:00:00,2017-02-28 14:00:00,12,Beijing,Transformer,6.027778,42.783535,test
2017-02-28 03:00:00,2017-02-28 15:00:00,12,Beijing,Transformer,8.305556,43.684765,test
2017-02-28 04:00:00,2017-02-28 16:00:00,12,Beijing,Transformer,10.0,41.3847,test
2017-02-28 05:00:00,2017-02-28 17:00:00,12,Beijing,Transformer,11.916667,44.50069,test
2017-02-28 06:00:00,2017-02-28 18:00:00,12,Beijing,Transformer,12.0,45.89197,test
2017-02-28 07:00:00,2017-02-28 19:00:00,12,Beijing,Transformer,16.083332,46.855663,test
2017-02-28 08:00:00,2017-02-28 20:00:00,12,Beijing,Transformer,19.0,54.19672,test
2017-02-28 09:00:00,2017-02-28 21:00:00,12,Beijing,Transformer,15.666667,52.768654,test
2017-02-28 10:00:00,2017-02-28 22:00:00,12,Beijing,Transformer,13.666667,52.317287,test
2017-02-28 11:00:00,2017-02-28 23:00:00,12,Beijing,Transformer,15.0,36.948032,test
