forecast_origin_time,target_time,horizon_hours,city,model,y_true,y_pred,split
2016-05-13 18:00:00,2016-05-13 19:00:00,1,Beijing,XGBoost,32.666667,44.926323,test
2016-05-13 19:00:00,2016-05-13 20:00:00,1,Beijing,XGBoost,29.25,35.06676,test
2016-05-13 20:00:00,2016-05-13 21:00:00,1,Beijing,XGBoost,27.833333,31.565695,test
2016-05-13 21:00:00,2016-05-13 22:00:00,1,Beijing,XGBoost,30.083333,30.948936,test
2016-05-13 22:00:00,2016-05-13 23:00:00,1,Beijing,XGBoost,34.25,31.800282,test
2016-05-13 23:00:00,2016-05-14 00:00:00,1,Beijing,XGBoost,35.916667,35.97464,test
2016-05-14 00:00:00,2016-05-14 01:00:00,1,Beijing,XGBoost,38.75,37.06292,test
2016-05-14 01:00:00,2016-05-14 02:00:00,1,Beijing,XGBoost,40.916667,40.579124,test
2016-05-14 02:00:00,2016-05-14 03:00:00,1,Beijing,XGBoost,45.5,41.678726,test
2016-05-14 03:00:00,2016-05-14 04:00:00,1,Beijing,XGBoost,39.833333,45.588825,test
2016-05-14 04:00:00,2016-05-14 05:00:00,1,Beijing,XGBoost,22.333333,39.98521,test
2016-05-14 05:00:00,2016-05-14 06:00:00,1,Beijing,XGBoost,21.583333,19.209673,test
2016-05-14 06:00:00,2016-05-14 07:00:00,1,Beijing,XGBoost,21.194444,19.452808,test
2016-05-14 07:00:00,2016-05-14 08:00:00,1,Beijing,XGBoost,25.347222,22.525234,test
2016-05-14 08:00:00,2016-05-14 09:00:00,1,Beijing,XGBoost,28.75,26.88635,test
2016-05-14 09:00:00,2016-05-14 10:00:00,1,Beijing,XGBoost,30.083333,29.822392,test
2016-05-14 10:00:00,2016-05-14 11:00:00,1,Beijing,XGBoost,34.083333,29.064445,test
2016-05-14 11:00:00,2016-05-14 12:00:00,1,Beijing,XGBoost,36.333333,34.933414,test
2016-05-14 12:00:00,2016-05-14 13:00:00,1,Beijing,XGBoost,36.333333,37.990414,test
2016-05-14 13:00:00,2016-05-14 14:00:00,1,Beijing,XGBoost,40.333333,37.203434,test
2016-05-14 14:00:00,2016-05-14 15:00:00,1,Beijing,XGBoost,39.916667,40.868114,test
2016-05-14 15:00:00,2016-05-14 16:00:00,1,Beijing,XGBoost,40.833333,41.433113,test
2016-05-14 16:00:00,2016-05-14 17:00:00,1,Beijing,XGBoost,40.333333,41.01045,test
2016-05-14 17:00:00,2016-05-14 18:00:00,1,Beijing,XGBoost,41.583333,41.326458,test
2016-05-14 18:00:00,2016-05-14 19:00:00,1,Beijing,XGBoost,44.5,44.20193,test
2016-05-14 19:00:00,2016-05-14 20:00:00,1,Beijing,XGBoost,47.416667,49.241245,test
2016-05-14 20:00:00,2016-05-14 21:00:00,1,Beijing,XGBoost,48.5,51.76842,test
2016-05-14 21:00:00,2016-05-14 22:00:00,1,Beijing,XGBoost,54.833333,51.316963,test
2016-05-14 22:00:00,2016-05-14 23:00:00,1,Beijing,XGBoost,59.0,57.395103,test
2016-05-14 23:00:00,2016-05-15 00:00:00,1,Beijing,XGBoost,64.25,62.175533,test
2016-05-15 00:00:00,2016-05-15 01:00:00,1,Beijing,XGBoost,65.583333,66.48414,test
2016-05-15 01:00:00,2016-05-15 02:00:00,1,Beijing,XGBoost,68.083333,68.429794,test
2016-05-15 02:00:00,2016-05-15 03:00:00,1,Beijing,XGBoost,67.666667,69.04211,test
2016-05-15 03:00:00,2016-05-15 04:00:00,1,Beijing,XGBoost,66.416667,68.52842,test
2016-05-15 04:00:00,2016-05-15 05:00:00,1,Beijing,XGBoost,63.333333,66.16705,test
2016-05-15 05:00:00,2016-05-15 06:00:00,1,Beijing,XGBoost,63.583333,62.943516,test
2016-05-15 06:00:00,2016-05-15 07:00:00,1,Beijing,XGBoost,58.25,63.757595,test
2016-05-15 07:00:00,2016-05-15 08:00:00,1,Beijing,XGBoost,51.583333,61.5619,test
2016-05-15 08:00:00,2016-05-15 09:00:00,1,Beijing,XGBoost,36.666667,51.54911,test
2016-05-15 09:00:00,2016-05-15 10:00:00,1,Beijing,XGBoost,21.583333,33.68464,test
2016-05-15 10:00:00,2016-05-15 11:00:00,1,Beijing,XGBoost,14.666667,18.92396,test
2016-05-15 11:00:00,2016-05-15 12:00:00,1,Beijing,XGBoost,13.791667,13.609252,test
2016-05-15 12:00:00,2016-05-15 13:00:00,1,Beijing,XGBoost,8.5,12.973934,test
2016-05-15 13:00:00,2016-05-15 14:00:00,1,Beijing,XGBoost,9.166667,9.699212,test
2016-05-15 14:00:00,2016-05-15 15:00:00,1,Beijing,XGBoost,12.333333,10.072817,test
2016-05-15 15:00:00,2016-05-15 16:00:00,1,Beijing,XGBoost,8.75,12.167644,test
2016-05-15 16:00:00,2016-05-15 17:00:00,1,Beijing,XGBoost,8.333333,9.920143,test
2016-05-15 17:00:00,2016-05-15 18:00:00,1,Beijing,XGBoost,7.833333,10.227572,test
2016-05-15 18:00:00,2016-05-15 19:00:00,1,Beijing,XGBoost,8.0,8.975184,test
2016-05-15 19:00:00,2016-05-15 20:00:00,1,Beijing,XGBoost,14.416667,10.660825,test
2016-05-15 20:00:00,2016-05-15 21:00:00,1,Beijing,XGBoost,15.833333,17.500673,test
2016-05-15 21:00:00,2016-05-15 22:00:00,1,Beijing,XGBoost,36.0,17.4618,test
2016-05-15 22:00:00,2016-05-15 23:00:00,1,Beijing,XGBoost,30.833333,39.704117,test
2016-05-15 23:00:00,2016-05-16 00:00:00,1,Beijing,XGBoost,42.416667,34.3007,test
2016-05-16 00:00:00,2016-05-16 01:00:00,1,Beijing,XGBoost,43.5,44.756824,test
2016-05-16 01:00:00,2016-05-16 02:00:00,1,Beijing,XGBoost,24.833333,45.561417,test
2016-05-16 02:00:00,2016-05-16 03:00:00,1,Beijing,XGBoost,17.583333,22.600367,test
2016-05-16 03:00:00,2016-05-16 04:00:00,1,Beijing,XGBoost,14.333333,16.689005,test
2016-05-16 04:00:00,2016-05-16 05:00:00,1,Beijing,XGBoost,21.25,14.871485,test
2016-05-16 05:00:00,2016-05-16 06:00:00,1,Beijing,XGBoost,20.083333,21.909185,test
2016-05-16 06:00:00,2016-05-16 07:00:00,1,Beijing,XGBoost,24.666667,21.318684,test
2016-05-16 07:00:00,2016-05-16 08:00:00,1,Beijing,XGBoost,30.416667,26.099712,test
2016-05-16 08:00:00,2016-05-16 09:00:00,1,Beijing,XGBoost,37.25,35.928596,test
2016-05-16 09:00:00,2016-05-16 10:00:00,1,Beijing,XGBoost,28.666667,38.222584,test
2016-05-16 10:00:00,2016-05-16 11:00:00,1,Beijing,XGBoost,31.75,28.464617,test
2016-05-16 11:00:00,2016-05-16 12:00:00,1,Beijing,XGBoost,23.5,30.903479,test
2016-05-16 12:00:00,2016-05-16 13:00:00,1,Beijing,XGBoost,21.583333,23.355846,test
2016-05-16 13:00:00,2016-05-16 14:00:00,1,Beijing,XGBoost,22.25,21.09324,test
2016-05-16 14:00:00,2016-05-16 15:00:00,1,Beijing,XGBoost,19.666667,22.836866,test
2016-05-16 15:00:00,2016-05-16 16:00:00,1,Beijing,XGBoost,12.0,19.789305,test
2016-05-16 16:00:00,2016-05-16 17:00:00,1,Beijing,XGBoost,10.805556,12.445386,test
2016-05-16 17:00:00,2016-05-16 18:00:00,1,Beijing,XGBoost,10.527778,12.029181,test
2016-05-16 18:00:00,2016-05-16 19:00:00,1,Beijing,XGBoost,12.833333,11.322628,test
2016-05-16 19:00:00,2016-05-16 20:00:00,1,Beijing,XGBoost,17.666667,13.77541,test
2016-05-16 20:00:00,2016-05-16 21:00:00,1,Beijing,XGBoost,18.916667,20.476177,test
2016-05-16 21:00:00,2016-05-16 22:00:00,1,Beijing,XGBoost,23.916667,21.26322,test
2016-05-16 22:00:00,2016-05-16 23:00:00,1,Beijing,XGBoost,27.25,25.268011,test
2016-05-16 23:00:00,2016-05-17 00:00:00,1,Beijing,XGBoost,32.916667,28.211128,test
2016-05-17 00:00:00,2016-05-17 01:00:00,1,Beijing,XGBoost,34.083333,35.00772,test
2016-05-17 01:00:00,2016-05-17 02:00:00,1,Beijing,XGBoost,36.166667,34.68788,test
2016-05-17 02:00:00,2016-05-17 03:00:00,1,Beijing,XGBoost,37.416667,36.138466,test
2016-05-17 03:00:00,2016-05-17 04:00:00,1,Beijing,XGBoost,36.166667,38.575462,test
2016-05-17 04:00:00,2016-05-17 05:00:00,1,Beijing,XGBoost,32.416667,36.258507,test
2016-05-17 05:00:00,2016-05-17 06:00:00,1,Beijing,XGBoost,34.75,32.924866,test
2016-05-17 06:00:00,2016-05-17 07:00:00,1,Beijing,XGBoost,35.166667,35.193127,test
2016-05-17 07:00:00,2016-05-17 08:00:00,1,Beijing,XGBoost,40.25,36.299725,test
2016-05-17 08:00:00,2016-05-17 09:00:00,1,Beijing,XGBoost,51.833333,43.768967,test
2016-05-17 09:00:00,2016-05-17 10:00:00,1,Beijing,XGBoost,57.5,55.60056,test
2016-05-17 10:00:00,2016-05-17 11:00:00,1,Beijing,XGBoost,63.75,61.983864,test
2016-05-17 11:00:00,2016-05-17 12:00:00,1,Beijing,XGBoost,70.583333,67.18732,test
2016-05-17 12:00:00,2016-05-17 13:00:00,1,Beijing,XGBoost,82.75,71.286896,test
2016-05-17 13:00:00,2016-05-17 14:00:00,1,Beijing,XGBoost,89.916667,82.73234,test
2016-05-17 14:00:00,2016-05-17 15:00:00,1,Beijing,XGBoost,86.833333,92.12644,test
2016-05-17 15:00:00,2016-05-17 16:00:00,1,Beijing,XGBoost,82.083333,84.86432,test
2016-05-17 16:00:00,2016-05-17 17:00:00,1,Beijing,XGBoost,66.583333,76.37994,test
2016-05-17 17:00:00,2016-05-17 18:00:00,1,Beijing,XGBoost,58.083333,57.01385,test
2016-05-17 18:00:00,2016-05-17 19:00:00,1,Beijing,XGBoost,58.0,49.47676,test
2016-05-17 19:00:00,2016-05-17 20:00:00,1,Beijing,XGBoost,68.083333,57.01244,test
2016-05-17 20:00:00,2016-05-17 21:00:00,1,Beijing,XGBoost,64.75,69.11956,test
2016-05-17 21:00:00,2016-05-17 22:00:00,1,Beijing,XGBoost,60.833333,65.86075,test
2016-05-17 22:00:00,2016-05-17 23:00:00,1,Beijing,XGBoost,53.583333,59.91126,test
2016-05-17 23:00:00,2016-05-18 00:00:00,1,Beijing,XGBoost,48.916667,51.630917,test
2016-05-18 00:00:00,2016-05-18 01:00:00,1,Beijing,XGBoost,45.75,46.90885,test
2016-05-18 01:00:00,2016-05-18 02:00:00,1,Beijing,XGBoost,45.833333,46.11034,test
2016-05-18 02:00:00,2016-05-18 03:00:00,1,Beijing,XGBoost,49.083333,47.010597,test
2016-05-18 03:00:00,2016-05-18 04:00:00,1,Beijing,XGBoost,50.333333,50.13006,test
2016-05-18 04:00:00,2016-05-18 05:00:00,1,Beijing,XGBoost,50.75,51.044323,test
2016-05-18 05:00:00,2016-05-18 06:00:00,1,Beijing,XGBoost,55.0,51.22022,test
2016-05-18 06:00:00,2016-05-18 07:00:00,1,Beijing,XGBoost,56.333333,56.234177,test
2016-05-18 07:00:00,2016-05-18 08:00:00,1,Beijing,XGBoost,62.666667,58.193874,test
2016-05-18 08:00:00,2016-05-18 09:00:00,1,Beijing,XGBoost,71.833333,64.426445,test
2016-05-18 09:00:00,2016-05-18 10:00:00,1,Beijing,XGBoost,75.083333,75.19165,test
2016-05-18 10:00:00,2016-05-18 11:00:00,1,Beijing,XGBoost,78.75,75.55075,test
2016-05-18 11:00:00,2016-05-18 12:00:00,1,Beijing,XGBoost,82.083333,78.9775,test
2016-05-18 12:00:00,2016-05-18 13:00:00,1,Beijing,XGBoost,73.0,80.16891,test
2016-05-18 13:00:00,2016-05-18 14:00:00,1,Beijing,XGBoost,58.416667,70.84578,test
2016-05-18 14:00:00,2016-05-18 15:00:00,1,Beijing,XGBoost,51.083333,52.9902,test
2016-05-18 15:00:00,2016-05-18 16:00:00,1,Beijing,XGBoost,49.583333,45.677567,test
2016-05-18 16:00:00,2016-05-18 17:00:00,1,Beijing,XGBoost,49.083333,48.478546,test
2016-05-18 17:00:00,2016-05-18 18:00:00,1,Beijing,XGBoost,47.75,51.27267,test
2016-05-18 18:00:00,2016-05-18 19:00:00,1,Beijing,XGBoost,51.0,50.33865,test
2016-05-18 19:00:00,2016-05-18 20:00:00,1,Beijing,XGBoost,54.416667,53.052742,test
2016-05-18 20:00:00,2016-05-18 21:00:00,1,Beijing,XGBoost,56.416667,58.638397,test
2016-05-18 21:00:00,2016-05-18 22:00:00,1,Beijing,XGBoost,61.666667,59.01098,test
2016-05-18 22:00:00,2016-05-18 23:00:00,1,Beijing,XGBoost,66.75,65.56383,test
2016-05-18 23:00:00,2016-05-19 00:00:00,1,Beijing,XGBoost,72.583333,68.16655,test
2016-05-19 00:00:00,2016-05-19 01:00:00,1,Beijing,XGBoost,78.083333,73.13324,test
2016-05-19 01:00:00,2016-05-19 02:00:00,1,Beijing,XGBoost,78.5,80.44986,test
2016-05-19 02:00:00,2016-05-19 03:00:00,1,Beijing,XGBoost,82.5,80.239624,test
2016-05-19 03:00:00,2016-05-19 04:00:00,1,Beijing,XGBoost,82.666667,83.825676,test
2016-05-19 04:00:00,2016-05-19 05:00:00,1,Beijing,XGBoost,87.083333,83.77811,test
2016-05-19 05:00:00,2016-05-19 06:00:00,1,Beijing,XGBoost,90.583333,89.62804,test
2016-05-19 06:00:00,2016-05-19 07:00:00,1,Beijing,XGBoost,97.916667,91.689156,test
2016-05-19 07:00:00,2016-05-19 08:00:00,1,Beijing,XGBoost,104.833333,101.595856,test
2016-05-19 08:00:00,2016-05-19 09:00:00,1,Beijing,XGBoost,115.416667,111.699135,test
2016-05-19 09:00:00,2016-05-19 10:00:00,1,Beijing,XGBoost,116.5,117.70025,test
2016-05-19 10:00:00,2016-05-19 11:00:00,1,Beijing,XGBoost,113.833333,117.84324,test
2016-05-19 11:00:00,2016-05-19 12:00:00,1,Beijing,XGBoost,108.416667,107.57516,test
2016-05-19 12:00:00,2016-05-19 13:00:00,1,Beijing,XGBoost,94.0,98.40177,test
2016-05-19 13:00:00,2016-05-19 14:00:00,1,Beijing,XGBoost,84.111111,83.05922,test
2016-05-19 14:00:00,2016-05-19 15:00:00,1,Beijing,XGBoost,76.638889,74.460526,test
2016-05-19 15:00:00,2016-05-19 16:00:00,1,Beijing,XGBoost,68.833333,70.136925,test
2016-05-19 16:00:00,2016-05-19 17:00:00,1,Beijing,XGBoost,64.666667,61.995052,test
2016-05-19 17:00:00,2016-05-19 18:00:00,1,Beijing,XGBoost,60.416667,62.12695,test
2016-05-19 18:00:00,2016-05-19 19:00:00,1,Beijing,XGBoost,59.166667,58.964287,test
2016-05-19 19:00:00,2016-05-19 20:00:00,1,Beijing,XGBoost,61.083333,60.16994,test
2016-05-19 20:00:00,2016-05-19 21:00:00,1,Beijing,XGBoost,67.75,63.559547,test
2016-05-19 21:00:00,2016-05-19 22:00:00,1,Beijing,XGBoost,71.583333,71.21194,test
2016-05-19 22:00:00,2016-05-19 23:00:00,1,Beijing,XGBoost,82.166667,76.13943,test
2016-05-19 23:00:00,2016-05-20 00:00:00,1,Beijing,XGBoost,86.083333,85.88068,test
2016-05-20 00:00:00,2016-05-20 01:00:00,1,Beijing,XGBoost,82.333333,90.20335,test
2016-05-20 01:00:00,2016-05-20 02:00:00,1,Beijing,XGBoost,79.583333,83.3107,test
2016-05-20 02:00:00,2016-05-20 03:00:00,1,Beijing,XGBoost,83.666667,80.17126,test
2016-05-20 03:00:00,2016-05-20 04:00:00,1,Beijing,XGBoost,99.75,85.08744,test
2016-05-20 04:00:00,2016-05-20 05:00:00,1,Beijing,XGBoost,103.416667,106.00279,test
2016-05-20 05:00:00,2016-05-20 06:00:00,1,Beijing,XGBoost,99.916667,107.54864,test
2016-05-20 06:00:00,2016-05-20 07:00:00,1,Beijing,XGBoost,105.5,104.170845,test
2016-05-20 07:00:00,2016-05-20 08:00:00,1,Beijing,XGBoost,107.083333,109.49693,test
2016-05-20 08:00:00,2016-05-20 09:00:00,1,Beijing,XGBoost,114.416667,113.34223,test
2016-05-20 09:00:00,2016-05-20 10:00:00,1,Beijing,XGBoost,113.75,117.145996,test
2016-05-20 10:00:00,2016-05-20 11:00:00,1,Beijing,XGBoost,111.75,116.95707,test
2016-05-20 11:00:00,2016-05-20 12:00:00,1,Beijing,XGBoost,109.083333,111.52836,test
2016-05-20 12:00:00,2016-05-20 13:00:00,1,Beijing,XGBoost,105.166667,107.16972,test
2016-05-20 13:00:00,2016-05-20 14:00:00,1,Beijing,XGBoost,98.416667,102.980286,test
2016-05-20 14:00:00,2016-05-20 15:00:00,1,Beijing,XGBoost,90.583333,92.2899,test
2016-05-20 15:00:00,2016-05-20 16:00:00,1,Beijing,XGBoost,89.916667,81.9339,test
2016-05-20 16:00:00,2016-05-20 17:00:00,1,Beijing,XGBoost,81.416667,85.0586,test
2016-05-20 17:00:00,2016-05-20 18:00:00,1,Beijing,XGBoost,72.5,78.14118,test
2016-05-20 18:00:00,2016-05-20 19:00:00,1,Beijing,XGBoost,60.083333,69.10537,test
2016-05-20 19:00:00,2016-05-20 20:00:00,1,Beijing,XGBoost,50.0,56.64386,test
2016-05-20 20:00:00,2016-05-20 21:00:00,1,Beijing,XGBoost,48.0625,48.28103,test
2016-05-20 21:00:00,2016-05-20 22:00:00,1,Beijing,XGBoost,57.875,47.73722,test
2016-05-20 22:00:00,2016-05-20 23:00:00,1,Beijing,XGBoost,69.1875,60.609276,test
2016-05-20 23:00:00,2016-05-21 00:00:00,1,Beijing,XGBoost,74.25,73.86991,test
2016-05-21 00:00:00,2016-05-21 01:00:00,1,Beijing,XGBoost,74.333333,78.66361,test
2016-05-21 01:00:00,2016-05-21 02:00:00,1,Beijing,XGBoost,73.5,76.66607,test
2016-05-21 02:00:00,2016-05-21 03:00:00,1,Beijing,XGBoost,77.166667,75.48661,test
2016-05-21 03:00:00,2016-05-21 04:00:00,1,Beijing,XGBoost,76.0,79.86779,test
2016-05-21 04:00:00,2016-05-21 05:00:00,1,Beijing,XGBoost,77.5,77.41077,test
2016-05-21 05:00:00,2016-05-21 06:00:00,1,Beijing,XGBoost,81.916667,78.41892,test
2016-05-21 06:00:00,2016-05-21 07:00:00,1,Beijing,XGBoost,88.333333,84.01482,test
2016-05-21 07:00:00,2016-05-21 08:00:00,1,Beijing,XGBoost,91.0,90.67731,test
2016-05-21 08:00:00,2016-05-21 09:00:00,1,Beijing,XGBoost,90.0,95.34379,test
2016-05-21 09:00:00,2016-05-21 10:00:00,1,Beijing,XGBoost,83.416667,92.35327,test
2016-05-21 10:00:00,2016-05-21 11:00:00,1,Beijing,XGBoost,82.083333,81.86848,test
2016-05-21 11:00:00,2016-05-21 12:00:00,1,Beijing,XGBoost,79.5,80.49825,test
2016-05-21 12:00:00,2016-05-21 13:00:00,1,Beijing,XGBoost,79.25,81.27246,test
2016-05-21 13:00:00,2016-05-21 14:00:00,1,Beijing,XGBoost,80.166667,79.512115,test
2016-05-21 14:00:00,2016-05-21 15:00:00,1,Beijing,XGBoost,79.666667,81.31168,test
2016-05-21 15:00:00,2016-05-21 16:00:00,1,Beijing,XGBoost,69.0,80.186035,test
2016-05-21 16:00:00,2016-05-21 17:00:00,1,Beijing,XGBoost,64.416667,64.4923,test
2016-05-21 17:00:00,2016-05-21 18:00:00,1,Beijing,XGBoost,50.333333,62.248787,test
2016-05-21 18:00:00,2016-05-21 19:00:00,1,Beijing,XGBoost,38.5,44.92745,test
2016-05-21 19:00:00,2016-05-21 20:00:00,1,Beijing,XGBoost,33.083333,35.88351,test
2016-05-21 20:00:00,2016-05-21 21:00:00,1,Beijing,XGBoost,37.083333,34.11918,test
2016-05-21 21:00:00,2016-05-21 22:00:00,1,Beijing,XGBoost,46.75,39.803936,test
2016-05-21 22:00:00,2016-05-21 23:00:00,1,Beijing,XGBoost,47.75,50.99536,test
2016-05-21 23:00:00,2016-05-22 00:00:00,1,Beijing,XGBoost,44.083333,50.224064,test
2016-05-22 00:00:00,2016-05-22 01:00:00,1,Beijing,XGBoost,45.0,46.93956,test
2016-05-22 01:00:00,2016-05-22 02:00:00,1,Beijing,XGBoost,49.25,47.786057,test
2016-05-22 02:00:00,2016-05-22 03:00:00,1,Beijing,XGBoost,49.5,50.655807,test
2016-05-22 03:00:00,2016-05-22 04:00:00,1,Beijing,XGBoost,50.416667,51.15445,test
2016-05-22 04:00:00,2016-05-22 05:00:00,1,Beijing,XGBoost,53.208333,50.917564,test
2016-05-22 05:00:00,2016-05-22 06:00:00,1,Beijing,XGBoost,55.666667,54.928486,test
2016-05-22 06:00:00,2016-05-22 07:00:00,1,Beijing,XGBoost,51.166667,57.550095,test
2016-05-22 07:00:00,2016-05-22 08:00:00,1,Beijing,XGBoost,46.583333,52.962177,test
2016-05-22 08:00:00,2016-05-22 09:00:00,1,Beijing,XGBoost,46.083333,46.947006,test
2016-05-22 09:00:00,2016-05-22 10:00:00,1,Beijing,XGBoost,48.5,47.208767,test
2016-05-22 10:00:00,2016-05-22 11:00:00,1,Beijing,XGBoost,42.916667,49.57194,test
2016-05-22 11:00:00,2016-05-22 12:00:00,1,Beijing,XGBoost,42.416667,44.592014,test
2016-05-22 12:00:00,2016-05-22 13:00:00,1,Beijing,XGBoost,41.583333,44.672215,test
2016-05-22 13:00:00,2016-05-22 14:00:00,1,Beijing,XGBoost,44.25,43.498863,test
2016-05-22 14:00:00,2016-05-22 15:00:00,1,Beijing,XGBoost,42.666667,46.86617,test
2016-05-22 15:00:00,2016-05-22 16:00:00,1,Beijing,XGBoost,43.333333,43.70053,test
2016-05-22 16:00:00,2016-05-22 17:00:00,1,Beijing,XGBoost,44.583333,46.02712,test
2016-05-22 17:00:00,2016-05-22 18:00:00,1,Beijing,XGBoost,44.75,47.80361,test
2016-05-22 18:00:00,2016-05-22 19:00:00,1,Beijing,XGBoost,44.75,47.95995,test
2016-05-22 19:00:00,2016-05-22 20:00:00,1,Beijing,XGBoost,41.166667,48.275467,test
2016-05-22 20:00:00,2016-05-22 21:00:00,1,Beijing,XGBoost,40.083333,43.113956,test
2016-05-22 21:00:00,2016-05-22 22:00:00,1,Beijing,XGBoost,47.583333,42.926605,test
2016-05-22 22:00:00,2016-05-22 23:00:00,1,Beijing,XGBoost,52.833333,49.69971,test
2016-05-22 23:00:00,2016-05-23 00:00:00,1,Beijing,XGBoost,60.166667,55.425846,test
2016-05-23 00:00:00,2016-05-23 01:00:00,1,Beijing,XGBoost,62.333333,62.4908,test
2016-05-23 01:00:00,2016-05-23 02:00:00,1,Beijing,XGBoost,57.25,65.31344,test
2016-05-23 02:00:00,2016-05-23 03:00:00,1,Beijing,XGBoost,55.583333,58.52628,test
2016-05-23 03:00:00,2016-05-23 04:00:00,1,Beijing,XGBoost,60.583333,55.619537,test
2016-05-23 04:00:00,2016-05-23 05:00:00,1,Beijing,XGBoost,67.833333,61.360786,test
2016-05-23 05:00:00,2016-05-23 06:00:00,1,Beijing,XGBoost,71.833333,70.102455,test
2016-05-23 06:00:00,2016-05-23 07:00:00,1,Beijing,XGBoost,75.333333,75.25019,test
2016-05-23 07:00:00,2016-05-23 08:00:00,1,Beijing,XGBoost,80.666667,77.32011,test
2016-05-23 08:00:00,2016-05-23 09:00:00,1,Beijing,XGBoost,84.166667,85.55941,test
2016-05-23 09:00:00,2016-05-23 10:00:00,1,Beijing,XGBoost,88.458333,87.975716,test
2016-05-23 10:00:00,2016-05-23 11:00:00,1,Beijing,XGBoost,86.166667,91.06907,test
2016-05-23 11:00:00,2016-05-23 12:00:00,1,Beijing,XGBoost,86.25,86.91314,test
2016-05-23 12:00:00,2016-05-23 13:00:00,1,Beijing,XGBoost,88.75,88.076485,test
2016-05-23 13:00:00,2016-05-23 14:00:00,1,Beijing,XGBoost,97.833333,86.63319,test
2016-05-23 14:00:00,2016-05-23 15:00:00,1,Beijing,XGBoost,90.0,97.23689,test
2016-05-23 15:00:00,2016-05-23 16:00:00,1,Beijing,XGBoost,79.333333,80.82459,test
2016-05-23 16:00:00,2016-05-23 17:00:00,1,Beijing,XGBoost,68.0,70.65086,test
2016-05-23 17:00:00,2016-05-23 18:00:00,1,Beijing,XGBoost,61.666667,61.288506,test
2016-05-23 18:00:00,2016-05-23 19:00:00,1,Beijing,XGBoost,56.75,59.30516,test
2016-05-23 19:00:00,2016-05-23 20:00:00,1,Beijing,XGBoost,41.25,54.38666,test
2016-05-23 20:00:00,2016-05-23 21:00:00,1,Beijing,XGBoost,14.833333,39.396194,test
2016-05-23 21:00:00,2016-05-23 22:00:00,1,Beijing,XGBoost,7.25,15.160111,test
2016-05-23 22:00:00,2016-05-23 23:00:00,1,Beijing,XGBoost,6.666667,9.268872,test
2016-05-23 23:00:00,2016-05-24 00:00:00,1,Beijing,XGBoost,6.416667,9.053091,test
2016-05-24 00:00:00,2016-05-24 01:00:00,1,Beijing,XGBoost,6.75,8.202793,test
2016-05-24 01:00:00,2016-05-24 02:00:00,1,Beijing,XGBoost,9.583333,8.4181795,test
2016-05-24 02:00:00,2016-05-24 03:00:00,1,Beijing,XGBoost,11.0,10.599176,test
2016-05-24 03:00:00,2016-05-24 04:00:00,1,Beijing,XGBoost,8.25,11.733793,test
2016-05-24 04:00:00,2016-05-24 05:00:00,1,Beijing,XGBoost,14.416667,9.8704405,test
2016-05-24 05:00:00,2016-05-24 06:00:00,1,Beijing,XGBoost,22.0,15.68353,test
2016-05-24 06:00:00,2016-05-24 07:00:00,1,Beijing,XGBoost,31.833333,23.527493,test
2016-05-24 07:00:00,2016-05-24 08:00:00,1,Beijing,XGBoost,38.25,35.78654,test
2016-05-24 08:00:00,2016-05-24 09:00:00,1,Beijing,XGBoost,36.5,42.14704,test
2016-05-24 09:00:00,2016-05-24 10:00:00,1,Beijing,XGBoost,29.875,39.205128,test
2016-05-24 10:00:00,2016-05-24 11:00:00,1,Beijing,XGBoost,20.5,29.230972,test
2016-05-24 11:00:00,2016-05-24 12:00:00,1,Beijing,XGBoost,17.770833,17.918829,test
2016-05-24 12:00:00,2016-05-24 13:00:00,1,Beijing,XGBoost,16.375,17.310251,test
2016-05-24 13:00:00,2016-05-24 14:00:00,1,Beijing,XGBoost,16.479167,16.240702,test
2016-05-24 14:00:00,2016-05-24 15:00:00,1,Beijing,XGBoost,13.416667,16.776564,test
2016-05-24 15:00:00,2016-05-24 16:00:00,1,Beijing,XGBoost,12.333333,14.523799,test
2016-05-24 16:00:00,2016-05-24 17:00:00,1,Beijing,XGBoost,11.583333,13.645838,test
2016-05-24 17:00:00,2016-05-24 18:00:00,1,Beijing,XGBoost,13.833333,13.255004,test
2016-05-24 18:00:00,2016-05-24 19:00:00,1,Beijing,XGBoost,19.0,15.107311,test
2016-05-24 19:00:00,2016-05-24 20:00:00,1,Beijing,XGBoost,24.0,22.784176,test
2016-05-24 20:00:00,2016-05-24 21:00:00,1,Beijing,XGBoost,22.666667,27.279758,test
2016-05-24 21:00:00,2016-05-24 22:00:00,1,Beijing,XGBoost,22.375,25.567156,test
2016-05-24 22:00:00,2016-05-24 23:00:00,1,Beijing,XGBoost,13.916667,24.343279,test
2016-05-24 23:00:00,2016-05-25 00:00:00,1,Beijing,XGBoost,7.583333,13.524994,test
2016-05-25 00:00:00,2016-05-25 01:00:00,1,Beijing,XGBoost,5.833333,8.174786,test
2016-05-25 01:00:00,2016-05-25 02:00:00,1,Beijing,XGBoost,8.416667,7.5296555,test
2016-05-25 02:00:00,2016-05-25 03:00:00,1,Beijing,XGBoost,5.5,9.265658,test
2016-05-25 03:00:00,2016-05-25 04:00:00,1,Beijing,XGBoost,7.083333,7.374416,test
2016-05-25 04:00:00,2016-05-25 05:00:00,1,Beijing,XGBoost,8.916667,8.199484,test
2016-05-25 05:00:00,2016-05-25 06:00:00,1,Beijing,XGBoost,10.75,9.393736,test
2016-05-25 06:00:00,2016-05-25 07:00:00,1,Beijing,XGBoost,8.333333,11.092834,test
2016-05-25 07:00:00,2016-05-25 08:00:00,1,Beijing,XGBoost,8.083333,9.263208,test
2016-05-25 08:00:00,2016-05-25 09:00:00,1,Beijing,XGBoost,11.375,9.932844,test
2016-05-25 09:00:00,2016-05-25 10:00:00,1,Beijing,XGBoost,9.25,11.779552,test
2016-05-25 10:00:00,2016-05-25 11:00:00,1,Beijing,XGBoost,10.166667,9.670145,test
2016-05-25 11:00:00,2016-05-25 12:00:00,1,Beijing,XGBoost,12.583333,10.577283,test
2016-05-25 12:00:00,2016-05-25 13:00:00,1,Beijing,XGBoost,10.5,12.368098,test
2016-05-25 13:00:00,2016-05-25 14:00:00,1,Beijing,XGBoost,10.333333,11.411294,test
2016-05-25 14:00:00,2016-05-25 15:00:00,1,Beijing,XGBoost,11.583333,11.640001,test
2016-05-25 15:00:00,2016-05-25 16:00:00,1,Beijing,XGBoost,13.416667,13.45529,test
2016-05-25 16:00:00,2016-05-25 17:00:00,1,Beijing,XGBoost,12.0,14.509746,test
2016-05-25 17:00:00,2016-05-25 18:00:00,1,Beijing,XGBoost,14.25,13.455554,test
2016-05-25 18:00:00,2016-05-25 19:00:00,1,Beijing,XGBoost,15.75,15.950687,test
2016-05-25 19:00:00,2016-05-25 20:00:00,1,Beijing,XGBoost,14.833333,17.986858,test
2016-05-25 20:00:00,2016-05-25 21:00:00,1,Beijing,XGBoost,16.25,17.093548,test
2016-05-25 21:00:00,2016-05-25 22:00:00,1,Beijing,XGBoost,16.666667,18.645685,test
2016-05-25 22:00:00,2016-05-25 23:00:00,1,Beijing,XGBoost,18.75,17.259136,test
2016-05-25 23:00:00,2016-05-26 00:00:00,1,Beijing,XGBoost,22.5,19.729158,test
2016-05-26 00:00:00,2016-05-26 01:00:00,1,Beijing,XGBoost,20.833333,23.549313,test
2016-05-26 01:00:00,2016-05-26 02:00:00,1,Beijing,XGBoost,23.5,21.732607,test
2016-05-26 02:00:00,2016-05-26 03:00:00,1,Beijing,XGBoost,23.25,23.974937,test
2016-05-26 03:00:00,2016-05-26 04:00:00,1,Beijing,XGBoost,28.333333,24.555073,test
2016-05-26 04:00:00,2016-05-26 05:00:00,1,Beijing,XGBoost,40.625,29.159851,test
2016-05-26 05:00:00,2016-05-26 06:00:00,1,Beijing,XGBoost,41.5,42.86365,test
2016-05-26 06:00:00,2016-05-26 07:00:00,1,Beijing,XGBoost,37.916667,45.353443,test
2016-05-26 07:00:00,2016-05-26 08:00:00,1,Beijing,XGBoost,32.75,37.162422,test
2016-05-26 08:00:00,2016-05-26 09:00:00,1,Beijing,XGBoost,27.25,32.31985,test
2016-05-26 09:00:00,2016-05-26 10:00:00,1,Beijing,XGBoost,19.166667,24.895452,test
2016-05-26 10:00:00,2016-05-26 11:00:00,1,Beijing,XGBoost,15.166667,18.433043,test
2016-05-26 11:00:00,2016-05-26 12:00:00,1,Beijing,XGBoost,12.916667,13.993217,test
2016-05-26 12:00:00,2016-05-26 13:00:00,1,Beijing,XGBoost,13.333333,13.007641,test
2016-05-26 13:00:00,2016-05-26 14:00:00,1,Beijing,XGBoost,12.166667,13.473526,test
2016-05-26 14:00:00,2016-05-26 15:00:00,1,Beijing,XGBoost,11.666667,12.8708,test
2016-05-26 15:00:00,2016-05-26 16:00:00,1,Beijing,XGBoost,11.083333,13.314221,test
2016-05-26 16:00:00,2016-05-26 17:00:00,1,Beijing,XGBoost,13.166667,12.182837,test
2016-05-26 17:00:00,2016-05-26 18:00:00,1,Beijing,XGBoost,12.583333,14.085465,test
2016-05-26 18:00:00,2016-05-26 19:00:00,1,Beijing,XGBoost,14.416667,13.352726,test
2016-05-26 19:00:00,2016-05-26 20:00:00,1,Beijing,XGBoost,16.166667,16.604294,test
2016-05-26 20:00:00,2016-05-26 21:00:00,1,Beijing,XGBoost,21.833333,18.106941,test
2016-05-26 21:00:00,2016-05-26 22:00:00,1,Beijing,XGBoost,23.25,25.241774,test
2016-05-26 22:00:00,2016-05-26 23:00:00,1,Beijing,XGBoost,24.083333,25.758305,test
2016-05-26 23:00:00,2016-05-27 00:00:00,1,Beijing,XGBoost,26.0,24.643368,test
2016-05-27 00:00:00,2016-05-27 01:00:00,1,Beijing,XGBoost,25.333333,26.840578,test
2016-05-27 01:00:00,2016-05-27 02:00:00,1,Beijing,XGBoost,25.666667,24.94787,test
2016-05-27 02:00:00,2016-05-27 03:00:00,1,Beijing,XGBoost,25.5,25.460695,test
2016-05-27 03:00:00,2016-05-27 04:00:00,1,Beijing,XGBoost,26.083333,25.579836,test
2016-05-27 04:00:00,2016-05-27 05:00:00,1,Beijing,XGBoost,30.0,26.617083,test
2016-05-27 05:00:00,2016-05-27 06:00:00,1,Beijing,XGBoost,30.75,29.674244,test
2016-05-27 06:00:00,2016-05-27 07:00:00,1,Beijing,XGBoost,35.0,31.2418,test
2016-05-27 07:00:00,2016-05-27 08:00:00,1,Beijing,XGBoost,33.416667,36.810387,test
2016-05-27 08:00:00,2016-05-27 09:00:00,1,Beijing,XGBoost,41.75,35.52466,test
2016-05-27 09:00:00,2016-05-27 10:00:00,1,Beijing,XGBoost,52.5,45.487232,test
2016-05-27 10:00:00,2016-05-27 11:00:00,1,Beijing,XGBoost,61.333333,56.306675,test
2016-05-27 11:00:00,2016-05-27 12:00:00,1,Beijing,XGBoost,55.833333,64.33871,test
2016-05-27 12:00:00,2016-05-27 13:00:00,1,Beijing,XGBoost,52.763889,54.864388,test
2016-05-27 13:00:00,2016-05-27 14:00:00,1,Beijing,XGBoost,52.694444,50.730606,test
2016-05-27 14:00:00,2016-05-27 15:00:00,1,Beijing,XGBoost,49.75,51.325916,test
2016-05-27 15:00:00,2016-05-27 16:00:00,1,Beijing,XGBoost,61.472222,49.04609,test
2016-05-27 16:00:00,2016-05-27 17:00:00,1,Beijing,XGBoost,64.652778,60.363216,test
2016-05-27 17:00:00,2016-05-27 18:00:00,1,Beijing,XGBoost,59.833333,63.189747,test
2016-05-27 18:00:00,2016-05-27 19:00:00,1,Beijing,XGBoost,53.083333,57.978455,test
2016-05-27 19:00:00,2016-05-27 20:00:00,1,Beijing,XGBoost,71.0,53.162254,test
2016-05-27 20:00:00,2016-05-27 21:00:00,1,Beijing,XGBoost,74.416667,74.60916,test
2016-05-27 21:00:00,2016-05-27 22:00:00,1,Beijing,XGBoost,57.166667,78.987976,test
2016-05-27 22:00:00,2016-05-27 23:00:00,1,Beijing,XGBoost,44.75,54.48681,test
2016-05-27 23:00:00,2016-05-28 00:00:00,1,Beijing,XGBoost,41.0,40.24091,test
2016-05-28 00:00:00,2016-05-28 01:00:00,1,Beijing,XGBoost,36.833333,37.984962,test
2016-05-28 01:00:00,2016-05-28 02:00:00,1,Beijing,XGBoost,37.083333,37.011635,test
2016-05-28 02:00:00,2016-05-28 03:00:00,1,Beijing,XGBoost,36.083333,37.104214,test
2016-05-28 03:00:00,2016-05-28 04:00:00,1,Beijing,XGBoost,41.666667,36.47248,test
2016-05-28 04:00:00,2016-05-28 05:00:00,1,Beijing,XGBoost,44.916667,43.977554,test
2016-05-28 05:00:00,2016-05-28 06:00:00,1,Beijing,XGBoost,52.666667,47.895493,test
2016-05-28 06:00:00,2016-05-28 07:00:00,1,Beijing,XGBoost,53.083333,53.789364,test
2016-05-28 07:00:00,2016-05-28 08:00:00,1,Beijing,XGBoost,63.583333,56.08936,test
2016-05-28 08:00:00,2016-05-28 09:00:00,1,Beijing,XGBoost,65.083333,69.059715,test
2016-05-28 09:00:00,2016-05-28 10:00:00,1,Beijing,XGBoost,65.166667,70.36492,test
2016-05-28 10:00:00,2016-05-28 11:00:00,1,Beijing,XGBoost,62.0,65.37215,test
2016-05-28 11:00:00,2016-05-28 12:00:00,1,Beijing,XGBoost,52.708333,61.199226,test
2016-05-28 12:00:00,2016-05-28 13:00:00,1,Beijing,XGBoost,47.333333,50.192497,test
2016-05-28 13:00:00,2016-05-28 14:00:00,1,Beijing,XGBoost,47.166667,44.35407,test
2016-05-28 14:00:00,2016-05-28 15:00:00,1,Beijing,XGBoost,42.666667,47.31758,test
2016-05-28 15:00:00,2016-05-28 16:00:00,1,Beijing,XGBoost,42.166667,44.36521,test
2016-05-28 16:00:00,2016-05-28 17:00:00,1,Beijing,XGBoost,40.25,44.509796,test
2016-05-28 17:00:00,2016-05-28 18:00:00,1,Beijing,XGBoost,44.166667,42.481457,test
2016-05-28 18:00:00,2016-05-28 19:00:00,1,Beijing,XGBoost,45.416667,48.06735,test
2016-05-28 19:00:00,2016-05-28 20:00:00,1,Beijing,XGBoost,42.75,49.638275,test
2016-05-28 20:00:00,2016-05-28 21:00:00,1,Beijing,XGBoost,46.25,46.67514,test
2016-05-28 21:00:00,2016-05-28 22:00:00,1,Beijing,XGBoost,48.166667,48.72849,test
2016-05-28 22:00:00,2016-05-28 23:00:00,1,Beijing,XGBoost,50.75,50.288353,test
2016-05-28 23:00:00,2016-05-29 00:00:00,1,Beijing,XGBoost,51.833333,51.739037,test
2016-05-29 00:00:00,2016-05-29 01:00:00,1,Beijing,XGBoost,56.666667,54.02486,test
2016-05-29 01:00:00,2016-05-29 02:00:00,1,Beijing,XGBoost,60.583333,58.24478,test
2016-05-29 02:00:00,2016-05-29 03:00:00,1,Beijing,XGBoost,61.75,63.367348,test
2016-05-29 03:00:00,2016-05-29 04:00:00,1,Beijing,XGBoost,57.25,64.4276,test
2016-05-29 04:00:00,2016-05-29 05:00:00,1,Beijing,XGBoost,56.666667,58.299866,test
2016-05-29 05:00:00,2016-05-29 06:00:00,1,Beijing,XGBoost,54.166667,57.17012,test
2016-05-29 06:00:00,2016-05-29 07:00:00,1,Beijing,XGBoost,42.0,52.72361,test
2016-05-29 07:00:00,2016-05-29 08:00:00,1,Beijing,XGBoost,22.5,36.222004,test
2016-05-29 08:00:00,2016-05-29 09:00:00,1,Beijing,XGBoost,15.833333,16.759142,test
2016-05-29 09:00:00,2016-05-29 10:00:00,1,Beijing,XGBoost,10.333333,14.344166,test
2016-05-29 10:00:00,2016-05-29 11:00:00,1,Beijing,XGBoost,14.208333,10.190542,test
2016-05-29 11:00:00,2016-05-29 12:00:00,1,Beijing,XGBoost,11.583333,13.843219,test
2016-05-29 12:00:00,2016-05-29 13:00:00,1,Beijing,XGBoost,11.5,12.300199,test
2016-05-29 13:00:00,2016-05-29 14:00:00,1,Beijing,XGBoost,9.583333,12.186729,test
2016-05-29 14:00:00,2016-05-29 15:00:00,1,Beijing,XGBoost,17.666667,10.392384,test
2016-05-29 15:00:00,2016-05-29 16:00:00,1,Beijing,XGBoost,17.333333,19.56285,test
2016-05-29 16:00:00,2016-05-29 17:00:00,1,Beijing,XGBoost,19.083333,18.668509,test
2016-05-29 17:00:00,2016-05-29 18:00:00,1,Beijing,XGBoost,17.333333,20.422064,test
2016-05-29 18:00:00,2016-05-29 19:00:00,1,Beijing,XGBoost,19.666667,19.021235,test
2016-05-29 19:00:00,2016-05-29 20:00:00,1,Beijing,XGBoost,22.083333,22.241947,test
2016-05-29 20:00:00,2016-05-29 21:00:00,1,Beijing,XGBoost,25.666667,25.19931,test
2016-05-29 21:00:00,2016-05-29 22:00:00,1,Beijing,XGBoost,39.833333,28.3714,test
2016-05-29 22:00:00,2016-05-29 23:00:00,1,Beijing,XGBoost,49.833333,44.371902,test
2016-05-29 23:00:00,2016-05-30 00:00:00,1,Beijing,XGBoost,50.083333,53.852962,test
2016-05-30 00:00:00,2016-05-30 01:00:00,1,Beijing,XGBoost,51.5,50.993572,test
2016-05-30 01:00:00,2016-05-30 02:00:00,1,Beijing,XGBoost,54.083333,51.959316,test
2016-05-30 02:00:00,2016-05-30 03:00:00,1,Beijing,XGBoost,53.0,55.0128,test
2016-05-30 03:00:00,2016-05-30 04:00:00,1,Beijing,XGBoost,51.833333,54.554802,test
2016-05-30 04:00:00,2016-05-30 05:00:00,1,Beijing,XGBoost,46.583333,53.12558,test
2016-05-30 05:00:00,2016-05-30 06:00:00,1,Beijing,XGBoost,44.916667,47.69127,test
2016-05-30 06:00:00,2016-05-30 07:00:00,1,Beijing,XGBoost,47.166667,46.758717,test
2016-05-30 07:00:00,2016-05-30 08:00:00,1,Beijing,XGBoost,46.75,50.072926,test
2016-05-30 08:00:00,2016-05-30 09:00:00,1,Beijing,XGBoost,52.833333,48.505417,test
2016-05-30 09:00:00,2016-05-30 10:00:00,1,Beijing,XGBoost,59.833333,55.2895,test
2016-05-30 10:00:00,2016-05-30 11:00:00,1,Beijing,XGBoost,70.083333,62.215645,test
2016-05-30 11:00:00,2016-05-30 12:00:00,1,Beijing,XGBoost,77.583333,75.385765,test
2016-05-30 12:00:00,2016-05-30 13:00:00,1,Beijing,XGBoost,79.25,82.096,test
2016-05-30 13:00:00,2016-05-30 14:00:00,1,Beijing,XGBoost,85.416667,81.931046,test
2016-05-30 14:00:00,2016-05-30 15:00:00,1,Beijing,XGBoost,92.5,86.96623,test
2016-05-30 15:00:00,2016-05-30 16:00:00,1,Beijing,XGBoost,96.083333,94.80467,test
2016-05-30 16:00:00,2016-05-30 17:00:00,1,Beijing,XGBoost,107.833333,95.931366,test
2016-05-30 17:00:00,2016-05-30 18:00:00,1,Beijing,XGBoost,112.75,108.66971,test
2016-05-30 18:00:00,2016-05-30 19:00:00,1,Beijing,XGBoost,111.25,117.04948,test
2016-05-30 19:00:00,2016-05-30 20:00:00,1,Beijing,XGBoost,114.916667,111.98855,test
2016-05-30 20:00:00,2016-05-30 21:00:00,1,Beijing,XGBoost,122.666667,114.71132,test
2016-05-30 21:00:00,2016-05-30 22:00:00,1,Beijing,XGBoost,120.5,125.30839,test
2016-05-30 22:00:00,2016-05-30 23:00:00,1,Beijing,XGBoost,110.25,122.39188,test
2016-05-30 23:00:00,2016-05-31 00:00:00,1,Beijing,XGBoost,102.0,104.69138,test
2016-05-31 00:00:00,2016-05-31 01:00:00,1,Beijing,XGBoost,89.75,97.7543,test
2016-05-31 01:00:00,2016-05-31 02:00:00,1,Beijing,XGBoost,82.833333,84.75114,test
2016-05-31 02:00:00,2016-05-31 03:00:00,1,Beijing,XGBoost,77.666667,77.085846,test
2016-05-31 03:00:00,2016-05-31 04:00:00,1,Beijing,XGBoost,78.583333,76.40077,test
2016-05-31 04:00:00,2016-05-31 05:00:00,1,Beijing,XGBoost,82.333333,77.06098,test
2016-05-31 05:00:00,2016-05-31 06:00:00,1,Beijing,XGBoost,91.416667,81.20316,test
2016-05-31 06:00:00,2016-05-31 07:00:00,1,Beijing,XGBoost,96.75,91.20036,test
2016-05-31 07:00:00,2016-05-31 08:00:00,1,Beijing,XGBoost,63.083333,95.984764,test
2016-05-31 08:00:00,2016-05-31 09:00:00,1,Beijing,XGBoost,45.416667,50.080154,test
2016-05-31 09:00:00,2016-05-31 10:00:00,1,Beijing,XGBoost,36.666667,37.646355,test
2016-05-31 10:00:00,2016-05-31 11:00:00,1,Beijing,XGBoost,36.833333,30.966536,test
2016-05-31 11:00:00,2016-05-31 12:00:00,1,Beijing,XGBoost,35.25,35.92647,test
2016-05-31 12:00:00,2016-05-31 13:00:00,1,Beijing,XGBoost,34.5,34.332733,test
2016-05-31 13:00:00,2016-05-31 14:00:00,1,Beijing,XGBoost,31.027778,35.075226,test
2016-05-31 14:00:00,2016-05-31 15:00:00,1,Beijing,XGBoost,33.659722,31.729143,test
2016-05-31 15:00:00,2016-05-31 16:00:00,1,Beijing,XGBoost,32.875,34.54815,test
2016-05-31 16:00:00,2016-05-31 17:00:00,1,Beijing,XGBoost,30.729167,35.304832,test
2016-05-31 17:00:00,2016-05-31 18:00:00,1,Beijing,XGBoost,31.041667,32.18523,test
2016-05-31 18:00:00,2016-05-31 19:00:00,1,Beijing,XGBoost,28.416667,33.837658,test
2016-05-31 19:00:00,2016-05-31 20:00:00,1,Beijing,XGBoost,31.125,32.049137,test
2016-05-31 20:00:00,2016-05-31 21:00:00,1,Beijing,XGBoost,33.388889,35.56149,test
2016-05-31 21:00:00,2016-05-31 22:00:00,1,Beijing,XGBoost,37.327778,37.62493,test
2016-05-31 22:00:00,2016-05-31 23:00:00,1,Beijing,XGBoost,37.1,39.56148,test
2016-05-31 23:00:00,2016-06-01 00:00:00,1,Beijing,XGBoost,34.205556,38.74084,test
2016-06-01 00:00:00,2016-06-01 01:00:00,1,Beijing,XGBoost,27.227778,33.35732,test
2016-06-01 01:00:00,2016-06-01 02:00:00,1,Beijing,XGBoost,26.25,24.636488,test
2016-06-01 02:00:00,2016-06-01 03:00:00,1,Beijing,XGBoost,24.583333,25.69101,test
2016-06-01 03:00:00,2016-06-01 04:00:00,1,Beijing,XGBoost,26.083333,24.628363,test
2016-06-01 04:00:00,2016-06-01 05:00:00,1,Beijing,XGBoost,25.0,26.24848,test
2016-06-01 05:00:00,2016-06-01 06:00:00,1,Beijing,XGBoost,24.583333,24.629597,test
2016-06-01 06:00:00,2016-06-01 07:00:00,1,Beijing,XGBoost,27.916667,24.192263,test
2016-06-01 07:00:00,2016-06-01 08:00:00,1,Beijing,XGBoost,31.333333,28.360394,test
2016-06-01 08:00:00,2016-06-01 09:00:00,1,Beijing,XGBoost,38.916667,32.789654,test
2016-06-01 09:00:00,2016-06-01 10:00:00,1,Beijing,XGBoost,37.583333,42.34984,test
2016-06-01 10:00:00,2016-06-01 11:00:00,1,Beijing,XGBoost,37.583333,38.4163,test
2016-06-01 11:00:00,2016-06-01 12:00:00,1,Beijing,XGBoost,41.333333,37.25248,test
2016-06-01 12:00:00,2016-06-01 13:00:00,1,Beijing,XGBoost,37.166667,42.43639,test
2016-06-01 13:00:00,2016-06-01 14:00:00,1,Beijing,XGBoost,34.833333,36.70314,test
2016-06-01 14:00:00,2016-06-01 15:00:00,1,Beijing,XGBoost,36.583333,33.388668,test
2016-06-01 15:00:00,2016-06-01 16:00:00,1,Beijing,XGBoost,39.166667,37.29293,test
2016-06-01 16:00:00,2016-06-01 17:00:00,1,Beijing,XGBoost,35.833333,40.689426,test
2016-06-01 17:00:00,2016-06-01 18:00:00,1,Beijing,XGBoost,47.166667,36.20467,test
2016-06-01 18:00:00,2016-06-01 19:00:00,1,Beijing,XGBoost,43.0,49.585636,test
2016-06-01 19:00:00,2016-06-01 20:00:00,1,Beijing,XGBoost,41.0,47.268776,test
2016-06-01 20:00:00,2016-06-01 21:00:00,1,Beijing,XGBoost,41.25,42.129585,test
2016-06-01 21:00:00,2016-06-01 22:00:00,1,Beijing,XGBoost,43.333333,42.79989,test
2016-06-01 22:00:00,2016-06-01 23:00:00,1,Beijing,XGBoost,44.25,44.494198,test
2016-06-01 23:00:00,2016-06-02 00:00:00,1,Beijing,XGBoost,44.333333,45.99693,test
2016-06-02 00:00:00,2016-06-02 01:00:00,1,Beijing,XGBoost,42.25,45.896557,test
2016-06-02 01:00:00,2016-06-02 02:00:00,1,Beijing,XGBoost,42.0,42.77541,test
2016-06-02 02:00:00,2016-06-02 03:00:00,1,Beijing,XGBoost,40.833333,42.706398,test
2016-06-02 03:00:00,2016-06-02 04:00:00,1,Beijing,XGBoost,39.083333,40.612164,test
2016-06-02 04:00:00,2016-06-02 05:00:00,1,Beijing,XGBoost,41.166667,39.63136,test
2016-06-02 05:00:00,2016-06-02 06:00:00,1,Beijing,XGBoost,45.416667,40.44145,test
2016-06-02 06:00:00,2016-06-02 07:00:00,1,Beijing,XGBoost,50.5,46.103012,test
2016-06-02 07:00:00,2016-06-02 08:00:00,1,Beijing,XGBoost,54.416667,51.114216,test
2016-06-02 08:00:00,2016-06-02 09:00:00,1,Beijing,XGBoost,69.083333,57.246433,test
2016-06-02 09:00:00,2016-06-02 10:00:00,1,Beijing,XGBoost,74.333333,73.86493,test
2016-06-02 10:00:00,2016-06-02 11:00:00,1,Beijing,XGBoost,78.375,80.0994,test
2016-06-02 11:00:00,2016-06-02 12:00:00,1,Beijing,XGBoost,79.0,75.07684,test
2016-06-02 12:00:00,2016-06-02 13:00:00,1,Beijing,XGBoost,60.361111,75.22124,test
2016-06-02 13:00:00,2016-06-02 14:00:00,1,Beijing,XGBoost,55.430556,54.57102,test
2016-06-02 14:00:00,2016-06-02 15:00:00,1,Beijing,XGBoost,50.916667,46.599377,test
2016-06-02 15:00:00,2016-06-02 16:00:00,1,Beijing,XGBoost,44.166667,45.33573,test
2016-06-02 16:00:00,2016-06-02 17:00:00,1,Beijing,XGBoost,47.25,42.697052,test
2016-06-02 17:00:00,2016-06-02 18:00:00,1,Beijing,XGBoost,47.583333,47.750008,test
2016-06-02 18:00:00,2016-06-02 19:00:00,1,Beijing,XGBoost,46.833333,49.679817,test
2016-06-02 19:00:00,2016-06-02 20:00:00,1,Beijing,XGBoost,41.5,49.33206,test
2016-06-02 20:00:00,2016-06-02 21:00:00,1,Beijing,XGBoost,40.833333,45.025127,test
2016-06-02 21:00:00,2016-06-02 22:00:00,1,Beijing,XGBoost,47.583333,43.252834,test
2016-06-02 22:00:00,2016-06-02 23:00:00,1,Beijing,XGBoost,51.75,48.692295,test
2016-06-02 23:00:00,2016-06-03 00:00:00,1,Beijing,XGBoost,55.666667,53.32611,test
2016-06-03 00:00:00,2016-06-03 01:00:00,1,Beijing,XGBoost,55.166667,57.450523,test
2016-06-03 01:00:00,2016-06-03 02:00:00,1,Beijing,XGBoost,54.0,55.87921,test
2016-06-03 02:00:00,2016-06-03 03:00:00,1,Beijing,XGBoost,55.833333,54.593117,test
2016-06-03 03:00:00,2016-06-03 04:00:00,1,Beijing,XGBoost,57.083333,56.535435,test
2016-06-03 04:00:00,2016-06-03 05:00:00,1,Beijing,XGBoost,58.166667,58.44696,test
2016-06-03 05:00:00,2016-06-03 06:00:00,1,Beijing,XGBoost,59.166667,59.819515,test
2016-06-03 06:00:00,2016-06-03 07:00:00,1,Beijing,XGBoost,64.833333,60.618122,test
2016-06-03 07:00:00,2016-06-03 08:00:00,1,Beijing,XGBoost,70.75,66.30656,test
2016-06-03 08:00:00,2016-06-03 09:00:00,1,Beijing,XGBoost,76.583333,74.02438,test
2016-06-03 09:00:00,2016-06-03 10:00:00,1,Beijing,XGBoost,88.166667,80.369995,test
2016-06-03 10:00:00,2016-06-03 11:00:00,1,Beijing,XGBoost,90.416667,91.858734,test
2016-06-03 11:00:00,2016-06-03 12:00:00,1,Beijing,XGBoost,92.666667,91.28636,test
2016-06-03 12:00:00,2016-06-03 13:00:00,1,Beijing,XGBoost,95.944444,93.45083,test
2016-06-03 13:00:00,2016-06-03 14:00:00,1,Beijing,XGBoost,93.805556,98.02619,test
2016-06-03 14:00:00,2016-06-03 15:00:00,1,Beijing,XGBoost,90.666667,95.40092,test
2016-06-03 15:00:00,2016-06-03 16:00:00,1,Beijing,XGBoost,86.5,91.59092,test
2016-06-03 16:00:00,2016-06-03 17:00:00,1,Beijing,XGBoost,73.083333,84.851295,test
2016-06-03 17:00:00,2016-06-03 18:00:00,1,Beijing,XGBoost,72.583333,68.48684,test
2016-06-03 18:00:00,2016-06-03 19:00:00,1,Beijing,XGBoost,78.166667,68.40502,test
2016-06-03 19:00:00,2016-06-03 20:00:00,1,Beijing,XGBoost,89.583333,80.27313,test
2016-06-03 20:00:00,2016-06-03 21:00:00,1,Beijing,XGBoost,106.416667,92.05035,test
2016-06-03 21:00:00,2016-06-03 22:00:00,1,Beijing,XGBoost,108.583333,110.10322,test
2016-06-03 22:00:00,2016-06-03 23:00:00,1,Beijing,XGBoost,101.166667,112.65069,test
2016-06-03 23:00:00,2016-06-04 00:00:00,1,Beijing,XGBoost,92.75,99.87447,test
2016-06-04 00:00:00,2016-06-04 01:00:00,1,Beijing,XGBoost,85.0,86.29006,test
2016-06-04 01:00:00,2016-06-04 02:00:00,1,Beijing,XGBoost,85.25,76.148544,test
2016-06-04 02:00:00,2016-06-04 03:00:00,1,Beijing,XGBoost,78.583333,82.33738,test
2016-06-04 03:00:00,2016-06-04 04:00:00,1,Beijing,XGBoost,74.583333,76.260124,test
2016-06-04 04:00:00,2016-06-04 05:00:00,1,Beijing,XGBoost,78.333333,72.198105,test
2016-06-04 05:00:00,2016-06-04 06:00:00,1,Beijing,XGBoost,82.25,79.39761,test
2016-06-04 06:00:00,2016-06-04 07:00:00,1,Beijing,XGBoost,85.166667,84.47303,test
2016-06-04 07:00:00,2016-06-04 08:00:00,1,Beijing,XGBoost,91.166667,88.747795,test
2016-06-04 08:00:00,2016-06-04 09:00:00,1,Beijing,XGBoost,101.0,96.70487,test
2016-06-04 09:00:00,2016-06-04 10:00:00,1,Beijing,XGBoost,111.545455,105.92817,test
2016-06-04 10:00:00,2016-06-04 11:00:00,1,Beijing,XGBoost,119.0,116.981026,test
2016-06-04 11:00:00,2016-06-04 12:00:00,1,Beijing,XGBoost,126.272727,119.39505,test
2016-06-04 12:00:00,2016-06-04 13:00:00,1,Beijing,XGBoost,114.090909,117.40469,test
2016-06-04 13:00:00,2016-06-04 14:00:00,1,Beijing,XGBoost,101.363636,103.87254,test
2016-06-04 14:00:00,2016-06-04 15:00:00,1,Beijing,XGBoost,89.727273,86.366356,test
2016-06-04 15:00:00,2016-06-04 16:00:00,1,Beijing,XGBoost,76.454545,77.61753,test
2016-06-04 16:00:00,2016-06-04 17:00:00,1,Beijing,XGBoost,69.090909,67.21348,test
2016-06-04 17:00:00,2016-06-04 18:00:00,1,Beijing,XGBoost,69.727273,62.300873,test
2016-06-04 18:00:00,2016-06-04 19:00:00,1,Beijing,XGBoost,72.181818,68.6943,test
2016-06-04 19:00:00,2016-06-04 20:00:00,1,Beijing,XGBoost,70.181818,72.04025,test
2016-06-04 20:00:00,2016-06-04 21:00:00,1,Beijing,XGBoost,72.909091,70.21092,test
2016-06-04 21:00:00,2016-06-04 22:00:00,1,Beijing,XGBoost,83.636364,75.28456,test
2016-06-04 22:00:00,2016-06-04 23:00:00,1,Beijing,XGBoost,78.909091,86.94836,test
2016-06-04 23:00:00,2016-06-05 00:00:00,1,Beijing,XGBoost,80.272727,80.27278,test
2016-06-05 00:00:00,2016-06-05 01:00:00,1,Beijing,XGBoost,86.363636,78.585144,test
2016-06-05 01:00:00,2016-06-05 02:00:00,1,Beijing,XGBoost,93.636364,89.06712,test
2016-06-05 02:00:00,2016-06-05 03:00:00,1,Beijing,XGBoost,95.545455,98.04898,test
2016-06-05 03:00:00,2016-06-05 04:00:00,1,Beijing,XGBoost,85.909091,97.538185,test
2016-06-05 04:00:00,2016-06-05 05:00:00,1,Beijing,XGBoost,75.363636,87.02418,test
2016-06-05 05:00:00,2016-06-05 06:00:00,1,Beijing,XGBoost,68.909091,70.91446,test
2016-06-05 06:00:00,2016-06-05 07:00:00,1,Beijing,XGBoost,67.727273,63.578236,test
2016-06-05 07:00:00,2016-06-05 08:00:00,1,Beijing,XGBoost,67.454545,67.42347,test
2016-06-05 08:00:00,2016-06-05 09:00:00,1,Beijing,XGBoost,68.636364,69.81566,test
2016-06-05 09:00:00,2016-06-05 10:00:00,1,Beijing,XGBoost,71.0,69.09725,test
2016-06-05 10:00:00,2016-06-05 11:00:00,1,Beijing,XGBoost,72.636364,72.61486,test
2016-06-05 11:00:00,2016-06-05 12:00:00,1,Beijing,XGBoost,79.272727,73.253944,test
2016-06-05 12:00:00,2016-06-05 13:00:00,1,Beijing,XGBoost,91.363636,82.066345,test
2016-06-05 13:00:00,2016-06-05 14:00:00,1,Beijing,XGBoost,96.818182,93.96497,test
2016-06-05 14:00:00,2016-06-05 15:00:00,1,Beijing,XGBoost,94.909091,98.65774,test
2016-06-05 15:00:00,2016-06-05 16:00:00,1,Beijing,XGBoost,86.818182,92.33115,test
2016-06-05 16:00:00,2016-06-05 17:00:00,1,Beijing,XGBoost,80.818182,82.35068,test
2016-06-05 17:00:00,2016-06-05 18:00:00,1,Beijing,XGBoost,77.090909,73.94019,test
2016-06-05 18:00:00,2016-06-05 19:00:00,1,Beijing,XGBoost,74.181818,72.956024,test
2016-06-05 19:00:00,2016-06-05 20:00:00,1,Beijing,XGBoost,68.909091,73.61557,test
2016-06-05 20:00:00,2016-06-05 21:00:00,1,Beijing,XGBoost,50.454545,64.166245,test
2016-06-05 21:00:00,2016-06-05 22:00:00,1,Beijing,XGBoost,44.636364,43.70351,test
2016-06-05 22:00:00,2016-06-05 23:00:00,1,Beijing,XGBoost,40.818182,39.77792,test
2016-06-05 23:00:00,2016-06-06 00:00:00,1,Beijing,XGBoost,39.454545,38.719463,test
2016-06-06 00:00:00,2016-06-06 01:00:00,1,Beijing,XGBoost,42.545455,40.673504,test
2016-06-06 01:00:00,2016-06-06 02:00:00,1,Beijing,XGBoost,48.090909,42.99389,test
2016-06-06 02:00:00,2016-06-06 03:00:00,1,Beijing,XGBoost,46.636364,48.697216,test
2016-06-06 03:00:00,2016-06-06 04:00:00,1,Beijing,XGBoost,49.909091,47.580994,test
2016-06-06 04:00:00,2016-06-06 05:00:00,1,Beijing,XGBoost,53.454545,50.839287,test
2016-06-06 05:00:00,2016-06-06 06:00:00,1,Beijing,XGBoost,61.181818,54.736286,test
2016-06-06 06:00:00,2016-06-06 07:00:00,1,Beijing,XGBoost,65.545455,62.490677,test
2016-06-06 07:00:00,2016-06-06 08:00:00,1,Beijing,XGBoost,69.454545,70.10667,test
2016-06-06 08:00:00,2016-06-06 09:00:00,1,Beijing,XGBoost,75.818182,73.06653,test
2016-06-06 09:00:00,2016-06-06 10:00:00,1,Beijing,XGBoost,78.272727,78.66606,test
2016-06-06 10:00:00,2016-06-06 11:00:00,1,Beijing,XGBoost,83.272727,81.38648,test
2016-06-06 11:00:00,2016-06-06 12:00:00,1,Beijing,XGBoost,92.636364,84.12133,test
2016-06-06 12:00:00,2016-06-06 13:00:00,1,Beijing,XGBoost,103.090909,91.93387,test
2016-06-06 13:00:00,2016-06-06 14:00:00,1,Beijing,XGBoost,110.636364,104.50046,test
2016-06-06 14:00:00,2016-06-06 15:00:00,1,Beijing,XGBoost,114.545455,111.00702,test
2016-06-06 15:00:00,2016-06-06 16:00:00,1,Beijing,XGBoost,117.727273,111.5236,test
2016-06-06 16:00:00,2016-06-06 17:00:00,1,Beijing,XGBoost,117.818182,115.73154,test
2016-06-06 17:00:00,2016-06-06 18:00:00,1,Beijing,XGBoost,123.181818,116.95342,test
2016-06-06 18:00:00,2016-06-06 19:00:00,1,Beijing,XGBoost,123.045455,125.379776,test
2016-06-06 19:00:00,2016-06-06 20:00:00,1,Beijing,XGBoost,125.833333,124.8868,test
2016-06-06 20:00:00,2016-06-06 21:00:00,1,Beijing,XGBoost,122.0,126.87324,test
2016-06-06 21:00:00,2016-06-06 22:00:00,1,Beijing,XGBoost,93.666667,114.97512,test
2016-06-06 22:00:00,2016-06-06 23:00:00,1,Beijing,XGBoost,69.0,67.23876,test
2016-06-06 23:00:00,2016-06-07 00:00:00,1,Beijing,XGBoost,52.666667,41.84035,test
2016-06-07 00:00:00,2016-06-07 01:00:00,1,Beijing,XGBoost,50.333333,37.98974,test
2016-06-07 01:00:00,2016-06-07 02:00:00,1,Beijing,XGBoost,54.75,45.225487,test
2016-06-07 02:00:00,2016-06-07 03:00:00,1,Beijing,XGBoost,56.083333,55.15364,test
2016-06-07 03:00:00,2016-06-07 04:00:00,1,Beijing,XGBoost,59.333333,55.416153,test
2016-06-07 04:00:00,2016-06-07 05:00:00,1,Beijing,XGBoost,59.833333,60.869682,test
2016-06-07 05:00:00,2016-06-07 06:00:00,1,Beijing,XGBoost,58.583333,60.654236,test
2016-06-07 06:00:00,2016-06-07 07:00:00,1,Beijing,XGBoost,53.416667,59.525654,test
2016-06-07 07:00:00,2016-06-07 08:00:00,1,Beijing,XGBoost,45.583333,53.998013,test
2016-06-07 08:00:00,2016-06-07 09:00:00,1,Beijing,XGBoost,41.166667,44.2629,test
2016-06-07 09:00:00,2016-06-07 10:00:00,1,Beijing,XGBoost,40.666667,40.73112,test
2016-06-07 10:00:00,2016-06-07 11:00:00,1,Beijing,XGBoost,41.916667,40.737904,test
2016-06-07 11:00:00,2016-06-07 12:00:00,1,Beijing,XGBoost,45.0,41.60351,test
2016-06-07 12:00:00,2016-06-07 13:00:00,1,Beijing,XGBoost,46.916667,45.429657,test
2016-06-07 13:00:00,2016-06-07 14:00:00,1,Beijing,XGBoost,56.333333,47.6914,test
2016-06-07 14:00:00,2016-06-07 15:00:00,1,Beijing,XGBoost,61.0,57.17069,test
2016-06-07 15:00:00,2016-06-07 16:00:00,1,Beijing,XGBoost,61.75,62.59254,test
2016-06-07 16:00:00,2016-06-07 17:00:00,1,Beijing,XGBoost,62.333333,62.220474,test
2016-06-07 17:00:00,2016-06-07 18:00:00,1,Beijing,XGBoost,61.833333,62.22009,test
2016-06-07 18:00:00,2016-06-07 19:00:00,1,Beijing,XGBoost,57.583333,62.603386,test
2016-06-07 19:00:00,2016-06-07 20:00:00,1,Beijing,XGBoost,61.916667,58.21482,test
2016-06-07 20:00:00,2016-06-07 21:00:00,1,Beijing,XGBoost,66.333333,65.418495,test
2016-06-07 21:00:00,2016-06-07 22:00:00,1,Beijing,XGBoost,77.166667,68.2296,test
2016-06-07 22:00:00,2016-06-07 23:00:00,1,Beijing,XGBoost,83.333333,80.00762,test
2016-06-07 23:00:00,2016-06-08 00:00:00,1,Beijing,XGBoost,86.666667,85.85508,test
2016-06-08 00:00:00,2016-06-08 01:00:00,1,Beijing,XGBoost,86.083333,89.305824,test
2016-06-08 01:00:00,2016-06-08 02:00:00,1,Beijing,XGBoost,83.416667,88.20813,test
2016-06-08 02:00:00,2016-06-08 03:00:00,1,Beijing,XGBoost,88.583333,82.73832,test
2016-06-08 03:00:00,2016-06-08 04:00:00,1,Beijing,XGBoost,98.166667,88.591805,test
2016-06-08 04:00:00,2016-06-08 05:00:00,1,Beijing,XGBoost,100.75,100.8993,test
2016-06-08 05:00:00,2016-06-08 06:00:00,1,Beijing,XGBoost,103.583333,104.47254,test
2016-06-08 06:00:00,2016-06-08 07:00:00,1,Beijing,XGBoost,111.166667,105.764496,test
2016-06-08 07:00:00,2016-06-08 08:00:00,1,Beijing,XGBoost,117.666667,114.84355,test
2016-06-08 08:00:00,2016-06-08 09:00:00,1,Beijing,XGBoost,129.916667,122.99008,test
2016-06-08 09:00:00,2016-06-08 10:00:00,1,Beijing,XGBoost,134.083333,135.89995,test
2016-06-08 10:00:00,2016-06-08 11:00:00,1,Beijing,XGBoost,125.333333,140.74863,test
2016-06-08 11:00:00,2016-06-08 12:00:00,1,Beijing,XGBoost,119.333333,125.8567,test
2016-06-08 12:00:00,2016-06-08 13:00:00,1,Beijing,XGBoost,113.416667,112.22721,test
2016-06-08 13:00:00,2016-06-08 14:00:00,1,Beijing,XGBoost,107.833333,107.46666,test
2016-06-08 14:00:00,2016-06-08 15:00:00,1,Beijing,XGBoost,102.138889,101.27945,test
2016-06-08 15:00:00,2016-06-08 16:00:00,1,Beijing,XGBoost,110.861111,93.86717,test
2016-06-08 16:00:00,2016-06-08 17:00:00,1,Beijing,XGBoost,103.083333,107.36661,test
2016-06-08 17:00:00,2016-06-08 18:00:00,1,Beijing,XGBoost,113.75,101.3038,test
2016-06-08 18:00:00,2016-06-08 19:00:00,1,Beijing,XGBoost,115.25,112.07708,test
2016-06-08 19:00:00,2016-06-08 20:00:00,1,Beijing,XGBoost,154.166667,115.988144,test
2016-06-08 20:00:00,2016-06-08 21:00:00,1,Beijing,XGBoost,183.416667,158.62283,test
2016-06-08 21:00:00,2016-06-08 22:00:00,1,Beijing,XGBoost,182.666667,192.49202,test
2016-06-08 22:00:00,2016-06-08 23:00:00,1,Beijing,XGBoost,178.916667,193.96007,test
2016-06-08 23:00:00,2016-06-09 00:00:00,1,Beijing,XGBoost,178.166667,167.88043,test
2016-06-09 00:00:00,2016-06-09 01:00:00,1,Beijing,XGBoost,177.0,169.34033,test
2016-06-09 01:00:00,2016-06-09 02:00:00,1,Beijing,XGBoost,158.916667,174.88928,test
2016-06-09 02:00:00,2016-06-09 03:00:00,1,Beijing,XGBoost,153.333333,150.19695,test
2016-06-09 03:00:00,2016-06-09 04:00:00,1,Beijing,XGBoost,145.583333,145.1422,test
2016-06-09 04:00:00,2016-06-09 05:00:00,1,Beijing,XGBoost,142.5,141.17686,test
2016-06-09 05:00:00,2016-06-09 06:00:00,1,Beijing,XGBoost,142.083333,136.35042,test
2016-06-09 06:00:00,2016-06-09 07:00:00,1,Beijing,XGBoost,142.333333,139.76994,test
2016-06-09 07:00:00,2016-06-09 08:00:00,1,Beijing,XGBoost,150.166667,140.73589,test
2016-06-09 08:00:00,2016-06-09 09:00:00,1,Beijing,XGBoost,161.416667,153.1022,test
2016-06-09 09:00:00,2016-06-09 10:00:00,1,Beijing,XGBoost,165.5,168.75581,test
2016-06-09 10:00:00,2016-06-09 11:00:00,1,Beijing,XGBoost,172.083333,166.61455,test
2016-06-09 11:00:00,2016-06-09 12:00:00,1,Beijing,XGBoost,162.916667,170.08386,test
2016-06-09 12:00:00,2016-06-09 13:00:00,1,Beijing,XGBoost,128.0,149.49788,test
2016-06-09 13:00:00,2016-06-09 14:00:00,1,Beijing,XGBoost,106.083333,79.49558,test
2016-06-09 14:00:00,2016-06-09 15:00:00,1,Beijing,XGBoost,75.833333,72.40884,test
2016-06-09 15:00:00,2016-06-09 16:00:00,1,Beijing,XGBoost,68.916667,58.720493,test
2016-06-09 16:00:00,2016-06-09 17:00:00,1,Beijing,XGBoost,59.083333,53.82793,test
2016-06-09 17:00:00,2016-06-09 18:00:00,1,Beijing,XGBoost,54.833333,52.97565,test
2016-06-09 18:00:00,2016-06-09 19:00:00,1,Beijing,XGBoost,52.583333,50.27705,test
2016-06-09 19:00:00,2016-06-09 20:00:00,1,Beijing,XGBoost,47.083333,52.491543,test
2016-06-09 20:00:00,2016-06-09 21:00:00,1,Beijing,XGBoost,47.333333,47.172836,test
2016-06-09 21:00:00,2016-06-09 22:00:00,1,Beijing,XGBoost,52.416667,45.41995,test
2016-06-09 22:00:00,2016-06-09 23:00:00,1,Beijing,XGBoost,57.166667,49.674896,test
2016-06-09 23:00:00,2016-06-10 00:00:00,1,Beijing,XGBoost,57.916667,53.917736,test
2016-06-10 00:00:00,2016-06-10 01:00:00,1,Beijing,XGBoost,58.916667,55.88673,test
2016-06-10 01:00:00,2016-06-10 02:00:00,1,Beijing,XGBoost,57.916667,58.069637,test
2016-06-10 02:00:00,2016-06-10 03:00:00,1,Beijing,XGBoost,57.666667,57.913666,test
2016-06-10 03:00:00,2016-06-10 04:00:00,1,Beijing,XGBoost,59.0,57.851967,test
2016-06-10 04:00:00,2016-06-10 05:00:00,1,Beijing,XGBoost,55.333333,60.396507,test
2016-06-10 05:00:00,2016-06-10 06:00:00,1,Beijing,XGBoost,50.083333,56.171734,test
2016-06-10 06:00:00,2016-06-10 07:00:00,1,Beijing,XGBoost,48.083333,50.429707,test
2016-06-10 07:00:00,2016-06-10 08:00:00,1,Beijing,XGBoost,50.25,48.782154,test
2016-06-10 08:00:00,2016-06-10 09:00:00,1,Beijing,XGBoost,52.666667,52.024246,test
2016-06-10 09:00:00,2016-06-10 10:00:00,1,Beijing,XGBoost,54.0,56.269356,test
2016-06-10 10:00:00,2016-06-10 11:00:00,1,Beijing,XGBoost,64.166667,56.57432,test
2016-06-10 11:00:00,2016-06-10 12:00:00,1,Beijing,XGBoost,73.083333,67.31724,test
2016-06-10 12:00:00,2016-06-10 13:00:00,1,Beijing,XGBoost,90.166667,79.327545,test
2016-06-10 13:00:00,2016-06-10 14:00:00,1,Beijing,XGBoost,99.75,94.048325,test
2016-06-10 14:00:00,2016-06-10 15:00:00,1,Beijing,XGBoost,101.25,104.532616,test
2016-06-10 15:00:00,2016-06-10 16:00:00,1,Beijing,XGBoost,96.083333,102.557396,test
2016-06-10 16:00:00,2016-06-10 17:00:00,1,Beijing,XGBoost,67.041667,81.50741,test
2016-06-10 17:00:00,2016-06-10 18:00:00,1,Beijing,XGBoost,39.083333,58.65225,test
2016-06-10 18:00:00,2016-06-10 19:00:00,1,Beijing,XGBoost,17.45,31.281,test
2016-06-10 19:00:00,2016-06-10 20:00:00,1,Beijing,XGBoost,10.316667,16.097258,test
2016-06-10 20:00:00,2016-06-10 21:00:00,1,Beijing,XGBoost,8.766667,12.812303,test
2016-06-10 21:00:00,2016-06-10 22:00:00,1,Beijing,XGBoost,8.425,11.250079,test
2016-06-10 22:00:00,2016-06-10 23:00:00,1,Beijing,XGBoost,9.583333,9.253721,test
2016-06-10 23:00:00,2016-06-11 00:00:00,1,Beijing,XGBoost,11.166667,9.883684,test
2016-06-11 00:00:00,2016-06-11 01:00:00,1,Beijing,XGBoost,9.75,9.875166,test
2016-06-11 01:00:00,2016-06-11 02:00:00,1,Beijing,XGBoost,10.333333,9.193482,test
2016-06-11 02:00:00,2016-06-11 03:00:00,1,Beijing,XGBoost,7.0,9.79456,test
2016-06-11 03:00:00,2016-06-11 04:00:00,1,Beijing,XGBoost,4.75,8.170961,test
2016-06-11 04:00:00,2016-06-11 05:00:00,1,Beijing,XGBoost,5.5,7.1370606,test
2016-06-11 05:00:00,2016-06-11 06:00:00,1,Beijing,XGBoost,5.166667,6.979132,test
2016-06-11 06:00:00,2016-06-11 07:00:00,1,Beijing,XGBoost,9.083333,6.673231,test
2016-06-11 07:00:00,2016-06-11 08:00:00,1,Beijing,XGBoost,9.333333,8.725775,test
2016-06-11 08:00:00,2016-06-11 09:00:00,1,Beijing,XGBoost,9.75,9.272462,test
2016-06-11 09:00:00,2016-06-11 10:00:00,1,Beijing,XGBoost,8.166667,9.294752,test
2016-06-11 10:00:00,2016-06-11 11:00:00,1,Beijing,XGBoost,7.916667,8.176871,test
2016-06-11 11:00:00,2016-06-11 12:00:00,1,Beijing,XGBoost,6.916667,8.445976,test
2016-06-11 12:00:00,2016-06-11 13:00:00,1,Beijing,XGBoost,7.916667,7.143359,test
2016-06-11 13:00:00,2016-06-11 14:00:00,1,Beijing,XGBoost,7.583333,8.422518,test
2016-06-11 14:00:00,2016-06-11 15:00:00,1,Beijing,XGBoost,8.083333,7.6664343,test
2016-06-11 15:00:00,2016-06-11 16:00:00,1,Beijing,XGBoost,6.416667,8.155073,test
2016-06-11 16:00:00,2016-06-11 17:00:00,1,Beijing,XGBoost,9.083333,7.3859706,test
2016-06-11 17:00:00,2016-06-11 18:00:00,1,Beijing,XGBoost,7.166667,9.442603,test
2016-06-11 18:00:00,2016-06-11 19:00:00,1,Beijing,XGBoost,8.666667,8.437998,test
2016-06-11 19:00:00,2016-06-11 20:00:00,1,Beijing,XGBoost,10.916667,10.290221,test
2016-06-11 20:00:00,2016-06-11 21:00:00,1,Beijing,XGBoost,14.5,11.8472185,test
2016-06-11 21:00:00,2016-06-11 22:00:00,1,Beijing,XGBoost,20.25,15.799592,test
2016-06-11 22:00:00,2016-06-11 23:00:00,1,Beijing,XGBoost,22.0,22.086815,test
2016-06-11 23:00:00,2016-06-12 00:00:00,1,Beijing,XGBoost,27.0,23.696548,test
2016-06-12 00:00:00,2016-06-12 01:00:00,1,Beijing,XGBoost,31.166667,27.81882,test
2016-06-12 01:00:00,2016-06-12 02:00:00,1,Beijing,XGBoost,49.5,32.211216,test
2016-06-12 02:00:00,2016-06-12 03:00:00,1,Beijing,XGBoost,68.666667,51.580685,test
2016-06-12 03:00:00,2016-06-12 04:00:00,1,Beijing,XGBoost,74.583333,71.50849,test
2016-06-12 04:00:00,2016-06-12 05:00:00,1,Beijing,XGBoost,77.333333,78.37616,test
2016-06-12 05:00:00,2016-06-12 06:00:00,1,Beijing,XGBoost,78.833333,79.171,test
2016-06-12 06:00:00,2016-06-12 07:00:00,1,Beijing,XGBoost,80.083333,79.37677,test
2016-06-12 07:00:00,2016-06-12 08:00:00,1,Beijing,XGBoost,83.583333,81.96609,test
2016-06-12 08:00:00,2016-06-12 09:00:00,1,Beijing,XGBoost,91.416667,86.35567,test
2016-06-12 09:00:00,2016-06-12 10:00:00,1,Beijing,XGBoost,98.75,95.11599,test
2016-06-12 10:00:00,2016-06-12 11:00:00,1,Beijing,XGBoost,102.083333,103.20884,test
2016-06-12 11:00:00,2016-06-12 12:00:00,1,Beijing,XGBoost,101.416667,106.19711,test
2016-06-12 12:00:00,2016-06-12 13:00:00,1,Beijing,XGBoost,97.75,104.13096,test
2016-06-12 13:00:00,2016-06-12 14:00:00,1,Beijing,XGBoost,79.5,95.97652,test
2016-06-12 14:00:00,2016-06-12 15:00:00,1,Beijing,XGBoost,63.166667,70.31359,test
2016-06-12 15:00:00,2016-06-12 16:00:00,1,Beijing,XGBoost,54.583333,54.698524,test
2016-06-12 16:00:00,2016-06-12 17:00:00,1,Beijing,XGBoost,52.416667,48.59167,test
2016-06-12 17:00:00,2016-06-12 18:00:00,1,Beijing,XGBoost,43.75,52.162975,test
2016-06-12 18:00:00,2016-06-12 19:00:00,1,Beijing,XGBoost,52.5,42.503162,test
2016-06-12 19:00:00,2016-06-12 20:00:00,1,Beijing,XGBoost,41.666667,55.609833,test
2016-06-12 20:00:00,2016-06-12 21:00:00,1,Beijing,XGBoost,39.5,45.447758,test
2016-06-12 21:00:00,2016-06-12 22:00:00,1,Beijing,XGBoost,54.583333,39.687645,test
2016-06-12 22:00:00,2016-06-12 23:00:00,1,Beijing,XGBoost,64.583333,56.029457,test
2016-06-12 23:00:00,2016-06-13 00:00:00,1,Beijing,XGBoost,57.416667,67.121414,test
2016-06-13 00:00:00,2016-06-13 01:00:00,1,Beijing,XGBoost,52.75,54.27511,test
2016-06-13 01:00:00,2016-06-13 02:00:00,1,Beijing,XGBoost,67.75,46.3039,test
2016-06-13 02:00:00,2016-06-13 03:00:00,1,Beijing,XGBoost,54.583333,65.307686,test
2016-06-13 03:00:00,2016-06-13 04:00:00,1,Beijing,XGBoost,47.0,54.327484,test
2016-06-13 04:00:00,2016-06-13 05:00:00,1,Beijing,XGBoost,45.083333,40.605103,test
2016-06-13 05:00:00,2016-06-13 06:00:00,1,Beijing,XGBoost,44.25,44.84142,test
2016-06-13 06:00:00,2016-06-13 07:00:00,1,Beijing,XGBoost,39.583333,46.32977,test
2016-06-13 07:00:00,2016-06-13 08:00:00,1,Beijing,XGBoost,34.833333,40.546753,test
2016-06-13 08:00:00,2016-06-13 09:00:00,1,Beijing,XGBoost,37.5,34.916187,test
2016-06-13 09:00:00,2016-06-13 10:00:00,1,Beijing,XGBoost,38.833333,36.042583,test
2016-06-13 10:00:00,2016-06-13 11:00:00,1,Beijing,XGBoost,37.645833,41.316525,test
2016-06-13 11:00:00,2016-06-13 12:00:00,1,Beijing,XGBoost,36.069444,36.88995,test
2016-06-13 12:00:00,2016-06-13 13:00:00,1,Beijing,XGBoost,35.326389,34.869705,test
2016-06-13 13:00:00,2016-06-13 14:00:00,1,Beijing,XGBoost,37.833333,33.74663,test
2016-06-13 14:00:00,2016-06-13 15:00:00,1,Beijing,XGBoost,39.333333,36.538162,test
2016-06-13 15:00:00,2016-06-13 16:00:00,1,Beijing,XGBoost,36.916667,39.40865,test
2016-06-13 16:00:00,2016-06-13 17:00:00,1,Beijing,XGBoost,41.5,36.499954,test
2016-06-13 17:00:00,2016-06-13 18:00:00,1,Beijing,XGBoost,43.75,42.638744,test
2016-06-13 18:00:00,2016-06-13 19:00:00,1,Beijing,XGBoost,47.25,46.742386,test
2016-06-13 19:00:00,2016-06-13 20:00:00,1,Beijing,XGBoost,50.5,50.618107,test
2016-06-13 20:00:00,2016-06-13 21:00:00,1,Beijing,XGBoost,53.75,52.967346,test
2016-06-13 21:00:00,2016-06-13 22:00:00,1,Beijing,XGBoost,53.416667,56.880882,test
2016-06-13 22:00:00,2016-06-13 23:00:00,1,Beijing,XGBoost,53.0,54.804707,test
2016-06-13 23:00:00,2016-06-14 00:00:00,1,Beijing,XGBoost,55.25,55.305992,test
2016-06-14 00:00:00,2016-06-14 01:00:00,1,Beijing,XGBoost,55.75,55.241356,test
2016-06-14 01:00:00,2016-06-14 02:00:00,1,Beijing,XGBoost,54.416667,56.87366,test
2016-06-14 02:00:00,2016-06-14 03:00:00,1,Beijing,XGBoost,53.083333,54.54183,test
2016-06-14 03:00:00,2016-06-14 04:00:00,1,Beijing,XGBoost,53.25,53.517433,test
2016-06-14 04:00:00,2016-06-14 05:00:00,1,Beijing,XGBoost,55.0,54.80401,test
2016-06-14 05:00:00,2016-06-14 06:00:00,1,Beijing,XGBoost,51.25,56.602596,test
2016-06-14 06:00:00,2016-06-14 07:00:00,1,Beijing,XGBoost,47.75,52.04829,test
2016-06-14 07:00:00,2016-06-14 08:00:00,1,Beijing,XGBoost,43.916667,45.74748,test
2016-06-14 08:00:00,2016-06-14 09:00:00,1,Beijing,XGBoost,40.916667,42.752586,test
2016-06-14 09:00:00,2016-06-14 10:00:00,1,Beijing,XGBoost,37.833333,40.68487,test
2016-06-14 10:00:00,2016-06-14 11:00:00,1,Beijing,XGBoost,31.0,36.36986,test
2016-06-14 11:00:00,2016-06-14 12:00:00,1,Beijing,XGBoost,29.833333,29.109463,test
2016-06-14 12:00:00,2016-06-14 13:00:00,1,Beijing,XGBoost,32.5,28.358492,test
2016-06-14 13:00:00,2016-06-14 14:00:00,1,Beijing,XGBoost,30.833333,33.39997,test
2016-06-14 14:00:00,2016-06-14 15:00:00,1,Beijing,XGBoost,28.166667,31.10667,test
2016-06-14 15:00:00,2016-06-14 16:00:00,1,Beijing,XGBoost,20.75,28.699665,test
2016-06-14 16:00:00,2016-06-14 17:00:00,1,Beijing,XGBoost,22.5,21.763805,test
2016-06-14 17:00:00,2016-06-14 18:00:00,1,Beijing,XGBoost,22.833333,22.993845,test
2016-06-14 18:00:00,2016-06-14 19:00:00,1,Beijing,XGBoost,23.25,23.511518,test
2016-06-14 19:00:00,2016-06-14 20:00:00,1,Beijing,XGBoost,22.5,25.218058,test
2016-06-14 20:00:00,2016-06-14 21:00:00,1,Beijing,XGBoost,23.166667,25.149364,test
2016-06-14 21:00:00,2016-06-14 22:00:00,1,Beijing,XGBoost,22.916667,25.704466,test
2016-06-14 22:00:00,2016-06-14 23:00:00,1,Beijing,XGBoost,21.166667,23.21684,test
2016-06-14 23:00:00,2016-06-15 00:00:00,1,Beijing,XGBoost,21.0,21.702295,test
2016-06-15 00:00:00,2016-06-15 01:00:00,1,Beijing,XGBoost,23.833333,21.444355,test
2016-06-15 01:00:00,2016-06-15 02:00:00,1,Beijing,XGBoost,19.916667,24.132303,test
2016-06-15 02:00:00,2016-06-15 03:00:00,1,Beijing,XGBoost,15.166667,19.994541,test
2016-06-15 03:00:00,2016-06-15 04:00:00,1,Beijing,XGBoost,13.333333,14.792945,test
2016-06-15 04:00:00,2016-06-15 05:00:00,1,Beijing,XGBoost,12.416667,13.928818,test
2016-06-15 05:00:00,2016-06-15 06:00:00,1,Beijing,XGBoost,13.25,13.047911,test
2016-06-15 06:00:00,2016-06-15 07:00:00,1,Beijing,XGBoost,12.916667,13.875276,test
2016-06-15 07:00:00,2016-06-15 08:00:00,1,Beijing,XGBoost,17.083333,14.261718,test
2016-06-15 08:00:00,2016-06-15 09:00:00,1,Beijing,XGBoost,16.583333,19.185942,test
2016-06-15 09:00:00,2016-06-15 10:00:00,1,Beijing,XGBoost,18.166667,18.227564,test
2016-06-15 10:00:00,2016-06-15 11:00:00,1,Beijing,XGBoost,16.75,19.3453,test
2016-06-15 11:00:00,2016-06-15 12:00:00,1,Beijing,XGBoost,13.777778,16.842062,test
2016-06-15 12:00:00,2016-06-15 13:00:00,1,Beijing,XGBoost,14.472222,13.793296,test
2016-06-15 13:00:00,2016-06-15 14:00:00,1,Beijing,XGBoost,13.583333,14.892686,test
2016-06-15 14:00:00,2016-06-15 15:00:00,1,Beijing,XGBoost,17.083333,13.35598,test
2016-06-15 15:00:00,2016-06-15 16:00:00,1,Beijing,XGBoost,16.416667,18.361906,test
2016-06-15 16:00:00,2016-06-15 17:00:00,1,Beijing,XGBoost,17.833333,17.4657,test
2016-06-15 17:00:00,2016-06-15 18:00:00,1,Beijing,XGBoost,19.833333,19.257076,test
2016-06-15 18:00:00,2016-06-15 19:00:00,1,Beijing,XGBoost,21.833333,23.177488,test
2016-06-15 19:00:00,2016-06-15 20:00:00,1,Beijing,XGBoost,24.166667,25.671473,test
2016-06-15 20:00:00,2016-06-15 21:00:00,1,Beijing,XGBoost,26.333333,27.54662,test
2016-06-15 21:00:00,2016-06-15 22:00:00,1,Beijing,XGBoost,28.0,28.298296,test
2016-06-15 22:00:00,2016-06-15 23:00:00,1,Beijing,XGBoost,23.25,29.550152,test
2016-06-15 23:00:00,2016-06-16 00:00:00,1,Beijing,XGBoost,23.333333,23.657665,test
2016-06-16 00:00:00,2016-06-16 01:00:00,1,Beijing,XGBoost,25.5,23.825558,test
2016-06-16 01:00:00,2016-06-16 02:00:00,1,Beijing,XGBoost,23.583333,25.54949,test
2016-06-16 02:00:00,2016-06-16 03:00:00,1,Beijing,XGBoost,21.638889,23.860558,test
2016-06-16 03:00:00,2016-06-16 04:00:00,1,Beijing,XGBoost,22.361111,21.658148,test
2016-06-16 04:00:00,2016-06-16 05:00:00,1,Beijing,XGBoost,24.083333,22.899557,test
2016-06-16 05:00:00,2016-06-16 06:00:00,1,Beijing,XGBoost,32.25,24.882616,test
2016-06-16 06:00:00,2016-06-16 07:00:00,1,Beijing,XGBoost,25.333333,33.2713,test
2016-06-16 07:00:00,2016-06-16 08:00:00,1,Beijing,XGBoost,25.416667,25.68985,test
2016-06-16 08:00:00,2016-06-16 09:00:00,1,Beijing,XGBoost,25.75,25.78232,test
2016-06-16 09:00:00,2016-06-16 10:00:00,1,Beijing,XGBoost,30.333333,26.631296,test
2016-06-16 10:00:00,2016-06-16 11:00:00,1,Beijing,XGBoost,28.25,31.5844,test
2016-06-16 11:00:00,2016-06-16 12:00:00,1,Beijing,XGBoost,27.0,27.376383,test
2016-06-16 12:00:00,2016-06-16 13:00:00,1,Beijing,XGBoost,25.333333,26.299568,test
2016-06-16 13:00:00,2016-06-16 14:00:00,1,Beijing,XGBoost,29.083333,25.115007,test
2016-06-16 14:00:00,2016-06-16 15:00:00,1,Beijing,XGBoost,22.555556,30.42091,test
2016-06-16 15:00:00,2016-06-16 16:00:00,1,Beijing,XGBoost,20.027778,23.520357,test
2016-06-16 16:00:00,2016-06-16 17:00:00,1,Beijing,XGBoost,17.875,21.004923,test
2016-06-16 17:00:00,2016-06-16 18:00:00,1,Beijing,XGBoost,14.333333,18.729994,test
2016-06-16 18:00:00,2016-06-16 19:00:00,1,Beijing,XGBoost,17.5,16.105553,test
2016-06-16 19:00:00,2016-06-16 20:00:00,1,Beijing,XGBoost,24.125,20.479813,test
2016-06-16 20:00:00,2016-06-16 21:00:00,1,Beijing,XGBoost,24.166667,27.66402,test
2016-06-16 21:00:00,2016-06-16 22:00:00,1,Beijing,XGBoost,28.083333,26.48919,test
2016-06-16 22:00:00,2016-06-16 23:00:00,1,Beijing,XGBoost,28.083333,29.36415,test
2016-06-16 23:00:00,2016-06-17 00:00:00,1,Beijing,XGBoost,30.083333,28.612011,test
2016-06-17 00:00:00,2016-06-17 01:00:00,1,Beijing,XGBoost,35.416667,30.61336,test
2016-06-17 01:00:00,2016-06-17 02:00:00,1,Beijing,XGBoost,34.666667,35.631264,test
2016-06-17 02:00:00,2016-06-17 03:00:00,1,Beijing,XGBoost,33.5,35.158615,test
2016-06-17 03:00:00,2016-06-17 04:00:00,1,Beijing,XGBoost,26.083333,33.10845,test
2016-06-17 04:00:00,2016-06-17 05:00:00,1,Beijing,XGBoost,23.5,25.712753,test
2016-06-17 05:00:00,2016-06-17 06:00:00,1,Beijing,XGBoost,21.916667,22.853891,test
2016-06-17 06:00:00,2016-06-17 07:00:00,1,Beijing,XGBoost,24.583333,21.851599,test
2016-06-17 07:00:00,2016-06-17 08:00:00,1,Beijing,XGBoost,23.083333,24.657732,test
2016-06-17 08:00:00,2016-06-17 09:00:00,1,Beijing,XGBoost,21.166667,23.999035,test
2016-06-17 09:00:00,2016-06-17 10:00:00,1,Beijing,XGBoost,26.083333,21.31737,test
2016-06-17 10:00:00,2016-06-17 11:00:00,1,Beijing,XGBoost,20.833333,25.866123,test
2016-06-17 11:00:00,2016-06-17 12:00:00,1,Beijing,XGBoost,17.25,20.342953,test
2016-06-17 12:00:00,2016-06-17 13:00:00,1,Beijing,XGBoost,16.916667,16.161535,test
2016-06-17 13:00:00,2016-06-17 14:00:00,1,Beijing,XGBoost,15.916667,16.969156,test
2016-06-17 14:00:00,2016-06-17 15:00:00,1,Beijing,XGBoost,18.75,16.292904,test
2016-06-17 15:00:00,2016-06-17 16:00:00,1,Beijing,XGBoost,15.0,19.747076,test
2016-06-17 16:00:00,2016-06-17 17:00:00,1,Beijing,XGBoost,17.5,16.532251,test
2016-06-17 17:00:00,2016-06-17 18:00:00,1,Beijing,XGBoost,22.166667,19.996992,test
2016-06-17 18:00:00,2016-06-17 19:00:00,1,Beijing,XGBoost,18.666667,24.283062,test
2016-06-17 19:00:00,2016-06-17 20:00:00,1,Beijing,XGBoost,18.625,21.985178,test
2016-06-17 20:00:00,2016-06-17 21:00:00,1,Beijing,XGBoost,23.5,21.66009,test
2016-06-17 21:00:00,2016-06-17 22:00:00,1,Beijing,XGBoost,27.125,27.056425,test
2016-06-17 22:00:00,2016-06-17 23:00:00,1,Beijing,XGBoost,24.75,29.737574,test
2016-06-17 23:00:00,2016-06-18 00:00:00,1,Beijing,XGBoost,28.416667,24.998943,test
2016-06-18 00:00:00,2016-06-18 01:00:00,1,Beijing,XGBoost,30.083333,28.709137,test
2016-06-18 01:00:00,2016-06-18 02:00:00,1,Beijing,XGBoost,30.166667,29.641958,test
2016-06-18 02:00:00,2016-06-18 03:00:00,1,Beijing,XGBoost,30.0,29.962297,test
2016-06-18 03:00:00,2016-06-18 04:00:00,1,Beijing,XGBoost,28.75,29.854322,test
2016-06-18 04:00:00,2016-06-18 05:00:00,1,Beijing,XGBoost,26.875,28.321009,test
2016-06-18 05:00:00,2016-06-18 06:00:00,1,Beijing,XGBoost,29.166667,26.292261,test
2016-06-18 06:00:00,2016-06-18 07:00:00,1,Beijing,XGBoost,28.25,29.61651,test
2016-06-18 07:00:00,2016-06-18 08:00:00,1,Beijing,XGBoost,30.583333,29.380873,test
2016-06-18 08:00:00,2016-06-18 09:00:00,1,Beijing,XGBoost,32.75,32.018867,test
2016-06-18 09:00:00,2016-06-18 10:00:00,1,Beijing,XGBoost,35.75,36.01636,test
2016-06-18 10:00:00,2016-06-18 11:00:00,1,Beijing,XGBoost,36.75,35.909737,test
2016-06-18 11:00:00,2016-06-18 12:00:00,1,Beijing,XGBoost,44.833333,36.548134,test
2016-06-18 12:00:00,2016-06-18 13:00:00,1,Beijing,XGBoost,47.083333,46.773205,test
2016-06-18 13:00:00,2016-06-18 14:00:00,1,Beijing,XGBoost,37.75,48.83842,test
2016-06-18 14:00:00,2016-06-18 15:00:00,1,Beijing,XGBoost,36.333333,36.16934,test
2016-06-18 15:00:00,2016-06-18 16:00:00,1,Beijing,XGBoost,38.0,36.03378,test
2016-06-18 16:00:00,2016-06-18 17:00:00,1,Beijing,XGBoost,42.583333,38.121376,test
2016-06-18 17:00:00,2016-06-18 18:00:00,1,Beijing,XGBoost,43.75,45.20908,test
2016-06-18 18:00:00,2016-06-18 19:00:00,1,Beijing,XGBoost,45.833333,45.943306,test
2016-06-18 19:00:00,2016-06-18 20:00:00,1,Beijing,XGBoost,43.166667,48.322155,test
2016-06-18 20:00:00,2016-06-18 21:00:00,1,Beijing,XGBoost,47.916667,46.410114,test
2016-06-18 21:00:00,2016-06-18 22:00:00,1,Beijing,XGBoost,51.166667,49.446205,test
2016-06-18 22:00:00,2016-06-18 23:00:00,1,Beijing,XGBoost,57.416667,52.48121,test
2016-06-18 23:00:00,2016-06-19 00:00:00,1,Beijing,XGBoost,68.083333,59.203346,test
2016-06-19 00:00:00,2016-06-19 01:00:00,1,Beijing,XGBoost,65.333333,69.66584,test
2016-06-19 01:00:00,2016-06-19 02:00:00,1,Beijing,XGBoost,59.666667,67.604416,test
2016-06-19 02:00:00,2016-06-19 03:00:00,1,Beijing,XGBoost,57.5,58.7718,test
2016-06-19 03:00:00,2016-06-19 04:00:00,1,Beijing,XGBoost,58.083333,57.017776,test
2016-06-19 04:00:00,2016-06-19 05:00:00,1,Beijing,XGBoost,57.416667,58.130344,test
2016-06-19 05:00:00,2016-06-19 06:00:00,1,Beijing,XGBoost,59.0,58.02069,test
2016-06-19 06:00:00,2016-06-19 07:00:00,1,Beijing,XGBoost,57.916667,60.34801,test
2016-06-19 07:00:00,2016-06-19 08:00:00,1,Beijing,XGBoost,68.583333,59.345856,test
2016-06-19 08:00:00,2016-06-19 09:00:00,1,Beijing,XGBoost,84.333333,72.025276,test
2016-06-19 09:00:00,2016-06-19 10:00:00,1,Beijing,XGBoost,89.333333,89.60422,test
2016-06-19 10:00:00,2016-06-19 11:00:00,1,Beijing,XGBoost,83.5,95.26374,test
2016-06-19 11:00:00,2016-06-19 12:00:00,1,Beijing,XGBoost,71.5,81.41785,test
2016-06-19 12:00:00,2016-06-19 13:00:00,1,Beijing,XGBoost,57.166667,67.24035,test
2016-06-19 13:00:00,2016-06-19 14:00:00,1,Beijing,XGBoost,54.833333,48.665764,test
2016-06-19 14:00:00,2016-06-19 15:00:00,1,Beijing,XGBoost,42.333333,48.92871,test
2016-06-19 15:00:00,2016-06-19 16:00:00,1,Beijing,XGBoost,30.416667,37.13464,test
2016-06-19 16:00:00,2016-06-19 17:00:00,1,Beijing,XGBoost,31.0,28.793045,test
2016-06-19 17:00:00,2016-06-19 18:00:00,1,Beijing,XGBoost,28.25,31.562363,test
2016-06-19 18:00:00,2016-06-19 19:00:00,1,Beijing,XGBoost,32.416667,30.609917,test
2016-06-19 19:00:00,2016-06-19 20:00:00,1,Beijing,XGBoost,33.583333,36.720055,test
2016-06-19 20:00:00,2016-06-19 21:00:00,1,Beijing,XGBoost,38.666667,37.462547,test
2016-06-19 21:00:00,2016-06-19 22:00:00,1,Beijing,XGBoost,43.25,42.638393,test
2016-06-19 22:00:00,2016-06-19 23:00:00,1,Beijing,XGBoost,81.833333,47.45121,test
2016-06-19 23:00:00,2016-06-20 00:00:00,1,Beijing,XGBoost,121.416667,86.57508,test
2016-06-20 00:00:00,2016-06-20 01:00:00,1,Beijing,XGBoost,146.416667,124.88992,test
2016-06-20 01:00:00,2016-06-20 02:00:00,1,Beijing,XGBoost,159.083333,148.85355,test
2016-06-20 02:00:00,2016-06-20 03:00:00,1,Beijing,XGBoost,155.166667,166.51442,test
2016-06-20 03:00:00,2016-06-20 04:00:00,1,Beijing,XGBoost,147.0,158.58566,test
2016-06-20 04:00:00,2016-06-20 05:00:00,1,Beijing,XGBoost,118.583333,144.02397,test
2016-06-20 05:00:00,2016-06-20 06:00:00,1,Beijing,XGBoost,90.083333,105.85478,test
2016-06-20 06:00:00,2016-06-20 07:00:00,1,Beijing,XGBoost,90.916667,78.68782,test
2016-06-20 07:00:00,2016-06-20 08:00:00,1,Beijing,XGBoost,97.833333,85.82061,test
2016-06-20 08:00:00,2016-06-20 09:00:00,1,Beijing,XGBoost,97.083333,102.83853,test
2016-06-20 09:00:00,2016-06-20 10:00:00,1,Beijing,XGBoost,98.416667,102.10323,test
2016-06-20 10:00:00,2016-06-20 11:00:00,1,Beijing,XGBoost,97.1,98.414314,test
2016-06-20 11:00:00,2016-06-20 12:00:00,1,Beijing,XGBoost,95.825,96.35174,test
2016-06-20 12:00:00,2016-06-20 13:00:00,1,Beijing,XGBoost,87.654167,93.7045,test
2016-06-20 13:00:00,2016-06-20 14:00:00,1,Beijing,XGBoost,82.275,83.57377,test
2016-06-20 14:00:00,2016-06-20 15:00:00,1,Beijing,XGBoost,69.395833,77.8281,test
2016-06-20 15:00:00,2016-06-20 16:00:00,1,Beijing,XGBoost,64.666667,63.498226,test
2016-06-20 16:00:00,2016-06-20 17:00:00,1,Beijing,XGBoost,61.0,61.797413,test
2016-06-20 17:00:00,2016-06-20 18:00:00,1,Beijing,XGBoost,58.818182,57.594097,test
2016-06-20 18:00:00,2016-06-20 19:00:00,1,Beijing,XGBoost,51.454545,59.93857,test
2016-06-20 19:00:00,2016-06-20 20:00:00,1,Beijing,XGBoost,55.636364,52.185207,test
2016-06-20 20:00:00,2016-06-20 21:00:00,1,Beijing,XGBoost,52.0,57.10575,test
2016-06-20 21:00:00,2016-06-20 22:00:00,1,Beijing,XGBoost,50.818182,55.45527,test
2016-06-20 22:00:00,2016-06-20 23:00:00,1,Beijing,XGBoost,53.909091,52.05568,test
2016-06-20 23:00:00,2016-06-21 00:00:00,1,Beijing,XGBoost,57.727273,57.88725,test
2016-06-21 00:00:00,2016-06-21 01:00:00,1,Beijing,XGBoost,61.0,63.335545,test
2016-06-21 01:00:00,2016-06-21 02:00:00,1,Beijing,XGBoost,63.545455,65.14789,test
2016-06-21 02:00:00,2016-06-21 03:00:00,1,Beijing,XGBoost,64.0,66.97305,test
2016-06-21 03:00:00,2016-06-21 04:00:00,1,Beijing,XGBoost,64.272727,67.32426,test
2016-06-21 04:00:00,2016-06-21 05:00:00,1,Beijing,XGBoost,68.545455,66.80642,test
2016-06-21 05:00:00,2016-06-21 06:00:00,1,Beijing,XGBoost,77.181818,70.182304,test
2016-06-21 06:00:00,2016-06-21 07:00:00,1,Beijing,XGBoost,84.090909,81.03963,test
2016-06-21 07:00:00,2016-06-21 08:00:00,1,Beijing,XGBoost,90.727273,93.94213,test
2016-06-21 08:00:00,2016-06-21 09:00:00,1,Beijing,XGBoost,110.363636,104.7309,test
2016-06-21 09:00:00,2016-06-21 10:00:00,1,Beijing,XGBoost,134.545455,124.61959,test
2016-06-21 10:00:00,2016-06-21 11:00:00,1,Beijing,XGBoost,139.272727,152.84975,test
2016-06-21 11:00:00,2016-06-21 12:00:00,1,Beijing,XGBoost,133.818182,147.26784,test
2016-06-21 12:00:00,2016-06-21 13:00:00,1,Beijing,XGBoost,129.909091,140.16716,test
2016-06-21 13:00:00,2016-06-21 14:00:00,1,Beijing,XGBoost,124.363636,128.2513,test
2016-06-21 14:00:00,2016-06-21 15:00:00,1,Beijing,XGBoost,99.583333,128.10371,test
2016-06-21 15:00:00,2016-06-21 16:00:00,1,Beijing,XGBoost,89.0,90.09543,test
2016-06-21 16:00:00,2016-06-21 17:00:00,1,Beijing,XGBoost,89.541667,80.32401,test
2016-06-21 17:00:00,2016-06-21 18:00:00,1,Beijing,XGBoost,104.0,86.972595,test
2016-06-21 18:00:00,2016-06-21 19:00:00,1,Beijing,XGBoost,99.5,107.503334,test
2016-06-21 19:00:00,2016-06-21 20:00:00,1,Beijing,XGBoost,85.333333,104.29569,test
2016-06-21 20:00:00,2016-06-21 21:00:00,1,Beijing,XGBoost,44.416667,74.50305,test
2016-06-21 21:00:00,2016-06-21 22:00:00,1,Beijing,XGBoost,24.0,39.019356,test
2016-06-21 22:00:00,2016-06-21 23:00:00,1,Beijing,XGBoost,29.416667,24.206987,test
2016-06-21 23:00:00,2016-06-22 00:00:00,1,Beijing,XGBoost,34.916667,30.027048,test
2016-06-22 00:00:00,2016-06-22 01:00:00,1,Beijing,XGBoost,38.833333,36.657898,test
2016-06-22 01:00:00,2016-06-22 02:00:00,1,Beijing,XGBoost,40.25,41.757996,test
2016-06-22 02:00:00,2016-06-22 03:00:00,1,Beijing,XGBoost,33.916667,42.39666,test
2016-06-22 03:00:00,2016-06-22 04:00:00,1,Beijing,XGBoost,31.5,32.883068,test
2016-06-22 04:00:00,2016-06-22 05:00:00,1,Beijing,XGBoost,32.583333,30.98089,test
2016-06-22 05:00:00,2016-06-22 06:00:00,1,Beijing,XGBoost,34.583333,34.057446,test
2016-06-22 06:00:00,2016-06-22 07:00:00,1,Beijing,XGBoost,37.916667,35.644222,test
2016-06-22 07:00:00,2016-06-22 08:00:00,1,Beijing,XGBoost,39.333333,39.19384,test
2016-06-22 08:00:00,2016-06-22 09:00:00,1,Beijing,XGBoost,39.166667,42.691254,test
2016-06-22 09:00:00,2016-06-22 10:00:00,1,Beijing,XGBoost,42.666667,42.03298,test
2016-06-22 10:00:00,2016-06-22 11:00:00,1,Beijing,XGBoost,42.75,45.023335,test
2016-06-22 11:00:00,2016-06-22 12:00:00,1,Beijing,XGBoost,54.666667,45.55687,test
2016-06-22 12:00:00,2016-06-22 13:00:00,1,Beijing,XGBoost,68.083333,57.36826,test
2016-06-22 13:00:00,2016-06-22 14:00:00,1,Beijing,XGBoost,77.333333,73.365036,test
2016-06-22 14:00:00,2016-06-22 15:00:00,1,Beijing,XGBoost,77.75,82.4021,test
2016-06-22 15:00:00,2016-06-22 16:00:00,1,Beijing,XGBoost,74.083333,79.6579,test
2016-06-22 16:00:00,2016-06-22 17:00:00,1,Beijing,XGBoost,71.0,80.26778,test
2016-06-22 17:00:00,2016-06-22 18:00:00,1,Beijing,XGBoost,72.333333,78.96463,test
2016-06-22 18:00:00,2016-06-22 19:00:00,1,Beijing,XGBoost,72.333333,78.57904,test
2016-06-22 19:00:00,2016-06-22 20:00:00,1,Beijing,XGBoost,57.083333,74.801704,test
2016-06-22 20:00:00,2016-06-22 21:00:00,1,Beijing,XGBoost,49.75,56.727898,test
2016-06-22 21:00:00,2016-06-22 22:00:00,1,Beijing,XGBoost,53.333333,54.200375,test
2016-06-22 22:00:00,2016-06-22 23:00:00,1,Beijing,XGBoost,77.666667,62.631805,test
2016-06-22 23:00:00,2016-06-23 00:00:00,1,Beijing,XGBoost,88.916667,82.76456,test
2016-06-23 00:00:00,2016-06-23 01:00:00,1,Beijing,XGBoost,74.916667,93.66581,test
2016-06-23 01:00:00,2016-06-23 02:00:00,1,Beijing,XGBoost,70.916667,75.63456,test
2016-06-23 02:00:00,2016-06-23 03:00:00,1,Beijing,XGBoost,71.916667,70.940025,test
2016-06-23 03:00:00,2016-06-23 04:00:00,1,Beijing,XGBoost,76.0,73.689926,test
2016-06-23 04:00:00,2016-06-23 05:00:00,1,Beijing,XGBoost,86.583333,78.794235,test
2016-06-23 05:00:00,2016-06-23 06:00:00,1,Beijing,XGBoost,108.916667,97.26684,test
2016-06-23 06:00:00,2016-06-23 07:00:00,1,Beijing,XGBoost,127.0,119.029816,test
2016-06-23 07:00:00,2016-06-23 08:00:00,1,Beijing,XGBoost,121.333333,136.02629,test
2016-06-23 08:00:00,2016-06-23 09:00:00,1,Beijing,XGBoost,105.333333,128.88824,test
2016-06-23 09:00:00,2016-06-23 10:00:00,1,Beijing,XGBoost,74.666667,102.48681,test
2016-06-23 10:00:00,2016-06-23 11:00:00,1,Beijing,XGBoost,47.416667,65.254395,test
2016-06-23 11:00:00,2016-06-23 12:00:00,1,Beijing,XGBoost,44.083333,37.228573,test
2016-06-23 12:00:00,2016-06-23 13:00:00,1,Beijing,XGBoost,76.0,40.70908,test
2016-06-23 13:00:00,2016-06-23 14:00:00,1,Beijing,XGBoost,102.916667,81.75412,test
2016-06-23 14:00:00,2016-06-23 15:00:00,1,Beijing,XGBoost,91.833333,104.37074,test
2016-06-23 15:00:00,2016-06-23 16:00:00,1,Beijing,XGBoost,79.333333,95.10737,test
2016-06-23 16:00:00,2016-06-23 17:00:00,1,Beijing,XGBoost,66.333333,75.02001,test
2016-06-23 17:00:00,2016-06-23 18:00:00,1,Beijing,XGBoost,59.5,61.52764,test
2016-06-23 18:00:00,2016-06-23 19:00:00,1,Beijing,XGBoost,67.583333,57.223404,test
2016-06-23 19:00:00,2016-06-23 20:00:00,1,Beijing,XGBoost,70.583333,67.82953,test
2016-06-23 20:00:00,2016-06-23 21:00:00,1,Beijing,XGBoost,75.791667,68.67341,test
2016-06-23 21:00:00,2016-06-23 22:00:00,1,Beijing,XGBoost,64.888889,73.62399,test
2016-06-23 22:00:00,2016-06-23 23:00:00,1,Beijing,XGBoost,42.944444,63.4885,test
2016-06-23 23:00:00,2016-06-24 00:00:00,1,Beijing,XGBoost,33.833333,39.658207,test
2016-06-24 00:00:00,2016-06-24 01:00:00,1,Beijing,XGBoost,34.208333,30.660124,test
2016-06-24 01:00:00,2016-06-24 02:00:00,1,Beijing,XGBoost,35.25,33.567127,test
2016-06-24 02:00:00,2016-06-24 03:00:00,1,Beijing,XGBoost,34.416667,34.971603,test
2016-06-24 03:00:00,2016-06-24 04:00:00,1,Beijing,XGBoost,32.333333,35.135105,test
2016-06-24 04:00:00,2016-06-24 05:00:00,1,Beijing,XGBoost,26.5,33.450974,test
2016-06-24 05:00:00,2016-06-24 06:00:00,1,Beijing,XGBoost,19.5,25.79005,test
2016-06-24 06:00:00,2016-06-24 07:00:00,1,Beijing,XGBoost,10.333333,18.687168,test
2016-06-24 07:00:00,2016-06-24 08:00:00,1,Beijing,XGBoost,10.5,11.579235,test
2016-06-24 08:00:00,2016-06-24 09:00:00,1,Beijing,XGBoost,9.666667,11.45203,test
2016-06-24 09:00:00,2016-06-24 10:00:00,1,Beijing,XGBoost,8.5,10.212129,test
2016-06-24 10:00:00,2016-06-24 11:00:00,1,Beijing,XGBoost,8.388889,9.11927,test
2016-06-24 11:00:00,2016-06-24 12:00:00,1,Beijing,XGBoost,10.444444,8.3652525,test
2016-06-24 12:00:00,2016-06-24 13:00:00,1,Beijing,XGBoost,6.625,9.472197,test
2016-06-24 13:00:00,2016-06-24 14:00:00,1,Beijing,XGBoost,6.833333,7.0145106,test
2016-06-24 14:00:00,2016-06-24 15:00:00,1,Beijing,XGBoost,8.708333,7.382734,test
2016-06-24 15:00:00,2016-06-24 16:00:00,1,Beijing,XGBoost,6.666667,8.673437,test
2016-06-24 16:00:00,2016-06-24 17:00:00,1,Beijing,XGBoost,8.75,7.03417,test
2016-06-24 17:00:00,2016-06-24 18:00:00,1,Beijing,XGBoost,11.916667,9.238893,test
2016-06-24 18:00:00,2016-06-24 19:00:00,1,Beijing,XGBoost,7.75,12.099976,test
2016-06-24 19:00:00,2016-06-24 20:00:00,1,Beijing,XGBoost,8.416667,8.339744,test
2016-06-24 20:00:00,2016-06-24 21:00:00,1,Beijing,XGBoost,9.75,10.38188,test
2016-06-24 21:00:00,2016-06-24 22:00:00,1,Beijing,XGBoost,9.0,9.313674,test
2016-06-24 22:00:00,2016-06-24 23:00:00,1,Beijing,XGBoost,8.583333,8.505606,test
2016-06-24 23:00:00,2016-06-25 00:00:00,1,Beijing,XGBoost,7.083333,8.815631,test
2016-06-25 00:00:00,2016-06-25 01:00:00,1,Beijing,XGBoost,5.583333,7.2842093,test
2016-06-25 01:00:00,2016-06-25 02:00:00,1,Beijing,XGBoost,6.083333,6.226113,test
2016-06-25 02:00:00,2016-06-25 03:00:00,1,Beijing,XGBoost,7.25,6.912282,test
2016-06-25 03:00:00,2016-06-25 04:00:00,1,Beijing,XGBoost,6.916667,7.760346,test
2016-06-25 04:00:00,2016-06-25 05:00:00,1,Beijing,XGBoost,7.583333,7.086977,test
2016-06-25 05:00:00,2016-06-25 06:00:00,1,Beijing,XGBoost,8.5,7.808894,test
2016-06-25 06:00:00,2016-06-25 07:00:00,1,Beijing,XGBoost,8.333333,8.694373,test
2016-06-25 07:00:00,2016-06-25 08:00:00,1,Beijing,XGBoost,10.25,8.434724,test
2016-06-25 08:00:00,2016-06-25 09:00:00,1,Beijing,XGBoost,11.5,10.575808,test
2016-06-25 09:00:00,2016-06-25 10:00:00,1,Beijing,XGBoost,9.791667,11.033769,test
2016-06-25 10:00:00,2016-06-25 11:00:00,1,Beijing,XGBoost,9.818182,9.400323,test
2016-06-25 11:00:00,2016-06-25 12:00:00,1,Beijing,XGBoost,11.727273,9.983943,test
2016-06-25 12:00:00,2016-06-25 13:00:00,1,Beijing,XGBoost,13.727273,11.690088,test
2016-06-25 13:00:00,2016-06-25 14:00:00,1,Beijing,XGBoost,18.181818,13.575289,test
2016-06-25 14:00:00,2016-06-25 15:00:00,1,Beijing,XGBoost,20.181818,18.938686,test
2016-06-25 15:00:00,2016-06-25 16:00:00,1,Beijing,XGBoost,21.727273,22.219639,test
2016-06-25 16:00:00,2016-06-25 17:00:00,1,Beijing,XGBoost,22.0,23.228893,test
2016-06-25 17:00:00,2016-06-25 18:00:00,1,Beijing,XGBoost,24.6,23.972794,test
2016-06-25 18:00:00,2016-06-25 19:00:00,1,Beijing,XGBoost,24.909091,25.886164,test
2016-06-25 19:00:00,2016-06-25 20:00:00,1,Beijing,XGBoost,27.363636,26.568493,test
2016-06-25 20:00:00,2016-06-25 21:00:00,1,Beijing,XGBoost,24.909091,28.702505,test
2016-06-25 21:00:00,2016-06-25 22:00:00,1,Beijing,XGBoost,32.454545,26.366287,test
2016-06-25 22:00:00,2016-06-25 23:00:00,1,Beijing,XGBoost,32.636364,34.935024,test
2016-06-25 23:00:00,2016-06-26 00:00:00,1,Beijing,XGBoost,34.0,33.43813,test
2016-06-26 00:00:00,2016-06-26 01:00:00,1,Beijing,XGBoost,35.090909,33.94644,test
2016-06-26 01:00:00,2016-06-26 02:00:00,1,Beijing,XGBoost,36.727273,34.46692,test
2016-06-26 02:00:00,2016-06-26 03:00:00,1,Beijing,XGBoost,37.090909,37.248497,test
2016-06-26 03:00:00,2016-06-26 04:00:00,1,Beijing,XGBoost,38.727273,37.33582,test
2016-06-26 04:00:00,2016-06-26 05:00:00,1,Beijing,XGBoost,38.909091,39.953358,test
2016-06-26 05:00:00,2016-06-26 06:00:00,1,Beijing,XGBoost,39.272727,39.943005,test
2016-06-26 06:00:00,2016-06-26 07:00:00,1,Beijing,XGBoost,37.636364,39.295242,test
2016-06-26 07:00:00,2016-06-26 08:00:00,1,Beijing,XGBoost,34.363636,38.019814,test
2016-06-26 08:00:00,2016-06-26 09:00:00,1,Beijing,XGBoost,37.545455,33.388844,test
2016-06-26 09:00:00,2016-06-26 10:00:00,1,Beijing,XGBoost,35.545455,37.785007,test
2016-06-26 10:00:00,2016-06-26 11:00:00,1,Beijing,XGBoost,35.818182,35.7921,test
2016-06-26 11:00:00,2016-06-26 12:00:00,1,Beijing,XGBoost,41.090909,34.088028,test
2016-06-26 12:00:00,2016-06-26 13:00:00,1,Beijing,XGBoost,45.636364,41.325893,test
2016-06-26 13:00:00,2016-06-26 14:00:00,1,Beijing,XGBoost,45.545455,46.65152,test
2016-06-26 14:00:00,2016-06-26 15:00:00,1,Beijing,XGBoost,42.181818,45.283314,test
2016-06-26 15:00:00,2016-06-26 16:00:00,1,Beijing,XGBoost,40.181818,42.432728,test
2016-06-26 16:00:00,2016-06-26 17:00:00,1,Beijing,XGBoost,37.181818,40.87336,test
2016-06-26 17:00:00,2016-06-26 18:00:00,1,Beijing,XGBoost,37.272727,36.82225,test
2016-06-26 18:00:00,2016-06-26 19:00:00,1,Beijing,XGBoost,41.113636,37.243313,test
2016-06-26 19:00:00,2016-06-26 20:00:00,1,Beijing,XGBoost,44.045455,43.198605,test
2016-06-26 20:00:00,2016-06-26 21:00:00,1,Beijing,XGBoost,44.159091,47.182816,test
2016-06-26 21:00:00,2016-06-26 22:00:00,1,Beijing,XGBoost,47.363636,46.352226,test
2016-06-26 22:00:00,2016-06-26 23:00:00,1,Beijing,XGBoost,46.090909,48.286156,test
2016-06-26 23:00:00,2016-06-27 00:00:00,1,Beijing,XGBoost,45.818182,46.101597,test
2016-06-27 00:00:00,2016-06-27 01:00:00,1,Beijing,XGBoost,44.636364,45.549213,test
2016-06-27 01:00:00,2016-06-27 02:00:00,1,Beijing,XGBoost,44.727273,44.589504,test
2016-06-27 02:00:00,2016-06-27 03:00:00,1,Beijing,XGBoost,48.636364,44.778507,test
2016-06-27 03:00:00,2016-06-27 04:00:00,1,Beijing,XGBoost,51.909091,48.408615,test
2016-06-27 04:00:00,2016-06-27 05:00:00,1,Beijing,XGBoost,53.818182,52.315372,test
2016-06-27 05:00:00,2016-06-27 06:00:00,1,Beijing,XGBoost,58.727273,55.27335,test
2016-06-27 06:00:00,2016-06-27 07:00:00,1,Beijing,XGBoost,62.727273,60.827007,test
2016-06-27 07:00:00,2016-06-27 08:00:00,1,Beijing,XGBoost,65.454545,64.911545,test
2016-06-27 08:00:00,2016-06-27 09:00:00,1,Beijing,XGBoost,60.545455,63.1279,test
2016-06-27 09:00:00,2016-06-27 10:00:00,1,Beijing,XGBoost,51.636364,60.305054,test
2016-06-27 10:00:00,2016-06-27 11:00:00,1,Beijing,XGBoost,46.272727,49.558674,test
2016-06-27 11:00:00,2016-06-27 12:00:00,1,Beijing,XGBoost,49.0,44.710457,test
2016-06-27 12:00:00,2016-06-27 13:00:00,1,Beijing,XGBoost,55.5,47.97704,test
2016-06-27 13:00:00,2016-06-27 14:00:00,1,Beijing,XGBoost,58.25,54.79679,test
2016-06-27 14:00:00,2016-06-27 15:00:00,1,Beijing,XGBoost,70.5,59.050938,test
2016-06-27 15:00:00,2016-06-27 16:00:00,1,Beijing,XGBoost,73.833333,67.79625,test
2016-06-27 16:00:00,2016-06-27 17:00:00,1,Beijing,XGBoost,78.083333,75.87298,test
2016-06-27 17:00:00,2016-06-27 18:00:00,1,Beijing,XGBoost,77.666667,78.72979,test
2016-06-27 18:00:00,2016-06-27 19:00:00,1,Beijing,XGBoost,77.333333,81.169914,test
2016-06-27 19:00:00,2016-06-27 20:00:00,1,Beijing,XGBoost,71.666667,78.603325,test
2016-06-27 20:00:00,2016-06-27 21:00:00,1,Beijing,XGBoost,56.333333,71.28452,test
2016-06-27 21:00:00,2016-06-27 22:00:00,1,Beijing,XGBoost,52.333333,47.61171,test
2016-06-27 22:00:00,2016-06-27 23:00:00,1,Beijing,XGBoost,50.0,50.07186,test
2016-06-27 23:00:00,2016-06-28 00:00:00,1,Beijing,XGBoost,52.75,47.95391,test
2016-06-28 00:00:00,2016-06-28 01:00:00,1,Beijing,XGBoost,56.916667,54.242798,test
2016-06-28 01:00:00,2016-06-28 02:00:00,1,Beijing,XGBoost,58.666667,56.06599,test
2016-06-28 02:00:00,2016-06-28 03:00:00,1,Beijing,XGBoost,63.083333,57.62105,test
2016-06-28 03:00:00,2016-06-28 04:00:00,1,Beijing,XGBoost,63.0,56.94842,test
2016-06-28 04:00:00,2016-06-28 05:00:00,1,Beijing,XGBoost,62.583333,60.735783,test
2016-06-28 05:00:00,2016-06-28 06:00:00,1,Beijing,XGBoost,62.333333,59.206806,test
2016-06-28 06:00:00,2016-06-28 07:00:00,1,Beijing,XGBoost,59.416667,62.287292,test
2016-06-28 07:00:00,2016-06-28 08:00:00,1,Beijing,XGBoost,50.083333,60.371605,test
2016-06-28 08:00:00,2016-06-28 09:00:00,1,Beijing,XGBoost,33.416667,48.38555,test
2016-06-28 09:00:00,2016-06-28 10:00:00,1,Beijing,XGBoost,30.083333,30.830713,test
2016-06-28 10:00:00,2016-06-28 11:00:00,1,Beijing,XGBoost,29.25,27.849453,test
2016-06-28 11:00:00,2016-06-28 12:00:00,1,Beijing,XGBoost,38.416667,29.156801,test
2016-06-28 12:00:00,2016-06-28 13:00:00,1,Beijing,XGBoost,47.166667,38.96028,test
2016-06-28 13:00:00,2016-06-28 14:00:00,1,Beijing,XGBoost,54.416667,49.22793,test
2016-06-28 14:00:00,2016-06-28 15:00:00,1,Beijing,XGBoost,60.583333,55.50636,test
2016-06-28 15:00:00,2016-06-28 16:00:00,1,Beijing,XGBoost,66.25,62.2632,test
2016-06-28 16:00:00,2016-06-28 17:00:00,1,Beijing,XGBoost,75.666667,67.71887,test
2016-06-28 17:00:00,2016-06-28 18:00:00,1,Beijing,XGBoost,87.0,77.86845,test
2016-06-28 18:00:00,2016-06-28 19:00:00,1,Beijing,XGBoost,94.333333,94.07223,test
2016-06-28 19:00:00,2016-06-28 20:00:00,1,Beijing,XGBoost,96.583333,98.02629,test
2016-06-28 20:00:00,2016-06-28 21:00:00,1,Beijing,XGBoost,102.0,97.78046,test
2016-06-28 21:00:00,2016-06-28 22:00:00,1,Beijing,XGBoost,108.166667,102.855385,test
2016-06-28 22:00:00,2016-06-28 23:00:00,1,Beijing,XGBoost,111.416667,105.9672,test
2016-06-28 23:00:00,2016-06-29 00:00:00,1,Beijing,XGBoost,111.833333,113.58088,test
2016-06-29 00:00:00,2016-06-29 01:00:00,1,Beijing,XGBoost,106.916667,110.01684,test
2016-06-29 01:00:00,2016-06-29 02:00:00,1,Beijing,XGBoost,101.166667,106.179985,test
2016-06-29 02:00:00,2016-06-29 03:00:00,1,Beijing,XGBoost,98.0,100.068115,test
2016-06-29 03:00:00,2016-06-29 04:00:00,1,Beijing,XGBoost,98.833333,96.9097,test
2016-06-29 04:00:00,2016-06-29 05:00:00,1,Beijing,XGBoost,102.0,101.13981,test
2016-06-29 05:00:00,2016-06-29 06:00:00,1,Beijing,XGBoost,106.5,106.035774,test
2016-06-29 06:00:00,2016-06-29 07:00:00,1,Beijing,XGBoost,106.0,109.82591,test
2016-06-29 07:00:00,2016-06-29 08:00:00,1,Beijing,XGBoost,108.583333,109.28038,test
2016-06-29 08:00:00,2016-06-29 09:00:00,1,Beijing,XGBoost,117.166667,116.58762,test
2016-06-29 09:00:00,2016-06-29 10:00:00,1,Beijing,XGBoost,119.833333,126.18583,test
2016-06-29 10:00:00,2016-06-29 11:00:00,1,Beijing,XGBoost,114.75,126.750755,test
2016-06-29 11:00:00,2016-06-29 12:00:00,1,Beijing,XGBoost,105.416667,113.485565,test
2016-06-29 12:00:00,2016-06-29 13:00:00,1,Beijing,XGBoost,110.083333,104.79184,test
2016-06-29 13:00:00,2016-06-29 14:00:00,1,Beijing,XGBoost,115.583333,108.68327,test
2016-06-29 14:00:00,2016-06-29 15:00:00,1,Beijing,XGBoost,113.75,114.35882,test
2016-06-29 15:00:00,2016-06-29 16:00:00,1,Beijing,XGBoost,110.25,112.222534,test
2016-06-29 16:00:00,2016-06-29 17:00:00,1,Beijing,XGBoost,106.583333,109.660255,test
2016-06-29 17:00:00,2016-06-29 18:00:00,1,Beijing,XGBoost,113.916667,104.307014,test
2016-06-29 18:00:00,2016-06-29 19:00:00,1,Beijing,XGBoost,116.75,107.565254,test
2016-06-29 19:00:00,2016-06-29 20:00:00,1,Beijing,XGBoost,122.583333,114.11837,test
2016-06-29 20:00:00,2016-06-29 21:00:00,1,Beijing,XGBoost,120.416667,129.61012,test
2016-06-29 21:00:00,2016-06-29 22:00:00,1,Beijing,XGBoost,123.083333,124.00591,test
2016-06-29 22:00:00,2016-06-29 23:00:00,1,Beijing,XGBoost,115.083333,125.132576,test
2016-06-29 23:00:00,2016-06-30 00:00:00,1,Beijing,XGBoost,106.666667,111.00728,test
2016-06-30 00:00:00,2016-06-30 01:00:00,1,Beijing,XGBoost,89.333333,103.660225,test
2016-06-30 01:00:00,2016-06-30 02:00:00,1,Beijing,XGBoost,80.583333,83.29434,test
2016-06-30 02:00:00,2016-06-30 03:00:00,1,Beijing,XGBoost,82.166667,74.99645,test
2016-06-30 03:00:00,2016-06-30 04:00:00,1,Beijing,XGBoost,67.0,82.56238,test
2016-06-30 04:00:00,2016-06-30 05:00:00,1,Beijing,XGBoost,57.0,65.43733,test
2016-06-30 05:00:00,2016-06-30 06:00:00,1,Beijing,XGBoost,56.25,50.412415,test
2016-06-30 06:00:00,2016-06-30 07:00:00,1,Beijing,XGBoost,61.916667,53.01268,test
2016-06-30 07:00:00,2016-06-30 08:00:00,1,Beijing,XGBoost,61.833333,66.48585,test
2016-06-30 08:00:00,2016-06-30 09:00:00,1,Beijing,XGBoost,69.75,66.14662,test
2016-06-30 09:00:00,2016-06-30 10:00:00,1,Beijing,XGBoost,71.583333,73.906166,test
2016-06-30 10:00:00,2016-06-30 11:00:00,1,Beijing,XGBoost,67.0,76.593925,test
2016-06-30 11:00:00,2016-06-30 12:00:00,1,Beijing,XGBoost,66.5,67.561935,test
2016-06-30 12:00:00,2016-06-30 13:00:00,1,Beijing,XGBoost,56.75,65.67446,test
2016-06-30 13:00:00,2016-06-30 14:00:00,1,Beijing,XGBoost,51.0,55.20122,test
2016-06-30 14:00:00,2016-06-30 15:00:00,1,Beijing,XGBoost,48.25,48.148846,test
2016-06-30 15:00:00,2016-06-30 16:00:00,1,Beijing,XGBoost,41.083333,47.258823,test
2016-06-30 16:00:00,2016-06-30 17:00:00,1,Beijing,XGBoost,34.25,39.888657,test
2016-06-30 17:00:00,2016-06-30 18:00:00,1,Beijing,XGBoost,30.25,33.969315,test
2016-06-30 18:00:00,2016-06-30 19:00:00,1,Beijing,XGBoost,30.083333,30.446123,test
2016-06-30 19:00:00,2016-06-30 20:00:00,1,Beijing,XGBoost,39.75,33.508457,test
2016-06-30 20:00:00,2016-06-30 21:00:00,1,Beijing,XGBoost,56.75,45.764576,test
2016-06-30 21:00:00,2016-06-30 22:00:00,1,Beijing,XGBoost,69.166667,62.263363,test
2016-06-30 22:00:00,2016-06-30 23:00:00,1,Beijing,XGBoost,85.416667,76.23508,test
2016-06-30 23:00:00,2016-07-01 00:00:00,1,Beijing,XGBoost,90.166667,86.97147,test
2016-07-01 00:00:00,2016-07-01 01:00:00,1,Beijing,XGBoost,26.666667,89.48911,test
2016-07-01 01:00:00,2016-07-01 02:00:00,1,Beijing,XGBoost,8.416667,20.893305,test
2016-07-01 02:00:00,2016-07-01 03:00:00,1,Beijing,XGBoost,9.5,17.728424,test
2016-07-01 03:00:00,2016-07-01 04:00:00,1,Beijing,XGBoost,9.583333,10.856721,test
2016-07-01 04:00:00,2016-07-01 05:00:00,1,Beijing,XGBoost,10.916667,9.861017,test
2016-07-01 05:00:00,2016-07-01 06:00:00,1,Beijing,XGBoost,10.75,11.290771,test
2016-07-01 06:00:00,2016-07-01 07:00:00,1,Beijing,XGBoost,10.666667,11.367825,test
2016-07-01 07:00:00,2016-07-01 08:00:00,1,Beijing,XGBoost,11.5,10.942945,test
2016-07-01 08:00:00,2016-07-01 09:00:00,1,Beijing,XGBoost,10.416667,11.500184,test
2016-07-01 09:00:00,2016-07-01 10:00:00,1,Beijing,XGBoost,8.333333,10.109201,test
2016-07-01 10:00:00,2016-07-01 11:00:00,1,Beijing,XGBoost,6.666667,8.26829,test
2016-07-01 11:00:00,2016-07-01 12:00:00,1,Beijing,XGBoost,7.666667,7.0118885,test
2016-07-01 12:00:00,2016-07-01 13:00:00,1,Beijing,XGBoost,6.833333,6.961697,test
2016-07-01 13:00:00,2016-07-01 14:00:00,1,Beijing,XGBoost,8.833333,6.804302,test
2016-07-01 14:00:00,2016-07-01 15:00:00,1,Beijing,XGBoost,9.138889,8.707315,test
2016-07-01 15:00:00,2016-07-01 16:00:00,1,Beijing,XGBoost,9.194444,9.0627365,test
2016-07-01 16:00:00,2016-07-01 17:00:00,1,Beijing,XGBoost,7.333333,9.708259,test
2016-07-01 17:00:00,2016-07-01 18:00:00,1,Beijing,XGBoost,10.083333,8.521806,test
2016-07-01 18:00:00,2016-07-01 19:00:00,1,Beijing,XGBoost,15.25,11.051743,test
2016-07-01 19:00:00,2016-07-01 20:00:00,1,Beijing,XGBoost,19.333333,16.362194,test
2016-07-01 20:00:00,2016-07-01 21:00:00,1,Beijing,XGBoost,20.25,22.26567,test
2016-07-01 21:00:00,2016-07-01 22:00:00,1,Beijing,XGBoost,23.25,21.95407,test
2016-07-01 22:00:00,2016-07-01 23:00:00,1,Beijing,XGBoost,28.25,25.122171,test
2016-07-01 23:00:00,2016-07-02 00:00:00,1,Beijing,XGBoost,27.583333,30.690275,test
2016-07-02 00:00:00,2016-07-02 01:00:00,1,Beijing,XGBoost,27.583333,29.145128,test
2016-07-02 01:00:00,2016-07-02 02:00:00,1,Beijing,XGBoost,31.166667,27.95951,test
2016-07-02 02:00:00,2016-07-02 03:00:00,1,Beijing,XGBoost,35.5,31.378077,test
2016-07-02 03:00:00,2016-07-02 04:00:00,1,Beijing,XGBoost,41.666667,35.533882,test
2016-07-02 04:00:00,2016-07-02 05:00:00,1,Beijing,XGBoost,46.5,43.198906,test
2016-07-02 05:00:00,2016-07-02 06:00:00,1,Beijing,XGBoost,49.416667,47.945133,test
2016-07-02 06:00:00,2016-07-02 07:00:00,1,Beijing,XGBoost,58.5,48.59947,test
2016-07-02 07:00:00,2016-07-02 08:00:00,1,Beijing,XGBoost,74.083333,60.83535,test
2016-07-02 08:00:00,2016-07-02 09:00:00,1,Beijing,XGBoost,88.0,80.249214,test
2016-07-02 09:00:00,2016-07-02 10:00:00,1,Beijing,XGBoost,84.541667,94.05494,test
2016-07-02 10:00:00,2016-07-02 11:00:00,1,Beijing,XGBoost,71.583333,85.892815,test
2016-07-02 11:00:00,2016-07-02 12:00:00,1,Beijing,XGBoost,64.041667,68.47,test
2016-07-02 12:00:00,2016-07-02 13:00:00,1,Beijing,XGBoost,58.083333,55.36553,test
2016-07-02 13:00:00,2016-07-02 14:00:00,1,Beijing,XGBoost,43.375,52.452522,test
2016-07-02 14:00:00,2016-07-02 15:00:00,1,Beijing,XGBoost,30.583333,37.244408,test
2016-07-02 15:00:00,2016-07-02 16:00:00,1,Beijing,XGBoost,25.25,25.84072,test
2016-07-02 16:00:00,2016-07-02 17:00:00,1,Beijing,XGBoost,22.75,23.469015,test
2016-07-02 17:00:00,2016-07-02 18:00:00,1,Beijing,XGBoost,24.75,23.675343,test
2016-07-02 18:00:00,2016-07-02 19:00:00,1,Beijing,XGBoost,26.666667,25.826372,test
2016-07-02 19:00:00,2016-07-02 20:00:00,1,Beijing,XGBoost,24.625,29.458742,test
2016-07-02 20:00:00,2016-07-02 21:00:00,1,Beijing,XGBoost,24.666667,26.602749,test
2016-07-02 21:00:00,2016-07-02 22:00:00,1,Beijing,XGBoost,32.75,26.945583,test
2016-07-02 22:00:00,2016-07-02 23:00:00,1,Beijing,XGBoost,38.958333,34.29238,test
2016-07-02 23:00:00,2016-07-03 00:00:00,1,Beijing,XGBoost,43.75,41.39126,test
2016-07-03 00:00:00,2016-07-03 01:00:00,1,Beijing,XGBoost,43.666667,45.592297,test
2016-07-03 01:00:00,2016-07-03 02:00:00,1,Beijing,XGBoost,51.166667,44.43497,test
2016-07-03 02:00:00,2016-07-03 03:00:00,1,Beijing,XGBoost,56.0,52.412727,test
2016-07-03 03:00:00,2016-07-03 04:00:00,1,Beijing,XGBoost,59.416667,56.900845,test
2016-07-03 04:00:00,2016-07-03 05:00:00,1,Beijing,XGBoost,61.333333,61.41087,test
2016-07-03 05:00:00,2016-07-03 06:00:00,1,Beijing,XGBoost,57.666667,63.45171,test
2016-07-03 06:00:00,2016-07-03 07:00:00,1,Beijing,XGBoost,59.416667,59.414417,test
2016-07-03 07:00:00,2016-07-03 08:00:00,1,Beijing,XGBoost,64.25,61.666233,test
2016-07-03 08:00:00,2016-07-03 09:00:00,1,Beijing,XGBoost,79.0,66.49514,test
2016-07-03 09:00:00,2016-07-03 10:00:00,1,Beijing,XGBoost,89.833333,82.44401,test
2016-07-03 10:00:00,2016-07-03 11:00:00,1,Beijing,XGBoost,91.833333,93.580574,test
2016-07-03 11:00:00,2016-07-03 12:00:00,1,Beijing,XGBoost,89.333333,94.3828,test
2016-07-03 12:00:00,2016-07-03 13:00:00,1,Beijing,XGBoost,89.333333,88.40616,test
2016-07-03 13:00:00,2016-07-03 14:00:00,1,Beijing,XGBoost,83.166667,87.011894,test
2016-07-03 14:00:00,2016-07-03 15:00:00,1,Beijing,XGBoost,76.416667,80.042404,test
2016-07-03 15:00:00,2016-07-03 16:00:00,1,Beijing,XGBoost,75.833333,71.90092,test
2016-07-03 16:00:00,2016-07-03 17:00:00,1,Beijing,XGBoost,76.166667,73.87781,test
2016-07-03 17:00:00,2016-07-03 18:00:00,1,Beijing,XGBoost,78.25,74.890175,test
2016-07-03 18:00:00,2016-07-03 19:00:00,1,Beijing,XGBoost,81.25,78.248375,test
2016-07-03 19:00:00,2016-07-03 20:00:00,1,Beijing,XGBoost,92.0,82.18025,test
2016-07-03 20:00:00,2016-07-03 21:00:00,1,Beijing,XGBoost,93.166667,95.85999,test
2016-07-03 21:00:00,2016-07-03 22:00:00,1,Beijing,XGBoost,97.75,99.11509,test
2016-07-03 22:00:00,2016-07-03 23:00:00,1,Beijing,XGBoost,107.083333,100.70006,test
2016-07-03 23:00:00,2016-07-04 00:00:00,1,Beijing,XGBoost,115.666667,110.38354,test
2016-07-04 00:00:00,2016-07-04 01:00:00,1,Beijing,XGBoost,128.25,116.66797,test
2016-07-04 01:00:00,2016-07-04 02:00:00,1,Beijing,XGBoost,137.583333,133.39532,test
2016-07-04 02:00:00,2016-07-04 03:00:00,1,Beijing,XGBoost,145.166667,142.09386,test
2016-07-04 03:00:00,2016-07-04 04:00:00,1,Beijing,XGBoost,163.916667,150.86035,test
2016-07-04 04:00:00,2016-07-04 05:00:00,1,Beijing,XGBoost,200.583333,170.48163,test
2016-07-04 05:00:00,2016-07-04 06:00:00,1,Beijing,XGBoost,208.666667,214.75511,test
2016-07-04 06:00:00,2016-07-04 07:00:00,1,Beijing,XGBoost,202.0,211.45598,test
2016-07-04 07:00:00,2016-07-04 08:00:00,1,Beijing,XGBoost,197.25,204.497,test
2016-07-04 08:00:00,2016-07-04 09:00:00,1,Beijing,XGBoost,185.166667,192.29927,test
2016-07-04 09:00:00,2016-07-04 10:00:00,1,Beijing,XGBoost,172.083333,180.1303,test
2016-07-04 10:00:00,2016-07-04 11:00:00,1,Beijing,XGBoost,150.25,157.84741,test
2016-07-04 11:00:00,2016-07-04 12:00:00,1,Beijing,XGBoost,126.916667,137.09726,test
2016-07-04 12:00:00,2016-07-04 13:00:00,1,Beijing,XGBoost,112.333333,107.03461,test
2016-07-04 13:00:00,2016-07-04 14:00:00,1,Beijing,XGBoost,103.75,100.37681,test
2016-07-04 14:00:00,2016-07-04 15:00:00,1,Beijing,XGBoost,108.083333,94.5237,test
2016-07-04 15:00:00,2016-07-04 16:00:00,1,Beijing,XGBoost,108.208333,99.89181,test
2016-07-04 16:00:00,2016-07-04 17:00:00,1,Beijing,XGBoost,101.916667,108.92538,test
2016-07-04 17:00:00,2016-07-04 18:00:00,1,Beijing,XGBoost,100.916667,98.11694,test
2016-07-04 18:00:00,2016-07-04 19:00:00,1,Beijing,XGBoost,103.166667,95.702705,test
2016-07-04 19:00:00,2016-07-04 20:00:00,1,Beijing,XGBoost,102.333333,100.79401,test
2016-07-04 20:00:00,2016-07-04 21:00:00,1,Beijing,XGBoost,99.25,100.287346,test
2016-07-04 21:00:00,2016-07-04 22:00:00,1,Beijing,XGBoost,71.583333,96.59182,test
2016-07-04 22:00:00,2016-07-04 23:00:00,1,Beijing,XGBoost,56.916667,64.12969,test
2016-07-04 23:00:00,2016-07-05 00:00:00,1,Beijing,XGBoost,49.944444,43.90944,test
2016-07-05 00:00:00,2016-07-05 01:00:00,1,Beijing,XGBoost,60.138889,45.121902,test
2016-07-05 01:00:00,2016-07-05 02:00:00,1,Beijing,XGBoost,80.833333,62.922756,test
2016-07-05 02:00:00,2016-07-05 03:00:00,1,Beijing,XGBoost,100.666667,86.28856,test
2016-07-05 03:00:00,2016-07-05 04:00:00,1,Beijing,XGBoost,110.0,111.48456,test
2016-07-05 04:00:00,2016-07-05 05:00:00,1,Beijing,XGBoost,112.75,115.14089,test
2016-07-05 05:00:00,2016-07-05 06:00:00,1,Beijing,XGBoost,115.75,116.650314,test
2016-07-05 06:00:00,2016-07-05 07:00:00,1,Beijing,XGBoost,113.0,117.777214,test
2016-07-05 07:00:00,2016-07-05 08:00:00,1,Beijing,XGBoost,110.583333,114.346924,test
2016-07-05 08:00:00,2016-07-05 09:00:00,1,Beijing,XGBoost,109.666667,111.20106,test
2016-07-05 09:00:00,2016-07-05 10:00:00,1,Beijing,XGBoost,101.583333,111.77299,test
2016-07-05 10:00:00,2016-07-05 11:00:00,1,Beijing,XGBoost,98.25,99.88248,test
2016-07-05 11:00:00,2016-07-05 12:00:00,1,Beijing,XGBoost,91.416667,91.29832,test
2016-07-05 12:00:00,2016-07-05 13:00:00,1,Beijing,XGBoost,88.166667,87.20413,test
2016-07-05 13:00:00,2016-07-05 14:00:00,1,Beijing,XGBoost,88.083333,82.166855,test
2016-07-05 14:00:00,2016-07-05 15:00:00,1,Beijing,XGBoost,87.416667,86.127464,test
2016-07-05 15:00:00,2016-07-05 16:00:00,1,Beijing,XGBoost,83.583333,86.46724,test
2016-07-05 16:00:00,2016-07-05 17:00:00,1,Beijing,XGBoost,85.333333,82.359535,test
2016-07-05 17:00:00,2016-07-05 18:00:00,1,Beijing,XGBoost,81.916667,82.57944,test
2016-07-05 18:00:00,2016-07-05 19:00:00,1,Beijing,XGBoost,79.166667,78.95125,test
2016-07-05 19:00:00,2016-07-05 20:00:00,1,Beijing,XGBoost,79.833333,75.54447,test
2016-07-05 20:00:00,2016-07-05 21:00:00,1,Beijing,XGBoost,81.333333,80.29551,test
2016-07-05 21:00:00,2016-07-05 22:00:00,1,Beijing,XGBoost,85.25,83.12561,test
2016-07-05 22:00:00,2016-07-05 23:00:00,1,Beijing,XGBoost,92.5,88.901085,test
2016-07-05 23:00:00,2016-07-06 00:00:00,1,Beijing,XGBoost,99.833333,94.47635,test
2016-07-06 00:00:00,2016-07-06 01:00:00,1,Beijing,XGBoost,95.583333,101.98833,test
2016-07-06 01:00:00,2016-07-06 02:00:00,1,Beijing,XGBoost,83.25,94.85157,test
2016-07-06 02:00:00,2016-07-06 03:00:00,1,Beijing,XGBoost,73.083333,76.07446,test
2016-07-06 03:00:00,2016-07-06 04:00:00,1,Beijing,XGBoost,64.5,68.76812,test
2016-07-06 04:00:00,2016-07-06 05:00:00,1,Beijing,XGBoost,62.166667,61.36477,test
2016-07-06 05:00:00,2016-07-06 06:00:00,1,Beijing,XGBoost,72.666667,62.221443,test
2016-07-06 06:00:00,2016-07-06 07:00:00,1,Beijing,XGBoost,76.083333,73.88135,test
2016-07-06 07:00:00,2016-07-06 08:00:00,1,Beijing,XGBoost,87.0,77.772514,test
2016-07-06 08:00:00,2016-07-06 09:00:00,1,Beijing,XGBoost,99.0,92.86232,test
2016-07-06 09:00:00,2016-07-06 10:00:00,1,Beijing,XGBoost,102.75,104.62016,test
2016-07-06 10:00:00,2016-07-06 11:00:00,1,Beijing,XGBoost,104.666667,106.16669,test
2016-07-06 11:00:00,2016-07-06 12:00:00,1,Beijing,XGBoost,102.666667,106.89481,test
2016-07-06 12:00:00,2016-07-06 13:00:00,1,Beijing,XGBoost,95.25,100.322,test
2016-07-06 13:00:00,2016-07-06 14:00:00,1,Beijing,XGBoost,81.833333,90.57193,test
2016-07-06 14:00:00,2016-07-06 15:00:00,1,Beijing,XGBoost,73.333333,69.1647,test
2016-07-06 15:00:00,2016-07-06 16:00:00,1,Beijing,XGBoost,66.0,61.870247,test
2016-07-06 16:00:00,2016-07-06 17:00:00,1,Beijing,XGBoost,53.083333,57.801296,test
2016-07-06 17:00:00,2016-07-06 18:00:00,1,Beijing,XGBoost,45.833333,49.018658,test
2016-07-06 18:00:00,2016-07-06 19:00:00,1,Beijing,XGBoost,43.916667,41.13603,test
2016-07-06 19:00:00,2016-07-06 20:00:00,1,Beijing,XGBoost,47.583333,42.23585,test
2016-07-06 20:00:00,2016-07-06 21:00:00,1,Beijing,XGBoost,54.416667,50.03814,test
2016-07-06 21:00:00,2016-07-06 22:00:00,1,Beijing,XGBoost,63.25,56.790054,test
2016-07-06 22:00:00,2016-07-06 23:00:00,1,Beijing,XGBoost,73.0,66.785286,test
2016-07-06 23:00:00,2016-07-07 00:00:00,1,Beijing,XGBoost,80.666667,77.889694,test
2016-07-07 00:00:00,2016-07-07 01:00:00,1,Beijing,XGBoost,85.666667,83.23333,test
2016-07-07 01:00:00,2016-07-07 02:00:00,1,Beijing,XGBoost,87.916667,87.86012,test
2016-07-07 02:00:00,2016-07-07 03:00:00,1,Beijing,XGBoost,92.333333,89.25781,test
2016-07-07 03:00:00,2016-07-07 04:00:00,1,Beijing,XGBoost,92.416667,92.83096,test
2016-07-07 04:00:00,2016-07-07 05:00:00,1,Beijing,XGBoost,97.166667,94.50309,test
2016-07-07 05:00:00,2016-07-07 06:00:00,1,Beijing,XGBoost,104.916667,99.616776,test
2016-07-07 06:00:00,2016-07-07 07:00:00,1,Beijing,XGBoost,120.583333,109.665726,test
2016-07-07 07:00:00,2016-07-07 08:00:00,1,Beijing,XGBoost,116.916667,126.2993,test
2016-07-07 08:00:00,2016-07-07 09:00:00,1,Beijing,XGBoost,119.75,121.81076,test
2016-07-07 09:00:00,2016-07-07 10:00:00,1,Beijing,XGBoost,121.083333,121.56955,test
2016-07-07 10:00:00,2016-07-07 11:00:00,1,Beijing,XGBoost,125.916667,124.63885,test
2016-07-07 11:00:00,2016-07-07 12:00:00,1,Beijing,XGBoost,128.916667,125.98587,test
2016-07-07 12:00:00,2016-07-07 13:00:00,1,Beijing,XGBoost,128.666667,129.32373,test
2016-07-07 13:00:00,2016-07-07 14:00:00,1,Beijing,XGBoost,126.75,127.316956,test
2016-07-07 14:00:00,2016-07-07 15:00:00,1,Beijing,XGBoost,118.666667,122.53006,test
2016-07-07 15:00:00,2016-07-07 16:00:00,1,Beijing,XGBoost,113.5,109.243706,test
2016-07-07 16:00:00,2016-07-07 17:00:00,1,Beijing,XGBoost,110.083333,107.67889,test
2016-07-07 17:00:00,2016-07-07 18:00:00,1,Beijing,XGBoost,110.916667,102.649124,test
2016-07-07 18:00:00,2016-07-07 19:00:00,1,Beijing,XGBoost,112.916667,107.87418,test
2016-07-07 19:00:00,2016-07-07 20:00:00,1,Beijing,XGBoost,121.416667,108.61123,test
2016-07-07 20:00:00,2016-07-07 21:00:00,1,Beijing,XGBoost,120.583333,121.48423,test
2016-07-07 21:00:00,2016-07-07 22:00:00,1,Beijing,XGBoost,103.583333,119.21151,test
2016-07-07 22:00:00,2016-07-07 23:00:00,1,Beijing,XGBoost,91.333333,94.253006,test
2016-07-07 23:00:00,2016-07-08 00:00:00,1,Beijing,XGBoost,82.75,82.11219,test
2016-07-08 00:00:00,2016-07-08 01:00:00,1,Beijing,XGBoost,74.333333,73.33458,test
2016-07-08 01:00:00,2016-07-08 02:00:00,1,Beijing,XGBoost,65.25,70.547226,test
2016-07-08 02:00:00,2016-07-08 03:00:00,1,Beijing,XGBoost,63.916667,59.321777,test
2016-07-08 03:00:00,2016-07-08 04:00:00,1,Beijing,XGBoost,61.0,60.291157,test
2016-07-08 04:00:00,2016-07-08 05:00:00,1,Beijing,XGBoost,62.083333,58.80832,test
2016-07-08 05:00:00,2016-07-08 06:00:00,1,Beijing,XGBoost,64.583333,63.41181,test
2016-07-08 06:00:00,2016-07-08 07:00:00,1,Beijing,XGBoost,65.166667,68.01227,test
2016-07-08 07:00:00,2016-07-08 08:00:00,1,Beijing,XGBoost,68.75,69.06704,test
2016-07-08 08:00:00,2016-07-08 09:00:00,1,Beijing,XGBoost,71.0,71.66355,test
2016-07-08 09:00:00,2016-07-08 10:00:00,1,Beijing,XGBoost,79.416667,75.4924,test
2016-07-08 10:00:00,2016-07-08 11:00:00,1,Beijing,XGBoost,88.083333,84.01636,test
2016-07-08 11:00:00,2016-07-08 12:00:00,1,Beijing,XGBoost,98.083333,95.97833,test
2016-07-08 12:00:00,2016-07-08 13:00:00,1,Beijing,XGBoost,108.833333,102.86864,test
2016-07-08 13:00:00,2016-07-08 14:00:00,1,Beijing,XGBoost,122.0,111.66774,test
2016-07-08 14:00:00,2016-07-08 15:00:00,1,Beijing,XGBoost,130.166667,125.35095,test
2016-07-08 15:00:00,2016-07-08 16:00:00,1,Beijing,XGBoost,131.583333,133.98053,test
2016-07-08 16:00:00,2016-07-08 17:00:00,1,Beijing,XGBoost,125.416667,131.70903,test
2016-07-08 17:00:00,2016-07-08 18:00:00,1,Beijing,XGBoost,117.5,125.02824,test
2016-07-08 18:00:00,2016-07-08 19:00:00,1,Beijing,XGBoost,111.666667,114.45708,test
2016-07-08 19:00:00,2016-07-08 20:00:00,1,Beijing,XGBoost,105.166667,107.40996,test
2016-07-08 20:00:00,2016-07-08 21:00:00,1,Beijing,XGBoost,110.5,104.88453,test
2016-07-08 21:00:00,2016-07-08 22:00:00,1,Beijing,XGBoost,119.583333,109.2192,test
2016-07-08 22:00:00,2016-07-08 23:00:00,1,Beijing,XGBoost,96.166667,122.26484,test
2016-07-08 23:00:00,2016-07-09 00:00:00,1,Beijing,XGBoost,69.833333,91.03101,test
2016-07-09 00:00:00,2016-07-09 01:00:00,1,Beijing,XGBoost,61.0,60.039932,test
2016-07-09 01:00:00,2016-07-09 02:00:00,1,Beijing,XGBoost,56.333333,55.59977,test
2016-07-09 02:00:00,2016-07-09 03:00:00,1,Beijing,XGBoost,56.333333,54.57048,test
2016-07-09 03:00:00,2016-07-09 04:00:00,1,Beijing,XGBoost,62.333333,58.48567,test
2016-07-09 04:00:00,2016-07-09 05:00:00,1,Beijing,XGBoost,65.583333,65.64178,test
2016-07-09 05:00:00,2016-07-09 06:00:00,1,Beijing,XGBoost,64.416667,70.13035,test
2016-07-09 06:00:00,2016-07-09 07:00:00,1,Beijing,XGBoost,65.333333,67.9691,test
2016-07-09 07:00:00,2016-07-09 08:00:00,1,Beijing,XGBoost,68.166667,68.14165,test
2016-07-09 08:00:00,2016-07-09 09:00:00,1,Beijing,XGBoost,75.5,70.959755,test
2016-07-09 09:00:00,2016-07-09 10:00:00,1,Beijing,XGBoost,82.583333,79.21979,test
2016-07-09 10:00:00,2016-07-09 11:00:00,1,Beijing,XGBoost,89.666667,86.77289,test
2016-07-09 11:00:00,2016-07-09 12:00:00,1,Beijing,XGBoost,98.333333,92.628586,test
2016-07-09 12:00:00,2016-07-09 13:00:00,1,Beijing,XGBoost,106.0,99.06429,test
2016-07-09 13:00:00,2016-07-09 14:00:00,1,Beijing,XGBoost,107.833333,104.87636,test
2016-07-09 14:00:00,2016-07-09 15:00:00,1,Beijing,XGBoost,95.25,103.06621,test
2016-07-09 15:00:00,2016-07-09 16:00:00,1,Beijing,XGBoost,84.333333,90.71328,test
2016-07-09 16:00:00,2016-07-09 17:00:00,1,Beijing,XGBoost,82.416667,78.30357,test
2016-07-09 17:00:00,2016-07-09 18:00:00,1,Beijing,XGBoost,83.166667,77.59817,test
2016-07-09 18:00:00,2016-07-09 19:00:00,1,Beijing,XGBoost,82.916667,80.98847,test
2016-07-09 19:00:00,2016-07-09 20:00:00,1,Beijing,XGBoost,80.333333,82.685524,test
2016-07-09 20:00:00,2016-07-09 21:00:00,1,Beijing,XGBoost,85.0,82.92283,test
2016-07-09 21:00:00,2016-07-09 22:00:00,1,Beijing,XGBoost,92.0,85.45786,test
2016-07-09 22:00:00,2016-07-09 23:00:00,1,Beijing,XGBoost,104.583333,94.18368,test
2016-07-09 23:00:00,2016-07-10 00:00:00,1,Beijing,XGBoost,97.833333,108.027954,test
2016-07-10 00:00:00,2016-07-10 01:00:00,1,Beijing,XGBoost,95.25,100.80739,test
2016-07-10 01:00:00,2016-07-10 02:00:00,1,Beijing,XGBoost,98.083333,94.13676,test
2016-07-10 02:00:00,2016-07-10 03:00:00,1,Beijing,XGBoost,104.583333,98.705795,test
2016-07-10 03:00:00,2016-07-10 04:00:00,1,Beijing,XGBoost,108.916667,109.057785,test
2016-07-10 04:00:00,2016-07-10 05:00:00,1,Beijing,XGBoost,115.25,111.27466,test
2016-07-10 05:00:00,2016-07-10 06:00:00,1,Beijing,XGBoost,119.916667,116.634415,test
2016-07-10 06:00:00,2016-07-10 07:00:00,1,Beijing,XGBoost,126.166667,123.29486,test
2016-07-10 07:00:00,2016-07-10 08:00:00,1,Beijing,XGBoost,135.25,129.31064,test
2016-07-10 08:00:00,2016-07-10 09:00:00,1,Beijing,XGBoost,139.0,139.97307,test
2016-07-10 09:00:00,2016-07-10 10:00:00,1,Beijing,XGBoost,146.25,142.13007,test
2016-07-10 10:00:00,2016-07-10 11:00:00,1,Beijing,XGBoost,147.5,149.71564,test
2016-07-10 11:00:00,2016-07-10 12:00:00,1,Beijing,XGBoost,133.75,148.5668,test
2016-07-10 12:00:00,2016-07-10 13:00:00,1,Beijing,XGBoost,98.0,125.04001,test
2016-07-10 13:00:00,2016-07-10 14:00:00,1,Beijing,XGBoost,77.666667,79.534874,test
2016-07-10 14:00:00,2016-07-10 15:00:00,1,Beijing,XGBoost,65.5,63.933453,test
2016-07-10 15:00:00,2016-07-10 16:00:00,1,Beijing,XGBoost,52.666667,53.631695,test
2016-07-10 16:00:00,2016-07-10 17:00:00,1,Beijing,XGBoost,60.333333,48.87485,test
2016-07-10 17:00:00,2016-07-10 18:00:00,1,Beijing,XGBoost,61.0,59.540108,test
2016-07-10 18:00:00,2016-07-10 19:00:00,1,Beijing,XGBoost,63.666667,64.28588,test
2016-07-10 19:00:00,2016-07-10 20:00:00,1,Beijing,XGBoost,61.666667,64.03254,test
2016-07-10 20:00:00,2016-07-10 21:00:00,1,Beijing,XGBoost,58.416667,62.929226,test
2016-07-10 21:00:00,2016-07-10 22:00:00,1,Beijing,XGBoost,53.833333,58.37256,test
2016-07-10 22:00:00,2016-07-10 23:00:00,1,Beijing,XGBoost,57.5,51.86579,test
2016-07-10 23:00:00,2016-07-11 00:00:00,1,Beijing,XGBoost,53.583333,57.86723,test
2016-07-11 00:00:00,2016-07-11 01:00:00,1,Beijing,XGBoost,54.0,54.906754,test
2016-07-11 01:00:00,2016-07-11 02:00:00,1,Beijing,XGBoost,55.916667,54.224,test
2016-07-11 02:00:00,2016-07-11 03:00:00,1,Beijing,XGBoost,64.166667,57.44921,test
2016-07-11 03:00:00,2016-07-11 04:00:00,1,Beijing,XGBoost,73.166667,67.40969,test
2016-07-11 04:00:00,2016-07-11 05:00:00,1,Beijing,XGBoost,80.916667,79.24497,test
2016-07-11 05:00:00,2016-07-11 06:00:00,1,Beijing,XGBoost,87.416667,84.54801,test
2016-07-11 06:00:00,2016-07-11 07:00:00,1,Beijing,XGBoost,92.833333,91.308136,test
2016-07-11 07:00:00,2016-07-11 08:00:00,1,Beijing,XGBoost,99.0,96.701096,test
2016-07-11 08:00:00,2016-07-11 09:00:00,1,Beijing,XGBoost,105.416667,104.563934,test
2016-07-11 09:00:00,2016-07-11 10:00:00,1,Beijing,XGBoost,111.25,109.28121,test
2016-07-11 10:00:00,2016-07-11 11:00:00,1,Beijing,XGBoost,114.027778,104.68408,test
2016-07-11 11:00:00,2016-07-11 12:00:00,1,Beijing,XGBoost,113.555556,108.47578,test
2016-07-11 12:00:00,2016-07-11 13:00:00,1,Beijing,XGBoost,105.090909,99.69596,test
2016-07-11 13:00:00,2016-07-11 14:00:00,1,Beijing,XGBoost,89.545455,99.01881,test
2016-07-11 14:00:00,2016-07-11 15:00:00,1,Beijing,XGBoost,88.272727,77.695114,test
2016-07-11 15:00:00,2016-07-11 16:00:00,1,Beijing,XGBoost,92.090909,79.360855,test
2016-07-11 16:00:00,2016-07-11 17:00:00,1,Beijing,XGBoost,90.363636,89.15441,test
2016-07-11 17:00:00,2016-07-11 18:00:00,1,Beijing,XGBoost,85.909091,87.59056,test
2016-07-11 18:00:00,2016-07-11 19:00:00,1,Beijing,XGBoost,89.272727,84.23494,test
2016-07-11 19:00:00,2016-07-11 20:00:00,1,Beijing,XGBoost,92.363636,87.64545,test
2016-07-11 20:00:00,2016-07-11 21:00:00,1,Beijing,XGBoost,86.090909,91.95951,test
2016-07-11 21:00:00,2016-07-11 22:00:00,1,Beijing,XGBoost,79.363636,86.191696,test
2016-07-11 22:00:00,2016-07-11 23:00:00,1,Beijing,XGBoost,76.363636,76.05815,test
2016-07-11 23:00:00,2016-07-12 00:00:00,1,Beijing,XGBoost,68.545455,73.96321,test
2016-07-12 00:00:00,2016-07-12 01:00:00,1,Beijing,XGBoost,61.272727,64.77863,test
2016-07-12 01:00:00,2016-07-12 02:00:00,1,Beijing,XGBoost,58.181818,58.151814,test
2016-07-12 02:00:00,2016-07-12 03:00:00,1,Beijing,XGBoost,60.909091,55.76723,test
2016-07-12 03:00:00,2016-07-12 04:00:00,1,Beijing,XGBoost,59.090909,60.07235,test
2016-07-12 04:00:00,2016-07-12 05:00:00,1,Beijing,XGBoost,58.909091,61.77029,test
2016-07-12 05:00:00,2016-07-12 06:00:00,1,Beijing,XGBoost,59.545455,61.847843,test
2016-07-12 06:00:00,2016-07-12 07:00:00,1,Beijing,XGBoost,61.545455,62.371532,test
2016-07-12 07:00:00,2016-07-12 08:00:00,1,Beijing,XGBoost,64.545455,65.49829,test
2016-07-12 08:00:00,2016-07-12 09:00:00,1,Beijing,XGBoost,69.363636,62.96922,test
2016-07-12 09:00:00,2016-07-12 10:00:00,1,Beijing,XGBoost,50.166667,67.90316,test
2016-07-12 10:00:00,2016-07-12 11:00:00,1,Beijing,XGBoost,31.083333,45.781433,test
2016-07-12 11:00:00,2016-07-12 12:00:00,1,Beijing,XGBoost,26.090909,26.163506,test
2016-07-12 12:00:00,2016-07-12 13:00:00,1,Beijing,XGBoost,13.0,22.13891,test
2016-07-12 13:00:00,2016-07-12 14:00:00,1,Beijing,XGBoost,12.727273,14.4059,test
2016-07-12 14:00:00,2016-07-12 15:00:00,1,Beijing,XGBoost,11.363636,12.963851,test
2016-07-12 15:00:00,2016-07-12 16:00:00,1,Beijing,XGBoost,9.090909,13.210248,test
2016-07-12 16:00:00,2016-07-12 17:00:00,1,Beijing,XGBoost,7.272727,11.741505,test
2016-07-12 17:00:00,2016-07-12 18:00:00,1,Beijing,XGBoost,7.272727,9.714386,test
2016-07-12 18:00:00,2016-07-12 19:00:00,1,Beijing,XGBoost,7.909091,8.98749,test
2016-07-12 19:00:00,2016-07-12 20:00:00,1,Beijing,XGBoost,7.636364,9.664766,test
2016-07-12 20:00:00,2016-07-12 21:00:00,1,Beijing,XGBoost,8.666667,9.586428,test
2016-07-12 21:00:00,2016-07-12 22:00:00,1,Beijing,XGBoost,10.5,10.877636,test
2016-07-12 22:00:00,2016-07-12 23:00:00,1,Beijing,XGBoost,12.833333,10.907176,test
2016-07-12 23:00:00,2016-07-13 00:00:00,1,Beijing,XGBoost,12.166667,13.375992,test
2016-07-13 00:00:00,2016-07-13 01:00:00,1,Beijing,XGBoost,11.083333,13.374767,test
2016-07-13 01:00:00,2016-07-13 02:00:00,1,Beijing,XGBoost,12.583333,12.453172,test
2016-07-13 02:00:00,2016-07-13 03:00:00,1,Beijing,XGBoost,12.083333,13.411906,test
2016-07-13 03:00:00,2016-07-13 04:00:00,1,Beijing,XGBoost,16.083333,13.308736,test
2016-07-13 04:00:00,2016-07-13 05:00:00,1,Beijing,XGBoost,19.333333,16.846336,test
2016-07-13 05:00:00,2016-07-13 06:00:00,1,Beijing,XGBoost,17.833333,20.825258,test
2016-07-13 06:00:00,2016-07-13 07:00:00,1,Beijing,XGBoost,18.916667,19.152103,test
2016-07-13 07:00:00,2016-07-13 08:00:00,1,Beijing,XGBoost,18.25,19.64828,test
2016-07-13 08:00:00,2016-07-13 09:00:00,1,Beijing,XGBoost,21.833333,20.595392,test
2016-07-13 09:00:00,2016-07-13 10:00:00,1,Beijing,XGBoost,25.083333,23.34868,test
2016-07-13 10:00:00,2016-07-13 11:00:00,1,Beijing,XGBoost,17.75,25.673115,test
2016-07-13 11:00:00,2016-07-13 12:00:00,1,Beijing,XGBoost,10.666667,17.635004,test
2016-07-13 12:00:00,2016-07-13 13:00:00,1,Beijing,XGBoost,11.75,11.271501,test
2016-07-13 13:00:00,2016-07-13 14:00:00,1,Beijing,XGBoost,14.25,12.655595,test
2016-07-13 14:00:00,2016-07-13 15:00:00,1,Beijing,XGBoost,12.583333,14.905281,test
2016-07-13 15:00:00,2016-07-13 16:00:00,1,Beijing,XGBoost,16.166667,13.077875,test
2016-07-13 16:00:00,2016-07-13 17:00:00,1,Beijing,XGBoost,18.333333,16.895948,test
2016-07-13 17:00:00,2016-07-13 18:00:00,1,Beijing,XGBoost,17.833333,21.560125,test
2016-07-13 18:00:00,2016-07-13 19:00:00,1,Beijing,XGBoost,19.666667,20.110495,test
2016-07-13 19:00:00,2016-07-13 20:00:00,1,Beijing,XGBoost,20.458333,22.18257,test
2016-07-13 20:00:00,2016-07-13 21:00:00,1,Beijing,XGBoost,24.916667,23.33112,test
2016-07-13 21:00:00,2016-07-13 22:00:00,1,Beijing,XGBoost,29.083333,27.107464,test
2016-07-13 22:00:00,2016-07-13 23:00:00,1,Beijing,XGBoost,30.083333,33.786957,test
2016-07-13 23:00:00,2016-07-14 00:00:00,1,Beijing,XGBoost,31.0,29.408007,test
2016-07-14 00:00:00,2016-07-14 01:00:00,1,Beijing,XGBoost,35.5,31.621874,test
2016-07-14 01:00:00,2016-07-14 02:00:00,1,Beijing,XGBoost,35.166667,35.322487,test
2016-07-14 02:00:00,2016-07-14 03:00:00,1,Beijing,XGBoost,30.583333,34.526886,test
2016-07-14 03:00:00,2016-07-14 04:00:00,1,Beijing,XGBoost,29.75,29.871405,test
2016-07-14 04:00:00,2016-07-14 05:00:00,1,Beijing,XGBoost,31.666667,29.962729,test
2016-07-14 05:00:00,2016-07-14 06:00:00,1,Beijing,XGBoost,30.666667,31.733612,test
2016-07-14 06:00:00,2016-07-14 07:00:00,1,Beijing,XGBoost,33.25,31.1818,test
2016-07-14 07:00:00,2016-07-14 08:00:00,1,Beijing,XGBoost,36.25,34.41005,test
2016-07-14 08:00:00,2016-07-14 09:00:00,1,Beijing,XGBoost,41.5,37.42089,test
2016-07-14 09:00:00,2016-07-14 10:00:00,1,Beijing,XGBoost,42.25,44.08403,test
2016-07-14 10:00:00,2016-07-14 11:00:00,1,Beijing,XGBoost,37.208333,44.16826,test
2016-07-14 11:00:00,2016-07-14 12:00:00,1,Beijing,XGBoost,37.083333,36.51553,test
2016-07-14 12:00:00,2016-07-14 13:00:00,1,Beijing,XGBoost,31.166667,36.19129,test
2016-07-14 13:00:00,2016-07-14 14:00:00,1,Beijing,XGBoost,27.083333,29.572727,test
2016-07-14 14:00:00,2016-07-14 15:00:00,1,Beijing,XGBoost,28.333333,24.569548,test
2016-07-14 15:00:00,2016-07-14 16:00:00,1,Beijing,XGBoost,26.333333,29.147083,test
2016-07-14 16:00:00,2016-07-14 17:00:00,1,Beijing,XGBoost,25.0,27.796143,test
2016-07-14 17:00:00,2016-07-14 18:00:00,1,Beijing,XGBoost,27.666667,26.699127,test
2016-07-14 18:00:00,2016-07-14 19:00:00,1,Beijing,XGBoost,34.416667,30.176073,test
2016-07-14 19:00:00,2016-07-14 20:00:00,1,Beijing,XGBoost,31.833333,37.518364,test
2016-07-14 20:00:00,2016-07-14 21:00:00,1,Beijing,XGBoost,31.75,35.26459,test
2016-07-14 21:00:00,2016-07-14 22:00:00,1,Beijing,XGBoost,40.583333,32.1056,test
2016-07-14 22:00:00,2016-07-14 23:00:00,1,Beijing,XGBoost,52.333333,42.03699,test
2016-07-14 23:00:00,2016-07-15 00:00:00,1,Beijing,XGBoost,51.833333,54.491543,test
2016-07-15 00:00:00,2016-07-15 01:00:00,1,Beijing,XGBoost,51.25,52.723545,test
2016-07-15 01:00:00,2016-07-15 02:00:00,1,Beijing,XGBoost,57.166667,50.67299,test
2016-07-15 02:00:00,2016-07-15 03:00:00,1,Beijing,XGBoost,56.5,57.4388,test
2016-07-15 03:00:00,2016-07-15 04:00:00,1,Beijing,XGBoost,45.666667,56.058224,test
2016-07-15 04:00:00,2016-07-15 05:00:00,1,Beijing,XGBoost,35.416667,43.369225,test
2016-07-15 05:00:00,2016-07-15 06:00:00,1,Beijing,XGBoost,33.416667,29.949821,test
2016-07-15 06:00:00,2016-07-15 07:00:00,1,Beijing,XGBoost,28.416667,31.605042,test
2016-07-15 07:00:00,2016-07-15 08:00:00,1,Beijing,XGBoost,24.583333,28.010328,test
2016-07-15 08:00:00,2016-07-15 09:00:00,1,Beijing,XGBoost,24.583333,24.444057,test
2016-07-15 09:00:00,2016-07-15 10:00:00,1,Beijing,XGBoost,28.75,25.804487,test
2016-07-15 10:00:00,2016-07-15 11:00:00,1,Beijing,XGBoost,31.25,27.589218,test
2016-07-15 11:00:00,2016-07-15 12:00:00,1,Beijing,XGBoost,29.583333,30.634987,test
2016-07-15 12:00:00,2016-07-15 13:00:00,1,Beijing,XGBoost,32.25,30.388369,test
2016-07-15 13:00:00,2016-07-15 14:00:00,1,Beijing,XGBoost,33.866667,32.089928,test
2016-07-15 14:00:00,2016-07-15 15:00:00,1,Beijing,XGBoost,34.983333,34.2237,test
2016-07-15 15:00:00,2016-07-15 16:00:00,1,Beijing,XGBoost,34.1,35.467594,test
2016-07-15 16:00:00,2016-07-15 17:00:00,1,Beijing,XGBoost,33.05,34.91943,test
2016-07-15 17:00:00,2016-07-15 18:00:00,1,Beijing,XGBoost,31.666667,34.418358,test
2016-07-15 18:00:00,2016-07-15 19:00:00,1,Beijing,XGBoost,30.583333,33.04304,test
2016-07-15 19:00:00,2016-07-15 20:00:00,1,Beijing,XGBoost,31.5,33.86948,test
2016-07-15 20:00:00,2016-07-15 21:00:00,1,Beijing,XGBoost,32.083333,35.700665,test
2016-07-15 21:00:00,2016-07-15 22:00:00,1,Beijing,XGBoost,34.0,34.826054,test
2016-07-15 22:00:00,2016-07-15 23:00:00,1,Beijing,XGBoost,32.666667,35.530205,test
2016-07-15 23:00:00,2016-07-16 00:00:00,1,Beijing,XGBoost,33.833333,34.14488,test
2016-07-16 00:00:00,2016-07-16 01:00:00,1,Beijing,XGBoost,33.916667,33.86161,test
2016-07-16 01:00:00,2016-07-16 02:00:00,1,Beijing,XGBoost,32.0,33.7391,test
2016-07-16 02:00:00,2016-07-16 03:00:00,1,Beijing,XGBoost,30.75,31.115229,test
2016-07-16 03:00:00,2016-07-16 04:00:00,1,Beijing,XGBoost,29.25,30.809338,test
2016-07-16 04:00:00,2016-07-16 05:00:00,1,Beijing,XGBoost,28.833333,29.312325,test
2016-07-16 05:00:00,2016-07-16 06:00:00,1,Beijing,XGBoost,29.416667,28.278286,test
2016-07-16 06:00:00,2016-07-16 07:00:00,1,Beijing,XGBoost,31.166667,29.706787,test
2016-07-16 07:00:00,2016-07-16 08:00:00,1,Beijing,XGBoost,29.333333,31.837942,test
2016-07-16 08:00:00,2016-07-16 09:00:00,1,Beijing,XGBoost,29.666667,31.057598,test
2016-07-16 09:00:00,2016-07-16 10:00:00,1,Beijing,XGBoost,28.166667,31.431349,test
2016-07-16 10:00:00,2016-07-16 11:00:00,1,Beijing,XGBoost,30.5,29.519814,test
2016-07-16 11:00:00,2016-07-16 12:00:00,1,Beijing,XGBoost,31.75,30.967525,test
2016-07-16 12:00:00,2016-07-16 13:00:00,1,Beijing,XGBoost,35.333333,32.912094,test
2016-07-16 13:00:00,2016-07-16 14:00:00,1,Beijing,XGBoost,37.583333,35.108597,test
2016-07-16 14:00:00,2016-07-16 15:00:00,1,Beijing,XGBoost,38.916667,38.46696,test
2016-07-16 15:00:00,2016-07-16 16:00:00,1,Beijing,XGBoost,41.166667,41.148495,test
2016-07-16 16:00:00,2016-07-16 17:00:00,1,Beijing,XGBoost,38.083333,41.91259,test
2016-07-16 17:00:00,2016-07-16 18:00:00,1,Beijing,XGBoost,38.666667,38.15621,test
2016-07-16 18:00:00,2016-07-16 19:00:00,1,Beijing,XGBoost,39.833333,40.949406,test
2016-07-16 19:00:00,2016-07-16 20:00:00,1,Beijing,XGBoost,40.583333,43.80616,test
2016-07-16 20:00:00,2016-07-16 21:00:00,1,Beijing,XGBoost,42.833333,44.03893,test
2016-07-16 21:00:00,2016-07-16 22:00:00,1,Beijing,XGBoost,45.0,46.266895,test
2016-07-16 22:00:00,2016-07-16 23:00:00,1,Beijing,XGBoost,46.5,46.779522,test
2016-07-16 23:00:00,2016-07-17 00:00:00,1,Beijing,XGBoost,47.666667,47.455143,test
2016-07-17 00:00:00,2016-07-17 01:00:00,1,Beijing,XGBoost,51.416667,48.456882,test
2016-07-17 01:00:00,2016-07-17 02:00:00,1,Beijing,XGBoost,48.75,52.3859,test
2016-07-17 02:00:00,2016-07-17 03:00:00,1,Beijing,XGBoost,49.416667,49.71303,test
2016-07-17 03:00:00,2016-07-17 04:00:00,1,Beijing,XGBoost,49.583333,49.040398,test
2016-07-17 04:00:00,2016-07-17 05:00:00,1,Beijing,XGBoost,50.25,50.587803,test
2016-07-17 05:00:00,2016-07-17 06:00:00,1,Beijing,XGBoost,52.0,50.024067,test
2016-07-17 06:00:00,2016-07-17 07:00:00,1,Beijing,XGBoost,53.083333,52.049763,test
2016-07-17 07:00:00,2016-07-17 08:00:00,1,Beijing,XGBoost,54.25,54.776226,test
2016-07-17 08:00:00,2016-07-17 09:00:00,1,Beijing,XGBoost,61.25,58.183563,test
2016-07-17 09:00:00,2016-07-17 10:00:00,1,Beijing,XGBoost,73.166667,67.5525,test
2016-07-17 10:00:00,2016-07-17 11:00:00,1,Beijing,XGBoost,82.25,78.26299,test
2016-07-17 11:00:00,2016-07-17 12:00:00,1,Beijing,XGBoost,85.166667,85.78962,test
2016-07-17 12:00:00,2016-07-17 13:00:00,1,Beijing,XGBoost,89.083333,88.745735,test
2016-07-17 13:00:00,2016-07-17 14:00:00,1,Beijing,XGBoost,90.541667,91.05137,test
2016-07-17 14:00:00,2016-07-17 15:00:00,1,Beijing,XGBoost,94.916667,89.493904,test
2016-07-17 15:00:00,2016-07-17 16:00:00,1,Beijing,XGBoost,99.666667,95.724556,test
2016-07-17 16:00:00,2016-07-17 17:00:00,1,Beijing,XGBoost,98.083333,103.44042,test
2016-07-17 17:00:00,2016-07-17 18:00:00,1,Beijing,XGBoost,86.625,98.64501,test
2016-07-17 18:00:00,2016-07-17 19:00:00,1,Beijing,XGBoost,76.333333,84.91432,test
2016-07-17 19:00:00,2016-07-17 20:00:00,1,Beijing,XGBoost,81.0,72.39039,test
2016-07-17 20:00:00,2016-07-17 21:00:00,1,Beijing,XGBoost,89.333333,81.62125,test
2016-07-17 21:00:00,2016-07-17 22:00:00,1,Beijing,XGBoost,99.916667,93.01392,test
2016-07-17 22:00:00,2016-07-17 23:00:00,1,Beijing,XGBoost,103.083333,105.46961,test
2016-07-17 23:00:00,2016-07-18 00:00:00,1,Beijing,XGBoost,102.416667,107.226326,test
2016-07-18 00:00:00,2016-07-18 01:00:00,1,Beijing,XGBoost,105.166667,105.25548,test
2016-07-18 01:00:00,2016-07-18 02:00:00,1,Beijing,XGBoost,115.5,108.03121,test
2016-07-18 02:00:00,2016-07-18 03:00:00,1,Beijing,XGBoost,115.416667,117.04667,test
2016-07-18 03:00:00,2016-07-18 04:00:00,1,Beijing,XGBoost,106.5,115.97248,test
2016-07-18 04:00:00,2016-07-18 05:00:00,1,Beijing,XGBoost,102.0,105.23998,test
2016-07-18 05:00:00,2016-07-18 06:00:00,1,Beijing,XGBoost,103.833333,97.53874,test
2016-07-18 06:00:00,2016-07-18 07:00:00,1,Beijing,XGBoost,109.727273,108.35604,test
2016-07-18 07:00:00,2016-07-18 08:00:00,1,Beijing,XGBoost,115.818182,113.43162,test
2016-07-18 08:00:00,2016-07-18 09:00:00,1,Beijing,XGBoost,121.727273,119.87043,test
2016-07-18 09:00:00,2016-07-18 10:00:00,1,Beijing,XGBoost,115.090909,125.323105,test
2016-07-18 10:00:00,2016-07-18 11:00:00,1,Beijing,XGBoost,111.181818,111.525795,test
2016-07-18 11:00:00,2016-07-18 12:00:00,1,Beijing,XGBoost,109.636364,107.02819,test
2016-07-18 12:00:00,2016-07-18 13:00:00,1,Beijing,XGBoost,108.909091,107.79263,test
2016-07-18 13:00:00,2016-07-18 14:00:00,1,Beijing,XGBoost,111.636364,107.293755,test
2016-07-18 14:00:00,2016-07-18 15:00:00,1,Beijing,XGBoost,110.454545,104.54404,test
2016-07-18 15:00:00,2016-07-18 16:00:00,1,Beijing,XGBoost,107.727273,111.4064,test
2016-07-18 16:00:00,2016-07-18 17:00:00,1,Beijing,XGBoost,104.636364,106.7768,test
2016-07-18 17:00:00,2016-07-18 18:00:00,1,Beijing,XGBoost,102.25,101.550125,test
2016-07-18 18:00:00,2016-07-18 19:00:00,1,Beijing,XGBoost,98.583333,102.27828,test
2016-07-18 19:00:00,2016-07-18 20:00:00,1,Beijing,XGBoost,100.333333,101.31752,test
2016-07-18 20:00:00,2016-07-18 21:00:00,1,Beijing,XGBoost,104.833333,104.0228,test
2016-07-18 21:00:00,2016-07-18 22:00:00,1,Beijing,XGBoost,110.416667,110.193405,test
2016-07-18 22:00:00,2016-07-18 23:00:00,1,Beijing,XGBoost,99.833333,112.563995,test
2016-07-18 23:00:00,2016-07-19 00:00:00,1,Beijing,XGBoost,83.666667,100.429474,test
2016-07-19 00:00:00,2016-07-19 01:00:00,1,Beijing,XGBoost,73.416667,77.29555,test
2016-07-19 01:00:00,2016-07-19 02:00:00,1,Beijing,XGBoost,77.5,66.177895,test
2016-07-19 02:00:00,2016-07-19 03:00:00,1,Beijing,XGBoost,80.416667,76.82496,test
2016-07-19 03:00:00,2016-07-19 04:00:00,1,Beijing,XGBoost,93.666667,83.62055,test
2016-07-19 04:00:00,2016-07-19 05:00:00,1,Beijing,XGBoost,104.416667,99.3403,test
2016-07-19 05:00:00,2016-07-19 06:00:00,1,Beijing,XGBoost,111.916667,110.60488,test
2016-07-19 06:00:00,2016-07-19 07:00:00,1,Beijing,XGBoost,134.333333,114.73852,test
2016-07-19 07:00:00,2016-07-19 08:00:00,1,Beijing,XGBoost,144.0,142.69145,test
2016-07-19 08:00:00,2016-07-19 09:00:00,1,Beijing,XGBoost,144.25,146.2537,test
2016-07-19 09:00:00,2016-07-19 10:00:00,1,Beijing,XGBoost,132.583333,130.88686,test
2016-07-19 10:00:00,2016-07-19 11:00:00,1,Beijing,XGBoost,125.083333,122.58823,test
2016-07-19 11:00:00,2016-07-19 12:00:00,1,Beijing,XGBoost,103.833333,110.133026,test
2016-07-19 12:00:00,2016-07-19 13:00:00,1,Beijing,XGBoost,83.583333,90.874115,test
2016-07-19 13:00:00,2016-07-19 14:00:00,1,Beijing,XGBoost,76.0,62.99692,test
2016-07-19 14:00:00,2016-07-19 15:00:00,1,Beijing,XGBoost,75.416667,56.01657,test
2016-07-19 15:00:00,2016-07-19 16:00:00,1,Beijing,XGBoost,73.166667,69.2918,test
2016-07-19 16:00:00,2016-07-19 17:00:00,1,Beijing,XGBoost,73.916667,73.1431,test
2016-07-19 17:00:00,2016-07-19 18:00:00,1,Beijing,XGBoost,78.916667,77.6666,test
2016-07-19 18:00:00,2016-07-19 19:00:00,1,Beijing,XGBoost,78.333333,81.4233,test
2016-07-19 19:00:00,2016-07-19 20:00:00,1,Beijing,XGBoost,90.0,82.30079,test
2016-07-19 20:00:00,2016-07-19 21:00:00,1,Beijing,XGBoost,94.055556,93.66642,test
2016-07-19 21:00:00,2016-07-19 22:00:00,1,Beijing,XGBoost,92.027778,98.01092,test
2016-07-19 22:00:00,2016-07-19 23:00:00,1,Beijing,XGBoost,89.583333,93.08721,test
2016-07-19 23:00:00,2016-07-20 00:00:00,1,Beijing,XGBoost,95.0,87.8475,test
2016-07-20 00:00:00,2016-07-20 01:00:00,1,Beijing,XGBoost,92.5,95.7173,test
2016-07-20 01:00:00,2016-07-20 02:00:00,1,Beijing,XGBoost,91.416667,87.2854,test
2016-07-20 02:00:00,2016-07-20 03:00:00,1,Beijing,XGBoost,89.0,88.91246,test
2016-07-20 03:00:00,2016-07-20 04:00:00,1,Beijing,XGBoost,83.083333,82.81585,test
2016-07-20 04:00:00,2016-07-20 05:00:00,1,Beijing,XGBoost,75.833333,71.78876,test
2016-07-20 05:00:00,2016-07-20 06:00:00,1,Beijing,XGBoost,69.583333,61.771847,test
2016-07-20 06:00:00,2016-07-20 07:00:00,1,Beijing,XGBoost,61.666667,62.497776,test
2016-07-20 07:00:00,2016-07-20 08:00:00,1,Beijing,XGBoost,56.083333,50.27272,test
2016-07-20 08:00:00,2016-07-20 09:00:00,1,Beijing,XGBoost,52.583333,39.978275,test
2016-07-20 09:00:00,2016-07-20 10:00:00,1,Beijing,XGBoost,43.333333,41.19416,test
2016-07-20 10:00:00,2016-07-20 11:00:00,1,Beijing,XGBoost,32.333333,30.715363,test
2016-07-20 11:00:00,2016-07-20 12:00:00,1,Beijing,XGBoost,23.666667,22.70218,test
2016-07-20 12:00:00,2016-07-20 13:00:00,1,Beijing,XGBoost,15.416667,16.7127,test
2016-07-20 13:00:00,2016-07-20 14:00:00,1,Beijing,XGBoost,11.333333,9.5338545,test
2016-07-20 14:00:00,2016-07-20 15:00:00,1,Beijing,XGBoost,9.5,7.7895803,test
2016-07-20 15:00:00,2016-07-20 16:00:00,1,Beijing,XGBoost,8.416667,9.190011,test
2016-07-20 16:00:00,2016-07-20 17:00:00,1,Beijing,XGBoost,6.416667,5.3868995,test
2016-07-20 17:00:00,2016-07-20 18:00:00,1,Beijing,XGBoost,5.916667,6.294129,test
2016-07-20 18:00:00,2016-07-20 19:00:00,1,Beijing,XGBoost,6.333333,2.812481,test
2016-07-20 19:00:00,2016-07-20 20:00:00,1,Beijing,XGBoost,5.916667,0.6936065,test
2016-07-20 20:00:00,2016-07-20 21:00:00,1,Beijing,XGBoost,6.75,1.3459966,test
2016-07-20 21:00:00,2016-07-20 22:00:00,1,Beijing,XGBoost,5.833333,6.881003,test
2016-07-20 22:00:00,2016-07-20 23:00:00,1,Beijing,XGBoost,6.833333,3.3204958,test
2016-07-20 23:00:00,2016-07-21 00:00:00,1,Beijing,XGBoost,6.833333,4.04467,test
2016-07-21 00:00:00,2016-07-21 01:00:00,1,Beijing,XGBoost,6.916667,7.43872,test
2016-07-21 01:00:00,2016-07-21 02:00:00,1,Beijing,XGBoost,6.666667,6.832733,test
2016-07-21 02:00:00,2016-07-21 03:00:00,1,Beijing,XGBoost,6.5,7.04732,test
2016-07-21 03:00:00,2016-07-21 04:00:00,1,Beijing,XGBoost,6.75,6.7444324,test
2016-07-21 04:00:00,2016-07-21 05:00:00,1,Beijing,XGBoost,6.083333,6.6444902,test
2016-07-21 05:00:00,2016-07-21 06:00:00,1,Beijing,XGBoost,6.5,7.52593,test
2016-07-21 06:00:00,2016-07-21 07:00:00,1,Beijing,XGBoost,8.0,7.7245355,test
2016-07-21 07:00:00,2016-07-21 08:00:00,1,Beijing,XGBoost,9.333333,9.272746,test
2016-07-21 08:00:00,2016-07-21 09:00:00,1,Beijing,XGBoost,11.333333,10.800161,test
2016-07-21 09:00:00,2016-07-21 10:00:00,1,Beijing,XGBoost,12.083333,13.129749,test
2016-07-21 10:00:00,2016-07-21 11:00:00,1,Beijing,XGBoost,13.0,14.030149,test
2016-07-21 11:00:00,2016-07-21 12:00:00,1,Beijing,XGBoost,13.416667,14.4004965,test
2016-07-21 12:00:00,2016-07-21 13:00:00,1,Beijing,XGBoost,18.5,14.927644,test
2016-07-21 13:00:00,2016-07-21 14:00:00,1,Beijing,XGBoost,25.666667,21.733183,test
2016-07-21 14:00:00,2016-07-21 15:00:00,1,Beijing,XGBoost,27.583333,29.712215,test
2016-07-21 15:00:00,2016-07-21 16:00:00,1,Beijing,XGBoost,27.75,32.435936,test
2016-07-21 16:00:00,2016-07-21 17:00:00,1,Beijing,XGBoost,34.583333,30.085356,test
2016-07-21 17:00:00,2016-07-21 18:00:00,1,Beijing,XGBoost,37.833333,37.960274,test
2016-07-21 18:00:00,2016-07-21 19:00:00,1,Beijing,XGBoost,45.083333,40.975872,test
2016-07-21 19:00:00,2016-07-21 20:00:00,1,Beijing,XGBoost,47.833333,51.335545,test
2016-07-21 20:00:00,2016-07-21 21:00:00,1,Beijing,XGBoost,49.75,52.063538,test
2016-07-21 21:00:00,2016-07-21 22:00:00,1,Beijing,XGBoost,51.166667,52.284172,test
2016-07-21 22:00:00,2016-07-21 23:00:00,1,Beijing,XGBoost,55.0,54.6777,test
2016-07-21 23:00:00,2016-07-22 00:00:00,1,Beijing,XGBoost,58.75,57.433727,test
2016-07-22 00:00:00,2016-07-22 01:00:00,1,Beijing,XGBoost,64.833333,62.197784,test
2016-07-22 01:00:00,2016-07-22 02:00:00,1,Beijing,XGBoost,70.416667,68.57885,test
2016-07-22 02:00:00,2016-07-22 03:00:00,1,Beijing,XGBoost,74.333333,73.14089,test
2016-07-22 03:00:00,2016-07-22 04:00:00,1,Beijing,XGBoost,73.416667,77.41587,test
2016-07-22 04:00:00,2016-07-22 05:00:00,1,Beijing,XGBoost,73.5,74.79038,test
2016-07-22 05:00:00,2016-07-22 06:00:00,1,Beijing,XGBoost,70.0,75.29345,test
2016-07-22 06:00:00,2016-07-22 07:00:00,1,Beijing,XGBoost,69.166667,71.4495,test
2016-07-22 07:00:00,2016-07-22 08:00:00,1,Beijing,XGBoost,70.666667,69.80133,test
2016-07-22 08:00:00,2016-07-22 09:00:00,1,Beijing,XGBoost,79.333333,72.24178,test
2016-07-22 09:00:00,2016-07-22 10:00:00,1,Beijing,XGBoost,83.916667,85.13788,test
2016-07-22 10:00:00,2016-07-22 11:00:00,1,Beijing,XGBoost,81.05,89.45602,test
2016-07-22 11:00:00,2016-07-22 12:00:00,1,Beijing,XGBoost,81.766667,84.37666,test
2016-07-22 12:00:00,2016-07-22 13:00:00,1,Beijing,XGBoost,83.9,82.058,test
2016-07-22 13:00:00,2016-07-22 14:00:00,1,Beijing,XGBoost,86.533333,86.55144,test
2016-07-22 14:00:00,2016-07-22 15:00:00,1,Beijing,XGBoost,82.833333,90.99462,test
2016-07-22 15:00:00,2016-07-22 16:00:00,1,Beijing,XGBoost,70.0,80.83577,test
2016-07-22 16:00:00,2016-07-22 17:00:00,1,Beijing,XGBoost,68.090909,68.40285,test
2016-07-22 17:00:00,2016-07-22 18:00:00,1,Beijing,XGBoost,64.818182,67.05322,test
2016-07-22 18:00:00,2016-07-22 19:00:00,1,Beijing,XGBoost,58.909091,66.41398,test
2016-07-22 19:00:00,2016-07-22 20:00:00,1,Beijing,XGBoost,55.818182,62.94869,test
2016-07-22 20:00:00,2016-07-22 21:00:00,1,Beijing,XGBoost,55.545455,58.457924,test
2016-07-22 21:00:00,2016-07-22 22:00:00,1,Beijing,XGBoost,68.818182,58.725925,test
2016-07-22 22:00:00,2016-07-22 23:00:00,1,Beijing,XGBoost,88.545455,73.24845,test
2016-07-22 23:00:00,2016-07-23 00:00:00,1,Beijing,XGBoost,100.454545,94.49905,test
2016-07-23 00:00:00,2016-07-23 01:00:00,1,Beijing,XGBoost,108.545455,106.928474,test
2016-07-23 01:00:00,2016-07-23 02:00:00,1,Beijing,XGBoost,114.454545,113.67993,test
2016-07-23 02:00:00,2016-07-23 03:00:00,1,Beijing,XGBoost,116.090909,117.07192,test
2016-07-23 03:00:00,2016-07-23 04:00:00,1,Beijing,XGBoost,116.181818,118.11662,test
2016-07-23 04:00:00,2016-07-23 05:00:00,1,Beijing,XGBoost,117.272727,117.812935,test
2016-07-23 05:00:00,2016-07-23 06:00:00,1,Beijing,XGBoost,113.818182,118.318054,test
2016-07-23 06:00:00,2016-07-23 07:00:00,1,Beijing,XGBoost,110.909091,112.64896,test
2016-07-23 07:00:00,2016-07-23 08:00:00,1,Beijing,XGBoost,109.181818,109.21256,test
2016-07-23 08:00:00,2016-07-23 09:00:00,1,Beijing,XGBoost,114.454545,112.61825,test
2016-07-23 09:00:00,2016-07-23 10:00:00,1,Beijing,XGBoost,129.636364,117.81845,test
2016-07-23 10:00:00,2016-07-23 11:00:00,1,Beijing,XGBoost,141.4,136.41026,test
2016-07-23 11:00:00,2016-07-23 12:00:00,1,Beijing,XGBoost,136.0,149.33467,test
2016-07-23 12:00:00,2016-07-23 13:00:00,1,Beijing,XGBoost,129.8,140.09286,test
2016-07-23 13:00:00,2016-07-23 14:00:00,1,Beijing,XGBoost,133.8,130.93733,test
2016-07-23 14:00:00,2016-07-23 15:00:00,1,Beijing,XGBoost,141.6,137.936,test
2016-07-23 15:00:00,2016-07-23 16:00:00,1,Beijing,XGBoost,152.4,145.60588,test
2016-07-23 16:00:00,2016-07-23 17:00:00,1,Beijing,XGBoost,161.2,155.52747,test
2016-07-23 17:00:00,2016-07-23 18:00:00,1,Beijing,XGBoost,145.9,153.8734,test
2016-07-23 18:00:00,2016-07-23 19:00:00,1,Beijing,XGBoost,146.5,140.79962,test
2016-07-23 19:00:00,2016-07-23 20:00:00,1,Beijing,XGBoost,146.6,145.597,test
2016-07-23 20:00:00,2016-07-23 21:00:00,1,Beijing,XGBoost,155.6,141.00801,test
2016-07-23 21:00:00,2016-07-23 22:00:00,1,Beijing,XGBoost,100.9,125.05781,test
2016-07-23 22:00:00,2016-07-23 23:00:00,1,Beijing,XGBoost,27.3,74.971725,test
2016-07-23 23:00:00,2016-07-24 00:00:00,1,Beijing,XGBoost,30.7,29.21244,test
2016-07-24 00:00:00,2016-07-24 01:00:00,1,Beijing,XGBoost,34.0,30.12625,test
2016-07-24 01:00:00,2016-07-24 02:00:00,1,Beijing,XGBoost,33.9,36.303925,test
2016-07-24 02:00:00,2016-07-24 03:00:00,1,Beijing,XGBoost,36.1,35.40442,test
2016-07-24 03:00:00,2016-07-24 04:00:00,1,Beijing,XGBoost,38.8,37.772324,test
2016-07-24 04:00:00,2016-07-24 05:00:00,1,Beijing,XGBoost,40.7,42.16189,test
2016-07-24 05:00:00,2016-07-24 06:00:00,1,Beijing,XGBoost,39.8,43.580696,test
2016-07-24 06:00:00,2016-07-24 07:00:00,1,Beijing,XGBoost,38.4,43.288235,test
2016-07-24 07:00:00,2016-07-24 08:00:00,1,Beijing,XGBoost,36.1,39.531303,test
2016-07-24 08:00:00,2016-07-24 09:00:00,1,Beijing,XGBoost,41.1,37.732998,test
2016-07-24 09:00:00,2016-07-24 10:00:00,1,Beijing,XGBoost,45.0,44.536922,test
2016-07-24 10:00:00,2016-07-24 11:00:00,1,Beijing,XGBoost,47.5,49.75684,test
2016-07-24 11:00:00,2016-07-24 12:00:00,1,Beijing,XGBoost,57.636364,51.063835,test
2016-07-24 12:00:00,2016-07-24 13:00:00,1,Beijing,XGBoost,67.454545,63.43239,test
2016-07-24 13:00:00,2016-07-24 14:00:00,1,Beijing,XGBoost,77.272727,75.396645,test
2016-07-24 14:00:00,2016-07-24 15:00:00,1,Beijing,XGBoost,94.818182,82.62756,test
2016-07-24 15:00:00,2016-07-24 16:00:00,1,Beijing,XGBoost,105.090909,102.83686,test
2016-07-24 16:00:00,2016-07-24 17:00:00,1,Beijing,XGBoost,104.727273,111.2235,test
2016-07-24 17:00:00,2016-07-24 18:00:00,1,Beijing,XGBoost,114.090909,109.80632,test
2016-07-24 18:00:00,2016-07-24 19:00:00,1,Beijing,XGBoost,119.0,114.432526,test
2016-07-24 19:00:00,2016-07-24 20:00:00,1,Beijing,XGBoost,107.909091,121.56959,test
2016-07-24 20:00:00,2016-07-24 21:00:00,1,Beijing,XGBoost,71.493506,100.49745,test
2016-07-24 21:00:00,2016-07-24 22:00:00,1,Beijing,XGBoost,70.532468,59.479122,test
2016-07-24 22:00:00,2016-07-24 23:00:00,1,Beijing,XGBoost,68.571429,64.960106,test
2016-07-24 23:00:00,2016-07-25 00:00:00,1,Beijing,XGBoost,64.61039,69.482666,test
2016-07-25 00:00:00,2016-07-25 01:00:00,1,Beijing,XGBoost,66.649351,63.729877,test
2016-07-25 01:00:00,2016-07-25 02:00:00,1,Beijing,XGBoost,67.415584,66.59906,test
2016-07-25 02:00:00,2016-07-25 03:00:00,1,Beijing,XGBoost,60.454545,68.450516,test
2016-07-25 03:00:00,2016-07-25 04:00:00,1,Beijing,XGBoost,58.0,59.32867,test
2016-07-25 04:00:00,2016-07-25 05:00:00,1,Beijing,XGBoost,58.0,55.199875,test
2016-07-25 05:00:00,2016-07-25 06:00:00,1,Beijing,XGBoost,56.181818,58.030712,test
2016-07-25 06:00:00,2016-07-25 07:00:00,1,Beijing,XGBoost,54.636364,56.492546,test
2016-07-25 07:00:00,2016-07-25 08:00:00,1,Beijing,XGBoost,52.0,56.240196,test
2016-07-25 08:00:00,2016-07-25 09:00:00,1,Beijing,XGBoost,49.818182,54.335976,test
2016-07-25 09:00:00,2016-07-25 10:00:00,1,Beijing,XGBoost,44.909091,52.72749,test
2016-07-25 10:00:00,2016-07-25 11:00:00,1,Beijing,XGBoost,38.681818,49.172882,test
2016-07-25 11:00:00,2016-07-25 12:00:00,1,Beijing,XGBoost,36.181818,40.71934,test
2016-07-25 12:00:00,2016-07-25 13:00:00,1,Beijing,XGBoost,37.590909,37.67351,test
2016-07-25 13:00:00,2016-07-25 14:00:00,1,Beijing,XGBoost,35.272727,40.24652,test
2016-07-25 14:00:00,2016-07-25 15:00:00,1,Beijing,XGBoost,38.181818,36.849117,test
2016-07-25 15:00:00,2016-07-25 16:00:00,1,Beijing,XGBoost,44.454545,40.42199,test
2016-07-25 16:00:00,2016-07-25 17:00:00,1,Beijing,XGBoost,38.272727,49.65634,test
2016-07-25 17:00:00,2016-07-25 18:00:00,1,Beijing,XGBoost,27.909091,39.785473,test
2016-07-25 18:00:00,2016-07-25 19:00:00,1,Beijing,XGBoost,24.636364,30.50837,test
2016-07-25 19:00:00,2016-07-25 20:00:00,1,Beijing,XGBoost,27.090909,25.763054,test
2016-07-25 20:00:00,2016-07-25 21:00:00,1,Beijing,XGBoost,28.636364,31.268438,test
2016-07-25 21:00:00,2016-07-25 22:00:00,1,Beijing,XGBoost,30.727273,31.161467,test
2016-07-25 22:00:00,2016-07-25 23:00:00,1,Beijing,XGBoost,27.272727,33.907257,test
2016-07-25 23:00:00,2016-07-26 00:00:00,1,Beijing,XGBoost,21.090909,29.196398,test
2016-07-26 00:00:00,2016-07-26 01:00:00,1,Beijing,XGBoost,10.727273,22.5879,test
2016-07-26 01:00:00,2016-07-26 02:00:00,1,Beijing,XGBoost,9.363636,11.975006,test
2016-07-26 02:00:00,2016-07-26 03:00:00,1,Beijing,XGBoost,6.818182,10.968952,test
2016-07-26 03:00:00,2016-07-26 04:00:00,1,Beijing,XGBoost,7.181818,8.67631,test
2016-07-26 04:00:00,2016-07-26 05:00:00,1,Beijing,XGBoost,7.772727,8.670012,test
2016-07-26 05:00:00,2016-07-26 06:00:00,1,Beijing,XGBoost,29.545455,9.07887,test
2016-07-26 06:00:00,2016-07-26 07:00:00,1,Beijing,XGBoost,14.818182,32.041965,test
2016-07-26 07:00:00,2016-07-26 08:00:00,1,Beijing,XGBoost,19.090909,15.671035,test
2016-07-26 08:00:00,2016-07-26 09:00:00,1,Beijing,XGBoost,21.636364,20.582747,test
2016-07-26 09:00:00,2016-07-26 10:00:00,1,Beijing,XGBoost,21.848485,24.545036,test
2016-07-26 10:00:00,2016-07-26 11:00:00,1,Beijing,XGBoost,21.060606,23.685648,test
2016-07-26 11:00:00,2016-07-26 12:00:00,1,Beijing,XGBoost,22.545455,21.662245,test
2016-07-26 12:00:00,2016-07-26 13:00:00,1,Beijing,XGBoost,22.939394,23.252535,test
2016-07-26 13:00:00,2016-07-26 14:00:00,1,Beijing,XGBoost,21.090909,23.73934,test
2016-07-26 14:00:00,2016-07-26 15:00:00,1,Beijing,XGBoost,19.878788,22.384672,test
2016-07-26 15:00:00,2016-07-26 16:00:00,1,Beijing,XGBoost,17.863636,21.493229,test
2016-07-26 16:00:00,2016-07-26 17:00:00,1,Beijing,XGBoost,19.727273,19.3614,test
2016-07-26 17:00:00,2016-07-26 18:00:00,1,Beijing,XGBoost,22.969697,20.784506,test
2016-07-26 18:00:00,2016-07-26 19:00:00,1,Beijing,XGBoost,23.944444,24.97416,test
2016-07-26 19:00:00,2016-07-26 20:00:00,1,Beijing,XGBoost,28.666667,27.794588,test
2016-07-26 20:00:00,2016-07-26 21:00:00,1,Beijing,XGBoost,33.5,33.10924,test
2016-07-26 21:00:00,2016-07-26 22:00:00,1,Beijing,XGBoost,34.916667,38.955635,test
2016-07-26 22:00:00,2016-07-26 23:00:00,1,Beijing,XGBoost,34.75,38.8165,test
2016-07-26 23:00:00,2016-07-27 00:00:00,1,Beijing,XGBoost,35.583333,38.025818,test
2016-07-27 00:00:00,2016-07-27 01:00:00,1,Beijing,XGBoost,38.083333,37.30674,test
2016-07-27 01:00:00,2016-07-27 02:00:00,1,Beijing,XGBoost,43.0,39.70472,test
2016-07-27 02:00:00,2016-07-27 03:00:00,1,Beijing,XGBoost,43.25,46.890404,test
2016-07-27 03:00:00,2016-07-27 04:00:00,1,Beijing,XGBoost,45.583333,45.88463,test
2016-07-27 04:00:00,2016-07-27 05:00:00,1,Beijing,XGBoost,42.75,47.837597,test
2016-07-27 05:00:00,2016-07-27 06:00:00,1,Beijing,XGBoost,41.583333,44.658936,test
2016-07-27 06:00:00,2016-07-27 07:00:00,1,Beijing,XGBoost,41.666667,43.6551,test
2016-07-27 07:00:00,2016-07-27 08:00:00,1,Beijing,XGBoost,40.083333,44.780052,test
2016-07-27 08:00:00,2016-07-27 09:00:00,1,Beijing,XGBoost,41.25,43.379715,test
2016-07-27 09:00:00,2016-07-27 10:00:00,1,Beijing,XGBoost,45.75,43.469402,test
2016-07-27 10:00:00,2016-07-27 11:00:00,1,Beijing,XGBoost,46.333333,48.405865,test
2016-07-27 11:00:00,2016-07-27 12:00:00,1,Beijing,XGBoost,43.583333,48.799137,test
2016-07-27 12:00:00,2016-07-27 13:00:00,1,Beijing,XGBoost,44.916667,45.888344,test
2016-07-27 13:00:00,2016-07-27 14:00:00,1,Beijing,XGBoost,51.75,47.747326,test
2016-07-27 14:00:00,2016-07-27 15:00:00,1,Beijing,XGBoost,70.166667,53.117504,test
2016-07-27 15:00:00,2016-07-27 16:00:00,1,Beijing,XGBoost,54.0,74.699745,test
2016-07-27 16:00:00,2016-07-27 17:00:00,1,Beijing,XGBoost,49.791667,56.560123,test
2016-07-27 17:00:00,2016-07-27 18:00:00,1,Beijing,XGBoost,56.833333,46.69333,test
2016-07-27 18:00:00,2016-07-27 19:00:00,1,Beijing,XGBoost,80.75,60.77176,test
2016-07-27 19:00:00,2016-07-27 20:00:00,1,Beijing,XGBoost,100.666667,85.543846,test
2016-07-27 20:00:00,2016-07-27 21:00:00,1,Beijing,XGBoost,56.818182,105.422806,test
2016-07-27 21:00:00,2016-07-27 22:00:00,1,Beijing,XGBoost,20.545455,44.783073,test
2016-07-27 22:00:00,2016-07-27 23:00:00,1,Beijing,XGBoost,21.090909,12.222109,test
2016-07-27 23:00:00,2016-07-28 00:00:00,1,Beijing,XGBoost,16.818182,20.068254,test
2016-07-28 00:00:00,2016-07-28 01:00:00,1,Beijing,XGBoost,19.272727,17.349136,test
2016-07-28 01:00:00,2016-07-28 02:00:00,1,Beijing,XGBoost,19.0,19.152647,test
2016-07-28 02:00:00,2016-07-28 03:00:00,1,Beijing,XGBoost,19.0,20.435623,test
2016-07-28 03:00:00,2016-07-28 04:00:00,1,Beijing,XGBoost,18.909091,20.153206,test
2016-07-28 04:00:00,2016-07-28 05:00:00,1,Beijing,XGBoost,20.272727,19.62804,test
2016-07-28 05:00:00,2016-07-28 06:00:00,1,Beijing,XGBoost,20.545455,21.22718,test
2016-07-28 06:00:00,2016-07-28 07:00:00,1,Beijing,XGBoost,19.636364,21.22718,test
2016-07-28 07:00:00,2016-07-28 08:00:00,1,Beijing,XGBoost,20.272727,20.67613,test
2016-07-28 08:00:00,2016-07-28 09:00:00,1,Beijing,XGBoost,24.636364,22.263092,test
2016-07-28 09:00:00,2016-07-28 10:00:00,1,Beijing,XGBoost,25.363636,26.73682,test
2016-07-28 10:00:00,2016-07-28 11:00:00,1,Beijing,XGBoost,24.363636,27.189001,test
2016-07-28 11:00:00,2016-07-28 12:00:00,1,Beijing,XGBoost,28.545455,26.03639,test
2016-07-28 12:00:00,2016-07-28 13:00:00,1,Beijing,XGBoost,35.681818,29.108454,test
2016-07-28 13:00:00,2016-07-28 14:00:00,1,Beijing,XGBoost,48.454545,36.385857,test
2016-07-28 14:00:00,2016-07-28 15:00:00,1,Beijing,XGBoost,58.727273,53.857906,test
2016-07-28 15:00:00,2016-07-28 16:00:00,1,Beijing,XGBoost,57.363636,62.334095,test
2016-07-28 16:00:00,2016-07-28 17:00:00,1,Beijing,XGBoost,56.545455,60.78547,test
2016-07-28 17:00:00,2016-07-28 18:00:00,1,Beijing,XGBoost,61.545455,57.853825,test
2016-07-28 18:00:00,2016-07-28 19:00:00,1,Beijing,XGBoost,69.863636,65.78634,test
2016-07-28 19:00:00,2016-07-28 20:00:00,1,Beijing,XGBoost,78.0,75.19419,test
2016-07-28 20:00:00,2016-07-28 21:00:00,1,Beijing,XGBoost,82.954545,82.21216,test
2016-07-28 21:00:00,2016-07-28 22:00:00,1,Beijing,XGBoost,89.636364,86.756836,test
2016-07-28 22:00:00,2016-07-28 23:00:00,1,Beijing,XGBoost,95.090909,93.036316,test
2016-07-28 23:00:00,2016-07-29 00:00:00,1,Beijing,XGBoost,95.545455,99.21075,test
2016-07-29 00:00:00,2016-07-29 01:00:00,1,Beijing,XGBoost,95.818182,95.91399,test
2016-07-29 01:00:00,2016-07-29 02:00:00,1,Beijing,XGBoost,99.363636,95.28398,test
2016-07-29 02:00:00,2016-07-29 03:00:00,1,Beijing,XGBoost,94.454545,103.11112,test
2016-07-29 03:00:00,2016-07-29 04:00:00,1,Beijing,XGBoost,83.636364,95.66679,test
2016-07-29 04:00:00,2016-07-29 05:00:00,1,Beijing,XGBoost,85.090909,81.579765,test
2016-07-29 05:00:00,2016-07-29 06:00:00,1,Beijing,XGBoost,88.363636,85.69226,test
2016-07-29 06:00:00,2016-07-29 07:00:00,1,Beijing,XGBoost,97.090909,89.20531,test
2016-07-29 07:00:00,2016-07-29 08:00:00,1,Beijing,XGBoost,96.272727,99.66667,test
2016-07-29 08:00:00,2016-07-29 09:00:00,1,Beijing,XGBoost,102.636364,102.42381,test
2016-07-29 09:00:00,2016-07-29 10:00:00,1,Beijing,XGBoost,110.818182,108.330215,test
2016-07-29 10:00:00,2016-07-29 11:00:00,1,Beijing,XGBoost,118.181818,116.86524,test
2016-07-29 11:00:00,2016-07-29 12:00:00,1,Beijing,XGBoost,119.0,122.90656,test
2016-07-29 12:00:00,2016-07-29 13:00:00,1,Beijing,XGBoost,129.916667,119.70003,test
2016-07-29 13:00:00,2016-07-29 14:00:00,1,Beijing,XGBoost,132.833333,134.03026,test
2016-07-29 14:00:00,2016-07-29 15:00:00,1,Beijing,XGBoost,134.416667,138.61461,test
2016-07-29 15:00:00,2016-07-29 16:00:00,1,Beijing,XGBoost,139.583333,139.19394,test
2016-07-29 16:00:00,2016-07-29 17:00:00,1,Beijing,XGBoost,140.25,144.74731,test
2016-07-29 17:00:00,2016-07-29 18:00:00,1,Beijing,XGBoost,134.833333,144.57317,test
2016-07-29 18:00:00,2016-07-29 19:00:00,1,Beijing,XGBoost,136.833333,136.09155,test
2016-07-29 19:00:00,2016-07-29 20:00:00,1,Beijing,XGBoost,131.416667,139.62173,test
2016-07-29 20:00:00,2016-07-29 21:00:00,1,Beijing,XGBoost,134.666667,133.68411,test
2016-07-29 21:00:00,2016-07-29 22:00:00,1,Beijing,XGBoost,135.583333,136.28856,test
2016-07-29 22:00:00,2016-07-29 23:00:00,1,Beijing,XGBoost,133.416667,139.14992,test
2016-07-29 23:00:00,2016-07-30 00:00:00,1,Beijing,XGBoost,133.583333,136.11052,test
2016-07-30 00:00:00,2016-07-30 01:00:00,1,Beijing,XGBoost,134.5,137.54416,test
2016-07-30 01:00:00,2016-07-30 02:00:00,1,Beijing,XGBoost,133.333333,136.63055,test
2016-07-30 02:00:00,2016-07-30 03:00:00,1,Beijing,XGBoost,130.833333,137.24062,test
2016-07-30 03:00:00,2016-07-30 04:00:00,1,Beijing,XGBoost,129.416667,130.29384,test
2016-07-30 04:00:00,2016-07-30 05:00:00,1,Beijing,XGBoost,128.0,124.765785,test
2016-07-30 05:00:00,2016-07-30 06:00:00,1,Beijing,XGBoost,93.833333,123.97215,test
2016-07-30 06:00:00,2016-07-30 07:00:00,1,Beijing,XGBoost,95.416667,81.386024,test
2016-07-30 07:00:00,2016-07-30 08:00:00,1,Beijing,XGBoost,107.083333,87.94742,test
2016-07-30 08:00:00,2016-07-30 09:00:00,1,Beijing,XGBoost,137.5,114.94273,test
2016-07-30 09:00:00,2016-07-30 10:00:00,1,Beijing,XGBoost,167.166667,151.88556,test
2016-07-30 10:00:00,2016-07-30 11:00:00,1,Beijing,XGBoost,177.875,171.28296,test
2016-07-30 11:00:00,2016-07-30 12:00:00,1,Beijing,XGBoost,188.583333,184.93927,test
2016-07-30 12:00:00,2016-07-30 13:00:00,1,Beijing,XGBoost,191.75,193.76067,test
2016-07-30 13:00:00,2016-07-30 14:00:00,1,Beijing,XGBoost,215.166667,194.86755,test
2016-07-30 14:00:00,2016-07-30 15:00:00,1,Beijing,XGBoost,221.416667,216.51396,test
2016-07-30 15:00:00,2016-07-30 16:00:00,1,Beijing,XGBoost,223.583333,219.74612,test
2016-07-30 16:00:00,2016-07-30 17:00:00,1,Beijing,XGBoost,213.333333,225.26823,test
2016-07-30 17:00:00,2016-07-30 18:00:00,1,Beijing,XGBoost,193.083333,208.91061,test
2016-07-30 18:00:00,2016-07-30 19:00:00,1,Beijing,XGBoost,111.75,184.89969,test
2016-07-30 19:00:00,2016-07-30 20:00:00,1,Beijing,XGBoost,50.25,101.29369,test
2016-07-30 20:00:00,2016-07-30 21:00:00,1,Beijing,XGBoost,44.0,49.286335,test
2016-07-30 21:00:00,2016-07-30 22:00:00,1,Beijing,XGBoost,37.416667,40.195976,test
2016-07-30 22:00:00,2016-07-30 23:00:00,1,Beijing,XGBoost,41.666667,37.048073,test
2016-07-30 23:00:00,2016-07-31 00:00:00,1,Beijing,XGBoost,47.083333,44.70542,test
2016-07-31 00:00:00,2016-07-31 01:00:00,1,Beijing,XGBoost,42.25,51.070797,test
2016-07-31 01:00:00,2016-07-31 02:00:00,1,Beijing,XGBoost,39.583333,43.67772,test
2016-07-31 02:00:00,2016-07-31 03:00:00,1,Beijing,XGBoost,37.916667,42.39155,test
2016-07-31 03:00:00,2016-07-31 04:00:00,1,Beijing,XGBoost,40.416667,38.45019,test
2016-07-31 04:00:00,2016-07-31 05:00:00,1,Beijing,XGBoost,46.583333,42.542484,test
2016-07-31 05:00:00,2016-07-31 06:00:00,1,Beijing,XGBoost,49.25,49.51207,test
2016-07-31 06:00:00,2016-07-31 07:00:00,1,Beijing,XGBoost,53.583333,48.95673,test
2016-07-31 07:00:00,2016-07-31 08:00:00,1,Beijing,XGBoost,57.5,53.85987,test
2016-07-31 08:00:00,2016-07-31 09:00:00,1,Beijing,XGBoost,57.5,59.068726,test
2016-07-31 09:00:00,2016-07-31 10:00:00,1,Beijing,XGBoost,59.25,63.476364,test
2016-07-31 10:00:00,2016-07-31 11:00:00,1,Beijing,XGBoost,54.75,63.503185,test
2016-07-31 11:00:00,2016-07-31 12:00:00,1,Beijing,XGBoost,56.583333,56.85441,test
2016-07-31 12:00:00,2016-07-31 13:00:00,1,Beijing,XGBoost,58.333333,58.29738,test
2016-07-31 13:00:00,2016-07-31 14:00:00,1,Beijing,XGBoost,62.833333,61.014244,test
2016-07-31 14:00:00,2016-07-31 15:00:00,1,Beijing,XGBoost,60.333333,64.28179,test
2016-07-31 15:00:00,2016-07-31 16:00:00,1,Beijing,XGBoost,47.166667,62.186058,test
2016-07-31 16:00:00,2016-07-31 17:00:00,1,Beijing,XGBoost,44.666667,48.42154,test
2016-07-31 17:00:00,2016-07-31 18:00:00,1,Beijing,XGBoost,45.666667,46.397594,test
2016-07-31 18:00:00,2016-07-31 19:00:00,1,Beijing,XGBoost,53.0,49.140774,test
2016-07-31 19:00:00,2016-07-31 20:00:00,1,Beijing,XGBoost,59.666667,58.25926,test
2016-07-31 20:00:00,2016-07-31 21:00:00,1,Beijing,XGBoost,62.75,64.73122,test
2016-07-31 21:00:00,2016-07-31 22:00:00,1,Beijing,XGBoost,66.916667,68.22053,test
2016-07-31 22:00:00,2016-07-31 23:00:00,1,Beijing,XGBoost,67.083333,69.66495,test
2016-07-31 23:00:00,2016-08-01 00:00:00,1,Beijing,XGBoost,61.166667,70.83967,test
2016-08-01 00:00:00,2016-08-01 01:00:00,1,Beijing,XGBoost,59.166667,62.4812,test
2016-08-01 01:00:00,2016-08-01 02:00:00,1,Beijing,XGBoost,58.416667,60.703762,test
2016-08-01 02:00:00,2016-08-01 03:00:00,1,Beijing,XGBoost,56.333333,62.584835,test
2016-08-01 03:00:00,2016-08-01 04:00:00,1,Beijing,XGBoost,57.0,59.783024,test
2016-08-01 04:00:00,2016-08-01 05:00:00,1,Beijing,XGBoost,59.333333,59.971313,test
2016-08-01 05:00:00,2016-08-01 06:00:00,1,Beijing,XGBoost,59.333333,62.522915,test
2016-08-01 06:00:00,2016-08-01 07:00:00,1,Beijing,XGBoost,63.083333,62.4743,test
2016-08-01 07:00:00,2016-08-01 08:00:00,1,Beijing,XGBoost,67.25,66.265785,test
2016-08-01 08:00:00,2016-08-01 09:00:00,1,Beijing,XGBoost,65.5,72.51131,test
2016-08-01 09:00:00,2016-08-01 10:00:00,1,Beijing,XGBoost,51.916667,70.182884,test
2016-08-01 10:00:00,2016-08-01 11:00:00,1,Beijing,XGBoost,52.166667,52.36427,test
2016-08-01 11:00:00,2016-08-01 12:00:00,1,Beijing,XGBoost,54.416667,53.336758,test
2016-08-01 12:00:00,2016-08-01 13:00:00,1,Beijing,XGBoost,53.5,59.45924,test
2016-08-01 13:00:00,2016-08-01 14:00:00,1,Beijing,XGBoost,57.583333,56.57862,test
2016-08-01 14:00:00,2016-08-01 15:00:00,1,Beijing,XGBoost,61.75,62.832756,test
2016-08-01 15:00:00,2016-08-01 16:00:00,1,Beijing,XGBoost,68.75,68.2578,test
2016-08-01 16:00:00,2016-08-01 17:00:00,1,Beijing,XGBoost,67.277778,72.6609,test
2016-08-01 17:00:00,2016-08-01 18:00:00,1,Beijing,XGBoost,63.472222,72.43776,test
2016-08-01 18:00:00,2016-08-01 19:00:00,1,Beijing,XGBoost,65.166667,66.207306,test
2016-08-01 19:00:00,2016-08-01 20:00:00,1,Beijing,XGBoost,73.583333,68.39574,test
2016-08-01 20:00:00,2016-08-01 21:00:00,1,Beijing,XGBoost,85.25,77.87996,test
2016-08-01 21:00:00,2016-08-01 22:00:00,1,Beijing,XGBoost,87.833333,91.14627,test
2016-08-01 22:00:00,2016-08-01 23:00:00,1,Beijing,XGBoost,100.25,91.269806,test
2016-08-01 23:00:00,2016-08-02 00:00:00,1,Beijing,XGBoost,108.75,103.086754,test
2016-08-02 00:00:00,2016-08-02 01:00:00,1,Beijing,XGBoost,117.083333,112.81112,test
2016-08-02 01:00:00,2016-08-02 02:00:00,1,Beijing,XGBoost,119.583333,120.79165,test
2016-08-02 02:00:00,2016-08-02 03:00:00,1,Beijing,XGBoost,114.0,121.86499,test
2016-08-02 03:00:00,2016-08-02 04:00:00,1,Beijing,XGBoost,99.916667,111.7745,test
2016-08-02 04:00:00,2016-08-02 05:00:00,1,Beijing,XGBoost,83.166667,97.60343,test
2016-08-02 05:00:00,2016-08-02 06:00:00,1,Beijing,XGBoost,65.75,74.63328,test
2016-08-02 06:00:00,2016-08-02 07:00:00,1,Beijing,XGBoost,59.416667,58.825497,test
2016-08-02 07:00:00,2016-08-02 08:00:00,1,Beijing,XGBoost,51.833333,56.958874,test
2016-08-02 08:00:00,2016-08-02 09:00:00,1,Beijing,XGBoost,45.166667,52.101494,test
2016-08-02 09:00:00,2016-08-02 10:00:00,1,Beijing,XGBoost,51.625,46.05236,test
2016-08-02 10:00:00,2016-08-02 11:00:00,1,Beijing,XGBoost,36.333333,50.521473,test
2016-08-02 11:00:00,2016-08-02 12:00:00,1,Beijing,XGBoost,24.333333,36.381626,test
2016-08-02 12:00:00,2016-08-02 13:00:00,1,Beijing,XGBoost,22.277778,21.607603,test
2016-08-02 13:00:00,2016-08-02 14:00:00,1,Beijing,XGBoost,19.805556,19.894897,test
2016-08-02 14:00:00,2016-08-02 15:00:00,1,Beijing,XGBoost,19.25,20.689842,test
2016-08-02 15:00:00,2016-08-02 16:00:00,1,Beijing,XGBoost,21.583333,20.561163,test
2016-08-02 16:00:00,2016-08-02 17:00:00,1,Beijing,XGBoost,22.25,23.670816,test
2016-08-02 17:00:00,2016-08-02 18:00:00,1,Beijing,XGBoost,24.916667,24.967684,test
2016-08-02 18:00:00,2016-08-02 19:00:00,1,Beijing,XGBoost,29.333333,26.752844,test
2016-08-02 19:00:00,2016-08-02 20:00:00,1,Beijing,XGBoost,32.083333,34.48495,test
2016-08-02 20:00:00,2016-08-02 21:00:00,1,Beijing,XGBoost,33.666667,35.71926,test
2016-08-02 21:00:00,2016-08-02 22:00:00,1,Beijing,XGBoost,35.0,37.74446,test
2016-08-02 22:00:00,2016-08-02 23:00:00,1,Beijing,XGBoost,37.166667,37.73321,test
2016-08-02 23:00:00,2016-08-03 00:00:00,1,Beijing,XGBoost,39.916667,39.835735,test
2016-08-03 00:00:00,2016-08-03 01:00:00,1,Beijing,XGBoost,45.083333,43.298626,test
2016-08-03 01:00:00,2016-08-03 02:00:00,1,Beijing,XGBoost,55.25,48.323845,test
2016-08-03 02:00:00,2016-08-03 03:00:00,1,Beijing,XGBoost,59.333333,57.214542,test
2016-08-03 03:00:00,2016-08-03 04:00:00,1,Beijing,XGBoost,61.5,62.855766,test
2016-08-03 04:00:00,2016-08-03 05:00:00,1,Beijing,XGBoost,67.166667,64.6218,test
2016-08-03 05:00:00,2016-08-03 06:00:00,1,Beijing,XGBoost,64.333333,69.30654,test
2016-08-03 06:00:00,2016-08-03 07:00:00,1,Beijing,XGBoost,56.583333,66.60699,test
2016-08-03 07:00:00,2016-08-03 08:00:00,1,Beijing,XGBoost,61.666667,55.95996,test
2016-08-03 08:00:00,2016-08-03 09:00:00,1,Beijing,XGBoost,83.416667,65.04583,test
2016-08-03 09:00:00,2016-08-03 10:00:00,1,Beijing,XGBoost,79.583333,89.288414,test
2016-08-03 10:00:00,2016-08-03 11:00:00,1,Beijing,XGBoost,62.75,83.84088,test
2016-08-03 11:00:00,2016-08-03 12:00:00,1,Beijing,XGBoost,52.883333,59.51446,test
2016-08-03 12:00:00,2016-08-03 13:00:00,1,Beijing,XGBoost,42.183333,49.04492,test
2016-08-03 13:00:00,2016-08-03 14:00:00,1,Beijing,XGBoost,35.4,41.86399,test
2016-08-03 14:00:00,2016-08-03 15:00:00,1,Beijing,XGBoost,33.533333,33.478188,test
2016-08-03 15:00:00,2016-08-03 16:00:00,1,Beijing,XGBoost,33.416667,33.80508,test
2016-08-03 16:00:00,2016-08-03 17:00:00,1,Beijing,XGBoost,38.75,35.47213,test
2016-08-03 17:00:00,2016-08-03 18:00:00,1,Beijing,XGBoost,48.083333,42.163918,test
2016-08-03 18:00:00,2016-08-03 19:00:00,1,Beijing,XGBoost,46.916667,52.433487,test
2016-08-03 19:00:00,2016-08-03 20:00:00,1,Beijing,XGBoost,44.0,51.678905,test
2016-08-03 20:00:00,2016-08-03 21:00:00,1,Beijing,XGBoost,44.0,48.74716,test
2016-08-03 21:00:00,2016-08-03 22:00:00,1,Beijing,XGBoost,50.75,47.780025,test
2016-08-03 22:00:00,2016-08-03 23:00:00,1,Beijing,XGBoost,54.083333,53.528904,test
2016-08-03 23:00:00,2016-08-04 00:00:00,1,Beijing,XGBoost,57.291667,56.64331,test
2016-08-04 00:00:00,2016-08-04 01:00:00,1,Beijing,XGBoost,67.25,59.9099,test
2016-08-04 01:00:00,2016-08-04 02:00:00,1,Beijing,XGBoost,72.666667,71.48613,test
2016-08-04 02:00:00,2016-08-04 03:00:00,1,Beijing,XGBoost,76.75,76.050026,test
2016-08-04 03:00:00,2016-08-04 04:00:00,1,Beijing,XGBoost,74.416667,79.45995,test
2016-08-04 04:00:00,2016-08-04 05:00:00,1,Beijing,XGBoost,78.25,76.031456,test
2016-08-04 05:00:00,2016-08-04 06:00:00,1,Beijing,XGBoost,83.75,79.12646,test
2016-08-04 06:00:00,2016-08-04 07:00:00,1,Beijing,XGBoost,88.583333,85.797516,test
2016-08-04 07:00:00,2016-08-04 08:00:00,1,Beijing,XGBoost,93.5,90.452705,test
2016-08-04 08:00:00,2016-08-04 09:00:00,1,Beijing,XGBoost,105.5,100.37694,test
2016-08-04 09:00:00,2016-08-04 10:00:00,1,Beijing,XGBoost,116.333333,112.48015,test
2016-08-04 10:00:00,2016-08-04 11:00:00,1,Beijing,XGBoost,122.75,123.32144,test
2016-08-04 11:00:00,2016-08-04 12:00:00,1,Beijing,XGBoost,124.75,126.53628,test
2016-08-04 12:00:00,2016-08-04 13:00:00,1,Beijing,XGBoost,123.791667,125.97899,test
2016-08-04 13:00:00,2016-08-04 14:00:00,1,Beijing,XGBoost,119.75,125.84762,test
2016-08-04 14:00:00,2016-08-04 15:00:00,1,Beijing,XGBoost,111.972222,119.50262,test
2016-08-04 15:00:00,2016-08-04 16:00:00,1,Beijing,XGBoost,105.194444,107.12119,test
2016-08-04 16:00:00,2016-08-04 17:00:00,1,Beijing,XGBoost,100.916667,103.546104,test
2016-08-04 17:00:00,2016-08-04 18:00:00,1,Beijing,XGBoost,101.708333,96.204895,test
2016-08-04 18:00:00,2016-08-04 19:00:00,1,Beijing,XGBoost,96.666667,100.27289,test
2016-08-04 19:00:00,2016-08-04 20:00:00,1,Beijing,XGBoost,94.708333,98.99579,test
2016-08-04 20:00:00,2016-08-04 21:00:00,1,Beijing,XGBoost,97.166667,94.88557,test
2016-08-04 21:00:00,2016-08-04 22:00:00,1,Beijing,XGBoost,109.5,100.328964,test
2016-08-04 22:00:00,2016-08-04 23:00:00,1,Beijing,XGBoost,102.833333,114.08257,test
2016-08-04 23:00:00,2016-08-05 00:00:00,1,Beijing,XGBoost,83.0,105.72504,test
2016-08-05 00:00:00,2016-08-05 01:00:00,1,Beijing,XGBoost,70.083333,75.50329,test
2016-08-05 01:00:00,2016-08-05 02:00:00,1,Beijing,XGBoost,57.833333,63.476345,test
2016-08-05 02:00:00,2016-08-05 03:00:00,1,Beijing,XGBoost,55.5,53.34633,test
2016-08-05 03:00:00,2016-08-05 04:00:00,1,Beijing,XGBoost,59.666667,52.74947,test
2016-08-05 04:00:00,2016-08-05 05:00:00,1,Beijing,XGBoost,64.916667,62.21688,test
2016-08-05 05:00:00,2016-08-05 06:00:00,1,Beijing,XGBoost,67.666667,68.04323,test
2016-08-05 06:00:00,2016-08-05 07:00:00,1,Beijing,XGBoost,68.083333,70.00922,test
2016-08-05 07:00:00,2016-08-05 08:00:00,1,Beijing,XGBoost,69.916667,69.433174,test
2016-08-05 08:00:00,2016-08-05 09:00:00,1,Beijing,XGBoost,76.25,73.97515,test
2016-08-05 09:00:00,2016-08-05 10:00:00,1,Beijing,XGBoost,75.5,81.13127,test
2016-08-05 10:00:00,2016-08-05 11:00:00,1,Beijing,XGBoost,70.583333,77.13481,test
2016-08-05 11:00:00,2016-08-05 12:00:00,1,Beijing,XGBoost,61.916667,70.521866,test
2016-08-05 12:00:00,2016-08-05 13:00:00,1,Beijing,XGBoost,58.0,62.278522,test
2016-08-05 13:00:00,2016-08-05 14:00:00,1,Beijing,XGBoost,57.333333,56.28719,test
2016-08-05 14:00:00,2016-08-05 15:00:00,1,Beijing,XGBoost,54.75,58.168472,test
2016-08-05 15:00:00,2016-08-05 16:00:00,1,Beijing,XGBoost,47.166667,56.48455,test
2016-08-05 16:00:00,2016-08-05 17:00:00,1,Beijing,XGBoost,49.083333,48.10483,test
2016-08-05 17:00:00,2016-08-05 18:00:00,1,Beijing,XGBoost,49.333333,50.713966,test
2016-08-05 18:00:00,2016-08-05 19:00:00,1,Beijing,XGBoost,52.583333,52.317,test
2016-08-05 19:00:00,2016-08-05 20:00:00,1,Beijing,XGBoost,57.25,57.11434,test
2016-08-05 20:00:00,2016-08-05 21:00:00,1,Beijing,XGBoost,63.5,62.004765,test
2016-08-05 21:00:00,2016-08-05 22:00:00,1,Beijing,XGBoost,79.083333,69.58832,test
2016-08-05 22:00:00,2016-08-05 23:00:00,1,Beijing,XGBoost,88.333333,83.55474,test
2016-08-05 23:00:00,2016-08-06 00:00:00,1,Beijing,XGBoost,92.833333,93.480316,test
2016-08-06 00:00:00,2016-08-06 01:00:00,1,Beijing,XGBoost,95.5,95.61708,test
2016-08-06 01:00:00,2016-08-06 02:00:00,1,Beijing,XGBoost,99.583333,97.747215,test
2016-08-06 02:00:00,2016-08-06 03:00:00,1,Beijing,XGBoost,100.833333,103.98493,test
2016-08-06 03:00:00,2016-08-06 04:00:00,1,Beijing,XGBoost,101.333333,103.997574,test
2016-08-06 04:00:00,2016-08-06 05:00:00,1,Beijing,XGBoost,106.833333,105.19245,test
2016-08-06 05:00:00,2016-08-06 06:00:00,1,Beijing,XGBoost,108.25,108.18905,test
2016-08-06 06:00:00,2016-08-06 07:00:00,1,Beijing,XGBoost,108.5,110.602776,test
2016-08-06 07:00:00,2016-08-06 08:00:00,1,Beijing,XGBoost,108.75,110.51178,test
2016-08-06 08:00:00,2016-08-06 09:00:00,1,Beijing,XGBoost,120.0,112.246025,test
2016-08-06 09:00:00,2016-08-06 10:00:00,1,Beijing,XGBoost,128.0,123.65602,test
2016-08-06 10:00:00,2016-08-06 11:00:00,1,Beijing,XGBoost,125.0,133.91464,test
2016-08-06 11:00:00,2016-08-06 12:00:00,1,Beijing,XGBoost,111.5,127.487144,test
2016-08-06 12:00:00,2016-08-06 13:00:00,1,Beijing,XGBoost,100.583333,98.932945,test
2016-08-06 13:00:00,2016-08-06 14:00:00,1,Beijing,XGBoost,96.666667,89.772545,test
2016-08-06 14:00:00,2016-08-06 15:00:00,1,Beijing,XGBoost,92.333333,88.24791,test
2016-08-06 15:00:00,2016-08-06 16:00:00,1,Beijing,XGBoost,92.333333,91.99812,test
2016-08-06 16:00:00,2016-08-06 17:00:00,1,Beijing,XGBoost,96.0,91.3814,test
2016-08-06 17:00:00,2016-08-06 18:00:00,1,Beijing,XGBoost,94.083333,96.638725,test
2016-08-06 18:00:00,2016-08-06 19:00:00,1,Beijing,XGBoost,94.0,95.42765,test
2016-08-06 19:00:00,2016-08-06 20:00:00,1,Beijing,XGBoost,89.833333,96.09126,test
2016-08-06 20:00:00,2016-08-06 21:00:00,1,Beijing,XGBoost,94.416667,92.1751,test
2016-08-06 21:00:00,2016-08-06 22:00:00,1,Beijing,XGBoost,100.833333,97.11713,test
2016-08-06 22:00:00,2016-08-06 23:00:00,1,Beijing,XGBoost,90.666667,102.66286,test
2016-08-06 23:00:00,2016-08-07 00:00:00,1,Beijing,XGBoost,52.416667,76.33121,test
2016-08-07 00:00:00,2016-08-07 01:00:00,1,Beijing,XGBoost,26.333333,35.282387,test
2016-08-07 01:00:00,2016-08-07 02:00:00,1,Beijing,XGBoost,17.75,22.683464,test
2016-08-07 02:00:00,2016-08-07 03:00:00,1,Beijing,XGBoost,19.833333,18.512718,test
2016-08-07 03:00:00,2016-08-07 04:00:00,1,Beijing,XGBoost,20.666667,20.70621,test
2016-08-07 04:00:00,2016-08-07 05:00:00,1,Beijing,XGBoost,19.0,22.245123,test
2016-08-07 05:00:00,2016-08-07 06:00:00,1,Beijing,XGBoost,18.25,20.120245,test
2016-08-07 06:00:00,2016-08-07 07:00:00,1,Beijing,XGBoost,17.75,19.300116,test
2016-08-07 07:00:00,2016-08-07 08:00:00,1,Beijing,XGBoost,17.5,17.995934,test
2016-08-07 08:00:00,2016-08-07 09:00:00,1,Beijing,XGBoost,19.833333,17.690443,test
2016-08-07 09:00:00,2016-08-07 10:00:00,1,Beijing,XGBoost,15.916667,19.617594,test
2016-08-07 10:00:00,2016-08-07 11:00:00,1,Beijing,XGBoost,16.416667,17.79748,test
2016-08-07 11:00:00,2016-08-07 12:00:00,1,Beijing,XGBoost,16.333333,18.089935,test
2016-08-07 12:00:00,2016-08-07 13:00:00,1,Beijing,XGBoost,19.0,18.430439,test
2016-08-07 13:00:00,2016-08-07 14:00:00,1,Beijing,XGBoost,19.583333,20.760935,test
2016-08-07 14:00:00,2016-08-07 15:00:00,1,Beijing,XGBoost,16.5,20.727657,test
2016-08-07 15:00:00,2016-08-07 16:00:00,1,Beijing,XGBoost,15.5,17.443789,test
2016-08-07 16:00:00,2016-08-07 17:00:00,1,Beijing,XGBoost,12.5,16.948416,test
2016-08-07 17:00:00,2016-08-07 18:00:00,1,Beijing,XGBoost,14.166667,14.171907,test
2016-08-07 18:00:00,2016-08-07 19:00:00,1,Beijing,XGBoost,15.0,15.639333,test
2016-08-07 19:00:00,2016-08-07 20:00:00,1,Beijing,XGBoost,19.416667,17.572979,test
2016-08-07 20:00:00,2016-08-07 21:00:00,1,Beijing,XGBoost,23.666667,22.814928,test
2016-08-07 21:00:00,2016-08-07 22:00:00,1,Beijing,XGBoost,27.666667,26.137892,test
2016-08-07 22:00:00,2016-08-07 23:00:00,1,Beijing,XGBoost,25.75,31.932764,test
2016-08-07 23:00:00,2016-08-08 00:00:00,1,Beijing,XGBoost,27.333333,26.18359,test
2016-08-08 00:00:00,2016-08-08 01:00:00,1,Beijing,XGBoost,26.5,28.970186,test
2016-08-08 01:00:00,2016-08-08 02:00:00,1,Beijing,XGBoost,33.666667,27.25808,test
2016-08-08 02:00:00,2016-08-08 03:00:00,1,Beijing,XGBoost,38.166667,35.16229,test
2016-08-08 03:00:00,2016-08-08 04:00:00,1,Beijing,XGBoost,44.5,40.00735,test
2016-08-08 04:00:00,2016-08-08 05:00:00,1,Beijing,XGBoost,47.416667,48.88883,test
2016-08-08 05:00:00,2016-08-08 06:00:00,1,Beijing,XGBoost,42.166667,49.404728,test
2016-08-08 06:00:00,2016-08-08 07:00:00,1,Beijing,XGBoost,37.916667,44.20915,test
2016-08-08 07:00:00,2016-08-08 08:00:00,1,Beijing,XGBoost,38.666667,38.992504,test
2016-08-08 08:00:00,2016-08-08 09:00:00,1,Beijing,XGBoost,43.0,41.117485,test
2016-08-08 09:00:00,2016-08-08 10:00:00,1,Beijing,XGBoost,39.5,44.91636,test
2016-08-08 10:00:00,2016-08-08 11:00:00,1,Beijing,XGBoost,26.25,40.257233,test
2016-08-08 11:00:00,2016-08-08 12:00:00,1,Beijing,XGBoost,18.0,24.199997,test
2016-08-08 12:00:00,2016-08-08 13:00:00,1,Beijing,XGBoost,17.0,16.285341,test
2016-08-08 13:00:00,2016-08-08 14:00:00,1,Beijing,XGBoost,15.75,16.672556,test
2016-08-08 14:00:00,2016-08-08 15:00:00,1,Beijing,XGBoost,18.083333,16.939018,test
2016-08-08 15:00:00,2016-08-08 16:00:00,1,Beijing,XGBoost,19.416667,19.442432,test
2016-08-08 16:00:00,2016-08-08 17:00:00,1,Beijing,XGBoost,20.25,21.150585,test
2016-08-08 17:00:00,2016-08-08 18:00:00,1,Beijing,XGBoost,18.166667,22.610958,test
2016-08-08 18:00:00,2016-08-08 19:00:00,1,Beijing,XGBoost,21.083333,20.236698,test
2016-08-08 19:00:00,2016-08-08 20:00:00,1,Beijing,XGBoost,23.583333,24.715212,test
2016-08-08 20:00:00,2016-08-08 21:00:00,1,Beijing,XGBoost,29.916667,27.415916,test
2016-08-08 21:00:00,2016-08-08 22:00:00,1,Beijing,XGBoost,37.0,35.108147,test
2016-08-08 22:00:00,2016-08-08 23:00:00,1,Beijing,XGBoost,39.583333,40.532185,test
2016-08-08 23:00:00,2016-08-09 00:00:00,1,Beijing,XGBoost,38.666667,41.758625,test
2016-08-09 00:00:00,2016-08-09 01:00:00,1,Beijing,XGBoost,36.333333,40.41032,test
2016-08-09 01:00:00,2016-08-09 02:00:00,1,Beijing,XGBoost,37.833333,36.914158,test
2016-08-09 02:00:00,2016-08-09 03:00:00,1,Beijing,XGBoost,38.583333,37.546707,test
2016-08-09 03:00:00,2016-08-09 04:00:00,1,Beijing,XGBoost,38.833333,40.43702,test
2016-08-09 04:00:00,2016-08-09 05:00:00,1,Beijing,XGBoost,36.833333,40.327843,test
2016-08-09 05:00:00,2016-08-09 06:00:00,1,Beijing,XGBoost,39.0,36.80229,test
2016-08-09 06:00:00,2016-08-09 07:00:00,1,Beijing,XGBoost,39.25,40.33809,test
2016-08-09 07:00:00,2016-08-09 08:00:00,1,Beijing,XGBoost,42.416667,41.784916,test
2016-08-09 08:00:00,2016-08-09 09:00:00,1,Beijing,XGBoost,47.916667,45.189808,test
2016-08-09 09:00:00,2016-08-09 10:00:00,1,Beijing,XGBoost,48.083333,49.443737,test
2016-08-09 10:00:00,2016-08-09 11:00:00,1,Beijing,XGBoost,40.833333,48.83387,test
2016-08-09 11:00:00,2016-08-09 12:00:00,1,Beijing,XGBoost,39.958333,41.063457,test
2016-08-09 12:00:00,2016-08-09 13:00:00,1,Beijing,XGBoost,36.5,41.066086,test
2016-08-09 13:00:00,2016-08-09 14:00:00,1,Beijing,XGBoost,36.916667,36.95448,test
2016-08-09 14:00:00,2016-08-09 15:00:00,1,Beijing,XGBoost,38.583333,37.096165,test
2016-08-09 15:00:00,2016-08-09 16:00:00,1,Beijing,XGBoost,44.833333,41.256905,test
2016-08-09 16:00:00,2016-08-09 17:00:00,1,Beijing,XGBoost,53.333333,48.50704,test
2016-08-09 17:00:00,2016-08-09 18:00:00,1,Beijing,XGBoost,59.75,56.98811,test
2016-08-09 18:00:00,2016-08-09 19:00:00,1,Beijing,XGBoost,51.0,63.552288,test
2016-08-09 19:00:00,2016-08-09 20:00:00,1,Beijing,XGBoost,45.916667,53.33206,test
2016-08-09 20:00:00,2016-08-09 21:00:00,1,Beijing,XGBoost,46.916667,47.77611,test
2016-08-09 21:00:00,2016-08-09 22:00:00,1,Beijing,XGBoost,54.166667,51.7031,test
2016-08-09 22:00:00,2016-08-09 23:00:00,1,Beijing,XGBoost,60.0,57.9194,test
2016-08-09 23:00:00,2016-08-10 00:00:00,1,Beijing,XGBoost,61.0,64.43821,test
2016-08-10 00:00:00,2016-08-10 01:00:00,1,Beijing,XGBoost,62.666667,65.235214,test
2016-08-10 01:00:00,2016-08-10 02:00:00,1,Beijing,XGBoost,67.416667,65.61092,test
2016-08-10 02:00:00,2016-08-10 03:00:00,1,Beijing,XGBoost,71.75,70.19709,test
2016-08-10 03:00:00,2016-08-10 04:00:00,1,Beijing,XGBoost,77.833333,74.83032,test
2016-08-10 04:00:00,2016-08-10 05:00:00,1,Beijing,XGBoost,84.75,80.62716,test
2016-08-10 05:00:00,2016-08-10 06:00:00,1,Beijing,XGBoost,96.083333,87.22465,test
2016-08-10 06:00:00,2016-08-10 07:00:00,1,Beijing,XGBoost,99.916667,100.68682,test
2016-08-10 07:00:00,2016-08-10 08:00:00,1,Beijing,XGBoost,100.25,103.78065,test
2016-08-10 08:00:00,2016-08-10 09:00:00,1,Beijing,XGBoost,106.166667,105.85586,test
2016-08-10 09:00:00,2016-08-10 10:00:00,1,Beijing,XGBoost,99.0,110.950714,test
2016-08-10 10:00:00,2016-08-10 11:00:00,1,Beijing,XGBoost,86.916667,98.539024,test
2016-08-10 11:00:00,2016-08-10 12:00:00,1,Beijing,XGBoost,74.083333,80.631935,test
2016-08-10 12:00:00,2016-08-10 13:00:00,1,Beijing,XGBoost,70.166667,65.36696,test
2016-08-10 13:00:00,2016-08-10 14:00:00,1,Beijing,XGBoost,67.25,67.40972,test
2016-08-10 14:00:00,2016-08-10 15:00:00,1,Beijing,XGBoost,64.25,67.62244,test
2016-08-10 15:00:00,2016-08-10 16:00:00,1,Beijing,XGBoost,69.111111,61.532627,test
2016-08-10 16:00:00,2016-08-10 17:00:00,1,Beijing,XGBoost,72.222222,69.95212,test
2016-08-10 17:00:00,2016-08-10 18:00:00,1,Beijing,XGBoost,73.666667,74.62776,test
2016-08-10 18:00:00,2016-08-10 19:00:00,1,Beijing,XGBoost,85.5,75.60777,test
2016-08-10 19:00:00,2016-08-10 20:00:00,1,Beijing,XGBoost,93.083333,89.24489,test
2016-08-10 20:00:00,2016-08-10 21:00:00,1,Beijing,XGBoost,94.291667,95.847824,test
2016-08-10 21:00:00,2016-08-10 22:00:00,1,Beijing,XGBoost,91.0,97.929085,test
2016-08-10 22:00:00,2016-08-10 23:00:00,1,Beijing,XGBoost,84.333333,91.213234,test
2016-08-10 23:00:00,2016-08-11 00:00:00,1,Beijing,XGBoost,79.5,81.88743,test
2016-08-11 00:00:00,2016-08-11 01:00:00,1,Beijing,XGBoost,75.833333,76.48471,test
2016-08-11 01:00:00,2016-08-11 02:00:00,1,Beijing,XGBoost,73.666667,72.23717,test
2016-08-11 02:00:00,2016-08-11 03:00:00,1,Beijing,XGBoost,74.083333,76.86591,test
2016-08-11 03:00:00,2016-08-11 04:00:00,1,Beijing,XGBoost,75.166667,75.92035,test
2016-08-11 04:00:00,2016-08-11 05:00:00,1,Beijing,XGBoost,75.75,77.3213,test
2016-08-11 05:00:00,2016-08-11 06:00:00,1,Beijing,XGBoost,78.75,77.0221,test
2016-08-11 06:00:00,2016-08-11 07:00:00,1,Beijing,XGBoost,83.666667,80.05101,test
2016-08-11 07:00:00,2016-08-11 08:00:00,1,Beijing,XGBoost,86.166667,86.73225,test
2016-08-11 08:00:00,2016-08-11 09:00:00,1,Beijing,XGBoost,90.916667,91.96808,test
2016-08-11 09:00:00,2016-08-11 10:00:00,1,Beijing,XGBoost,96.666667,97.260345,test
2016-08-11 10:00:00,2016-08-11 11:00:00,1,Beijing,XGBoost,99.25,101.07673,test
2016-08-11 11:00:00,2016-08-11 12:00:00,1,Beijing,XGBoost,98.666667,102.09424,test
2016-08-11 12:00:00,2016-08-11 13:00:00,1,Beijing,XGBoost,89.208333,101.82439,test
2016-08-11 13:00:00,2016-08-11 14:00:00,1,Beijing,XGBoost,86.25,86.0129,test
2016-08-11 14:00:00,2016-08-11 15:00:00,1,Beijing,XGBoost,87.25,81.64161,test
2016-08-11 15:00:00,2016-08-11 16:00:00,1,Beijing,XGBoost,91.0,88.54559,test
2016-08-11 16:00:00,2016-08-11 17:00:00,1,Beijing,XGBoost,93.125,94.1576,test
2016-08-11 17:00:00,2016-08-11 18:00:00,1,Beijing,XGBoost,98.25,97.61404,test
2016-08-11 18:00:00,2016-08-11 19:00:00,1,Beijing,XGBoost,95.416667,103.40367,test
2016-08-11 19:00:00,2016-08-11 20:00:00,1,Beijing,XGBoost,84.666667,98.83521,test
2016-08-11 20:00:00,2016-08-11 21:00:00,1,Beijing,XGBoost,78.416667,84.88247,test
2016-08-11 21:00:00,2016-08-11 22:00:00,1,Beijing,XGBoost,83.375,75.86591,test
2016-08-11 22:00:00,2016-08-11 23:00:00,1,Beijing,XGBoost,87.166667,83.12316,test
2016-08-11 23:00:00,2016-08-12 00:00:00,1,Beijing,XGBoost,87.916667,91.912766,test
2016-08-12 00:00:00,2016-08-12 01:00:00,1,Beijing,XGBoost,88.583333,91.71676,test
2016-08-12 01:00:00,2016-08-12 02:00:00,1,Beijing,XGBoost,87.416667,90.94274,test
2016-08-12 02:00:00,2016-08-12 03:00:00,1,Beijing,XGBoost,85.25,90.90884,test
2016-08-12 03:00:00,2016-08-12 04:00:00,1,Beijing,XGBoost,85.166667,89.78198,test
2016-08-12 04:00:00,2016-08-12 05:00:00,1,Beijing,XGBoost,88.083333,89.85457,test
2016-08-12 05:00:00,2016-08-12 06:00:00,1,Beijing,XGBoost,90.166667,89.48881,test
2016-08-12 06:00:00,2016-08-12 07:00:00,1,Beijing,XGBoost,96.416667,90.79633,test
2016-08-12 07:00:00,2016-08-12 08:00:00,1,Beijing,XGBoost,106.5,104.012886,test
2016-08-12 08:00:00,2016-08-12 09:00:00,1,Beijing,XGBoost,109.666667,115.25969,test
2016-08-12 09:00:00,2016-08-12 10:00:00,1,Beijing,XGBoost,115.75,117.76251,test
2016-08-12 10:00:00,2016-08-12 11:00:00,1,Beijing,XGBoost,114.166667,119.44525,test
2016-08-12 11:00:00,2016-08-12 12:00:00,1,Beijing,XGBoost,98.472222,102.75266,test
2016-08-12 12:00:00,2016-08-12 13:00:00,1,Beijing,XGBoost,63.069444,80.36867,test
2016-08-12 13:00:00,2016-08-12 14:00:00,1,Beijing,XGBoost,26.5,47.173588,test
2016-08-12 14:00:00,2016-08-12 15:00:00,1,Beijing,XGBoost,16.833333,25.14959,test
2016-08-12 15:00:00,2016-08-12 16:00:00,1,Beijing,XGBoost,14.25,21.76047,test
2016-08-12 16:00:00,2016-08-12 17:00:00,1,Beijing,XGBoost,15.916667,16.391657,test
2016-08-12 17:00:00,2016-08-12 18:00:00,1,Beijing,XGBoost,15.833333,18.54075,test
2016-08-12 18:00:00,2016-08-12 19:00:00,1,Beijing,XGBoost,20.583333,18.113916,test
2016-08-12 19:00:00,2016-08-12 20:00:00,1,Beijing,XGBoost,21.666667,25.567106,test
2016-08-12 20:00:00,2016-08-12 21:00:00,1,Beijing,XGBoost,23.916667,25.359655,test
2016-08-12 21:00:00,2016-08-12 22:00:00,1,Beijing,XGBoost,21.75,27.421785,test
2016-08-12 22:00:00,2016-08-12 23:00:00,1,Beijing,XGBoost,23.666667,23.673979,test
2016-08-12 23:00:00,2016-08-13 00:00:00,1,Beijing,XGBoost,25.25,25.18721,test
2016-08-13 00:00:00,2016-08-13 01:00:00,1,Beijing,XGBoost,27.75,26.79853,test
2016-08-13 01:00:00,2016-08-13 02:00:00,1,Beijing,XGBoost,26.166667,30.2001,test
2016-08-13 02:00:00,2016-08-13 03:00:00,1,Beijing,XGBoost,25.083333,27.434874,test
2016-08-13 03:00:00,2016-08-13 04:00:00,1,Beijing,XGBoost,23.333333,26.841759,test
2016-08-13 04:00:00,2016-08-13 05:00:00,1,Beijing,XGBoost,25.166667,25.118246,test
2016-08-13 05:00:00,2016-08-13 06:00:00,1,Beijing,XGBoost,24.166667,25.76561,test
2016-08-13 06:00:00,2016-08-13 07:00:00,1,Beijing,XGBoost,25.75,25.148535,test
2016-08-13 07:00:00,2016-08-13 08:00:00,1,Beijing,XGBoost,24.833333,26.9939,test
2016-08-13 08:00:00,2016-08-13 09:00:00,1,Beijing,XGBoost,24.166667,26.58872,test
2016-08-13 09:00:00,2016-08-13 10:00:00,1,Beijing,XGBoost,22.916667,26.654915,test
2016-08-13 10:00:00,2016-08-13 11:00:00,1,Beijing,XGBoost,21.666667,25.08667,test
2016-08-13 11:00:00,2016-08-13 12:00:00,1,Beijing,XGBoost,22.166667,23.023788,test
2016-08-13 12:00:00,2016-08-13 13:00:00,1,Beijing,XGBoost,27.25,23.536425,test
2016-08-13 13:00:00,2016-08-13 14:00:00,1,Beijing,XGBoost,27.416667,29.579563,test
2016-08-13 14:00:00,2016-08-13 15:00:00,1,Beijing,XGBoost,28.416667,30.766861,test
2016-08-13 15:00:00,2016-08-13 16:00:00,1,Beijing,XGBoost,25.833333,30.388033,test
2016-08-13 16:00:00,2016-08-13 17:00:00,1,Beijing,XGBoost,20.583333,27.269535,test
2016-08-13 17:00:00,2016-08-13 18:00:00,1,Beijing,XGBoost,18.5,22.829388,test
2016-08-13 18:00:00,2016-08-13 19:00:00,1,Beijing,XGBoost,17.0,20.762041,test
2016-08-13 19:00:00,2016-08-13 20:00:00,1,Beijing,XGBoost,16.416667,19.707111,test
2016-08-13 20:00:00,2016-08-13 21:00:00,1,Beijing,XGBoost,16.0,18.900148,test
2016-08-13 21:00:00,2016-08-13 22:00:00,1,Beijing,XGBoost,16.666667,18.29432,test
2016-08-13 22:00:00,2016-08-13 23:00:00,1,Beijing,XGBoost,15.583333,18.063677,test
2016-08-13 23:00:00,2016-08-14 00:00:00,1,Beijing,XGBoost,14.0,15.763063,test
2016-08-14 00:00:00,2016-08-14 01:00:00,1,Beijing,XGBoost,13.583333,14.075174,test
2016-08-14 01:00:00,2016-08-14 02:00:00,1,Beijing,XGBoost,12.75,13.700756,test
2016-08-14 02:00:00,2016-08-14 03:00:00,1,Beijing,XGBoost,7.833333,13.094221,test
2016-08-14 03:00:00,2016-08-14 04:00:00,1,Beijing,XGBoost,10.25,9.059701,test
2016-08-14 04:00:00,2016-08-14 05:00:00,1,Beijing,XGBoost,10.583333,10.553033,test
2016-08-14 05:00:00,2016-08-14 06:00:00,1,Beijing,XGBoost,10.5,10.026084,test
2016-08-14 06:00:00,2016-08-14 07:00:00,1,Beijing,XGBoost,14.416667,10.575815,test
2016-08-14 07:00:00,2016-08-14 08:00:00,1,Beijing,XGBoost,15.166667,15.965177,test
2016-08-14 08:00:00,2016-08-14 09:00:00,1,Beijing,XGBoost,15.75,16.864965,test
2016-08-14 09:00:00,2016-08-14 10:00:00,1,Beijing,XGBoost,14.75,17.22378,test
2016-08-14 10:00:00,2016-08-14 11:00:00,1,Beijing,XGBoost,15.416667,14.982718,test
2016-08-14 11:00:00,2016-08-14 12:00:00,1,Beijing,XGBoost,14.416667,15.423643,test
2016-08-14 12:00:00,2016-08-14 13:00:00,1,Beijing,XGBoost,13.333333,14.642708,test
2016-08-14 13:00:00,2016-08-14 14:00:00,1,Beijing,XGBoost,14.25,13.257381,test
2016-08-14 14:00:00,2016-08-14 15:00:00,1,Beijing,XGBoost,14.166667,14.926374,test
2016-08-14 15:00:00,2016-08-14 16:00:00,1,Beijing,XGBoost,15.5,15.043377,test
2016-08-14 16:00:00,2016-08-14 17:00:00,1,Beijing,XGBoost,20.5,16.51913,test
2016-08-14 17:00:00,2016-08-14 18:00:00,1,Beijing,XGBoost,21.666667,23.20945,test
2016-08-14 18:00:00,2016-08-14 19:00:00,1,Beijing,XGBoost,26.333333,23.944511,test
2016-08-14 19:00:00,2016-08-14 20:00:00,1,Beijing,XGBoost,29.666667,31.566702,test
2016-08-14 20:00:00,2016-08-14 21:00:00,1,Beijing,XGBoost,33.416667,35.860435,test
2016-08-14 21:00:00,2016-08-14 22:00:00,1,Beijing,XGBoost,38.5,37.401817,test
2016-08-14 22:00:00,2016-08-14 23:00:00,1,Beijing,XGBoost,40.583333,41.81866,test
2016-08-14 23:00:00,2016-08-15 00:00:00,1,Beijing,XGBoost,42.833333,44.536205,test
2016-08-15 00:00:00,2016-08-15 01:00:00,1,Beijing,XGBoost,47.416667,46.41523,test
2016-08-15 01:00:00,2016-08-15 02:00:00,1,Beijing,XGBoost,44.5,51.106873,test
2016-08-15 02:00:00,2016-08-15 03:00:00,1,Beijing,XGBoost,48.75,48.72227,test
2016-08-15 03:00:00,2016-08-15 04:00:00,1,Beijing,XGBoost,54.75,52.22293,test
2016-08-15 04:00:00,2016-08-15 05:00:00,1,Beijing,XGBoost,49.166667,53.589043,test
2016-08-15 05:00:00,2016-08-15 06:00:00,1,Beijing,XGBoost,19.083333,45.505955,test
2016-08-15 06:00:00,2016-08-15 07:00:00,1,Beijing,XGBoost,13.166667,16.83134,test
2016-08-15 07:00:00,2016-08-15 08:00:00,1,Beijing,XGBoost,14.333333,13.344932,test
2016-08-15 08:00:00,2016-08-15 09:00:00,1,Beijing,XGBoost,13.25,14.756653,test
2016-08-15 09:00:00,2016-08-15 10:00:00,1,Beijing,XGBoost,13.166667,13.679471,test
2016-08-15 10:00:00,2016-08-15 11:00:00,1,Beijing,XGBoost,11.458333,13.305127,test
2016-08-15 11:00:00,2016-08-15 12:00:00,1,Beijing,XGBoost,12.666667,12.114677,test
2016-08-15 12:00:00,2016-08-15 13:00:00,1,Beijing,XGBoost,12.375,13.64726,test
2016-08-15 13:00:00,2016-08-15 14:00:00,1,Beijing,XGBoost,12.25,13.206185,test
2016-08-15 14:00:00,2016-08-15 15:00:00,1,Beijing,XGBoost,13.0,13.252727,test
2016-08-15 15:00:00,2016-08-15 16:00:00,1,Beijing,XGBoost,10.25,13.939984,test
2016-08-15 16:00:00,2016-08-15 17:00:00,1,Beijing,XGBoost,9.75,11.212141,test
2016-08-15 17:00:00,2016-08-15 18:00:00,1,Beijing,XGBoost,10.333333,11.150876,test
2016-08-15 18:00:00,2016-08-15 19:00:00,1,Beijing,XGBoost,11.166667,12.0293255,test
2016-08-15 19:00:00,2016-08-15 20:00:00,1,Beijing,XGBoost,12.25,13.150539,test
2016-08-15 20:00:00,2016-08-15 21:00:00,1,Beijing,XGBoost,16.25,14.39984,test
2016-08-15 21:00:00,2016-08-15 22:00:00,1,Beijing,XGBoost,17.75,18.191504,test
2016-08-15 22:00:00,2016-08-15 23:00:00,1,Beijing,XGBoost,16.416667,18.916151,test
2016-08-15 23:00:00,2016-08-16 00:00:00,1,Beijing,XGBoost,18.083333,17.056496,test
2016-08-16 00:00:00,2016-08-16 01:00:00,1,Beijing,XGBoost,18.333333,19.02135,test
2016-08-16 01:00:00,2016-08-16 02:00:00,1,Beijing,XGBoost,20.0,19.503172,test
2016-08-16 02:00:00,2016-08-16 03:00:00,1,Beijing,XGBoost,19.833333,20.280867,test
2016-08-16 03:00:00,2016-08-16 04:00:00,1,Beijing,XGBoost,19.333333,20.13622,test
2016-08-16 04:00:00,2016-08-16 05:00:00,1,Beijing,XGBoost,20.083333,20.039385,test
2016-08-16 05:00:00,2016-08-16 06:00:00,1,Beijing,XGBoost,18.0,20.587967,test
2016-08-16 06:00:00,2016-08-16 07:00:00,1,Beijing,XGBoost,17.666667,18.445837,test
2016-08-16 07:00:00,2016-08-16 08:00:00,1,Beijing,XGBoost,18.333333,19.336977,test
2016-08-16 08:00:00,2016-08-16 09:00:00,1,Beijing,XGBoost,19.416667,20.834383,test
2016-08-16 09:00:00,2016-08-16 10:00:00,1,Beijing,XGBoost,19.666667,21.255426,test
2016-08-16 10:00:00,2016-08-16 11:00:00,1,Beijing,XGBoost,21.416667,20.327831,test
2016-08-16 11:00:00,2016-08-16 12:00:00,1,Beijing,XGBoost,22.083333,22.321907,test
2016-08-16 12:00:00,2016-08-16 13:00:00,1,Beijing,XGBoost,23.0,23.15362,test
2016-08-16 13:00:00,2016-08-16 14:00:00,1,Beijing,XGBoost,23.0,24.759647,test
2016-08-16 14:00:00,2016-08-16 15:00:00,1,Beijing,XGBoost,22.0,25.841583,test
2016-08-16 15:00:00,2016-08-16 16:00:00,1,Beijing,XGBoost,22.25,23.21715,test
2016-08-16 16:00:00,2016-08-16 17:00:00,1,Beijing,XGBoost,24.833333,23.937416,test
2016-08-16 17:00:00,2016-08-16 18:00:00,1,Beijing,XGBoost,26.916667,26.670952,test
2016-08-16 18:00:00,2016-08-16 19:00:00,1,Beijing,XGBoost,29.666667,30.52412,test
2016-08-16 19:00:00,2016-08-16 20:00:00,1,Beijing,XGBoost,32.0,33.299164,test
2016-08-16 20:00:00,2016-08-16 21:00:00,1,Beijing,XGBoost,30.916667,35.85515,test
2016-08-16 21:00:00,2016-08-16 22:00:00,1,Beijing,XGBoost,32.0,34.538795,test
2016-08-16 22:00:00,2016-08-16 23:00:00,1,Beijing,XGBoost,29.25,34.075283,test
2016-08-16 23:00:00,2016-08-17 00:00:00,1,Beijing,XGBoost,28.666667,31.923717,test
2016-08-17 00:00:00,2016-08-17 01:00:00,1,Beijing,XGBoost,32.666667,29.941473,test
2016-08-17 01:00:00,2016-08-17 02:00:00,1,Beijing,XGBoost,34.333333,34.75932,test
2016-08-17 02:00:00,2016-08-17 03:00:00,1,Beijing,XGBoost,34.5,35.35594,test
2016-08-17 03:00:00,2016-08-17 04:00:00,1,Beijing,XGBoost,34.25,35.803665,test
2016-08-17 04:00:00,2016-08-17 05:00:00,1,Beijing,XGBoost,33.916667,35.318157,test
2016-08-17 05:00:00,2016-08-17 06:00:00,1,Beijing,XGBoost,34.416667,35.88164,test
2016-08-17 06:00:00,2016-08-17 07:00:00,1,Beijing,XGBoost,38.083333,36.82068,test
2016-08-17 07:00:00,2016-08-17 08:00:00,1,Beijing,XGBoost,41.25,41.057446,test
2016-08-17 08:00:00,2016-08-17 09:00:00,1,Beijing,XGBoost,44.5,45.826355,test
2016-08-17 09:00:00,2016-08-17 10:00:00,1,Beijing,XGBoost,52.25,49.96902,test
2016-08-17 10:00:00,2016-08-17 11:00:00,1,Beijing,XGBoost,57.333333,57.961792,test
2016-08-17 11:00:00,2016-08-17 12:00:00,1,Beijing,XGBoost,61.083333,62.240578,test
2016-08-17 12:00:00,2016-08-17 13:00:00,1,Beijing,XGBoost,62.333333,66.66318,test
2016-08-17 13:00:00,2016-08-17 14:00:00,1,Beijing,XGBoost,63.666667,67.81333,test
2016-08-17 14:00:00,2016-08-17 15:00:00,1,Beijing,XGBoost,66.833333,68.806366,test
2016-08-17 15:00:00,2016-08-17 16:00:00,1,Beijing,XGBoost,69.666667,69.811516,test
2016-08-17 16:00:00,2016-08-17 17:00:00,1,Beijing,XGBoost,71.333333,73.40343,test
2016-08-17 17:00:00,2016-08-17 18:00:00,1,Beijing,XGBoost,76.5,75.57238,test
2016-08-17 18:00:00,2016-08-17 19:00:00,1,Beijing,XGBoost,79.916667,80.18671,test
2016-08-17 19:00:00,2016-08-17 20:00:00,1,Beijing,XGBoost,80.166667,85.52616,test
2016-08-17 20:00:00,2016-08-17 21:00:00,1,Beijing,XGBoost,82.583333,83.01538,test
2016-08-17 21:00:00,2016-08-17 22:00:00,1,Beijing,XGBoost,88.833333,84.3102,test
2016-08-17 22:00:00,2016-08-17 23:00:00,1,Beijing,XGBoost,93.916667,89.39882,test
2016-08-17 23:00:00,2016-08-18 00:00:00,1,Beijing,XGBoost,100.166667,98.244286,test
2016-08-18 00:00:00,2016-08-18 01:00:00,1,Beijing,XGBoost,104.166667,104.21638,test
2016-08-18 01:00:00,2016-08-18 02:00:00,1,Beijing,XGBoost,104.75,107.97959,test
2016-08-18 02:00:00,2016-08-18 03:00:00,1,Beijing,XGBoost,107.916667,108.444916,test
2016-08-18 03:00:00,2016-08-18 04:00:00,1,Beijing,XGBoost,110.5,108.56974,test
2016-08-18 04:00:00,2016-08-18 05:00:00,1,Beijing,XGBoost,110.0,112.67822,test
2016-08-18 05:00:00,2016-08-18 06:00:00,1,Beijing,XGBoost,108.0,109.296585,test
2016-08-18 06:00:00,2016-08-18 07:00:00,1,Beijing,XGBoost,104.833333,105.096344,test
2016-08-18 07:00:00,2016-08-18 08:00:00,1,Beijing,XGBoost,99.416667,100.66678,test
2016-08-18 08:00:00,2016-08-18 09:00:00,1,Beijing,XGBoost,84.916667,92.23883,test
2016-08-18 09:00:00,2016-08-18 10:00:00,1,Beijing,XGBoost,74.75,65.738434,test
2016-08-18 10:00:00,2016-08-18 11:00:00,1,Beijing,XGBoost,73.166667,58.033886,test
2016-08-18 11:00:00,2016-08-18 12:00:00,1,Beijing,XGBoost,62.833333,67.13212,test
2016-08-18 12:00:00,2016-08-18 13:00:00,1,Beijing,XGBoost,56.416667,58.816982,test
2016-08-18 13:00:00,2016-08-18 14:00:00,1,Beijing,XGBoost,56.833333,51.78201,test
2016-08-18 14:00:00,2016-08-18 15:00:00,1,Beijing,XGBoost,59.75,57.42507,test
2016-08-18 15:00:00,2016-08-18 16:00:00,1,Beijing,XGBoost,61.083333,60.941017,test
2016-08-18 16:00:00,2016-08-18 17:00:00,1,Beijing,XGBoost,56.916667,61.74088,test
2016-08-18 17:00:00,2016-08-18 18:00:00,1,Beijing,XGBoost,53.583333,57.853645,test
2016-08-18 18:00:00,2016-08-18 19:00:00,1,Beijing,XGBoost,56.333333,54.45374,test
2016-08-18 19:00:00,2016-08-18 20:00:00,1,Beijing,XGBoost,52.75,58.720806,test
2016-08-18 20:00:00,2016-08-18 21:00:00,1,Beijing,XGBoost,43.416667,57.112106,test
2016-08-18 21:00:00,2016-08-18 22:00:00,1,Beijing,XGBoost,48.416667,45.662422,test
2016-08-18 22:00:00,2016-08-18 23:00:00,1,Beijing,XGBoost,53.083333,50.751877,test
2016-08-18 23:00:00,2016-08-19 00:00:00,1,Beijing,XGBoost,45.916667,55.636032,test
2016-08-19 00:00:00,2016-08-19 01:00:00,1,Beijing,XGBoost,35.75,48.497757,test
2016-08-19 01:00:00,2016-08-19 02:00:00,1,Beijing,XGBoost,27.75,34.84379,test
2016-08-19 02:00:00,2016-08-19 03:00:00,1,Beijing,XGBoost,23.333333,29.078022,test
2016-08-19 03:00:00,2016-08-19 04:00:00,1,Beijing,XGBoost,17.5,23.698114,test
2016-08-19 04:00:00,2016-08-19 05:00:00,1,Beijing,XGBoost,14.083333,19.91987,test
2016-08-19 05:00:00,2016-08-19 06:00:00,1,Beijing,XGBoost,12.416667,14.813485,test
2016-08-19 06:00:00,2016-08-19 07:00:00,1,Beijing,XGBoost,11.416667,14.063627,test
2016-08-19 07:00:00,2016-08-19 08:00:00,1,Beijing,XGBoost,12.25,13.665595,test
2016-08-19 08:00:00,2016-08-19 09:00:00,1,Beijing,XGBoost,11.5,13.7872305,test
2016-08-19 09:00:00,2016-08-19 10:00:00,1,Beijing,XGBoost,11.5,13.640539,test
2016-08-19 10:00:00,2016-08-19 11:00:00,1,Beijing,XGBoost,10.5,12.663678,test
2016-08-19 11:00:00,2016-08-19 12:00:00,1,Beijing,XGBoost,10.416667,11.672757,test
2016-08-19 12:00:00,2016-08-19 13:00:00,1,Beijing,XGBoost,10.5,11.99919,test
2016-08-19 13:00:00,2016-08-19 14:00:00,1,Beijing,XGBoost,9.916667,11.304964,test
2016-08-19 14:00:00,2016-08-19 15:00:00,1,Beijing,XGBoost,10.416667,11.033625,test
2016-08-19 15:00:00,2016-08-19 16:00:00,1,Beijing,XGBoost,10.583333,11.2359495,test
2016-08-19 16:00:00,2016-08-19 17:00:00,1,Beijing,XGBoost,11.083333,11.675409,test
2016-08-19 17:00:00,2016-08-19 18:00:00,1,Beijing,XGBoost,11.666667,12.504106,test
2016-08-19 18:00:00,2016-08-19 19:00:00,1,Beijing,XGBoost,14.333333,13.880345,test
2016-08-19 19:00:00,2016-08-19 20:00:00,1,Beijing,XGBoost,18.0,18.240618,test
2016-08-19 20:00:00,2016-08-19 21:00:00,1,Beijing,XGBoost,29.583333,23.065668,test
2016-08-19 21:00:00,2016-08-19 22:00:00,1,Beijing,XGBoost,34.916667,36.08352,test
2016-08-19 22:00:00,2016-08-19 23:00:00,1,Beijing,XGBoost,35.083333,41.1933,test
2016-08-19 23:00:00,2016-08-20 00:00:00,1,Beijing,XGBoost,36.416667,39.395035,test
2016-08-20 00:00:00,2016-08-20 01:00:00,1,Beijing,XGBoost,39.333333,40.312393,test
2016-08-20 01:00:00,2016-08-20 02:00:00,1,Beijing,XGBoost,42.166667,42.871243,test
2016-08-20 02:00:00,2016-08-20 03:00:00,1,Beijing,XGBoost,44.916667,45.048374,test
2016-08-20 03:00:00,2016-08-20 04:00:00,1,Beijing,XGBoost,45.166667,47.907406,test
2016-08-20 04:00:00,2016-08-20 05:00:00,1,Beijing,XGBoost,48.583333,48.140217,test
2016-08-20 05:00:00,2016-08-20 06:00:00,1,Beijing,XGBoost,45.916667,50.93802,test
2016-08-20 06:00:00,2016-08-20 07:00:00,1,Beijing,XGBoost,47.25,48.508617,test
2016-08-20 07:00:00,2016-08-20 08:00:00,1,Beijing,XGBoost,48.5,51.774323,test
2016-08-20 08:00:00,2016-08-20 09:00:00,1,Beijing,XGBoost,55.583333,53.074654,test
2016-08-20 09:00:00,2016-08-20 10:00:00,1,Beijing,XGBoost,62.666667,61.85358,test
2016-08-20 10:00:00,2016-08-20 11:00:00,1,Beijing,XGBoost,71.083333,68.54132,test
2016-08-20 11:00:00,2016-08-20 12:00:00,1,Beijing,XGBoost,69.583333,78.478935,test
2016-08-20 12:00:00,2016-08-20 13:00:00,1,Beijing,XGBoost,65.166667,74.11678,test
2016-08-20 13:00:00,2016-08-20 14:00:00,1,Beijing,XGBoost,58.5,66.05097,test
2016-08-20 14:00:00,2016-08-20 15:00:00,1,Beijing,XGBoost,51.833333,56.939514,test
2016-08-20 15:00:00,2016-08-20 16:00:00,1,Beijing,XGBoost,46.583333,51.303146,test
2016-08-20 16:00:00,2016-08-20 17:00:00,1,Beijing,XGBoost,46.583333,46.54746,test
2016-08-20 17:00:00,2016-08-20 18:00:00,1,Beijing,XGBoost,49.875,49.118626,test
2016-08-20 18:00:00,2016-08-20 19:00:00,1,Beijing,XGBoost,53.25,52.513123,test
2016-08-20 19:00:00,2016-08-20 20:00:00,1,Beijing,XGBoost,52.166667,58.26671,test
2016-08-20 20:00:00,2016-08-20 21:00:00,1,Beijing,XGBoost,51.666667,56.728363,test
2016-08-20 21:00:00,2016-08-20 22:00:00,1,Beijing,XGBoost,54.0,55.940964,test
2016-08-20 22:00:00,2016-08-20 23:00:00,1,Beijing,XGBoost,55.75,57.977238,test
2016-08-20 23:00:00,2016-08-21 00:00:00,1,Beijing,XGBoost,53.666667,59.40327,test
2016-08-21 00:00:00,2016-08-21 01:00:00,1,Beijing,XGBoost,53.5,57.224167,test
2016-08-21 01:00:00,2016-08-21 02:00:00,1,Beijing,XGBoost,54.833333,56.74043,test
2016-08-21 02:00:00,2016-08-21 03:00:00,1,Beijing,XGBoost,53.083333,58.006252,test
2016-08-21 03:00:00,2016-08-21 04:00:00,1,Beijing,XGBoost,53.75,57.3431,test
2016-08-21 04:00:00,2016-08-21 05:00:00,1,Beijing,XGBoost,53.0,57.287537,test
2016-08-21 05:00:00,2016-08-21 06:00:00,1,Beijing,XGBoost,51.083333,57.241932,test
2016-08-21 06:00:00,2016-08-21 07:00:00,1,Beijing,XGBoost,52.583333,52.19216,test
2016-08-21 07:00:00,2016-08-21 08:00:00,1,Beijing,XGBoost,47.666667,56.70511,test
2016-08-21 08:00:00,2016-08-21 09:00:00,1,Beijing,XGBoost,45.75,51.689285,test
2016-08-21 09:00:00,2016-08-21 10:00:00,1,Beijing,XGBoost,45.166667,48.929314,test
2016-08-21 10:00:00,2016-08-21 11:00:00,1,Beijing,XGBoost,45.416667,50.074093,test
2016-08-21 11:00:00,2016-08-21 12:00:00,1,Beijing,XGBoost,47.75,48.767113,test
2016-08-21 12:00:00,2016-08-21 13:00:00,1,Beijing,XGBoost,49.166667,50.519615,test
2016-08-21 13:00:00,2016-08-21 14:00:00,1,Beijing,XGBoost,49.333333,51.759678,test
2016-08-21 14:00:00,2016-08-21 15:00:00,1,Beijing,XGBoost,54.416667,52.459873,test
2016-08-21 15:00:00,2016-08-21 16:00:00,1,Beijing,XGBoost,57.916667,57.167187,test
2016-08-21 16:00:00,2016-08-21 17:00:00,1,Beijing,XGBoost,50.833333,60.924664,test
2016-08-21 17:00:00,2016-08-21 18:00:00,1,Beijing,XGBoost,45.916667,52.245163,test
2016-08-21 18:00:00,2016-08-21 19:00:00,1,Beijing,XGBoost,44.583333,45.979324,test
2016-08-21 19:00:00,2016-08-21 20:00:00,1,Beijing,XGBoost,47.75,48.96205,test
2016-08-21 20:00:00,2016-08-21 21:00:00,1,Beijing,XGBoost,53.083333,52.163506,test
2016-08-21 21:00:00,2016-08-21 22:00:00,1,Beijing,XGBoost,57.416667,57.74224,test
2016-08-21 22:00:00,2016-08-21 23:00:00,1,Beijing,XGBoost,63.916667,61.947052,test
2016-08-21 23:00:00,2016-08-22 00:00:00,1,Beijing,XGBoost,74.0,70.67203,test
2016-08-22 00:00:00,2016-08-22 01:00:00,1,Beijing,XGBoost,74.666667,80.715485,test
2016-08-22 01:00:00,2016-08-22 02:00:00,1,Beijing,XGBoost,73.5,78.35517,test
2016-08-22 02:00:00,2016-08-22 03:00:00,1,Beijing,XGBoost,75.833333,74.777794,test
2016-08-22 03:00:00,2016-08-22 04:00:00,1,Beijing,XGBoost,78.75,78.27164,test
2016-08-22 04:00:00,2016-08-22 05:00:00,1,Beijing,XGBoost,78.083333,81.31593,test
2016-08-22 05:00:00,2016-08-22 06:00:00,1,Beijing,XGBoost,74.166667,80.436874,test
2016-08-22 06:00:00,2016-08-22 07:00:00,1,Beijing,XGBoost,73.5,76.216095,test
2016-08-22 07:00:00,2016-08-22 08:00:00,1,Beijing,XGBoost,77.25,75.71176,test
2016-08-22 08:00:00,2016-08-22 09:00:00,1,Beijing,XGBoost,80.833333,81.99499,test
2016-08-22 09:00:00,2016-08-22 10:00:00,1,Beijing,XGBoost,70.166667,83.07683,test
2016-08-22 10:00:00,2016-08-22 11:00:00,1,Beijing,XGBoost,52.166667,69.00958,test
2016-08-22 11:00:00,2016-08-22 12:00:00,1,Beijing,XGBoost,42.083333,43.194885,test
2016-08-22 12:00:00,2016-08-22 13:00:00,1,Beijing,XGBoost,37.583333,34.54421,test
2016-08-22 13:00:00,2016-08-22 14:00:00,1,Beijing,XGBoost,38.583333,34.12981,test
2016-08-22 14:00:00,2016-08-22 15:00:00,1,Beijing,XGBoost,33.25,40.451317,test
2016-08-22 15:00:00,2016-08-22 16:00:00,1,Beijing,XGBoost,29.916667,33.693398,test
2016-08-22 16:00:00,2016-08-22 17:00:00,1,Beijing,XGBoost,29.75,30.376638,test
2016-08-22 17:00:00,2016-08-22 18:00:00,1,Beijing,XGBoost,27.833333,32.495583,test
2016-08-22 18:00:00,2016-08-22 19:00:00,1,Beijing,XGBoost,30.916667,31.016588,test
2016-08-22 19:00:00,2016-08-22 20:00:00,1,Beijing,XGBoost,32.166667,35.042095,test
2016-08-22 20:00:00,2016-08-22 21:00:00,1,Beijing,XGBoost,36.166667,36.307137,test
2016-08-22 21:00:00,2016-08-22 22:00:00,1,Beijing,XGBoost,39.916667,39.112858,test
2016-08-22 22:00:00,2016-08-22 23:00:00,1,Beijing,XGBoost,39.666667,43.71151,test
2016-08-22 23:00:00,2016-08-23 00:00:00,1,Beijing,XGBoost,43.666667,43.515705,test
2016-08-23 00:00:00,2016-08-23 01:00:00,1,Beijing,XGBoost,46.833333,45.892616,test
2016-08-23 01:00:00,2016-08-23 02:00:00,1,Beijing,XGBoost,50.916667,49.811096,test
2016-08-23 02:00:00,2016-08-23 03:00:00,1,Beijing,XGBoost,55.833333,51.99999,test
2016-08-23 03:00:00,2016-08-23 04:00:00,1,Beijing,XGBoost,60.416667,58.505463,test
2016-08-23 04:00:00,2016-08-23 05:00:00,1,Beijing,XGBoost,63.916667,63.283726,test
2016-08-23 05:00:00,2016-08-23 06:00:00,1,Beijing,XGBoost,66.416667,65.999084,test
2016-08-23 06:00:00,2016-08-23 07:00:00,1,Beijing,XGBoost,68.666667,68.02028,test
2016-08-23 07:00:00,2016-08-23 08:00:00,1,Beijing,XGBoost,74.166667,70.63116,test
2016-08-23 08:00:00,2016-08-23 09:00:00,1,Beijing,XGBoost,80.5,78.11395,test
2016-08-23 09:00:00,2016-08-23 10:00:00,1,Beijing,XGBoost,76.833333,82.77083,test
2016-08-23 10:00:00,2016-08-23 11:00:00,1,Beijing,XGBoost,56.583333,78.05721,test
2016-08-23 11:00:00,2016-08-23 12:00:00,1,Beijing,XGBoost,55.666667,50.193855,test
2016-08-23 12:00:00,2016-08-23 13:00:00,1,Beijing,XGBoost,59.166667,49.331924,test
2016-08-23 13:00:00,2016-08-23 14:00:00,1,Beijing,XGBoost,62.5,60.538277,test
2016-08-23 14:00:00,2016-08-23 15:00:00,1,Beijing,XGBoost,62.5,65.19761,test
2016-08-23 15:00:00,2016-08-23 16:00:00,1,Beijing,XGBoost,66.833333,66.44206,test
2016-08-23 16:00:00,2016-08-23 17:00:00,1,Beijing,XGBoost,75.333333,69.7312,test
2016-08-23 17:00:00,2016-08-23 18:00:00,1,Beijing,XGBoost,74.166667,78.55606,test
2016-08-23 18:00:00,2016-08-23 19:00:00,1,Beijing,XGBoost,80.166667,77.92861,test
2016-08-23 19:00:00,2016-08-23 20:00:00,1,Beijing,XGBoost,82.416667,84.63688,test
2016-08-23 20:00:00,2016-08-23 21:00:00,1,Beijing,XGBoost,86.416667,85.907845,test
2016-08-23 21:00:00,2016-08-23 22:00:00,1,Beijing,XGBoost,91.583333,90.28045,test
2016-08-23 22:00:00,2016-08-23 23:00:00,1,Beijing,XGBoost,85.5,95.7652,test
2016-08-23 23:00:00,2016-08-24 00:00:00,1,Beijing,XGBoost,85.916667,87.4709,test
2016-08-24 00:00:00,2016-08-24 01:00:00,1,Beijing,XGBoost,83.0,88.29678,test
2016-08-24 01:00:00,2016-08-24 02:00:00,1,Beijing,XGBoost,85.583333,82.2487,test
2016-08-24 02:00:00,2016-08-24 03:00:00,1,Beijing,XGBoost,88.5,87.00383,test
2016-08-24 03:00:00,2016-08-24 04:00:00,1,Beijing,XGBoost,84.166667,90.0437,test
2016-08-24 04:00:00,2016-08-24 05:00:00,1,Beijing,XGBoost,83.166667,83.92167,test
2016-08-24 05:00:00,2016-08-24 06:00:00,1,Beijing,XGBoost,81.75,83.06563,test
2016-08-24 06:00:00,2016-08-24 07:00:00,1,Beijing,XGBoost,78.25,81.39959,test
2016-08-24 07:00:00,2016-08-24 08:00:00,1,Beijing,XGBoost,71.75,80.23913,test
2016-08-24 08:00:00,2016-08-24 09:00:00,1,Beijing,XGBoost,72.166667,72.796585,test
2016-08-24 09:00:00,2016-08-24 10:00:00,1,Beijing,XGBoost,71.833333,74.58604,test
2016-08-24 10:00:00,2016-08-24 11:00:00,1,Beijing,XGBoost,73.666667,75.78358,test
2016-08-24 11:00:00,2016-08-24 12:00:00,1,Beijing,XGBoost,74.333333,77.871956,test
2016-08-24 12:00:00,2016-08-24 13:00:00,1,Beijing,XGBoost,74.916667,77.02322,test
2016-08-24 13:00:00,2016-08-24 14:00:00,1,Beijing,XGBoost,75.583333,76.83404,test
2016-08-24 14:00:00,2016-08-24 15:00:00,1,Beijing,XGBoost,72.375,76.987335,test
2016-08-24 15:00:00,2016-08-24 16:00:00,1,Beijing,XGBoost,64.666667,74.36916,test
2016-08-24 16:00:00,2016-08-24 17:00:00,1,Beijing,XGBoost,69.916667,66.22042,test
2016-08-24 17:00:00,2016-08-24 18:00:00,1,Beijing,XGBoost,73.75,72.53219,test
2016-08-24 18:00:00,2016-08-24 19:00:00,1,Beijing,XGBoost,73.583333,77.39307,test
2016-08-24 19:00:00,2016-08-24 20:00:00,1,Beijing,XGBoost,76.416667,77.11055,test
2016-08-24 20:00:00,2016-08-24 21:00:00,1,Beijing,XGBoost,83.083333,80.18151,test
2016-08-24 21:00:00,2016-08-24 22:00:00,1,Beijing,XGBoost,94.166667,86.1425,test
2016-08-24 22:00:00,2016-08-24 23:00:00,1,Beijing,XGBoost,100.75,99.92518,test
2016-08-24 23:00:00,2016-08-25 00:00:00,1,Beijing,XGBoost,104.5,105.62751,test
2016-08-25 00:00:00,2016-08-25 01:00:00,1,Beijing,XGBoost,104.333333,109.3924,test
2016-08-25 01:00:00,2016-08-25 02:00:00,1,Beijing,XGBoost,86.916667,106.94825,test
2016-08-25 02:00:00,2016-08-25 03:00:00,1,Beijing,XGBoost,65.333333,76.10235,test
2016-08-25 03:00:00,2016-08-25 04:00:00,1,Beijing,XGBoost,31.416667,50.4411,test
2016-08-25 04:00:00,2016-08-25 05:00:00,1,Beijing,XGBoost,18.833333,22.602482,test
2016-08-25 05:00:00,2016-08-25 06:00:00,1,Beijing,XGBoost,9.0,14.054827,test
2016-08-25 06:00:00,2016-08-25 07:00:00,1,Beijing,XGBoost,5.916667,9.098882,test
2016-08-25 07:00:00,2016-08-25 08:00:00,1,Beijing,XGBoost,7.333333,7.0409665,test
2016-08-25 08:00:00,2016-08-25 09:00:00,1,Beijing,XGBoost,8.166667,7.2270207,test
2016-08-25 09:00:00,2016-08-25 10:00:00,1,Beijing,XGBoost,8.166667,8.175721,test
2016-08-25 10:00:00,2016-08-25 11:00:00,1,Beijing,XGBoost,7.166667,7.66932,test
2016-08-25 11:00:00,2016-08-25 12:00:00,1,Beijing,XGBoost,6.083333,6.8585196,test
2016-08-25 12:00:00,2016-08-25 13:00:00,1,Beijing,XGBoost,6.916667,6.202922,test
2016-08-25 13:00:00,2016-08-25 14:00:00,1,Beijing,XGBoost,6.916667,6.7139783,test
2016-08-25 14:00:00,2016-08-25 15:00:00,1,Beijing,XGBoost,5.583333,6.6897206,test
2016-08-25 15:00:00,2016-08-25 16:00:00,1,Beijing,XGBoost,6.833333,6.134214,test
2016-08-25 16:00:00,2016-08-25 17:00:00,1,Beijing,XGBoost,5.583333,6.9027257,test
2016-08-25 17:00:00,2016-08-25 18:00:00,1,Beijing,XGBoost,6.75,6.729507,test
2016-08-25 18:00:00,2016-08-25 19:00:00,1,Beijing,XGBoost,5.916667,7.394898,test
2016-08-25 19:00:00,2016-08-25 20:00:00,1,Beijing,XGBoost,8.583333,8.032972,test
2016-08-25 20:00:00,2016-08-25 21:00:00,1,Beijing,XGBoost,11.583333,9.7422285,test
2016-08-25 21:00:00,2016-08-25 22:00:00,1,Beijing,XGBoost,12.166667,12.430811,test
2016-08-25 22:00:00,2016-08-25 23:00:00,1,Beijing,XGBoost,13.583333,11.264027,test
2016-08-25 23:00:00,2016-08-26 00:00:00,1,Beijing,XGBoost,12.416667,13.112563,test
2016-08-26 00:00:00,2016-08-26 01:00:00,1,Beijing,XGBoost,9.5,12.41555,test
2016-08-26 01:00:00,2016-08-26 02:00:00,1,Beijing,XGBoost,7.0,9.79947,test
2016-08-26 02:00:00,2016-08-26 03:00:00,1,Beijing,XGBoost,7.166667,8.018592,test
2016-08-26 03:00:00,2016-08-26 04:00:00,1,Beijing,XGBoost,6.25,7.683605,test
2016-08-26 04:00:00,2016-08-26 05:00:00,1,Beijing,XGBoost,9.083333,6.588572,test
2016-08-26 05:00:00,2016-08-26 06:00:00,1,Beijing,XGBoost,7.5,8.429035,test
2016-08-26 06:00:00,2016-08-26 07:00:00,1,Beijing,XGBoost,6.75,7.4429045,test
2016-08-26 07:00:00,2016-08-26 08:00:00,1,Beijing,XGBoost,7.25,7.6073756,test
2016-08-26 08:00:00,2016-08-26 09:00:00,1,Beijing,XGBoost,8.583333,7.9852076,test
2016-08-26 09:00:00,2016-08-26 10:00:00,1,Beijing,XGBoost,7.666667,8.392582,test
2016-08-26 10:00:00,2016-08-26 11:00:00,1,Beijing,XGBoost,7.583333,7.1455197,test
2016-08-26 11:00:00,2016-08-26 12:00:00,1,Beijing,XGBoost,7.25,7.2863636,test
2016-08-26 12:00:00,2016-08-26 13:00:00,1,Beijing,XGBoost,7.833333,7.476647,test
2016-08-26 13:00:00,2016-08-26 14:00:00,1,Beijing,XGBoost,8.083333,7.7729216,test
2016-08-26 14:00:00,2016-08-26 15:00:00,1,Beijing,XGBoost,8.5,7.9930925,test
2016-08-26 15:00:00,2016-08-26 16:00:00,1,Beijing,XGBoost,5.833333,8.479803,test
2016-08-26 16:00:00,2016-08-26 17:00:00,1,Beijing,XGBoost,5.666667,6.9756694,test
2016-08-26 17:00:00,2016-08-26 18:00:00,1,Beijing,XGBoost,8.25,7.1940827,test
2016-08-26 18:00:00,2016-08-26 19:00:00,1,Beijing,XGBoost,9.166667,9.337915,test
2016-08-26 19:00:00,2016-08-26 20:00:00,1,Beijing,XGBoost,12.0,11.179327,test
2016-08-26 20:00:00,2016-08-26 21:00:00,1,Beijing,XGBoost,15.833333,13.43573,test
2016-08-26 21:00:00,2016-08-26 22:00:00,1,Beijing,XGBoost,20.25,17.206726,test
2016-08-26 22:00:00,2016-08-26 23:00:00,1,Beijing,XGBoost,24.166667,21.458769,test
2016-08-26 23:00:00,2016-08-27 00:00:00,1,Beijing,XGBoost,23.666667,24.514666,test
2016-08-27 00:00:00,2016-08-27 01:00:00,1,Beijing,XGBoost,22.666667,24.003922,test
2016-08-27 01:00:00,2016-08-27 02:00:00,1,Beijing,XGBoost,21.583333,22.591055,test
2016-08-27 02:00:00,2016-08-27 03:00:00,1,Beijing,XGBoost,21.0,21.14056,test
2016-08-27 03:00:00,2016-08-27 04:00:00,1,Beijing,XGBoost,19.333333,20.912115,test
2016-08-27 04:00:00,2016-08-27 05:00:00,1,Beijing,XGBoost,17.166667,18.638376,test
2016-08-27 05:00:00,2016-08-27 06:00:00,1,Beijing,XGBoost,15.333333,16.656038,test
2016-08-27 06:00:00,2016-08-27 07:00:00,1,Beijing,XGBoost,13.833333,14.821718,test
2016-08-27 07:00:00,2016-08-27 08:00:00,1,Beijing,XGBoost,14.5,14.186906,test
2016-08-27 08:00:00,2016-08-27 09:00:00,1,Beijing,XGBoost,16.416667,16.085178,test
2016-08-27 09:00:00,2016-08-27 10:00:00,1,Beijing,XGBoost,15.583333,16.67241,test
2016-08-27 10:00:00,2016-08-27 11:00:00,1,Beijing,XGBoost,12.75,15.598672,test
2016-08-27 11:00:00,2016-08-27 12:00:00,1,Beijing,XGBoost,11.0,12.938742,test
2016-08-27 12:00:00,2016-08-27 13:00:00,1,Beijing,XGBoost,10.333333,11.05107,test
2016-08-27 13:00:00,2016-08-27 14:00:00,1,Beijing,XGBoost,10.0,10.615942,test
2016-08-27 14:00:00,2016-08-27 15:00:00,1,Beijing,XGBoost,8.208333,10.242564,test
2016-08-27 15:00:00,2016-08-27 16:00:00,1,Beijing,XGBoost,6.916667,8.976756,test
2016-08-27 16:00:00,2016-08-27 17:00:00,1,Beijing,XGBoost,5.5,7.4779058,test
2016-08-27 17:00:00,2016-08-27 18:00:00,1,Beijing,XGBoost,10.083333,6.645015,test
2016-08-27 18:00:00,2016-08-27 19:00:00,1,Beijing,XGBoost,9.25,10.567234,test
2016-08-27 19:00:00,2016-08-27 20:00:00,1,Beijing,XGBoost,12.916667,10.982848,test
2016-08-27 20:00:00,2016-08-27 21:00:00,1,Beijing,XGBoost,20.0,15.317895,test
2016-08-27 21:00:00,2016-08-27 22:00:00,1,Beijing,XGBoost,22.083333,22.372599,test
2016-08-27 22:00:00,2016-08-27 23:00:00,1,Beijing,XGBoost,19.0,23.313208,test
2016-08-27 23:00:00,2016-08-28 00:00:00,1,Beijing,XGBoost,12.416667,19.284609,test
2016-08-28 00:00:00,2016-08-28 01:00:00,1,Beijing,XGBoost,12.666667,11.454858,test
2016-08-28 01:00:00,2016-08-28 02:00:00,1,Beijing,XGBoost,9.833333,12.545133,test
2016-08-28 02:00:00,2016-08-28 03:00:00,1,Beijing,XGBoost,8.166667,9.97239,test
2016-08-28 03:00:00,2016-08-28 04:00:00,1,Beijing,XGBoost,8.666667,8.931709,test
2016-08-28 04:00:00,2016-08-28 05:00:00,1,Beijing,XGBoost,8.5,9.360761,test
2016-08-28 05:00:00,2016-08-28 06:00:00,1,Beijing,XGBoost,8.833333,8.346524,test
2016-08-28 06:00:00,2016-08-28 07:00:00,1,Beijing,XGBoost,10.75,8.583711,test
2016-08-28 07:00:00,2016-08-28 08:00:00,1,Beijing,XGBoost,8.75,11.203492,test
2016-08-28 08:00:00,2016-08-28 09:00:00,1,Beijing,XGBoost,10.25,8.830711,test
2016-08-28 09:00:00,2016-08-28 10:00:00,1,Beijing,XGBoost,10.666667,10.080117,test
2016-08-28 10:00:00,2016-08-28 11:00:00,1,Beijing,XGBoost,7.5,10.157127,test
2016-08-28 11:00:00,2016-08-28 12:00:00,1,Beijing,XGBoost,9.333333,7.724262,test
2016-08-28 12:00:00,2016-08-28 13:00:00,1,Beijing,XGBoost,7.666667,8.73199,test
2016-08-28 13:00:00,2016-08-28 14:00:00,1,Beijing,XGBoost,8.666667,7.2940483,test
2016-08-28 14:00:00,2016-08-28 15:00:00,1,Beijing,XGBoost,6.416667,8.971152,test
2016-08-28 15:00:00,2016-08-28 16:00:00,1,Beijing,XGBoost,7.833333,6.8963504,test
2016-08-28 16:00:00,2016-08-28 17:00:00,1,Beijing,XGBoost,7.5,8.208235,test
2016-08-28 17:00:00,2016-08-28 18:00:00,1,Beijing,XGBoost,8.875,8.283271,test
2016-08-28 18:00:00,2016-08-28 19:00:00,1,Beijing,XGBoost,7.916667,10.052328,test
2016-08-28 19:00:00,2016-08-28 20:00:00,1,Beijing,XGBoost,11.166667,9.6713295,test
2016-08-28 20:00:00,2016-08-28 21:00:00,1,Beijing,XGBoost,18.916667,11.570383,test
2016-08-28 21:00:00,2016-08-28 22:00:00,1,Beijing,XGBoost,21.25,21.03586,test
2016-08-28 22:00:00,2016-08-28 23:00:00,1,Beijing,XGBoost,21.083333,22.106487,test
2016-08-28 23:00:00,2016-08-29 00:00:00,1,Beijing,XGBoost,23.333333,21.294943,test
2016-08-29 00:00:00,2016-08-29 01:00:00,1,Beijing,XGBoost,20.0,23.700249,test
2016-08-29 01:00:00,2016-08-29 02:00:00,1,Beijing,XGBoost,19.333333,19.383718,test
2016-08-29 02:00:00,2016-08-29 03:00:00,1,Beijing,XGBoost,19.333333,18.702673,test
2016-08-29 03:00:00,2016-08-29 04:00:00,1,Beijing,XGBoost,20.75,19.090054,test
2016-08-29 04:00:00,2016-08-29 05:00:00,1,Beijing,XGBoost,19.416667,20.918695,test
2016-08-29 05:00:00,2016-08-29 06:00:00,1,Beijing,XGBoost,14.166667,18.759855,test
2016-08-29 06:00:00,2016-08-29 07:00:00,1,Beijing,XGBoost,13.166667,13.219219,test
2016-08-29 07:00:00,2016-08-29 08:00:00,1,Beijing,XGBoost,14.083333,13.142732,test
2016-08-29 08:00:00,2016-08-29 09:00:00,1,Beijing,XGBoost,14.25,13.992743,test
2016-08-29 09:00:00,2016-08-29 10:00:00,1,Beijing,XGBoost,14.583333,14.679105,test
2016-08-29 10:00:00,2016-08-29 11:00:00,1,Beijing,XGBoost,15.444444,14.293735,test
2016-08-29 11:00:00,2016-08-29 12:00:00,1,Beijing,XGBoost,13.638889,15.07907,test
2016-08-29 12:00:00,2016-08-29 13:00:00,1,Beijing,XGBoost,14.666667,12.69565,test
2016-08-29 13:00:00,2016-08-29 14:00:00,1,Beijing,XGBoost,12.541667,14.37081,test
2016-08-29 14:00:00,2016-08-29 15:00:00,1,Beijing,XGBoost,12.166667,12.671194,test
2016-08-29 15:00:00,2016-08-29 16:00:00,1,Beijing,XGBoost,10.833333,13.1137,test
2016-08-29 16:00:00,2016-08-29 17:00:00,1,Beijing,XGBoost,14.833333,12.0122385,test
2016-08-29 17:00:00,2016-08-29 18:00:00,1,Beijing,XGBoost,13.916667,16.013365,test
2016-08-29 18:00:00,2016-08-29 19:00:00,1,Beijing,XGBoost,18.25,15.320896,test
2016-08-29 19:00:00,2016-08-29 20:00:00,1,Beijing,XGBoost,19.583333,22.118996,test
2016-08-29 20:00:00,2016-08-29 21:00:00,1,Beijing,XGBoost,23.25,22.874426,test
2016-08-29 21:00:00,2016-08-29 22:00:00,1,Beijing,XGBoost,30.75,26.664232,test
2016-08-29 22:00:00,2016-08-29 23:00:00,1,Beijing,XGBoost,31.416667,34.77132,test
2016-08-29 23:00:00,2016-08-30 00:00:00,1,Beijing,XGBoost,29.583333,33.077694,test
2016-08-30 00:00:00,2016-08-30 01:00:00,1,Beijing,XGBoost,31.583333,29.939014,test
2016-08-30 01:00:00,2016-08-30 02:00:00,1,Beijing,XGBoost,32.916667,31.24464,test
2016-08-30 02:00:00,2016-08-30 03:00:00,1,Beijing,XGBoost,32.833333,33.11274,test
2016-08-30 03:00:00,2016-08-30 04:00:00,1,Beijing,XGBoost,32.166667,32.783943,test
2016-08-30 04:00:00,2016-08-30 05:00:00,1,Beijing,XGBoost,31.5,31.343676,test
2016-08-30 05:00:00,2016-08-30 06:00:00,1,Beijing,XGBoost,29.0,30.99993,test
2016-08-30 06:00:00,2016-08-30 07:00:00,1,Beijing,XGBoost,23.416667,28.828001,test
2016-08-30 07:00:00,2016-08-30 08:00:00,1,Beijing,XGBoost,21.583333,23.361074,test
2016-08-30 08:00:00,2016-08-30 09:00:00,1,Beijing,XGBoost,21.416667,21.418528,test
2016-08-30 09:00:00,2016-08-30 10:00:00,1,Beijing,XGBoost,22.833333,21.735247,test
2016-08-30 10:00:00,2016-08-30 11:00:00,1,Beijing,XGBoost,23.25,23.00332,test
2016-08-30 11:00:00,2016-08-30 12:00:00,1,Beijing,XGBoost,26.5,24.510284,test
2016-08-30 12:00:00,2016-08-30 13:00:00,1,Beijing,XGBoost,25.583333,25.761219,test
2016-08-30 13:00:00,2016-08-30 14:00:00,1,Beijing,XGBoost,26.833333,24.768295,test
2016-08-30 14:00:00,2016-08-30 15:00:00,1,Beijing,XGBoost,27.416667,26.657703,test
2016-08-30 15:00:00,2016-08-30 16:00:00,1,Beijing,XGBoost,28.5,28.1274,test
2016-08-30 16:00:00,2016-08-30 17:00:00,1,Beijing,XGBoost,27.583333,29.804596,test
2016-08-30 17:00:00,2016-08-30 18:00:00,1,Beijing,XGBoost,23.583333,29.856617,test
2016-08-30 18:00:00,2016-08-30 19:00:00,1,Beijing,XGBoost,25.0,25.157093,test
2016-08-30 19:00:00,2016-08-30 20:00:00,1,Beijing,XGBoost,31.75,28.074198,test
2016-08-30 20:00:00,2016-08-30 21:00:00,1,Beijing,XGBoost,35.333333,35.761852,test
2016-08-30 21:00:00,2016-08-30 22:00:00,1,Beijing,XGBoost,38.916667,37.092262,test
2016-08-30 22:00:00,2016-08-30 23:00:00,1,Beijing,XGBoost,38.5,41.38236,test
2016-08-30 23:00:00,2016-08-31 00:00:00,1,Beijing,XGBoost,42.0,38.440514,test
2016-08-31 00:00:00,2016-08-31 01:00:00,1,Beijing,XGBoost,34.75,42.64894,test
2016-08-31 01:00:00,2016-08-31 02:00:00,1,Beijing,XGBoost,33.5,34.369877,test
2016-08-31 02:00:00,2016-08-31 03:00:00,1,Beijing,XGBoost,34.916667,31.784163,test
2016-08-31 03:00:00,2016-08-31 04:00:00,1,Beijing,XGBoost,34.083333,34.88443,test
2016-08-31 04:00:00,2016-08-31 05:00:00,1,Beijing,XGBoost,29.0,33.287376,test
2016-08-31 05:00:00,2016-08-31 06:00:00,1,Beijing,XGBoost,22.416667,29.25343,test
2016-08-31 06:00:00,2016-08-31 07:00:00,1,Beijing,XGBoost,21.5,22.378899,test
2016-08-31 07:00:00,2016-08-31 08:00:00,1,Beijing,XGBoost,21.5,21.463863,test
2016-08-31 08:00:00,2016-08-31 09:00:00,1,Beijing,XGBoost,20.0,21.901356,test
2016-08-31 09:00:00,2016-08-31 10:00:00,1,Beijing,XGBoost,17.0,19.245691,test
2016-08-31 10:00:00,2016-08-31 11:00:00,1,Beijing,XGBoost,16.25,15.845876,test
2016-08-31 11:00:00,2016-08-31 12:00:00,1,Beijing,XGBoost,14.375,15.198584,test
2016-08-31 12:00:00,2016-08-31 13:00:00,1,Beijing,XGBoost,10.0,13.781506,test
2016-08-31 13:00:00,2016-08-31 14:00:00,1,Beijing,XGBoost,10.666667,10.155342,test
2016-08-31 14:00:00,2016-08-31 15:00:00,1,Beijing,XGBoost,12.5,10.952557,test
2016-08-31 15:00:00,2016-08-31 16:00:00,1,Beijing,XGBoost,9.75,11.816104,test
2016-08-31 16:00:00,2016-08-31 17:00:00,1,Beijing,XGBoost,7.416667,9.776806,test
2016-08-31 17:00:00,2016-08-31 18:00:00,1,Beijing,XGBoost,6.5,8.63433,test
2016-08-31 18:00:00,2016-08-31 19:00:00,1,Beijing,XGBoost,7.75,7.5827327,test
2016-08-31 19:00:00,2016-08-31 20:00:00,1,Beijing,XGBoost,8.333333,8.090704,test
2016-08-31 20:00:00,2016-08-31 21:00:00,1,Beijing,XGBoost,9.0,8.48498,test
2016-08-31 21:00:00,2016-08-31 22:00:00,1,Beijing,XGBoost,7.916667,8.416517,test
2016-08-31 22:00:00,2016-08-31 23:00:00,1,Beijing,XGBoost,6.583333,7.464245,test
2016-08-31 23:00:00,2016-09-01 00:00:00,1,Beijing,XGBoost,7.166667,7.14843,test
2016-09-01 00:00:00,2016-09-01 01:00:00,1,Beijing,XGBoost,9.916667,7.260628,test
2016-09-01 01:00:00,2016-09-01 02:00:00,1,Beijing,XGBoost,7.583333,8.926181,test
2016-09-01 02:00:00,2016-09-01 03:00:00,1,Beijing,XGBoost,6.666667,6.9653935,test
2016-09-01 03:00:00,2016-09-01 04:00:00,1,Beijing,XGBoost,9.416667,7.3480086,test
2016-09-01 04:00:00,2016-09-01 05:00:00,1,Beijing,XGBoost,8.666667,8.793157,test
2016-09-01 05:00:00,2016-09-01 06:00:00,1,Beijing,XGBoost,8.25,8.011173,test
2016-09-01 06:00:00,2016-09-01 07:00:00,1,Beijing,XGBoost,6.916667,7.7547817,test
2016-09-01 07:00:00,2016-09-01 08:00:00,1,Beijing,XGBoost,7.25,6.427763,test
2016-09-01 08:00:00,2016-09-01 09:00:00,1,Beijing,XGBoost,6.083333,7.4994535,test
2016-09-01 09:00:00,2016-09-01 10:00:00,1,Beijing,XGBoost,6.333333,6.869823,test
2016-09-01 10:00:00,2016-09-01 11:00:00,1,Beijing,XGBoost,7.083333,6.6172075,test
2016-09-01 11:00:00,2016-09-01 12:00:00,1,Beijing,XGBoost,4.916667,7.3295956,test
2016-09-01 12:00:00,2016-09-01 13:00:00,1,Beijing,XGBoost,5.5,6.479369,test
2016-09-01 13:00:00,2016-09-01 14:00:00,1,Beijing,XGBoost,6.166667,6.735335,test
2016-09-01 14:00:00,2016-09-01 15:00:00,1,Beijing,XGBoost,5.0,6.5984735,test
2016-09-01 15:00:00,2016-09-01 16:00:00,1,Beijing,XGBoost,5.5,6.180961,test
2016-09-01 16:00:00,2016-09-01 17:00:00,1,Beijing,XGBoost,5.583333,6.604828,test
2016-09-01 17:00:00,2016-09-01 18:00:00,1,Beijing,XGBoost,7.083333,7.2994437,test
2016-09-01 18:00:00,2016-09-01 19:00:00,1,Beijing,XGBoost,6.75,8.94914,test
2016-09-01 19:00:00,2016-09-01 20:00:00,1,Beijing,XGBoost,8.916667,8.914677,test
2016-09-01 20:00:00,2016-09-01 21:00:00,1,Beijing,XGBoost,11.833333,10.061739,test
2016-09-01 21:00:00,2016-09-01 22:00:00,1,Beijing,XGBoost,8.166667,12.996046,test
2016-09-01 22:00:00,2016-09-01 23:00:00,1,Beijing,XGBoost,7.5,8.256401,test
2016-09-01 23:00:00,2016-09-02 00:00:00,1,Beijing,XGBoost,11.833333,8.520798,test
2016-09-02 00:00:00,2016-09-02 01:00:00,1,Beijing,XGBoost,13.25,11.576841,test
2016-09-02 01:00:00,2016-09-02 02:00:00,1,Beijing,XGBoost,15.083333,12.387029,test
2016-09-02 02:00:00,2016-09-02 03:00:00,1,Beijing,XGBoost,15.5,14.80524,test
2016-09-02 03:00:00,2016-09-02 04:00:00,1,Beijing,XGBoost,16.833333,15.3711815,test
2016-09-02 04:00:00,2016-09-02 05:00:00,1,Beijing,XGBoost,17.0,16.453623,test
2016-09-02 05:00:00,2016-09-02 06:00:00,1,Beijing,XGBoost,15.666667,17.393051,test
2016-09-02 06:00:00,2016-09-02 07:00:00,1,Beijing,XGBoost,15.0,15.486363,test
2016-09-02 07:00:00,2016-09-02 08:00:00,1,Beijing,XGBoost,13.416667,15.550621,test
2016-09-02 08:00:00,2016-09-02 09:00:00,1,Beijing,XGBoost,14.5,14.614918,test
2016-09-02 09:00:00,2016-09-02 10:00:00,1,Beijing,XGBoost,12.166667,15.04893,test
2016-09-02 10:00:00,2016-09-02 11:00:00,1,Beijing,XGBoost,10.75,13.584645,test
2016-09-02 11:00:00,2016-09-02 12:00:00,1,Beijing,XGBoost,10.333333,12.15768,test
2016-09-02 12:00:00,2016-09-02 13:00:00,1,Beijing,XGBoost,7.583333,10.407623,test
2016-09-02 13:00:00,2016-09-02 14:00:00,1,Beijing,XGBoost,9.666667,8.153712,test
2016-09-02 14:00:00,2016-09-02 15:00:00,1,Beijing,XGBoost,10.333333,9.804477,test
2016-09-02 15:00:00,2016-09-02 16:00:00,1,Beijing,XGBoost,8.75,10.445576,test
2016-09-02 16:00:00,2016-09-02 17:00:00,1,Beijing,XGBoost,9.5,9.693023,test
2016-09-02 17:00:00,2016-09-02 18:00:00,1,Beijing,XGBoost,9.166667,10.500208,test
2016-09-02 18:00:00,2016-09-02 19:00:00,1,Beijing,XGBoost,9.083333,9.815852,test
2016-09-02 19:00:00,2016-09-02 20:00:00,1,Beijing,XGBoost,8.833333,10.519655,test
2016-09-02 20:00:00,2016-09-02 21:00:00,1,Beijing,XGBoost,9.5,10.363719,test
2016-09-02 21:00:00,2016-09-02 22:00:00,1,Beijing,XGBoost,8.333333,9.302066,test
2016-09-02 22:00:00,2016-09-02 23:00:00,1,Beijing,XGBoost,10.583333,7.529926,test
2016-09-02 23:00:00,2016-09-03 00:00:00,1,Beijing,XGBoost,10.916667,10.592024,test
2016-09-03 00:00:00,2016-09-03 01:00:00,1,Beijing,XGBoost,9.916667,10.612621,test
2016-09-03 01:00:00,2016-09-03 02:00:00,1,Beijing,XGBoost,9.666667,10.200512,test
2016-09-03 02:00:00,2016-09-03 03:00:00,1,Beijing,XGBoost,9.25,9.644086,test
2016-09-03 03:00:00,2016-09-03 04:00:00,1,Beijing,XGBoost,9.25,9.224869,test
2016-09-03 04:00:00,2016-09-03 05:00:00,1,Beijing,XGBoost,10.0,9.497105,test
2016-09-03 05:00:00,2016-09-03 06:00:00,1,Beijing,XGBoost,10.25,9.778327,test
2016-09-03 06:00:00,2016-09-03 07:00:00,1,Beijing,XGBoost,11.5,9.778327,test
2016-09-03 07:00:00,2016-09-03 08:00:00,1,Beijing,XGBoost,12.666667,12.319062,test
2016-09-03 08:00:00,2016-09-03 09:00:00,1,Beijing,XGBoost,13.333333,14.290875,test
2016-09-03 09:00:00,2016-09-03 10:00:00,1,Beijing,XGBoost,15.666667,14.715922,test
2016-09-03 10:00:00,2016-09-03 11:00:00,1,Beijing,XGBoost,11.916667,16.116241,test
2016-09-03 11:00:00,2016-09-03 12:00:00,1,Beijing,XGBoost,12.583333,13.026091,test
2016-09-03 12:00:00,2016-09-03 13:00:00,1,Beijing,XGBoost,12.5,12.925477,test
2016-09-03 13:00:00,2016-09-03 14:00:00,1,Beijing,XGBoost,15.666667,12.658807,test
2016-09-03 14:00:00,2016-09-03 15:00:00,1,Beijing,XGBoost,19.25,15.891039,test
2016-09-03 15:00:00,2016-09-03 16:00:00,1,Beijing,XGBoost,20.833333,21.026617,test
2016-09-03 16:00:00,2016-09-03 17:00:00,1,Beijing,XGBoost,20.75,22.32778,test
2016-09-03 17:00:00,2016-09-03 18:00:00,1,Beijing,XGBoost,23.083333,22.723768,test
2016-09-03 18:00:00,2016-09-03 19:00:00,1,Beijing,XGBoost,25.0,25.745487,test
2016-09-03 19:00:00,2016-09-03 20:00:00,1,Beijing,XGBoost,26.833333,28.864038,test
2016-09-03 20:00:00,2016-09-03 21:00:00,1,Beijing,XGBoost,30.916667,30.199306,test
2016-09-03 21:00:00,2016-09-03 22:00:00,1,Beijing,XGBoost,36.25,33.42324,test
2016-09-03 22:00:00,2016-09-03 23:00:00,1,Beijing,XGBoost,42.583333,37.718044,test
2016-09-03 23:00:00,2016-09-04 00:00:00,1,Beijing,XGBoost,42.083333,45.246548,test
2016-09-04 00:00:00,2016-09-04 01:00:00,1,Beijing,XGBoost,48.25,43.53301,test
2016-09-04 01:00:00,2016-09-04 02:00:00,1,Beijing,XGBoost,54.5,48.470093,test
2016-09-04 02:00:00,2016-09-04 03:00:00,1,Beijing,XGBoost,59.583333,55.050915,test
2016-09-04 03:00:00,2016-09-04 04:00:00,1,Beijing,XGBoost,66.25,61.23317,test
2016-09-04 04:00:00,2016-09-04 05:00:00,1,Beijing,XGBoost,71.416667,67.80284,test
2016-09-04 05:00:00,2016-09-04 06:00:00,1,Beijing,XGBoost,83.833333,74.14245,test
2016-09-04 06:00:00,2016-09-04 07:00:00,1,Beijing,XGBoost,94.0,86.93914,test
2016-09-04 07:00:00,2016-09-04 08:00:00,1,Beijing,XGBoost,105.083333,102.66691,test
2016-09-04 08:00:00,2016-09-04 09:00:00,1,Beijing,XGBoost,115.0,114.887085,test
2016-09-04 09:00:00,2016-09-04 10:00:00,1,Beijing,XGBoost,122.909091,123.233215,test
2016-09-04 10:00:00,2016-09-04 11:00:00,1,Beijing,XGBoost,131.818182,126.130165,test
2016-09-04 11:00:00,2016-09-04 12:00:00,1,Beijing,XGBoost,130.0,133.85498,test
2016-09-04 12:00:00,2016-09-04 13:00:00,1,Beijing,XGBoost,117.636364,131.41576,test
2016-09-04 13:00:00,2016-09-04 14:00:00,1,Beijing,XGBoost,93.0,112.40908,test
2016-09-04 14:00:00,2016-09-04 15:00:00,1,Beijing,XGBoost,72.909091,79.7419,test
2016-09-04 15:00:00,2016-09-04 16:00:00,1,Beijing,XGBoost,73.181818,61.107243,test
2016-09-04 16:00:00,2016-09-04 17:00:00,1,Beijing,XGBoost,62.909091,70.01558,test
2016-09-04 17:00:00,2016-09-04 18:00:00,1,Beijing,XGBoost,47.090909,61.452305,test
2016-09-04 18:00:00,2016-09-04 19:00:00,1,Beijing,XGBoost,47.545455,44.621094,test
2016-09-04 19:00:00,2016-09-04 20:00:00,1,Beijing,XGBoost,54.25,49.42877,test
2016-09-04 20:00:00,2016-09-04 21:00:00,1,Beijing,XGBoost,65.916667,59.90406,test
2016-09-04 21:00:00,2016-09-04 22:00:00,1,Beijing,XGBoost,65.5,65.12877,test
2016-09-04 22:00:00,2016-09-04 23:00:00,1,Beijing,XGBoost,76.333333,64.2033,test
2016-09-04 23:00:00,2016-09-05 00:00:00,1,Beijing,XGBoost,71.333333,75.5053,test
2016-09-05 00:00:00,2016-09-05 01:00:00,1,Beijing,XGBoost,34.416667,73.221176,test
2016-09-05 01:00:00,2016-09-05 02:00:00,1,Beijing,XGBoost,29.416667,29.373642,test
2016-09-05 02:00:00,2016-09-05 03:00:00,1,Beijing,XGBoost,31.0,27.552124,test
2016-09-05 03:00:00,2016-09-05 04:00:00,1,Beijing,XGBoost,30.083333,31.0195,test
2016-09-05 04:00:00,2016-09-05 05:00:00,1,Beijing,XGBoost,30.166667,29.41978,test
2016-09-05 05:00:00,2016-09-05 06:00:00,1,Beijing,XGBoost,29.25,29.270355,test
2016-09-05 06:00:00,2016-09-05 07:00:00,1,Beijing,XGBoost,33.5,28.840437,test
2016-09-05 07:00:00,2016-09-05 08:00:00,1,Beijing,XGBoost,38.666667,34.52409,test
2016-09-05 08:00:00,2016-09-05 09:00:00,1,Beijing,XGBoost,37.25,40.15361,test
2016-09-05 09:00:00,2016-09-05 10:00:00,1,Beijing,XGBoost,36.916667,37.875095,test
2016-09-05 10:00:00,2016-09-05 11:00:00,1,Beijing,XGBoost,39.666667,37.474396,test
2016-09-05 11:00:00,2016-09-05 12:00:00,1,Beijing,XGBoost,34.388889,41.24049,test
2016-09-05 12:00:00,2016-09-05 13:00:00,1,Beijing,XGBoost,21.833333,32.242043,test
2016-09-05 13:00:00,2016-09-05 14:00:00,1,Beijing,XGBoost,16.277778,18.894188,test
2016-09-05 14:00:00,2016-09-05 15:00:00,1,Beijing,XGBoost,10.666667,15.186995,test
2016-09-05 15:00:00,2016-09-05 16:00:00,1,Beijing,XGBoost,11.5,11.055678,test
2016-09-05 16:00:00,2016-09-05 17:00:00,1,Beijing,XGBoost,10.333333,12.833602,test
2016-09-05 17:00:00,2016-09-05 18:00:00,1,Beijing,XGBoost,8.916667,11.332028,test
2016-09-05 18:00:00,2016-09-05 19:00:00,1,Beijing,XGBoost,12.958333,11.382307,test
2016-09-05 19:00:00,2016-09-05 20:00:00,1,Beijing,XGBoost,20.5,15.97271,test
2016-09-05 20:00:00,2016-09-05 21:00:00,1,Beijing,XGBoost,32.083333,24.202404,test
2016-09-05 21:00:00,2016-09-05 22:00:00,1,Beijing,XGBoost,38.0,35.76154,test
2016-09-05 22:00:00,2016-09-05 23:00:00,1,Beijing,XGBoost,37.833333,40.677208,test
2016-09-05 23:00:00,2016-09-06 00:00:00,1,Beijing,XGBoost,35.5,38.267334,test
2016-09-06 00:00:00,2016-09-06 01:00:00,1,Beijing,XGBoost,33.583333,34.637608,test
2016-09-06 01:00:00,2016-09-06 02:00:00,1,Beijing,XGBoost,30.333333,32.565575,test
2016-09-06 02:00:00,2016-09-06 03:00:00,1,Beijing,XGBoost,28.416667,30.04564,test
2016-09-06 03:00:00,2016-09-06 04:00:00,1,Beijing,XGBoost,24.916667,27.82321,test
2016-09-06 04:00:00,2016-09-06 05:00:00,1,Beijing,XGBoost,16.416667,23.658344,test
2016-09-06 05:00:00,2016-09-06 06:00:00,1,Beijing,XGBoost,17.583333,15.171005,test
2016-09-06 06:00:00,2016-09-06 07:00:00,1,Beijing,XGBoost,17.166667,17.570072,test
2016-09-06 07:00:00,2016-09-06 08:00:00,1,Beijing,XGBoost,16.0,18.62813,test
2016-09-06 08:00:00,2016-09-06 09:00:00,1,Beijing,XGBoost,18.583333,16.049414,test
2016-09-06 09:00:00,2016-09-06 10:00:00,1,Beijing,XGBoost,19.0,18.855865,test
2016-09-06 10:00:00,2016-09-06 11:00:00,1,Beijing,XGBoost,18.25,19.839655,test
2016-09-06 11:00:00,2016-09-06 12:00:00,1,Beijing,XGBoost,20.333333,18.150574,test
2016-09-06 12:00:00,2016-09-06 13:00:00,1,Beijing,XGBoost,17.25,19.945658,test
2016-09-06 13:00:00,2016-09-06 14:00:00,1,Beijing,XGBoost,12.416667,17.75007,test
2016-09-06 14:00:00,2016-09-06 15:00:00,1,Beijing,XGBoost,14.333333,13.076434,test
2016-09-06 15:00:00,2016-09-06 16:00:00,1,Beijing,XGBoost,7.75,15.304267,test
2016-09-06 16:00:00,2016-09-06 17:00:00,1,Beijing,XGBoost,7.416667,9.463541,test
2016-09-06 17:00:00,2016-09-06 18:00:00,1,Beijing,XGBoost,10.416667,9.667479,test
2016-09-07 09:00:00,2016-09-07 10:00:00,1,Beijing,XGBoost,54.666667,11.878651,test
2016-09-07 10:00:00,2016-09-07 11:00:00,1,Beijing,XGBoost,60.083333,60.330082,test
2016-09-07 11:00:00,2016-09-07 12:00:00,1,Beijing,XGBoost,60.666667,65.643585,test
2016-09-07 12:00:00,2016-09-07 13:00:00,1,Beijing,XGBoost,54.0,61.443466,test
2016-09-07 13:00:00,2016-09-07 14:00:00,1,Beijing,XGBoost,49.152778,53.247322,test
2016-09-07 14:00:00,2016-09-07 15:00:00,1,Beijing,XGBoost,49.805556,45.41318,test
2016-09-07 15:00:00,2016-09-07 16:00:00,1,Beijing,XGBoost,48.0,49.655754,test
2016-09-07 16:00:00,2016-09-07 17:00:00,1,Beijing,XGBoost,41.333333,48.346306,test
2016-09-07 17:00:00,2016-09-07 18:00:00,1,Beijing,XGBoost,38.583333,41.618492,test
2016-09-07 18:00:00,2016-09-07 19:00:00,1,Beijing,XGBoost,35.833333,42.350124,test
2016-09-07 19:00:00,2016-09-07 20:00:00,1,Beijing,XGBoost,33.083333,37.238007,test
2016-09-07 20:00:00,2016-09-07 21:00:00,1,Beijing,XGBoost,21.583333,33.778,test
2016-09-07 21:00:00,2016-09-07 22:00:00,1,Beijing,XGBoost,22.916667,20.227385,test
2016-09-07 22:00:00,2016-09-07 23:00:00,1,Beijing,XGBoost,20.75,23.256788,test
2016-09-07 23:00:00,2016-09-08 00:00:00,1,Beijing,XGBoost,19.25,21.144167,test
2016-09-08 00:00:00,2016-09-08 01:00:00,1,Beijing,XGBoost,20.166667,19.308027,test
2016-09-08 01:00:00,2016-09-08 02:00:00,1,Beijing,XGBoost,21.166667,20.723824,test
2016-09-08 02:00:00,2016-09-08 03:00:00,1,Beijing,XGBoost,19.833333,21.607563,test
2016-09-08 03:00:00,2016-09-08 04:00:00,1,Beijing,XGBoost,21.0,20.026566,test
2016-09-08 04:00:00,2016-09-08 05:00:00,1,Beijing,XGBoost,21.833333,21.285946,test
2016-09-08 05:00:00,2016-09-08 06:00:00,1,Beijing,XGBoost,21.166667,22.55389,test
2016-09-08 06:00:00,2016-09-08 07:00:00,1,Beijing,XGBoost,20.833333,21.020683,test
2016-09-08 07:00:00,2016-09-08 08:00:00,1,Beijing,XGBoost,22.166667,21.737993,test
2016-09-08 08:00:00,2016-09-08 09:00:00,1,Beijing,XGBoost,24.0,23.7474,test
2016-09-08 09:00:00,2016-09-08 10:00:00,1,Beijing,XGBoost,25.0,26.65445,test
2016-09-08 10:00:00,2016-09-08 11:00:00,1,Beijing,XGBoost,23.75,24.218235,test
2016-09-08 11:00:00,2016-09-08 12:00:00,1,Beijing,XGBoost,23.716667,23.31004,test
2016-09-08 12:00:00,2016-09-08 13:00:00,1,Beijing,XGBoost,19.016667,22.97406,test
2016-09-08 13:00:00,2016-09-08 14:00:00,1,Beijing,XGBoost,16.816667,18.737772,test
2016-09-08 14:00:00,2016-09-08 15:00:00,1,Beijing,XGBoost,13.783333,15.801351,test
2016-09-08 15:00:00,2016-09-08 16:00:00,1,Beijing,XGBoost,9.083333,13.489412,test
2016-09-08 16:00:00,2016-09-08 17:00:00,1,Beijing,XGBoost,12.166667,10.20726,test
2016-09-08 17:00:00,2016-09-08 18:00:00,1,Beijing,XGBoost,13.25,13.368038,test
2016-09-08 18:00:00,2016-09-08 19:00:00,1,Beijing,XGBoost,15.333333,14.170163,test
2016-09-08 19:00:00,2016-09-08 20:00:00,1,Beijing,XGBoost,19.666667,17.669865,test
2016-09-08 20:00:00,2016-09-08 21:00:00,1,Beijing,XGBoost,24.25,23.123636,test
2016-09-08 21:00:00,2016-09-08 22:00:00,1,Beijing,XGBoost,27.833333,27.170092,test
2016-09-08 22:00:00,2016-09-08 23:00:00,1,Beijing,XGBoost,31.416667,30.948082,test
2016-09-08 23:00:00,2016-09-09 00:00:00,1,Beijing,XGBoost,29.75,31.59003,test
2016-09-09 00:00:00,2016-09-09 01:00:00,1,Beijing,XGBoost,27.416667,30.564892,test
2016-09-09 01:00:00,2016-09-09 02:00:00,1,Beijing,XGBoost,26.333333,27.78562,test
2016-09-09 02:00:00,2016-09-09 03:00:00,1,Beijing,XGBoost,25.416667,25.849915,test
2016-09-09 03:00:00,2016-09-09 04:00:00,1,Beijing,XGBoost,24.583333,24.912258,test
2016-09-09 04:00:00,2016-09-09 05:00:00,1,Beijing,XGBoost,19.833333,24.153706,test
2016-09-09 05:00:00,2016-09-09 06:00:00,1,Beijing,XGBoost,17.583333,19.657194,test
2016-09-09 06:00:00,2016-09-09 07:00:00,1,Beijing,XGBoost,17.75,17.524338,test
2016-09-09 07:00:00,2016-09-09 08:00:00,1,Beijing,XGBoost,19.916667,18.781065,test
2016-09-09 08:00:00,2016-09-09 09:00:00,1,Beijing,XGBoost,20.916667,21.083685,test
2016-09-09 09:00:00,2016-09-09 10:00:00,1,Beijing,XGBoost,19.25,21.034492,test
2016-09-09 10:00:00,2016-09-09 11:00:00,1,Beijing,XGBoost,18.75,18.711237,test
2016-09-09 11:00:00,2016-09-09 12:00:00,1,Beijing,XGBoost,13.666667,17.936493,test
2016-09-09 12:00:00,2016-09-09 13:00:00,1,Beijing,XGBoost,9.833333,13.222652,test
2016-09-09 13:00:00,2016-09-09 14:00:00,1,Beijing,XGBoost,10.416667,10.176594,test
2016-09-09 14:00:00,2016-09-09 15:00:00,1,Beijing,XGBoost,9.416667,10.081254,test
2016-09-09 15:00:00,2016-09-09 16:00:00,1,Beijing,XGBoost,8.833333,9.667002,test
2016-09-09 16:00:00,2016-09-09 17:00:00,1,Beijing,XGBoost,9.666667,10.049055,test
2016-09-09 17:00:00,2016-09-09 18:00:00,1,Beijing,XGBoost,10.666667,10.591078,test
2016-09-09 18:00:00,2016-09-09 19:00:00,1,Beijing,XGBoost,11.333333,11.954779,test
2016-09-09 19:00:00,2016-09-09 20:00:00,1,Beijing,XGBoost,16.333333,14.151024,test
2016-09-09 20:00:00,2016-09-09 21:00:00,1,Beijing,XGBoost,21.625,18.900389,test
2016-09-09 21:00:00,2016-09-09 22:00:00,1,Beijing,XGBoost,24.416667,25.048367,test
2016-09-09 22:00:00,2016-09-09 23:00:00,1,Beijing,XGBoost,25.5,25.910486,test
2016-09-09 23:00:00,2016-09-10 00:00:00,1,Beijing,XGBoost,23.166667,25.60188,test
2016-09-10 00:00:00,2016-09-10 01:00:00,1,Beijing,XGBoost,20.916667,23.342922,test
2016-09-10 01:00:00,2016-09-10 02:00:00,1,Beijing,XGBoost,16.083333,20.756283,test
2016-09-10 02:00:00,2016-09-10 03:00:00,1,Beijing,XGBoost,12.75,15.247072,test
2016-09-10 03:00:00,2016-09-10 04:00:00,1,Beijing,XGBoost,12.083333,12.496141,test
2016-09-10 04:00:00,2016-09-10 05:00:00,1,Beijing,XGBoost,11.25,12.779289,test
2016-09-10 05:00:00,2016-09-10 06:00:00,1,Beijing,XGBoost,9.666667,11.095364,test
2016-09-10 06:00:00,2016-09-10 07:00:00,1,Beijing,XGBoost,10.666667,9.92102,test
2016-09-10 07:00:00,2016-09-10 08:00:00,1,Beijing,XGBoost,10.25,11.885536,test
2016-09-10 08:00:00,2016-09-10 09:00:00,1,Beijing,XGBoost,9.833333,11.229896,test
2016-09-10 09:00:00,2016-09-10 10:00:00,1,Beijing,XGBoost,11.083333,10.280556,test
2016-09-10 10:00:00,2016-09-10 11:00:00,1,Beijing,XGBoost,13.5,11.200114,test
2016-09-10 11:00:00,2016-09-10 12:00:00,1,Beijing,XGBoost,11.583333,12.992349,test
2016-09-10 12:00:00,2016-09-10 13:00:00,1,Beijing,XGBoost,9.75,12.486184,test
2016-09-10 13:00:00,2016-09-10 14:00:00,1,Beijing,XGBoost,7.916667,10.609329,test
2016-09-10 14:00:00,2016-09-10 15:00:00,1,Beijing,XGBoost,9.916667,8.673914,test
2016-09-10 15:00:00,2016-09-10 16:00:00,1,Beijing,XGBoost,11.5,10.515631,test
2016-09-10 16:00:00,2016-09-10 17:00:00,1,Beijing,XGBoost,10.0,11.441127,test
2016-09-10 17:00:00,2016-09-10 18:00:00,1,Beijing,XGBoost,15.166667,10.735939,test
2016-09-10 18:00:00,2016-09-10 19:00:00,1,Beijing,XGBoost,17.166667,16.701717,test
2016-09-10 19:00:00,2016-09-10 20:00:00,1,Beijing,XGBoost,21.583333,20.331299,test
2016-09-10 20:00:00,2016-09-10 21:00:00,1,Beijing,XGBoost,25.75,24.749098,test
2016-09-10 21:00:00,2016-09-10 22:00:00,1,Beijing,XGBoost,31.166667,28.485464,test
2016-09-10 22:00:00,2016-09-10 23:00:00,1,Beijing,XGBoost,32.5,34.723732,test
2016-09-10 23:00:00,2016-09-11 00:00:00,1,Beijing,XGBoost,36.25,33.23879,test
2016-09-11 00:00:00,2016-09-11 01:00:00,1,Beijing,XGBoost,47.333333,35.83119,test
2016-09-11 01:00:00,2016-09-11 02:00:00,1,Beijing,XGBoost,72.083333,48.96286,test
2016-09-11 02:00:00,2016-09-11 03:00:00,1,Beijing,XGBoost,85.083333,73.735245,test
2016-09-11 03:00:00,2016-09-11 04:00:00,1,Beijing,XGBoost,53.583333,81.45891,test
2016-09-11 04:00:00,2016-09-11 05:00:00,1,Beijing,XGBoost,23.25,45.458965,test
2016-09-11 05:00:00,2016-09-11 06:00:00,1,Beijing,XGBoost,20.333333,19.001284,test
2016-09-11 06:00:00,2016-09-11 07:00:00,1,Beijing,XGBoost,24.25,18.694304,test
2016-09-11 07:00:00,2016-09-11 08:00:00,1,Beijing,XGBoost,29.25,24.278748,test
2016-09-11 08:00:00,2016-09-11 09:00:00,1,Beijing,XGBoost,29.583333,34.373875,test
2016-09-11 09:00:00,2016-09-11 10:00:00,1,Beijing,XGBoost,28.666667,30.791794,test
2016-09-11 10:00:00,2016-09-11 11:00:00,1,Beijing,XGBoost,25.0,28.154856,test
2016-09-11 11:00:00,2016-09-11 12:00:00,1,Beijing,XGBoost,21.0,24.39381,test
2016-09-11 12:00:00,2016-09-11 13:00:00,1,Beijing,XGBoost,20.166667,20.851362,test
2016-09-11 13:00:00,2016-09-11 14:00:00,1,Beijing,XGBoost,19.75,20.335855,test
2016-09-11 14:00:00,2016-09-11 15:00:00,1,Beijing,XGBoost,20.166667,20.14073,test
2016-09-11 15:00:00,2016-09-11 16:00:00,1,Beijing,XGBoost,23.25,21.518959,test
2016-09-11 16:00:00,2016-09-11 17:00:00,1,Beijing,XGBoost,24.083333,25.216381,test
2016-09-11 17:00:00,2016-09-11 18:00:00,1,Beijing,XGBoost,26.5,26.215235,test
2016-09-11 18:00:00,2016-09-11 19:00:00,1,Beijing,XGBoost,28.166667,28.702274,test
2016-09-11 19:00:00,2016-09-11 20:00:00,1,Beijing,XGBoost,30.833333,32.078957,test
2016-09-11 20:00:00,2016-09-11 21:00:00,1,Beijing,XGBoost,34.166667,34.656437,test
2016-09-11 21:00:00,2016-09-11 22:00:00,1,Beijing,XGBoost,32.0,38.087498,test
2016-09-11 22:00:00,2016-09-11 23:00:00,1,Beijing,XGBoost,30.083333,33.470074,test
2016-09-11 23:00:00,2016-09-12 00:00:00,1,Beijing,XGBoost,27.083333,30.485012,test
2016-09-12 00:00:00,2016-09-12 01:00:00,1,Beijing,XGBoost,24.833333,26.858492,test
2016-09-12 01:00:00,2016-09-12 02:00:00,1,Beijing,XGBoost,25.583333,23.589247,test
2016-09-12 02:00:00,2016-09-12 03:00:00,1,Beijing,XGBoost,24.0,25.246613,test
2016-09-12 03:00:00,2016-09-12 04:00:00,1,Beijing,XGBoost,24.583333,24.266953,test
2016-09-12 04:00:00,2016-09-12 05:00:00,1,Beijing,XGBoost,25.75,24.485464,test
2016-09-12 05:00:00,2016-09-12 06:00:00,1,Beijing,XGBoost,29.083333,25.072033,test
2016-09-12 06:00:00,2016-09-12 07:00:00,1,Beijing,XGBoost,28.916667,28.856936,test
2016-09-12 07:00:00,2016-09-12 08:00:00,1,Beijing,XGBoost,28.833333,29.913195,test
2016-09-12 08:00:00,2016-09-12 09:00:00,1,Beijing,XGBoost,31.666667,29.811426,test
2016-09-12 09:00:00,2016-09-12 10:00:00,1,Beijing,XGBoost,35.727273,32.96707,test
2016-09-12 10:00:00,2016-09-12 11:00:00,1,Beijing,XGBoost,33.727273,36.61257,test
2016-09-12 11:00:00,2016-09-12 12:00:00,1,Beijing,XGBoost,31.909091,34.233646,test
2016-09-12 12:00:00,2016-09-12 13:00:00,1,Beijing,XGBoost,28.909091,31.607355,test
2016-09-12 13:00:00,2016-09-12 14:00:00,1,Beijing,XGBoost,27.363636,28.416315,test
2016-09-12 14:00:00,2016-09-12 15:00:00,1,Beijing,XGBoost,26.545455,27.050978,test
2016-09-12 15:00:00,2016-09-12 16:00:00,1,Beijing,XGBoost,29.636364,27.587015,test
2016-09-12 16:00:00,2016-09-12 17:00:00,1,Beijing,XGBoost,30.636364,31.629038,test
2016-09-12 17:00:00,2016-09-12 18:00:00,1,Beijing,XGBoost,31.636364,32.422585,test
2016-09-12 18:00:00,2016-09-12 19:00:00,1,Beijing,XGBoost,32.727273,35.193283,test
2016-09-12 19:00:00,2016-09-12 20:00:00,1,Beijing,XGBoost,35.416667,38.11984,test
2016-09-12 20:00:00,2016-09-12 21:00:00,1,Beijing,XGBoost,40.333333,39.44795,test
2016-09-12 21:00:00,2016-09-12 22:00:00,1,Beijing,XGBoost,43.583333,44.21949,test
2016-09-12 22:00:00,2016-09-12 23:00:00,1,Beijing,XGBoost,45.833333,44.962955,test
2016-09-12 23:00:00,2016-09-13 00:00:00,1,Beijing,XGBoost,49.583333,46.053055,test
2016-09-13 00:00:00,2016-09-13 01:00:00,1,Beijing,XGBoost,50.833333,50.271763,test
2016-09-13 01:00:00,2016-09-13 02:00:00,1,Beijing,XGBoost,49.916667,50.59393,test
2016-09-13 02:00:00,2016-09-13 03:00:00,1,Beijing,XGBoost,54.5,49.36516,test
2016-09-13 03:00:00,2016-09-13 04:00:00,1,Beijing,XGBoost,59.333333,54.994396,test
2016-09-13 04:00:00,2016-09-13 05:00:00,1,Beijing,XGBoost,60.916667,60.849144,test
2016-09-13 05:00:00,2016-09-13 06:00:00,1,Beijing,XGBoost,63.583333,61.705166,test
2016-09-13 06:00:00,2016-09-13 07:00:00,1,Beijing,XGBoost,63.083333,64.585625,test
2016-09-13 07:00:00,2016-09-13 08:00:00,1,Beijing,XGBoost,67.083333,64.759575,test
2016-09-13 08:00:00,2016-09-13 09:00:00,1,Beijing,XGBoost,79.666667,70.74075,test
2016-09-13 09:00:00,2016-09-13 10:00:00,1,Beijing,XGBoost,98.0,85.420044,test
2016-09-13 10:00:00,2016-09-13 11:00:00,1,Beijing,XGBoost,109.416667,104.609375,test
2016-09-13 11:00:00,2016-09-13 12:00:00,1,Beijing,XGBoost,117.166667,114.675064,test
2016-09-13 12:00:00,2016-09-13 13:00:00,1,Beijing,XGBoost,121.416667,120.35842,test
2016-09-13 13:00:00,2016-09-13 14:00:00,1,Beijing,XGBoost,125.916667,123.820366,test
2016-09-13 14:00:00,2016-09-13 15:00:00,1,Beijing,XGBoost,115.25,128.15045,test
2016-09-13 15:00:00,2016-09-13 16:00:00,1,Beijing,XGBoost,109.666667,110.473366,test
2016-09-13 16:00:00,2016-09-13 17:00:00,1,Beijing,XGBoost,100.75,105.11502,test
2016-09-13 17:00:00,2016-09-13 18:00:00,1,Beijing,XGBoost,97.666667,95.699936,test
2016-09-13 18:00:00,2016-09-13 19:00:00,1,Beijing,XGBoost,88.0,92.832245,test
2016-09-13 19:00:00,2016-09-13 20:00:00,1,Beijing,XGBoost,84.666667,86.8189,test
2016-09-13 20:00:00,2016-09-13 21:00:00,1,Beijing,XGBoost,85.666667,84.91686,test
2016-09-13 21:00:00,2016-09-13 22:00:00,1,Beijing,XGBoost,89.25,87.43603,test
2016-09-13 22:00:00,2016-09-13 23:00:00,1,Beijing,XGBoost,94.083333,90.29882,test
2016-09-13 23:00:00,2016-09-14 00:00:00,1,Beijing,XGBoost,96.0,95.856186,test
2016-09-14 00:00:00,2016-09-14 01:00:00,1,Beijing,XGBoost,100.583333,99.08783,test
2016-09-14 01:00:00,2016-09-14 02:00:00,1,Beijing,XGBoost,102.5,104.45284,test
2016-09-14 02:00:00,2016-09-14 03:00:00,1,Beijing,XGBoost,101.916667,105.25304,test
2016-09-14 03:00:00,2016-09-14 04:00:00,1,Beijing,XGBoost,102.75,104.07336,test
2016-09-14 04:00:00,2016-09-14 05:00:00,1,Beijing,XGBoost,109.416667,103.78795,test
2016-09-14 05:00:00,2016-09-14 06:00:00,1,Beijing,XGBoost,108.416667,111.07913,test
2016-09-14 06:00:00,2016-09-14 07:00:00,1,Beijing,XGBoost,108.083333,110.34283,test
2016-09-14 07:00:00,2016-09-14 08:00:00,1,Beijing,XGBoost,108.0,107.632065,test
2016-09-14 08:00:00,2016-09-14 09:00:00,1,Beijing,XGBoost,120.083333,110.54615,test
2016-09-14 09:00:00,2016-09-14 10:00:00,1,Beijing,XGBoost,140.416667,125.151024,test
2016-09-14 10:00:00,2016-09-14 11:00:00,1,Beijing,XGBoost,149.25,149.22891,test
2016-09-14 11:00:00,2016-09-14 12:00:00,1,Beijing,XGBoost,147.833333,149.95178,test
2016-09-14 12:00:00,2016-09-14 13:00:00,1,Beijing,XGBoost,137.666667,143.5372,test
2016-09-14 13:00:00,2016-09-14 14:00:00,1,Beijing,XGBoost,106.75,129.028,test
2016-09-14 14:00:00,2016-09-14 15:00:00,1,Beijing,XGBoost,95.0,93.10752,test
2016-09-14 15:00:00,2016-09-14 16:00:00,1,Beijing,XGBoost,89.416667,80.846016,test
2016-09-14 16:00:00,2016-09-14 17:00:00,1,Beijing,XGBoost,84.0,80.830345,test
2016-09-14 17:00:00,2016-09-14 18:00:00,1,Beijing,XGBoost,88.909091,78.87947,test
2016-09-14 18:00:00,2016-09-14 19:00:00,1,Beijing,XGBoost,100.454545,86.275764,test
2016-09-14 19:00:00,2016-09-14 20:00:00,1,Beijing,XGBoost,89.454545,102.50424,test
2016-09-14 20:00:00,2016-09-14 21:00:00,1,Beijing,XGBoost,62.454545,91.12757,test
2016-09-14 21:00:00,2016-09-14 22:00:00,1,Beijing,XGBoost,63.272727,56.370636,test
2016-09-14 22:00:00,2016-09-14 23:00:00,1,Beijing,XGBoost,56.181818,59.826588,test
2016-09-14 23:00:00,2016-09-15 00:00:00,1,Beijing,XGBoost,45.272727,57.420082,test
2016-09-15 00:00:00,2016-09-15 01:00:00,1,Beijing,XGBoost,47.727273,43.98698,test
2016-09-15 01:00:00,2016-09-15 02:00:00,1,Beijing,XGBoost,52.181818,45.741394,test
2016-09-15 02:00:00,2016-09-15 03:00:00,1,Beijing,XGBoost,49.454545,52.83162,test
2016-09-15 03:00:00,2016-09-15 04:00:00,1,Beijing,XGBoost,46.545455,50.558346,test
2016-09-15 04:00:00,2016-09-15 05:00:00,1,Beijing,XGBoost,53.090909,47.984722,test
2016-09-15 05:00:00,2016-09-15 06:00:00,1,Beijing,XGBoost,57.0,54.521343,test
2016-09-15 06:00:00,2016-09-15 07:00:00,1,Beijing,XGBoost,55.090909,58.521503,test
2016-09-15 07:00:00,2016-09-15 08:00:00,1,Beijing,XGBoost,51.454545,56.64198,test
2016-09-15 08:00:00,2016-09-15 09:00:00,1,Beijing,XGBoost,55.636364,51.82408,test
2016-09-15 09:00:00,2016-09-15 10:00:00,1,Beijing,XGBoost,67.0,56.188023,test
2016-09-15 10:00:00,2016-09-15 11:00:00,1,Beijing,XGBoost,64.909091,68.535194,test
2016-09-15 11:00:00,2016-09-15 12:00:00,1,Beijing,XGBoost,60.75,67.96219,test
2016-09-15 12:00:00,2016-09-15 13:00:00,1,Beijing,XGBoost,54.25,59.97599,test
2016-09-15 13:00:00,2016-09-15 14:00:00,1,Beijing,XGBoost,45.333333,54.277832,test
2016-09-15 14:00:00,2016-09-15 15:00:00,1,Beijing,XGBoost,43.083333,43.343063,test
2016-09-15 15:00:00,2016-09-15 16:00:00,1,Beijing,XGBoost,39.75,42.276756,test
2016-09-15 16:00:00,2016-09-15 17:00:00,1,Beijing,XGBoost,47.166667,41.63742,test
2016-09-15 17:00:00,2016-09-15 18:00:00,1,Beijing,XGBoost,69.833333,49.864765,test
2016-09-15 18:00:00,2016-09-15 19:00:00,1,Beijing,XGBoost,87.833333,76.77826,test
2016-09-15 19:00:00,2016-09-15 20:00:00,1,Beijing,XGBoost,101.583333,93.723434,test
2016-09-15 20:00:00,2016-09-15 21:00:00,1,Beijing,XGBoost,114.5,109.30615,test
2016-09-15 21:00:00,2016-09-15 22:00:00,1,Beijing,XGBoost,124.416667,120.30993,test
2016-09-15 22:00:00,2016-09-15 23:00:00,1,Beijing,XGBoost,137.333333,127.5683,test
2016-09-15 23:00:00,2016-09-16 00:00:00,1,Beijing,XGBoost,145.0,141.69078,test
2016-09-16 00:00:00,2016-09-16 01:00:00,1,Beijing,XGBoost,148.583333,151.12053,test
2016-09-16 01:00:00,2016-09-16 02:00:00,1,Beijing,XGBoost,154.333333,153.05197,test
2016-09-16 02:00:00,2016-09-16 03:00:00,1,Beijing,XGBoost,147.5,153.92831,test
2016-09-16 03:00:00,2016-09-16 04:00:00,1,Beijing,XGBoost,135.416667,148.1327,test
2016-09-16 04:00:00,2016-09-16 05:00:00,1,Beijing,XGBoost,131.916667,130.77312,test
2016-09-16 05:00:00,2016-09-16 06:00:00,1,Beijing,XGBoost,129.583333,127.25495,test
2016-09-16 06:00:00,2016-09-16 07:00:00,1,Beijing,XGBoost,134.166667,130.74684,test
2016-09-16 07:00:00,2016-09-16 08:00:00,1,Beijing,XGBoost,143.333333,135.80595,test
2016-09-16 08:00:00,2016-09-16 09:00:00,1,Beijing,XGBoost,149.166667,150.9721,test
2016-09-16 09:00:00,2016-09-16 10:00:00,1,Beijing,XGBoost,159.0,157.95541,test
2016-09-16 10:00:00,2016-09-16 11:00:00,1,Beijing,XGBoost,167.909091,159.46338,test
2016-09-16 11:00:00,2016-09-16 12:00:00,1,Beijing,XGBoost,179.818182,174.05777,test
2016-09-16 12:00:00,2016-09-16 13:00:00,1,Beijing,XGBoost,180.181818,181.43332,test
2016-09-16 13:00:00,2016-09-16 14:00:00,1,Beijing,XGBoost,171.363636,179.55986,test
2016-09-16 14:00:00,2016-09-16 15:00:00,1,Beijing,XGBoost,167.272727,166.58727,test
2016-09-16 15:00:00,2016-09-16 16:00:00,1,Beijing,XGBoost,149.272727,156.41933,test
2016-09-16 16:00:00,2016-09-16 17:00:00,1,Beijing,XGBoost,146.636364,143.58278,test
2016-09-16 17:00:00,2016-09-16 18:00:00,1,Beijing,XGBoost,151.5,144.50269,test
2016-09-16 18:00:00,2016-09-16 19:00:00,1,Beijing,XGBoost,157.583333,151.09164,test
2016-09-16 19:00:00,2016-09-16 20:00:00,1,Beijing,XGBoost,123.083333,157.00676,test
2016-09-16 20:00:00,2016-09-16 21:00:00,1,Beijing,XGBoost,56.083333,107.317345,test
2016-09-16 21:00:00,2016-09-16 22:00:00,1,Beijing,XGBoost,38.583333,40.63168,test
2016-09-16 22:00:00,2016-09-16 23:00:00,1,Beijing,XGBoost,38.083333,32.872173,test
2016-09-16 23:00:00,2016-09-17 00:00:00,1,Beijing,XGBoost,46.5,33.13832,test
2016-09-17 00:00:00,2016-09-17 01:00:00,1,Beijing,XGBoost,54.166667,46.015175,test
2016-09-17 01:00:00,2016-09-17 02:00:00,1,Beijing,XGBoost,62.833333,55.782112,test
2016-09-17 02:00:00,2016-09-17 03:00:00,1,Beijing,XGBoost,66.0,65.72095,test
2016-09-17 03:00:00,2016-09-17 04:00:00,1,Beijing,XGBoost,64.583333,68.46557,test
2016-09-17 04:00:00,2016-09-17 05:00:00,1,Beijing,XGBoost,62.5,66.65483,test
2016-09-17 05:00:00,2016-09-17 06:00:00,1,Beijing,XGBoost,64.25,62.75583,test
2016-09-17 06:00:00,2016-09-17 07:00:00,1,Beijing,XGBoost,68.166667,63.409958,test
2016-09-17 07:00:00,2016-09-17 08:00:00,1,Beijing,XGBoost,67.333333,69.73068,test
2016-09-17 08:00:00,2016-09-17 09:00:00,1,Beijing,XGBoost,49.166667,70.173294,test
2016-09-17 09:00:00,2016-09-17 10:00:00,1,Beijing,XGBoost,37.583333,46.363327,test
2016-09-17 10:00:00,2016-09-17 11:00:00,1,Beijing,XGBoost,36.666667,33.944607,test
2016-09-17 11:00:00,2016-09-17 12:00:00,1,Beijing,XGBoost,34.416667,36.18084,test
2016-09-17 12:00:00,2016-09-17 13:00:00,1,Beijing,XGBoost,29.583333,34.83909,test
2016-09-17 13:00:00,2016-09-17 14:00:00,1,Beijing,XGBoost,26.083333,28.671247,test
2016-09-17 14:00:00,2016-09-17 15:00:00,1,Beijing,XGBoost,24.5,26.132578,test
2016-09-17 15:00:00,2016-09-17 16:00:00,1,Beijing,XGBoost,23.25,25.444427,test
2016-09-17 16:00:00,2016-09-17 17:00:00,1,Beijing,XGBoost,26.083333,24.874693,test
2016-09-17 17:00:00,2016-09-17 18:00:00,1,Beijing,XGBoost,28.75,27.954845,test
2016-09-17 18:00:00,2016-09-17 19:00:00,1,Beijing,XGBoost,27.25,32.428078,test
2016-09-17 19:00:00,2016-09-17 20:00:00,1,Beijing,XGBoost,28.833333,30.361681,test
2016-09-17 20:00:00,2016-09-17 21:00:00,1,Beijing,XGBoost,28.166667,31.432135,test
2016-09-17 21:00:00,2016-09-17 22:00:00,1,Beijing,XGBoost,28.333333,27.699705,test
2016-09-17 22:00:00,2016-09-17 23:00:00,1,Beijing,XGBoost,28.75,28.345121,test
2016-09-17 23:00:00,2016-09-18 00:00:00,1,Beijing,XGBoost,28.916667,28.17557,test
2016-09-18 00:00:00,2016-09-18 01:00:00,1,Beijing,XGBoost,27.833333,28.183578,test
2016-09-18 01:00:00,2016-09-18 02:00:00,1,Beijing,XGBoost,25.666667,26.524172,test
2016-09-18 02:00:00,2016-09-18 03:00:00,1,Beijing,XGBoost,22.916667,23.417799,test
2016-09-18 03:00:00,2016-09-18 04:00:00,1,Beijing,XGBoost,21.583333,22.21733,test
2016-09-18 04:00:00,2016-09-18 05:00:00,1,Beijing,XGBoost,21.416667,21.093071,test
2016-09-18 05:00:00,2016-09-18 06:00:00,1,Beijing,XGBoost,22.666667,21.060871,test
2016-09-18 06:00:00,2016-09-18 07:00:00,1,Beijing,XGBoost,23.25,22.80631,test
2016-09-18 07:00:00,2016-09-18 08:00:00,1,Beijing,XGBoost,23.0,24.440474,test
2016-09-18 08:00:00,2016-09-18 09:00:00,1,Beijing,XGBoost,23.166667,25.261614,test
2016-09-18 09:00:00,2016-09-18 10:00:00,1,Beijing,XGBoost,25.5,25.796385,test
2016-09-18 10:00:00,2016-09-18 11:00:00,1,Beijing,XGBoost,25.833333,26.82151,test
2016-09-18 11:00:00,2016-09-18 12:00:00,1,Beijing,XGBoost,24.416667,26.232433,test
2016-09-18 12:00:00,2016-09-18 13:00:00,1,Beijing,XGBoost,21.75,25.410862,test
2016-09-18 13:00:00,2016-09-18 14:00:00,1,Beijing,XGBoost,19.666667,21.378819,test
2016-09-18 14:00:00,2016-09-18 15:00:00,1,Beijing,XGBoost,21.055556,19.269976,test
2016-09-18 15:00:00,2016-09-18 16:00:00,1,Beijing,XGBoost,21.212121,21.387836,test
2016-09-18 16:00:00,2016-09-18 17:00:00,1,Beijing,XGBoost,14.181818,22.660679,test
2016-09-18 17:00:00,2016-09-18 18:00:00,1,Beijing,XGBoost,10.363636,14.558739,test
2016-09-18 18:00:00,2016-09-18 19:00:00,1,Beijing,XGBoost,15.0,13.001403,test
2016-09-18 19:00:00,2016-09-18 20:00:00,1,Beijing,XGBoost,17.636364,17.391394,test
2016-09-18 20:00:00,2016-09-18 21:00:00,1,Beijing,XGBoost,20.454545,21.785934,test
2016-09-18 21:00:00,2016-09-18 22:00:00,1,Beijing,XGBoost,19.636364,22.665174,test
2016-09-18 22:00:00,2016-09-18 23:00:00,1,Beijing,XGBoost,18.454545,20.498127,test
2016-09-18 23:00:00,2016-09-19 00:00:00,1,Beijing,XGBoost,15.545455,18.788042,test
2016-09-19 00:00:00,2016-09-19 01:00:00,1,Beijing,XGBoost,13.090909,15.239217,test
2016-09-19 01:00:00,2016-09-19 02:00:00,1,Beijing,XGBoost,14.0,13.317173,test
2016-09-19 02:00:00,2016-09-19 03:00:00,1,Beijing,XGBoost,13.272727,13.74481,test
2016-09-19 03:00:00,2016-09-19 04:00:00,1,Beijing,XGBoost,9.909091,13.255894,test
2016-09-19 04:00:00,2016-09-19 05:00:00,1,Beijing,XGBoost,9.454545,10.098412,test
2016-09-19 05:00:00,2016-09-19 06:00:00,1,Beijing,XGBoost,8.272727,10.035585,test
2016-09-19 06:00:00,2016-09-19 07:00:00,1,Beijing,XGBoost,8.090909,8.608863,test
2016-09-19 07:00:00,2016-09-19 08:00:00,1,Beijing,XGBoost,6.909091,9.35414,test
2016-09-19 08:00:00,2016-09-19 09:00:00,1,Beijing,XGBoost,8.818182,7.736371,test
2016-09-19 09:00:00,2016-09-19 10:00:00,1,Beijing,XGBoost,8.363636,9.035325,test
2016-09-19 10:00:00,2016-09-19 11:00:00,1,Beijing,XGBoost,7.090909,4.244995,test
2016-09-19 11:00:00,2016-09-19 12:00:00,1,Beijing,XGBoost,5.583333,3.5222142,test
2016-09-19 12:00:00,2016-09-19 13:00:00,1,Beijing,XGBoost,5.416667,6.145685,test
2016-09-19 13:00:00,2016-09-19 14:00:00,1,Beijing,XGBoost,7.0,6.4454885,test
2016-09-19 14:00:00,2016-09-19 15:00:00,1,Beijing,XGBoost,7.5,7.609356,test
2016-09-19 15:00:00,2016-09-19 16:00:00,1,Beijing,XGBoost,5.75,7.962949,test
2016-09-19 16:00:00,2016-09-19 17:00:00,1,Beijing,XGBoost,7.083333,7.277411,test
2016-09-19 17:00:00,2016-09-19 18:00:00,1,Beijing,XGBoost,6.916667,8.412589,test
2016-09-19 18:00:00,2016-09-19 19:00:00,1,Beijing,XGBoost,8.083333,8.81026,test
2016-09-19 19:00:00,2016-09-19 20:00:00,1,Beijing,XGBoost,11.666667,10.853719,test
2016-09-19 20:00:00,2016-09-19 21:00:00,1,Beijing,XGBoost,25.25,14.4851465,test
2016-09-19 21:00:00,2016-09-19 22:00:00,1,Beijing,XGBoost,24.166667,27.639736,test
2016-09-19 22:00:00,2016-09-19 23:00:00,1,Beijing,XGBoost,21.75,25.737057,test
2016-09-19 23:00:00,2016-09-20 00:00:00,1,Beijing,XGBoost,21.916667,21.40878,test
2016-09-20 00:00:00,2016-09-20 01:00:00,1,Beijing,XGBoost,23.416667,21.956743,test
2016-09-20 01:00:00,2016-09-20 02:00:00,1,Beijing,XGBoost,22.416667,23.698303,test
2016-09-20 02:00:00,2016-09-20 03:00:00,1,Beijing,XGBoost,19.25,22.290688,test
2016-09-20 03:00:00,2016-09-20 04:00:00,1,Beijing,XGBoost,17.5,18.93415,test
2016-09-20 04:00:00,2016-09-20 05:00:00,1,Beijing,XGBoost,17.083333,16.945053,test
2016-09-20 05:00:00,2016-09-20 06:00:00,1,Beijing,XGBoost,12.75,16.844831,test
2016-09-20 06:00:00,2016-09-20 07:00:00,1,Beijing,XGBoost,10.083333,12.542909,test
2016-09-20 07:00:00,2016-09-20 08:00:00,1,Beijing,XGBoost,14.666667,11.128028,test
2016-09-20 08:00:00,2016-09-20 09:00:00,1,Beijing,XGBoost,16.416667,16.229506,test
2016-09-20 09:00:00,2016-09-20 10:00:00,1,Beijing,XGBoost,17.583333,17.360012,test
2016-09-20 10:00:00,2016-09-20 11:00:00,1,Beijing,XGBoost,17.583333,18.776327,test
2016-09-20 11:00:00,2016-09-20 12:00:00,1,Beijing,XGBoost,15.363636,19.1482,test
2016-09-20 12:00:00,2016-09-20 13:00:00,1,Beijing,XGBoost,16.0,15.897639,test
2016-09-20 13:00:00,2016-09-20 14:00:00,1,Beijing,XGBoost,13.090909,15.42742,test
2016-09-20 14:00:00,2016-09-20 15:00:00,1,Beijing,XGBoost,11.181818,13.682092,test
2016-09-20 15:00:00,2016-09-20 16:00:00,1,Beijing,XGBoost,12.272727,12.55075,test
2016-09-20 16:00:00,2016-09-20 17:00:00,1,Beijing,XGBoost,14.545455,13.383818,test
2016-09-20 17:00:00,2016-09-20 18:00:00,1,Beijing,XGBoost,15.454545,15.851999,test
2016-09-20 18:00:00,2016-09-20 19:00:00,1,Beijing,XGBoost,18.363636,17.702662,test
2016-09-20 19:00:00,2016-09-20 20:00:00,1,Beijing,XGBoost,23.0,23.648191,test
2016-09-20 20:00:00,2016-09-20 21:00:00,1,Beijing,XGBoost,28.5,27.584257,test
2016-09-20 21:00:00,2016-09-20 22:00:00,1,Beijing,XGBoost,33.272727,33.107525,test
2016-09-20 22:00:00,2016-09-20 23:00:00,1,Beijing,XGBoost,36.818182,35.882168,test
2016-09-20 23:00:00,2016-09-21 00:00:00,1,Beijing,XGBoost,41.272727,38.647232,test
2016-09-21 00:00:00,2016-09-21 01:00:00,1,Beijing,XGBoost,41.272727,41.56185,test
2016-09-21 01:00:00,2016-09-21 02:00:00,1,Beijing,XGBoost,40.727273,40.852695,test
2016-09-21 02:00:00,2016-09-21 03:00:00,1,Beijing,XGBoost,41.484848,40.109356,test
2016-09-21 03:00:00,2016-09-21 04:00:00,1,Beijing,XGBoost,40.969697,41.619015,test
2016-09-21 04:00:00,2016-09-21 05:00:00,1,Beijing,XGBoost,43.727273,40.279846,test
2016-09-21 05:00:00,2016-09-21 06:00:00,1,Beijing,XGBoost,46.636364,43.24031,test
2016-09-21 06:00:00,2016-09-21 07:00:00,1,Beijing,XGBoost,48.181818,46.686928,test
2016-09-21 07:00:00,2016-09-21 08:00:00,1,Beijing,XGBoost,49.727273,49.2306,test
2016-09-21 08:00:00,2016-09-21 09:00:00,1,Beijing,XGBoost,51.363636,51.871838,test
2016-09-21 09:00:00,2016-09-21 10:00:00,1,Beijing,XGBoost,54.636364,54.16126,test
2016-09-21 10:00:00,2016-09-21 11:00:00,1,Beijing,XGBoost,58.166667,56.77068,test
2016-09-21 11:00:00,2016-09-21 12:00:00,1,Beijing,XGBoost,61.625,60.4062,test
2016-09-21 12:00:00,2016-09-21 13:00:00,1,Beijing,XGBoost,63.916667,65.61864,test
2016-09-21 13:00:00,2016-09-21 14:00:00,1,Beijing,XGBoost,69.791667,64.46743,test
2016-09-21 14:00:00,2016-09-21 15:00:00,1,Beijing,XGBoost,72.666667,71.9382,test
2016-09-21 15:00:00,2016-09-21 16:00:00,1,Beijing,XGBoost,82.583333,72.13182,test
2016-09-21 16:00:00,2016-09-21 17:00:00,1,Beijing,XGBoost,85.916667,85.39259,test
2016-09-21 17:00:00,2016-09-21 18:00:00,1,Beijing,XGBoost,87.25,91.26471,test
2016-09-21 18:00:00,2016-09-21 19:00:00,1,Beijing,XGBoost,82.666667,90.33611,test
2016-09-21 19:00:00,2016-09-21 20:00:00,1,Beijing,XGBoost,82.333333,83.858315,test
2016-09-21 20:00:00,2016-09-21 21:00:00,1,Beijing,XGBoost,80.083333,83.7627,test
2016-09-21 21:00:00,2016-09-21 22:00:00,1,Beijing,XGBoost,78.75,81.63196,test
2016-09-21 22:00:00,2016-09-21 23:00:00,1,Beijing,XGBoost,83.333333,79.075325,test
2016-09-21 23:00:00,2016-09-22 00:00:00,1,Beijing,XGBoost,87.666667,83.718925,test
2016-09-22 00:00:00,2016-09-22 01:00:00,1,Beijing,XGBoost,92.833333,89.215904,test
2016-09-22 01:00:00,2016-09-22 02:00:00,1,Beijing,XGBoost,95.5,93.91317,test
2016-09-22 02:00:00,2016-09-22 03:00:00,1,Beijing,XGBoost,95.166667,97.10619,test
2016-09-22 03:00:00,2016-09-22 04:00:00,1,Beijing,XGBoost,92.041667,96.05211,test
2016-09-22 04:00:00,2016-09-22 05:00:00,1,Beijing,XGBoost,88.416667,91.5614,test
2016-09-22 05:00:00,2016-09-22 06:00:00,1,Beijing,XGBoost,84.666667,86.60061,test
2016-09-22 06:00:00,2016-09-22 07:00:00,1,Beijing,XGBoost,85.833333,82.43539,test
2016-09-22 07:00:00,2016-09-22 08:00:00,1,Beijing,XGBoost,85.333333,87.9905,test
2016-09-22 08:00:00,2016-09-22 09:00:00,1,Beijing,XGBoost,86.583333,86.10465,test
2016-09-22 09:00:00,2016-09-22 10:00:00,1,Beijing,XGBoost,82.986111,87.6668,test
2016-09-22 10:00:00,2016-09-22 11:00:00,1,Beijing,XGBoost,80.638889,76.70794,test
2016-09-22 11:00:00,2016-09-22 12:00:00,1,Beijing,XGBoost,84.841667,77.92638,test
2016-09-22 12:00:00,2016-09-22 13:00:00,1,Beijing,XGBoost,88.6,84.73274,test
2016-09-22 13:00:00,2016-09-22 14:00:00,1,Beijing,XGBoost,97.316667,90.88835,test
2016-09-22 14:00:00,2016-09-22 15:00:00,1,Beijing,XGBoost,100.95,97.27022,test
2016-09-22 15:00:00,2016-09-22 16:00:00,1,Beijing,XGBoost,103.083333,105.106964,test
2016-09-22 16:00:00,2016-09-22 17:00:00,1,Beijing,XGBoost,109.666667,106.55354,test
2016-09-22 17:00:00,2016-09-22 18:00:00,1,Beijing,XGBoost,115.583333,112.85642,test
2016-09-22 18:00:00,2016-09-22 19:00:00,1,Beijing,XGBoost,116.166667,118.803116,test
2016-09-22 19:00:00,2016-09-22 20:00:00,1,Beijing,XGBoost,117.75,119.3826,test
2016-09-22 20:00:00,2016-09-22 21:00:00,1,Beijing,XGBoost,122.666667,121.33366,test
2016-09-22 21:00:00,2016-09-22 22:00:00,1,Beijing,XGBoost,123.916667,126.48942,test
2016-09-22 22:00:00,2016-09-22 23:00:00,1,Beijing,XGBoost,126.791667,125.802734,test
2016-09-22 23:00:00,2016-09-23 00:00:00,1,Beijing,XGBoost,126.333333,119.40154,test
2016-09-23 00:00:00,2016-09-23 01:00:00,1,Beijing,XGBoost,120.833333,116.765015,test
2016-09-23 01:00:00,2016-09-23 02:00:00,1,Beijing,XGBoost,107.666667,113.06973,test
2016-09-23 02:00:00,2016-09-23 03:00:00,1,Beijing,XGBoost,89.416667,95.71126,test
2016-09-23 03:00:00,2016-09-23 04:00:00,1,Beijing,XGBoost,91.756944,82.545166,test
2016-09-23 04:00:00,2016-09-23 05:00:00,1,Beijing,XGBoost,100.513889,89.31263,test
2016-09-23 05:00:00,2016-09-23 06:00:00,1,Beijing,XGBoost,106.854167,102.056854,test
2016-09-23 06:00:00,2016-09-23 07:00:00,1,Beijing,XGBoost,106.138889,109.72979,test
2016-09-23 07:00:00,2016-09-23 08:00:00,1,Beijing,XGBoost,107.472222,108.295364,test
2016-09-23 08:00:00,2016-09-23 09:00:00,1,Beijing,XGBoost,119.138889,111.63347,test
2016-09-23 09:00:00,2016-09-23 10:00:00,1,Beijing,XGBoost,132.166667,123.993454,test
2016-09-23 10:00:00,2016-09-23 11:00:00,1,Beijing,XGBoost,135.0,140.26091,test
2016-09-23 11:00:00,2016-09-23 12:00:00,1,Beijing,XGBoost,123.25,142.6395,test
2016-09-23 12:00:00,2016-09-23 13:00:00,1,Beijing,XGBoost,114.75,122.1312,test
2016-09-23 13:00:00,2016-09-23 14:00:00,1,Beijing,XGBoost,116.909091,101.784515,test
2016-09-23 14:00:00,2016-09-23 15:00:00,1,Beijing,XGBoost,121.636364,112.64139,test
2016-09-23 15:00:00,2016-09-23 16:00:00,1,Beijing,XGBoost,124.963636,121.80716,test
2016-09-23 16:00:00,2016-09-23 17:00:00,1,Beijing,XGBoost,124.927273,124.27972,test
2016-09-23 17:00:00,2016-09-23 18:00:00,1,Beijing,XGBoost,124.8,123.008606,test
2016-09-23 18:00:00,2016-09-23 19:00:00,1,Beijing,XGBoost,123.490909,128.79436,test
2016-09-23 19:00:00,2016-09-23 20:00:00,1,Beijing,XGBoost,128.090909,129.05786,test
2016-09-23 20:00:00,2016-09-23 21:00:00,1,Beijing,XGBoost,138.909091,132.98738,test
2016-09-23 21:00:00,2016-09-23 22:00:00,1,Beijing,XGBoost,153.0,142.0565,test
2016-09-23 22:00:00,2016-09-23 23:00:00,1,Beijing,XGBoost,161.181818,158.17924,test
2016-09-23 23:00:00,2016-09-24 00:00:00,1,Beijing,XGBoost,169.583333,161.05736,test
2016-09-24 00:00:00,2016-09-24 01:00:00,1,Beijing,XGBoost,156.083333,163.94601,test
2016-09-24 01:00:00,2016-09-24 02:00:00,1,Beijing,XGBoost,137.75,147.52748,test
2016-09-24 02:00:00,2016-09-24 03:00:00,1,Beijing,XGBoost,77.916667,113.91309,test
2016-09-24 03:00:00,2016-09-24 04:00:00,1,Beijing,XGBoost,35.083333,49.040543,test
2016-09-24 04:00:00,2016-09-24 05:00:00,1,Beijing,XGBoost,34.5,28.233593,test
2016-09-24 05:00:00,2016-09-24 06:00:00,1,Beijing,XGBoost,32.5,29.438494,test
2016-09-24 06:00:00,2016-09-24 07:00:00,1,Beijing,XGBoost,30.666667,33.40621,test
2016-09-24 07:00:00,2016-09-24 08:00:00,1,Beijing,XGBoost,30.666667,31.728693,test
2016-09-24 08:00:00,2016-09-24 09:00:00,1,Beijing,XGBoost,32.666667,32.295116,test
2016-09-24 09:00:00,2016-09-24 10:00:00,1,Beijing,XGBoost,42.916667,35.546394,test
2016-09-24 10:00:00,2016-09-24 11:00:00,1,Beijing,XGBoost,49.666667,47.269966,test
2016-09-24 11:00:00,2016-09-24 12:00:00,1,Beijing,XGBoost,63.666667,53.2063,test
2016-09-24 12:00:00,2016-09-24 13:00:00,1,Beijing,XGBoost,87.166667,68.865746,test
2016-09-24 13:00:00,2016-09-24 14:00:00,1,Beijing,XGBoost,108.625,92.93912,test
2016-09-24 14:00:00,2016-09-24 15:00:00,1,Beijing,XGBoost,128.583333,114.04518,test
2016-09-24 15:00:00,2016-09-24 16:00:00,1,Beijing,XGBoost,142.416667,141.37605,test
2016-09-24 16:00:00,2016-09-24 17:00:00,1,Beijing,XGBoost,153.583333,147.01448,test
2016-09-24 17:00:00,2016-09-24 18:00:00,1,Beijing,XGBoost,164.666667,157.31212,test
2016-09-24 18:00:00,2016-09-24 19:00:00,1,Beijing,XGBoost,174.833333,167.26097,test
2016-09-24 19:00:00,2016-09-24 20:00:00,1,Beijing,XGBoost,187.833333,182.7969,test
2016-09-24 20:00:00,2016-09-24 21:00:00,1,Beijing,XGBoost,200.666667,194.66193,test
2016-09-24 21:00:00,2016-09-24 22:00:00,1,Beijing,XGBoost,206.333333,206.38345,test
2016-09-24 22:00:00,2016-09-24 23:00:00,1,Beijing,XGBoost,206.333333,208.8658,test
2016-09-24 23:00:00,2016-09-25 00:00:00,1,Beijing,XGBoost,212.583333,209.05748,test
2016-09-25 00:00:00,2016-09-25 01:00:00,1,Beijing,XGBoost,214.666667,211.78014,test
2016-09-25 01:00:00,2016-09-25 02:00:00,1,Beijing,XGBoost,216.583333,211.36697,test
2016-09-25 02:00:00,2016-09-25 03:00:00,1,Beijing,XGBoost,216.0,211.73888,test
2016-09-25 03:00:00,2016-09-25 04:00:00,1,Beijing,XGBoost,210.583333,210.41724,test
2016-09-25 04:00:00,2016-09-25 05:00:00,1,Beijing,XGBoost,203.958333,204.52646,test
2016-09-25 05:00:00,2016-09-25 06:00:00,1,Beijing,XGBoost,190.5,194.21086,test
2016-09-25 06:00:00,2016-09-25 07:00:00,1,Beijing,XGBoost,180.75,183.38106,test
2016-09-25 07:00:00,2016-09-25 08:00:00,1,Beijing,XGBoost,165.833333,169.39839,test
2016-09-25 08:00:00,2016-09-25 09:00:00,1,Beijing,XGBoost,152.0,156.08792,test
2016-09-25 09:00:00,2016-09-25 10:00:00,1,Beijing,XGBoost,142.0,142.90424,test
2016-09-25 10:00:00,2016-09-25 11:00:00,1,Beijing,XGBoost,137.363636,132.90869,test
2016-09-25 11:00:00,2016-09-25 12:00:00,1,Beijing,XGBoost,135.636364,121.14579,test
2016-09-25 12:00:00,2016-09-25 13:00:00,1,Beijing,XGBoost,147.272727,136.86987,test
2016-09-25 13:00:00,2016-09-25 14:00:00,1,Beijing,XGBoost,147.363636,151.37979,test
2016-09-25 14:00:00,2016-09-25 15:00:00,1,Beijing,XGBoost,139.090909,154.97931,test
2016-09-25 15:00:00,2016-09-25 16:00:00,1,Beijing,XGBoost,143.909091,134.59819,test
2016-09-25 16:00:00,2016-09-25 17:00:00,1,Beijing,XGBoost,158.083333,144.05588,test
2016-09-25 17:00:00,2016-09-25 18:00:00,1,Beijing,XGBoost,168.166667,163.41228,test
2016-09-25 18:00:00,2016-09-25 19:00:00,1,Beijing,XGBoost,162.0,174.35683,test
2016-09-25 19:00:00,2016-09-25 20:00:00,1,Beijing,XGBoost,166.583333,166.52696,test
2016-09-25 20:00:00,2016-09-25 21:00:00,1,Beijing,XGBoost,162.5,163.41988,test
2016-09-25 21:00:00,2016-09-25 22:00:00,1,Beijing,XGBoost,133.416667,161.90726,test
2016-09-25 22:00:00,2016-09-25 23:00:00,1,Beijing,XGBoost,114.0,120.723175,test
2016-09-25 23:00:00,2016-09-26 00:00:00,1,Beijing,XGBoost,100.333333,91.28819,test
2016-09-26 00:00:00,2016-09-26 01:00:00,1,Beijing,XGBoost,93.0,81.457016,test
2016-09-26 01:00:00,2016-09-26 02:00:00,1,Beijing,XGBoost,88.0,82.544556,test
2016-09-26 02:00:00,2016-09-26 03:00:00,1,Beijing,XGBoost,83.833333,71.989006,test
2016-09-26 03:00:00,2016-09-26 04:00:00,1,Beijing,XGBoost,49.833333,70.94335,test
2016-09-26 04:00:00,2016-09-26 05:00:00,1,Beijing,XGBoost,30.166667,34.244015,test
2016-09-26 05:00:00,2016-09-26 06:00:00,1,Beijing,XGBoost,20.666667,20.064972,test
2016-09-26 06:00:00,2016-09-26 07:00:00,1,Beijing,XGBoost,24.333333,16.850428,test
2016-09-26 07:00:00,2016-09-26 08:00:00,1,Beijing,XGBoost,29.333333,21.683317,test
2016-09-26 08:00:00,2016-09-26 09:00:00,1,Beijing,XGBoost,33.5,31.604107,test
2016-09-26 09:00:00,2016-09-26 10:00:00,1,Beijing,XGBoost,34.0,34.91018,test
2016-09-26 10:00:00,2016-09-26 11:00:00,1,Beijing,XGBoost,35.666667,34.217396,test
2016-09-26 11:00:00,2016-09-26 12:00:00,1,Beijing,XGBoost,40.416667,35.7925,test
2016-09-26 12:00:00,2016-09-26 13:00:00,1,Beijing,XGBoost,44.791667,41.403297,test
2016-09-26 13:00:00,2016-09-26 14:00:00,1,Beijing,XGBoost,48.5,48.528778,test
2016-09-26 14:00:00,2016-09-26 15:00:00,1,Beijing,XGBoost,52.25,48.49157,test
2016-09-26 15:00:00,2016-09-26 16:00:00,1,Beijing,XGBoost,53.416667,54.133152,test
2016-09-26 16:00:00,2016-09-26 17:00:00,1,Beijing,XGBoost,64.583333,56.94077,test
2016-09-26 17:00:00,2016-09-26 18:00:00,1,Beijing,XGBoost,73.916667,69.43835,test
2016-09-26 18:00:00,2016-09-26 19:00:00,1,Beijing,XGBoost,73.5,81.98955,test
2016-09-26 19:00:00,2016-09-26 20:00:00,1,Beijing,XGBoost,77.75,77.434265,test
2016-09-26 20:00:00,2016-09-26 21:00:00,1,Beijing,XGBoost,85.083333,82.13204,test
2016-09-26 21:00:00,2016-09-26 22:00:00,1,Beijing,XGBoost,88.833333,89.20576,test
2016-09-26 22:00:00,2016-09-26 23:00:00,1,Beijing,XGBoost,94.583333,90.16104,test
2016-09-26 23:00:00,2016-09-27 00:00:00,1,Beijing,XGBoost,88.75,94.703064,test
2016-09-27 00:00:00,2016-09-27 01:00:00,1,Beijing,XGBoost,83.666667,87.928085,test
2016-09-27 01:00:00,2016-09-27 02:00:00,1,Beijing,XGBoost,85.25,80.87971,test
2016-09-27 02:00:00,2016-09-27 03:00:00,1,Beijing,XGBoost,83.166667,85.822586,test
2016-09-27 03:00:00,2016-09-27 04:00:00,1,Beijing,XGBoost,78.666667,80.62946,test
2016-09-27 04:00:00,2016-09-27 05:00:00,1,Beijing,XGBoost,62.833333,67.96803,test
2016-09-27 05:00:00,2016-09-27 06:00:00,1,Beijing,XGBoost,29.75,47.084816,test
2016-09-27 06:00:00,2016-09-27 07:00:00,1,Beijing,XGBoost,16.833333,17.251324,test
2016-09-27 07:00:00,2016-09-27 08:00:00,1,Beijing,XGBoost,12.083333,11.903647,test
2016-09-27 08:00:00,2016-09-27 09:00:00,1,Beijing,XGBoost,11.916667,11.808024,test
2016-09-27 09:00:00,2016-09-27 10:00:00,1,Beijing,XGBoost,8.75,12.363855,test
2016-09-27 10:00:00,2016-09-27 11:00:00,1,Beijing,XGBoost,7.916667,9.255396,test
2016-09-27 11:00:00,2016-09-27 12:00:00,1,Beijing,XGBoost,6.75,8.592883,test
2016-09-27 12:00:00,2016-09-27 13:00:00,1,Beijing,XGBoost,7.25,6.7113786,test
2016-09-27 13:00:00,2016-09-27 14:00:00,1,Beijing,XGBoost,7.25,7.6428556,test
2016-09-27 14:00:00,2016-09-27 15:00:00,1,Beijing,XGBoost,6.666667,7.4790745,test
2016-09-27 15:00:00,2016-09-27 16:00:00,1,Beijing,XGBoost,6.75,6.919334,test
2016-09-27 16:00:00,2016-09-27 17:00:00,1,Beijing,XGBoost,9.625,6.941863,test
2016-09-27 17:00:00,2016-09-27 18:00:00,1,Beijing,XGBoost,11.75,9.200037,test
2016-09-27 18:00:00,2016-09-27 19:00:00,1,Beijing,XGBoost,12.75,11.818917,test
2016-09-27 19:00:00,2016-09-27 20:00:00,1,Beijing,XGBoost,10.583333,13.015176,test
2016-09-27 20:00:00,2016-09-27 21:00:00,1,Beijing,XGBoost,10.083333,11.267726,test
2016-09-27 21:00:00,2016-09-27 22:00:00,1,Beijing,XGBoost,12.083333,10.609716,test
2016-09-27 22:00:00,2016-09-27 23:00:00,1,Beijing,XGBoost,12.833333,12.269586,test
2016-09-27 23:00:00,2016-09-28 00:00:00,1,Beijing,XGBoost,10.5,12.972062,test
2016-09-28 00:00:00,2016-09-28 01:00:00,1,Beijing,XGBoost,11.333333,10.338229,test
2016-09-28 01:00:00,2016-09-28 02:00:00,1,Beijing,XGBoost,12.0,11.4341545,test
2016-09-28 02:00:00,2016-09-28 03:00:00,1,Beijing,XGBoost,9.5,11.494507,test
2016-09-28 03:00:00,2016-09-28 04:00:00,1,Beijing,XGBoost,9.75,9.188888,test
2016-09-28 04:00:00,2016-09-28 05:00:00,1,Beijing,XGBoost,9.333333,9.174158,test
2016-09-28 05:00:00,2016-09-28 06:00:00,1,Beijing,XGBoost,8.333333,8.573569,test
2016-09-28 06:00:00,2016-09-28 07:00:00,1,Beijing,XGBoost,8.916667,8.126343,test
2016-09-28 07:00:00,2016-09-28 08:00:00,1,Beijing,XGBoost,10.416667,9.786222,test
2016-09-28 08:00:00,2016-09-28 09:00:00,1,Beijing,XGBoost,10.833333,9.469707,test
2016-09-28 09:00:00,2016-09-28 10:00:00,1,Beijing,XGBoost,10.666667,10.24672,test
2016-09-28 10:00:00,2016-09-28 11:00:00,1,Beijing,XGBoost,8.361111,10.43291,test
2016-09-28 11:00:00,2016-09-28 12:00:00,1,Beijing,XGBoost,9.680556,8.168399,test
2016-09-28 12:00:00,2016-09-28 13:00:00,1,Beijing,XGBoost,9.833333,9.907123,test
2016-09-28 13:00:00,2016-09-28 14:00:00,1,Beijing,XGBoost,10.791667,9.471565,test
2016-09-28 14:00:00,2016-09-28 15:00:00,1,Beijing,XGBoost,10.583333,11.010771,test
2016-09-28 15:00:00,2016-09-28 16:00:00,1,Beijing,XGBoost,11.25,11.065041,test
2016-09-28 16:00:00,2016-09-28 17:00:00,1,Beijing,XGBoost,11.625,11.964041,test
2016-09-28 17:00:00,2016-09-28 18:00:00,1,Beijing,XGBoost,9.333333,13.630799,test
2016-09-28 18:00:00,2016-09-28 19:00:00,1,Beijing,XGBoost,11.916667,11.476179,test
2016-09-28 19:00:00,2016-09-28 20:00:00,1,Beijing,XGBoost,19.166667,15.769659,test
2016-09-28 20:00:00,2016-09-28 21:00:00,1,Beijing,XGBoost,25.083333,23.87503,test
2016-09-28 21:00:00,2016-09-28 22:00:00,1,Beijing,XGBoost,30.75,28.478237,test
2016-09-28 22:00:00,2016-09-28 23:00:00,1,Beijing,XGBoost,33.083333,34.970634,test
2016-09-28 23:00:00,2016-09-29 00:00:00,1,Beijing,XGBoost,39.5,33.371735,test
2016-09-29 00:00:00,2016-09-29 01:00:00,1,Beijing,XGBoost,37.25,40.015343,test
2016-09-29 01:00:00,2016-09-29 02:00:00,1,Beijing,XGBoost,33.166667,36.697353,test
2016-09-29 02:00:00,2016-09-29 03:00:00,1,Beijing,XGBoost,32.0,31.29301,test
2016-09-29 03:00:00,2016-09-29 04:00:00,1,Beijing,XGBoost,32.0,30.074497,test
2016-09-29 04:00:00,2016-09-29 05:00:00,1,Beijing,XGBoost,34.666667,31.042608,test
2016-09-29 05:00:00,2016-09-29 06:00:00,1,Beijing,XGBoost,30.75,33.786743,test
2016-09-29 06:00:00,2016-09-29 07:00:00,1,Beijing,XGBoost,25.833333,29.977419,test
2016-09-29 07:00:00,2016-09-29 08:00:00,1,Beijing,XGBoost,21.25,25.101978,test
2016-09-29 08:00:00,2016-09-29 09:00:00,1,Beijing,XGBoost,23.5,22.197744,test
2016-09-29 09:00:00,2016-09-29 10:00:00,1,Beijing,XGBoost,27.583333,25.571318,test
2016-09-29 10:00:00,2016-09-29 11:00:00,1,Beijing,XGBoost,34.0,31.346283,test
2016-09-29 11:00:00,2016-09-29 12:00:00,1,Beijing,XGBoost,47.361111,35.63981,test
2016-09-29 12:00:00,2016-09-29 13:00:00,1,Beijing,XGBoost,54.638889,51.17317,test
2016-09-29 13:00:00,2016-09-29 14:00:00,1,Beijing,XGBoost,56.208333,56.261917,test
2016-09-29 14:00:00,2016-09-29 15:00:00,1,Beijing,XGBoost,55.5,56.42142,test
2016-09-29 15:00:00,2016-09-29 16:00:00,1,Beijing,XGBoost,58.75,54.03233,test
2016-09-29 16:00:00,2016-09-29 17:00:00,1,Beijing,XGBoost,62.75,57.929817,test
2016-09-29 17:00:00,2016-09-29 18:00:00,1,Beijing,XGBoost,74.25,64.35646,test
2016-09-29 18:00:00,2016-09-29 19:00:00,1,Beijing,XGBoost,76.727273,78.79474,test
2016-09-29 19:00:00,2016-09-29 20:00:00,1,Beijing,XGBoost,75.636364,81.33225,test
2016-09-29 20:00:00,2016-09-29 21:00:00,1,Beijing,XGBoost,78.636364,78.15188,test
2016-09-29 21:00:00,2016-09-29 22:00:00,1,Beijing,XGBoost,79.363636,79.952415,test
2016-09-29 22:00:00,2016-09-29 23:00:00,1,Beijing,XGBoost,78.727273,81.15767,test
2016-09-29 23:00:00,2016-09-30 00:00:00,1,Beijing,XGBoost,82.272727,78.89673,test
2016-09-30 00:00:00,2016-09-30 01:00:00,1,Beijing,XGBoost,86.090909,82.815735,test
2016-09-30 01:00:00,2016-09-30 02:00:00,1,Beijing,XGBoost,87.181818,87.94053,test
2016-09-30 02:00:00,2016-09-30 03:00:00,1,Beijing,XGBoost,86.181818,87.97773,test
2016-09-30 03:00:00,2016-09-30 04:00:00,1,Beijing,XGBoost,80.0,86.910355,test
2016-09-30 04:00:00,2016-09-30 05:00:00,1,Beijing,XGBoost,73.272727,78.68915,test
2016-09-30 05:00:00,2016-09-30 06:00:00,1,Beijing,XGBoost,72.545455,70.75898,test
2016-09-30 06:00:00,2016-09-30 07:00:00,1,Beijing,XGBoost,73.727273,71.28451,test
2016-09-30 07:00:00,2016-09-30 08:00:00,1,Beijing,XGBoost,74.545455,75.446144,test
2016-09-30 08:00:00,2016-09-30 09:00:00,1,Beijing,XGBoost,77.090909,77.400665,test
2016-09-30 09:00:00,2016-09-30 10:00:00,1,Beijing,XGBoost,81.818182,80.534386,test
2016-09-30 10:00:00,2016-09-30 11:00:00,1,Beijing,XGBoost,88.636364,85.18669,test
2016-09-30 11:00:00,2016-09-30 12:00:00,1,Beijing,XGBoost,90.272727,91.19614,test
2016-09-30 12:00:00,2016-09-30 13:00:00,1,Beijing,XGBoost,93.863636,90.88359,test
2016-09-30 13:00:00,2016-09-30 14:00:00,1,Beijing,XGBoost,100.916667,97.74348,test
2016-09-30 14:00:00,2016-09-30 15:00:00,1,Beijing,XGBoost,106.333333,103.42586,test
2016-09-30 15:00:00,2016-09-30 16:00:00,1,Beijing,XGBoost,106.0,110.40508,test
2016-09-30 16:00:00,2016-09-30 17:00:00,1,Beijing,XGBoost,104.166667,107.38526,test
2016-09-30 17:00:00,2016-09-30 18:00:00,1,Beijing,XGBoost,106.0,107.1266,test
2016-09-30 18:00:00,2016-09-30 19:00:00,1,Beijing,XGBoost,110.166667,109.41872,test
2016-09-30 19:00:00,2016-09-30 20:00:00,1,Beijing,XGBoost,119.25,114.08063,test
2016-09-30 20:00:00,2016-09-30 21:00:00,1,Beijing,XGBoost,126.916667,123.10958,test
2016-09-30 21:00:00,2016-09-30 22:00:00,1,Beijing,XGBoost,128.25,128.38248,test
2016-09-30 22:00:00,2016-09-30 23:00:00,1,Beijing,XGBoost,129.166667,131.23044,test
2016-09-30 23:00:00,2016-10-01 00:00:00,1,Beijing,XGBoost,131.666667,131.44109,test
2016-10-01 00:00:00,2016-10-01 01:00:00,1,Beijing,XGBoost,133.583333,131.98663,test
2016-10-01 01:00:00,2016-10-01 02:00:00,1,Beijing,XGBoost,134.166667,135.0373,test
2016-10-01 02:00:00,2016-10-01 03:00:00,1,Beijing,XGBoost,137.0,130.71065,test
2016-10-01 03:00:00,2016-10-01 04:00:00,1,Beijing,XGBoost,144.5,137.18387,test
2016-10-01 04:00:00,2016-10-01 05:00:00,1,Beijing,XGBoost,150.833333,148.857,test
2016-10-01 05:00:00,2016-10-01 06:00:00,1,Beijing,XGBoost,145.916667,154.8377,test
2016-10-01 06:00:00,2016-10-01 07:00:00,1,Beijing,XGBoost,146.666667,146.62589,test
2016-10-01 07:00:00,2016-10-01 08:00:00,1,Beijing,XGBoost,144.416667,147.43198,test
2016-10-01 08:00:00,2016-10-01 09:00:00,1,Beijing,XGBoost,147.416667,150.68405,test
2016-10-01 09:00:00,2016-10-01 10:00:00,1,Beijing,XGBoost,160.833333,153.2235,test
2016-10-01 10:00:00,2016-10-01 11:00:00,1,Beijing,XGBoost,180.333333,164.07733,test
2016-10-01 11:00:00,2016-10-01 12:00:00,1,Beijing,XGBoost,191.166667,189.69226,test
2016-10-01 12:00:00,2016-10-01 13:00:00,1,Beijing,XGBoost,198.75,201.05635,test
2016-10-01 13:00:00,2016-10-01 14:00:00,1,Beijing,XGBoost,201.333333,201.85858,test
2016-10-01 14:00:00,2016-10-01 15:00:00,1,Beijing,XGBoost,178.0,202.44252,test
2016-10-01 15:00:00,2016-10-01 16:00:00,1,Beijing,XGBoost,165.416667,163.27122,test
2016-10-01 16:00:00,2016-10-01 17:00:00,1,Beijing,XGBoost,167.083333,146.21806,test
2016-10-01 17:00:00,2016-10-01 18:00:00,1,Beijing,XGBoost,167.25,163.71547,test
2016-10-01 18:00:00,2016-10-01 19:00:00,1,Beijing,XGBoost,159.833333,166.60529,test
2016-10-01 19:00:00,2016-10-01 20:00:00,1,Beijing,XGBoost,164.75,162.71269,test
2016-10-01 20:00:00,2016-10-01 21:00:00,1,Beijing,XGBoost,179.666667,166.83916,test
2016-10-01 21:00:00,2016-10-01 22:00:00,1,Beijing,XGBoost,189.5,183.55748,test
2016-10-01 22:00:00,2016-10-01 23:00:00,1,Beijing,XGBoost,193.75,197.03659,test
2016-10-01 23:00:00,2016-10-02 00:00:00,1,Beijing,XGBoost,198.25,198.73517,test
2016-10-02 00:00:00,2016-10-02 01:00:00,1,Beijing,XGBoost,202.0,193.78317,test
2016-10-02 01:00:00,2016-10-02 02:00:00,1,Beijing,XGBoost,200.333333,203.17201,test
2016-10-02 02:00:00,2016-10-02 03:00:00,1,Beijing,XGBoost,199.083333,202.1322,test
2016-10-02 03:00:00,2016-10-02 04:00:00,1,Beijing,XGBoost,194.166667,196.13396,test
2016-10-02 04:00:00,2016-10-02 05:00:00,1,Beijing,XGBoost,187.75,191.9264,test
2016-10-02 05:00:00,2016-10-02 06:00:00,1,Beijing,XGBoost,177.5,179.93279,test
2016-10-02 06:00:00,2016-10-02 07:00:00,1,Beijing,XGBoost,171.416667,167.93285,test
2016-10-02 07:00:00,2016-10-02 08:00:00,1,Beijing,XGBoost,169.5,168.23235,test
2016-10-02 08:00:00,2016-10-02 09:00:00,1,Beijing,XGBoost,183.333333,169.12355,test
2016-10-02 09:00:00,2016-10-02 10:00:00,1,Beijing,XGBoost,187.833333,191.71394,test
2016-10-02 10:00:00,2016-10-02 11:00:00,1,Beijing,XGBoost,183.583333,197.64688,test
2016-10-02 11:00:00,2016-10-02 12:00:00,1,Beijing,XGBoost,184.75,183.22134,test
2016-10-02 12:00:00,2016-10-02 13:00:00,1,Beijing,XGBoost,184.166667,188.70801,test
2016-10-02 13:00:00,2016-10-02 14:00:00,1,Beijing,XGBoost,176.666667,188.50908,test
2016-10-02 14:00:00,2016-10-02 15:00:00,1,Beijing,XGBoost,175.666667,176.97174,test
2016-10-02 15:00:00,2016-10-02 16:00:00,1,Beijing,XGBoost,164.833333,178.5678,test
2016-10-02 16:00:00,2016-10-02 17:00:00,1,Beijing,XGBoost,159.083333,162.74199,test
2016-10-02 17:00:00,2016-10-02 18:00:00,1,Beijing,XGBoost,161.833333,155.90535,test
2016-10-02 18:00:00,2016-10-02 19:00:00,1,Beijing,XGBoost,170.75,165.92673,test
2016-10-02 19:00:00,2016-10-02 20:00:00,1,Beijing,XGBoost,186.083333,177.74095,test
2016-10-02 20:00:00,2016-10-02 21:00:00,1,Beijing,XGBoost,201.583333,196.43703,test
2016-10-02 21:00:00,2016-10-02 22:00:00,1,Beijing,XGBoost,211.25,206.65312,test
2016-10-02 22:00:00,2016-10-02 23:00:00,1,Beijing,XGBoost,210.333333,210.44643,test
2016-10-02 23:00:00,2016-10-03 00:00:00,1,Beijing,XGBoost,167.083333,210.9952,test
2016-10-03 00:00:00,2016-10-03 01:00:00,1,Beijing,XGBoost,136.333333,151.97646,test
2016-10-03 01:00:00,2016-10-03 02:00:00,1,Beijing,XGBoost,123.833333,120.639946,test
2016-10-03 02:00:00,2016-10-03 03:00:00,1,Beijing,XGBoost,119.0,108.75407,test
2016-10-03 03:00:00,2016-10-03 04:00:00,1,Beijing,XGBoost,120.5,111.43967,test
2016-10-03 04:00:00,2016-10-03 05:00:00,1,Beijing,XGBoost,123.333333,119.95667,test
2016-10-03 05:00:00,2016-10-03 06:00:00,1,Beijing,XGBoost,130.666667,124.475204,test
2016-10-03 06:00:00,2016-10-03 07:00:00,1,Beijing,XGBoost,132.666667,130.39154,test
2016-10-03 07:00:00,2016-10-03 08:00:00,1,Beijing,XGBoost,132.75,134.6667,test
2016-10-03 08:00:00,2016-10-03 09:00:00,1,Beijing,XGBoost,127.666667,135.98396,test
2016-10-03 09:00:00,2016-10-03 10:00:00,1,Beijing,XGBoost,134.5,132.66249,test
2016-10-03 10:00:00,2016-10-03 11:00:00,1,Beijing,XGBoost,153.083333,137.56796,test
2016-10-03 11:00:00,2016-10-03 12:00:00,1,Beijing,XGBoost,158.666667,156.52884,test
2016-10-03 12:00:00,2016-10-03 13:00:00,1,Beijing,XGBoost,155.25,159.88902,test
2016-10-03 13:00:00,2016-10-03 14:00:00,1,Beijing,XGBoost,127.25,148.91322,test
2016-10-03 14:00:00,2016-10-03 15:00:00,1,Beijing,XGBoost,106.833333,108.47243,test
2016-10-03 15:00:00,2016-10-03 16:00:00,1,Beijing,XGBoost,80.333333,91.571335,test
2016-10-03 16:00:00,2016-10-03 17:00:00,1,Beijing,XGBoost,61.666667,68.55145,test
2016-10-03 17:00:00,2016-10-03 18:00:00,1,Beijing,XGBoost,63.666667,58.78775,test
2016-10-03 18:00:00,2016-10-03 19:00:00,1,Beijing,XGBoost,87.0,63.426655,test
2016-10-03 19:00:00,2016-10-03 20:00:00,1,Beijing,XGBoost,108.666667,95.3563,test
2016-10-03 20:00:00,2016-10-03 21:00:00,1,Beijing,XGBoost,114.25,119.08669,test
2016-10-03 21:00:00,2016-10-03 22:00:00,1,Beijing,XGBoost,121.583333,121.88474,test
2016-10-03 22:00:00,2016-10-03 23:00:00,1,Beijing,XGBoost,130.0,124.291534,test
2016-10-03 23:00:00,2016-10-04 00:00:00,1,Beijing,XGBoost,158.666667,122.269775,test
2016-10-04 00:00:00,2016-10-04 01:00:00,1,Beijing,XGBoost,128.25,153.84523,test
2016-10-04 01:00:00,2016-10-04 02:00:00,1,Beijing,XGBoost,35.0,111.72255,test
2016-10-04 02:00:00,2016-10-04 03:00:00,1,Beijing,XGBoost,21.083333,23.225943,test
2016-10-04 03:00:00,2016-10-04 04:00:00,1,Beijing,XGBoost,22.083333,14.504361,test
2016-10-04 04:00:00,2016-10-04 05:00:00,1,Beijing,XGBoost,23.333333,19.503004,test
2016-10-04 05:00:00,2016-10-04 06:00:00,1,Beijing,XGBoost,21.916667,22.923223,test
2016-10-04 06:00:00,2016-10-04 07:00:00,1,Beijing,XGBoost,21.5,20.378296,test
2016-10-04 07:00:00,2016-10-04 08:00:00,1,Beijing,XGBoost,22.583333,20.000366,test
2016-10-04 08:00:00,2016-10-04 09:00:00,1,Beijing,XGBoost,25.0,21.25739,test
2016-10-04 09:00:00,2016-10-04 10:00:00,1,Beijing,XGBoost,26.0,24.40056,test
2016-10-04 10:00:00,2016-10-04 11:00:00,1,Beijing,XGBoost,29.75,25.862228,test
2016-10-04 11:00:00,2016-10-04 12:00:00,1,Beijing,XGBoost,28.916667,28.84472,test
2016-10-04 12:00:00,2016-10-04 13:00:00,1,Beijing,XGBoost,31.666667,29.059084,test
2016-10-04 13:00:00,2016-10-04 14:00:00,1,Beijing,XGBoost,35.333333,32.661545,test
2016-10-04 14:00:00,2016-10-04 15:00:00,1,Beijing,XGBoost,36.916667,34.98702,test
2016-10-04 15:00:00,2016-10-04 16:00:00,1,Beijing,XGBoost,42.416667,36.691486,test
2016-10-04 16:00:00,2016-10-04 17:00:00,1,Beijing,XGBoost,39.909091,44.3281,test
2016-10-04 17:00:00,2016-10-04 18:00:00,1,Beijing,XGBoost,38.545455,41.484364,test
2016-10-04 18:00:00,2016-10-04 19:00:00,1,Beijing,XGBoost,35.909091,38.654736,test
2016-10-04 19:00:00,2016-10-04 20:00:00,1,Beijing,XGBoost,37.454545,38.58142,test
2016-10-04 20:00:00,2016-10-04 21:00:00,1,Beijing,XGBoost,34.636364,40.398495,test
2016-10-04 21:00:00,2016-10-04 22:00:00,1,Beijing,XGBoost,34.272727,37.206562,test
2016-10-04 22:00:00,2016-10-04 23:00:00,1,Beijing,XGBoost,32.454545,34.00262,test
2016-10-04 23:00:00,2016-10-05 00:00:00,1,Beijing,XGBoost,27.727273,33.08815,test
2016-10-05 00:00:00,2016-10-05 01:00:00,1,Beijing,XGBoost,27.272727,27.879112,test
2016-10-05 01:00:00,2016-10-05 02:00:00,1,Beijing,XGBoost,25.454545,25.54098,test
2016-10-05 02:00:00,2016-10-05 03:00:00,1,Beijing,XGBoost,22.636364,24.894426,test
2016-10-05 03:00:00,2016-10-05 04:00:00,1,Beijing,XGBoost,23.454545,22.328522,test
2016-10-05 04:00:00,2016-10-05 05:00:00,1,Beijing,XGBoost,36.909091,23.49573,test
2016-10-05 05:00:00,2016-10-05 06:00:00,1,Beijing,XGBoost,39.636364,38.938377,test
2016-10-05 06:00:00,2016-10-05 07:00:00,1,Beijing,XGBoost,38.818182,41.68389,test
2016-10-05 07:00:00,2016-10-05 08:00:00,1,Beijing,XGBoost,39.545455,40.714462,test
2016-10-05 08:00:00,2016-10-05 09:00:00,1,Beijing,XGBoost,41.272727,41.265186,test
2016-10-05 09:00:00,2016-10-05 10:00:00,1,Beijing,XGBoost,43.727273,41.163395,test
2016-10-05 10:00:00,2016-10-05 11:00:00,1,Beijing,XGBoost,49.636364,44.96575,test
2016-10-05 11:00:00,2016-10-05 12:00:00,1,Beijing,XGBoost,55.909091,50.06506,test
2016-10-05 12:00:00,2016-10-05 13:00:00,1,Beijing,XGBoost,59.25,55.902496,test
2016-10-05 13:00:00,2016-10-05 14:00:00,1,Beijing,XGBoost,61.5,60.71609,test
2016-10-05 14:00:00,2016-10-05 15:00:00,1,Beijing,XGBoost,64.583333,61.061333,test
2016-10-05 15:00:00,2016-10-05 16:00:00,1,Beijing,XGBoost,64.666667,64.44422,test
2016-10-05 16:00:00,2016-10-05 17:00:00,1,Beijing,XGBoost,63.0,66.279854,test
2016-10-05 17:00:00,2016-10-05 18:00:00,1,Beijing,XGBoost,65.0,63.729908,test
2016-10-05 18:00:00,2016-10-05 19:00:00,1,Beijing,XGBoost,70.25,67.83,test
2016-10-05 19:00:00,2016-10-05 20:00:00,1,Beijing,XGBoost,79.833333,74.172585,test
2016-10-05 20:00:00,2016-10-05 21:00:00,1,Beijing,XGBoost,88.916667,85.2053,test
2016-10-05 21:00:00,2016-10-05 22:00:00,1,Beijing,XGBoost,91.75,93.65427,test
2016-10-05 22:00:00,2016-10-05 23:00:00,1,Beijing,XGBoost,89.833333,94.90256,test
2016-10-05 23:00:00,2016-10-06 00:00:00,1,Beijing,XGBoost,90.25,89.690346,test
2016-10-06 00:00:00,2016-10-06 01:00:00,1,Beijing,XGBoost,88.166667,89.275116,test
2016-10-06 01:00:00,2016-10-06 02:00:00,1,Beijing,XGBoost,86.583333,87.17756,test
2016-10-06 02:00:00,2016-10-06 03:00:00,1,Beijing,XGBoost,85.25,87.213646,test
2016-10-06 03:00:00,2016-10-06 04:00:00,1,Beijing,XGBoost,80.5,85.8895,test
2016-10-06 04:00:00,2016-10-06 05:00:00,1,Beijing,XGBoost,83.666667,80.09864,test
2016-10-06 05:00:00,2016-10-06 06:00:00,1,Beijing,XGBoost,84.0,82.70444,test
2016-10-06 06:00:00,2016-10-06 07:00:00,1,Beijing,XGBoost,82.5,84.011925,test
2016-10-06 07:00:00,2016-10-06 08:00:00,1,Beijing,XGBoost,87.75,80.13076,test
2016-10-06 08:00:00,2016-10-06 09:00:00,1,Beijing,XGBoost,88.0,87.423935,test
2016-10-06 09:00:00,2016-10-06 10:00:00,1,Beijing,XGBoost,85.083333,89.38147,test
2016-10-06 10:00:00,2016-10-06 11:00:00,1,Beijing,XGBoost,77.916667,85.1236,test
2016-10-06 11:00:00,2016-10-06 12:00:00,1,Beijing,XGBoost,71.0,75.51841,test
2016-10-06 12:00:00,2016-10-06 13:00:00,1,Beijing,XGBoost,64.583333,67.65163,test
2016-10-06 13:00:00,2016-10-06 14:00:00,1,Beijing,XGBoost,60.25,61.944744,test
2016-10-06 14:00:00,2016-10-06 15:00:00,1,Beijing,XGBoost,58.583333,58.70898,test
2016-10-06 15:00:00,2016-10-06 16:00:00,1,Beijing,XGBoost,59.083333,59.466667,test
2016-10-06 16:00:00,2016-10-06 17:00:00,1,Beijing,XGBoost,56.75,62.45859,test
2016-10-06 17:00:00,2016-10-06 18:00:00,1,Beijing,XGBoost,59.416667,57.92075,test
2016-10-06 18:00:00,2016-10-06 19:00:00,1,Beijing,XGBoost,66.666667,57.22751,test
2016-10-06 19:00:00,2016-10-06 20:00:00,1,Beijing,XGBoost,71.833333,63.276394,test
2016-10-06 20:00:00,2016-10-06 21:00:00,1,Beijing,XGBoost,73.416667,71.864944,test
2016-10-06 21:00:00,2016-10-06 22:00:00,1,Beijing,XGBoost,67.0,69.05216,test
2016-10-06 22:00:00,2016-10-06 23:00:00,1,Beijing,XGBoost,52.75,57.277653,test
2016-10-06 23:00:00,2016-10-07 00:00:00,1,Beijing,XGBoost,48.583333,41.37185,test
2016-10-07 00:00:00,2016-10-07 01:00:00,1,Beijing,XGBoost,44.25,36.058197,test
2016-10-07 01:00:00,2016-10-07 02:00:00,1,Beijing,XGBoost,43.75,37.70659,test
2016-10-07 02:00:00,2016-10-07 03:00:00,1,Beijing,XGBoost,43.166667,40.136826,test
2016-10-07 03:00:00,2016-10-07 04:00:00,1,Beijing,XGBoost,40.583333,40.535053,test
2016-10-07 04:00:00,2016-10-07 05:00:00,1,Beijing,XGBoost,38.75,38.131115,test
2016-10-07 05:00:00,2016-10-07 06:00:00,1,Beijing,XGBoost,37.916667,37.092926,test
2016-10-07 06:00:00,2016-10-07 07:00:00,1,Beijing,XGBoost,36.916667,35.379745,test
2016-10-07 07:00:00,2016-10-07 08:00:00,1,Beijing,XGBoost,38.0,35.37915,test
2016-10-07 08:00:00,2016-10-07 09:00:00,1,Beijing,XGBoost,38.75,37.48233,test
2016-10-07 09:00:00,2016-10-07 10:00:00,1,Beijing,XGBoost,38.583333,40.216675,test
2016-10-07 10:00:00,2016-10-07 11:00:00,1,Beijing,XGBoost,40.5,39.65853,test
2016-10-07 11:00:00,2016-10-07 12:00:00,1,Beijing,XGBoost,42.166667,41.03442,test
2016-10-07 12:00:00,2016-10-07 13:00:00,1,Beijing,XGBoost,40.5,42.386505,test
2016-10-07 13:00:00,2016-10-07 14:00:00,1,Beijing,XGBoost,38.833333,39.328793,test
2016-10-07 14:00:00,2016-10-07 15:00:00,1,Beijing,XGBoost,38.083333,40.412003,test
2016-10-07 15:00:00,2016-10-07 16:00:00,1,Beijing,XGBoost,39.333333,38.11626,test
2016-10-07 16:00:00,2016-10-07 17:00:00,1,Beijing,XGBoost,44.416667,41.111115,test
2016-10-07 17:00:00,2016-10-07 18:00:00,1,Beijing,XGBoost,42.5,47.488968,test
2016-10-07 18:00:00,2016-10-07 19:00:00,1,Beijing,XGBoost,45.0,46.40522,test
2016-10-07 19:00:00,2016-10-07 20:00:00,1,Beijing,XGBoost,47.75,50.30342,test
2016-10-07 20:00:00,2016-10-07 21:00:00,1,Beijing,XGBoost,49.25,52.91086,test
2016-10-07 21:00:00,2016-10-07 22:00:00,1,Beijing,XGBoost,43.583333,49.698902,test
2016-10-07 22:00:00,2016-10-07 23:00:00,1,Beijing,XGBoost,25.75,42.80643,test
2016-10-07 23:00:00,2016-10-08 00:00:00,1,Beijing,XGBoost,14.666667,19.579556,test
2016-10-08 00:00:00,2016-10-08 01:00:00,1,Beijing,XGBoost,11.0,12.211881,test
2016-10-08 01:00:00,2016-10-08 02:00:00,1,Beijing,XGBoost,6.583333,9.86235,test
2016-10-08 02:00:00,2016-10-08 03:00:00,1,Beijing,XGBoost,7.75,6.660242,test
2016-10-08 03:00:00,2016-10-08 04:00:00,1,Beijing,XGBoost,5.833333,7.2679005,test
2016-10-08 04:00:00,2016-10-08 05:00:00,1,Beijing,XGBoost,7.166667,6.1011467,test
2016-10-08 05:00:00,2016-10-08 06:00:00,1,Beijing,XGBoost,8.666667,6.752327,test
2016-10-08 06:00:00,2016-10-08 07:00:00,1,Beijing,XGBoost,8.194444,8.66642,test
2016-10-08 07:00:00,2016-10-08 08:00:00,1,Beijing,XGBoost,7.722222,8.095593,test
2016-10-08 08:00:00,2016-10-08 09:00:00,1,Beijing,XGBoost,9.75,7.323775,test
2016-10-08 09:00:00,2016-10-08 10:00:00,1,Beijing,XGBoost,9.916667,8.9144745,test
2016-10-08 10:00:00,2016-10-08 11:00:00,1,Beijing,XGBoost,9.666667,8.803993,test
2016-10-08 11:00:00,2016-10-08 12:00:00,1,Beijing,XGBoost,11.0,9.04743,test
2016-10-08 12:00:00,2016-10-08 13:00:00,1,Beijing,XGBoost,13.25,10.303531,test
2016-10-08 13:00:00,2016-10-08 14:00:00,1,Beijing,XGBoost,14.666667,12.592658,test
2016-10-08 14:00:00,2016-10-08 15:00:00,1,Beijing,XGBoost,11.583333,15.069997,test
2016-10-08 15:00:00,2016-10-08 16:00:00,1,Beijing,XGBoost,13.75,12.550781,test
2016-10-08 16:00:00,2016-10-08 17:00:00,1,Beijing,XGBoost,18.833333,14.3012495,test
2016-10-08 17:00:00,2016-10-08 18:00:00,1,Beijing,XGBoost,10.227273,22.130632,test
2016-10-08 18:00:00,2016-10-08 19:00:00,1,Beijing,XGBoost,10.0,13.135515,test
2016-10-08 19:00:00,2016-10-08 20:00:00,1,Beijing,XGBoost,13.454545,16.423258,test
2016-10-08 20:00:00,2016-10-08 21:00:00,1,Beijing,XGBoost,19.818182,18.257381,test
2016-10-08 21:00:00,2016-10-08 22:00:00,1,Beijing,XGBoost,21.272727,24.112291,test
2016-10-08 22:00:00,2016-10-08 23:00:00,1,Beijing,XGBoost,22.454545,22.670565,test
2016-10-08 23:00:00,2016-10-09 00:00:00,1,Beijing,XGBoost,26.181818,23.468082,test
2016-10-09 00:00:00,2016-10-09 01:00:00,1,Beijing,XGBoost,25.545455,27.347876,test
2016-10-09 01:00:00,2016-10-09 02:00:00,1,Beijing,XGBoost,23.454545,25.27356,test
2016-10-09 02:00:00,2016-10-09 03:00:00,1,Beijing,XGBoost,22.0,23.16081,test
2016-10-09 03:00:00,2016-10-09 04:00:00,1,Beijing,XGBoost,25.090909,22.445644,test
2016-10-09 04:00:00,2016-10-09 05:00:00,1,Beijing,XGBoost,28.818182,25.131472,test
2016-10-09 05:00:00,2016-10-09 06:00:00,1,Beijing,XGBoost,28.7,29.023474,test
2016-10-09 06:00:00,2016-10-09 07:00:00,1,Beijing,XGBoost,26.4,27.974447,test
2016-10-09 07:00:00,2016-10-09 08:00:00,1,Beijing,XGBoost,25.7,26.55599,test
2016-10-09 08:00:00,2016-10-09 09:00:00,1,Beijing,XGBoost,22.5,26.332304,test
2016-10-09 09:00:00,2016-10-09 10:00:00,1,Beijing,XGBoost,20.9,23.971869,test
2016-10-09 10:00:00,2016-10-09 11:00:00,1,Beijing,XGBoost,22.5,22.528517,test
2016-10-09 11:00:00,2016-10-09 12:00:00,1,Beijing,XGBoost,25.7,23.6228,test
2016-10-09 12:00:00,2016-10-09 13:00:00,1,Beijing,XGBoost,34.454545,27.324078,test
2016-10-09 13:00:00,2016-10-09 14:00:00,1,Beijing,XGBoost,41.045455,36.568275,test
2016-10-09 14:00:00,2016-10-09 15:00:00,1,Beijing,XGBoost,33.363636,43.325233,test
2016-10-09 15:00:00,2016-10-09 16:00:00,1,Beijing,XGBoost,31.818182,33.877068,test
2016-10-09 16:00:00,2016-10-09 17:00:00,1,Beijing,XGBoost,28.272727,31.822056,test
2016-10-09 17:00:00,2016-10-09 18:00:00,1,Beijing,XGBoost,25.454545,30.35668,test
2016-10-09 18:00:00,2016-10-09 19:00:00,1,Beijing,XGBoost,32.272727,28.046326,test
2016-10-09 19:00:00,2016-10-09 20:00:00,1,Beijing,XGBoost,40.727273,37.71983,test
2016-10-09 20:00:00,2016-10-09 21:00:00,1,Beijing,XGBoost,45.545455,47.242523,test
2016-10-09 21:00:00,2016-10-09 22:00:00,1,Beijing,XGBoost,47.090909,51.28272,test
2016-10-09 22:00:00,2016-10-09 23:00:00,1,Beijing,XGBoost,48.181818,49.101173,test
2016-10-09 23:00:00,2016-10-10 00:00:00,1,Beijing,XGBoost,50.636364,48.509174,test
2016-10-10 00:00:00,2016-10-10 01:00:00,1,Beijing,XGBoost,49.090909,51.342495,test
2016-10-10 01:00:00,2016-10-10 02:00:00,1,Beijing,XGBoost,50.363636,49.8908,test
2016-10-10 02:00:00,2016-10-10 03:00:00,1,Beijing,XGBoost,55.454545,49.062305,test
2016-10-10 03:00:00,2016-10-10 04:00:00,1,Beijing,XGBoost,54.818182,55.57081,test
2016-10-10 04:00:00,2016-10-10 05:00:00,1,Beijing,XGBoost,54.454545,55.053623,test
2016-10-10 05:00:00,2016-10-10 06:00:00,1,Beijing,XGBoost,52.727273,54.543102,test
2016-10-10 06:00:00,2016-10-10 07:00:00,1,Beijing,XGBoost,50.090909,53.073666,test
2016-10-10 07:00:00,2016-10-10 08:00:00,1,Beijing,XGBoost,49.727273,49.561596,test
2016-10-10 08:00:00,2016-10-10 09:00:00,1,Beijing,XGBoost,47.878788,51.652477,test
2016-10-10 09:00:00,2016-10-10 10:00:00,1,Beijing,XGBoost,51.121212,49.603264,test
2016-10-10 10:00:00,2016-10-10 11:00:00,1,Beijing,XGBoost,56.022727,51.56198,test
2016-10-10 11:00:00,2016-10-10 12:00:00,1,Beijing,XGBoost,69.5,59.056873,test
2016-10-10 12:00:00,2016-10-10 13:00:00,1,Beijing,XGBoost,82.613636,73.65396,test
2016-10-10 13:00:00,2016-10-10 14:00:00,1,Beijing,XGBoost,96.909091,88.93024,test
2016-10-10 14:00:00,2016-10-10 15:00:00,1,Beijing,XGBoost,105.727273,102.88423,test
2016-10-10 15:00:00,2016-10-10 16:00:00,1,Beijing,XGBoost,111.083333,109.42189,test
2016-10-10 16:00:00,2016-10-10 17:00:00,1,Beijing,XGBoost,119.416667,116.02238,test
2016-10-10 17:00:00,2016-10-10 18:00:00,1,Beijing,XGBoost,122.363636,123.83484,test
2016-10-10 18:00:00,2016-10-10 19:00:00,1,Beijing,XGBoost,120.818182,127.24788,test
2016-10-10 19:00:00,2016-10-10 20:00:00,1,Beijing,XGBoost,127.909091,128.35065,test
2016-10-10 20:00:00,2016-10-10 21:00:00,1,Beijing,XGBoost,134.545455,133.86328,test
2016-10-10 21:00:00,2016-10-10 22:00:00,1,Beijing,XGBoost,140.0,139.27785,test
2016-10-10 22:00:00,2016-10-10 23:00:00,1,Beijing,XGBoost,146.636364,141.24078,test
2016-10-10 23:00:00,2016-10-11 00:00:00,1,Beijing,XGBoost,144.0,151.24374,test
2016-10-11 00:00:00,2016-10-11 01:00:00,1,Beijing,XGBoost,136.636364,143.60532,test
2016-10-11 01:00:00,2016-10-11 02:00:00,1,Beijing,XGBoost,134.727273,133.21027,test
2016-10-11 02:00:00,2016-10-11 03:00:00,1,Beijing,XGBoost,132.272727,128.25848,test
2016-10-11 03:00:00,2016-10-11 04:00:00,1,Beijing,XGBoost,126.909091,131.23816,test
2016-10-11 04:00:00,2016-10-11 05:00:00,1,Beijing,XGBoost,123.909091,124.1164,test
2016-10-11 05:00:00,2016-10-11 06:00:00,1,Beijing,XGBoost,118.454545,122.929405,test
2016-10-11 06:00:00,2016-10-11 07:00:00,1,Beijing,XGBoost,117.181818,113.1257,test
2016-10-11 07:00:00,2016-10-11 08:00:00,1,Beijing,XGBoost,116.454545,113.87578,test
2016-10-11 08:00:00,2016-10-11 09:00:00,1,Beijing,XGBoost,117.181818,113.25093,test
2016-10-11 09:00:00,2016-10-11 10:00:00,1,Beijing,XGBoost,113.636364,117.69173,test
2016-10-11 10:00:00,2016-10-11 11:00:00,1,Beijing,XGBoost,103.545455,108.35512,test
2016-10-11 11:00:00,2016-10-11 12:00:00,1,Beijing,XGBoost,103.636364,87.30797,test
2016-10-11 12:00:00,2016-10-11 13:00:00,1,Beijing,XGBoost,118.090909,89.754814,test
2016-10-11 13:00:00,2016-10-11 14:00:00,1,Beijing,XGBoost,129.818182,114.98138,test
2016-10-11 14:00:00,2016-10-11 15:00:00,1,Beijing,XGBoost,148.272727,131.0615,test
2016-10-11 15:00:00,2016-10-11 16:00:00,1,Beijing,XGBoost,150.909091,146.73271,test
2016-10-11 16:00:00,2016-10-11 17:00:00,1,Beijing,XGBoost,146.545455,147.74738,test
2016-10-11 17:00:00,2016-10-11 18:00:00,1,Beijing,XGBoost,125.181818,148.50697,test
2016-10-11 18:00:00,2016-10-11 19:00:00,1,Beijing,XGBoost,118.363636,121.86042,test
2016-10-11 19:00:00,2016-10-11 20:00:00,1,Beijing,XGBoost,116.454545,114.55828,test
2016-10-11 20:00:00,2016-10-11 21:00:00,1,Beijing,XGBoost,104.181818,119.15917,test
2016-10-11 21:00:00,2016-10-11 22:00:00,1,Beijing,XGBoost,86.454545,104.66849,test
2016-10-11 22:00:00,2016-10-11 23:00:00,1,Beijing,XGBoost,67.363636,76.88486,test
2016-10-11 23:00:00,2016-10-12 00:00:00,1,Beijing,XGBoost,57.272727,58.433212,test
2016-10-12 00:00:00,2016-10-12 01:00:00,1,Beijing,XGBoost,54.363636,52.223785,test
2016-10-12 01:00:00,2016-10-12 02:00:00,1,Beijing,XGBoost,54.636364,53.08866,test
2016-10-12 02:00:00,2016-10-12 03:00:00,1,Beijing,XGBoost,52.636364,55.54114,test
2016-10-12 03:00:00,2016-10-12 04:00:00,1,Beijing,XGBoost,49.363636,53.857254,test
2016-10-12 04:00:00,2016-10-12 05:00:00,1,Beijing,XGBoost,49.636364,48.6363,test
2016-10-12 05:00:00,2016-10-12 06:00:00,1,Beijing,XGBoost,54.090909,49.444458,test
2016-10-12 06:00:00,2016-10-12 07:00:00,1,Beijing,XGBoost,56.363636,54.844704,test
2016-10-12 07:00:00,2016-10-12 08:00:00,1,Beijing,XGBoost,57.454545,58.100433,test
2016-10-12 08:00:00,2016-10-12 09:00:00,1,Beijing,XGBoost,61.545455,61.3608,test
2016-10-12 09:00:00,2016-10-12 10:00:00,1,Beijing,XGBoost,62.545455,66.56764,test
2016-10-12 10:00:00,2016-10-12 11:00:00,1,Beijing,XGBoost,66.575758,66.86309,test
2016-10-12 11:00:00,2016-10-12 12:00:00,1,Beijing,XGBoost,70.878788,70.19199,test
2016-10-12 12:00:00,2016-10-12 13:00:00,1,Beijing,XGBoost,77.954545,74.21903,test
2016-10-12 13:00:00,2016-10-12 14:00:00,1,Beijing,XGBoost,87.181818,82.26076,test
2016-10-12 14:00:00,2016-10-12 15:00:00,1,Beijing,XGBoost,92.136364,94.87838,test
2016-10-12 15:00:00,2016-10-12 16:00:00,1,Beijing,XGBoost,96.454545,96.54955,test
2016-10-12 16:00:00,2016-10-12 17:00:00,1,Beijing,XGBoost,95.727273,98.42299,test
2016-10-12 17:00:00,2016-10-12 18:00:00,1,Beijing,XGBoost,87.545455,96.55817,test
2016-10-12 18:00:00,2016-10-12 19:00:00,1,Beijing,XGBoost,87.272727,89.89951,test
2016-10-12 19:00:00,2016-10-12 20:00:00,1,Beijing,XGBoost,94.0,89.941826,test
2016-10-12 20:00:00,2016-10-12 21:00:00,1,Beijing,XGBoost,102.272727,98.08761,test
2016-10-12 21:00:00,2016-10-12 22:00:00,1,Beijing,XGBoost,109.363636,105.6699,test
2016-10-12 22:00:00,2016-10-12 23:00:00,1,Beijing,XGBoost,117.454545,112.32234,test
2016-10-12 23:00:00,2016-10-13 00:00:00,1,Beijing,XGBoost,119.636364,120.07786,test
2016-10-13 00:00:00,2016-10-13 01:00:00,1,Beijing,XGBoost,119.545455,120.48104,test
2016-10-13 01:00:00,2016-10-13 02:00:00,1,Beijing,XGBoost,118.727273,120.65483,test
2016-10-13 02:00:00,2016-10-13 03:00:00,1,Beijing,XGBoost,117.272727,115.74051,test
2016-10-13 03:00:00,2016-10-13 04:00:00,1,Beijing,XGBoost,115.0,115.344345,test
2016-10-13 04:00:00,2016-10-13 05:00:00,1,Beijing,XGBoost,106.181818,111.30934,test
2016-10-13 05:00:00,2016-10-13 06:00:00,1,Beijing,XGBoost,101.0,103.48159,test
2016-10-13 06:00:00,2016-10-13 07:00:00,1,Beijing,XGBoost,100.545455,95.567986,test
2016-10-13 07:00:00,2016-10-13 08:00:00,1,Beijing,XGBoost,100.272727,99.91423,test
2016-10-13 08:00:00,2016-10-13 09:00:00,1,Beijing,XGBoost,103.363636,105.6465,test
2016-10-13 09:00:00,2016-10-13 10:00:00,1,Beijing,XGBoost,119.272727,108.84871,test
2016-10-13 10:00:00,2016-10-13 11:00:00,1,Beijing,XGBoost,132.181818,125.213905,test
2016-10-13 11:00:00,2016-10-13 12:00:00,1,Beijing,XGBoost,139.795455,139.27129,test
2016-10-13 12:00:00,2016-10-13 13:00:00,1,Beijing,XGBoost,151.681818,147.07463,test
2016-10-13 13:00:00,2016-10-13 14:00:00,1,Beijing,XGBoost,160.659091,159.8855,test
2016-10-13 14:00:00,2016-10-13 15:00:00,1,Beijing,XGBoost,165.181818,165.98726,test
2016-10-13 15:00:00,2016-10-13 16:00:00,1,Beijing,XGBoost,167.909091,167.81006,test
2016-10-13 16:00:00,2016-10-13 17:00:00,1,Beijing,XGBoost,159.727273,171.45296,test
2016-10-13 17:00:00,2016-10-13 18:00:00,1,Beijing,XGBoost,173.5,161.28662,test
2016-10-13 18:00:00,2016-10-13 19:00:00,1,Beijing,XGBoost,183.916667,175.95915,test
2016-10-13 19:00:00,2016-10-13 20:00:00,1,Beijing,XGBoost,203.833333,196.09155,test
2016-10-13 20:00:00,2016-10-13 21:00:00,1,Beijing,XGBoost,214.5,211.75829,test
2016-10-13 21:00:00,2016-10-13 22:00:00,1,Beijing,XGBoost,218.166667,222.09703,test
2016-10-13 22:00:00,2016-10-13 23:00:00,1,Beijing,XGBoost,215.833333,218.56633,test
2016-10-13 23:00:00,2016-10-14 00:00:00,1,Beijing,XGBoost,216.416667,211.48453,test
2016-10-14 00:00:00,2016-10-14 01:00:00,1,Beijing,XGBoost,212.333333,210.77925,test
2016-10-14 01:00:00,2016-10-14 02:00:00,1,Beijing,XGBoost,207.083333,207.68613,test
2016-10-14 02:00:00,2016-10-14 03:00:00,1,Beijing,XGBoost,202.25,202.00333,test
2016-10-14 03:00:00,2016-10-14 04:00:00,1,Beijing,XGBoost,195.5,199.54063,test
2016-10-14 04:00:00,2016-10-14 05:00:00,1,Beijing,XGBoost,194.25,189.35156,test
2016-10-14 05:00:00,2016-10-14 06:00:00,1,Beijing,XGBoost,187.833333,190.91948,test
2016-10-14 06:00:00,2016-10-14 07:00:00,1,Beijing,XGBoost,185.583333,180.96603,test
2016-10-14 07:00:00,2016-10-14 08:00:00,1,Beijing,XGBoost,178.75,179.29523,test
2016-10-14 08:00:00,2016-10-14 09:00:00,1,Beijing,XGBoost,176.333333,179.12363,test
2016-10-14 09:00:00,2016-10-14 10:00:00,1,Beijing,XGBoost,194.25,180.64638,test
2016-10-14 10:00:00,2016-10-14 11:00:00,1,Beijing,XGBoost,235.083333,203.99867,test
2016-10-14 11:00:00,2016-10-14 12:00:00,1,Beijing,XGBoost,262.194444,249.12265,test
2016-10-14 12:00:00,2016-10-14 13:00:00,1,Beijing,XGBoost,269.138889,261.0602,test
2016-10-14 13:00:00,2016-10-14 14:00:00,1,Beijing,XGBoost,271.820833,270.61386,test
2016-10-14 14:00:00,2016-10-14 15:00:00,1,Beijing,XGBoost,292.697222,272.63217,test
2016-10-14 15:00:00,2016-10-14 16:00:00,1,Beijing,XGBoost,287.284848,287.7018,test
2016-10-14 16:00:00,2016-10-14 17:00:00,1,Beijing,XGBoost,259.766667,290.22458,test
2016-10-14 17:00:00,2016-10-14 18:00:00,1,Beijing,XGBoost,233.916667,267.83356,test
2016-10-14 18:00:00,2016-10-14 19:00:00,1,Beijing,XGBoost,230.0,223.75365,test
2016-10-14 19:00:00,2016-10-14 20:00:00,1,Beijing,XGBoost,247.037037,225.54738,test
2016-10-14 20:00:00,2016-10-14 21:00:00,1,Beijing,XGBoost,265.851852,248.49748,test
2016-10-14 21:00:00,2016-10-14 22:00:00,1,Beijing,XGBoost,255.777778,266.03885,test
2016-10-14 22:00:00,2016-10-14 23:00:00,1,Beijing,XGBoost,253.259259,247.73157,test
2016-10-14 23:00:00,2016-10-15 00:00:00,1,Beijing,XGBoost,255.466667,251.08583,test
2016-10-15 00:00:00,2016-10-15 01:00:00,1,Beijing,XGBoost,250.333333,251.3115,test
2016-10-15 01:00:00,2016-10-15 02:00:00,1,Beijing,XGBoost,228.416667,244.53499,test
2016-10-15 02:00:00,2016-10-15 03:00:00,1,Beijing,XGBoost,221.291667,219.93869,test
2016-10-15 03:00:00,2016-10-15 04:00:00,1,Beijing,XGBoost,214.166667,218.22762,test
2016-10-15 04:00:00,2016-10-15 05:00:00,1,Beijing,XGBoost,210.5,208.60205,test
2016-10-15 05:00:00,2016-10-15 06:00:00,1,Beijing,XGBoost,204.666667,204.72632,test
2016-10-15 06:00:00,2016-10-15 07:00:00,1,Beijing,XGBoost,194.125,198.69048,test
2016-10-15 07:00:00,2016-10-15 08:00:00,1,Beijing,XGBoost,178.5,185.05638,test
2016-10-15 08:00:00,2016-10-15 09:00:00,1,Beijing,XGBoost,160.416667,166.52971,test
2016-10-15 09:00:00,2016-10-15 10:00:00,1,Beijing,XGBoost,161.166667,152.39809,test
2016-10-15 10:00:00,2016-10-15 11:00:00,1,Beijing,XGBoost,172.416667,161.62721,test
2016-10-15 11:00:00,2016-10-15 12:00:00,1,Beijing,XGBoost,183.666667,181.66429,test
2016-10-15 12:00:00,2016-10-15 13:00:00,1,Beijing,XGBoost,182.5,196.95674,test
2016-10-15 13:00:00,2016-10-15 14:00:00,1,Beijing,XGBoost,183.708333,187.20644,test
2016-10-15 14:00:00,2016-10-15 15:00:00,1,Beijing,XGBoost,188.916667,190.79536,test
2016-10-15 15:00:00,2016-10-15 16:00:00,1,Beijing,XGBoost,189.0,194.66348,test
2016-10-15 16:00:00,2016-10-15 17:00:00,1,Beijing,XGBoost,185.333333,194.35867,test
2016-10-15 17:00:00,2016-10-15 18:00:00,1,Beijing,XGBoost,184.916667,187.65553,test
2016-10-15 18:00:00,2016-10-15 19:00:00,1,Beijing,XGBoost,183.416667,188.31366,test
2016-10-15 19:00:00,2016-10-15 20:00:00,1,Beijing,XGBoost,186.75,188.93538,test
2016-10-15 20:00:00,2016-10-15 21:00:00,1,Beijing,XGBoost,187.25,191.9946,test
2016-10-15 21:00:00,2016-10-15 22:00:00,1,Beijing,XGBoost,183.833333,188.86125,test
2016-10-15 22:00:00,2016-10-15 23:00:00,1,Beijing,XGBoost,179.583333,184.10875,test
2016-10-15 23:00:00,2016-10-16 00:00:00,1,Beijing,XGBoost,173.25,171.75816,test
2016-10-16 00:00:00,2016-10-16 01:00:00,1,Beijing,XGBoost,170.75,167.77716,test
2016-10-16 01:00:00,2016-10-16 02:00:00,1,Beijing,XGBoost,150.416667,168.5484,test
2016-10-16 02:00:00,2016-10-16 03:00:00,1,Beijing,XGBoost,139.333333,146.29422,test
2016-10-16 03:00:00,2016-10-16 04:00:00,1,Beijing,XGBoost,127.083333,126.515785,test
2016-10-16 04:00:00,2016-10-16 05:00:00,1,Beijing,XGBoost,120.5,114.448456,test
2016-10-16 05:00:00,2016-10-16 06:00:00,1,Beijing,XGBoost,118.166667,111.61545,test
2016-10-16 06:00:00,2016-10-16 07:00:00,1,Beijing,XGBoost,117.166667,114.55176,test
2016-10-16 07:00:00,2016-10-16 08:00:00,1,Beijing,XGBoost,115.916667,116.22908,test
2016-10-16 08:00:00,2016-10-16 09:00:00,1,Beijing,XGBoost,117.083333,118.860565,test
2016-10-16 09:00:00,2016-10-16 10:00:00,1,Beijing,XGBoost,123.916667,121.82308,test
2016-10-16 10:00:00,2016-10-16 11:00:00,1,Beijing,XGBoost,136.583333,132.047,test
2016-10-16 11:00:00,2016-10-16 12:00:00,1,Beijing,XGBoost,141.666667,143.57977,test
2016-10-16 12:00:00,2016-10-16 13:00:00,1,Beijing,XGBoost,135.916667,146.56999,test
2016-10-16 13:00:00,2016-10-16 14:00:00,1,Beijing,XGBoost,125.583333,137.83514,test
2016-10-16 14:00:00,2016-10-16 15:00:00,1,Beijing,XGBoost,110.75,122.029945,test
2016-10-16 15:00:00,2016-10-16 16:00:00,1,Beijing,XGBoost,99.083333,100.81149,test
2016-10-16 16:00:00,2016-10-16 17:00:00,1,Beijing,XGBoost,93.583333,87.032295,test
2016-10-16 17:00:00,2016-10-16 18:00:00,1,Beijing,XGBoost,90.75,89.238464,test
2016-10-16 18:00:00,2016-10-16 19:00:00,1,Beijing,XGBoost,93.75,92.874306,test
2016-10-16 19:00:00,2016-10-16 20:00:00,1,Beijing,XGBoost,100.916667,96.66401,test
2016-10-16 20:00:00,2016-10-16 21:00:00,1,Beijing,XGBoost,107.833333,105.910164,test
2016-10-16 21:00:00,2016-10-16 22:00:00,1,Beijing,XGBoost,113.166667,112.46096,test
2016-10-16 22:00:00,2016-10-16 23:00:00,1,Beijing,XGBoost,119.75,116.49882,test
2016-10-16 23:00:00,2016-10-17 00:00:00,1,Beijing,XGBoost,118.416667,121.71937,test
2016-10-17 00:00:00,2016-10-17 01:00:00,1,Beijing,XGBoost,118.583333,118.77804,test
2016-10-17 01:00:00,2016-10-17 02:00:00,1,Beijing,XGBoost,113.0,115.39783,test
2016-10-17 02:00:00,2016-10-17 03:00:00,1,Beijing,XGBoost,105.25,110.30121,test
2016-10-17 03:00:00,2016-10-17 04:00:00,1,Beijing,XGBoost,94.916667,103.69424,test
2016-10-17 04:00:00,2016-10-17 05:00:00,1,Beijing,XGBoost,84.916667,88.42103,test
2016-10-17 05:00:00,2016-10-17 06:00:00,1,Beijing,XGBoost,69.166667,73.75268,test
2016-10-17 06:00:00,2016-10-17 07:00:00,1,Beijing,XGBoost,48.083333,61.563496,test
2016-10-17 07:00:00,2016-10-17 08:00:00,1,Beijing,XGBoost,51.083333,38.61146,test
2016-10-17 08:00:00,2016-10-17 09:00:00,1,Beijing,XGBoost,54.833333,46.980476,test
2016-10-17 09:00:00,2016-10-17 10:00:00,1,Beijing,XGBoost,53.25,54.55452,test
2016-10-17 10:00:00,2016-10-17 11:00:00,1,Beijing,XGBoost,39.541667,51.481037,test
2016-10-17 11:00:00,2016-10-17 12:00:00,1,Beijing,XGBoost,26.5,35.726604,test
2016-10-17 12:00:00,2016-10-17 13:00:00,1,Beijing,XGBoost,27.25,23.17574,test
2016-10-17 13:00:00,2016-10-17 14:00:00,1,Beijing,XGBoost,25.5,24.481216,test
2016-10-17 14:00:00,2016-10-17 15:00:00,1,Beijing,XGBoost,24.5,24.643826,test
2016-10-17 15:00:00,2016-10-17 16:00:00,1,Beijing,XGBoost,25.916667,24.723759,test
2016-10-17 16:00:00,2016-10-17 17:00:00,1,Beijing,XGBoost,32.833333,26.191885,test
2016-10-17 17:00:00,2016-10-17 18:00:00,1,Beijing,XGBoost,40.166667,34.59905,test
2016-10-17 18:00:00,2016-10-17 19:00:00,1,Beijing,XGBoost,43.5,44.858307,test
2016-10-17 19:00:00,2016-10-17 20:00:00,1,Beijing,XGBoost,52.416667,50.355362,test
2016-10-17 20:00:00,2016-10-17 21:00:00,1,Beijing,XGBoost,57.083333,58.51037,test
2016-10-17 21:00:00,2016-10-17 22:00:00,1,Beijing,XGBoost,70.583333,60.4384,test
2016-10-17 22:00:00,2016-10-17 23:00:00,1,Beijing,XGBoost,90.333333,73.663414,test
2016-10-17 23:00:00,2016-10-18 00:00:00,1,Beijing,XGBoost,95.916667,94.63397,test
2016-10-18 00:00:00,2016-10-18 01:00:00,1,Beijing,XGBoost,100.75,100.37052,test
2016-10-18 01:00:00,2016-10-18 02:00:00,1,Beijing,XGBoost,96.916667,102.15718,test
2016-10-18 02:00:00,2016-10-18 03:00:00,1,Beijing,XGBoost,91.583333,96.93929,test
2016-10-18 03:00:00,2016-10-18 04:00:00,1,Beijing,XGBoost,84.166667,89.747925,test
2016-10-18 04:00:00,2016-10-18 05:00:00,1,Beijing,XGBoost,70.75,79.7085,test
2016-10-18 05:00:00,2016-10-18 06:00:00,1,Beijing,XGBoost,64.0,64.56492,test
2016-10-18 06:00:00,2016-10-18 07:00:00,1,Beijing,XGBoost,65.833333,56.913906,test
2016-10-18 07:00:00,2016-10-18 08:00:00,1,Beijing,XGBoost,68.0,63.51135,test
2016-10-18 08:00:00,2016-10-18 09:00:00,1,Beijing,XGBoost,72.666667,70.070496,test
2016-10-18 09:00:00,2016-10-18 10:00:00,1,Beijing,XGBoost,77.0,75.72981,test
2016-10-18 10:00:00,2016-10-18 11:00:00,1,Beijing,XGBoost,87.583333,81.58443,test
2016-10-18 11:00:00,2016-10-18 12:00:00,1,Beijing,XGBoost,98.083333,93.24344,test
2016-10-18 12:00:00,2016-10-18 13:00:00,1,Beijing,XGBoost,111.416667,103.04898,test
2016-10-18 13:00:00,2016-10-18 14:00:00,1,Beijing,XGBoost,121.916667,118.83695,test
2016-10-18 14:00:00,2016-10-18 15:00:00,1,Beijing,XGBoost,132.833333,125.07524,test
2016-10-18 15:00:00,2016-10-18 16:00:00,1,Beijing,XGBoost,141.361111,136.69409,test
2016-10-18 16:00:00,2016-10-18 17:00:00,1,Beijing,XGBoost,142.388889,147.1579,test
2016-10-18 17:00:00,2016-10-18 18:00:00,1,Beijing,XGBoost,146.333333,146.37125,test
2016-10-18 18:00:00,2016-10-18 19:00:00,1,Beijing,XGBoost,157.166667,149.51628,test
2016-10-18 19:00:00,2016-10-18 20:00:00,1,Beijing,XGBoost,167.333333,162.97578,test
2016-10-18 20:00:00,2016-10-18 21:00:00,1,Beijing,XGBoost,173.666667,170.95045,test
2016-10-18 21:00:00,2016-10-18 22:00:00,1,Beijing,XGBoost,178.833333,176.84608,test
2016-10-18 22:00:00,2016-10-18 23:00:00,1,Beijing,XGBoost,183.166667,179.54472,test
2016-10-18 23:00:00,2016-10-19 00:00:00,1,Beijing,XGBoost,189.166667,187.25302,test
2016-10-19 00:00:00,2016-10-19 01:00:00,1,Beijing,XGBoost,185.166667,190.29803,test
2016-10-19 01:00:00,2016-10-19 02:00:00,1,Beijing,XGBoost,188.75,183.85329,test
2016-10-19 02:00:00,2016-10-19 03:00:00,1,Beijing,XGBoost,186.166667,186.32454,test
2016-10-19 03:00:00,2016-10-19 04:00:00,1,Beijing,XGBoost,189.0,186.3326,test
2016-10-19 04:00:00,2016-10-19 05:00:00,1,Beijing,XGBoost,191.291667,186.99252,test
2016-10-19 05:00:00,2016-10-19 06:00:00,1,Beijing,XGBoost,185.25,190.8621,test
2016-10-19 06:00:00,2016-10-19 07:00:00,1,Beijing,XGBoost,176.666667,183.76463,test
2016-10-19 07:00:00,2016-10-19 08:00:00,1,Beijing,XGBoost,173.166667,176.32324,test
2016-10-19 08:00:00,2016-10-19 09:00:00,1,Beijing,XGBoost,172.25,173.19273,test
2016-10-19 09:00:00,2016-10-19 10:00:00,1,Beijing,XGBoost,195.5,176.515,test
2016-10-19 10:00:00,2016-10-19 11:00:00,1,Beijing,XGBoost,218.083333,204.69202,test
2016-10-19 11:00:00,2016-10-19 12:00:00,1,Beijing,XGBoost,230.25,225.38837,test
2016-10-19 12:00:00,2016-10-19 13:00:00,1,Beijing,XGBoost,237.916667,240.24864,test
2016-10-19 13:00:00,2016-10-19 14:00:00,1,Beijing,XGBoost,249.416667,245.12566,test
2016-10-19 14:00:00,2016-10-19 15:00:00,1,Beijing,XGBoost,272.958333,257.5659,test
2016-10-19 15:00:00,2016-10-19 16:00:00,1,Beijing,XGBoost,270.083333,273.28632,test
2016-10-19 16:00:00,2016-10-19 17:00:00,1,Beijing,XGBoost,257.541667,275.05148,test
2016-10-19 17:00:00,2016-10-19 18:00:00,1,Beijing,XGBoost,266.416667,267.3612,test
2016-10-19 18:00:00,2016-10-19 19:00:00,1,Beijing,XGBoost,261.083333,271.45065,test
2016-10-19 19:00:00,2016-10-19 20:00:00,1,Beijing,XGBoost,255.166667,269.6502,test
2016-10-19 20:00:00,2016-10-19 21:00:00,1,Beijing,XGBoost,247.916667,257.52072,test
2016-10-19 21:00:00,2016-10-19 22:00:00,1,Beijing,XGBoost,235.75,246.423,test
2016-10-19 22:00:00,2016-10-19 23:00:00,1,Beijing,XGBoost,231.666667,238.17928,test
2016-10-19 23:00:00,2016-10-20 00:00:00,1,Beijing,XGBoost,228.583333,224.2066,test
2016-10-20 00:00:00,2016-10-20 01:00:00,1,Beijing,XGBoost,225.5,219.6793,test
2016-10-20 01:00:00,2016-10-20 02:00:00,1,Beijing,XGBoost,223.416667,222.36478,test
2016-10-20 02:00:00,2016-10-20 03:00:00,1,Beijing,XGBoost,232.416667,216.80867,test
2016-10-20 03:00:00,2016-10-20 04:00:00,1,Beijing,XGBoost,241.0,228.64903,test
2016-10-20 04:00:00,2016-10-20 05:00:00,1,Beijing,XGBoost,241.75,224.07243,test
2016-10-20 05:00:00,2016-10-20 06:00:00,1,Beijing,XGBoost,235.75,185.49045,test
2016-10-20 06:00:00,2016-10-20 07:00:00,1,Beijing,XGBoost,140.25,172.96526,test
2016-10-20 07:00:00,2016-10-20 08:00:00,1,Beijing,XGBoost,70.5,60.461273,test
2016-10-20 08:00:00,2016-10-20 09:00:00,1,Beijing,XGBoost,51.333333,41.01819,test
2016-10-20 09:00:00,2016-10-20 10:00:00,1,Beijing,XGBoost,44.583333,36.224026,test
2016-10-20 10:00:00,2016-10-20 11:00:00,1,Beijing,XGBoost,43.833333,40.191402,test
2016-10-20 11:00:00,2016-10-20 12:00:00,1,Beijing,XGBoost,39.416667,41.566807,test
2016-10-20 12:00:00,2016-10-20 13:00:00,1,Beijing,XGBoost,38.833333,41.633705,test
2016-10-20 13:00:00,2016-10-20 14:00:00,1,Beijing,XGBoost,39.416667,43.00244,test
2016-10-20 14:00:00,2016-10-20 15:00:00,1,Beijing,XGBoost,40.5,42.258827,test
2016-10-20 15:00:00,2016-10-20 16:00:00,1,Beijing,XGBoost,39.833333,43.7284,test
2016-10-20 16:00:00,2016-10-20 17:00:00,1,Beijing,XGBoost,39.416667,42.900032,test
2016-10-20 17:00:00,2016-10-20 18:00:00,1,Beijing,XGBoost,41.583333,39.717278,test
2016-10-20 18:00:00,2016-10-20 19:00:00,1,Beijing,XGBoost,46.25,40.502247,test
2016-10-20 19:00:00,2016-10-20 20:00:00,1,Beijing,XGBoost,45.333333,47.16706,test
2016-10-20 20:00:00,2016-10-20 21:00:00,1,Beijing,XGBoost,45.0,46.274082,test
2016-10-20 21:00:00,2016-10-20 22:00:00,1,Beijing,XGBoost,41.5,43.90345,test
2016-10-20 22:00:00,2016-10-20 23:00:00,1,Beijing,XGBoost,40.25,39.826797,test
2016-10-20 23:00:00,2016-10-21 00:00:00,1,Beijing,XGBoost,38.833333,38.206066,test
2016-10-21 00:00:00,2016-10-21 01:00:00,1,Beijing,XGBoost,36.833333,37.920704,test
2016-10-21 01:00:00,2016-10-21 02:00:00,1,Beijing,XGBoost,36.583333,34.8862,test
2016-10-21 02:00:00,2016-10-21 03:00:00,1,Beijing,XGBoost,36.166667,35.365887,test
2016-10-21 03:00:00,2016-10-21 04:00:00,1,Beijing,XGBoost,38.333333,35.20809,test
2016-10-21 04:00:00,2016-10-21 05:00:00,1,Beijing,XGBoost,40.833333,37.65217,test
2016-10-21 05:00:00,2016-10-21 06:00:00,1,Beijing,XGBoost,41.5,41.927055,test
2016-10-21 06:00:00,2016-10-21 07:00:00,1,Beijing,XGBoost,41.5,41.99582,test
2016-10-21 07:00:00,2016-10-21 08:00:00,1,Beijing,XGBoost,41.333333,42.719154,test
2016-10-21 08:00:00,2016-10-21 09:00:00,1,Beijing,XGBoost,40.583333,43.72578,test
2016-10-21 09:00:00,2016-10-21 10:00:00,1,Beijing,XGBoost,41.75,42.200966,test
2016-10-21 10:00:00,2016-10-21 11:00:00,1,Beijing,XGBoost,46.333333,43.859104,test
2016-10-21 11:00:00,2016-10-21 12:00:00,1,Beijing,XGBoost,49.416667,48.362926,test
2016-10-21 12:00:00,2016-10-21 13:00:00,1,Beijing,XGBoost,51.25,50.34734,test
2016-10-21 13:00:00,2016-10-21 14:00:00,1,Beijing,XGBoost,54.5,54.10853,test
2016-10-21 14:00:00,2016-10-21 15:00:00,1,Beijing,XGBoost,56.583333,57.427307,test
2016-10-21 15:00:00,2016-10-21 16:00:00,1,Beijing,XGBoost,57.5,59.01722,test
2016-10-21 16:00:00,2016-10-21 17:00:00,1,Beijing,XGBoost,54.75,61.33579,test
2016-10-21 17:00:00,2016-10-21 18:00:00,1,Beijing,XGBoost,48.333333,57.916252,test
2016-10-21 18:00:00,2016-10-21 19:00:00,1,Beijing,XGBoost,42.833333,47.66268,test
2016-10-21 19:00:00,2016-10-21 20:00:00,1,Beijing,XGBoost,39.75,39.66119,test
2016-10-21 20:00:00,2016-10-21 21:00:00,1,Beijing,XGBoost,40.083333,42.31036,test
2016-10-21 21:00:00,2016-10-21 22:00:00,1,Beijing,XGBoost,34.166667,41.988834,test
2016-10-21 22:00:00,2016-10-21 23:00:00,1,Beijing,XGBoost,32.75,32.51823,test
2016-10-21 23:00:00,2016-10-22 00:00:00,1,Beijing,XGBoost,31.5,31.99891,test
2016-10-22 00:00:00,2016-10-22 01:00:00,1,Beijing,XGBoost,29.083333,31.674032,test
2016-10-22 01:00:00,2016-10-22 02:00:00,1,Beijing,XGBoost,27.666667,29.156754,test
2016-10-22 02:00:00,2016-10-22 03:00:00,1,Beijing,XGBoost,25.666667,27.687965,test
2016-10-22 03:00:00,2016-10-22 04:00:00,1,Beijing,XGBoost,22.833333,24.57104,test
2016-10-22 04:00:00,2016-10-22 05:00:00,1,Beijing,XGBoost,19.083333,22.390165,test
2016-10-22 05:00:00,2016-10-22 06:00:00,1,Beijing,XGBoost,16.083333,17.878489,test
2016-10-22 06:00:00,2016-10-22 07:00:00,1,Beijing,XGBoost,16.333333,14.144846,test
2016-10-22 07:00:00,2016-10-22 08:00:00,1,Beijing,XGBoost,11.333333,16.130478,test
2016-10-22 08:00:00,2016-10-22 09:00:00,1,Beijing,XGBoost,9.666667,12.36819,test
2016-10-22 09:00:00,2016-10-22 10:00:00,1,Beijing,XGBoost,10.833333,10.182425,test
2016-10-22 10:00:00,2016-10-22 11:00:00,1,Beijing,XGBoost,8.5,10.760922,test
2016-10-22 11:00:00,2016-10-22 12:00:00,1,Beijing,XGBoost,6.416667,8.408494,test
2016-10-22 12:00:00,2016-10-22 13:00:00,1,Beijing,XGBoost,5.916667,7.1746845,test
2016-10-22 13:00:00,2016-10-22 14:00:00,1,Beijing,XGBoost,7.916667,6.614631,test
2016-10-22 14:00:00,2016-10-22 15:00:00,1,Beijing,XGBoost,9.916667,7.853325,test
2016-10-22 15:00:00,2016-10-22 16:00:00,1,Beijing,XGBoost,7.083333,9.581598,test
2016-10-22 16:00:00,2016-10-22 17:00:00,1,Beijing,XGBoost,10.0,7.624085,test
2016-10-22 17:00:00,2016-10-22 18:00:00,1,Beijing,XGBoost,9.25,11.010957,test
2016-10-22 18:00:00,2016-10-22 19:00:00,1,Beijing,XGBoost,11.0,10.39841,test
2016-10-22 19:00:00,2016-10-22 20:00:00,1,Beijing,XGBoost,13.833333,13.252678,test
2016-10-22 20:00:00,2016-10-22 21:00:00,1,Beijing,XGBoost,14.25,17.59419,test
2016-10-22 21:00:00,2016-10-22 22:00:00,1,Beijing,XGBoost,15.666667,16.488846,test
2016-10-22 22:00:00,2016-10-22 23:00:00,1,Beijing,XGBoost,17.75,15.936332,test
2016-10-22 23:00:00,2016-10-23 00:00:00,1,Beijing,XGBoost,21.5,18.391365,test
2016-10-23 00:00:00,2016-10-23 01:00:00,1,Beijing,XGBoost,21.833333,21.554844,test
2016-10-23 01:00:00,2016-10-23 02:00:00,1,Beijing,XGBoost,21.416667,22.203863,test
2016-10-23 02:00:00,2016-10-23 03:00:00,1,Beijing,XGBoost,23.583333,21.396656,test
2016-10-23 03:00:00,2016-10-23 04:00:00,1,Beijing,XGBoost,26.25,23.269182,test
2016-10-23 04:00:00,2016-10-23 05:00:00,1,Beijing,XGBoost,22.166667,27.11444,test
2016-10-23 05:00:00,2016-10-23 06:00:00,1,Beijing,XGBoost,23.5,21.78842,test
2016-10-23 06:00:00,2016-10-23 07:00:00,1,Beijing,XGBoost,22.416667,23.00793,test
2016-10-23 07:00:00,2016-10-23 08:00:00,1,Beijing,XGBoost,22.833333,23.268377,test
2016-10-23 08:00:00,2016-10-23 09:00:00,1,Beijing,XGBoost,23.416667,24.225847,test
2016-10-23 09:00:00,2016-10-23 10:00:00,1,Beijing,XGBoost,22.0,23.481426,test
2016-10-23 10:00:00,2016-10-23 11:00:00,1,Beijing,XGBoost,21.333333,21.501806,test
2016-10-23 11:00:00,2016-10-23 12:00:00,1,Beijing,XGBoost,21.333333,22.156042,test
2016-10-23 12:00:00,2016-10-23 13:00:00,1,Beijing,XGBoost,21.583333,22.051418,test
2016-10-23 13:00:00,2016-10-23 14:00:00,1,Beijing,XGBoost,23.25,22.569199,test
2016-10-23 14:00:00,2016-10-23 15:00:00,1,Beijing,XGBoost,23.5,25.044302,test
2016-10-23 15:00:00,2016-10-23 16:00:00,1,Beijing,XGBoost,25.0,25.120337,test
2016-10-23 16:00:00,2016-10-23 17:00:00,1,Beijing,XGBoost,26.75,26.295666,test
2016-10-23 17:00:00,2016-10-23 18:00:00,1,Beijing,XGBoost,27.416667,29.878164,test
2016-10-23 18:00:00,2016-10-23 19:00:00,1,Beijing,XGBoost,27.75,30.494213,test
2016-10-23 19:00:00,2016-10-23 20:00:00,1,Beijing,XGBoost,33.083333,32.359024,test
2016-10-23 20:00:00,2016-10-23 21:00:00,1,Beijing,XGBoost,35.416667,39.764103,test
2016-10-23 21:00:00,2016-10-23 22:00:00,1,Beijing,XGBoost,37.333333,39.42473,test
2016-10-23 22:00:00,2016-10-23 23:00:00,1,Beijing,XGBoost,42.166667,38.249485,test
2016-10-23 23:00:00,2016-10-24 00:00:00,1,Beijing,XGBoost,42.25,43.83115,test
2016-10-24 00:00:00,2016-10-24 01:00:00,1,Beijing,XGBoost,45.25,43.198444,test
2016-10-24 01:00:00,2016-10-24 02:00:00,1,Beijing,XGBoost,47.916667,45.592613,test
2016-10-24 02:00:00,2016-10-24 03:00:00,1,Beijing,XGBoost,45.083333,48.04685,test
2016-10-24 03:00:00,2016-10-24 04:00:00,1,Beijing,XGBoost,42.833333,45.73559,test
2016-10-24 04:00:00,2016-10-24 05:00:00,1,Beijing,XGBoost,43.416667,44.14345,test
2016-10-24 05:00:00,2016-10-24 06:00:00,1,Beijing,XGBoost,41.666667,43.24573,test
2016-10-24 06:00:00,2016-10-24 07:00:00,1,Beijing,XGBoost,37.333333,42.15457,test
2016-10-24 07:00:00,2016-10-24 08:00:00,1,Beijing,XGBoost,33.5,37.63468,test
2016-10-24 08:00:00,2016-10-24 09:00:00,1,Beijing,XGBoost,30.5,33.523895,test
2016-10-24 09:00:00,2016-10-24 10:00:00,1,Beijing,XGBoost,34.583333,31.672016,test
2016-10-24 10:00:00,2016-10-24 11:00:00,1,Beijing,XGBoost,42.333333,36.31695,test
2016-10-24 11:00:00,2016-10-24 12:00:00,1,Beijing,XGBoost,49.0,45.51463,test
2016-10-24 12:00:00,2016-10-24 13:00:00,1,Beijing,XGBoost,56.666667,52.73294,test
2016-10-24 13:00:00,2016-10-24 14:00:00,1,Beijing,XGBoost,66.583333,57.526917,test
2016-10-24 14:00:00,2016-10-24 15:00:00,1,Beijing,XGBoost,74.416667,69.56013,test
2016-10-24 15:00:00,2016-10-24 16:00:00,1,Beijing,XGBoost,78.333333,80.09529,test
2016-10-24 16:00:00,2016-10-24 17:00:00,1,Beijing,XGBoost,78.0,81.58338,test
2016-10-24 17:00:00,2016-10-24 18:00:00,1,Beijing,XGBoost,84.583333,81.6005,test
2016-10-24 18:00:00,2016-10-24 19:00:00,1,Beijing,XGBoost,81.916667,87.91328,test
2016-10-24 19:00:00,2016-10-24 20:00:00,1,Beijing,XGBoost,85.5,85.77855,test
2016-10-24 20:00:00,2016-10-24 21:00:00,1,Beijing,XGBoost,93.333333,88.022156,test
2016-10-24 21:00:00,2016-10-24 22:00:00,1,Beijing,XGBoost,95.583333,98.54539,test
2016-10-24 22:00:00,2016-10-24 23:00:00,1,Beijing,XGBoost,92.25,95.10759,test
2016-10-24 23:00:00,2016-10-25 00:00:00,1,Beijing,XGBoost,89.666667,91.00198,test
2016-10-25 00:00:00,2016-10-25 01:00:00,1,Beijing,XGBoost,87.833333,88.16348,test
2016-10-25 01:00:00,2016-10-25 02:00:00,1,Beijing,XGBoost,86.083333,86.280685,test
2016-10-25 02:00:00,2016-10-25 03:00:00,1,Beijing,XGBoost,82.75,86.778175,test
2016-10-25 03:00:00,2016-10-25 04:00:00,1,Beijing,XGBoost,78.916667,81.77564,test
2016-10-25 04:00:00,2016-10-25 05:00:00,1,Beijing,XGBoost,74.916667,76.84857,test
2016-10-25 05:00:00,2016-10-25 06:00:00,1,Beijing,XGBoost,70.5,73.66089,test
2016-10-25 06:00:00,2016-10-25 07:00:00,1,Beijing,XGBoost,63.166667,68.70406,test
2016-10-25 07:00:00,2016-10-25 08:00:00,1,Beijing,XGBoost,62.833333,61.97496,test
2016-10-25 08:00:00,2016-10-25 09:00:00,1,Beijing,XGBoost,65.666667,62.85118,test
2016-10-25 09:00:00,2016-10-25 10:00:00,1,Beijing,XGBoost,76.0,67.61813,test
2016-10-25 10:00:00,2016-10-25 11:00:00,1,Beijing,XGBoost,86.166667,79.60269,test
2016-10-25 11:00:00,2016-10-25 12:00:00,1,Beijing,XGBoost,94.694444,92.99494,test
2016-10-25 12:00:00,2016-10-25 13:00:00,1,Beijing,XGBoost,95.180556,98.99554,test
2016-10-25 13:00:00,2016-10-25 14:00:00,1,Beijing,XGBoost,106.0,98.13912,test
2016-10-25 14:00:00,2016-10-25 15:00:00,1,Beijing,XGBoost,125.833333,110.516045,test
2016-10-25 15:00:00,2016-10-25 16:00:00,1,Beijing,XGBoost,126.75,129.24823,test
2016-10-25 16:00:00,2016-10-25 17:00:00,1,Beijing,XGBoost,106.0,121.69315,test
2016-10-25 17:00:00,2016-10-25 18:00:00,1,Beijing,XGBoost,108.583333,101.25802,test
2016-10-25 18:00:00,2016-10-25 19:00:00,1,Beijing,XGBoost,106.416667,107.6136,test
2016-10-25 19:00:00,2016-10-25 20:00:00,1,Beijing,XGBoost,112.5,107.55987,test
2016-10-25 20:00:00,2016-10-25 21:00:00,1,Beijing,XGBoost,122.833333,117.814896,test
2016-10-25 21:00:00,2016-10-25 22:00:00,1,Beijing,XGBoost,130.666667,127.686356,test
2016-10-25 22:00:00,2016-10-25 23:00:00,1,Beijing,XGBoost,129.166667,135.20526,test
2016-10-25 23:00:00,2016-10-26 00:00:00,1,Beijing,XGBoost,125.083333,131.51802,test
2016-10-26 00:00:00,2016-10-26 01:00:00,1,Beijing,XGBoost,120.5,123.24431,test
2016-10-26 01:00:00,2016-10-26 02:00:00,1,Beijing,XGBoost,113.5,114.66676,test
2016-10-26 02:00:00,2016-10-26 03:00:00,1,Beijing,XGBoost,119.166667,107.24896,test
2016-10-26 03:00:00,2016-10-26 04:00:00,1,Beijing,XGBoost,111.5,114.6533,test
2016-10-26 04:00:00,2016-10-26 05:00:00,1,Beijing,XGBoost,100.666667,109.9394,test
2016-10-26 05:00:00,2016-10-26 06:00:00,1,Beijing,XGBoost,81.916667,87.36512,test
2016-10-26 06:00:00,2016-10-26 07:00:00,1,Beijing,XGBoost,47.75,59.580273,test
2016-10-26 07:00:00,2016-10-26 08:00:00,1,Beijing,XGBoost,21.916667,32.710457,test
2016-10-26 08:00:00,2016-10-26 09:00:00,1,Beijing,XGBoost,12.833333,16.2278,test
2016-10-26 09:00:00,2016-10-26 10:00:00,1,Beijing,XGBoost,13.583333,12.179713,test
2016-10-26 10:00:00,2016-10-26 11:00:00,1,Beijing,XGBoost,14.625,11.373393,test
2016-10-26 11:00:00,2016-10-26 12:00:00,1,Beijing,XGBoost,10.666667,14.067289,test
2016-10-26 12:00:00,2016-10-26 13:00:00,1,Beijing,XGBoost,9.166667,11.249287,test
2016-10-26 13:00:00,2016-10-26 14:00:00,1,Beijing,XGBoost,12.333333,11.87874,test
2016-10-26 14:00:00,2016-10-26 15:00:00,1,Beijing,XGBoost,18.818182,12.559125,test
2016-10-26 15:00:00,2016-10-26 16:00:00,1,Beijing,XGBoost,25.818182,19.472525,test
2016-10-26 16:00:00,2016-10-26 17:00:00,1,Beijing,XGBoost,27.181818,27.5149,test
2016-10-26 17:00:00,2016-10-26 18:00:00,1,Beijing,XGBoost,21.454545,28.937263,test
2016-10-26 18:00:00,2016-10-26 19:00:00,1,Beijing,XGBoost,26.363636,24.03257,test
2016-10-26 19:00:00,2016-10-26 20:00:00,1,Beijing,XGBoost,26.727273,30.274982,test
2016-10-26 20:00:00,2016-10-26 21:00:00,1,Beijing,XGBoost,29.545455,30.354862,test
2016-10-26 21:00:00,2016-10-26 22:00:00,1,Beijing,XGBoost,28.454545,30.759321,test
2016-10-26 22:00:00,2016-10-26 23:00:00,1,Beijing,XGBoost,30.454545,28.769579,test
2016-10-26 23:00:00,2016-10-27 00:00:00,1,Beijing,XGBoost,28.272727,31.237661,test
2016-10-27 00:00:00,2016-10-27 01:00:00,1,Beijing,XGBoost,28.090909,27.62427,test
2016-10-27 01:00:00,2016-10-27 02:00:00,1,Beijing,XGBoost,27.181818,26.862835,test
2016-10-27 02:00:00,2016-10-27 03:00:00,1,Beijing,XGBoost,23.818182,25.443893,test
2016-10-27 03:00:00,2016-10-27 04:00:00,1,Beijing,XGBoost,20.818182,22.540592,test
2016-10-27 04:00:00,2016-10-27 05:00:00,1,Beijing,XGBoost,19.181818,19.86719,test
2016-10-27 05:00:00,2016-10-27 06:00:00,1,Beijing,XGBoost,18.454545,18.425766,test
2016-10-27 06:00:00,2016-10-27 07:00:00,1,Beijing,XGBoost,19.818182,18.088322,test
2016-10-27 07:00:00,2016-10-27 08:00:00,1,Beijing,XGBoost,23.090909,20.638765,test
2016-10-27 08:00:00,2016-10-27 09:00:00,1,Beijing,XGBoost,27.0,25.58323,test
2016-10-27 09:00:00,2016-10-27 10:00:00,1,Beijing,XGBoost,31.363636,29.031034,test
2016-10-27 10:00:00,2016-10-27 11:00:00,1,Beijing,XGBoost,36.818182,32.90628,test
2016-10-27 11:00:00,2016-10-27 12:00:00,1,Beijing,XGBoost,38.363636,38.83164,test
2016-10-27 12:00:00,2016-10-27 13:00:00,1,Beijing,XGBoost,42.80303,38.385334,test
2016-10-27 13:00:00,2016-10-27 14:00:00,1,Beijing,XGBoost,45.787879,44.365097,test
2016-10-27 14:00:00,2016-10-27 15:00:00,1,Beijing,XGBoost,44.318182,44.318485,test
2016-10-27 15:00:00,2016-10-27 16:00:00,1,Beijing,XGBoost,45.666667,44.988903,test
2016-10-27 16:00:00,2016-10-27 17:00:00,1,Beijing,XGBoost,43.560606,46.031002,test
2016-10-27 17:00:00,2016-10-27 18:00:00,1,Beijing,XGBoost,39.416667,44.757652,test
2016-10-27 18:00:00,2016-10-27 19:00:00,1,Beijing,XGBoost,36.194444,41.398365,test
2016-10-27 19:00:00,2016-10-27 20:00:00,1,Beijing,XGBoost,32.055556,37.070927,test
2016-10-27 20:00:00,2016-10-27 21:00:00,1,Beijing,XGBoost,28.333333,35.35217,test
2016-10-27 21:00:00,2016-10-27 22:00:00,1,Beijing,XGBoost,23.909091,29.203806,test
2016-10-27 22:00:00,2016-10-27 23:00:00,1,Beijing,XGBoost,20.636364,23.801546,test
2016-10-27 23:00:00,2016-10-28 00:00:00,1,Beijing,XGBoost,19.090909,21.336527,test
2016-10-28 00:00:00,2016-10-28 01:00:00,1,Beijing,XGBoost,18.272727,18.317081,test
2016-10-28 01:00:00,2016-10-28 02:00:00,1,Beijing,XGBoost,17.727273,18.72941,test
2016-10-28 02:00:00,2016-10-28 03:00:00,1,Beijing,XGBoost,17.0,17.9349,test
2016-10-28 03:00:00,2016-10-28 04:00:00,1,Beijing,XGBoost,18.727273,17.116371,test
2016-10-28 04:00:00,2016-10-28 05:00:00,1,Beijing,XGBoost,13.0,18.731497,test
2016-10-28 05:00:00,2016-10-28 06:00:00,1,Beijing,XGBoost,12.272727,12.9647255,test
2016-10-28 06:00:00,2016-10-28 07:00:00,1,Beijing,XGBoost,9.363636,12.996328,test
2016-10-28 07:00:00,2016-10-28 08:00:00,1,Beijing,XGBoost,12.454545,10.224565,test
2016-10-28 08:00:00,2016-10-28 09:00:00,1,Beijing,XGBoost,7.272727,12.108515,test
2016-10-28 09:00:00,2016-10-28 10:00:00,1,Beijing,XGBoost,9.363636,7.708492,test
2016-10-28 10:00:00,2016-10-28 11:00:00,1,Beijing,XGBoost,6.666667,9.266439,test
2016-10-28 11:00:00,2016-10-28 12:00:00,1,Beijing,XGBoost,6.361111,6.5516047,test
2016-10-28 12:00:00,2016-10-28 13:00:00,1,Beijing,XGBoost,7.555556,6.5853,test
2016-10-28 13:00:00,2016-10-28 14:00:00,1,Beijing,XGBoost,4.833333,7.3620396,test
2016-10-28 14:00:00,2016-10-28 15:00:00,1,Beijing,XGBoost,5.666667,6.210161,test
2016-10-28 15:00:00,2016-10-28 16:00:00,1,Beijing,XGBoost,5.75,6.037082,test
2016-10-28 16:00:00,2016-10-28 17:00:00,1,Beijing,XGBoost,5.666667,6.4263654,test
2016-10-28 17:00:00,2016-10-28 18:00:00,1,Beijing,XGBoost,6.0,6.8910356,test
2016-10-28 18:00:00,2016-10-28 19:00:00,1,Beijing,XGBoost,6.75,8.625113,test
2016-10-28 19:00:00,2016-10-28 20:00:00,1,Beijing,XGBoost,10.916667,10.634029,test
2016-10-28 20:00:00,2016-10-28 21:00:00,1,Beijing,XGBoost,14.75,14.744556,test
2016-10-28 21:00:00,2016-10-28 22:00:00,1,Beijing,XGBoost,16.25,17.15342,test
2016-10-28 22:00:00,2016-10-28 23:00:00,1,Beijing,XGBoost,16.416667,16.691565,test
2016-10-28 23:00:00,2016-10-29 00:00:00,1,Beijing,XGBoost,20.333333,16.791704,test
2016-10-29 00:00:00,2016-10-29 01:00:00,1,Beijing,XGBoost,22.916667,20.886919,test
2016-10-29 01:00:00,2016-10-29 02:00:00,1,Beijing,XGBoost,21.666667,23.457201,test
2016-10-29 02:00:00,2016-10-29 03:00:00,1,Beijing,XGBoost,17.333333,21.795391,test
2016-10-29 03:00:00,2016-10-29 04:00:00,1,Beijing,XGBoost,12.916667,17.394958,test
2016-10-29 04:00:00,2016-10-29 05:00:00,1,Beijing,XGBoost,14.25,12.80306,test
2016-10-29 05:00:00,2016-10-29 06:00:00,1,Beijing,XGBoost,11.916667,14.710567,test
2016-10-29 06:00:00,2016-10-29 07:00:00,1,Beijing,XGBoost,13.5,12.760532,test
2016-10-29 07:00:00,2016-10-29 08:00:00,1,Beijing,XGBoost,13.916667,14.179316,test
2016-10-29 08:00:00,2016-10-29 09:00:00,1,Beijing,XGBoost,15.0,15.74029,test
2016-10-29 09:00:00,2016-10-29 10:00:00,1,Beijing,XGBoost,16.833333,16.86784,test
2016-10-29 10:00:00,2016-10-29 11:00:00,1,Beijing,XGBoost,17.333333,17.839664,test
2016-10-29 11:00:00,2016-10-29 12:00:00,1,Beijing,XGBoost,19.416667,18.418484,test
2016-10-29 12:00:00,2016-10-29 13:00:00,1,Beijing,XGBoost,20.5,18.882359,test
2016-10-29 13:00:00,2016-10-29 14:00:00,1,Beijing,XGBoost,25.0,20.080317,test
2016-10-29 14:00:00,2016-10-29 15:00:00,1,Beijing,XGBoost,24.416667,25.685951,test
2016-10-29 15:00:00,2016-10-29 16:00:00,1,Beijing,XGBoost,26.916667,25.318554,test
2016-10-29 16:00:00,2016-10-29 17:00:00,1,Beijing,XGBoost,25.25,27.039623,test
2016-10-29 17:00:00,2016-10-29 18:00:00,1,Beijing,XGBoost,24.75,25.637924,test
2016-10-29 18:00:00,2016-10-29 19:00:00,1,Beijing,XGBoost,28.166667,26.849041,test
2016-10-29 19:00:00,2016-10-29 20:00:00,1,Beijing,XGBoost,34.833333,31.018295,test
2016-10-29 20:00:00,2016-10-29 21:00:00,1,Beijing,XGBoost,41.666667,38.33028,test
2016-10-29 21:00:00,2016-10-29 22:00:00,1,Beijing,XGBoost,42.083333,49.353268,test
2016-10-29 22:00:00,2016-10-29 23:00:00,1,Beijing,XGBoost,43.833333,45.446964,test
2016-10-29 23:00:00,2016-10-30 00:00:00,1,Beijing,XGBoost,45.5,43.74397,test
2016-10-30 00:00:00,2016-10-30 01:00:00,1,Beijing,XGBoost,48.0,46.001163,test
2016-10-30 01:00:00,2016-10-30 02:00:00,1,Beijing,XGBoost,47.333333,48.948963,test
2016-10-30 02:00:00,2016-10-30 03:00:00,1,Beijing,XGBoost,50.708333,48.418118,test
2016-10-30 03:00:00,2016-10-30 04:00:00,1,Beijing,XGBoost,51.583333,51.197754,test
2016-10-30 04:00:00,2016-10-30 05:00:00,1,Beijing,XGBoost,52.25,53.4069,test
2016-10-30 05:00:00,2016-10-30 06:00:00,1,Beijing,XGBoost,54.5,53.138092,test
2016-10-30 06:00:00,2016-10-30 07:00:00,1,Beijing,XGBoost,58.916667,55.41718,test
2016-10-30 07:00:00,2016-10-30 08:00:00,1,Beijing,XGBoost,60.416667,62.126392,test
2016-10-30 08:00:00,2016-10-30 09:00:00,1,Beijing,XGBoost,63.833333,63.923016,test
2016-10-30 09:00:00,2016-10-30 10:00:00,1,Beijing,XGBoost,72.583333,67.55915,test
2016-10-30 10:00:00,2016-10-30 11:00:00,1,Beijing,XGBoost,74.5,76.79769,test
2016-10-30 11:00:00,2016-10-30 12:00:00,1,Beijing,XGBoost,81.166667,77.73371,test
2016-10-30 12:00:00,2016-10-30 13:00:00,1,Beijing,XGBoost,84.708333,82.92158,test
2016-10-30 13:00:00,2016-10-30 14:00:00,1,Beijing,XGBoost,87.083333,84.61595,test
2016-10-30 14:00:00,2016-10-30 15:00:00,1,Beijing,XGBoost,77.75,87.06336,test
2016-10-30 15:00:00,2016-10-30 16:00:00,1,Beijing,XGBoost,39.083333,67.23271,test
2016-10-30 16:00:00,2016-10-30 17:00:00,1,Beijing,XGBoost,11.416667,31.22572,test
2016-10-30 17:00:00,2016-10-30 18:00:00,1,Beijing,XGBoost,7.25,15.246672,test
2016-10-30 18:00:00,2016-10-30 19:00:00,1,Beijing,XGBoost,7.333333,8.419016,test
2016-10-30 19:00:00,2016-10-30 20:00:00,1,Beijing,XGBoost,6.583333,9.361646,test
2016-10-30 20:00:00,2016-10-30 21:00:00,1,Beijing,XGBoost,6.333333,7.129367,test
2016-10-30 21:00:00,2016-10-30 22:00:00,1,Beijing,XGBoost,6.583333,6.1872034,test
2016-10-30 22:00:00,2016-10-30 23:00:00,1,Beijing,XGBoost,3.666667,5.977831,test
2016-10-30 23:00:00,2016-10-31 00:00:00,1,Beijing,XGBoost,4.333333,5.4788814,test
2016-10-31 00:00:00,2016-10-31 01:00:00,1,Beijing,XGBoost,4.25,5.3097186,test
2016-10-31 01:00:00,2016-10-31 02:00:00,1,Beijing,XGBoost,3.25,5.238493,test
2016-10-31 02:00:00,2016-10-31 03:00:00,1,Beijing,XGBoost,3.666667,5.303619,test
2016-10-31 03:00:00,2016-10-31 04:00:00,1,Beijing,XGBoost,4.0,5.4481254,test
2016-10-31 04:00:00,2016-10-31 05:00:00,1,Beijing,XGBoost,4.0,5.4338875,test
2016-10-31 05:00:00,2016-10-31 06:00:00,1,Beijing,XGBoost,3.5,5.464818,test
2016-10-31 06:00:00,2016-10-31 07:00:00,1,Beijing,XGBoost,3.333333,5.4496274,test
2016-10-31 07:00:00,2016-10-31 08:00:00,1,Beijing,XGBoost,4.0,6.1057615,test
2016-10-31 08:00:00,2016-10-31 09:00:00,1,Beijing,XGBoost,5.583333,6.439869,test
2016-10-31 09:00:00,2016-10-31 10:00:00,1,Beijing,XGBoost,6.166667,6.2672663,test
2016-10-31 10:00:00,2016-10-31 11:00:00,1,Beijing,XGBoost,5.666667,6.2216864,test
2016-10-31 11:00:00,2016-10-31 12:00:00,1,Beijing,XGBoost,7.416667,5.8300657,test
2016-10-31 12:00:00,2016-10-31 13:00:00,1,Beijing,XGBoost,7.479167,6.792355,test
2016-10-31 13:00:00,2016-10-31 14:00:00,1,Beijing,XGBoost,6.041667,7.10474,test
2016-10-31 14:00:00,2016-10-31 15:00:00,1,Beijing,XGBoost,5.6875,6.3168263,test
2016-10-31 15:00:00,2016-10-31 16:00:00,1,Beijing,XGBoost,7.583333,6.137229,test
2016-10-31 16:00:00,2016-10-31 17:00:00,1,Beijing,XGBoost,8.791667,7.5897665,test
2016-10-31 17:00:00,2016-10-31 18:00:00,1,Beijing,XGBoost,9.916667,8.631005,test
2016-10-31 18:00:00,2016-10-31 19:00:00,1,Beijing,XGBoost,11.666667,10.367494,test
2016-10-31 19:00:00,2016-10-31 20:00:00,1,Beijing,XGBoost,15.166667,14.460764,test
2016-10-31 20:00:00,2016-10-31 21:00:00,1,Beijing,XGBoost,19.0,19.442091,test
2016-10-31 21:00:00,2016-10-31 22:00:00,1,Beijing,XGBoost,18.916667,23.496677,test
2016-10-31 22:00:00,2016-10-31 23:00:00,1,Beijing,XGBoost,21.5,18.829462,test
2016-10-31 23:00:00,2016-11-01 00:00:00,1,Beijing,XGBoost,20.416667,21.433489,test
2016-11-01 00:00:00,2016-11-01 01:00:00,1,Beijing,XGBoost,19.916667,20.575869,test
2016-11-01 01:00:00,2016-11-01 02:00:00,1,Beijing,XGBoost,19.583333,19.629557,test
2016-11-01 02:00:00,2016-11-01 03:00:00,1,Beijing,XGBoost,17.166667,18.866993,test
2016-11-01 03:00:00,2016-11-01 04:00:00,1,Beijing,XGBoost,18.0,17.154287,test
2016-11-01 04:00:00,2016-11-01 05:00:00,1,Beijing,XGBoost,17.5,17.733122,test
2016-11-01 05:00:00,2016-11-01 06:00:00,1,Beijing,XGBoost,19.666667,17.38501,test
2016-11-01 06:00:00,2016-11-01 07:00:00,1,Beijing,XGBoost,18.916667,18.943808,test
2016-11-01 07:00:00,2016-11-01 08:00:00,1,Beijing,XGBoost,19.833333,19.216703,test
2016-11-01 08:00:00,2016-11-01 09:00:00,1,Beijing,XGBoost,24.166667,21.539473,test
2016-11-01 09:00:00,2016-11-01 10:00:00,1,Beijing,XGBoost,23.083333,26.84331,test
2016-11-01 10:00:00,2016-11-01 11:00:00,1,Beijing,XGBoost,22.916667,25.421106,test
2016-11-01 11:00:00,2016-11-01 12:00:00,1,Beijing,XGBoost,31.75,23.908598,test
2016-11-01 12:00:00,2016-11-01 13:00:00,1,Beijing,XGBoost,40.0,32.98366,test
2016-11-01 13:00:00,2016-11-01 14:00:00,1,Beijing,XGBoost,47.5,42.924572,test
2016-11-01 14:00:00,2016-11-01 15:00:00,1,Beijing,XGBoost,51.583333,50.96062,test
2016-11-01 15:00:00,2016-11-01 16:00:00,1,Beijing,XGBoost,53.916667,53.320377,test
2016-11-01 16:00:00,2016-11-01 17:00:00,1,Beijing,XGBoost,57.333333,56.820286,test
2016-11-01 17:00:00,2016-11-01 18:00:00,1,Beijing,XGBoost,56.75,61.307842,test
2016-11-01 18:00:00,2016-11-01 19:00:00,1,Beijing,XGBoost,62.583333,63.886402,test
2016-11-01 19:00:00,2016-11-01 20:00:00,1,Beijing,XGBoost,68.333333,70.45949,test
2016-11-01 20:00:00,2016-11-01 21:00:00,1,Beijing,XGBoost,67.583333,76.357506,test
2016-11-01 21:00:00,2016-11-01 22:00:00,1,Beijing,XGBoost,72.0,71.13372,test
2016-11-01 22:00:00,2016-11-01 23:00:00,1,Beijing,XGBoost,76.833333,74.298294,test
2016-11-01 23:00:00,2016-11-02 00:00:00,1,Beijing,XGBoost,81.166667,79.6838,test
2016-11-02 00:00:00,2016-11-02 01:00:00,1,Beijing,XGBoost,85.666667,82.75736,test
2016-11-02 01:00:00,2016-11-02 02:00:00,1,Beijing,XGBoost,87.25,86.53512,test
2016-11-02 02:00:00,2016-11-02 03:00:00,1,Beijing,XGBoost,86.5,87.79034,test
2016-11-02 03:00:00,2016-11-02 04:00:00,1,Beijing,XGBoost,88.833333,85.75404,test
2016-11-02 04:00:00,2016-11-02 05:00:00,1,Beijing,XGBoost,88.583333,87.05594,test
2016-11-02 05:00:00,2016-11-02 06:00:00,1,Beijing,XGBoost,87.0,87.47125,test
2016-11-02 06:00:00,2016-11-02 07:00:00,1,Beijing,XGBoost,85.916667,87.24226,test
2016-11-02 07:00:00,2016-11-02 08:00:00,1,Beijing,XGBoost,81.416667,87.32743,test
2016-11-02 08:00:00,2016-11-02 09:00:00,1,Beijing,XGBoost,81.666667,82.486206,test
2016-11-02 09:00:00,2016-11-02 10:00:00,1,Beijing,XGBoost,88.666667,84.19144,test
2016-11-02 10:00:00,2016-11-02 11:00:00,1,Beijing,XGBoost,87.666667,91.301956,test
2016-11-02 11:00:00,2016-11-02 12:00:00,1,Beijing,XGBoost,91.666667,90.10226,test
2016-11-02 12:00:00,2016-11-02 13:00:00,1,Beijing,XGBoost,99.0,92.48642,test
2016-11-02 13:00:00,2016-11-02 14:00:00,1,Beijing,XGBoost,99.916667,98.966095,test
2016-11-02 14:00:00,2016-11-02 15:00:00,1,Beijing,XGBoost,90.75,95.40726,test
2016-11-02 15:00:00,2016-11-02 16:00:00,1,Beijing,XGBoost,91.0,85.14637,test
2016-11-02 16:00:00,2016-11-02 17:00:00,1,Beijing,XGBoost,93.666667,88.31423,test
2016-11-02 17:00:00,2016-11-02 18:00:00,1,Beijing,XGBoost,99.027778,93.91729,test
2016-11-02 18:00:00,2016-11-02 19:00:00,1,Beijing,XGBoost,105.888889,103.184456,test
2016-11-02 19:00:00,2016-11-02 20:00:00,1,Beijing,XGBoost,114.083333,115.3669,test
2016-11-02 20:00:00,2016-11-02 21:00:00,1,Beijing,XGBoost,135.916667,119.98046,test
2016-11-02 21:00:00,2016-11-02 22:00:00,1,Beijing,XGBoost,143.083333,139.95364,test
2016-11-02 22:00:00,2016-11-02 23:00:00,1,Beijing,XGBoost,144.416667,147.93855,test
2016-11-02 23:00:00,2016-11-03 00:00:00,1,Beijing,XGBoost,144.0,148.15521,test
2016-11-03 00:00:00,2016-11-03 01:00:00,1,Beijing,XGBoost,138.833333,139.91385,test
2016-11-03 01:00:00,2016-11-03 02:00:00,1,Beijing,XGBoost,132.25,132.88115,test
2016-11-03 02:00:00,2016-11-03 03:00:00,1,Beijing,XGBoost,128.416667,126.033424,test
2016-11-03 03:00:00,2016-11-03 04:00:00,1,Beijing,XGBoost,127.666667,126.6933,test
2016-11-03 04:00:00,2016-11-03 05:00:00,1,Beijing,XGBoost,127.666667,128.1652,test
2016-11-03 05:00:00,2016-11-03 06:00:00,1,Beijing,XGBoost,125.666667,128.63252,test
2016-11-03 06:00:00,2016-11-03 07:00:00,1,Beijing,XGBoost,120.083333,123.91388,test
2016-11-03 07:00:00,2016-11-03 08:00:00,1,Beijing,XGBoost,110.25,117.99236,test
2016-11-03 08:00:00,2016-11-03 09:00:00,1,Beijing,XGBoost,104.833333,107.74117,test
2016-11-03 09:00:00,2016-11-03 10:00:00,1,Beijing,XGBoost,103.166667,106.36912,test
2016-11-03 10:00:00,2016-11-03 11:00:00,1,Beijing,XGBoost,120.166667,103.82753,test
2016-11-03 11:00:00,2016-11-03 12:00:00,1,Beijing,XGBoost,148.583333,125.6999,test
2016-11-03 12:00:00,2016-11-03 13:00:00,1,Beijing,XGBoost,175.583333,156.86955,test
2016-11-03 13:00:00,2016-11-03 14:00:00,1,Beijing,XGBoost,193.25,186.80025,test
2016-11-03 14:00:00,2016-11-03 15:00:00,1,Beijing,XGBoost,224.75,204.48943,test
2016-11-03 15:00:00,2016-11-03 16:00:00,1,Beijing,XGBoost,265.416667,229.52156,test
2016-11-03 16:00:00,2016-11-03 17:00:00,1,Beijing,XGBoost,251.416667,269.29733,test
2016-11-03 17:00:00,2016-11-03 18:00:00,1,Beijing,XGBoost,243.597222,259.15836,test
2016-11-03 18:00:00,2016-11-03 19:00:00,1,Beijing,XGBoost,253.277778,247.23737,test
2016-11-03 19:00:00,2016-11-03 20:00:00,1,Beijing,XGBoost,262.375,259.5986,test
2016-11-03 20:00:00,2016-11-03 21:00:00,1,Beijing,XGBoost,264.972222,266.28137,test
2016-11-03 21:00:00,2016-11-03 22:00:00,1,Beijing,XGBoost,261.902778,270.8508,test
2016-11-03 22:00:00,2016-11-03 23:00:00,1,Beijing,XGBoost,248.583333,261.98727,test
2016-11-03 23:00:00,2016-11-04 00:00:00,1,Beijing,XGBoost,240.666667,241.63962,test
2016-11-04 00:00:00,2016-11-04 01:00:00,1,Beijing,XGBoost,239.25,233.80229,test
2016-11-04 01:00:00,2016-11-04 02:00:00,1,Beijing,XGBoost,235.333333,230.9977,test
2016-11-04 02:00:00,2016-11-04 03:00:00,1,Beijing,XGBoost,221.833333,231.97508,test
2016-11-04 03:00:00,2016-11-04 04:00:00,1,Beijing,XGBoost,216.416667,216.30289,test
2016-11-04 04:00:00,2016-11-04 05:00:00,1,Beijing,XGBoost,210.583333,208.79054,test
2016-11-04 05:00:00,2016-11-04 06:00:00,1,Beijing,XGBoost,205.583333,206.8278,test
2016-11-04 06:00:00,2016-11-04 07:00:00,1,Beijing,XGBoost,203.416667,201.52426,test
2016-11-04 07:00:00,2016-11-04 08:00:00,1,Beijing,XGBoost,197.0,199.11676,test
2016-11-04 08:00:00,2016-11-04 09:00:00,1,Beijing,XGBoost,190.75,196.98903,test
2016-11-04 09:00:00,2016-11-04 10:00:00,1,Beijing,XGBoost,198.333333,194.33656,test
2016-11-04 10:00:00,2016-11-04 11:00:00,1,Beijing,XGBoost,237.0,199.13072,test
2016-11-04 11:00:00,2016-11-04 12:00:00,1,Beijing,XGBoost,270.166667,245.8003,test
2016-11-04 12:00:00,2016-11-04 13:00:00,1,Beijing,XGBoost,286.472727,266.63785,test
2016-11-04 13:00:00,2016-11-04 14:00:00,1,Beijing,XGBoost,301.763636,287.59,test
2016-11-04 14:00:00,2016-11-04 15:00:00,1,Beijing,XGBoost,307.795455,308.18405,test
2016-11-04 15:00:00,2016-11-04 16:00:00,1,Beijing,XGBoost,307.031818,308.31104,test
2016-11-04 16:00:00,2016-11-04 17:00:00,1,Beijing,XGBoost,289.995455,266.9799,test
2016-11-04 17:00:00,2016-11-04 18:00:00,1,Beijing,XGBoost,268.122727,299.40317,test
2016-11-04 18:00:00,2016-11-04 19:00:00,1,Beijing,XGBoost,254.454545,274.63345,test
2016-11-04 19:00:00,2016-11-04 20:00:00,1,Beijing,XGBoost,242.545455,258.2301,test
2016-11-04 20:00:00,2016-11-04 21:00:00,1,Beijing,XGBoost,228.909091,237.48999,test
2016-11-04 21:00:00,2016-11-04 22:00:00,1,Beijing,XGBoost,225.083333,225.687,test
2016-11-04 22:00:00,2016-11-04 23:00:00,1,Beijing,XGBoost,214.166667,215.65309,test
2016-11-04 23:00:00,2016-11-05 00:00:00,1,Beijing,XGBoost,200.916667,205.81737,test
2016-11-05 00:00:00,2016-11-05 01:00:00,1,Beijing,XGBoost,207.083333,188.46307,test
2016-11-05 01:00:00,2016-11-05 02:00:00,1,Beijing,XGBoost,209.583333,197.7895,test
2016-11-05 02:00:00,2016-11-05 03:00:00,1,Beijing,XGBoost,202.666667,209.86293,test
2016-11-05 03:00:00,2016-11-05 04:00:00,1,Beijing,XGBoost,189.916667,196.65233,test
2016-11-05 04:00:00,2016-11-05 05:00:00,1,Beijing,XGBoost,176.833333,182.09889,test
2016-11-05 05:00:00,2016-11-05 06:00:00,1,Beijing,XGBoost,161.083333,162.79254,test
2016-11-05 06:00:00,2016-11-05 07:00:00,1,Beijing,XGBoost,151.833333,148.22862,test
2016-11-05 07:00:00,2016-11-05 08:00:00,1,Beijing,XGBoost,141.75,146.61043,test
2016-11-05 08:00:00,2016-11-05 09:00:00,1,Beijing,XGBoost,141.75,132.30261,test
2016-11-05 09:00:00,2016-11-05 10:00:00,1,Beijing,XGBoost,162.25,135.83583,test
2016-11-05 10:00:00,2016-11-05 11:00:00,1,Beijing,XGBoost,200.166667,168.85677,test
2016-11-05 11:00:00,2016-11-05 12:00:00,1,Beijing,XGBoost,206.5,209.68549,test
2016-11-05 12:00:00,2016-11-05 13:00:00,1,Beijing,XGBoost,177.25,189.5527,test
2016-11-05 13:00:00,2016-11-05 14:00:00,1,Beijing,XGBoost,195.166667,149.53708,test
2016-11-05 14:00:00,2016-11-05 15:00:00,1,Beijing,XGBoost,187.833333,184.87277,test
2016-11-05 15:00:00,2016-11-05 16:00:00,1,Beijing,XGBoost,196.75,189.77026,test
2016-11-05 16:00:00,2016-11-05 17:00:00,1,Beijing,XGBoost,198.916667,198.30289,test
2016-11-05 17:00:00,2016-11-05 18:00:00,1,Beijing,XGBoost,199.25,203.2766,test
2016-11-05 18:00:00,2016-11-05 19:00:00,1,Beijing,XGBoost,200.083333,197.53659,test
2016-11-05 19:00:00,2016-11-05 20:00:00,1,Beijing,XGBoost,200.0,197.52972,test
2016-11-05 20:00:00,2016-11-05 21:00:00,1,Beijing,XGBoost,184.666667,195.1366,test
2016-11-05 21:00:00,2016-11-05 22:00:00,1,Beijing,XGBoost,150.833333,168.5161,test
2016-11-05 22:00:00,2016-11-05 23:00:00,1,Beijing,XGBoost,147.25,131.1311,test
2016-11-05 23:00:00,2016-11-06 00:00:00,1,Beijing,XGBoost,131.333333,136.03764,test
2016-11-06 00:00:00,2016-11-06 01:00:00,1,Beijing,XGBoost,129.916667,122.127464,test
2016-11-06 01:00:00,2016-11-06 02:00:00,1,Beijing,XGBoost,132.083333,119.87434,test
2016-11-06 02:00:00,2016-11-06 03:00:00,1,Beijing,XGBoost,118.416667,130.86124,test
2016-11-06 03:00:00,2016-11-06 04:00:00,1,Beijing,XGBoost,101.666667,111.94836,test
2016-11-06 04:00:00,2016-11-06 05:00:00,1,Beijing,XGBoost,89.416667,82.49498,test
2016-11-06 05:00:00,2016-11-06 06:00:00,1,Beijing,XGBoost,77.083333,73.32254,test
2016-11-06 06:00:00,2016-11-06 07:00:00,1,Beijing,XGBoost,64.083333,63.078053,test
2016-11-06 07:00:00,2016-11-06 08:00:00,1,Beijing,XGBoost,56.666667,53.956135,test
2016-11-06 08:00:00,2016-11-06 09:00:00,1,Beijing,XGBoost,52.0,46.624264,test
2016-11-06 09:00:00,2016-11-06 10:00:00,1,Beijing,XGBoost,49.916667,46.298973,test
2016-11-06 10:00:00,2016-11-06 11:00:00,1,Beijing,XGBoost,49.666667,44.84079,test
2016-11-06 11:00:00,2016-11-06 12:00:00,1,Beijing,XGBoost,50.166667,46.099297,test
2016-11-06 12:00:00,2016-11-06 13:00:00,1,Beijing,XGBoost,49.583333,46.695045,test
2016-11-06 13:00:00,2016-11-06 14:00:00,1,Beijing,XGBoost,48.25,48.254173,test
2016-11-06 14:00:00,2016-11-06 15:00:00,1,Beijing,XGBoost,45.166667,46.139008,test
2016-11-06 15:00:00,2016-11-06 16:00:00,1,Beijing,XGBoost,45.416667,44.39289,test
2016-11-06 16:00:00,2016-11-06 17:00:00,1,Beijing,XGBoost,44.916667,47.580418,test
2016-11-06 17:00:00,2016-11-06 18:00:00,1,Beijing,XGBoost,46.0,49.90838,test
2016-11-06 18:00:00,2016-11-06 19:00:00,1,Beijing,XGBoost,54.666667,51.286236,test
2016-11-06 19:00:00,2016-11-06 20:00:00,1,Beijing,XGBoost,63.75,62.39302,test
2016-11-06 20:00:00,2016-11-06 21:00:00,1,Beijing,XGBoost,78.916667,70.418755,test
2016-11-06 21:00:00,2016-11-06 22:00:00,1,Beijing,XGBoost,86.666667,83.9447,test
2016-11-06 22:00:00,2016-11-06 23:00:00,1,Beijing,XGBoost,91.25,91.74662,test
2016-11-06 23:00:00,2016-11-07 00:00:00,1,Beijing,XGBoost,98.0,95.49798,test
2016-11-07 00:00:00,2016-11-07 01:00:00,1,Beijing,XGBoost,105.166667,99.06194,test
2016-11-07 01:00:00,2016-11-07 02:00:00,1,Beijing,XGBoost,95.25,106.72532,test
2016-11-07 02:00:00,2016-11-07 03:00:00,1,Beijing,XGBoost,89.666667,92.7056,test
2016-11-07 03:00:00,2016-11-07 04:00:00,1,Beijing,XGBoost,82.333333,83.36248,test
2016-11-07 04:00:00,2016-11-07 05:00:00,1,Beijing,XGBoost,75.833333,77.47087,test
2016-11-07 05:00:00,2016-11-07 06:00:00,1,Beijing,XGBoost,73.75,71.5392,test
2016-11-07 06:00:00,2016-11-07 07:00:00,1,Beijing,XGBoost,69.5,73.15473,test
2016-11-07 07:00:00,2016-11-07 08:00:00,1,Beijing,XGBoost,67.416667,65.31159,test
2016-11-07 08:00:00,2016-11-07 09:00:00,1,Beijing,XGBoost,63.25,67.45989,test
2016-11-07 09:00:00,2016-11-07 10:00:00,1,Beijing,XGBoost,58.916667,58.834026,test
2016-11-07 10:00:00,2016-11-07 11:00:00,1,Beijing,XGBoost,39.666667,50.918713,test
2016-11-07 11:00:00,2016-11-07 12:00:00,1,Beijing,XGBoost,19.0,30.587524,test
2016-11-07 12:00:00,2016-11-07 13:00:00,1,Beijing,XGBoost,12.25,11.761615,test
2016-11-07 13:00:00,2016-11-07 14:00:00,1,Beijing,XGBoost,8.583333,11.513124,test
2016-11-07 14:00:00,2016-11-07 15:00:00,1,Beijing,XGBoost,7.666667,9.863385,test
2016-11-07 15:00:00,2016-11-07 16:00:00,1,Beijing,XGBoost,7.333333,8.5184765,test
2016-11-07 16:00:00,2016-11-07 17:00:00,1,Beijing,XGBoost,8.5,7.665836,test
2016-11-07 17:00:00,2016-11-07 18:00:00,1,Beijing,XGBoost,6.583333,8.813599,test
2016-11-07 18:00:00,2016-11-07 19:00:00,1,Beijing,XGBoost,8.166667,7.7287955,test
2016-11-07 19:00:00,2016-11-07 20:00:00,1,Beijing,XGBoost,10.166667,10.804164,test
2016-11-07 20:00:00,2016-11-07 21:00:00,1,Beijing,XGBoost,12.333333,9.392049,test
2016-11-07 21:00:00,2016-11-07 22:00:00,1,Beijing,XGBoost,11.0,11.180816,test
2016-11-07 22:00:00,2016-11-07 23:00:00,1,Beijing,XGBoost,9.583333,10.344006,test
2016-11-07 23:00:00,2016-11-08 00:00:00,1,Beijing,XGBoost,9.5,10.417992,test
2016-11-08 00:00:00,2016-11-08 01:00:00,1,Beijing,XGBoost,11.166667,10.323958,test
2016-11-08 01:00:00,2016-11-08 02:00:00,1,Beijing,XGBoost,14.333333,11.13943,test
2016-11-08 02:00:00,2016-11-08 03:00:00,1,Beijing,XGBoost,11.583333,14.738778,test
2016-11-08 03:00:00,2016-11-08 04:00:00,1,Beijing,XGBoost,11.333333,12.593587,test
2016-11-08 04:00:00,2016-11-08 05:00:00,1,Beijing,XGBoost,12.916667,12.029025,test
2016-11-08 05:00:00,2016-11-08 06:00:00,1,Beijing,XGBoost,12.833333,13.163915,test
2016-11-08 06:00:00,2016-11-08 07:00:00,1,Beijing,XGBoost,13.666667,13.163915,test
2016-11-08 07:00:00,2016-11-08 08:00:00,1,Beijing,XGBoost,17.75,14.700133,test
2016-11-08 08:00:00,2016-11-08 09:00:00,1,Beijing,XGBoost,20.0,20.235422,test
2016-11-08 09:00:00,2016-11-08 10:00:00,1,Beijing,XGBoost,23.833333,22.578655,test
2016-11-08 10:00:00,2016-11-08 11:00:00,1,Beijing,XGBoost,23.25,23.763966,test
2016-11-08 11:00:00,2016-11-08 12:00:00,1,Beijing,XGBoost,23.5,24.102715,test
2016-11-08 12:00:00,2016-11-08 13:00:00,1,Beijing,XGBoost,24.208333,23.06791,test
2016-11-08 13:00:00,2016-11-08 14:00:00,1,Beijing,XGBoost,25.25,23.958012,test
2016-11-08 14:00:00,2016-11-08 15:00:00,1,Beijing,XGBoost,30.083333,25.10861,test
2016-11-08 15:00:00,2016-11-08 16:00:00,1,Beijing,XGBoost,34.0,30.598986,test
2016-11-08 16:00:00,2016-11-08 17:00:00,1,Beijing,XGBoost,37.611111,35.88816,test
2016-11-08 17:00:00,2016-11-08 18:00:00,1,Beijing,XGBoost,53.138889,41.153694,test
2016-11-08 18:00:00,2016-11-08 19:00:00,1,Beijing,XGBoost,58.25,60.602642,test
2016-11-08 19:00:00,2016-11-08 20:00:00,1,Beijing,XGBoost,63.166667,67.9873,test
2016-11-08 20:00:00,2016-11-08 21:00:00,1,Beijing,XGBoost,72.333333,72.127686,test
2016-11-08 21:00:00,2016-11-08 22:00:00,1,Beijing,XGBoost,79.166667,76.332115,test
2016-11-08 22:00:00,2016-11-08 23:00:00,1,Beijing,XGBoost,82.833333,81.056656,test
2016-11-08 23:00:00,2016-11-09 00:00:00,1,Beijing,XGBoost,85.583333,84.758995,test
2016-11-09 00:00:00,2016-11-09 01:00:00,1,Beijing,XGBoost,84.25,86.57746,test
2016-11-09 01:00:00,2016-11-09 02:00:00,1,Beijing,XGBoost,83.333333,83.261246,test
2016-11-09 02:00:00,2016-11-09 03:00:00,1,Beijing,XGBoost,85.75,79.98315,test
2016-11-09 03:00:00,2016-11-09 04:00:00,1,Beijing,XGBoost,89.666667,84.0118,test
2016-11-09 04:00:00,2016-11-09 05:00:00,1,Beijing,XGBoost,90.75,89.39955,test
2016-11-09 05:00:00,2016-11-09 06:00:00,1,Beijing,XGBoost,89.0,90.93481,test
2016-11-09 06:00:00,2016-11-09 07:00:00,1,Beijing,XGBoost,91.916667,88.66338,test
2016-11-09 07:00:00,2016-11-09 08:00:00,1,Beijing,XGBoost,98.25,92.69859,test
2016-11-09 08:00:00,2016-11-09 09:00:00,1,Beijing,XGBoost,105.416667,99.80076,test
2016-11-09 09:00:00,2016-11-09 10:00:00,1,Beijing,XGBoost,115.416667,111.02197,test
2016-11-09 10:00:00,2016-11-09 11:00:00,1,Beijing,XGBoost,129.75,119.51596,test
2016-11-09 11:00:00,2016-11-09 12:00:00,1,Beijing,XGBoost,145.75,138.00989,test
2016-11-09 12:00:00,2016-11-09 13:00:00,1,Beijing,XGBoost,164.75,153.89966,test
2016-11-09 13:00:00,2016-11-09 14:00:00,1,Beijing,XGBoost,177.083333,167.08824,test
2016-11-09 14:00:00,2016-11-09 15:00:00,1,Beijing,XGBoost,181.083333,185.66455,test
2016-11-09 15:00:00,2016-11-09 16:00:00,1,Beijing,XGBoost,189.5,186.7564,test
2016-11-09 16:00:00,2016-11-09 17:00:00,1,Beijing,XGBoost,195.75,202.1865,test
2016-11-09 17:00:00,2016-11-09 18:00:00,1,Beijing,XGBoost,198.472222,203.86296,test
2016-11-09 18:00:00,2016-11-09 19:00:00,1,Beijing,XGBoost,200.944444,199.62283,test
2016-11-09 19:00:00,2016-11-09 20:00:00,1,Beijing,XGBoost,190.416667,209.07599,test
2016-11-09 20:00:00,2016-11-09 21:00:00,1,Beijing,XGBoost,200.416667,191.65373,test
2016-11-09 21:00:00,2016-11-09 22:00:00,1,Beijing,XGBoost,208.833333,206.8105,test
2016-11-09 22:00:00,2016-11-09 23:00:00,1,Beijing,XGBoost,215.833333,208.89778,test
2016-11-09 23:00:00,2016-11-10 00:00:00,1,Beijing,XGBoost,224.333333,216.1996,test
2016-11-10 00:00:00,2016-11-10 01:00:00,1,Beijing,XGBoost,232.416667,225.57124,test
2016-11-10 01:00:00,2016-11-10 02:00:00,1,Beijing,XGBoost,221.25,228.9751,test
2016-11-10 02:00:00,2016-11-10 03:00:00,1,Beijing,XGBoost,209.833333,216.36836,test
2016-11-10 03:00:00,2016-11-10 04:00:00,1,Beijing,XGBoost,192.25,206.4001,test
2016-11-10 04:00:00,2016-11-10 05:00:00,1,Beijing,XGBoost,178.083333,182.8669,test
2016-11-10 05:00:00,2016-11-10 06:00:00,1,Beijing,XGBoost,166.416667,165.71265,test
2016-11-10 06:00:00,2016-11-10 07:00:00,1,Beijing,XGBoost,161.25,152.37955,test
2016-11-10 07:00:00,2016-11-10 08:00:00,1,Beijing,XGBoost,159.916667,160.1503,test
2016-11-10 08:00:00,2016-11-10 09:00:00,1,Beijing,XGBoost,155.583333,161.7452,test
2016-11-10 09:00:00,2016-11-10 10:00:00,1,Beijing,XGBoost,158.833333,156.38007,test
2016-11-10 10:00:00,2016-11-10 11:00:00,1,Beijing,XGBoost,163.0,160.0091,test
2016-11-10 11:00:00,2016-11-10 12:00:00,1,Beijing,XGBoost,182.25,168.65396,test
2016-11-10 12:00:00,2016-11-10 13:00:00,1,Beijing,XGBoost,178.25,182.11089,test
2016-11-10 13:00:00,2016-11-10 14:00:00,1,Beijing,XGBoost,187.75,178.11534,test
2016-11-10 14:00:00,2016-11-10 15:00:00,1,Beijing,XGBoost,186.416667,186.10602,test
2016-11-10 15:00:00,2016-11-10 16:00:00,1,Beijing,XGBoost,160.708333,186.62581,test
2016-11-10 16:00:00,2016-11-10 17:00:00,1,Beijing,XGBoost,135.25,138.60138,test
2016-11-10 17:00:00,2016-11-10 18:00:00,1,Beijing,XGBoost,107.0,115.06526,test
2016-11-10 18:00:00,2016-11-10 19:00:00,1,Beijing,XGBoost,133.25,95.16431,test
2016-11-10 19:00:00,2016-11-10 20:00:00,1,Beijing,XGBoost,169.583333,139.61768,test
2016-11-10 20:00:00,2016-11-10 21:00:00,1,Beijing,XGBoost,130.25,174.56573,test
2016-11-10 21:00:00,2016-11-10 22:00:00,1,Beijing,XGBoost,69.75,132.8388,test
2016-11-10 22:00:00,2016-11-10 23:00:00,1,Beijing,XGBoost,54.083333,53.825687,test
2016-11-10 23:00:00,2016-11-11 00:00:00,1,Beijing,XGBoost,48.583333,48.349934,test
2016-11-11 00:00:00,2016-11-11 01:00:00,1,Beijing,XGBoost,45.5,40.85471,test
2016-11-11 01:00:00,2016-11-11 02:00:00,1,Beijing,XGBoost,41.75,45.05628,test
2016-11-11 02:00:00,2016-11-11 03:00:00,1,Beijing,XGBoost,57.666667,42.996296,test
2016-11-11 03:00:00,2016-11-11 04:00:00,1,Beijing,XGBoost,73.25,60.306065,test
2016-11-11 04:00:00,2016-11-11 05:00:00,1,Beijing,XGBoost,90.5,80.21661,test
2016-11-11 05:00:00,2016-11-11 06:00:00,1,Beijing,XGBoost,100.0,94.91275,test
2016-11-11 06:00:00,2016-11-11 07:00:00,1,Beijing,XGBoost,99.833333,104.193886,test
2016-11-11 07:00:00,2016-11-11 08:00:00,1,Beijing,XGBoost,103.666667,103.66602,test
2016-11-11 08:00:00,2016-11-11 09:00:00,1,Beijing,XGBoost,115.833333,108.44941,test
2016-11-11 09:00:00,2016-11-11 10:00:00,1,Beijing,XGBoost,116.583333,123.57354,test
2016-11-11 10:00:00,2016-11-11 11:00:00,1,Beijing,XGBoost,114.166667,120.77566,test
2016-11-11 11:00:00,2016-11-11 12:00:00,1,Beijing,XGBoost,107.0,113.210014,test
2016-11-11 12:00:00,2016-11-11 13:00:00,1,Beijing,XGBoost,99.583333,100.45637,test
2016-11-11 13:00:00,2016-11-11 14:00:00,1,Beijing,XGBoost,88.25,94.0084,test
2016-11-11 14:00:00,2016-11-11 15:00:00,1,Beijing,XGBoost,68.833333,81.82129,test
2016-11-11 15:00:00,2016-11-11 16:00:00,1,Beijing,XGBoost,58.0,60.555767,test
2016-11-11 16:00:00,2016-11-11 17:00:00,1,Beijing,XGBoost,53.083333,55.497547,test
2016-11-11 17:00:00,2016-11-11 18:00:00,1,Beijing,XGBoost,52.083333,56.311596,test
2016-11-11 18:00:00,2016-11-11 19:00:00,1,Beijing,XGBoost,51.166667,58.05659,test
2016-11-11 19:00:00,2016-11-11 20:00:00,1,Beijing,XGBoost,62.583333,59.089905,test
2016-11-11 20:00:00,2016-11-11 21:00:00,1,Beijing,XGBoost,68.5,70.44135,test
2016-11-11 21:00:00,2016-11-11 22:00:00,1,Beijing,XGBoost,67.25,74.98198,test
2016-11-11 22:00:00,2016-11-11 23:00:00,1,Beijing,XGBoost,69.5,70.27537,test
2016-11-11 23:00:00,2016-11-12 00:00:00,1,Beijing,XGBoost,72.583333,69.75281,test
2016-11-12 00:00:00,2016-11-12 01:00:00,1,Beijing,XGBoost,68.5,73.386215,test
2016-11-12 01:00:00,2016-11-12 02:00:00,1,Beijing,XGBoost,70.083333,67.3296,test
2016-11-12 02:00:00,2016-11-12 03:00:00,1,Beijing,XGBoost,70.416667,69.7111,test
2016-11-12 03:00:00,2016-11-12 04:00:00,1,Beijing,XGBoost,70.333333,70.375336,test
2016-11-12 04:00:00,2016-11-12 05:00:00,1,Beijing,XGBoost,64.25,68.519646,test
2016-11-12 05:00:00,2016-11-12 06:00:00,1,Beijing,XGBoost,65.25,59.5297,test
2016-11-12 06:00:00,2016-11-12 07:00:00,1,Beijing,XGBoost,63.583333,62.62822,test
2016-11-12 07:00:00,2016-11-12 08:00:00,1,Beijing,XGBoost,63.166667,63.79529,test
2016-11-12 08:00:00,2016-11-12 09:00:00,1,Beijing,XGBoost,61.75,65.19486,test
2016-11-12 09:00:00,2016-11-12 10:00:00,1,Beijing,XGBoost,57.75,65.63032,test
2016-11-12 10:00:00,2016-11-12 11:00:00,1,Beijing,XGBoost,49.416667,58.91261,test
2016-11-12 11:00:00,2016-11-12 12:00:00,1,Beijing,XGBoost,55.916667,48.173866,test
2016-11-12 12:00:00,2016-11-12 13:00:00,1,Beijing,XGBoost,62.0,53.704998,test
2016-11-12 13:00:00,2016-11-12 14:00:00,1,Beijing,XGBoost,74.583333,63.61259,test
2016-11-12 14:00:00,2016-11-12 15:00:00,1,Beijing,XGBoost,77.416667,77.98272,test
2016-11-12 15:00:00,2016-11-12 16:00:00,1,Beijing,XGBoost,81.0,77.03192,test
2016-11-12 16:00:00,2016-11-12 17:00:00,1,Beijing,XGBoost,86.75,83.21341,test
2016-11-12 17:00:00,2016-11-12 18:00:00,1,Beijing,XGBoost,90.25,92.07067,test
2016-11-12 18:00:00,2016-11-12 19:00:00,1,Beijing,XGBoost,96.583333,95.07982,test
2016-11-12 19:00:00,2016-11-12 20:00:00,1,Beijing,XGBoost,104.083333,98.74414,test
2016-11-12 20:00:00,2016-11-12 21:00:00,1,Beijing,XGBoost,103.916667,111.23119,test
2016-11-12 21:00:00,2016-11-12 22:00:00,1,Beijing,XGBoost,102.916667,105.87121,test
2016-11-12 22:00:00,2016-11-12 23:00:00,1,Beijing,XGBoost,88.166667,97.24471,test
2016-11-12 23:00:00,2016-11-13 00:00:00,1,Beijing,XGBoost,65.666667,79.07477,test
2016-11-13 00:00:00,2016-11-13 01:00:00,1,Beijing,XGBoost,54.916667,52.18956,test
2016-11-13 01:00:00,2016-11-13 02:00:00,1,Beijing,XGBoost,51.583333,45.736225,test
2016-11-13 02:00:00,2016-11-13 03:00:00,1,Beijing,XGBoost,49.916667,44.44105,test
2016-11-13 03:00:00,2016-11-13 04:00:00,1,Beijing,XGBoost,47.416667,48.201984,test
2016-11-13 04:00:00,2016-11-13 05:00:00,1,Beijing,XGBoost,49.0,46.587196,test
2016-11-13 05:00:00,2016-11-13 06:00:00,1,Beijing,XGBoost,52.166667,46.91686,test
2016-11-13 06:00:00,2016-11-13 07:00:00,1,Beijing,XGBoost,53.5,51.47211,test
2016-11-13 07:00:00,2016-11-13 08:00:00,1,Beijing,XGBoost,56.833333,53.691555,test
2016-11-13 08:00:00,2016-11-13 09:00:00,1,Beijing,XGBoost,59.583333,60.768066,test
2016-11-13 09:00:00,2016-11-13 10:00:00,1,Beijing,XGBoost,63.333333,64.6428,test
2016-11-13 10:00:00,2016-11-13 11:00:00,1,Beijing,XGBoost,69.0,67.12337,test
2016-11-13 11:00:00,2016-11-13 12:00:00,1,Beijing,XGBoost,78.083333,71.60683,test
2016-11-13 12:00:00,2016-11-13 13:00:00,1,Beijing,XGBoost,89.5,81.957924,test
2016-11-13 13:00:00,2016-11-13 14:00:00,1,Beijing,XGBoost,98.166667,97.18767,test
2016-11-13 14:00:00,2016-11-13 15:00:00,1,Beijing,XGBoost,108.166667,103.16935,test
2016-11-13 15:00:00,2016-11-13 16:00:00,1,Beijing,XGBoost,115.916667,114.04032,test
2016-11-13 16:00:00,2016-11-13 17:00:00,1,Beijing,XGBoost,124.083333,122.69772,test
2016-11-13 17:00:00,2016-11-13 18:00:00,1,Beijing,XGBoost,132.25,131.38573,test
2016-11-13 18:00:00,2016-11-13 19:00:00,1,Beijing,XGBoost,137.75,141.91618,test
2016-11-13 19:00:00,2016-11-13 20:00:00,1,Beijing,XGBoost,143.833333,144.78403,test
2016-11-13 20:00:00,2016-11-13 21:00:00,1,Beijing,XGBoost,146.5,150.86719,test
2016-11-13 21:00:00,2016-11-13 22:00:00,1,Beijing,XGBoost,153.333333,153.94008,test
2016-11-13 22:00:00,2016-11-13 23:00:00,1,Beijing,XGBoost,162.083333,152.17288,test
2016-11-13 23:00:00,2016-11-14 00:00:00,1,Beijing,XGBoost,159.25,166.77281,test
2016-11-14 00:00:00,2016-11-14 01:00:00,1,Beijing,XGBoost,155.333333,160.13507,test
2016-11-14 01:00:00,2016-11-14 02:00:00,1,Beijing,XGBoost,146.166667,151.5929,test
2016-11-14 02:00:00,2016-11-14 03:00:00,1,Beijing,XGBoost,141.416667,139.63385,test
2016-11-14 03:00:00,2016-11-14 04:00:00,1,Beijing,XGBoost,133.25,127.97214,test
2016-11-14 04:00:00,2016-11-14 05:00:00,1,Beijing,XGBoost,127.833333,123.216484,test
2016-11-14 05:00:00,2016-11-14 06:00:00,1,Beijing,XGBoost,94.0,117.71691,test
2016-11-14 06:00:00,2016-11-14 07:00:00,1,Beijing,XGBoost,49.333333,62.40991,test
2016-11-14 07:00:00,2016-11-14 08:00:00,1,Beijing,XGBoost,23.833333,33.072414,test
2016-11-14 08:00:00,2016-11-14 09:00:00,1,Beijing,XGBoost,13.333333,12.313966,test
2016-11-14 09:00:00,2016-11-14 10:00:00,1,Beijing,XGBoost,12.083333,11.352803,test
2016-11-14 10:00:00,2016-11-14 11:00:00,1,Beijing,XGBoost,9.916667,11.365554,test
2016-11-14 11:00:00,2016-11-14 12:00:00,1,Beijing,XGBoost,8.25,8.948102,test
2016-11-14 12:00:00,2016-11-14 13:00:00,1,Beijing,XGBoost,9.333333,7.696583,test
2016-11-14 13:00:00,2016-11-14 14:00:00,1,Beijing,XGBoost,7.166667,8.638569,test
2016-11-14 14:00:00,2016-11-14 15:00:00,1,Beijing,XGBoost,9.75,6.650184,test
2016-11-14 15:00:00,2016-11-14 16:00:00,1,Beijing,XGBoost,6.333333,8.991192,test
2016-11-14 16:00:00,2016-11-14 17:00:00,1,Beijing,XGBoost,6.916667,6.3675203,test
2016-11-14 17:00:00,2016-11-14 18:00:00,1,Beijing,XGBoost,6.083333,7.3868866,test
2016-11-14 18:00:00,2016-11-14 19:00:00,1,Beijing,XGBoost,7.333333,7.448815,test
2016-11-14 19:00:00,2016-11-14 20:00:00,1,Beijing,XGBoost,11.916667,8.2142,test
2016-11-14 20:00:00,2016-11-14 21:00:00,1,Beijing,XGBoost,14.416667,13.405302,test
2016-11-14 21:00:00,2016-11-14 22:00:00,1,Beijing,XGBoost,15.916667,16.013645,test
2016-11-14 22:00:00,2016-11-14 23:00:00,1,Beijing,XGBoost,14.416667,15.966764,test
2016-11-14 23:00:00,2016-11-15 00:00:00,1,Beijing,XGBoost,12.333333,14.488743,test
2016-11-15 00:00:00,2016-11-15 01:00:00,1,Beijing,XGBoost,11.666667,12.801479,test
2016-11-15 01:00:00,2016-11-15 02:00:00,1,Beijing,XGBoost,11.5,12.612908,test
2016-11-15 02:00:00,2016-11-15 03:00:00,1,Beijing,XGBoost,13.75,11.394799,test
2016-11-15 03:00:00,2016-11-15 04:00:00,1,Beijing,XGBoost,14.416667,13.451599,test
2016-11-15 04:00:00,2016-11-15 05:00:00,1,Beijing,XGBoost,11.416667,14.739618,test
2016-11-15 05:00:00,2016-11-15 06:00:00,1,Beijing,XGBoost,8.75,11.787493,test
2016-11-15 06:00:00,2016-11-15 07:00:00,1,Beijing,XGBoost,10.416667,10.132762,test
2016-11-15 07:00:00,2016-11-15 08:00:00,1,Beijing,XGBoost,14.5,11.538504,test
2016-11-15 08:00:00,2016-11-15 09:00:00,1,Beijing,XGBoost,21.916667,15.784931,test
2016-11-15 09:00:00,2016-11-15 10:00:00,1,Beijing,XGBoost,20.083333,24.461178,test
2016-11-15 10:00:00,2016-11-15 11:00:00,1,Beijing,XGBoost,32.0,22.234531,test
2016-11-15 11:00:00,2016-11-15 12:00:00,1,Beijing,XGBoost,33.25,32.62657,test
2016-11-15 12:00:00,2016-11-15 13:00:00,1,Beijing,XGBoost,29.25,35.505417,test
2016-11-15 13:00:00,2016-11-15 14:00:00,1,Beijing,XGBoost,30.25,29.223116,test
2016-11-15 14:00:00,2016-11-15 15:00:00,1,Beijing,XGBoost,38.5,30.108948,test
2016-11-15 15:00:00,2016-11-15 16:00:00,1,Beijing,XGBoost,46.583333,39.367714,test
2016-11-15 16:00:00,2016-11-15 17:00:00,1,Beijing,XGBoost,47.916667,51.95949,test
2016-11-15 17:00:00,2016-11-15 18:00:00,1,Beijing,XGBoost,48.833333,51.6009,test
2016-11-15 18:00:00,2016-11-15 19:00:00,1,Beijing,XGBoost,58.166667,56.555103,test
2016-11-15 19:00:00,2016-11-15 20:00:00,1,Beijing,XGBoost,65.75,66.73513,test
2016-11-15 20:00:00,2016-11-15 21:00:00,1,Beijing,XGBoost,76.083333,74.218994,test
2016-11-15 21:00:00,2016-11-15 22:00:00,1,Beijing,XGBoost,83.166667,80.832954,test
2016-11-15 22:00:00,2016-11-15 23:00:00,1,Beijing,XGBoost,94.833333,85.795944,test
2016-11-15 23:00:00,2016-11-16 00:00:00,1,Beijing,XGBoost,119.166667,98.922455,test
2016-11-16 00:00:00,2016-11-16 01:00:00,1,Beijing,XGBoost,126.5,123.15217,test
2016-11-16 01:00:00,2016-11-16 02:00:00,1,Beijing,XGBoost,110.583333,131.79196,test
2016-11-16 02:00:00,2016-11-16 03:00:00,1,Beijing,XGBoost,103.583333,106.45701,test
2016-11-16 03:00:00,2016-11-16 04:00:00,1,Beijing,XGBoost,92.916667,94.51035,test
2016-11-16 04:00:00,2016-11-16 05:00:00,1,Beijing,XGBoost,83.416667,85.13648,test
2016-11-16 05:00:00,2016-11-16 06:00:00,1,Beijing,XGBoost,74.75,74.39107,test
2016-11-16 06:00:00,2016-11-16 07:00:00,1,Beijing,XGBoost,70.833333,69.54669,test
2016-11-16 07:00:00,2016-11-16 08:00:00,1,Beijing,XGBoost,72.333333,67.97752,test
2016-11-16 08:00:00,2016-11-16 09:00:00,1,Beijing,XGBoost,75.416667,74.50757,test
2016-11-16 09:00:00,2016-11-16 10:00:00,1,Beijing,XGBoost,78.416667,77.72972,test
2016-11-16 10:00:00,2016-11-16 11:00:00,1,Beijing,XGBoost,77.483333,81.99395,test
2016-11-16 11:00:00,2016-11-16 12:00:00,1,Beijing,XGBoost,84.216667,74.518394,test
2016-11-16 12:00:00,2016-11-16 13:00:00,1,Beijing,XGBoost,85.283333,82.61403,test
2016-11-16 13:00:00,2016-11-16 14:00:00,1,Beijing,XGBoost,89.1,88.97518,test
2016-11-16 14:00:00,2016-11-16 15:00:00,1,Beijing,XGBoost,92.583333,91.536255,test
2016-11-16 15:00:00,2016-11-16 16:00:00,1,Beijing,XGBoost,93.472222,94.567924,test
2016-11-16 16:00:00,2016-11-16 17:00:00,1,Beijing,XGBoost,91.611111,97.70121,test
2016-11-16 17:00:00,2016-11-16 18:00:00,1,Beijing,XGBoost,90.333333,96.88987,test
2016-11-16 18:00:00,2016-11-16 19:00:00,1,Beijing,XGBoost,97.0,94.4778,test
2016-11-16 19:00:00,2016-11-16 20:00:00,1,Beijing,XGBoost,110.083333,103.53382,test
2016-11-16 20:00:00,2016-11-16 21:00:00,1,Beijing,XGBoost,124.166667,116.63692,test
2016-11-16 21:00:00,2016-11-16 22:00:00,1,Beijing,XGBoost,130.833333,131.68622,test
2016-11-16 22:00:00,2016-11-16 23:00:00,1,Beijing,XGBoost,133.583333,134.2731,test
2016-11-16 23:00:00,2016-11-17 00:00:00,1,Beijing,XGBoost,149.166667,137.2616,test
2016-11-17 00:00:00,2016-11-17 01:00:00,1,Beijing,XGBoost,154.083333,153.55392,test
2016-11-17 01:00:00,2016-11-17 02:00:00,1,Beijing,XGBoost,151.75,157.44292,test
2016-11-17 02:00:00,2016-11-17 03:00:00,1,Beijing,XGBoost,153.166667,150.6941,test
2016-11-17 03:00:00,2016-11-17 04:00:00,1,Beijing,XGBoost,152.833333,150.35368,test
2016-11-17 04:00:00,2016-11-17 05:00:00,1,Beijing,XGBoost,136.333333,148.53703,test
2016-11-17 05:00:00,2016-11-17 06:00:00,1,Beijing,XGBoost,113.5,129.326,test
2016-11-17 06:00:00,2016-11-17 07:00:00,1,Beijing,XGBoost,93.833333,101.59513,test
2016-11-17 07:00:00,2016-11-17 08:00:00,1,Beijing,XGBoost,89.583333,82.592064,test
2016-11-17 08:00:00,2016-11-17 09:00:00,1,Beijing,XGBoost,81.75,84.89727,test
2016-11-17 09:00:00,2016-11-17 10:00:00,1,Beijing,XGBoost,81.833333,81.64017,test
2016-11-17 10:00:00,2016-11-17 11:00:00,1,Beijing,XGBoost,82.833333,83.54988,test
2016-11-17 11:00:00,2016-11-17 12:00:00,1,Beijing,XGBoost,84.166667,84.42355,test
2016-11-17 12:00:00,2016-11-17 13:00:00,1,Beijing,XGBoost,85.0,84.55128,test
2016-11-17 13:00:00,2016-11-17 14:00:00,1,Beijing,XGBoost,88.166667,86.521126,test
2016-11-17 14:00:00,2016-11-17 15:00:00,1,Beijing,XGBoost,89.416667,90.31599,test
2016-11-17 15:00:00,2016-11-17 16:00:00,1,Beijing,XGBoost,94.0,92.80003,test
2016-11-17 16:00:00,2016-11-17 17:00:00,1,Beijing,XGBoost,101.333333,101.72686,test
2016-11-17 17:00:00,2016-11-17 18:00:00,1,Beijing,XGBoost,107.0,109.964264,test
2016-11-17 18:00:00,2016-11-17 19:00:00,1,Beijing,XGBoost,115.083333,116.78442,test
2016-11-17 19:00:00,2016-11-17 20:00:00,1,Beijing,XGBoost,122.333333,122.780464,test
2016-11-17 20:00:00,2016-11-17 21:00:00,1,Beijing,XGBoost,133.166667,129.93819,test
2016-11-17 21:00:00,2016-11-17 22:00:00,1,Beijing,XGBoost,141.083333,138.89003,test
2016-11-17 22:00:00,2016-11-17 23:00:00,1,Beijing,XGBoost,146.416667,142.42467,test
2016-11-17 23:00:00,2016-11-18 00:00:00,1,Beijing,XGBoost,149.583333,148.1403,test
2016-11-18 00:00:00,2016-11-18 01:00:00,1,Beijing,XGBoost,155.25,149.37552,test
2016-11-18 01:00:00,2016-11-18 02:00:00,1,Beijing,XGBoost,164.083333,156.12245,test
2016-11-18 02:00:00,2016-11-18 03:00:00,1,Beijing,XGBoost,164.916667,165.63443,test
2016-11-18 03:00:00,2016-11-18 04:00:00,1,Beijing,XGBoost,164.75,163.56941,test
2016-11-18 04:00:00,2016-11-18 05:00:00,1,Beijing,XGBoost,162.75,161.14656,test
2016-11-18 05:00:00,2016-11-18 06:00:00,1,Beijing,XGBoost,159.75,159.96745,test
2016-11-18 06:00:00,2016-11-18 07:00:00,1,Beijing,XGBoost,162.083333,156.99908,test
2016-11-18 07:00:00,2016-11-18 08:00:00,1,Beijing,XGBoost,163.833333,162.35696,test
2016-11-18 08:00:00,2016-11-18 09:00:00,1,Beijing,XGBoost,163.583333,166.4565,test
2016-11-18 09:00:00,2016-11-18 10:00:00,1,Beijing,XGBoost,169.166667,167.2124,test
2016-11-18 10:00:00,2016-11-18 11:00:00,1,Beijing,XGBoost,175.75,172.59647,test
2016-11-18 11:00:00,2016-11-18 12:00:00,1,Beijing,XGBoost,188.916667,183.19449,test
2016-11-18 12:00:00,2016-11-18 13:00:00,1,Beijing,XGBoost,201.083333,197.39668,test
2016-11-18 13:00:00,2016-11-18 14:00:00,1,Beijing,XGBoost,213.166667,212.98015,test
2016-11-18 14:00:00,2016-11-18 15:00:00,1,Beijing,XGBoost,221.166667,223.02716,test
2016-11-18 15:00:00,2016-11-18 16:00:00,1,Beijing,XGBoost,223.0,231.15926,test
2016-11-18 16:00:00,2016-11-18 17:00:00,1,Beijing,XGBoost,221.916667,228.91449,test
2016-11-18 17:00:00,2016-11-18 18:00:00,1,Beijing,XGBoost,220.583333,226.14908,test
2016-11-18 18:00:00,2016-11-18 19:00:00,1,Beijing,XGBoost,214.416667,225.95525,test
2016-11-18 19:00:00,2016-11-18 20:00:00,1,Beijing,XGBoost,205.166667,218.1742,test
2016-11-18 20:00:00,2016-11-18 21:00:00,1,Beijing,XGBoost,206.666667,207.86548,test
2016-11-18 21:00:00,2016-11-18 22:00:00,1,Beijing,XGBoost,205.916667,207.90987,test
2016-11-18 22:00:00,2016-11-18 23:00:00,1,Beijing,XGBoost,206.583333,208.30759,test
2016-11-18 23:00:00,2016-11-19 00:00:00,1,Beijing,XGBoost,202.25,207.57674,test
2016-11-19 00:00:00,2016-11-19 01:00:00,1,Beijing,XGBoost,212.083333,201.19435,test
2016-11-19 01:00:00,2016-11-19 02:00:00,1,Beijing,XGBoost,221.333333,212.24045,test
2016-11-19 02:00:00,2016-11-19 03:00:00,1,Beijing,XGBoost,219.416667,221.77419,test
2016-11-19 03:00:00,2016-11-19 04:00:00,1,Beijing,XGBoost,213.583333,221.17184,test
2016-11-19 04:00:00,2016-11-19 05:00:00,1,Beijing,XGBoost,200.75,208.06581,test
2016-11-19 05:00:00,2016-11-19 06:00:00,1,Beijing,XGBoost,189.0,188.7378,test
2016-11-19 06:00:00,2016-11-19 07:00:00,1,Beijing,XGBoost,177.083333,172.81413,test
2016-11-19 07:00:00,2016-11-19 08:00:00,1,Beijing,XGBoost,124.916667,154.97078,test
2016-11-19 08:00:00,2016-11-19 09:00:00,1,Beijing,XGBoost,79.5,102.71624,test
2016-11-19 09:00:00,2016-11-19 10:00:00,1,Beijing,XGBoost,48.75,47.46625,test
2016-11-19 10:00:00,2016-11-19 11:00:00,1,Beijing,XGBoost,43.416667,29.985023,test
2016-11-19 11:00:00,2016-11-19 12:00:00,1,Beijing,XGBoost,35.916667,32.418507,test
2016-11-19 12:00:00,2016-11-19 13:00:00,1,Beijing,XGBoost,31.75,32.839016,test
2016-11-19 13:00:00,2016-11-19 14:00:00,1,Beijing,XGBoost,28.25,31.070627,test
2016-11-19 14:00:00,2016-11-19 15:00:00,1,Beijing,XGBoost,22.75,27.045385,test
2016-11-19 15:00:00,2016-11-19 16:00:00,1,Beijing,XGBoost,24.25,21.495789,test
2016-11-19 16:00:00,2016-11-19 17:00:00,1,Beijing,XGBoost,47.75,23.90274,test
2016-11-19 17:00:00,2016-11-19 18:00:00,1,Beijing,XGBoost,116.916667,53.01005,test
2016-11-19 18:00:00,2016-11-19 19:00:00,1,Beijing,XGBoost,155.083333,125.738785,test
2016-11-19 19:00:00,2016-11-19 20:00:00,1,Beijing,XGBoost,177.75,153.64204,test
2016-11-19 20:00:00,2016-11-19 21:00:00,1,Beijing,XGBoost,192.583333,172.11763,test
2016-11-19 21:00:00,2016-11-19 22:00:00,1,Beijing,XGBoost,169.916667,190.70607,test
2016-11-19 22:00:00,2016-11-19 23:00:00,1,Beijing,XGBoost,135.0,159.56528,test
2016-11-19 23:00:00,2016-11-20 00:00:00,1,Beijing,XGBoost,112.666667,113.66985,test
2016-11-20 00:00:00,2016-11-20 01:00:00,1,Beijing,XGBoost,109.583333,90.82195,test
2016-11-20 01:00:00,2016-11-20 02:00:00,1,Beijing,XGBoost,102.416667,89.10478,test
2016-11-20 02:00:00,2016-11-20 03:00:00,1,Beijing,XGBoost,89.666667,85.70048,test
2016-11-20 03:00:00,2016-11-20 04:00:00,1,Beijing,XGBoost,76.333333,72.48229,test
2016-11-20 04:00:00,2016-11-20 05:00:00,1,Beijing,XGBoost,64.25,63.23004,test
2016-11-20 05:00:00,2016-11-20 06:00:00,1,Beijing,XGBoost,58.583333,50.67225,test
2016-11-20 06:00:00,2016-11-20 07:00:00,1,Beijing,XGBoost,51.25,50.011906,test
2016-11-20 07:00:00,2016-11-20 08:00:00,1,Beijing,XGBoost,49.5,45.403484,test
2016-11-20 08:00:00,2016-11-20 09:00:00,1,Beijing,XGBoost,47.916667,44.450306,test
2016-11-20 09:00:00,2016-11-20 10:00:00,1,Beijing,XGBoost,52.666667,47.250576,test
2016-11-20 10:00:00,2016-11-20 11:00:00,1,Beijing,XGBoost,57.25,50.779144,test
2016-11-20 11:00:00,2016-11-20 12:00:00,1,Beijing,XGBoost,57.75,55.966114,test
2016-11-20 12:00:00,2016-11-20 13:00:00,1,Beijing,XGBoost,63.916667,56.733265,test
2016-11-20 13:00:00,2016-11-20 14:00:00,1,Beijing,XGBoost,68.666667,64.17008,test
2016-11-20 14:00:00,2016-11-20 15:00:00,1,Beijing,XGBoost,68.416667,68.241714,test
2016-11-20 15:00:00,2016-11-20 16:00:00,1,Beijing,XGBoost,67.0,68.00873,test
2016-11-20 16:00:00,2016-11-20 17:00:00,1,Beijing,XGBoost,56.5,66.365685,test
2016-11-20 17:00:00,2016-11-20 18:00:00,1,Beijing,XGBoost,52.0,53.890457,test
2016-11-20 18:00:00,2016-11-20 19:00:00,1,Beijing,XGBoost,35.333333,48.478848,test
2016-11-20 19:00:00,2016-11-20 20:00:00,1,Beijing,XGBoost,29.0,30.441977,test
2016-11-20 20:00:00,2016-11-20 21:00:00,1,Beijing,XGBoost,21.416667,28.329914,test
2016-11-20 21:00:00,2016-11-20 22:00:00,1,Beijing,XGBoost,14.916667,19.07586,test
2016-11-20 22:00:00,2016-11-20 23:00:00,1,Beijing,XGBoost,13.166667,14.102932,test
2016-11-20 23:00:00,2016-11-21 00:00:00,1,Beijing,XGBoost,12.0,10.7075615,test
2016-11-21 00:00:00,2016-11-21 01:00:00,1,Beijing,XGBoost,11.166667,10.934911,test
2016-11-21 01:00:00,2016-11-21 02:00:00,1,Beijing,XGBoost,13.416667,9.308367,test
2016-11-21 02:00:00,2016-11-21 03:00:00,1,Beijing,XGBoost,12.416667,11.620682,test
2016-11-21 03:00:00,2016-11-21 04:00:00,1,Beijing,XGBoost,10.333333,10.808661,test
2016-11-21 04:00:00,2016-11-21 05:00:00,1,Beijing,XGBoost,9.583333,9.002437,test
2016-11-21 05:00:00,2016-11-21 06:00:00,1,Beijing,XGBoost,11.083333,8.821656,test
2016-11-21 06:00:00,2016-11-21 07:00:00,1,Beijing,XGBoost,6.916667,9.784593,test
2016-11-21 07:00:00,2016-11-21 08:00:00,1,Beijing,XGBoost,9.5,6.740156,test
2016-11-21 08:00:00,2016-11-21 09:00:00,1,Beijing,XGBoost,7.333333,9.383801,test
2016-11-21 09:00:00,2016-11-21 10:00:00,1,Beijing,XGBoost,8.5,7.1635747,test
2016-11-21 10:00:00,2016-11-21 11:00:00,1,Beijing,XGBoost,9.583333,8.484727,test
2016-11-21 11:00:00,2016-11-21 12:00:00,1,Beijing,XGBoost,9.416667,8.910535,test
2016-11-21 12:00:00,2016-11-21 13:00:00,1,Beijing,XGBoost,9.666667,8.727388,test
2016-11-21 13:00:00,2016-11-21 14:00:00,1,Beijing,XGBoost,11.0,9.298748,test
2016-11-21 14:00:00,2016-11-21 15:00:00,1,Beijing,XGBoost,9.25,10.498496,test
2016-11-21 15:00:00,2016-11-21 16:00:00,1,Beijing,XGBoost,8.75,9.114867,test
2016-11-21 16:00:00,2016-11-21 17:00:00,1,Beijing,XGBoost,9.583333,9.597355,test
2016-11-21 17:00:00,2016-11-21 18:00:00,1,Beijing,XGBoost,8.166667,9.91515,test
2016-11-21 18:00:00,2016-11-21 19:00:00,1,Beijing,XGBoost,9.416667,8.720016,test
2016-11-21 19:00:00,2016-11-21 20:00:00,1,Beijing,XGBoost,11.0,10.532442,test
2016-11-21 20:00:00,2016-11-21 21:00:00,1,Beijing,XGBoost,10.833333,10.687343,test
2016-11-21 21:00:00,2016-11-21 22:00:00,1,Beijing,XGBoost,9.083333,10.3046875,test
2016-11-21 22:00:00,2016-11-21 23:00:00,1,Beijing,XGBoost,8.416667,8.571502,test
2016-11-21 23:00:00,2016-11-22 00:00:00,1,Beijing,XGBoost,7.083333,8.387916,test
2016-11-22 00:00:00,2016-11-22 01:00:00,1,Beijing,XGBoost,8.25,6.6798887,test
2016-11-22 01:00:00,2016-11-22 02:00:00,1,Beijing,XGBoost,7.25,7.2302976,test
2016-11-22 02:00:00,2016-11-22 03:00:00,1,Beijing,XGBoost,5.333333,6.5514703,test
2016-11-22 03:00:00,2016-11-22 04:00:00,1,Beijing,XGBoost,5.916667,5.3964353,test
2016-11-22 04:00:00,2016-11-22 05:00:00,1,Beijing,XGBoost,6.0,5.740013,test
2016-11-22 05:00:00,2016-11-22 06:00:00,1,Beijing,XGBoost,5.75,5.7709436,test
2016-11-22 06:00:00,2016-11-22 07:00:00,1,Beijing,XGBoost,4.666667,5.5419116,test
2016-11-22 07:00:00,2016-11-22 08:00:00,1,Beijing,XGBoost,6.5,6.137104,test
2016-11-22 08:00:00,2016-11-22 09:00:00,1,Beijing,XGBoost,7.5,6.8659377,test
2016-11-22 09:00:00,2016-11-22 10:00:00,1,Beijing,XGBoost,7.833333,7.5561953,test
2016-11-22 10:00:00,2016-11-22 11:00:00,1,Beijing,XGBoost,8.083333,7.7626753,test
2016-11-22 11:00:00,2016-11-22 12:00:00,1,Beijing,XGBoost,7.75,7.9189467,test
2016-11-22 12:00:00,2016-11-22 13:00:00,1,Beijing,XGBoost,6.5,7.419452,test
2016-11-22 13:00:00,2016-11-22 14:00:00,1,Beijing,XGBoost,6.0,6.911809,test
2016-11-22 14:00:00,2016-11-22 15:00:00,1,Beijing,XGBoost,7.583333,6.702795,test
2016-11-22 15:00:00,2016-11-22 16:00:00,1,Beijing,XGBoost,6.583333,7.6547756,test
2016-11-22 16:00:00,2016-11-22 17:00:00,1,Beijing,XGBoost,7.166667,7.2657523,test
2016-11-22 17:00:00,2016-11-22 18:00:00,1,Beijing,XGBoost,7.333333,7.865553,test
2016-11-22 18:00:00,2016-11-22 19:00:00,1,Beijing,XGBoost,9.416667,8.298052,test
2016-11-22 19:00:00,2016-11-22 20:00:00,1,Beijing,XGBoost,14.083333,10.554566,test
2016-11-22 20:00:00,2016-11-22 21:00:00,1,Beijing,XGBoost,13.666667,15.786406,test
2016-11-22 21:00:00,2016-11-22 22:00:00,1,Beijing,XGBoost,13.416667,14.954561,test
2016-11-22 22:00:00,2016-11-22 23:00:00,1,Beijing,XGBoost,12.25,13.026159,test
2016-11-22 23:00:00,2016-11-23 00:00:00,1,Beijing,XGBoost,11.333333,12.222928,test
2016-11-23 00:00:00,2016-11-23 01:00:00,1,Beijing,XGBoost,11.333333,11.406194,test
2016-11-23 01:00:00,2016-11-23 02:00:00,1,Beijing,XGBoost,11.0,11.172807,test
2016-11-23 02:00:00,2016-11-23 03:00:00,1,Beijing,XGBoost,10.5,10.57674,test
2016-11-23 03:00:00,2016-11-23 04:00:00,1,Beijing,XGBoost,10.333333,9.857062,test
2016-11-23 04:00:00,2016-11-23 05:00:00,1,Beijing,XGBoost,8.666667,9.629392,test
2016-11-23 05:00:00,2016-11-23 06:00:00,1,Beijing,XGBoost,8.416667,8.910982,test
2016-11-23 06:00:00,2016-11-23 07:00:00,1,Beijing,XGBoost,9.25,8.727396,test
2016-11-23 07:00:00,2016-11-23 08:00:00,1,Beijing,XGBoost,12.166667,9.723444,test
2016-11-23 08:00:00,2016-11-23 09:00:00,1,Beijing,XGBoost,15.583333,13.228622,test
2016-11-23 09:00:00,2016-11-23 10:00:00,1,Beijing,XGBoost,24.75,16.386082,test
2016-11-23 10:00:00,2016-11-23 11:00:00,1,Beijing,XGBoost,33.333333,26.047918,test
2016-11-23 11:00:00,2016-11-23 12:00:00,1,Beijing,XGBoost,32.027778,35.455162,test
2016-11-23 12:00:00,2016-11-23 13:00:00,1,Beijing,XGBoost,35.055556,31.22906,test
2016-11-23 13:00:00,2016-11-23 14:00:00,1,Beijing,XGBoost,31.5,34.879684,test
2016-11-23 14:00:00,2016-11-23 15:00:00,1,Beijing,XGBoost,31.416667,32.776752,test
2016-11-23 15:00:00,2016-11-23 16:00:00,1,Beijing,XGBoost,18.666667,33.082203,test
2016-11-23 16:00:00,2016-11-23 17:00:00,1,Beijing,XGBoost,10.416667,19.675886,test
2016-11-23 17:00:00,2016-11-23 18:00:00,1,Beijing,XGBoost,16.333333,12.105673,test
2016-11-23 18:00:00,2016-11-23 19:00:00,1,Beijing,XGBoost,23.333333,18.809368,test
2016-11-23 19:00:00,2016-11-23 20:00:00,1,Beijing,XGBoost,29.25,29.78904,test
2016-11-23 20:00:00,2016-11-23 21:00:00,1,Beijing,XGBoost,22.416667,37.11045,test
2016-11-23 21:00:00,2016-11-23 22:00:00,1,Beijing,XGBoost,23.75,25.67987,test
2016-11-23 22:00:00,2016-11-23 23:00:00,1,Beijing,XGBoost,14.416667,25.501007,test
2016-11-23 23:00:00,2016-11-24 00:00:00,1,Beijing,XGBoost,10.5,14.089417,test
2016-11-24 00:00:00,2016-11-24 01:00:00,1,Beijing,XGBoost,12.583333,10.702574,test
2016-11-24 01:00:00,2016-11-24 02:00:00,1,Beijing,XGBoost,11.583333,12.525505,test
2016-11-24 02:00:00,2016-11-24 03:00:00,1,Beijing,XGBoost,14.75,12.000065,test
2016-11-24 03:00:00,2016-11-24 04:00:00,1,Beijing,XGBoost,11.333333,14.512342,test
2016-11-24 04:00:00,2016-11-24 05:00:00,1,Beijing,XGBoost,11.916667,11.328793,test
2016-11-24 05:00:00,2016-11-24 06:00:00,1,Beijing,XGBoost,12.666667,12.399269,test
2016-11-24 06:00:00,2016-11-24 07:00:00,1,Beijing,XGBoost,16.666667,12.636035,test
2016-11-24 07:00:00,2016-11-24 08:00:00,1,Beijing,XGBoost,17.916667,17.186861,test
2016-11-24 08:00:00,2016-11-24 09:00:00,1,Beijing,XGBoost,31.333333,20.025124,test
2016-11-24 09:00:00,2016-11-24 10:00:00,1,Beijing,XGBoost,54.0,36.909496,test
2016-11-24 10:00:00,2016-11-24 11:00:00,1,Beijing,XGBoost,54.666667,60.57359,test
2016-11-24 11:00:00,2016-11-24 12:00:00,1,Beijing,XGBoost,60.583333,57.30122,test
2016-11-24 12:00:00,2016-11-24 13:00:00,1,Beijing,XGBoost,67.0,59.766228,test
2016-11-24 13:00:00,2016-11-24 14:00:00,1,Beijing,XGBoost,68.5,69.48444,test
2016-11-24 14:00:00,2016-11-24 15:00:00,1,Beijing,XGBoost,70.208333,69.17389,test
2016-11-24 15:00:00,2016-11-24 16:00:00,1,Beijing,XGBoost,74.916667,67.63206,test
2016-11-24 16:00:00,2016-11-24 17:00:00,1,Beijing,XGBoost,79.916667,79.01482,test
2016-11-24 17:00:00,2016-11-24 18:00:00,1,Beijing,XGBoost,88.333333,89.4101,test
2016-11-24 18:00:00,2016-11-24 19:00:00,1,Beijing,XGBoost,109.25,97.143936,test
2016-11-24 19:00:00,2016-11-24 20:00:00,1,Beijing,XGBoost,136.166667,119.14525,test
2016-11-24 20:00:00,2016-11-24 21:00:00,1,Beijing,XGBoost,152.333333,150.60594,test
2016-11-24 21:00:00,2016-11-24 22:00:00,1,Beijing,XGBoost,157.5,157.93326,test
2016-11-24 22:00:00,2016-11-24 23:00:00,1,Beijing,XGBoost,151.75,164.43587,test
2016-11-24 23:00:00,2016-11-25 00:00:00,1,Beijing,XGBoost,152.75,149.14601,test
2016-11-25 00:00:00,2016-11-25 01:00:00,1,Beijing,XGBoost,155.083333,148.30269,test
2016-11-25 01:00:00,2016-11-25 02:00:00,1,Beijing,XGBoost,150.0,153.02675,test
2016-11-25 02:00:00,2016-11-25 03:00:00,1,Beijing,XGBoost,143.5,147.3306,test
2016-11-25 03:00:00,2016-11-25 04:00:00,1,Beijing,XGBoost,140.166667,138.70837,test
2016-11-25 04:00:00,2016-11-25 05:00:00,1,Beijing,XGBoost,129.666667,134.64195,test
2016-11-25 05:00:00,2016-11-25 06:00:00,1,Beijing,XGBoost,110.083333,121.385284,test
2016-11-25 06:00:00,2016-11-25 07:00:00,1,Beijing,XGBoost,99.583333,98.07746,test
2016-11-25 07:00:00,2016-11-25 08:00:00,1,Beijing,XGBoost,95.75,92.91429,test
2016-11-25 08:00:00,2016-11-25 09:00:00,1,Beijing,XGBoost,91.583333,94.55612,test
2016-11-25 09:00:00,2016-11-25 10:00:00,1,Beijing,XGBoost,92.5,94.11249,test
2016-11-25 10:00:00,2016-11-25 11:00:00,1,Beijing,XGBoost,98.0,94.33406,test
2016-11-25 11:00:00,2016-11-25 12:00:00,1,Beijing,XGBoost,103.0,102.170395,test
2016-11-25 12:00:00,2016-11-25 13:00:00,1,Beijing,XGBoost,105.833333,108.75513,test
2016-11-25 13:00:00,2016-11-25 14:00:00,1,Beijing,XGBoost,110.666667,111.077354,test
2016-11-25 14:00:00,2016-11-25 15:00:00,1,Beijing,XGBoost,112.166667,116.31787,test
2016-11-25 15:00:00,2016-11-25 16:00:00,1,Beijing,XGBoost,119.25,116.93236,test
2016-11-25 16:00:00,2016-11-25 17:00:00,1,Beijing,XGBoost,139.666667,123.764725,test
2016-11-25 17:00:00,2016-11-25 18:00:00,1,Beijing,XGBoost,160.666667,150.6181,test
2016-11-25 18:00:00,2016-11-25 19:00:00,1,Beijing,XGBoost,191.583333,166.29588,test
2016-11-25 19:00:00,2016-11-25 20:00:00,1,Beijing,XGBoost,236.5,205.56564,test
2016-11-25 20:00:00,2016-11-25 21:00:00,1,Beijing,XGBoost,246.152381,246.62108,test
2016-11-25 21:00:00,2016-11-25 22:00:00,1,Beijing,XGBoost,256.054762,246.9965,test
2016-11-25 22:00:00,2016-11-25 23:00:00,1,Beijing,XGBoost,255.547421,257.50613,test
2016-11-25 23:00:00,2016-11-26 00:00:00,1,Beijing,XGBoost,259.706746,247.06142,test
2016-11-26 00:00:00,2016-11-26 01:00:00,1,Beijing,XGBoost,264.366071,259.44745,test
2016-11-26 01:00:00,2016-11-26 02:00:00,1,Beijing,XGBoost,258.047619,262.03192,test
2016-11-26 02:00:00,2016-11-26 03:00:00,1,Beijing,XGBoost,247.0,257.88028,test
2016-11-26 03:00:00,2016-11-26 04:00:00,1,Beijing,XGBoost,250.833333,238.8353,test
2016-11-26 04:00:00,2016-11-26 05:00:00,1,Beijing,XGBoost,236.166667,248.0647,test
2016-11-26 05:00:00,2016-11-26 06:00:00,1,Beijing,XGBoost,246.65,228.57599,test
2016-11-26 06:00:00,2016-11-26 07:00:00,1,Beijing,XGBoost,252.55,240.03731,test
2016-11-26 07:00:00,2016-11-26 08:00:00,1,Beijing,XGBoost,241.95,244.03516,test
2016-11-26 08:00:00,2016-11-26 09:00:00,1,Beijing,XGBoost,241.683333,233.6144,test
2016-11-26 09:00:00,2016-11-26 10:00:00,1,Beijing,XGBoost,261.666667,240.57744,test
2016-11-26 10:00:00,2016-11-26 11:00:00,1,Beijing,XGBoost,275.930556,261.936,test
2016-11-26 11:00:00,2016-11-26 12:00:00,1,Beijing,XGBoost,285.194444,276.23624,test
2016-11-26 12:00:00,2016-11-26 13:00:00,1,Beijing,XGBoost,235.0,267.46188,test
2016-11-26 13:00:00,2016-11-26 14:00:00,1,Beijing,XGBoost,217.333333,220.1899,test
2016-11-26 14:00:00,2016-11-26 15:00:00,1,Beijing,XGBoost,203.083333,172.85754,test
2016-11-26 15:00:00,2016-11-26 16:00:00,1,Beijing,XGBoost,188.5,182.22829,test
2016-11-26 16:00:00,2016-11-26 17:00:00,1,Beijing,XGBoost,189.119048,184.92914,test
2016-11-26 17:00:00,2016-11-26 18:00:00,1,Beijing,XGBoost,230.154762,185.55467,test
2016-11-26 18:00:00,2016-11-26 19:00:00,1,Beijing,XGBoost,257.02381,240.68321,test
2016-11-26 19:00:00,2016-11-26 20:00:00,1,Beijing,XGBoost,267.214286,269.40356,test
2016-11-26 20:00:00,2016-11-26 21:00:00,1,Beijing,XGBoost,273.501984,268.9005,test
2016-11-26 21:00:00,2016-11-26 22:00:00,1,Beijing,XGBoost,266.706349,272.2328,test
2016-11-26 22:00:00,2016-11-26 23:00:00,1,Beijing,XGBoost,260.882937,263.10812,test
2016-11-26 23:00:00,2016-11-27 00:00:00,1,Beijing,XGBoost,261.579365,260.25876,test
2016-11-27 00:00:00,2016-11-27 01:00:00,1,Beijing,XGBoost,253.609127,258.64703,test
2016-11-27 01:00:00,2016-11-27 02:00:00,1,Beijing,XGBoost,240.805556,249.81133,test
2016-11-27 02:00:00,2016-11-27 03:00:00,1,Beijing,XGBoost,212.361111,231.66518,test
2016-11-27 03:00:00,2016-11-27 04:00:00,1,Beijing,XGBoost,115.5,199.28473,test
2016-11-27 04:00:00,2016-11-27 05:00:00,1,Beijing,XGBoost,88.916667,88.94744,test
2016-11-27 05:00:00,2016-11-27 06:00:00,1,Beijing,XGBoost,65.333333,65.07445,test
2016-11-27 06:00:00,2016-11-27 07:00:00,1,Beijing,XGBoost,47.666667,51.346603,test
2016-11-27 07:00:00,2016-11-27 08:00:00,1,Beijing,XGBoost,37.583333,38.231865,test
2016-11-27 08:00:00,2016-11-27 09:00:00,1,Beijing,XGBoost,20.333333,28.979725,test
2016-11-27 09:00:00,2016-11-27 10:00:00,1,Beijing,XGBoost,12.833333,13.92166,test
2016-11-27 10:00:00,2016-11-27 11:00:00,1,Beijing,XGBoost,13.333333,10.408859,test
2016-11-27 11:00:00,2016-11-27 12:00:00,1,Beijing,XGBoost,11.083333,11.721718,test
2016-11-27 12:00:00,2016-11-27 13:00:00,1,Beijing,XGBoost,9.833333,10.036879,test
2016-11-27 13:00:00,2016-11-27 14:00:00,1,Beijing,XGBoost,9.333333,9.246493,test
2016-11-27 14:00:00,2016-11-27 15:00:00,1,Beijing,XGBoost,9.5,8.813026,test
2016-11-27 15:00:00,2016-11-27 16:00:00,1,Beijing,XGBoost,11.0,8.908331,test
2016-11-27 16:00:00,2016-11-27 17:00:00,1,Beijing,XGBoost,8.333333,10.31774,test
2016-11-27 17:00:00,2016-11-27 18:00:00,1,Beijing,XGBoost,10.083333,9.335149,test
2016-11-27 18:00:00,2016-11-27 19:00:00,1,Beijing,XGBoost,12.5,13.385507,test
2016-11-27 19:00:00,2016-11-27 20:00:00,1,Beijing,XGBoost,16.916667,13.900619,test
2016-11-27 20:00:00,2016-11-27 21:00:00,1,Beijing,XGBoost,19.833333,23.66769,test
2016-11-27 21:00:00,2016-11-27 22:00:00,1,Beijing,XGBoost,23.083333,23.961552,test
2016-11-27 22:00:00,2016-11-27 23:00:00,1,Beijing,XGBoost,30.416667,25.110704,test
2016-11-27 23:00:00,2016-11-28 00:00:00,1,Beijing,XGBoost,25.5,34.541603,test
2016-11-28 00:00:00,2016-11-28 01:00:00,1,Beijing,XGBoost,24.25,25.820908,test
2016-11-28 01:00:00,2016-11-28 02:00:00,1,Beijing,XGBoost,28.666667,23.568928,test
2016-11-28 02:00:00,2016-11-28 03:00:00,1,Beijing,XGBoost,41.333333,27.836613,test
2016-11-28 03:00:00,2016-11-28 04:00:00,1,Beijing,XGBoost,47.333333,44.260834,test
2016-11-28 04:00:00,2016-11-28 05:00:00,1,Beijing,XGBoost,49.916667,50.957836,test
2016-11-28 05:00:00,2016-11-28 06:00:00,1,Beijing,XGBoost,50.166667,49.561592,test
2016-11-28 06:00:00,2016-11-28 07:00:00,1,Beijing,XGBoost,47.25,51.071514,test
2016-11-28 07:00:00,2016-11-28 08:00:00,1,Beijing,XGBoost,47.5,48.529747,test
2016-11-28 08:00:00,2016-11-28 09:00:00,1,Beijing,XGBoost,47.25,50.154133,test
2016-11-28 09:00:00,2016-11-28 10:00:00,1,Beijing,XGBoost,46.5,51.908554,test
2016-11-28 10:00:00,2016-11-28 11:00:00,1,Beijing,XGBoost,44.166667,50.3113,test
2016-11-28 11:00:00,2016-11-28 12:00:00,1,Beijing,XGBoost,47.166667,47.427406,test
2016-11-28 12:00:00,2016-11-28 13:00:00,1,Beijing,XGBoost,48.416667,49.92391,test
2016-11-28 13:00:00,2016-11-28 14:00:00,1,Beijing,XGBoost,54.583333,50.345005,test
2016-11-28 14:00:00,2016-11-28 15:00:00,1,Beijing,XGBoost,64.333333,58.34466,test
2016-11-28 15:00:00,2016-11-28 16:00:00,1,Beijing,XGBoost,66.958333,69.23067,test
2016-11-28 16:00:00,2016-11-28 17:00:00,1,Beijing,XGBoost,67.833333,71.797424,test
2016-11-28 17:00:00,2016-11-28 18:00:00,1,Beijing,XGBoost,72.75,72.66536,test
2016-11-28 18:00:00,2016-11-28 19:00:00,1,Beijing,XGBoost,80.333333,79.31669,test
2016-11-28 19:00:00,2016-11-28 20:00:00,1,Beijing,XGBoost,94.166667,88.47455,test
2016-11-28 20:00:00,2016-11-28 21:00:00,1,Beijing,XGBoost,95.0,103.60106,test
2016-11-28 21:00:00,2016-11-28 22:00:00,1,Beijing,XGBoost,86.333333,99.80862,test
2016-11-28 22:00:00,2016-11-28 23:00:00,1,Beijing,XGBoost,85.166667,85.36802,test
2016-11-28 23:00:00,2016-11-29 00:00:00,1,Beijing,XGBoost,82.833333,83.66972,test
2016-11-29 00:00:00,2016-11-29 01:00:00,1,Beijing,XGBoost,85.25,81.37668,test
2016-11-29 01:00:00,2016-11-29 02:00:00,1,Beijing,XGBoost,86.0,84.61112,test
2016-11-29 02:00:00,2016-11-29 03:00:00,1,Beijing,XGBoost,79.833333,87.37967,test
2016-11-29 03:00:00,2016-11-29 04:00:00,1,Beijing,XGBoost,75.666667,77.52943,test
2016-11-29 04:00:00,2016-11-29 05:00:00,1,Beijing,XGBoost,71.75,72.97361,test
2016-11-29 05:00:00,2016-11-29 06:00:00,1,Beijing,XGBoost,68.25,71.07706,test
2016-11-29 06:00:00,2016-11-29 07:00:00,1,Beijing,XGBoost,61.0,65.48392,test
2016-11-29 07:00:00,2016-11-29 08:00:00,1,Beijing,XGBoost,50.833333,59.397373,test
2016-11-29 08:00:00,2016-11-29 09:00:00,1,Beijing,XGBoost,48.0,46.830204,test
2016-11-29 09:00:00,2016-11-29 10:00:00,1,Beijing,XGBoost,58.833333,47.292416,test
2016-11-29 10:00:00,2016-11-29 11:00:00,1,Beijing,XGBoost,72.5,61.176212,test
2016-11-29 11:00:00,2016-11-29 12:00:00,1,Beijing,XGBoost,97.25,79.60776,test
2016-11-29 12:00:00,2016-11-29 13:00:00,1,Beijing,XGBoost,130.583333,103.174736,test
2016-11-29 13:00:00,2016-11-29 14:00:00,1,Beijing,XGBoost,139.25,146.71596,test
2016-11-29 14:00:00,2016-11-29 15:00:00,1,Beijing,XGBoost,137.833333,147.68172,test
2016-11-29 15:00:00,2016-11-29 16:00:00,1,Beijing,XGBoost,124.0,141.61975,test
2016-11-29 16:00:00,2016-11-29 17:00:00,1,Beijing,XGBoost,117.583333,125.775665,test
2016-11-29 17:00:00,2016-11-29 18:00:00,1,Beijing,XGBoost,108.166667,117.33378,test
2016-11-29 18:00:00,2016-11-29 19:00:00,1,Beijing,XGBoost,112.25,111.41789,test
2016-11-29 19:00:00,2016-11-29 20:00:00,1,Beijing,XGBoost,112.75,115.9749,test
2016-11-29 20:00:00,2016-11-29 21:00:00,1,Beijing,XGBoost,124.833333,119.64022,test
2016-11-29 21:00:00,2016-11-29 22:00:00,1,Beijing,XGBoost,126.25,128.701,test
2016-11-29 22:00:00,2016-11-29 23:00:00,1,Beijing,XGBoost,118.666667,126.99381,test
2016-11-29 23:00:00,2016-11-30 00:00:00,1,Beijing,XGBoost,114.0,116.241325,test
2016-11-30 00:00:00,2016-11-30 01:00:00,1,Beijing,XGBoost,107.416667,109.0519,test
2016-11-30 01:00:00,2016-11-30 02:00:00,1,Beijing,XGBoost,102.833333,104.05486,test
2016-11-30 02:00:00,2016-11-30 03:00:00,1,Beijing,XGBoost,102.083333,98.82801,test
2016-11-30 03:00:00,2016-11-30 04:00:00,1,Beijing,XGBoost,102.833333,100.24033,test
2016-11-30 04:00:00,2016-11-30 05:00:00,1,Beijing,XGBoost,103.083333,102.83114,test
2016-11-30 05:00:00,2016-11-30 06:00:00,1,Beijing,XGBoost,107.0,103.92497,test
2016-11-30 06:00:00,2016-11-30 07:00:00,1,Beijing,XGBoost,115.083333,107.92293,test
2016-11-30 07:00:00,2016-11-30 08:00:00,1,Beijing,XGBoost,113.5,115.52173,test
2016-11-30 08:00:00,2016-11-30 09:00:00,1,Beijing,XGBoost,116.583333,118.301346,test
2016-11-30 09:00:00,2016-11-30 10:00:00,1,Beijing,XGBoost,118.833333,119.03108,test
2016-11-30 10:00:00,2016-11-30 11:00:00,1,Beijing,XGBoost,134.916667,122.52116,test
2016-11-30 11:00:00,2016-11-30 12:00:00,1,Beijing,XGBoost,155.5,145.06244,test
2016-11-30 12:00:00,2016-11-30 13:00:00,1,Beijing,XGBoost,175.666667,157.29376,test
2016-11-30 13:00:00,2016-11-30 14:00:00,1,Beijing,XGBoost,156.666667,179.29224,test
2016-11-30 14:00:00,2016-11-30 15:00:00,1,Beijing,XGBoost,129.916667,139.14464,test
2016-11-30 15:00:00,2016-11-30 16:00:00,1,Beijing,XGBoost,105.916667,114.584496,test
2016-11-30 16:00:00,2016-11-30 17:00:00,1,Beijing,XGBoost,87.166667,81.58071,test
2016-11-30 17:00:00,2016-11-30 18:00:00,1,Beijing,XGBoost,51.416667,64.541176,test
2016-11-30 18:00:00,2016-11-30 19:00:00,1,Beijing,XGBoost,30.333333,37.01768,test
2016-11-30 19:00:00,2016-11-30 20:00:00,1,Beijing,XGBoost,10.0,21.393915,test
2016-11-30 20:00:00,2016-11-30 21:00:00,1,Beijing,XGBoost,9.583333,10.781012,test
2016-11-30 21:00:00,2016-11-30 22:00:00,1,Beijing,XGBoost,7.416667,11.509727,test
2016-11-30 22:00:00,2016-11-30 23:00:00,1,Beijing,XGBoost,8.083333,6.7495413,test
2016-11-30 23:00:00,2016-12-01 00:00:00,1,Beijing,XGBoost,9.25,9.013108,test
2016-12-01 00:00:00,2016-12-01 01:00:00,1,Beijing,XGBoost,8.583333,9.900484,test
2016-12-01 01:00:00,2016-12-01 02:00:00,1,Beijing,XGBoost,11.833333,8.937765,test
2016-12-01 02:00:00,2016-12-01 03:00:00,1,Beijing,XGBoost,11.916667,12.933316,test
2016-12-01 03:00:00,2016-12-01 04:00:00,1,Beijing,XGBoost,9.75,12.535257,test
2016-12-01 04:00:00,2016-12-01 05:00:00,1,Beijing,XGBoost,9.583333,11.147357,test
2016-12-01 05:00:00,2016-12-01 06:00:00,1,Beijing,XGBoost,7.583333,10.865581,test
2016-12-01 06:00:00,2016-12-01 07:00:00,1,Beijing,XGBoost,8.416667,8.443967,test
2016-12-01 07:00:00,2016-12-01 08:00:00,1,Beijing,XGBoost,8.166667,8.747759,test
2016-12-01 08:00:00,2016-12-01 09:00:00,1,Beijing,XGBoost,10.416667,8.16385,test
2016-12-01 09:00:00,2016-12-01 10:00:00,1,Beijing,XGBoost,11.25,9.895124,test
2016-12-01 10:00:00,2016-12-01 11:00:00,1,Beijing,XGBoost,10.333333,9.903378,test
2016-12-01 11:00:00,2016-12-01 12:00:00,1,Beijing,XGBoost,8.75,9.830431,test
2016-12-01 12:00:00,2016-12-01 13:00:00,1,Beijing,XGBoost,8.916667,9.153399,test
2016-12-01 13:00:00,2016-12-01 14:00:00,1,Beijing,XGBoost,10.833333,9.444579,test
2016-12-01 14:00:00,2016-12-01 15:00:00,1,Beijing,XGBoost,10.833333,10.773618,test
2016-12-01 15:00:00,2016-12-01 16:00:00,1,Beijing,XGBoost,10.833333,10.822205,test
2016-12-01 16:00:00,2016-12-01 17:00:00,1,Beijing,XGBoost,13.333333,12.470477,test
2016-12-01 17:00:00,2016-12-01 18:00:00,1,Beijing,XGBoost,25.0,16.963182,test
2016-12-01 18:00:00,2016-12-01 19:00:00,1,Beijing,XGBoost,50.0,33.027203,test
2016-12-01 19:00:00,2016-12-01 20:00:00,1,Beijing,XGBoost,69.25,61.144314,test
2016-12-01 20:00:00,2016-12-01 21:00:00,1,Beijing,XGBoost,86.25,79.863884,test
2016-12-01 21:00:00,2016-12-01 22:00:00,1,Beijing,XGBoost,85.75,96.33352,test
2016-12-01 22:00:00,2016-12-01 23:00:00,1,Beijing,XGBoost,87.583333,90.512634,test
2016-12-01 23:00:00,2016-12-02 00:00:00,1,Beijing,XGBoost,93.083333,86.922615,test
2016-12-02 00:00:00,2016-12-02 01:00:00,1,Beijing,XGBoost,95.583333,89.87102,test
2016-12-02 01:00:00,2016-12-02 02:00:00,1,Beijing,XGBoost,95.166667,95.568634,test
2016-12-02 02:00:00,2016-12-02 03:00:00,1,Beijing,XGBoost,97.333333,94.02472,test
2016-12-02 03:00:00,2016-12-02 04:00:00,1,Beijing,XGBoost,87.916667,96.40281,test
2016-12-02 04:00:00,2016-12-02 05:00:00,1,Beijing,XGBoost,73.083333,85.106834,test
2016-12-02 05:00:00,2016-12-02 06:00:00,1,Beijing,XGBoost,53.166667,66.13338,test
2016-12-02 06:00:00,2016-12-02 07:00:00,1,Beijing,XGBoost,46.25,47.46219,test
2016-12-02 07:00:00,2016-12-02 08:00:00,1,Beijing,XGBoost,47.083333,40.798855,test
2016-12-02 08:00:00,2016-12-02 09:00:00,1,Beijing,XGBoost,40.916667,49.702232,test
2016-12-02 09:00:00,2016-12-02 10:00:00,1,Beijing,XGBoost,42.416667,43.952415,test
2016-12-02 10:00:00,2016-12-02 11:00:00,1,Beijing,XGBoost,47.0,46.02324,test
2016-12-02 11:00:00,2016-12-02 12:00:00,1,Beijing,XGBoost,52.166667,49.204754,test
2016-12-02 12:00:00,2016-12-02 13:00:00,1,Beijing,XGBoost,58.083333,54.139866,test
2016-12-02 13:00:00,2016-12-02 14:00:00,1,Beijing,XGBoost,58.083333,61.743885,test
2016-12-02 14:00:00,2016-12-02 15:00:00,1,Beijing,XGBoost,64.770833,61.172436,test
2016-12-02 15:00:00,2016-12-02 16:00:00,1,Beijing,XGBoost,75.958333,68.55338,test
2016-12-02 16:00:00,2016-12-02 17:00:00,1,Beijing,XGBoost,88.395833,80.67893,test
2016-12-02 17:00:00,2016-12-02 18:00:00,1,Beijing,XGBoost,113.916667,97.91713,test
2016-12-02 18:00:00,2016-12-02 19:00:00,1,Beijing,XGBoost,135.333333,125.008156,test
2016-12-02 19:00:00,2016-12-02 20:00:00,1,Beijing,XGBoost,147.833333,152.3585,test
2016-12-02 20:00:00,2016-12-02 21:00:00,1,Beijing,XGBoost,162.416667,159.10542,test
2016-12-02 21:00:00,2016-12-02 22:00:00,1,Beijing,XGBoost,176.75,171.42247,test
2016-12-02 22:00:00,2016-12-02 23:00:00,1,Beijing,XGBoost,185.25,181.47531,test
2016-12-02 23:00:00,2016-12-03 00:00:00,1,Beijing,XGBoost,180.333333,190.7273,test
2016-12-03 00:00:00,2016-12-03 01:00:00,1,Beijing,XGBoost,158.5,180.1301,test
2016-12-03 01:00:00,2016-12-03 02:00:00,1,Beijing,XGBoost,137.083333,145.97488,test
2016-12-03 02:00:00,2016-12-03 03:00:00,1,Beijing,XGBoost,132.333333,123.5533,test
2016-12-03 03:00:00,2016-12-03 04:00:00,1,Beijing,XGBoost,132.5,119.892914,test
2016-12-03 04:00:00,2016-12-03 05:00:00,1,Beijing,XGBoost,123.833333,130.73154,test
2016-12-03 05:00:00,2016-12-03 06:00:00,1,Beijing,XGBoost,107.416667,122.67791,test
2016-12-03 06:00:00,2016-12-03 07:00:00,1,Beijing,XGBoost,89.833333,96.42443,test
2016-12-03 07:00:00,2016-12-03 08:00:00,1,Beijing,XGBoost,82.5,79.17717,test
2016-12-03 08:00:00,2016-12-03 09:00:00,1,Beijing,XGBoost,81.666667,79.08737,test
2016-12-03 09:00:00,2016-12-03 10:00:00,1,Beijing,XGBoost,84.833333,84.404594,test
2016-12-03 10:00:00,2016-12-03 11:00:00,1,Beijing,XGBoost,96.333333,87.49522,test
2016-12-03 11:00:00,2016-12-03 12:00:00,1,Beijing,XGBoost,93.5,101.53666,test
2016-12-03 12:00:00,2016-12-03 13:00:00,1,Beijing,XGBoost,111.416667,97.957504,test
2016-12-03 13:00:00,2016-12-03 14:00:00,1,Beijing,XGBoost,141.833333,118.14155,test
2016-12-03 14:00:00,2016-12-03 15:00:00,1,Beijing,XGBoost,166.0,158.88463,test
2016-12-03 15:00:00,2016-12-03 16:00:00,1,Beijing,XGBoost,196.5,173.157,test
2016-12-03 16:00:00,2016-12-03 17:00:00,1,Beijing,XGBoost,226.583333,208.1732,test
2016-12-03 17:00:00,2016-12-03 18:00:00,1,Beijing,XGBoost,239.0,232.69131,test
2016-12-03 18:00:00,2016-12-03 19:00:00,1,Beijing,XGBoost,249.972222,245.75235,test
2016-12-03 19:00:00,2016-12-03 20:00:00,1,Beijing,XGBoost,257.711111,258.18283,test
2016-12-03 20:00:00,2016-12-03 21:00:00,1,Beijing,XGBoost,258.95,265.4118,test
2016-12-03 21:00:00,2016-12-03 22:00:00,1,Beijing,XGBoost,254.355556,267.3468,test
2016-12-03 22:00:00,2016-12-03 23:00:00,1,Beijing,XGBoost,259.761111,252.90529,test
2016-12-03 23:00:00,2016-12-04 00:00:00,1,Beijing,XGBoost,264.166667,261.14774,test
2016-12-04 00:00:00,2016-12-04 01:00:00,1,Beijing,XGBoost,220.25,262.64233,test
2016-12-04 01:00:00,2016-12-04 02:00:00,1,Beijing,XGBoost,217.6875,208.91261,test
2016-12-04 02:00:00,2016-12-04 03:00:00,1,Beijing,XGBoost,229.875,201.49089,test
2016-12-04 03:00:00,2016-12-04 04:00:00,1,Beijing,XGBoost,221.4375,228.27512,test
2016-12-04 04:00:00,2016-12-04 05:00:00,1,Beijing,XGBoost,204.25,216.71529,test
2016-12-04 05:00:00,2016-12-04 06:00:00,1,Beijing,XGBoost,206.4,191.54326,test
2016-12-04 06:00:00,2016-12-04 07:00:00,1,Beijing,XGBoost,190.8,197.63277,test
2016-12-04 07:00:00,2016-12-04 08:00:00,1,Beijing,XGBoost,208.833333,188.37674,test
2016-12-04 08:00:00,2016-12-04 09:00:00,1,Beijing,XGBoost,188.833333,208.05775,test
2016-12-04 09:00:00,2016-12-04 10:00:00,1,Beijing,XGBoost,237.777778,188.63826,test
2016-12-04 10:00:00,2016-12-04 11:00:00,1,Beijing,XGBoost,239.590909,249.00952,test
2016-12-04 11:00:00,2016-12-04 12:00:00,1,Beijing,XGBoost,211.583333,249.61728,test
2016-12-04 12:00:00,2016-12-04 13:00:00,1,Beijing,XGBoost,179.666667,212.36311,test
2016-12-04 13:00:00,2016-12-04 14:00:00,1,Beijing,XGBoost,160.083333,138.70532,test
2016-12-04 14:00:00,2016-12-04 15:00:00,1,Beijing,XGBoost,124.916667,149.54861,test
2016-12-04 15:00:00,2016-12-04 16:00:00,1,Beijing,XGBoost,83.0,117.30936,test
2016-12-04 16:00:00,2016-12-04 17:00:00,1,Beijing,XGBoost,65.916667,68.797554,test
2016-12-04 17:00:00,2016-12-04 18:00:00,1,Beijing,XGBoost,72.0,67.8428,test
2016-12-04 18:00:00,2016-12-04 19:00:00,1,Beijing,XGBoost,105.0,77.56179,test
2016-12-04 19:00:00,2016-12-04 20:00:00,1,Beijing,XGBoost,198.416667,120.45204,test
2016-12-04 20:00:00,2016-12-04 21:00:00,1,Beijing,XGBoost,232.416667,203.10405,test
2016-12-04 21:00:00,2016-12-04 22:00:00,1,Beijing,XGBoost,244.75,221.99095,test
2016-12-04 22:00:00,2016-12-04 23:00:00,1,Beijing,XGBoost,239.083333,246.49367,test
2016-12-04 23:00:00,2016-12-05 00:00:00,1,Beijing,XGBoost,224.5,238.04778,test
2016-12-05 00:00:00,2016-12-05 01:00:00,1,Beijing,XGBoost,194.277778,218.55968,test
2016-12-05 01:00:00,2016-12-05 02:00:00,1,Beijing,XGBoost,136.388889,161.49847,test
2016-12-05 02:00:00,2016-12-05 03:00:00,1,Beijing,XGBoost,124.75,122.02476,test
2016-12-05 03:00:00,2016-12-05 04:00:00,1,Beijing,XGBoost,110.916667,100.10003,test
2016-12-05 04:00:00,2016-12-05 05:00:00,1,Beijing,XGBoost,104.0,101.351,test
2016-12-05 05:00:00,2016-12-05 06:00:00,1,Beijing,XGBoost,101.333333,100.54143,test
2016-12-05 06:00:00,2016-12-05 07:00:00,1,Beijing,XGBoost,91.0,96.54276,test
2016-12-05 07:00:00,2016-12-05 08:00:00,1,Beijing,XGBoost,74.916667,92.26281,test
2016-12-05 08:00:00,2016-12-05 09:00:00,1,Beijing,XGBoost,66.416667,60.67576,test
2016-12-05 09:00:00,2016-12-05 10:00:00,1,Beijing,XGBoost,39.083333,53.138863,test
2016-12-05 10:00:00,2016-12-05 11:00:00,1,Beijing,XGBoost,15.916667,25.708055,test
2016-12-05 11:00:00,2016-12-05 12:00:00,1,Beijing,XGBoost,11.333333,10.255129,test
2016-12-05 12:00:00,2016-12-05 13:00:00,1,Beijing,XGBoost,6.083333,10.429127,test
2016-12-05 13:00:00,2016-12-05 14:00:00,1,Beijing,XGBoost,7.5,7.1250534,test
2016-12-05 14:00:00,2016-12-05 15:00:00,1,Beijing,XGBoost,8.083333,7.6962543,test
2016-12-05 15:00:00,2016-12-05 16:00:00,1,Beijing,XGBoost,6.75,7.523099,test
2016-12-05 16:00:00,2016-12-05 17:00:00,1,Beijing,XGBoost,6.375,6.5189157,test
2016-12-05 17:00:00,2016-12-05 18:00:00,1,Beijing,XGBoost,5.833333,6.7184253,test
2016-12-05 18:00:00,2016-12-05 19:00:00,1,Beijing,XGBoost,6.416667,8.768975,test
2016-12-05 19:00:00,2016-12-05 20:00:00,1,Beijing,XGBoost,9.25,12.456863,test
2016-12-05 20:00:00,2016-12-05 21:00:00,1,Beijing,XGBoost,11.833333,13.246113,test
2016-12-05 21:00:00,2016-12-05 22:00:00,1,Beijing,XGBoost,15.416667,14.304884,test
2016-12-05 22:00:00,2016-12-05 23:00:00,1,Beijing,XGBoost,18.416667,16.052353,test
2016-12-05 23:00:00,2016-12-06 00:00:00,1,Beijing,XGBoost,22.416667,20.816734,test
2016-12-06 00:00:00,2016-12-06 01:00:00,1,Beijing,XGBoost,28.583333,23.52669,test
2016-12-06 01:00:00,2016-12-06 02:00:00,1,Beijing,XGBoost,35.583333,31.51707,test
2016-12-06 02:00:00,2016-12-06 03:00:00,1,Beijing,XGBoost,39.916667,36.87213,test
2016-12-06 03:00:00,2016-12-06 04:00:00,1,Beijing,XGBoost,38.333333,41.754105,test
2016-12-06 04:00:00,2016-12-06 05:00:00,1,Beijing,XGBoost,38.25,37.85269,test
2016-12-06 05:00:00,2016-12-06 06:00:00,1,Beijing,XGBoost,40.333333,36.455933,test
2016-12-06 06:00:00,2016-12-06 07:00:00,1,Beijing,XGBoost,39.25,39.497135,test
2016-12-06 07:00:00,2016-12-06 08:00:00,1,Beijing,XGBoost,45.75,40.47681,test
2016-12-06 08:00:00,2016-12-06 09:00:00,1,Beijing,XGBoost,56.75,47.690216,test
2016-12-06 09:00:00,2016-12-06 10:00:00,1,Beijing,XGBoost,59.583333,60.124203,test
2016-12-06 10:00:00,2016-12-06 11:00:00,1,Beijing,XGBoost,63.5,61.47228,test
2016-12-06 11:00:00,2016-12-06 12:00:00,1,Beijing,XGBoost,70.083333,67.20898,test
2016-12-06 12:00:00,2016-12-06 13:00:00,1,Beijing,XGBoost,71.708333,73.32961,test
2016-12-06 13:00:00,2016-12-06 14:00:00,1,Beijing,XGBoost,77.666667,75.41683,test
2016-12-06 14:00:00,2016-12-06 15:00:00,1,Beijing,XGBoost,82.694444,80.89457,test
2016-12-06 15:00:00,2016-12-06 16:00:00,1,Beijing,XGBoost,89.0,86.12792,test
2016-12-06 16:00:00,2016-12-06 17:00:00,1,Beijing,XGBoost,92.861111,95.44933,test
2016-12-06 17:00:00,2016-12-06 18:00:00,1,Beijing,XGBoost,99.486111,97.786064,test
2016-12-06 18:00:00,2016-12-06 19:00:00,1,Beijing,XGBoost,115.416667,107.63534,test
2016-12-06 19:00:00,2016-12-06 20:00:00,1,Beijing,XGBoost,117.583333,120.176704,test
2016-12-06 20:00:00,2016-12-06 21:00:00,1,Beijing,XGBoost,128.083333,123.94075,test
2016-12-06 21:00:00,2016-12-06 22:00:00,1,Beijing,XGBoost,142.083333,134.799,test
2016-12-06 22:00:00,2016-12-06 23:00:00,1,Beijing,XGBoost,130.083333,145.47644,test
2016-12-06 23:00:00,2016-12-07 00:00:00,1,Beijing,XGBoost,130.083333,130.74054,test
2016-12-07 00:00:00,2016-12-07 01:00:00,1,Beijing,XGBoost,141.916667,126.55759,test
2016-12-07 01:00:00,2016-12-07 02:00:00,1,Beijing,XGBoost,122.25,142.9275,test
2016-12-07 02:00:00,2016-12-07 03:00:00,1,Beijing,XGBoost,113.0,121.7888,test
2016-12-07 03:00:00,2016-12-07 04:00:00,1,Beijing,XGBoost,112.916667,100.53395,test
2016-12-07 04:00:00,2016-12-07 05:00:00,1,Beijing,XGBoost,107.916667,107.437004,test
2016-12-07 05:00:00,2016-12-07 06:00:00,1,Beijing,XGBoost,95.75,104.81279,test
2016-12-07 06:00:00,2016-12-07 07:00:00,1,Beijing,XGBoost,72.25,88.419975,test
2016-12-07 07:00:00,2016-12-07 08:00:00,1,Beijing,XGBoost,51.833333,64.20686,test
2016-12-07 08:00:00,2016-12-07 09:00:00,1,Beijing,XGBoost,45.833333,48.18563,test
2016-12-07 09:00:00,2016-12-07 10:00:00,1,Beijing,XGBoost,53.916667,41.245617,test
2016-12-07 10:00:00,2016-12-07 11:00:00,1,Beijing,XGBoost,86.583333,54.608875,test
2016-12-07 11:00:00,2016-12-07 12:00:00,1,Beijing,XGBoost,119.583333,90.17814,test
2016-12-07 12:00:00,2016-12-07 13:00:00,1,Beijing,XGBoost,112.75,127.55149,test
2016-12-07 13:00:00,2016-12-07 14:00:00,1,Beijing,XGBoost,102.75,117.55026,test
2016-12-07 14:00:00,2016-12-07 15:00:00,1,Beijing,XGBoost,108.416667,84.61769,test
2016-12-07 15:00:00,2016-12-07 16:00:00,1,Beijing,XGBoost,124.25,105.93904,test
2016-12-07 16:00:00,2016-12-07 17:00:00,1,Beijing,XGBoost,158.25,127.55255,test
2016-12-07 17:00:00,2016-12-07 18:00:00,1,Beijing,XGBoost,162.166667,160.82008,test
2016-12-07 18:00:00,2016-12-07 19:00:00,1,Beijing,XGBoost,165.416667,170.99371,test
2016-12-07 19:00:00,2016-12-07 20:00:00,1,Beijing,XGBoost,162.5,165.71262,test
2016-12-07 20:00:00,2016-12-07 21:00:00,1,Beijing,XGBoost,169.166667,160.3975,test
2016-12-07 21:00:00,2016-12-07 22:00:00,1,Beijing,XGBoost,167.833333,165.06305,test
2016-12-07 22:00:00,2016-12-07 23:00:00,1,Beijing,XGBoost,166.25,164.6818,test
2016-12-07 23:00:00,2016-12-08 00:00:00,1,Beijing,XGBoost,183.25,161.99281,test
2016-12-08 00:00:00,2016-12-08 01:00:00,1,Beijing,XGBoost,189.75,186.81949,test
2016-12-08 01:00:00,2016-12-08 02:00:00,1,Beijing,XGBoost,204.166667,193.7093,test
2016-12-08 02:00:00,2016-12-08 03:00:00,1,Beijing,XGBoost,198.166667,203.60446,test
2016-12-08 03:00:00,2016-12-08 04:00:00,1,Beijing,XGBoost,199.166667,191.36623,test
2016-12-08 04:00:00,2016-12-08 05:00:00,1,Beijing,XGBoost,196.833333,193.8441,test
2016-12-08 05:00:00,2016-12-08 06:00:00,1,Beijing,XGBoost,190.5,191.08493,test
2016-12-08 06:00:00,2016-12-08 07:00:00,1,Beijing,XGBoost,183.166667,184.57323,test
2016-12-08 07:00:00,2016-12-08 08:00:00,1,Beijing,XGBoost,178.0,176.66997,test
2016-12-08 08:00:00,2016-12-08 09:00:00,1,Beijing,XGBoost,175.583333,178.62428,test
2016-12-08 09:00:00,2016-12-08 10:00:00,1,Beijing,XGBoost,181.416667,179.9999,test
2016-12-08 10:00:00,2016-12-08 11:00:00,1,Beijing,XGBoost,153.5,156.46571,test
2016-12-08 11:00:00,2016-12-08 12:00:00,1,Beijing,XGBoost,55.333333,100.93475,test
2016-12-08 12:00:00,2016-12-08 13:00:00,1,Beijing,XGBoost,21.166667,23.022957,test
2016-12-08 13:00:00,2016-12-08 14:00:00,1,Beijing,XGBoost,8.833333,10.970381,test
2016-12-08 14:00:00,2016-12-08 15:00:00,1,Beijing,XGBoost,6.166667,7.3888917,test
2016-12-08 15:00:00,2016-12-08 16:00:00,1,Beijing,XGBoost,7.083333,7.472075,test
2016-12-08 16:00:00,2016-12-08 17:00:00,1,Beijing,XGBoost,5.583333,6.7234516,test
2016-12-08 17:00:00,2016-12-08 18:00:00,1,Beijing,XGBoost,6.75,6.416339,test
2016-12-08 18:00:00,2016-12-08 19:00:00,1,Beijing,XGBoost,9.75,7.7989726,test
2016-12-08 19:00:00,2016-12-08 20:00:00,1,Beijing,XGBoost,10.0,10.387618,test
2016-12-08 20:00:00,2016-12-08 21:00:00,1,Beijing,XGBoost,10.0,10.009447,test
2016-12-08 21:00:00,2016-12-08 22:00:00,1,Beijing,XGBoost,7.833333,9.57939,test
2016-12-08 22:00:00,2016-12-08 23:00:00,1,Beijing,XGBoost,7.333333,8.050712,test
2016-12-08 23:00:00,2016-12-09 00:00:00,1,Beijing,XGBoost,6.25,7.694947,test
2016-12-09 00:00:00,2016-12-09 01:00:00,1,Beijing,XGBoost,6.916667,6.2216797,test
2016-12-09 01:00:00,2016-12-09 02:00:00,1,Beijing,XGBoost,7.5,7.1471076,test
2016-12-09 02:00:00,2016-12-09 03:00:00,1,Beijing,XGBoost,9.083333,7.9377913,test
2016-12-09 03:00:00,2016-12-09 04:00:00,1,Beijing,XGBoost,9.333333,9.178745,test
2016-12-09 04:00:00,2016-12-09 05:00:00,1,Beijing,XGBoost,10.333333,9.460128,test
2016-12-09 05:00:00,2016-12-09 06:00:00,1,Beijing,XGBoost,10.416667,9.196194,test
2016-12-09 06:00:00,2016-12-09 07:00:00,1,Beijing,XGBoost,9.333333,10.529818,test
2016-12-09 07:00:00,2016-12-09 08:00:00,1,Beijing,XGBoost,10.833333,9.745011,test
2016-12-09 08:00:00,2016-12-09 09:00:00,1,Beijing,XGBoost,12.75,11.510995,test
2016-12-09 09:00:00,2016-12-09 10:00:00,1,Beijing,XGBoost,13.416667,12.783062,test
2016-12-09 10:00:00,2016-12-09 11:00:00,1,Beijing,XGBoost,13.166667,12.981297,test
2016-12-09 11:00:00,2016-12-09 12:00:00,1,Beijing,XGBoost,13.166667,13.135058,test
2016-12-09 12:00:00,2016-12-09 13:00:00,1,Beijing,XGBoost,11.0,13.152968,test
2016-12-09 13:00:00,2016-12-09 14:00:00,1,Beijing,XGBoost,10.666667,11.88934,test
2016-12-09 14:00:00,2016-12-09 15:00:00,1,Beijing,XGBoost,11.416667,12.156693,test
2016-12-09 15:00:00,2016-12-09 16:00:00,1,Beijing,XGBoost,15.083333,13.306452,test
2016-12-09 16:00:00,2016-12-09 17:00:00,1,Beijing,XGBoost,22.5,17.506529,test
2016-12-09 17:00:00,2016-12-09 18:00:00,1,Beijing,XGBoost,30.416667,29.028841,test
2016-12-09 18:00:00,2016-12-09 19:00:00,1,Beijing,XGBoost,36.583333,40.311523,test
2016-12-09 19:00:00,2016-12-09 20:00:00,1,Beijing,XGBoost,45.5,47.535755,test
2016-12-09 20:00:00,2016-12-09 21:00:00,1,Beijing,XGBoost,52.916667,57.975693,test
2016-12-09 21:00:00,2016-12-09 22:00:00,1,Beijing,XGBoost,53.75,58.48199,test
2016-12-09 22:00:00,2016-12-09 23:00:00,1,Beijing,XGBoost,54.833333,55.96785,test
2016-12-09 23:00:00,2016-12-10 00:00:00,1,Beijing,XGBoost,56.333333,56.551594,test
2016-12-10 00:00:00,2016-12-10 01:00:00,1,Beijing,XGBoost,53.75,57.517677,test
2016-12-10 01:00:00,2016-12-10 02:00:00,1,Beijing,XGBoost,52.333333,54.782726,test
2016-12-10 02:00:00,2016-12-10 03:00:00,1,Beijing,XGBoost,52.416667,53.645332,test
2016-12-10 03:00:00,2016-12-10 04:00:00,1,Beijing,XGBoost,50.916667,53.971752,test
2016-12-10 04:00:00,2016-12-10 05:00:00,1,Beijing,XGBoost,41.333333,50.843277,test
2016-12-10 05:00:00,2016-12-10 06:00:00,1,Beijing,XGBoost,35.083333,39.709312,test
2016-12-10 06:00:00,2016-12-10 07:00:00,1,Beijing,XGBoost,32.916667,30.881323,test
2016-12-10 07:00:00,2016-12-10 08:00:00,1,Beijing,XGBoost,26.5,33.201015,test
2016-12-10 08:00:00,2016-12-10 09:00:00,1,Beijing,XGBoost,22.833333,27.699898,test
2016-12-10 09:00:00,2016-12-10 10:00:00,1,Beijing,XGBoost,26.666667,23.862349,test
2016-12-10 10:00:00,2016-12-10 11:00:00,1,Beijing,XGBoost,34.25,27.708067,test
2016-12-10 11:00:00,2016-12-10 12:00:00,1,Beijing,XGBoost,41.416667,37.24596,test
2016-12-10 12:00:00,2016-12-10 13:00:00,1,Beijing,XGBoost,44.666667,44.959435,test
2016-12-10 13:00:00,2016-12-10 14:00:00,1,Beijing,XGBoost,43.916667,48.76758,test
2016-12-10 14:00:00,2016-12-10 15:00:00,1,Beijing,XGBoost,41.666667,44.211403,test
2016-12-10 15:00:00,2016-12-10 16:00:00,1,Beijing,XGBoost,39.333333,45.07646,test
2016-12-10 16:00:00,2016-12-10 17:00:00,1,Beijing,XGBoost,39.166667,44.710285,test
2016-12-10 17:00:00,2016-12-10 18:00:00,1,Beijing,XGBoost,41.666667,45.238117,test
2016-12-10 18:00:00,2016-12-10 19:00:00,1,Beijing,XGBoost,49.75,51.295486,test
2016-12-10 19:00:00,2016-12-10 20:00:00,1,Beijing,XGBoost,61.666667,60.53137,test
2016-12-10 20:00:00,2016-12-10 21:00:00,1,Beijing,XGBoost,64.25,72.757385,test
2016-12-10 21:00:00,2016-12-10 22:00:00,1,Beijing,XGBoost,76.416667,72.59922,test
2016-12-10 22:00:00,2016-12-10 23:00:00,1,Beijing,XGBoost,79.416667,79.941025,test
2016-12-10 23:00:00,2016-12-11 00:00:00,1,Beijing,XGBoost,87.166667,83.980225,test
2016-12-11 00:00:00,2016-12-11 01:00:00,1,Beijing,XGBoost,100.583333,88.65355,test
2016-12-11 01:00:00,2016-12-11 02:00:00,1,Beijing,XGBoost,114.666667,104.07307,test
2016-12-11 02:00:00,2016-12-11 03:00:00,1,Beijing,XGBoost,109.583333,118.30933,test
2016-12-11 03:00:00,2016-12-11 04:00:00,1,Beijing,XGBoost,109.666667,109.58751,test
2016-12-11 04:00:00,2016-12-11 05:00:00,1,Beijing,XGBoost,114.833333,107.753395,test
2016-12-11 05:00:00,2016-12-11 06:00:00,1,Beijing,XGBoost,119.75,112.43185,test
2016-12-11 06:00:00,2016-12-11 07:00:00,1,Beijing,XGBoost,123.416667,119.45293,test
2016-12-11 07:00:00,2016-12-11 08:00:00,1,Beijing,XGBoost,126.583333,124.909065,test
2016-12-11 08:00:00,2016-12-11 09:00:00,1,Beijing,XGBoost,125.333333,129.60936,test
2016-12-11 09:00:00,2016-12-11 10:00:00,1,Beijing,XGBoost,133.0,130.29735,test
2016-12-11 10:00:00,2016-12-11 11:00:00,1,Beijing,XGBoost,140.416667,136.48384,test
2016-12-11 11:00:00,2016-12-11 12:00:00,1,Beijing,XGBoost,144.166667,147.11636,test
2016-12-11 12:00:00,2016-12-11 13:00:00,1,Beijing,XGBoost,160.75,150.4625,test
2016-12-11 13:00:00,2016-12-11 14:00:00,1,Beijing,XGBoost,180.583333,161.92235,test
2016-12-11 14:00:00,2016-12-11 15:00:00,1,Beijing,XGBoost,194.166667,181.88457,test
2016-12-11 15:00:00,2016-12-11 16:00:00,1,Beijing,XGBoost,187.75,199.36218,test
2016-12-11 16:00:00,2016-12-11 17:00:00,1,Beijing,XGBoost,184.166667,193.6605,test
2016-12-11 17:00:00,2016-12-11 18:00:00,1,Beijing,XGBoost,193.0,185.33888,test
2016-12-11 18:00:00,2016-12-11 19:00:00,1,Beijing,XGBoost,205.833333,199.23424,test
2016-12-11 19:00:00,2016-12-11 20:00:00,1,Beijing,XGBoost,209.083333,218.97046,test
2016-12-11 20:00:00,2016-12-11 21:00:00,1,Beijing,XGBoost,208.166667,215.02547,test
2016-12-11 21:00:00,2016-12-11 22:00:00,1,Beijing,XGBoost,213.333333,209.1616,test
2016-12-11 22:00:00,2016-12-11 23:00:00,1,Beijing,XGBoost,224.916667,211.318,test
2016-12-11 23:00:00,2016-12-12 00:00:00,1,Beijing,XGBoost,225.916667,225.42195,test
2016-12-12 00:00:00,2016-12-12 01:00:00,1,Beijing,XGBoost,227.5,224.16405,test
2016-12-12 01:00:00,2016-12-12 02:00:00,1,Beijing,XGBoost,223.75,221.58398,test
2016-12-12 02:00:00,2016-12-12 03:00:00,1,Beijing,XGBoost,222.166667,221.33179,test
2016-12-12 03:00:00,2016-12-12 04:00:00,1,Beijing,XGBoost,214.25,217.4527,test
2016-12-12 04:00:00,2016-12-12 05:00:00,1,Beijing,XGBoost,214.333333,208.4628,test
2016-12-12 05:00:00,2016-12-12 06:00:00,1,Beijing,XGBoost,213.416667,208.65509,test
2016-12-12 06:00:00,2016-12-12 07:00:00,1,Beijing,XGBoost,216.416667,205.67142,test
2016-12-12 07:00:00,2016-12-12 08:00:00,1,Beijing,XGBoost,219.083333,210.68015,test
2016-12-12 08:00:00,2016-12-12 09:00:00,1,Beijing,XGBoost,221.166667,222.41296,test
2016-12-12 09:00:00,2016-12-12 10:00:00,1,Beijing,XGBoost,219.25,224.31654,test
2016-12-12 10:00:00,2016-12-12 11:00:00,1,Beijing,XGBoost,223.583333,225.56593,test
2016-12-12 11:00:00,2016-12-12 12:00:00,1,Beijing,XGBoost,226.166667,231.98796,test
2016-12-12 12:00:00,2016-12-12 13:00:00,1,Beijing,XGBoost,232.333333,225.5722,test
2016-12-12 13:00:00,2016-12-12 14:00:00,1,Beijing,XGBoost,226.666667,239.56941,test
2016-12-12 14:00:00,2016-12-12 15:00:00,1,Beijing,XGBoost,223.166667,225.05388,test
2016-12-12 15:00:00,2016-12-12 16:00:00,1,Beijing,XGBoost,210.75,226.03748,test
2016-12-12 16:00:00,2016-12-12 17:00:00,1,Beijing,XGBoost,200.083333,215.78787,test
2016-12-12 17:00:00,2016-12-12 18:00:00,1,Beijing,XGBoost,212.0,191.74527,test
2016-12-12 18:00:00,2016-12-12 19:00:00,1,Beijing,XGBoost,238.816667,216.43324,test
2016-12-12 19:00:00,2016-12-12 20:00:00,1,Beijing,XGBoost,242.3,248.05727,test
2016-12-12 20:00:00,2016-12-12 21:00:00,1,Beijing,XGBoost,234.866667,249.56726,test
2016-12-12 21:00:00,2016-12-12 22:00:00,1,Beijing,XGBoost,226.183333,239.14954,test
2016-12-12 22:00:00,2016-12-12 23:00:00,1,Beijing,XGBoost,218.583333,224.08661,test
2016-12-12 23:00:00,2016-12-13 00:00:00,1,Beijing,XGBoost,210.75,219.31836,test
2016-12-13 00:00:00,2016-12-13 01:00:00,1,Beijing,XGBoost,201.666667,209.12436,test
2016-12-13 01:00:00,2016-12-13 02:00:00,1,Beijing,XGBoost,179.083333,198.45769,test
2016-12-13 02:00:00,2016-12-13 03:00:00,1,Beijing,XGBoost,150.583333,170.50772,test
2016-12-13 03:00:00,2016-12-13 04:00:00,1,Beijing,XGBoost,141.166667,139.88004,test
2016-12-13 04:00:00,2016-12-13 05:00:00,1,Beijing,XGBoost,124.333333,127.99615,test
2016-12-13 05:00:00,2016-12-13 06:00:00,1,Beijing,XGBoost,77.5,102.35726,test
2016-12-13 06:00:00,2016-12-13 07:00:00,1,Beijing,XGBoost,32.5,50.64062,test
2016-12-13 07:00:00,2016-12-13 08:00:00,1,Beijing,XGBoost,23.666667,27.952173,test
2016-12-13 08:00:00,2016-12-13 09:00:00,1,Beijing,XGBoost,17.583333,17.315182,test
2016-12-13 09:00:00,2016-12-13 10:00:00,1,Beijing,XGBoost,19.666667,15.948181,test
2016-12-13 10:00:00,2016-12-13 11:00:00,1,Beijing,XGBoost,19.916667,17.366112,test
2016-12-13 11:00:00,2016-12-13 12:00:00,1,Beijing,XGBoost,16.916667,18.558268,test
2016-12-13 12:00:00,2016-12-13 13:00:00,1,Beijing,XGBoost,14.666667,16.90633,test
2016-12-13 13:00:00,2016-12-13 14:00:00,1,Beijing,XGBoost,18.333333,15.480956,test
2016-12-13 14:00:00,2016-12-13 15:00:00,1,Beijing,XGBoost,17.416667,19.805485,test
2016-12-13 15:00:00,2016-12-13 16:00:00,1,Beijing,XGBoost,18.5,20.320093,test
2016-12-13 16:00:00,2016-12-13 17:00:00,1,Beijing,XGBoost,18.666667,22.244982,test
2016-12-13 17:00:00,2016-12-13 18:00:00,1,Beijing,XGBoost,22.916667,24.736526,test
2016-12-13 18:00:00,2016-12-13 19:00:00,1,Beijing,XGBoost,33.0,32.104847,test
2016-12-13 19:00:00,2016-12-13 20:00:00,1,Beijing,XGBoost,38.75,47.35276,test
2016-12-13 20:00:00,2016-12-13 21:00:00,1,Beijing,XGBoost,34.0,50.468067,test
2016-12-13 21:00:00,2016-12-13 22:00:00,1,Beijing,XGBoost,20.416667,37.921227,test
2016-12-13 22:00:00,2016-12-13 23:00:00,1,Beijing,XGBoost,22.916667,18.685331,test
2016-12-13 23:00:00,2016-12-14 00:00:00,1,Beijing,XGBoost,18.416667,21.6647,test
2016-12-14 00:00:00,2016-12-14 01:00:00,1,Beijing,XGBoost,11.333333,17.535673,test
2016-12-14 01:00:00,2016-12-14 02:00:00,1,Beijing,XGBoost,10.833333,10.581726,test
2016-12-14 02:00:00,2016-12-14 03:00:00,1,Beijing,XGBoost,7.583333,10.823614,test
2016-12-14 03:00:00,2016-12-14 04:00:00,1,Beijing,XGBoost,6.416667,7.9141936,test
2016-12-14 04:00:00,2016-12-14 05:00:00,1,Beijing,XGBoost,6.333333,7.1108556,test
2016-12-14 05:00:00,2016-12-14 06:00:00,1,Beijing,XGBoost,5.0,6.2463923,test
2016-12-14 06:00:00,2016-12-14 07:00:00,1,Beijing,XGBoost,7.25,6.431417,test
2016-12-14 07:00:00,2016-12-14 08:00:00,1,Beijing,XGBoost,8.166667,8.14253,test
2016-12-14 08:00:00,2016-12-14 09:00:00,1,Beijing,XGBoost,10.333333,8.920838,test
2016-12-14 09:00:00,2016-12-14 10:00:00,1,Beijing,XGBoost,13.416667,10.175117,test
2016-12-14 10:00:00,2016-12-14 11:00:00,1,Beijing,XGBoost,14.75,12.499161,test
2016-12-14 11:00:00,2016-12-14 12:00:00,1,Beijing,XGBoost,13.777778,14.926491,test
2016-12-14 12:00:00,2016-12-14 13:00:00,1,Beijing,XGBoost,12.972222,13.779133,test
2016-12-14 13:00:00,2016-12-14 14:00:00,1,Beijing,XGBoost,13.333333,13.508102,test
2016-12-14 14:00:00,2016-12-14 15:00:00,1,Beijing,XGBoost,14.916667,13.867743,test
2016-12-14 15:00:00,2016-12-14 16:00:00,1,Beijing,XGBoost,17.194444,16.583899,test
2016-12-14 16:00:00,2016-12-14 17:00:00,1,Beijing,XGBoost,22.305556,19.818846,test
2016-12-14 17:00:00,2016-12-14 18:00:00,1,Beijing,XGBoost,35.083333,25.565346,test
2016-12-14 18:00:00,2016-12-14 19:00:00,1,Beijing,XGBoost,48.583333,43.36539,test
2016-12-14 19:00:00,2016-12-14 20:00:00,1,Beijing,XGBoost,50.333333,58.857174,test
2016-12-14 20:00:00,2016-12-14 21:00:00,1,Beijing,XGBoost,59.083333,56.636047,test
2016-12-14 21:00:00,2016-12-14 22:00:00,1,Beijing,XGBoost,63.083333,61.677807,test
2016-12-14 22:00:00,2016-12-14 23:00:00,1,Beijing,XGBoost,67.166667,67.31767,test
2016-12-14 23:00:00,2016-12-15 00:00:00,1,Beijing,XGBoost,72.666667,70.282776,test
2016-12-15 00:00:00,2016-12-15 01:00:00,1,Beijing,XGBoost,74.416667,73.23157,test
2016-12-15 01:00:00,2016-12-15 02:00:00,1,Beijing,XGBoost,72.916667,75.70998,test
2016-12-15 02:00:00,2016-12-15 03:00:00,1,Beijing,XGBoost,67.666667,73.41785,test
2016-12-15 03:00:00,2016-12-15 04:00:00,1,Beijing,XGBoost,62.166667,65.67632,test
2016-12-15 04:00:00,2016-12-15 05:00:00,1,Beijing,XGBoost,57.25,60.717693,test
2016-12-15 05:00:00,2016-12-15 06:00:00,1,Beijing,XGBoost,45.25,52.23716,test
2016-12-15 06:00:00,2016-12-15 07:00:00,1,Beijing,XGBoost,22.5,38.372097,test
2016-12-15 07:00:00,2016-12-15 08:00:00,1,Beijing,XGBoost,10.25,15.358008,test
2016-12-15 08:00:00,2016-12-15 09:00:00,1,Beijing,XGBoost,12.75,10.255824,test
2016-12-15 09:00:00,2016-12-15 10:00:00,1,Beijing,XGBoost,11.333333,11.6312685,test
2016-12-15 10:00:00,2016-12-15 11:00:00,1,Beijing,XGBoost,11.25,11.071644,test
2016-12-15 11:00:00,2016-12-15 12:00:00,1,Beijing,XGBoost,8.166667,10.540103,test
2016-12-15 12:00:00,2016-12-15 13:00:00,1,Beijing,XGBoost,7.25,8.168335,test
2016-12-15 13:00:00,2016-12-15 14:00:00,1,Beijing,XGBoost,7.916667,7.9152174,test
2016-12-15 14:00:00,2016-12-15 15:00:00,1,Beijing,XGBoost,6.416667,7.771258,test
2016-12-15 15:00:00,2016-12-15 16:00:00,1,Beijing,XGBoost,7.666667,6.7775116,test
2016-12-15 16:00:00,2016-12-15 17:00:00,1,Beijing,XGBoost,6.833333,7.706186,test
2016-12-15 17:00:00,2016-12-15 18:00:00,1,Beijing,XGBoost,6.25,7.7483835,test
2016-12-15 18:00:00,2016-12-15 19:00:00,1,Beijing,XGBoost,9.833333,9.651198,test
2016-12-15 19:00:00,2016-12-15 20:00:00,1,Beijing,XGBoost,17.5,14.085676,test
2016-12-15 20:00:00,2016-12-15 21:00:00,1,Beijing,XGBoost,24.333333,22.397802,test
2016-12-15 21:00:00,2016-12-15 22:00:00,1,Beijing,XGBoost,20.083333,28.508297,test
2016-12-15 22:00:00,2016-12-15 23:00:00,1,Beijing,XGBoost,20.833333,21.246052,test
2016-12-15 23:00:00,2016-12-16 00:00:00,1,Beijing,XGBoost,32.583333,21.274622,test
2016-12-16 00:00:00,2016-12-16 01:00:00,1,Beijing,XGBoost,63.333333,36.97377,test
2016-12-16 01:00:00,2016-12-16 02:00:00,1,Beijing,XGBoost,80.916667,69.616714,test
2016-12-16 02:00:00,2016-12-16 03:00:00,1,Beijing,XGBoost,97.666667,87.285904,test
2016-12-16 03:00:00,2016-12-16 04:00:00,1,Beijing,XGBoost,112.833333,104.15805,test
2016-12-16 04:00:00,2016-12-16 05:00:00,1,Beijing,XGBoost,109.416667,115.73203,test
2016-12-16 05:00:00,2016-12-16 06:00:00,1,Beijing,XGBoost,73.833333,108.409454,test
2016-12-16 06:00:00,2016-12-16 07:00:00,1,Beijing,XGBoost,55.166667,61.3608,test
2016-12-16 07:00:00,2016-12-16 08:00:00,1,Beijing,XGBoost,33.75,41.8617,test
2016-12-16 08:00:00,2016-12-16 09:00:00,1,Beijing,XGBoost,30.583333,31.818804,test
2016-12-16 09:00:00,2016-12-16 10:00:00,1,Beijing,XGBoost,31.5,30.74043,test
2016-12-16 10:00:00,2016-12-16 11:00:00,1,Beijing,XGBoost,43.416667,33.3616,test
2016-12-16 11:00:00,2016-12-16 12:00:00,1,Beijing,XGBoost,50.0,46.882088,test
2016-12-16 12:00:00,2016-12-16 13:00:00,1,Beijing,XGBoost,70.583333,53.577087,test
2016-12-16 13:00:00,2016-12-16 14:00:00,1,Beijing,XGBoost,94.416667,76.960915,test
2016-12-16 14:00:00,2016-12-16 15:00:00,1,Beijing,XGBoost,114.916667,100.5532,test
2016-12-16 15:00:00,2016-12-16 16:00:00,1,Beijing,XGBoost,132.5,122.85167,test
2016-12-16 16:00:00,2016-12-16 17:00:00,1,Beijing,XGBoost,140.166667,144.3654,test
2016-12-16 17:00:00,2016-12-16 18:00:00,1,Beijing,XGBoost,133.916667,151.82948,test
2016-12-16 18:00:00,2016-12-16 19:00:00,1,Beijing,XGBoost,166.916667,142.4551,test
2016-12-16 19:00:00,2016-12-16 20:00:00,1,Beijing,XGBoost,192.666667,173.7491,test
2016-12-16 20:00:00,2016-12-16 21:00:00,1,Beijing,XGBoost,195.333333,202.7249,test
2016-12-16 21:00:00,2016-12-16 22:00:00,1,Beijing,XGBoost,181.0,198.0377,test
2016-12-16 22:00:00,2016-12-16 23:00:00,1,Beijing,XGBoost,172.666667,175.00731,test
2016-12-16 23:00:00,2016-12-17 00:00:00,1,Beijing,XGBoost,165.25,164.06267,test
2016-12-17 00:00:00,2016-12-17 01:00:00,1,Beijing,XGBoost,149.083333,160.53868,test
2016-12-17 01:00:00,2016-12-17 02:00:00,1,Beijing,XGBoost,143.916667,145.33165,test
2016-12-17 02:00:00,2016-12-17 03:00:00,1,Beijing,XGBoost,159.333333,136.43419,test
2016-12-17 03:00:00,2016-12-17 04:00:00,1,Beijing,XGBoost,145.083333,160.77034,test
2016-12-17 04:00:00,2016-12-17 05:00:00,1,Beijing,XGBoost,121.166667,144.05876,test
2016-12-17 05:00:00,2016-12-17 06:00:00,1,Beijing,XGBoost,111.416667,106.50388,test
2016-12-17 06:00:00,2016-12-17 07:00:00,1,Beijing,XGBoost,107.666667,101.02225,test
2016-12-17 07:00:00,2016-12-17 08:00:00,1,Beijing,XGBoost,104.75,103.3162,test
2016-12-17 08:00:00,2016-12-17 09:00:00,1,Beijing,XGBoost,97.75,107.51835,test
2016-12-17 09:00:00,2016-12-17 10:00:00,1,Beijing,XGBoost,95.25,98.53427,test
2016-12-17 10:00:00,2016-12-17 11:00:00,1,Beijing,XGBoost,101.0,97.94337,test
2016-12-17 11:00:00,2016-12-17 12:00:00,1,Beijing,XGBoost,129.333333,105.61649,test
2016-12-17 12:00:00,2016-12-17 13:00:00,1,Beijing,XGBoost,158.833333,145.02753,test
2016-12-17 13:00:00,2016-12-17 14:00:00,1,Beijing,XGBoost,187.416667,169.87715,test
2016-12-17 14:00:00,2016-12-17 15:00:00,1,Beijing,XGBoost,209.666667,202.83093,test
2016-12-17 15:00:00,2016-12-17 16:00:00,1,Beijing,XGBoost,224.0,220.46964,test
2016-12-17 16:00:00,2016-12-17 17:00:00,1,Beijing,XGBoost,237.75,235.68549,test
2016-12-17 17:00:00,2016-12-17 18:00:00,1,Beijing,XGBoost,247.583333,246.99661,test
2016-12-17 18:00:00,2016-12-17 19:00:00,1,Beijing,XGBoost,267.064286,251.55075,test
2016-12-17 19:00:00,2016-12-17 20:00:00,1,Beijing,XGBoost,267.594805,269.3839,test
2016-12-17 20:00:00,2016-12-17 21:00:00,1,Beijing,XGBoost,258.877056,268.29416,test
2016-12-17 21:00:00,2016-12-17 22:00:00,1,Beijing,XGBoost,254.522944,265.9913,test
2016-12-17 22:00:00,2016-12-17 23:00:00,1,Beijing,XGBoost,246.441558,253.65678,test
2016-12-17 23:00:00,2016-12-18 00:00:00,1,Beijing,XGBoost,243.978355,242.29037,test
2016-12-18 00:00:00,2016-12-18 01:00:00,1,Beijing,XGBoost,241.219697,241.63332,test
2016-12-18 01:00:00,2016-12-18 02:00:00,1,Beijing,XGBoost,238.772727,230.91666,test
2016-12-18 02:00:00,2016-12-18 03:00:00,1,Beijing,XGBoost,226.295455,229.18001,test
2016-12-18 03:00:00,2016-12-18 04:00:00,1,Beijing,XGBoost,220.818182,219.88754,test
2016-12-18 04:00:00,2016-12-18 05:00:00,1,Beijing,XGBoost,220.583333,214.94286,test
2016-12-18 05:00:00,2016-12-18 06:00:00,1,Beijing,XGBoost,215.166667,216.95956,test
2016-12-18 06:00:00,2016-12-18 07:00:00,1,Beijing,XGBoost,211.583333,209.03612,test
2016-12-18 07:00:00,2016-12-18 08:00:00,1,Beijing,XGBoost,199.25,206.33275,test
2016-12-18 08:00:00,2016-12-18 09:00:00,1,Beijing,XGBoost,188.416667,192.96355,test
2016-12-18 09:00:00,2016-12-18 10:00:00,1,Beijing,XGBoost,178.916667,186.57866,test
2016-12-18 10:00:00,2016-12-18 11:00:00,1,Beijing,XGBoost,182.916667,174.60536,test
2016-12-18 11:00:00,2016-12-18 12:00:00,1,Beijing,XGBoost,191.75,190.85959,test
2016-12-18 12:00:00,2016-12-18 13:00:00,1,Beijing,XGBoost,193.833333,201.24272,test
2016-12-18 13:00:00,2016-12-18 14:00:00,1,Beijing,XGBoost,203.333333,202.85211,test
2016-12-18 14:00:00,2016-12-18 15:00:00,1,Beijing,XGBoost,207.833333,208.8123,test
2016-12-18 15:00:00,2016-12-18 16:00:00,1,Beijing,XGBoost,204.666667,215.76071,test
2016-12-18 16:00:00,2016-12-18 17:00:00,1,Beijing,XGBoost,204.916667,217.6423,test
2016-12-18 17:00:00,2016-12-18 18:00:00,1,Beijing,XGBoost,215.416667,215.1549,test
2016-12-18 18:00:00,2016-12-18 19:00:00,1,Beijing,XGBoost,235.5,228.46591,test
2016-12-18 19:00:00,2016-12-18 20:00:00,1,Beijing,XGBoost,249.083333,253.30899,test
2016-12-18 20:00:00,2016-12-18 21:00:00,1,Beijing,XGBoost,246.166667,262.72833,test
2016-12-18 21:00:00,2016-12-18 22:00:00,1,Beijing,XGBoost,248.083333,241.56522,test
2016-12-18 22:00:00,2016-12-18 23:00:00,1,Beijing,XGBoost,240.75,244.36755,test
2016-12-18 23:00:00,2016-12-19 00:00:00,1,Beijing,XGBoost,240.166667,234.95247,test
2016-12-19 00:00:00,2016-12-19 01:00:00,1,Beijing,XGBoost,231.333333,234.04391,test
2016-12-19 01:00:00,2016-12-19 02:00:00,1,Beijing,XGBoost,220.833333,224.95804,test
2016-12-19 02:00:00,2016-12-19 03:00:00,1,Beijing,XGBoost,218.0,217.17729,test
2016-12-19 03:00:00,2016-12-19 04:00:00,1,Beijing,XGBoost,210.708333,211.24709,test
2016-12-19 04:00:00,2016-12-19 05:00:00,1,Beijing,XGBoost,214.833333,207.42342,test
2016-12-19 05:00:00,2016-12-19 06:00:00,1,Beijing,XGBoost,211.25,210.94798,test
2016-12-19 06:00:00,2016-12-19 07:00:00,1,Beijing,XGBoost,196.25,208.01967,test
2016-12-19 07:00:00,2016-12-19 08:00:00,1,Beijing,XGBoost,183.583333,188.2427,test
2016-12-19 08:00:00,2016-12-19 09:00:00,1,Beijing,XGBoost,164.583333,180.33446,test
2016-12-19 09:00:00,2016-12-19 10:00:00,1,Beijing,XGBoost,166.583333,155.45454,test
2016-12-19 10:00:00,2016-12-19 11:00:00,1,Beijing,XGBoost,170.0,160.28134,test
2016-12-19 11:00:00,2016-12-19 12:00:00,1,Beijing,XGBoost,169.833333,176.99205,test
2016-12-19 12:00:00,2016-12-19 13:00:00,1,Beijing,XGBoost,178.25,178.08502,test
2016-12-19 13:00:00,2016-12-19 14:00:00,1,Beijing,XGBoost,185.833333,182.85118,test
2016-12-19 14:00:00,2016-12-19 15:00:00,1,Beijing,XGBoost,185.75,193.42079,test
2016-12-19 15:00:00,2016-12-19 16:00:00,1,Beijing,XGBoost,186.083333,194.49695,test
2016-12-19 16:00:00,2016-12-19 17:00:00,1,Beijing,XGBoost,187.666667,196.44107,test
2016-12-19 17:00:00,2016-12-19 18:00:00,1,Beijing,XGBoost,187.333333,196.36609,test
2016-12-19 18:00:00,2016-12-19 19:00:00,1,Beijing,XGBoost,197.833333,196.42796,test
2016-12-19 19:00:00,2016-12-19 20:00:00,1,Beijing,XGBoost,226.083333,207.48816,test
2016-12-19 20:00:00,2016-12-19 21:00:00,1,Beijing,XGBoost,253.272727,236.95665,test
2016-12-19 21:00:00,2016-12-19 22:00:00,1,Beijing,XGBoost,238.0625,258.1826,test
2016-12-19 22:00:00,2016-12-19 23:00:00,1,Beijing,XGBoost,236.0,240.90869,test
2016-12-19 23:00:00,2016-12-20 00:00:00,1,Beijing,XGBoost,237.6375,238.13812,test
2016-12-20 00:00:00,2016-12-20 01:00:00,1,Beijing,XGBoost,236.025,231.97066,test
2016-12-20 01:00:00,2016-12-20 02:00:00,1,Beijing,XGBoost,223.6,232.40327,test
2016-12-20 02:00:00,2016-12-20 03:00:00,1,Beijing,XGBoost,212.914286,219.49544,test
2016-12-20 03:00:00,2016-12-20 04:00:00,1,Beijing,XGBoost,235.190476,205.66393,test
2016-12-20 04:00:00,2016-12-20 05:00:00,1,Beijing,XGBoost,237.533333,239.18463,test
2016-12-20 05:00:00,2016-12-20 06:00:00,1,Beijing,XGBoost,248.6,239.13513,test
2016-12-20 06:00:00,2016-12-20 07:00:00,1,Beijing,XGBoost,244.0,235.46979,test
2016-12-20 07:00:00,2016-12-20 08:00:00,1,Beijing,XGBoost,252.4,236.25406,test
2016-12-20 08:00:00,2016-12-20 09:00:00,1,Beijing,XGBoost,268.314286,247.60297,test
2016-12-20 09:00:00,2016-12-20 10:00:00,1,Beijing,XGBoost,263.425,266.66553,test
2016-12-20 10:00:00,2016-12-20 11:00:00,1,Beijing,XGBoost,267.657143,268.07275,test
2016-12-20 11:00:00,2016-12-20 12:00:00,1,Beijing,XGBoost,266.133333,267.61127,test
2016-12-20 12:00:00,2016-12-20 13:00:00,1,Beijing,XGBoost,269.285714,267.9524,test
2016-12-20 13:00:00,2016-12-20 14:00:00,1,Beijing,XGBoost,273.5,271.86847,test
2016-12-20 14:00:00,2016-12-20 15:00:00,1,Beijing,XGBoost,270.791667,272.63028,test
2016-12-20 15:00:00,2016-12-20 16:00:00,1,Beijing,XGBoost,169.444444,277.10422,test
2016-12-20 16:00:00,2016-12-20 17:00:00,1,Beijing,XGBoost,222.166667,145.9057,test
2016-12-20 17:00:00,2016-12-20 18:00:00,1,Beijing,XGBoost,266.833333,213.26949,test
2016-12-20 18:00:00,2016-12-20 19:00:00,1,Beijing,XGBoost,300.833333,269.53967,test
2016-12-20 19:00:00,2016-12-20 20:00:00,1,Beijing,XGBoost,305.0,288.53323,test
2016-12-20 20:00:00,2016-12-20 21:00:00,1,Beijing,XGBoost,302.0,285.27298,test
2016-12-20 21:00:00,2016-12-20 22:00:00,1,Beijing,XGBoost,317.0,293.0609,test
2016-12-20 22:00:00,2016-12-20 23:00:00,1,Beijing,XGBoost,321.4,291.03,test
2016-12-20 23:00:00,2016-12-21 00:00:00,1,Beijing,XGBoost,321.8,291.78284,test
2016-12-21 00:00:00,2016-12-21 01:00:00,1,Beijing,XGBoost,322.2,291.81183,test
2016-12-21 01:00:00,2016-12-21 02:00:00,1,Beijing,XGBoost,316.1,291.08853,test
2016-12-21 02:00:00,2016-12-21 03:00:00,1,Beijing,XGBoost,298.0,288.2743,test
2016-12-21 03:00:00,2016-12-21 04:00:00,1,Beijing,XGBoost,282.0,287.88815,test
2016-12-21 04:00:00,2016-12-21 05:00:00,1,Beijing,XGBoost,275.5,277.09186,test
2016-12-21 05:00:00,2016-12-21 06:00:00,1,Beijing,XGBoost,282.0,260.91815,test
2016-12-21 06:00:00,2016-12-21 07:00:00,1,Beijing,XGBoost,272.5,270.16956,test
2016-12-21 07:00:00,2016-12-21 08:00:00,1,Beijing,XGBoost,286.0,265.11243,test
2016-12-21 08:00:00,2016-12-21 09:00:00,1,Beijing,XGBoost,315.5,280.5208,test
2016-12-21 09:00:00,2016-12-21 10:00:00,1,Beijing,XGBoost,334.0,282.5909,test
2016-12-21 10:00:00,2016-12-21 11:00:00,1,Beijing,XGBoost,342.0,284.09174,test
2016-12-21 13:00:00,2016-12-21 14:00:00,1,Beijing,XGBoost,340.0,308.3396,test
2016-12-21 15:00:00,2016-12-21 16:00:00,1,Beijing,XGBoost,318.5,313.07864,test
2016-12-22 00:00:00,2016-12-22 01:00:00,1,Beijing,XGBoost,127.0,301.45038,test
2016-12-22 01:00:00,2016-12-22 02:00:00,1,Beijing,XGBoost,105.333333,163.17792,test
2016-12-22 02:00:00,2016-12-22 03:00:00,1,Beijing,XGBoost,82.25,156.13939,test
2016-12-22 03:00:00,2016-12-22 04:00:00,1,Beijing,XGBoost,89.285714,47.77963,test
2016-12-22 04:00:00,2016-12-22 05:00:00,1,Beijing,XGBoost,34.8,70.19366,test
2016-12-22 05:00:00,2016-12-22 06:00:00,1,Beijing,XGBoost,11.8,47.29309,test
2016-12-22 06:00:00,2016-12-22 07:00:00,1,Beijing,XGBoost,27.25,55.5258,test
2016-12-22 07:00:00,2016-12-22 08:00:00,1,Beijing,XGBoost,13.833333,24.889038,test
2016-12-22 08:00:00,2016-12-22 09:00:00,1,Beijing,XGBoost,13.166667,19.661295,test
2016-12-22 09:00:00,2016-12-22 10:00:00,1,Beijing,XGBoost,15.25,12.424189,test
2016-12-22 10:00:00,2016-12-22 11:00:00,1,Beijing,XGBoost,14.416667,14.641282,test
2016-12-22 11:00:00,2016-12-22 12:00:00,1,Beijing,XGBoost,13.916667,14.271741,test
2016-12-22 12:00:00,2016-12-22 13:00:00,1,Beijing,XGBoost,12.833333,13.488761,test
2016-12-22 13:00:00,2016-12-22 14:00:00,1,Beijing,XGBoost,11.833333,13.065696,test
2016-12-22 14:00:00,2016-12-22 15:00:00,1,Beijing,XGBoost,12.416667,11.679549,test
2016-12-22 15:00:00,2016-12-22 16:00:00,1,Beijing,XGBoost,9.416667,12.028124,test
2016-12-22 16:00:00,2016-12-22 17:00:00,1,Beijing,XGBoost,8.333333,9.775844,test
2016-12-22 17:00:00,2016-12-22 18:00:00,1,Beijing,XGBoost,7.75,9.018125,test
2016-12-22 18:00:00,2016-12-22 19:00:00,1,Beijing,XGBoost,10.083333,8.151472,test
2016-12-22 19:00:00,2016-12-22 20:00:00,1,Beijing,XGBoost,12.75,9.751398,test
2016-12-22 20:00:00,2016-12-22 21:00:00,1,Beijing,XGBoost,13.833333,12.106924,test
2016-12-22 21:00:00,2016-12-22 22:00:00,1,Beijing,XGBoost,12.333333,14.709803,test
2016-12-22 22:00:00,2016-12-22 23:00:00,1,Beijing,XGBoost,11.75,12.57901,test
2016-12-22 23:00:00,2016-12-23 00:00:00,1,Beijing,XGBoost,13.333333,12.593797,test
2016-12-23 00:00:00,2016-12-23 01:00:00,1,Beijing,XGBoost,15.083333,12.915353,test
2016-12-23 01:00:00,2016-12-23 02:00:00,1,Beijing,XGBoost,17.833333,14.743791,test
2016-12-23 02:00:00,2016-12-23 03:00:00,1,Beijing,XGBoost,16.166667,17.583345,test
2016-12-23 03:00:00,2016-12-23 04:00:00,1,Beijing,XGBoost,17.0,14.91229,test
2016-12-23 04:00:00,2016-12-23 05:00:00,1,Beijing,XGBoost,14.916667,16.686611,test
2016-12-23 05:00:00,2016-12-23 06:00:00,1,Beijing,XGBoost,14.666667,14.29909,test
2016-12-23 06:00:00,2016-12-23 07:00:00,1,Beijing,XGBoost,14.388889,13.57188,test
2016-12-23 07:00:00,2016-12-23 08:00:00,1,Beijing,XGBoost,14.194444,15.367572,test
2016-12-23 08:00:00,2016-12-23 09:00:00,1,Beijing,XGBoost,17.083333,15.861413,test
2016-12-23 09:00:00,2016-12-23 10:00:00,1,Beijing,XGBoost,16.25,18.859596,test
2016-12-23 10:00:00,2016-12-23 11:00:00,1,Beijing,XGBoost,18.25,15.983055,test
2016-12-23 11:00:00,2016-12-23 12:00:00,1,Beijing,XGBoost,21.333333,18.77269,test
2016-12-23 12:00:00,2016-12-23 13:00:00,1,Beijing,XGBoost,20.638889,22.00019,test
2016-12-23 13:00:00,2016-12-23 14:00:00,1,Beijing,XGBoost,19.777778,22.176247,test
2016-12-23 14:00:00,2016-12-23 15:00:00,1,Beijing,XGBoost,24.083333,21.290615,test
2016-12-23 15:00:00,2016-12-23 16:00:00,1,Beijing,XGBoost,18.083333,28.44261,test
2016-12-23 16:00:00,2016-12-23 17:00:00,1,Beijing,XGBoost,20.833333,21.273138,test
2016-12-23 17:00:00,2016-12-23 18:00:00,1,Beijing,XGBoost,29.666667,27.158117,test
2016-12-23 18:00:00,2016-12-23 19:00:00,1,Beijing,XGBoost,47.416667,39.96587,test
2016-12-23 19:00:00,2016-12-23 20:00:00,1,Beijing,XGBoost,64.25,60.733074,test
2016-12-23 20:00:00,2016-12-23 21:00:00,1,Beijing,XGBoost,71.0,75.548676,test
2016-12-23 21:00:00,2016-12-23 22:00:00,1,Beijing,XGBoost,74.25,82.24369,test
2016-12-23 22:00:00,2016-12-23 23:00:00,1,Beijing,XGBoost,74.833333,77.286545,test
2016-12-23 23:00:00,2016-12-24 00:00:00,1,Beijing,XGBoost,78.416667,74.918755,test
2016-12-24 00:00:00,2016-12-24 01:00:00,1,Beijing,XGBoost,76.416667,78.59018,test
2016-12-24 01:00:00,2016-12-24 02:00:00,1,Beijing,XGBoost,79.333333,77.13731,test
2016-12-24 02:00:00,2016-12-24 03:00:00,1,Beijing,XGBoost,82.916667,78.87858,test
2016-12-24 03:00:00,2016-12-24 04:00:00,1,Beijing,XGBoost,84.083333,81.20907,test
2016-12-24 04:00:00,2016-12-24 05:00:00,1,Beijing,XGBoost,89.583333,83.46077,test
2016-12-24 05:00:00,2016-12-24 06:00:00,1,Beijing,XGBoost,89.416667,88.36645,test
2016-12-24 06:00:00,2016-12-24 07:00:00,1,Beijing,XGBoost,96.666667,87.52999,test
2016-12-24 07:00:00,2016-12-24 08:00:00,1,Beijing,XGBoost,100.166667,96.19011,test
2016-12-24 08:00:00,2016-12-24 09:00:00,1,Beijing,XGBoost,103.75,105.942726,test
2016-12-24 09:00:00,2016-12-24 10:00:00,1,Beijing,XGBoost,102.25,111.5916,test
2016-12-24 10:00:00,2016-12-24 11:00:00,1,Beijing,XGBoost,103.583333,108.15769,test
2016-12-24 11:00:00,2016-12-24 12:00:00,1,Beijing,XGBoost,110.416667,106.58324,test
2016-12-24 12:00:00,2016-12-24 13:00:00,1,Beijing,XGBoost,120.416667,114.34001,test
2016-12-24 13:00:00,2016-12-24 14:00:00,1,Beijing,XGBoost,127.75,123.86098,test
2016-12-24 14:00:00,2016-12-24 15:00:00,1,Beijing,XGBoost,124.666667,134.76994,test
2016-12-24 15:00:00,2016-12-24 16:00:00,1,Beijing,XGBoost,125.916667,132.53879,test
2016-12-24 16:00:00,2016-12-24 17:00:00,1,Beijing,XGBoost,135.416667,131.0296,test
2016-12-24 17:00:00,2016-12-24 18:00:00,1,Beijing,XGBoost,146.166667,146.57785,test
2016-12-24 18:00:00,2016-12-24 19:00:00,1,Beijing,XGBoost,148.25,159.20166,test
2016-12-24 19:00:00,2016-12-24 20:00:00,1,Beijing,XGBoost,147.0,160.97183,test
2016-12-24 20:00:00,2016-12-24 21:00:00,1,Beijing,XGBoost,152.416667,155.40532,test
2016-12-24 21:00:00,2016-12-24 22:00:00,1,Beijing,XGBoost,157.0,155.57492,test
2016-12-24 22:00:00,2016-12-24 23:00:00,1,Beijing,XGBoost,156.083333,161.84377,test
2016-12-24 23:00:00,2016-12-25 00:00:00,1,Beijing,XGBoost,161.083333,154.5088,test
2016-12-25 00:00:00,2016-12-25 01:00:00,1,Beijing,XGBoost,168.916667,160.97812,test
2016-12-25 01:00:00,2016-12-25 02:00:00,1,Beijing,XGBoost,166.454545,169.95483,test
2016-12-25 02:00:00,2016-12-25 03:00:00,1,Beijing,XGBoost,158.454545,164.81946,test
2016-12-25 03:00:00,2016-12-25 04:00:00,1,Beijing,XGBoost,156.090909,152.35597,test
2016-12-25 04:00:00,2016-12-25 05:00:00,1,Beijing,XGBoost,143.363636,150.08264,test
2016-12-25 05:00:00,2016-12-25 06:00:00,1,Beijing,XGBoost,133.818182,134.48074,test
2016-12-25 06:00:00,2016-12-25 07:00:00,1,Beijing,XGBoost,125.727273,124.230545,test
2016-12-25 07:00:00,2016-12-25 08:00:00,1,Beijing,XGBoost,121.909091,114.648384,test
2016-12-25 08:00:00,2016-12-25 09:00:00,1,Beijing,XGBoost,121.181818,123.37519,test
2016-12-25 09:00:00,2016-12-25 10:00:00,1,Beijing,XGBoost,116.416667,126.76841,test
2016-12-25 10:00:00,2016-12-25 11:00:00,1,Beijing,XGBoost,121.166667,117.651566,test
2016-12-25 11:00:00,2016-12-25 12:00:00,1,Beijing,XGBoost,124.5,127.3061,test
2016-12-25 12:00:00,2016-12-25 13:00:00,1,Beijing,XGBoost,128.166667,130.68547,test
2016-12-25 13:00:00,2016-12-25 14:00:00,1,Beijing,XGBoost,129.25,134.93059,test
2016-12-25 14:00:00,2016-12-25 15:00:00,1,Beijing,XGBoost,135.333333,137.42094,test
2016-12-25 15:00:00,2016-12-25 16:00:00,1,Beijing,XGBoost,140.5,143.20515,test
2016-12-25 16:00:00,2016-12-25 17:00:00,1,Beijing,XGBoost,143.583333,148.23793,test
2016-12-25 17:00:00,2016-12-25 18:00:00,1,Beijing,XGBoost,148.083333,153.39525,test
2016-12-25 18:00:00,2016-12-25 19:00:00,1,Beijing,XGBoost,154.0,157.18877,test
2016-12-25 19:00:00,2016-12-25 20:00:00,1,Beijing,XGBoost,165.416667,159.86755,test
2016-12-25 20:00:00,2016-12-25 21:00:00,1,Beijing,XGBoost,172.916667,172.3902,test
2016-12-25 21:00:00,2016-12-25 22:00:00,1,Beijing,XGBoost,175.333333,178.85902,test
2016-12-25 22:00:00,2016-12-25 23:00:00,1,Beijing,XGBoost,180.583333,179.46773,test
2016-12-25 23:00:00,2016-12-26 00:00:00,1,Beijing,XGBoost,175.75,181.11539,test
2016-12-26 00:00:00,2016-12-26 01:00:00,1,Beijing,XGBoost,171.333333,177.62605,test
2016-12-26 01:00:00,2016-12-26 02:00:00,1,Beijing,XGBoost,157.5,168.42876,test
2016-12-26 02:00:00,2016-12-26 03:00:00,1,Beijing,XGBoost,151.333333,150.52655,test
2016-12-26 03:00:00,2016-12-26 04:00:00,1,Beijing,XGBoost,135.666667,141.67795,test
2016-12-26 04:00:00,2016-12-26 05:00:00,1,Beijing,XGBoost,109.083333,121.08882,test
2016-12-26 05:00:00,2016-12-26 06:00:00,1,Beijing,XGBoost,58.0,90.2226,test
2016-12-26 06:00:00,2016-12-26 07:00:00,1,Beijing,XGBoost,34.333333,42.67253,test
2016-12-26 07:00:00,2016-12-26 08:00:00,1,Beijing,XGBoost,24.333333,27.097662,test
2016-12-26 08:00:00,2016-12-26 09:00:00,1,Beijing,XGBoost,22.333333,22.409033,test
2016-12-26 09:00:00,2016-12-26 10:00:00,1,Beijing,XGBoost,21.5,21.165041,test
2016-12-26 10:00:00,2016-12-26 11:00:00,1,Beijing,XGBoost,28.083333,20.464407,test
2016-12-26 11:00:00,2016-12-26 12:00:00,1,Beijing,XGBoost,18.5,27.770561,test
2016-12-26 12:00:00,2016-12-26 13:00:00,1,Beijing,XGBoost,17.75,16.878124,test
2016-12-26 13:00:00,2016-12-26 14:00:00,1,Beijing,XGBoost,15.5,16.599558,test
2016-12-26 14:00:00,2016-12-26 15:00:00,1,Beijing,XGBoost,13.916667,15.126883,test
2016-12-26 15:00:00,2016-12-26 16:00:00,1,Beijing,XGBoost,10.5,13.579012,test
2016-12-26 16:00:00,2016-12-26 17:00:00,1,Beijing,XGBoost,11.833333,11.903967,test
2016-12-26 17:00:00,2016-12-26 18:00:00,1,Beijing,XGBoost,11.416667,14.079703,test
2016-12-26 18:00:00,2016-12-26 19:00:00,1,Beijing,XGBoost,12.666667,16.859472,test
2016-12-26 19:00:00,2016-12-26 20:00:00,1,Beijing,XGBoost,14.083333,19.186646,test
2016-12-26 20:00:00,2016-12-26 21:00:00,1,Beijing,XGBoost,16.75,19.255161,test
2016-12-26 21:00:00,2016-12-26 22:00:00,1,Beijing,XGBoost,15.916667,19.445734,test
2016-12-26 22:00:00,2016-12-26 23:00:00,1,Beijing,XGBoost,16.083333,16.118784,test
2016-12-26 23:00:00,2016-12-27 00:00:00,1,Beijing,XGBoost,13.75,16.273075,test
2016-12-27 00:00:00,2016-12-27 01:00:00,1,Beijing,XGBoost,12.166667,14.091336,test
2016-12-27 01:00:00,2016-12-27 02:00:00,1,Beijing,XGBoost,13.916667,13.254311,test
2016-12-27 02:00:00,2016-12-27 03:00:00,1,Beijing,XGBoost,15.583333,13.851978,test
2016-12-27 03:00:00,2016-12-27 04:00:00,1,Beijing,XGBoost,18.0,15.408527,test
2016-12-27 04:00:00,2016-12-27 05:00:00,1,Beijing,XGBoost,16.166667,18.346865,test
2016-12-27 05:00:00,2016-12-27 06:00:00,1,Beijing,XGBoost,13.916667,16.212053,test
2016-12-27 06:00:00,2016-12-27 07:00:00,1,Beijing,XGBoost,14.166667,13.871629,test
2016-12-27 07:00:00,2016-12-27 08:00:00,1,Beijing,XGBoost,19.375,14.916802,test
2016-12-27 08:00:00,2016-12-27 09:00:00,1,Beijing,XGBoost,19.333333,22.088688,test
2016-12-27 09:00:00,2016-12-27 10:00:00,1,Beijing,XGBoost,17.916667,20.847029,test
2016-12-27 10:00:00,2016-12-27 11:00:00,1,Beijing,XGBoost,15.75,17.22645,test
2016-12-27 11:00:00,2016-12-27 12:00:00,1,Beijing,XGBoost,13.555556,14.824359,test
2016-12-27 12:00:00,2016-12-27 13:00:00,1,Beijing,XGBoost,13.444444,12.835159,test
2016-12-27 13:00:00,2016-12-27 14:00:00,1,Beijing,XGBoost,14.916667,13.223269,test
2016-12-27 14:00:00,2016-12-27 15:00:00,1,Beijing,XGBoost,15.083333,15.38789,test
2016-12-27 15:00:00,2016-12-27 16:00:00,1,Beijing,XGBoost,15.0,16.627424,test
2016-12-27 16:00:00,2016-12-27 17:00:00,1,Beijing,XGBoost,14.583333,18.489296,test
2016-12-27 17:00:00,2016-12-27 18:00:00,1,Beijing,XGBoost,22.333333,18.596016,test
2016-12-27 18:00:00,2016-12-27 19:00:00,1,Beijing,XGBoost,46.666667,26.848293,test
2016-12-27 19:00:00,2016-12-27 20:00:00,1,Beijing,XGBoost,74.833333,54.573334,test
2016-12-27 20:00:00,2016-12-27 21:00:00,1,Beijing,XGBoost,112.416667,92.54519,test
2016-12-27 21:00:00,2016-12-27 22:00:00,1,Beijing,XGBoost,102.083333,119.23659,test
2016-12-27 22:00:00,2016-12-27 23:00:00,1,Beijing,XGBoost,115.583333,105.5425,test
2016-12-27 23:00:00,2016-12-28 00:00:00,1,Beijing,XGBoost,124.166667,107.60248,test
2016-12-28 00:00:00,2016-12-28 01:00:00,1,Beijing,XGBoost,129.666667,123.83688,test
2016-12-28 01:00:00,2016-12-28 02:00:00,1,Beijing,XGBoost,135.166667,132.75658,test
2016-12-28 02:00:00,2016-12-28 03:00:00,1,Beijing,XGBoost,142.166667,137.94997,test
2016-12-28 03:00:00,2016-12-28 04:00:00,1,Beijing,XGBoost,151.0,141.51935,test
2016-12-28 04:00:00,2016-12-28 05:00:00,1,Beijing,XGBoost,149.333333,155.0673,test
2016-12-28 05:00:00,2016-12-28 06:00:00,1,Beijing,XGBoost,150.0,148.5169,test
2016-12-28 06:00:00,2016-12-28 07:00:00,1,Beijing,XGBoost,131.5,146.90862,test
2016-12-28 07:00:00,2016-12-28 08:00:00,1,Beijing,XGBoost,121.083333,125.46017,test
2016-12-28 08:00:00,2016-12-28 09:00:00,1,Beijing,XGBoost,112.666667,118.21468,test
2016-12-28 09:00:00,2016-12-28 10:00:00,1,Beijing,XGBoost,89.916667,92.91053,test
2016-12-28 10:00:00,2016-12-28 11:00:00,1,Beijing,XGBoost,56.833333,65.22673,test
2016-12-28 11:00:00,2016-12-28 12:00:00,1,Beijing,XGBoost,32.375,32.177258,test
2016-12-28 12:00:00,2016-12-28 13:00:00,1,Beijing,XGBoost,19.583333,18.104982,test
2016-12-28 13:00:00,2016-12-28 14:00:00,1,Beijing,XGBoost,14.833333,13.168296,test
2016-12-28 14:00:00,2016-12-28 15:00:00,1,Beijing,XGBoost,13.645833,13.648697,test
2016-12-28 15:00:00,2016-12-28 16:00:00,1,Beijing,XGBoost,9.458333,13.2655945,test
2016-12-28 16:00:00,2016-12-28 17:00:00,1,Beijing,XGBoost,9.854167,10.067285,test
2016-12-28 17:00:00,2016-12-28 18:00:00,1,Beijing,XGBoost,9.770833,10.342673,test
2016-12-28 18:00:00,2016-12-28 19:00:00,1,Beijing,XGBoost,9.583333,10.130796,test
2016-12-28 19:00:00,2016-12-28 20:00:00,1,Beijing,XGBoost,8.895833,10.352338,test
2016-12-28 20:00:00,2016-12-28 21:00:00,1,Beijing,XGBoost,10.0,10.128411,test
2016-12-28 21:00:00,2016-12-28 22:00:00,1,Beijing,XGBoost,8.666667,12.336186,test
2016-12-28 22:00:00,2016-12-28 23:00:00,1,Beijing,XGBoost,9.0,8.541866,test
2016-12-28 23:00:00,2016-12-29 00:00:00,1,Beijing,XGBoost,10.0,8.658939,test
2016-12-29 00:00:00,2016-12-29 01:00:00,1,Beijing,XGBoost,12.833333,8.667746,test
2016-12-29 01:00:00,2016-12-29 02:00:00,1,Beijing,XGBoost,13.0,11.745021,test
2016-12-29 02:00:00,2016-12-29 03:00:00,1,Beijing,XGBoost,12.25,12.482838,test
2016-12-29 03:00:00,2016-12-29 04:00:00,1,Beijing,XGBoost,10.916667,11.979717,test
2016-12-29 04:00:00,2016-12-29 05:00:00,1,Beijing,XGBoost,10.333333,11.558318,test
2016-12-29 05:00:00,2016-12-29 06:00:00,1,Beijing,XGBoost,9.916667,10.103485,test
2016-12-29 06:00:00,2016-12-29 07:00:00,1,Beijing,XGBoost,10.0,9.85613,test
2016-12-29 07:00:00,2016-12-29 08:00:00,1,Beijing,XGBoost,11.833333,9.998046,test
2016-12-29 08:00:00,2016-12-29 09:00:00,1,Beijing,XGBoost,13.083333,13.950302,test
2016-12-29 09:00:00,2016-12-29 10:00:00,1,Beijing,XGBoost,15.166667,14.870657,test
2016-12-29 10:00:00,2016-12-29 11:00:00,1,Beijing,XGBoost,15.166667,16.691902,test
2016-12-29 11:00:00,2016-12-29 12:00:00,1,Beijing,XGBoost,17.958333,16.27108,test
2016-12-29 12:00:00,2016-12-29 13:00:00,1,Beijing,XGBoost,30.75,19.266052,test
2016-12-29 13:00:00,2016-12-29 14:00:00,1,Beijing,XGBoost,39.875,34.554996,test
2016-12-29 14:00:00,2016-12-29 15:00:00,1,Beijing,XGBoost,46.333333,44.401863,test
2016-12-29 15:00:00,2016-12-29 16:00:00,1,Beijing,XGBoost,46.916667,50.88357,test
2016-12-29 16:00:00,2016-12-29 17:00:00,1,Beijing,XGBoost,52.083333,53.060066,test
2016-12-29 17:00:00,2016-12-29 18:00:00,1,Beijing,XGBoost,53.083333,60.297436,test
2016-12-29 18:00:00,2016-12-29 19:00:00,1,Beijing,XGBoost,58.416667,59.00876,test
2016-12-29 19:00:00,2016-12-29 20:00:00,1,Beijing,XGBoost,79.0,65.82786,test
2016-12-29 20:00:00,2016-12-29 21:00:00,1,Beijing,XGBoost,120.916667,90.68399,test
2016-12-29 21:00:00,2016-12-29 22:00:00,1,Beijing,XGBoost,143.0,138.50427,test
2016-12-29 22:00:00,2016-12-29 23:00:00,1,Beijing,XGBoost,187.416667,156.6984,test
2016-12-29 23:00:00,2016-12-30 00:00:00,1,Beijing,XGBoost,183.72,189.70807,test
2016-12-30 00:00:00,2016-12-30 01:00:00,1,Beijing,XGBoost,195.39,188.9683,test
2016-12-30 01:00:00,2016-12-30 02:00:00,1,Beijing,XGBoost,185.21,191.06894,test
2016-12-30 02:00:00,2016-12-30 03:00:00,1,Beijing,XGBoost,177.863333,178.64793,test
2016-12-30 03:00:00,2016-12-30 04:00:00,1,Beijing,XGBoost,166.966667,168.96352,test
2016-12-30 04:00:00,2016-12-30 05:00:00,1,Beijing,XGBoost,134.1,150.9506,test
2016-12-30 05:00:00,2016-12-30 06:00:00,1,Beijing,XGBoost,132.05,123.786285,test
2016-12-30 06:00:00,2016-12-30 07:00:00,1,Beijing,XGBoost,142.666667,122.966644,test
2016-12-30 07:00:00,2016-12-30 08:00:00,1,Beijing,XGBoost,130.083333,143.11172,test
2016-12-30 08:00:00,2016-12-30 09:00:00,1,Beijing,XGBoost,129.541667,132.1129,test
2016-12-30 09:00:00,2016-12-30 10:00:00,1,Beijing,XGBoost,120.5,128.7086,test
2016-12-30 10:00:00,2016-12-30 11:00:00,1,Beijing,XGBoost,129.416667,117.52167,test
2016-12-30 11:00:00,2016-12-30 12:00:00,1,Beijing,XGBoost,132.875,130.48581,test
2016-12-30 12:00:00,2016-12-30 13:00:00,1,Beijing,XGBoost,129.5,135.23076,test
2016-12-30 13:00:00,2016-12-30 14:00:00,1,Beijing,XGBoost,142.583333,133.49284,test
2016-12-30 14:00:00,2016-12-30 15:00:00,1,Beijing,XGBoost,143.0,145.4315,test
2016-12-30 15:00:00,2016-12-30 16:00:00,1,Beijing,XGBoost,156.916667,149.31989,test
2016-12-30 16:00:00,2016-12-30 17:00:00,1,Beijing,XGBoost,194.833333,162.64236,test
2016-12-30 17:00:00,2016-12-30 18:00:00,1,Beijing,XGBoost,233.995833,207.21194,test
2016-12-30 18:00:00,2016-12-30 19:00:00,1,Beijing,XGBoost,248.977778,238.26968,test
2016-12-30 19:00:00,2016-12-30 20:00:00,1,Beijing,XGBoost,256.626389,260.537,test
2016-12-30 20:00:00,2016-12-30 21:00:00,1,Beijing,XGBoost,262.858333,265.4464,test
2016-12-30 21:00:00,2016-12-30 22:00:00,1,Beijing,XGBoost,261.944444,267.4167,test
2016-12-30 22:00:00,2016-12-30 23:00:00,1,Beijing,XGBoost,256.347222,260.801,test
2016-12-30 23:00:00,2016-12-31 00:00:00,1,Beijing,XGBoost,254.666667,259.67105,test
2016-12-31 00:00:00,2016-12-31 01:00:00,1,Beijing,XGBoost,247.775,249.46497,test
2016-12-31 01:00:00,2016-12-31 02:00:00,1,Beijing,XGBoost,245.597619,239.04199,test
2016-12-31 02:00:00,2016-12-31 03:00:00,1,Beijing,XGBoost,244.753571,239.21153,test
2016-12-31 03:00:00,2016-12-31 04:00:00,1,Beijing,XGBoost,234.597024,234.9957,test
2016-12-31 04:00:00,2016-12-31 05:00:00,1,Beijing,XGBoost,230.89881,219.5356,test
2016-12-31 05:00:00,2016-12-31 06:00:00,1,Beijing,XGBoost,230.092262,218.18036,test
2016-12-31 06:00:00,2016-12-31 07:00:00,1,Beijing,XGBoost,223.619048,223.026,test
2016-12-31 07:00:00,2016-12-31 08:00:00,1,Beijing,XGBoost,210.333333,221.25189,test
2016-12-31 08:00:00,2016-12-31 09:00:00,1,Beijing,XGBoost,193.166667,206.35228,test
2016-12-31 09:00:00,2016-12-31 10:00:00,1,Beijing,XGBoost,176.0,190.39459,test
2016-12-31 10:00:00,2016-12-31 11:00:00,1,Beijing,XGBoost,193.909091,172.85382,test
2016-12-31 11:00:00,2016-12-31 12:00:00,1,Beijing,XGBoost,195.636364,194.35982,test
2016-12-31 12:00:00,2016-12-31 13:00:00,1,Beijing,XGBoost,207.272727,203.6144,test
2016-12-31 13:00:00,2016-12-31 14:00:00,1,Beijing,XGBoost,228.363636,215.0042,test
2016-12-31 14:00:00,2016-12-31 15:00:00,1,Beijing,XGBoost,227.625,234.1568,test
2016-12-31 15:00:00,2016-12-31 16:00:00,1,Beijing,XGBoost,189.95,236.67686,test
2016-12-31 16:00:00,2016-12-31 17:00:00,1,Beijing,XGBoost,210.4,190.81998,test
2016-12-31 17:00:00,2016-12-31 18:00:00,1,Beijing,XGBoost,220.225,214.20581,test
2016-12-31 18:00:00,2016-12-31 19:00:00,1,Beijing,XGBoost,231.3,231.5659,test
2016-12-31 19:00:00,2016-12-31 20:00:00,1,Beijing,XGBoost,241.75,240.30981,test
2016-12-31 20:00:00,2016-12-31 21:00:00,1,Beijing,XGBoost,258.25,247.96245,test
2016-12-31 21:00:00,2016-12-31 22:00:00,1,Beijing,XGBoost,218.666667,263.17798,test
2016-12-31 22:00:00,2016-12-31 23:00:00,1,Beijing,XGBoost,202.0,215.97227,test
2016-12-31 23:00:00,2017-01-01 00:00:00,1,Beijing,XGBoost,198.333333,176.84462,test
2017-01-01 00:00:00,2017-01-01 01:00:00,1,Beijing,XGBoost,227.0,189.91338,test
2017-01-01 01:00:00,2017-01-01 02:00:00,1,Beijing,XGBoost,235.666667,228.84818,test
2017-01-01 02:00:00,2017-01-01 03:00:00,1,Beijing,XGBoost,244.666667,238.27815,test
2017-01-01 03:00:00,2017-01-01 04:00:00,1,Beijing,XGBoost,240.0,243.10985,test
2017-01-01 04:00:00,2017-01-01 05:00:00,1,Beijing,XGBoost,227.416667,232.2189,test
2017-01-01 05:00:00,2017-01-01 06:00:00,1,Beijing,XGBoost,222.833333,220.33972,test
2017-01-01 06:00:00,2017-01-01 07:00:00,1,Beijing,XGBoost,225.75,217.04243,test
2017-01-01 07:00:00,2017-01-01 08:00:00,1,Beijing,XGBoost,225.166667,224.88518,test
2017-01-01 08:00:00,2017-01-01 09:00:00,1,Beijing,XGBoost,233.083333,228.29572,test
2017-01-01 09:00:00,2017-01-01 10:00:00,1,Beijing,XGBoost,238.214286,234.53127,test
2017-01-01 10:00:00,2017-01-01 11:00:00,1,Beijing,XGBoost,246.428571,244.64656,test
2017-01-01 11:00:00,2017-01-01 12:00:00,1,Beijing,XGBoost,254.642857,247.97865,test
2017-01-01 12:00:00,2017-01-01 13:00:00,1,Beijing,XGBoost,244.714286,252.06763,test
2017-01-01 13:00:00,2017-01-01 14:00:00,1,Beijing,XGBoost,254.142857,244.73772,test
2017-01-01 14:00:00,2017-01-01 15:00:00,1,Beijing,XGBoost,263.571429,257.66852,test
2017-01-01 15:00:00,2017-01-01 16:00:00,1,Beijing,XGBoost,273.0,270.7125,test
2017-01-02 01:00:00,2017-01-02 02:00:00,1,Beijing,XGBoost,256.0,269.7675,test
2017-01-02 02:00:00,2017-01-02 03:00:00,1,Beijing,XGBoost,177.0,259.6812,test
2017-01-02 03:00:00,2017-01-02 04:00:00,1,Beijing,XGBoost,103.666667,131.64198,test
2017-01-02 04:00:00,2017-01-02 05:00:00,1,Beijing,XGBoost,170.375,88.64396,test
2017-01-02 05:00:00,2017-01-02 06:00:00,1,Beijing,XGBoost,137.545455,166.33574,test
2017-01-02 06:00:00,2017-01-02 07:00:00,1,Beijing,XGBoost,86.666667,135.35014,test
2017-01-02 07:00:00,2017-01-02 08:00:00,1,Beijing,XGBoost,57.25,72.26089,test
2017-01-02 08:00:00,2017-01-02 09:00:00,1,Beijing,XGBoost,46.666667,41.45987,test
2017-01-02 09:00:00,2017-01-02 10:00:00,1,Beijing,XGBoost,52.583333,39.574207,test
2017-01-02 10:00:00,2017-01-02 11:00:00,1,Beijing,XGBoost,57.133333,54.508133,test
2017-01-02 11:00:00,2017-01-02 12:00:00,1,Beijing,XGBoost,87.933333,56.535107,test
2017-01-02 12:00:00,2017-01-02 13:00:00,1,Beijing,XGBoost,151.191667,89.716675,test
2017-01-02 13:00:00,2017-01-02 14:00:00,1,Beijing,XGBoost,174.866667,157.85605,test
2017-01-02 14:00:00,2017-01-02 15:00:00,1,Beijing,XGBoost,176.75,177.10423,test
2017-01-02 15:00:00,2017-01-02 16:00:00,1,Beijing,XGBoost,205.833333,179.00932,test
2017-01-02 16:00:00,2017-01-02 17:00:00,1,Beijing,XGBoost,211.5,196.72968,test
2017-01-02 17:00:00,2017-01-02 18:00:00,1,Beijing,XGBoost,213.916667,201.44917,test
2017-01-02 18:00:00,2017-01-02 19:00:00,1,Beijing,XGBoost,195.0,204.0159,test
2017-01-02 19:00:00,2017-01-02 20:00:00,1,Beijing,XGBoost,192.083333,188.51161,test
2017-01-02 20:00:00,2017-01-02 21:00:00,1,Beijing,XGBoost,182.5,192.54839,test
2017-01-02 21:00:00,2017-01-02 22:00:00,1,Beijing,XGBoost,189.75,176.5584,test
2017-01-02 22:00:00,2017-01-02 23:00:00,1,Beijing,XGBoost,213.666667,188.98067,test
2017-01-02 23:00:00,2017-01-03 00:00:00,1,Beijing,XGBoost,222.916667,215.5917,test
2017-01-03 00:00:00,2017-01-03 01:00:00,1,Beijing,XGBoost,238.0,219.53899,test
2017-01-03 01:00:00,2017-01-03 02:00:00,1,Beijing,XGBoost,261.5,238.4009,test
2017-01-03 02:00:00,2017-01-03 03:00:00,1,Beijing,XGBoost,264.642857,258.35294,test
2017-01-03 03:00:00,2017-01-03 04:00:00,1,Beijing,XGBoost,258.052381,256.8378,test
2017-01-03 04:00:00,2017-01-03 05:00:00,1,Beijing,XGBoost,247.711905,257.96097,test
2017-01-03 05:00:00,2017-01-03 06:00:00,1,Beijing,XGBoost,245.642262,239.34973,test
2017-01-03 06:00:00,2017-01-03 07:00:00,1,Beijing,XGBoost,243.239286,239.71075,test
2017-01-03 07:00:00,2017-01-03 08:00:00,1,Beijing,XGBoost,234.169643,235.79553,test
2017-01-03 08:00:00,2017-01-03 09:00:00,1,Beijing,XGBoost,219.333333,222.57594,test
2017-01-03 09:00:00,2017-01-03 10:00:00,1,Beijing,XGBoost,221.583333,221.50806,test
2017-01-03 10:00:00,2017-01-03 11:00:00,1,Beijing,XGBoost,216.166667,226.54366,test
2017-01-03 11:00:00,2017-01-03 12:00:00,1,Beijing,XGBoost,216.555556,217.79248,test
2017-01-03 12:00:00,2017-01-03 13:00:00,1,Beijing,XGBoost,223.361111,218.81647,test
2017-01-03 13:00:00,2017-01-03 14:00:00,1,Beijing,XGBoost,221.916667,227.51794,test
2017-01-03 14:00:00,2017-01-03 15:00:00,1,Beijing,XGBoost,217.083333,227.41972,test
2017-01-03 15:00:00,2017-01-03 16:00:00,1,Beijing,XGBoost,222.9,214.4362,test
2017-01-03 16:00:00,2017-01-03 17:00:00,1,Beijing,XGBoost,236.875,227.7155,test
2017-01-03 17:00:00,2017-01-03 18:00:00,1,Beijing,XGBoost,250.285714,247.91048,test
2017-01-03 18:00:00,2017-01-03 19:00:00,1,Beijing,XGBoost,236.2,261.42508,test
2017-01-03 19:00:00,2017-01-03 20:00:00,1,Beijing,XGBoost,196.0,241.9569,test
2017-01-03 20:00:00,2017-01-03 21:00:00,1,Beijing,XGBoost,219.666667,155.2672,test
2017-01-03 21:00:00,2017-01-03 22:00:00,1,Beijing,XGBoost,208.0,221.7598,test
2017-01-03 22:00:00,2017-01-03 23:00:00,1,Beijing,XGBoost,199.5,210.79741,test
2017-01-03 23:00:00,2017-01-04 00:00:00,1,Beijing,XGBoost,174.0,188.9699,test
2017-01-04 00:00:00,2017-01-04 01:00:00,1,Beijing,XGBoost,178.5,165.06964,test
2017-01-04 01:00:00,2017-01-04 02:00:00,1,Beijing,XGBoost,197.0,170.07088,test
2017-01-04 02:00:00,2017-01-04 03:00:00,1,Beijing,XGBoost,153.0,199.22107,test
2017-01-04 03:00:00,2017-01-04 04:00:00,1,Beijing,XGBoost,105.5,146.1082,test
2017-01-04 04:00:00,2017-01-04 05:00:00,1,Beijing,XGBoost,141.666667,85.48605,test
2017-01-04 05:00:00,2017-01-04 06:00:00,1,Beijing,XGBoost,130.666667,133.74324,test
2017-01-04 06:00:00,2017-01-04 07:00:00,1,Beijing,XGBoost,119.0,132.0936,test
2017-01-04 07:00:00,2017-01-04 08:00:00,1,Beijing,XGBoost,109.333333,109.875114,test
2017-01-04 08:00:00,2017-01-04 09:00:00,1,Beijing,XGBoost,182.666667,109.12353,test
2017-01-04 09:00:00,2017-01-04 10:00:00,1,Beijing,XGBoost,173.571429,194.27238,test
2017-01-04 10:00:00,2017-01-04 11:00:00,1,Beijing,XGBoost,194.9375,179.9125,test
2017-01-04 11:00:00,2017-01-04 12:00:00,1,Beijing,XGBoost,191.481481,198.73326,test
2017-01-04 12:00:00,2017-01-04 13:00:00,1,Beijing,XGBoost,187.378788,198.17876,test
2017-01-04 13:00:00,2017-01-04 14:00:00,1,Beijing,XGBoost,176.863636,181.45476,test
2017-01-04 14:00:00,2017-01-04 15:00:00,1,Beijing,XGBoost,188.666667,171.8528,test
2017-01-04 15:00:00,2017-01-04 16:00:00,1,Beijing,XGBoost,226.633333,189.7322,test
2017-01-04 16:00:00,2017-01-04 17:00:00,1,Beijing,XGBoost,258.683333,235.8881,test
2017-01-04 17:00:00,2017-01-04 18:00:00,1,Beijing,XGBoost,275.428571,270.0954,test
2017-01-04 18:00:00,2017-01-04 19:00:00,1,Beijing,XGBoost,246.0,275.45593,test
2017-01-04 19:00:00,2017-01-04 20:00:00,1,Beijing,XGBoost,284.738095,248.3365,test
2017-01-04 20:00:00,2017-01-04 21:00:00,1,Beijing,XGBoost,284.611111,286.99878,test
2017-01-04 21:00:00,2017-01-04 22:00:00,1,Beijing,XGBoost,277.527778,280.5545,test
2017-01-04 22:00:00,2017-01-04 23:00:00,1,Beijing,XGBoost,284.444444,273.80032,test
2017-01-04 23:00:00,2017-01-05 00:00:00,1,Beijing,XGBoost,284.104167,277.5524,test
2017-01-05 00:00:00,2017-01-05 01:00:00,1,Beijing,XGBoost,238.0,243.15807,test
2017-01-05 01:00:00,2017-01-05 02:00:00,1,Beijing,XGBoost,192.842857,230.42307,test
2017-01-05 02:00:00,2017-01-05 03:00:00,1,Beijing,XGBoost,190.896104,135.92863,test
2017-01-05 03:00:00,2017-01-05 04:00:00,1,Beijing,XGBoost,203.790476,163.2374,test
2017-01-05 04:00:00,2017-01-05 05:00:00,1,Beijing,XGBoost,223.42619,199.18271,test
2017-01-05 05:00:00,2017-01-05 06:00:00,1,Beijing,XGBoost,256.291071,216.22267,test
2017-01-05 06:00:00,2017-01-05 07:00:00,1,Beijing,XGBoost,284.447619,256.12872,test
2017-01-05 07:00:00,2017-01-05 08:00:00,1,Beijing,XGBoost,285.729167,252.59203,test
2017-01-05 08:00:00,2017-01-05 09:00:00,1,Beijing,XGBoost,267.416667,266.39633,test
2017-01-05 09:00:00,2017-01-05 10:00:00,1,Beijing,XGBoost,262.722222,194.76375,test
2017-01-05 10:00:00,2017-01-05 11:00:00,1,Beijing,XGBoost,261.861111,209.69281,test
2017-01-05 11:00:00,2017-01-05 12:00:00,1,Beijing,XGBoost,268.75,201.80693,test
2017-01-05 12:00:00,2017-01-05 13:00:00,1,Beijing,XGBoost,257.583333,205.99843,test
2017-01-05 13:00:00,2017-01-05 14:00:00,1,Beijing,XGBoost,201.583333,202.14743,test
2017-01-05 14:00:00,2017-01-05 15:00:00,1,Beijing,XGBoost,200.666667,171.17819,test
2017-01-05 15:00:00,2017-01-05 16:00:00,1,Beijing,XGBoost,180.083333,173.54149,test
2017-01-05 16:00:00,2017-01-05 17:00:00,1,Beijing,XGBoost,155.333333,171.85672,test
2017-01-05 17:00:00,2017-01-05 18:00:00,1,Beijing,XGBoost,157.416667,150.2262,test
2017-01-05 18:00:00,2017-01-05 19:00:00,1,Beijing,XGBoost,162.916667,160.29677,test
2017-01-05 19:00:00,2017-01-05 20:00:00,1,Beijing,XGBoost,178.916667,169.95695,test
2017-01-05 20:00:00,2017-01-05 21:00:00,1,Beijing,XGBoost,186.416667,190.01826,test
2017-01-05 21:00:00,2017-01-05 22:00:00,1,Beijing,XGBoost,183.5,197.20267,test
2017-01-05 22:00:00,2017-01-05 23:00:00,1,Beijing,XGBoost,190.5,187.46678,test
2017-01-05 23:00:00,2017-01-06 00:00:00,1,Beijing,XGBoost,187.166667,186.63165,test
2017-01-06 00:00:00,2017-01-06 01:00:00,1,Beijing,XGBoost,184.75,183.07117,test
2017-01-06 01:00:00,2017-01-06 02:00:00,1,Beijing,XGBoost,183.166667,176.70547,test
2017-01-06 02:00:00,2017-01-06 03:00:00,1,Beijing,XGBoost,178.666667,178.06346,test
2017-01-06 03:00:00,2017-01-06 04:00:00,1,Beijing,XGBoost,178.0,172.26103,test
2017-01-06 04:00:00,2017-01-06 05:00:00,1,Beijing,XGBoost,176.416667,170.00616,test
2017-01-06 05:00:00,2017-01-06 06:00:00,1,Beijing,XGBoost,173.416667,171.66652,test
2017-01-06 06:00:00,2017-01-06 07:00:00,1,Beijing,XGBoost,166.083333,167.72543,test
2017-01-06 07:00:00,2017-01-06 08:00:00,1,Beijing,XGBoost,170.25,162.65022,test
2017-01-06 08:00:00,2017-01-06 09:00:00,1,Beijing,XGBoost,173.416667,172.69902,test
2017-01-06 09:00:00,2017-01-06 10:00:00,1,Beijing,XGBoost,180.166667,176.68016,test
2017-01-06 10:00:00,2017-01-06 11:00:00,1,Beijing,XGBoost,202.333333,184.5948,test
2017-01-06 11:00:00,2017-01-06 12:00:00,1,Beijing,XGBoost,201.833333,208.15556,test
2017-01-06 12:00:00,2017-01-06 13:00:00,1,Beijing,XGBoost,204.75,205.08493,test
2017-01-06 13:00:00,2017-01-06 14:00:00,1,Beijing,XGBoost,185.916667,213.63959,test
2017-01-06 14:00:00,2017-01-06 15:00:00,1,Beijing,XGBoost,194.833333,180.49947,test
2017-01-06 15:00:00,2017-01-06 16:00:00,1,Beijing,XGBoost,204.333333,197.37897,test
2017-01-06 16:00:00,2017-01-06 17:00:00,1,Beijing,XGBoost,204.666667,212.08722,test
2017-01-06 17:00:00,2017-01-06 18:00:00,1,Beijing,XGBoost,205.333333,214.36487,test
2017-01-06 18:00:00,2017-01-06 19:00:00,1,Beijing,XGBoost,204.916667,220.72151,test
2017-01-06 19:00:00,2017-01-06 20:00:00,1,Beijing,XGBoost,210.083333,220.74861,test
2017-01-06 20:00:00,2017-01-06 21:00:00,1,Beijing,XGBoost,212.0,220.90375,test
2017-01-06 21:00:00,2017-01-06 22:00:00,1,Beijing,XGBoost,216.166667,215.1345,test
2017-01-06 22:00:00,2017-01-06 23:00:00,1,Beijing,XGBoost,222.0,209.65414,test
2017-01-06 23:00:00,2017-01-07 00:00:00,1,Beijing,XGBoost,222.166667,210.62888,test
2017-01-07 00:00:00,2017-01-07 01:00:00,1,Beijing,XGBoost,221.0,211.07434,test
2017-01-07 01:00:00,2017-01-07 02:00:00,1,Beijing,XGBoost,220.416667,210.32329,test
2017-01-07 02:00:00,2017-01-07 03:00:00,1,Beijing,XGBoost,220.583333,210.74081,test
2017-01-07 03:00:00,2017-01-07 04:00:00,1,Beijing,XGBoost,210.583333,214.60506,test
2017-01-07 04:00:00,2017-01-07 05:00:00,1,Beijing,XGBoost,214.166667,206.31494,test
2017-01-07 05:00:00,2017-01-07 06:00:00,1,Beijing,XGBoost,215.416667,209.16498,test
2017-01-07 06:00:00,2017-01-07 07:00:00,1,Beijing,XGBoost,199.833333,210.9264,test
2017-01-07 07:00:00,2017-01-07 08:00:00,1,Beijing,XGBoost,192.916667,192.52753,test
2017-01-07 08:00:00,2017-01-07 09:00:00,1,Beijing,XGBoost,191.75,190.51326,test
2017-01-07 09:00:00,2017-01-07 10:00:00,1,Beijing,XGBoost,188.916667,183.86409,test
2017-01-07 10:00:00,2017-01-07 11:00:00,1,Beijing,XGBoost,187.166667,186.74187,test
2017-01-07 11:00:00,2017-01-07 12:00:00,1,Beijing,XGBoost,181.166667,184.54555,test
2017-01-07 12:00:00,2017-01-07 13:00:00,1,Beijing,XGBoost,187.416667,175.23721,test
2017-01-07 13:00:00,2017-01-07 14:00:00,1,Beijing,XGBoost,166.916667,188.09636,test
2017-01-07 14:00:00,2017-01-07 15:00:00,1,Beijing,XGBoost,139.333333,160.10103,test
2017-01-07 15:00:00,2017-01-07 16:00:00,1,Beijing,XGBoost,115.5,120.80051,test
2017-01-07 16:00:00,2017-01-07 17:00:00,1,Beijing,XGBoost,106.25,101.72543,test
2017-01-07 17:00:00,2017-01-07 18:00:00,1,Beijing,XGBoost,106.75,99.95605,test
2017-01-07 18:00:00,2017-01-07 19:00:00,1,Beijing,XGBoost,103.416667,108.72821,test
2017-01-07 19:00:00,2017-01-07 20:00:00,1,Beijing,XGBoost,110.333333,108.0496,test
2017-01-07 20:00:00,2017-01-07 21:00:00,1,Beijing,XGBoost,117.25,115.00138,test
2017-01-07 21:00:00,2017-01-07 22:00:00,1,Beijing,XGBoost,121.416667,118.70421,test
2017-01-07 22:00:00,2017-01-07 23:00:00,1,Beijing,XGBoost,125.583333,123.64257,test
2017-01-07 23:00:00,2017-01-08 00:00:00,1,Beijing,XGBoost,139.583333,127.44656,test
2017-01-08 00:00:00,2017-01-08 01:00:00,1,Beijing,XGBoost,133.833333,138.31502,test
2017-01-08 01:00:00,2017-01-08 02:00:00,1,Beijing,XGBoost,113.0,134.09322,test
2017-01-08 02:00:00,2017-01-08 03:00:00,1,Beijing,XGBoost,72.666667,95.50636,test
2017-01-08 03:00:00,2017-01-08 04:00:00,1,Beijing,XGBoost,43.583333,57.782265,test
2017-01-08 04:00:00,2017-01-08 05:00:00,1,Beijing,XGBoost,31.083333,32.961773,test
2017-01-08 05:00:00,2017-01-08 06:00:00,1,Beijing,XGBoost,22.5,22.505232,test
2017-01-08 06:00:00,2017-01-08 07:00:00,1,Beijing,XGBoost,21.0,17.046764,test
2017-01-08 07:00:00,2017-01-08 08:00:00,1,Beijing,XGBoost,19.916667,20.335827,test
2017-01-08 08:00:00,2017-01-08 09:00:00,1,Beijing,XGBoost,20.75,19.011717,test
2017-01-08 09:00:00,2017-01-08 10:00:00,1,Beijing,XGBoost,23.583333,19.901022,test
2017-01-08 10:00:00,2017-01-08 11:00:00,1,Beijing,XGBoost,23.166667,23.220861,test
2017-01-08 11:00:00,2017-01-08 12:00:00,1,Beijing,XGBoost,24.25,22.835928,test
2017-01-08 12:00:00,2017-01-08 13:00:00,1,Beijing,XGBoost,26.833333,24.055965,test
2017-01-08 13:00:00,2017-01-08 14:00:00,1,Beijing,XGBoost,29.583333,26.509026,test
2017-01-08 14:00:00,2017-01-08 15:00:00,1,Beijing,XGBoost,30.25,29.368471,test
2017-01-08 15:00:00,2017-01-08 16:00:00,1,Beijing,XGBoost,38.166667,31.026423,test
2017-01-08 16:00:00,2017-01-08 17:00:00,1,Beijing,XGBoost,47.083333,38.787037,test
2017-01-08 17:00:00,2017-01-08 18:00:00,1,Beijing,XGBoost,43.5,53.321976,test
2017-01-08 18:00:00,2017-01-08 19:00:00,1,Beijing,XGBoost,41.666667,46.80811,test
2017-01-08 19:00:00,2017-01-08 20:00:00,1,Beijing,XGBoost,40.083333,43.915565,test
2017-01-08 20:00:00,2017-01-08 21:00:00,1,Beijing,XGBoost,17.833333,44.0419,test
2017-01-08 21:00:00,2017-01-08 22:00:00,1,Beijing,XGBoost,11.583333,17.11234,test
2017-01-08 22:00:00,2017-01-08 23:00:00,1,Beijing,XGBoost,10.166667,12.413547,test
2017-01-08 23:00:00,2017-01-09 00:00:00,1,Beijing,XGBoost,10.333333,9.089741,test
2017-01-09 00:00:00,2017-01-09 01:00:00,1,Beijing,XGBoost,11.0,9.757791,test
2017-01-09 01:00:00,2017-01-09 02:00:00,1,Beijing,XGBoost,7.583333,9.611823,test
2017-01-09 02:00:00,2017-01-09 03:00:00,1,Beijing,XGBoost,9.166667,6.3800445,test
2017-01-09 03:00:00,2017-01-09 04:00:00,1,Beijing,XGBoost,9.583333,7.680065,test
2017-01-09 04:00:00,2017-01-09 05:00:00,1,Beijing,XGBoost,8.75,7.4463015,test
2017-01-09 05:00:00,2017-01-09 06:00:00,1,Beijing,XGBoost,8.416667,7.102888,test
2017-01-09 06:00:00,2017-01-09 07:00:00,1,Beijing,XGBoost,9.083333,7.641636,test
2017-01-09 07:00:00,2017-01-09 08:00:00,1,Beijing,XGBoost,11.083333,9.149001,test
2017-01-09 08:00:00,2017-01-09 09:00:00,1,Beijing,XGBoost,11.666667,11.312812,test
2017-01-09 09:00:00,2017-01-09 10:00:00,1,Beijing,XGBoost,13.333333,12.077843,test
2017-01-09 10:00:00,2017-01-09 11:00:00,1,Beijing,XGBoost,13.0,13.216155,test
2017-01-09 11:00:00,2017-01-09 12:00:00,1,Beijing,XGBoost,12.416667,13.180854,test
2017-01-09 12:00:00,2017-01-09 13:00:00,1,Beijing,XGBoost,12.916667,13.236993,test
2017-01-09 13:00:00,2017-01-09 14:00:00,1,Beijing,XGBoost,13.916667,13.750982,test
2017-01-09 14:00:00,2017-01-09 15:00:00,1,Beijing,XGBoost,16.333333,13.965168,test
2017-01-09 15:00:00,2017-01-09 16:00:00,1,Beijing,XGBoost,19.75,16.80968,test
2017-01-09 16:00:00,2017-01-09 17:00:00,1,Beijing,XGBoost,28.041667,22.176992,test
2017-01-09 17:00:00,2017-01-09 18:00:00,1,Beijing,XGBoost,39.083333,32.873875,test
2017-01-09 18:00:00,2017-01-09 19:00:00,1,Beijing,XGBoost,49.958333,46.8422,test
2017-01-09 19:00:00,2017-01-09 20:00:00,1,Beijing,XGBoost,64.583333,60.91808,test
2017-01-09 20:00:00,2017-01-09 21:00:00,1,Beijing,XGBoost,82.583333,71.14036,test
2017-01-09 21:00:00,2017-01-09 22:00:00,1,Beijing,XGBoost,102.166667,87.26991,test
2017-01-09 22:00:00,2017-01-09 23:00:00,1,Beijing,XGBoost,118.666667,99.6442,test
2017-01-09 23:00:00,2017-01-10 00:00:00,1,Beijing,XGBoost,110.25,123.01808,test
2017-01-10 00:00:00,2017-01-10 01:00:00,1,Beijing,XGBoost,65.416667,108.51694,test
2017-01-10 01:00:00,2017-01-10 02:00:00,1,Beijing,XGBoost,33.5,39.449253,test
2017-01-10 02:00:00,2017-01-10 03:00:00,1,Beijing,XGBoost,9.25,18.01843,test
2017-01-10 03:00:00,2017-01-10 04:00:00,1,Beijing,XGBoost,6.583333,6.671058,test
2017-01-10 04:00:00,2017-01-10 05:00:00,1,Beijing,XGBoost,5.833333,6.9675245,test
2017-01-10 05:00:00,2017-01-10 06:00:00,1,Beijing,XGBoost,5.75,5.97911,test
2017-01-10 06:00:00,2017-01-10 07:00:00,1,Beijing,XGBoost,6.333333,5.997615,test
2017-01-10 07:00:00,2017-01-10 08:00:00,1,Beijing,XGBoost,8.083333,7.171082,test
2017-01-10 08:00:00,2017-01-10 09:00:00,1,Beijing,XGBoost,8.0,8.764434,test
2017-01-10 09:00:00,2017-01-10 10:00:00,1,Beijing,XGBoost,12.416667,8.839711,test
2017-01-10 10:00:00,2017-01-10 11:00:00,1,Beijing,XGBoost,10.333333,11.974934,test
2017-01-10 11:00:00,2017-01-10 12:00:00,1,Beijing,XGBoost,7.583333,10.078392,test
2017-01-10 12:00:00,2017-01-10 13:00:00,1,Beijing,XGBoost,6.166667,8.253865,test
2017-01-10 13:00:00,2017-01-10 14:00:00,1,Beijing,XGBoost,7.416667,7.4591227,test
2017-01-10 14:00:00,2017-01-10 15:00:00,1,Beijing,XGBoost,6.5,7.581693,test
2017-01-10 15:00:00,2017-01-10 16:00:00,1,Beijing,XGBoost,6.666667,7.245815,test
2017-01-10 16:00:00,2017-01-10 17:00:00,1,Beijing,XGBoost,7.333333,7.2983074,test
2017-01-10 17:00:00,2017-01-10 18:00:00,1,Beijing,XGBoost,15.166667,8.082105,test
2017-01-10 18:00:00,2017-01-10 19:00:00,1,Beijing,XGBoost,27.5,18.39624,test
2017-01-10 19:00:00,2017-01-10 20:00:00,1,Beijing,XGBoost,49.833333,35.748398,test
2017-01-10 20:00:00,2017-01-10 21:00:00,1,Beijing,XGBoost,64.0,61.281815,test
2017-01-10 21:00:00,2017-01-10 22:00:00,1,Beijing,XGBoost,69.166667,76.40597,test
2017-01-10 22:00:00,2017-01-10 23:00:00,1,Beijing,XGBoost,68.916667,74.15324,test
2017-01-10 23:00:00,2017-01-11 00:00:00,1,Beijing,XGBoost,67.833333,70.204414,test
2017-01-11 00:00:00,2017-01-11 01:00:00,1,Beijing,XGBoost,63.083333,66.25185,test
2017-01-11 01:00:00,2017-01-11 02:00:00,1,Beijing,XGBoost,64.75,62.123142,test
2017-01-11 02:00:00,2017-01-11 03:00:00,1,Beijing,XGBoost,63.083333,63.815956,test
2017-01-11 03:00:00,2017-01-11 04:00:00,1,Beijing,XGBoost,64.583333,63.79072,test
2017-01-11 04:00:00,2017-01-11 05:00:00,1,Beijing,XGBoost,64.0,64.94353,test
2017-01-11 05:00:00,2017-01-11 06:00:00,1,Beijing,XGBoost,60.333333,63.391026,test
2017-01-11 06:00:00,2017-01-11 07:00:00,1,Beijing,XGBoost,53.333333,58.65481,test
2017-01-11 07:00:00,2017-01-11 08:00:00,1,Beijing,XGBoost,45.25,52.48815,test
2017-01-11 08:00:00,2017-01-11 09:00:00,1,Beijing,XGBoost,43.166667,45.536503,test
2017-01-11 09:00:00,2017-01-11 10:00:00,1,Beijing,XGBoost,46.916667,44.221306,test
2017-01-11 10:00:00,2017-01-11 11:00:00,1,Beijing,XGBoost,56.083333,51.20816,test
2017-01-11 11:00:00,2017-01-11 12:00:00,1,Beijing,XGBoost,59.583333,59.87004,test
2017-01-11 12:00:00,2017-01-11 13:00:00,1,Beijing,XGBoost,61.0,64.315704,test
2017-01-11 13:00:00,2017-01-11 14:00:00,1,Beijing,XGBoost,67.583333,63.02667,test
2017-01-11 14:00:00,2017-01-11 15:00:00,1,Beijing,XGBoost,47.5,65.91936,test
2017-01-11 15:00:00,2017-01-11 16:00:00,1,Beijing,XGBoost,44.833333,42.74183,test
2017-01-11 16:00:00,2017-01-11 17:00:00,1,Beijing,XGBoost,65.0,40.504154,test
2017-01-11 17:00:00,2017-01-11 18:00:00,1,Beijing,XGBoost,74.25,73.09004,test
2017-01-11 18:00:00,2017-01-11 19:00:00,1,Beijing,XGBoost,77.5,88.136955,test
2017-01-11 19:00:00,2017-01-11 20:00:00,1,Beijing,XGBoost,75.333333,88.18884,test
2017-01-11 20:00:00,2017-01-11 21:00:00,1,Beijing,XGBoost,68.5,81.90902,test
2017-01-11 21:00:00,2017-01-11 22:00:00,1,Beijing,XGBoost,57.666667,68.061676,test
2017-01-11 22:00:00,2017-01-11 23:00:00,1,Beijing,XGBoost,38.0,55.592155,test
2017-01-11 23:00:00,2017-01-12 00:00:00,1,Beijing,XGBoost,27.0,33.88181,test
2017-01-12 00:00:00,2017-01-12 01:00:00,1,Beijing,XGBoost,27.083333,24.082027,test
2017-01-12 01:00:00,2017-01-12 02:00:00,1,Beijing,XGBoost,28.0,25.121168,test
2017-01-12 02:00:00,2017-01-12 03:00:00,1,Beijing,XGBoost,23.75,28.91643,test
2017-01-12 03:00:00,2017-01-12 04:00:00,1,Beijing,XGBoost,25.583333,24.442099,test
2017-01-12 04:00:00,2017-01-12 05:00:00,1,Beijing,XGBoost,22.916667,25.585976,test
2017-01-12 05:00:00,2017-01-12 06:00:00,1,Beijing,XGBoost,26.416667,22.16541,test
2017-01-12 06:00:00,2017-01-12 07:00:00,1,Beijing,XGBoost,22.75,25.437496,test
2017-01-12 07:00:00,2017-01-12 08:00:00,1,Beijing,XGBoost,26.166667,23.655617,test
2017-01-12 08:00:00,2017-01-12 09:00:00,1,Beijing,XGBoost,25.083333,26.844208,test
2017-01-12 09:00:00,2017-01-12 10:00:00,1,Beijing,XGBoost,25.416667,25.994062,test
2017-01-12 10:00:00,2017-01-12 11:00:00,1,Beijing,XGBoost,27.083333,24.867199,test
2017-01-12 11:00:00,2017-01-12 12:00:00,1,Beijing,XGBoost,24.833333,26.055378,test
2017-01-12 12:00:00,2017-01-12 13:00:00,1,Beijing,XGBoost,34.666667,24.028322,test
2017-01-12 13:00:00,2017-01-12 14:00:00,1,Beijing,XGBoost,54.083333,35.259438,test
2017-01-12 14:00:00,2017-01-12 15:00:00,1,Beijing,XGBoost,59.666667,57.76885,test
2017-01-12 15:00:00,2017-01-12 16:00:00,1,Beijing,XGBoost,66.083333,59.478664,test
2017-01-12 16:00:00,2017-01-12 17:00:00,1,Beijing,XGBoost,76.833333,64.127205,test
2017-01-12 17:00:00,2017-01-12 18:00:00,1,Beijing,XGBoost,82.333333,82.96237,test
2017-01-12 18:00:00,2017-01-12 19:00:00,1,Beijing,XGBoost,89.833333,92.0823,test
2017-01-12 19:00:00,2017-01-12 20:00:00,1,Beijing,XGBoost,103.916667,96.46451,test
2017-01-12 20:00:00,2017-01-12 21:00:00,1,Beijing,XGBoost,106.25,111.9561,test
2017-01-12 21:00:00,2017-01-12 22:00:00,1,Beijing,XGBoost,53.916667,106.011986,test
2017-01-12 22:00:00,2017-01-12 23:00:00,1,Beijing,XGBoost,13.083333,34.635574,test
2017-01-12 23:00:00,2017-01-13 00:00:00,1,Beijing,XGBoost,12.583333,12.910221,test
2017-01-13 00:00:00,2017-01-13 01:00:00,1,Beijing,XGBoost,12.5,11.811427,test
2017-01-13 01:00:00,2017-01-13 02:00:00,1,Beijing,XGBoost,12.5,12.393266,test
2017-01-13 02:00:00,2017-01-13 03:00:00,1,Beijing,XGBoost,14.75,12.085159,test
2017-01-13 03:00:00,2017-01-13 04:00:00,1,Beijing,XGBoost,11.75,13.935854,test
2017-01-13 04:00:00,2017-01-13 05:00:00,1,Beijing,XGBoost,8.583333,12.727866,test
2017-01-13 05:00:00,2017-01-13 06:00:00,1,Beijing,XGBoost,10.833333,9.573364,test
2017-01-13 06:00:00,2017-01-13 07:00:00,1,Beijing,XGBoost,13.25,11.36662,test
2017-01-13 07:00:00,2017-01-13 08:00:00,1,Beijing,XGBoost,13.583333,12.745468,test
2017-01-13 08:00:00,2017-01-13 09:00:00,1,Beijing,XGBoost,13.833333,13.41761,test
2017-01-13 09:00:00,2017-01-13 10:00:00,1,Beijing,XGBoost,16.0,13.659952,test
2017-01-13 10:00:00,2017-01-13 11:00:00,1,Beijing,XGBoost,11.916667,15.787071,test
2017-01-13 11:00:00,2017-01-13 12:00:00,1,Beijing,XGBoost,15.75,12.276217,test
2017-01-13 12:00:00,2017-01-13 13:00:00,1,Beijing,XGBoost,12.25,15.731033,test
2017-01-13 13:00:00,2017-01-13 14:00:00,1,Beijing,XGBoost,13.166667,12.607753,test
2017-01-13 14:00:00,2017-01-13 15:00:00,1,Beijing,XGBoost,12.25,13.409347,test
2017-01-13 15:00:00,2017-01-13 16:00:00,1,Beijing,XGBoost,11.333333,12.549509,test
2017-01-13 16:00:00,2017-01-13 17:00:00,1,Beijing,XGBoost,11.833333,11.9967575,test
2017-01-13 17:00:00,2017-01-13 18:00:00,1,Beijing,XGBoost,10.25,14.30601,test
2017-01-13 18:00:00,2017-01-13 19:00:00,1,Beijing,XGBoost,12.916667,11.779994,test
2017-01-13 19:00:00,2017-01-13 20:00:00,1,Beijing,XGBoost,14.583333,14.729361,test
2017-01-13 20:00:00,2017-01-13 21:00:00,1,Beijing,XGBoost,16.75,16.329063,test
2017-01-13 21:00:00,2017-01-13 22:00:00,1,Beijing,XGBoost,15.25,16.941666,test
2017-01-13 22:00:00,2017-01-13 23:00:00,1,Beijing,XGBoost,14.916667,15.107849,test
2017-01-13 23:00:00,2017-01-14 00:00:00,1,Beijing,XGBoost,17.0,15.306508,test
2017-01-14 00:00:00,2017-01-14 01:00:00,1,Beijing,XGBoost,16.25,18.35428,test
2017-01-14 01:00:00,2017-01-14 02:00:00,1,Beijing,XGBoost,17.166667,16.788885,test
2017-01-14 02:00:00,2017-01-14 03:00:00,1,Beijing,XGBoost,14.5,17.619356,test
2017-01-14 03:00:00,2017-01-14 04:00:00,1,Beijing,XGBoost,15.583333,14.863351,test
2017-01-14 04:00:00,2017-01-14 05:00:00,1,Beijing,XGBoost,15.083333,15.081743,test
2017-01-14 05:00:00,2017-01-14 06:00:00,1,Beijing,XGBoost,14.5,15.143326,test
2017-01-14 06:00:00,2017-01-14 07:00:00,1,Beijing,XGBoost,11.166667,14.625904,test
2017-01-14 07:00:00,2017-01-14 08:00:00,1,Beijing,XGBoost,16.25,11.882512,test
2017-01-14 08:00:00,2017-01-14 09:00:00,1,Beijing,XGBoost,19.583333,18.00405,test
2017-01-14 09:00:00,2017-01-14 10:00:00,1,Beijing,XGBoost,18.166667,20.814392,test
2017-01-14 10:00:00,2017-01-14 11:00:00,1,Beijing,XGBoost,22.75,18.56156,test
2017-01-14 11:00:00,2017-01-14 12:00:00,1,Beijing,XGBoost,23.5,23.328339,test
2017-01-14 12:00:00,2017-01-14 13:00:00,1,Beijing,XGBoost,15.916667,25.153862,test
2017-01-14 13:00:00,2017-01-14 14:00:00,1,Beijing,XGBoost,16.25,16.596773,test
2017-01-14 14:00:00,2017-01-14 15:00:00,1,Beijing,XGBoost,18.416667,17.491123,test
2017-01-14 15:00:00,2017-01-14 16:00:00,1,Beijing,XGBoost,17.416667,21.579544,test
2017-01-14 16:00:00,2017-01-14 17:00:00,1,Beijing,XGBoost,18.25,20.125149,test
2017-01-14 17:00:00,2017-01-14 18:00:00,1,Beijing,XGBoost,21.666667,23.051613,test
2017-01-14 18:00:00,2017-01-14 19:00:00,1,Beijing,XGBoost,28.0,27.59904,test
2017-01-14 19:00:00,2017-01-14 20:00:00,1,Beijing,XGBoost,38.5,38.262096,test
2017-01-14 20:00:00,2017-01-14 21:00:00,1,Beijing,XGBoost,49.0,47.133144,test
2017-01-14 21:00:00,2017-01-14 22:00:00,1,Beijing,XGBoost,53.0,58.020874,test
2017-01-14 22:00:00,2017-01-14 23:00:00,1,Beijing,XGBoost,47.666667,57.31519,test
2017-01-14 23:00:00,2017-01-15 00:00:00,1,Beijing,XGBoost,42.583333,49.627716,test
2017-01-15 00:00:00,2017-01-15 01:00:00,1,Beijing,XGBoost,42.416667,41.4682,test
2017-01-15 01:00:00,2017-01-15 02:00:00,1,Beijing,XGBoost,43.25,45.20838,test
2017-01-15 02:00:00,2017-01-15 03:00:00,1,Beijing,XGBoost,42.333333,45.270973,test
2017-01-15 03:00:00,2017-01-15 04:00:00,1,Beijing,XGBoost,41.666667,44.339035,test
2017-01-15 04:00:00,2017-01-15 05:00:00,1,Beijing,XGBoost,43.5,43.929054,test
2017-01-15 05:00:00,2017-01-15 06:00:00,1,Beijing,XGBoost,38.916667,45.286922,test
2017-01-15 06:00:00,2017-01-15 07:00:00,1,Beijing,XGBoost,36.5,40.017063,test
2017-01-15 07:00:00,2017-01-15 08:00:00,1,Beijing,XGBoost,36.333333,38.933083,test
2017-01-15 08:00:00,2017-01-15 09:00:00,1,Beijing,XGBoost,36.583333,38.286633,test
2017-01-15 09:00:00,2017-01-15 10:00:00,1,Beijing,XGBoost,38.666667,38.62671,test
2017-01-15 10:00:00,2017-01-15 11:00:00,1,Beijing,XGBoost,42.416667,41.060116,test
2017-01-15 11:00:00,2017-01-15 12:00:00,1,Beijing,XGBoost,46.833333,45.088287,test
2017-01-15 12:00:00,2017-01-15 13:00:00,1,Beijing,XGBoost,49.666667,49.726498,test
2017-01-15 13:00:00,2017-01-15 14:00:00,1,Beijing,XGBoost,52.25,50.784286,test
2017-01-15 14:00:00,2017-01-15 15:00:00,1,Beijing,XGBoost,58.666667,55.92728,test
2017-01-15 15:00:00,2017-01-15 16:00:00,1,Beijing,XGBoost,64.0,67.736565,test
2017-01-15 16:00:00,2017-01-15 17:00:00,1,Beijing,XGBoost,67.25,73.05695,test
2017-01-15 17:00:00,2017-01-15 18:00:00,1,Beijing,XGBoost,74.083333,76.4018,test
2017-01-15 18:00:00,2017-01-15 19:00:00,1,Beijing,XGBoost,79.25,84.0878,test
2017-01-15 19:00:00,2017-01-15 20:00:00,1,Beijing,XGBoost,80.666667,91.10561,test
2017-01-15 20:00:00,2017-01-15 21:00:00,1,Beijing,XGBoost,83.5,88.54126,test
2017-01-15 21:00:00,2017-01-15 22:00:00,1,Beijing,XGBoost,85.666667,87.22605,test
2017-01-15 22:00:00,2017-01-15 23:00:00,1,Beijing,XGBoost,85.5,88.39988,test
2017-01-15 23:00:00,2017-01-16 00:00:00,1,Beijing,XGBoost,93.75,86.39843,test
2017-01-16 00:00:00,2017-01-16 01:00:00,1,Beijing,XGBoost,96.166667,95.210495,test
2017-01-16 01:00:00,2017-01-16 02:00:00,1,Beijing,XGBoost,94.166667,97.50761,test
2017-01-16 02:00:00,2017-01-16 03:00:00,1,Beijing,XGBoost,98.333333,94.90559,test
2017-01-16 03:00:00,2017-01-16 04:00:00,1,Beijing,XGBoost,96.333333,98.03919,test
2017-01-16 04:00:00,2017-01-16 05:00:00,1,Beijing,XGBoost,94.5,97.60003,test
2017-01-16 05:00:00,2017-01-16 06:00:00,1,Beijing,XGBoost,92.833333,93.960106,test
2017-01-16 06:00:00,2017-01-16 07:00:00,1,Beijing,XGBoost,96.166667,91.78873,test
2017-01-16 07:00:00,2017-01-16 08:00:00,1,Beijing,XGBoost,90.083333,98.27122,test
2017-01-16 08:00:00,2017-01-16 09:00:00,1,Beijing,XGBoost,89.833333,91.863716,test
2017-01-16 09:00:00,2017-01-16 10:00:00,1,Beijing,XGBoost,86.333333,92.01616,test
2017-01-16 10:00:00,2017-01-16 11:00:00,1,Beijing,XGBoost,77.416667,89.96049,test
2017-01-16 11:00:00,2017-01-16 12:00:00,1,Beijing,XGBoost,73.0,76.180725,test
2017-01-16 12:00:00,2017-01-16 13:00:00,1,Beijing,XGBoost,72.083333,73.103676,test
2017-01-16 13:00:00,2017-01-16 14:00:00,1,Beijing,XGBoost,83.416667,74.22803,test
2017-01-16 14:00:00,2017-01-16 15:00:00,1,Beijing,XGBoost,93.583333,87.68685,test
2017-01-16 15:00:00,2017-01-16 16:00:00,1,Beijing,XGBoost,95.333333,102.979805,test
2017-01-16 16:00:00,2017-01-16 17:00:00,1,Beijing,XGBoost,92.833333,103.109985,test
2017-01-16 17:00:00,2017-01-16 18:00:00,1,Beijing,XGBoost,112.5,95.468895,test
2017-01-16 18:00:00,2017-01-16 19:00:00,1,Beijing,XGBoost,111.833333,125.139435,test
2017-01-16 19:00:00,2017-01-16 20:00:00,1,Beijing,XGBoost,113.25,123.656425,test
2017-01-16 20:00:00,2017-01-16 21:00:00,1,Beijing,XGBoost,122.75,120.08069,test
2017-01-16 21:00:00,2017-01-16 22:00:00,1,Beijing,XGBoost,128.166667,127.942375,test
2017-01-16 22:00:00,2017-01-16 23:00:00,1,Beijing,XGBoost,126.916667,133.29236,test
2017-01-16 23:00:00,2017-01-17 00:00:00,1,Beijing,XGBoost,125.0,127.53645,test
2017-01-17 00:00:00,2017-01-17 01:00:00,1,Beijing,XGBoost,122.666667,124.71095,test
2017-01-17 01:00:00,2017-01-17 02:00:00,1,Beijing,XGBoost,126.333333,123.634605,test
2017-01-17 02:00:00,2017-01-17 03:00:00,1,Beijing,XGBoost,129.666667,127.87072,test
2017-01-17 03:00:00,2017-01-17 04:00:00,1,Beijing,XGBoost,127.083333,132.4427,test
2017-01-17 04:00:00,2017-01-17 05:00:00,1,Beijing,XGBoost,128.916667,125.81961,test
2017-01-17 05:00:00,2017-01-17 06:00:00,1,Beijing,XGBoost,128.916667,130.8222,test
2017-01-17 06:00:00,2017-01-17 07:00:00,1,Beijing,XGBoost,121.833333,131.28537,test
2017-01-17 07:00:00,2017-01-17 08:00:00,1,Beijing,XGBoost,121.333333,122.48891,test
2017-01-17 08:00:00,2017-01-17 09:00:00,1,Beijing,XGBoost,128.333333,124.729614,test
2017-01-17 09:00:00,2017-01-17 10:00:00,1,Beijing,XGBoost,136.25,134.60509,test
2017-01-17 10:00:00,2017-01-17 11:00:00,1,Beijing,XGBoost,139.916667,139.1032,test
2017-01-17 11:00:00,2017-01-17 12:00:00,1,Beijing,XGBoost,121.833333,144.91542,test
2017-01-17 12:00:00,2017-01-17 13:00:00,1,Beijing,XGBoost,135.75,122.97687,test
2017-01-17 13:00:00,2017-01-17 14:00:00,1,Beijing,XGBoost,151.25,138.44797,test
2017-01-17 14:00:00,2017-01-17 15:00:00,1,Beijing,XGBoost,142.541667,160.39871,test
2017-01-17 15:00:00,2017-01-17 16:00:00,1,Beijing,XGBoost,120.25,142.82593,test
2017-01-17 16:00:00,2017-01-17 17:00:00,1,Beijing,XGBoost,135.5,110.36017,test
2017-01-17 17:00:00,2017-01-17 18:00:00,1,Beijing,XGBoost,155.083333,141.31013,test
2017-01-17 18:00:00,2017-01-17 19:00:00,1,Beijing,XGBoost,165.166667,169.14415,test
2017-01-17 19:00:00,2017-01-17 20:00:00,1,Beijing,XGBoost,168.166667,169.8678,test
2017-01-17 20:00:00,2017-01-17 21:00:00,1,Beijing,XGBoost,170.583333,170.7911,test
2017-01-17 21:00:00,2017-01-17 22:00:00,1,Beijing,XGBoost,154.916667,175.28325,test
2017-01-17 22:00:00,2017-01-17 23:00:00,1,Beijing,XGBoost,142.5,152.00583,test
2017-01-17 23:00:00,2017-01-18 00:00:00,1,Beijing,XGBoost,134.75,137.50842,test
2017-01-18 00:00:00,2017-01-18 01:00:00,1,Beijing,XGBoost,99.583333,128.38504,test
2017-01-18 01:00:00,2017-01-18 02:00:00,1,Beijing,XGBoost,55.5,85.252655,test
2017-01-18 02:00:00,2017-01-18 03:00:00,1,Beijing,XGBoost,45.416667,45.4326,test
2017-01-18 03:00:00,2017-01-18 04:00:00,1,Beijing,XGBoost,39.75,37.30056,test
2017-01-18 04:00:00,2017-01-18 05:00:00,1,Beijing,XGBoost,31.25,37.31553,test
2017-01-18 05:00:00,2017-01-18 06:00:00,1,Beijing,XGBoost,31.083333,29.760794,test
2017-01-18 06:00:00,2017-01-18 07:00:00,1,Beijing,XGBoost,29.166667,28.39514,test
2017-01-18 07:00:00,2017-01-18 08:00:00,1,Beijing,XGBoost,27.25,29.705458,test
2017-01-18 08:00:00,2017-01-18 09:00:00,1,Beijing,XGBoost,29.0,27.198774,test
2017-01-18 09:00:00,2017-01-18 10:00:00,1,Beijing,XGBoost,26.666667,29.943071,test
2017-01-18 10:00:00,2017-01-18 11:00:00,1,Beijing,XGBoost,27.25,26.965267,test
2017-01-18 11:00:00,2017-01-18 12:00:00,1,Beijing,XGBoost,23.833333,27.112783,test
2017-01-18 12:00:00,2017-01-18 13:00:00,1,Beijing,XGBoost,22.666667,23.915997,test
2017-01-18 13:00:00,2017-01-18 14:00:00,1,Beijing,XGBoost,23.666667,24.600832,test
2017-01-18 14:00:00,2017-01-18 15:00:00,1,Beijing,XGBoost,22.5,26.05999,test
2017-01-18 15:00:00,2017-01-18 16:00:00,1,Beijing,XGBoost,30.0,25.965143,test
2017-01-18 16:00:00,2017-01-18 17:00:00,1,Beijing,XGBoost,46.0,36.509365,test
2017-01-18 17:00:00,2017-01-18 18:00:00,1,Beijing,XGBoost,49.75,55.854515,test
2017-01-18 18:00:00,2017-01-18 19:00:00,1,Beijing,XGBoost,42.75,61.824356,test
2017-01-18 19:00:00,2017-01-18 20:00:00,1,Beijing,XGBoost,43.75,53.996265,test
2017-01-18 20:00:00,2017-01-18 21:00:00,1,Beijing,XGBoost,48.833333,53.78818,test
2017-01-18 21:00:00,2017-01-18 22:00:00,1,Beijing,XGBoost,52.166667,55.736626,test
2017-01-18 22:00:00,2017-01-18 23:00:00,1,Beijing,XGBoost,58.583333,55.014393,test
2017-01-18 23:00:00,2017-01-19 00:00:00,1,Beijing,XGBoost,61.666667,62.175842,test
2017-01-19 00:00:00,2017-01-19 01:00:00,1,Beijing,XGBoost,73.0,65.391754,test
2017-01-19 01:00:00,2017-01-19 02:00:00,1,Beijing,XGBoost,85.416667,76.04498,test
2017-01-19 02:00:00,2017-01-19 03:00:00,1,Beijing,XGBoost,91.0,90.34825,test
2017-01-19 03:00:00,2017-01-19 04:00:00,1,Beijing,XGBoost,92.916667,94.468475,test
2017-01-19 04:00:00,2017-01-19 05:00:00,1,Beijing,XGBoost,99.583333,91.0932,test
2017-01-19 05:00:00,2017-01-19 06:00:00,1,Beijing,XGBoost,104.166667,101.075714,test
2017-01-19 06:00:00,2017-01-19 07:00:00,1,Beijing,XGBoost,101.166667,106.82811,test
2017-01-19 07:00:00,2017-01-19 08:00:00,1,Beijing,XGBoost,101.833333,103.756424,test
2017-01-19 08:00:00,2017-01-19 09:00:00,1,Beijing,XGBoost,98.916667,104.46652,test
2017-01-19 09:00:00,2017-01-19 10:00:00,1,Beijing,XGBoost,84.0,94.89321,test
2017-01-19 10:00:00,2017-01-19 11:00:00,1,Beijing,XGBoost,48.916667,70.70989,test
2017-01-19 11:00:00,2017-01-19 12:00:00,1,Beijing,XGBoost,16.0,30.993048,test
2017-01-19 12:00:00,2017-01-19 13:00:00,1,Beijing,XGBoost,11.5,12.220311,test
2017-01-19 13:00:00,2017-01-19 14:00:00,1,Beijing,XGBoost,10.666667,11.544428,test
2017-01-19 14:00:00,2017-01-19 15:00:00,1,Beijing,XGBoost,8.416667,12.162578,test
2017-01-19 15:00:00,2017-01-19 16:00:00,1,Beijing,XGBoost,8.916667,9.865063,test
2017-01-19 16:00:00,2017-01-19 17:00:00,1,Beijing,XGBoost,9.5,9.874185,test
2017-01-19 17:00:00,2017-01-19 18:00:00,1,Beijing,XGBoost,9.583333,9.866105,test
2017-01-19 18:00:00,2017-01-19 19:00:00,1,Beijing,XGBoost,9.666667,10.408758,test
2017-01-19 19:00:00,2017-01-19 20:00:00,1,Beijing,XGBoost,9.416667,10.792618,test
2017-01-19 20:00:00,2017-01-19 21:00:00,1,Beijing,XGBoost,8.666667,10.223226,test
2017-01-19 21:00:00,2017-01-19 22:00:00,1,Beijing,XGBoost,8.0,9.1359,test
2017-01-19 22:00:00,2017-01-19 23:00:00,1,Beijing,XGBoost,7.916667,8.838118,test
2017-01-19 23:00:00,2017-01-20 00:00:00,1,Beijing,XGBoost,6.833333,8.065032,test
2017-01-20 00:00:00,2017-01-20 01:00:00,1,Beijing,XGBoost,7.583333,6.9597898,test
2017-01-20 01:00:00,2017-01-20 02:00:00,1,Beijing,XGBoost,9.583333,7.586794,test
2017-01-20 02:00:00,2017-01-20 03:00:00,1,Beijing,XGBoost,7.75,8.909382,test
2017-01-20 03:00:00,2017-01-20 04:00:00,1,Beijing,XGBoost,7.333333,7.294517,test
2017-01-20 04:00:00,2017-01-20 05:00:00,1,Beijing,XGBoost,6.583333,7.939788,test
2017-01-20 05:00:00,2017-01-20 06:00:00,1,Beijing,XGBoost,6.25,6.731797,test
2017-01-20 06:00:00,2017-01-20 07:00:00,1,Beijing,XGBoost,6.166667,6.6633487,test
2017-01-20 07:00:00,2017-01-20 08:00:00,1,Beijing,XGBoost,7.833333,7.3795757,test
2017-01-20 08:00:00,2017-01-20 09:00:00,1,Beijing,XGBoost,9.083333,9.327272,test
2017-01-20 09:00:00,2017-01-20 10:00:00,1,Beijing,XGBoost,12.833333,9.443179,test
2017-01-20 10:00:00,2017-01-20 11:00:00,1,Beijing,XGBoost,14.916667,12.714411,test
2017-01-20 11:00:00,2017-01-20 12:00:00,1,Beijing,XGBoost,14.833333,15.428661,test
2017-01-20 12:00:00,2017-01-20 13:00:00,1,Beijing,XGBoost,14.0,15.520603,test
2017-01-20 13:00:00,2017-01-20 14:00:00,1,Beijing,XGBoost,15.916667,14.84591,test
2017-01-20 14:00:00,2017-01-20 15:00:00,1,Beijing,XGBoost,16.666667,16.36158,test
2017-01-20 15:00:00,2017-01-20 16:00:00,1,Beijing,XGBoost,19.166667,17.1865,test
2017-01-20 16:00:00,2017-01-20 17:00:00,1,Beijing,XGBoost,20.25,22.64081,test
2017-01-20 17:00:00,2017-01-20 18:00:00,1,Beijing,XGBoost,23.833333,24.227913,test
2017-01-20 18:00:00,2017-01-20 19:00:00,1,Beijing,XGBoost,28.583333,29.36987,test
2017-01-20 19:00:00,2017-01-20 20:00:00,1,Beijing,XGBoost,38.416667,37.843338,test
2017-01-20 20:00:00,2017-01-20 21:00:00,1,Beijing,XGBoost,46.666667,47.83453,test
2017-01-20 21:00:00,2017-01-20 22:00:00,1,Beijing,XGBoost,54.666667,54.90676,test
2017-01-20 22:00:00,2017-01-20 23:00:00,1,Beijing,XGBoost,63.166667,58.38645,test
2017-01-20 23:00:00,2017-01-21 00:00:00,1,Beijing,XGBoost,68.416667,66.76764,test
2017-01-21 00:00:00,2017-01-21 01:00:00,1,Beijing,XGBoost,71.666667,71.335266,test
2017-01-21 01:00:00,2017-01-21 02:00:00,1,Beijing,XGBoost,71.583333,71.18008,test
2017-01-21 02:00:00,2017-01-21 03:00:00,1,Beijing,XGBoost,72.916667,72.36771,test
2017-01-21 03:00:00,2017-01-21 04:00:00,1,Beijing,XGBoost,73.25,74.13029,test
2017-01-21 04:00:00,2017-01-21 05:00:00,1,Beijing,XGBoost,74.916667,74.211685,test
2017-01-21 05:00:00,2017-01-21 06:00:00,1,Beijing,XGBoost,66.75,73.74866,test
2017-01-21 06:00:00,2017-01-21 07:00:00,1,Beijing,XGBoost,42.666667,60.40716,test
2017-01-21 07:00:00,2017-01-21 08:00:00,1,Beijing,XGBoost,20.583333,35.695354,test
2017-01-21 08:00:00,2017-01-21 09:00:00,1,Beijing,XGBoost,11.666667,15.80009,test
2017-01-21 09:00:00,2017-01-21 10:00:00,1,Beijing,XGBoost,7.583333,11.41757,test
2017-01-21 10:00:00,2017-01-21 11:00:00,1,Beijing,XGBoost,5.833333,8.529868,test
2017-01-21 11:00:00,2017-01-21 12:00:00,1,Beijing,XGBoost,7.416667,7.548236,test
2017-01-21 12:00:00,2017-01-21 13:00:00,1,Beijing,XGBoost,8.083333,7.6542554,test
2017-01-21 13:00:00,2017-01-21 14:00:00,1,Beijing,XGBoost,8.333333,8.485065,test
2017-01-21 14:00:00,2017-01-21 15:00:00,1,Beijing,XGBoost,8.583333,8.485065,test
2017-01-21 15:00:00,2017-01-21 16:00:00,1,Beijing,XGBoost,7.583333,8.86498,test
2017-01-21 16:00:00,2017-01-21 17:00:00,1,Beijing,XGBoost,7.25,8.117984,test
2017-01-21 17:00:00,2017-01-21 18:00:00,1,Beijing,XGBoost,6.75,8.321986,test
2017-01-21 18:00:00,2017-01-21 19:00:00,1,Beijing,XGBoost,8.333333,8.006383,test
2017-01-21 19:00:00,2017-01-21 20:00:00,1,Beijing,XGBoost,9.0,9.394754,test
2017-01-21 20:00:00,2017-01-21 21:00:00,1,Beijing,XGBoost,9.333333,10.68709,test
2017-01-21 21:00:00,2017-01-21 22:00:00,1,Beijing,XGBoost,11.75,10.898316,test
2017-01-21 22:00:00,2017-01-21 23:00:00,1,Beijing,XGBoost,9.666667,12.518646,test
2017-01-21 23:00:00,2017-01-22 00:00:00,1,Beijing,XGBoost,11.166667,10.449767,test
2017-01-22 00:00:00,2017-01-22 01:00:00,1,Beijing,XGBoost,11.833333,12.028919,test
2017-01-22 01:00:00,2017-01-22 02:00:00,1,Beijing,XGBoost,10.833333,12.48422,test
2017-01-22 02:00:00,2017-01-22 03:00:00,1,Beijing,XGBoost,12.833333,11.397104,test
2017-01-22 03:00:00,2017-01-22 04:00:00,1,Beijing,XGBoost,11.833333,13.413301,test
2017-01-22 04:00:00,2017-01-22 05:00:00,1,Beijing,XGBoost,12.0,12.346943,test
2017-01-22 05:00:00,2017-01-22 06:00:00,1,Beijing,XGBoost,11.25,12.7419615,test
2017-01-22 06:00:00,2017-01-22 07:00:00,1,Beijing,XGBoost,10.416667,11.39377,test
2017-01-22 07:00:00,2017-01-22 08:00:00,1,Beijing,XGBoost,10.583333,11.29269,test
2017-01-22 08:00:00,2017-01-22 09:00:00,1,Beijing,XGBoost,11.666667,11.614854,test
2017-01-22 09:00:00,2017-01-22 10:00:00,1,Beijing,XGBoost,12.083333,13.131507,test
2017-01-22 10:00:00,2017-01-22 11:00:00,1,Beijing,XGBoost,14.083333,12.923778,test
2017-01-22 11:00:00,2017-01-22 12:00:00,1,Beijing,XGBoost,13.666667,15.07808,test
2017-01-22 12:00:00,2017-01-22 13:00:00,1,Beijing,XGBoost,13.583333,14.268792,test
2017-01-22 13:00:00,2017-01-22 14:00:00,1,Beijing,XGBoost,17.166667,14.301588,test
2017-01-22 14:00:00,2017-01-22 15:00:00,1,Beijing,XGBoost,18.583333,18.49422,test
2017-01-22 15:00:00,2017-01-22 16:00:00,1,Beijing,XGBoost,20.5,22.245102,test
2017-01-22 16:00:00,2017-01-22 17:00:00,1,Beijing,XGBoost,27.666667,24.198349,test
2017-01-22 17:00:00,2017-01-22 18:00:00,1,Beijing,XGBoost,43.833333,35.327854,test
2017-01-22 18:00:00,2017-01-22 19:00:00,1,Beijing,XGBoost,53.666667,54.59049,test
2017-01-22 19:00:00,2017-01-22 20:00:00,1,Beijing,XGBoost,60.583333,63.937828,test
2017-01-22 20:00:00,2017-01-22 21:00:00,1,Beijing,XGBoost,55.916667,70.427635,test
2017-01-22 21:00:00,2017-01-22 22:00:00,1,Beijing,XGBoost,42.25,60.822956,test
2017-01-22 22:00:00,2017-01-22 23:00:00,1,Beijing,XGBoost,38.416667,38.593704,test
2017-01-22 23:00:00,2017-01-23 00:00:00,1,Beijing,XGBoost,36.916667,36.09648,test
2017-01-23 00:00:00,2017-01-23 01:00:00,1,Beijing,XGBoost,28.25,37.363346,test
2017-01-23 01:00:00,2017-01-23 02:00:00,1,Beijing,XGBoost,25.75,27.027897,test
2017-01-23 02:00:00,2017-01-23 03:00:00,1,Beijing,XGBoost,23.083333,22.8415,test
2017-01-23 03:00:00,2017-01-23 04:00:00,1,Beijing,XGBoost,22.25,23.484129,test
2017-01-23 04:00:00,2017-01-23 05:00:00,1,Beijing,XGBoost,18.583333,22.478903,test
2017-01-23 05:00:00,2017-01-23 06:00:00,1,Beijing,XGBoost,16.416667,18.447683,test
2017-01-23 06:00:00,2017-01-23 07:00:00,1,Beijing,XGBoost,16.416667,15.933707,test
2017-01-23 07:00:00,2017-01-23 08:00:00,1,Beijing,XGBoost,17.666667,17.452051,test
2017-01-23 08:00:00,2017-01-23 09:00:00,1,Beijing,XGBoost,17.083333,19.64651,test
2017-01-23 09:00:00,2017-01-23 10:00:00,1,Beijing,XGBoost,17.75,19.068203,test
2017-01-23 10:00:00,2017-01-23 11:00:00,1,Beijing,XGBoost,20.583333,18.98779,test
2017-01-23 11:00:00,2017-01-23 12:00:00,1,Beijing,XGBoost,23.5,22.258646,test
2017-01-23 12:00:00,2017-01-23 13:00:00,1,Beijing,XGBoost,21.333333,24.59153,test
2017-01-23 13:00:00,2017-01-23 14:00:00,1,Beijing,XGBoost,22.75,22.389654,test
2017-01-23 14:00:00,2017-01-23 15:00:00,1,Beijing,XGBoost,22.5,25.334612,test
2017-01-23 15:00:00,2017-01-23 16:00:00,1,Beijing,XGBoost,28.5,26.027426,test
2017-01-23 16:00:00,2017-01-23 17:00:00,1,Beijing,XGBoost,34.333333,34.83869,test
2017-01-23 17:00:00,2017-01-23 18:00:00,1,Beijing,XGBoost,37.416667,42.304695,test
2017-01-23 18:00:00,2017-01-23 19:00:00,1,Beijing,XGBoost,38.25,46.16514,test
2017-01-23 19:00:00,2017-01-23 20:00:00,1,Beijing,XGBoost,47.0,46.978134,test
2017-01-23 20:00:00,2017-01-23 21:00:00,1,Beijing,XGBoost,62.0,58.09247,test
2017-01-23 21:00:00,2017-01-23 22:00:00,1,Beijing,XGBoost,70.25,70.11277,test
2017-01-23 22:00:00,2017-01-23 23:00:00,1,Beijing,XGBoost,75.333333,77.697914,test
2017-01-23 23:00:00,2017-01-24 00:00:00,1,Beijing,XGBoost,83.666667,77.95805,test
2017-01-24 00:00:00,2017-01-24 01:00:00,1,Beijing,XGBoost,88.333333,86.93112,test
2017-01-24 01:00:00,2017-01-24 02:00:00,1,Beijing,XGBoost,87.5,89.929405,test
2017-01-24 02:00:00,2017-01-24 03:00:00,1,Beijing,XGBoost,83.416667,86.376396,test
2017-01-24 03:00:00,2017-01-24 04:00:00,1,Beijing,XGBoost,80.583333,80.68433,test
2017-01-24 04:00:00,2017-01-24 05:00:00,1,Beijing,XGBoost,80.75,79.07165,test
2017-01-24 05:00:00,2017-01-24 06:00:00,1,Beijing,XGBoost,78.583333,79.55312,test
2017-01-24 06:00:00,2017-01-24 07:00:00,1,Beijing,XGBoost,76.833333,77.186134,test
2017-01-24 07:00:00,2017-01-24 08:00:00,1,Beijing,XGBoost,70.833333,76.359795,test
2017-01-24 08:00:00,2017-01-24 09:00:00,1,Beijing,XGBoost,56.666667,70.03738,test
2017-01-24 09:00:00,2017-01-24 10:00:00,1,Beijing,XGBoost,48.5,51.173668,test
2017-01-24 10:00:00,2017-01-24 11:00:00,1,Beijing,XGBoost,43.666667,44.11147,test
2017-01-24 11:00:00,2017-01-24 12:00:00,1,Beijing,XGBoost,47.25,42.61647,test
2017-01-24 12:00:00,2017-01-24 13:00:00,1,Beijing,XGBoost,60.75,51.72439,test
2017-01-24 13:00:00,2017-01-24 14:00:00,1,Beijing,XGBoost,66.083333,66.05539,test
2017-01-24 14:00:00,2017-01-24 15:00:00,1,Beijing,XGBoost,64.333333,74.40985,test
2017-01-24 15:00:00,2017-01-24 16:00:00,1,Beijing,XGBoost,73.666667,67.55473,test
2017-01-24 16:00:00,2017-01-24 17:00:00,1,Beijing,XGBoost,95.583333,80.86492,test
2017-01-24 17:00:00,2017-01-24 18:00:00,1,Beijing,XGBoost,106.333333,107.27427,test
2017-01-24 18:00:00,2017-01-24 19:00:00,1,Beijing,XGBoost,112.0,119.23718,test
2017-01-24 19:00:00,2017-01-24 20:00:00,1,Beijing,XGBoost,121.75,122.2929,test
2017-01-24 20:00:00,2017-01-24 21:00:00,1,Beijing,XGBoost,126.25,129.86905,test
2017-01-24 21:00:00,2017-01-24 22:00:00,1,Beijing,XGBoost,122.916667,129.11365,test
2017-01-24 22:00:00,2017-01-24 23:00:00,1,Beijing,XGBoost,126.666667,124.048294,test
2017-01-24 23:00:00,2017-01-25 00:00:00,1,Beijing,XGBoost,141.333333,125.21726,test
2017-01-25 00:00:00,2017-01-25 01:00:00,1,Beijing,XGBoost,150.583333,143.14969,test
2017-01-25 01:00:00,2017-01-25 02:00:00,1,Beijing,XGBoost,151.25,155.20213,test
2017-01-25 02:00:00,2017-01-25 03:00:00,1,Beijing,XGBoost,154.833333,147.7164,test
2017-01-25 03:00:00,2017-01-25 04:00:00,1,Beijing,XGBoost,162.333333,152.42163,test
2017-01-25 04:00:00,2017-01-25 05:00:00,1,Beijing,XGBoost,164.833333,162.24147,test
2017-01-25 05:00:00,2017-01-25 06:00:00,1,Beijing,XGBoost,165.916667,161.35756,test
2017-01-25 06:00:00,2017-01-25 07:00:00,1,Beijing,XGBoost,165.25,161.66245,test
2017-01-25 07:00:00,2017-01-25 08:00:00,1,Beijing,XGBoost,160.916667,161.31326,test
2017-01-25 08:00:00,2017-01-25 09:00:00,1,Beijing,XGBoost,147.75,157.05948,test
2017-01-25 09:00:00,2017-01-25 10:00:00,1,Beijing,XGBoost,143.0,144.68706,test
2017-01-25 10:00:00,2017-01-25 11:00:00,1,Beijing,XGBoost,141.833333,135.64719,test
2017-01-25 11:00:00,2017-01-25 12:00:00,1,Beijing,XGBoost,140.916667,133.34653,test
2017-01-25 12:00:00,2017-01-25 13:00:00,1,Beijing,XGBoost,144.166667,129.98602,test
2017-01-25 13:00:00,2017-01-25 14:00:00,1,Beijing,XGBoost,148.166667,144.87088,test
2017-01-25 14:00:00,2017-01-25 15:00:00,1,Beijing,XGBoost,155.125,151.35884,test
2017-01-25 15:00:00,2017-01-25 16:00:00,1,Beijing,XGBoost,162.083333,156.31105,test
2017-01-25 16:00:00,2017-01-25 17:00:00,1,Beijing,XGBoost,169.5,168.7865,test
2017-01-25 17:00:00,2017-01-25 18:00:00,1,Beijing,XGBoost,181.583333,176.77951,test
2017-01-25 18:00:00,2017-01-25 19:00:00,1,Beijing,XGBoost,189.916667,192.93481,test
2017-01-25 19:00:00,2017-01-25 20:00:00,1,Beijing,XGBoost,197.916667,203.85213,test
2017-01-25 20:00:00,2017-01-25 21:00:00,1,Beijing,XGBoost,216.333333,205.88203,test
2017-01-25 21:00:00,2017-01-25 22:00:00,1,Beijing,XGBoost,220.916667,222.23398,test
2017-01-25 22:00:00,2017-01-25 23:00:00,1,Beijing,XGBoost,237.916667,222.96016,test
2017-01-25 23:00:00,2017-01-26 00:00:00,1,Beijing,XGBoost,242.8125,238.59366,test
2017-01-26 00:00:00,2017-01-26 01:00:00,1,Beijing,XGBoost,249.541667,241.6912,test
2017-01-26 01:00:00,2017-01-26 02:00:00,1,Beijing,XGBoost,260.9375,243.86351,test
2017-01-26 02:00:00,2017-01-26 03:00:00,1,Beijing,XGBoost,276.583333,243.63866,test
2017-01-26 03:00:00,2017-01-26 04:00:00,1,Beijing,XGBoost,280.777778,272.73102,test
2017-01-26 04:00:00,2017-01-26 05:00:00,1,Beijing,XGBoost,276.055556,271.70953,test
2017-01-26 05:00:00,2017-01-26 06:00:00,1,Beijing,XGBoost,276.333333,273.38095,test
2017-01-26 06:00:00,2017-01-26 07:00:00,1,Beijing,XGBoost,271.0,271.9511,test
2017-01-26 07:00:00,2017-01-26 08:00:00,1,Beijing,XGBoost,264.166667,268.25735,test
2017-01-26 08:00:00,2017-01-26 09:00:00,1,Beijing,XGBoost,255.416667,263.78503,test
2017-01-26 09:00:00,2017-01-26 10:00:00,1,Beijing,XGBoost,252.75,254.02533,test
2017-01-26 10:00:00,2017-01-26 11:00:00,1,Beijing,XGBoost,267.75,254.6476,test
2017-01-26 11:00:00,2017-01-26 12:00:00,1,Beijing,XGBoost,245.416667,260.47516,test
2017-01-26 12:00:00,2017-01-26 13:00:00,1,Beijing,XGBoost,213.75,230.26012,test
2017-01-26 13:00:00,2017-01-26 14:00:00,1,Beijing,XGBoost,165.791667,173.81389,test
2017-01-26 14:00:00,2017-01-26 15:00:00,1,Beijing,XGBoost,110.666667,121.16403,test
2017-01-26 15:00:00,2017-01-26 16:00:00,1,Beijing,XGBoost,47.166667,81.64194,test
2017-01-26 16:00:00,2017-01-26 17:00:00,1,Beijing,XGBoost,10.5,30.771492,test
2017-01-26 17:00:00,2017-01-26 18:00:00,1,Beijing,XGBoost,8.166667,12.344546,test
2017-01-26 18:00:00,2017-01-26 19:00:00,1,Beijing,XGBoost,9.666667,9.301363,test
2017-01-26 19:00:00,2017-01-26 20:00:00,1,Beijing,XGBoost,8.166667,10.468023,test
2017-01-26 20:00:00,2017-01-26 21:00:00,1,Beijing,XGBoost,9.0,8.524514,test
2017-01-26 21:00:00,2017-01-26 22:00:00,1,Beijing,XGBoost,8.25,8.711822,test
2017-01-26 22:00:00,2017-01-26 23:00:00,1,Beijing,XGBoost,5.916667,7.718415,test
2017-01-26 23:00:00,2017-01-27 00:00:00,1,Beijing,XGBoost,10.583333,7.2080965,test
2017-01-27 00:00:00,2017-01-27 01:00:00,1,Beijing,XGBoost,8.333333,10.209034,test
2017-01-27 01:00:00,2017-01-27 02:00:00,1,Beijing,XGBoost,9.0,8.680889,test
2017-01-27 02:00:00,2017-01-27 03:00:00,1,Beijing,XGBoost,8.75,9.449976,test
2017-01-27 03:00:00,2017-01-27 04:00:00,1,Beijing,XGBoost,7.833333,9.547161,test
2017-01-27 04:00:00,2017-01-27 05:00:00,1,Beijing,XGBoost,6.833333,8.839741,test
2017-01-27 05:00:00,2017-01-27 06:00:00,1,Beijing,XGBoost,5.833333,6.948085,test
2017-01-27 06:00:00,2017-01-27 07:00:00,1,Beijing,XGBoost,7.166667,7.101993,test
2017-01-27 07:00:00,2017-01-27 08:00:00,1,Beijing,XGBoost,10.25,8.764333,test
2017-01-27 08:00:00,2017-01-27 09:00:00,1,Beijing,XGBoost,13.583333,12.0694895,test
2017-01-27 09:00:00,2017-01-27 10:00:00,1,Beijing,XGBoost,19.25,15.343757,test
2017-01-27 10:00:00,2017-01-27 11:00:00,1,Beijing,XGBoost,28.25,20.55906,test
2017-01-27 11:00:00,2017-01-27 12:00:00,1,Beijing,XGBoost,30.833333,31.498022,test
2017-01-27 12:00:00,2017-01-27 13:00:00,1,Beijing,XGBoost,36.25,34.16299,test
2017-01-27 13:00:00,2017-01-27 14:00:00,1,Beijing,XGBoost,39.916667,37.120174,test
2017-01-27 14:00:00,2017-01-27 15:00:00,1,Beijing,XGBoost,38.166667,41.935955,test
2017-01-27 15:00:00,2017-01-27 16:00:00,1,Beijing,XGBoost,44.333333,38.589787,test
2017-01-27 16:00:00,2017-01-27 17:00:00,1,Beijing,XGBoost,51.916667,48.640354,test
2017-01-27 17:00:00,2017-01-27 18:00:00,1,Beijing,XGBoost,56.833333,56.343506,test
2017-01-27 18:00:00,2017-01-27 19:00:00,1,Beijing,XGBoost,67.166667,66.41365,test
2017-01-27 19:00:00,2017-01-27 20:00:00,1,Beijing,XGBoost,95.333333,78.65681,test
2017-01-27 20:00:00,2017-01-27 21:00:00,1,Beijing,XGBoost,132.916667,100.99505,test
2017-01-27 21:00:00,2017-01-27 22:00:00,1,Beijing,XGBoost,187.083333,147.11281,test
2017-01-27 22:00:00,2017-01-27 23:00:00,1,Beijing,XGBoost,233.590909,190.80476,test
2017-01-27 23:00:00,2017-01-28 00:00:00,1,Beijing,XGBoost,239.142857,207.78618,test
2017-01-28 00:00:00,2017-01-28 01:00:00,1,Beijing,XGBoost,195.5,216.15237,test
2017-01-28 01:00:00,2017-01-28 02:00:00,1,Beijing,XGBoost,178.142857,173.47337,test
2017-01-28 02:00:00,2017-01-28 03:00:00,1,Beijing,XGBoost,196.285714,123.12587,test
2017-01-28 03:00:00,2017-01-28 04:00:00,1,Beijing,XGBoost,230.761905,182.8604,test
2017-01-28 04:00:00,2017-01-28 05:00:00,1,Beijing,XGBoost,236.904762,223.49078,test
2017-01-28 05:00:00,2017-01-28 06:00:00,1,Beijing,XGBoost,241.714286,226.25076,test
2017-01-28 06:00:00,2017-01-28 07:00:00,1,Beijing,XGBoost,241.857143,227.80998,test
2017-01-28 07:00:00,2017-01-28 08:00:00,1,Beijing,XGBoost,247.333333,223.64584,test
2017-01-28 08:00:00,2017-01-28 09:00:00,1,Beijing,XGBoost,237.333333,230.78334,test
2017-01-28 09:00:00,2017-01-28 10:00:00,1,Beijing,XGBoost,271.0,230.2267,test
2017-01-28 10:00:00,2017-01-28 11:00:00,1,Beijing,XGBoost,282.3,261.70285,test
2017-01-28 11:00:00,2017-01-28 12:00:00,1,Beijing,XGBoost,267.083333,272.59805,test
2017-01-28 12:00:00,2017-01-28 13:00:00,1,Beijing,XGBoost,248.416667,257.0,test
2017-01-28 13:00:00,2017-01-28 14:00:00,1,Beijing,XGBoost,228.833333,227.23552,test
2017-01-28 14:00:00,2017-01-28 15:00:00,1,Beijing,XGBoost,218.916667,216.41006,test
2017-01-28 15:00:00,2017-01-28 16:00:00,1,Beijing,XGBoost,219.166667,201.37268,test
2017-01-28 16:00:00,2017-01-28 17:00:00,1,Beijing,XGBoost,220.916667,226.41396,test
2017-01-28 17:00:00,2017-01-28 18:00:00,1,Beijing,XGBoost,229.333333,228.52545,test
2017-01-28 18:00:00,2017-01-28 19:00:00,1,Beijing,XGBoost,230.333333,237.34554,test
2017-01-28 19:00:00,2017-01-28 20:00:00,1,Beijing,XGBoost,235.583333,238.80573,test
2017-01-28 20:00:00,2017-01-28 21:00:00,1,Beijing,XGBoost,243.833333,243.13055,test
2017-01-28 21:00:00,2017-01-28 22:00:00,1,Beijing,XGBoost,250.75,246.91911,test
2017-01-28 22:00:00,2017-01-28 23:00:00,1,Beijing,XGBoost,254.416667,250.61105,test
2017-01-28 23:00:00,2017-01-29 00:00:00,1,Beijing,XGBoost,261.833333,247.49297,test
2017-01-29 00:00:00,2017-01-29 01:00:00,1,Beijing,XGBoost,256.75,257.65118,test
2017-01-29 01:00:00,2017-01-29 02:00:00,1,Beijing,XGBoost,238.25,255.65195,test
2017-01-29 02:00:00,2017-01-29 03:00:00,1,Beijing,XGBoost,180.5,194.6301,test
2017-01-29 03:00:00,2017-01-29 04:00:00,1,Beijing,XGBoost,45.833333,89.58671,test
2017-01-29 04:00:00,2017-01-29 05:00:00,1,Beijing,XGBoost,11.333333,28.64573,test
2017-01-29 05:00:00,2017-01-29 06:00:00,1,Beijing,XGBoost,8.0,11.538589,test
2017-01-29 06:00:00,2017-01-29 07:00:00,1,Beijing,XGBoost,10.833333,7.440296,test
2017-01-29 07:00:00,2017-01-29 08:00:00,1,Beijing,XGBoost,9.75,10.692443,test
2017-01-29 08:00:00,2017-01-29 09:00:00,1,Beijing,XGBoost,9.833333,9.203839,test
2017-01-29 09:00:00,2017-01-29 10:00:00,1,Beijing,XGBoost,10.5,10.23129,test
2017-01-29 10:00:00,2017-01-29 11:00:00,1,Beijing,XGBoost,8.75,10.29104,test
2017-01-29 11:00:00,2017-01-29 12:00:00,1,Beijing,XGBoost,9.0,9.333513,test
2017-01-29 12:00:00,2017-01-29 13:00:00,1,Beijing,XGBoost,11.333333,9.417456,test
2017-01-29 13:00:00,2017-01-29 14:00:00,1,Beijing,XGBoost,11.583333,11.045123,test
2017-01-29 14:00:00,2017-01-29 15:00:00,1,Beijing,XGBoost,12.416667,11.984783,test
2017-01-29 15:00:00,2017-01-29 16:00:00,1,Beijing,XGBoost,11.916667,12.679988,test
2017-01-29 16:00:00,2017-01-29 17:00:00,1,Beijing,XGBoost,13.25,12.739472,test
2017-01-29 17:00:00,2017-01-29 18:00:00,1,Beijing,XGBoost,13.166667,14.306432,test
2017-01-29 18:00:00,2017-01-29 19:00:00,1,Beijing,XGBoost,11.916667,14.742329,test
2017-01-29 19:00:00,2017-01-29 20:00:00,1,Beijing,XGBoost,10.666667,13.455171,test
2017-01-29 20:00:00,2017-01-29 21:00:00,1,Beijing,XGBoost,8.583333,13.291677,test
2017-01-29 21:00:00,2017-01-29 22:00:00,1,Beijing,XGBoost,9.083333,9.182721,test
2017-01-29 22:00:00,2017-01-29 23:00:00,1,Beijing,XGBoost,8.833333,9.010804,test
2017-01-29 23:00:00,2017-01-30 00:00:00,1,Beijing,XGBoost,8.916667,8.418498,test
2017-01-30 00:00:00,2017-01-30 01:00:00,1,Beijing,XGBoost,8.25,8.55342,test
2017-01-30 01:00:00,2017-01-30 02:00:00,1,Beijing,XGBoost,8.333333,7.9442954,test
2017-01-30 02:00:00,2017-01-30 03:00:00,1,Beijing,XGBoost,8.083333,7.9253855,test
2017-01-30 03:00:00,2017-01-30 04:00:00,1,Beijing,XGBoost,6.666667,7.7666473,test
2017-01-30 04:00:00,2017-01-30 05:00:00,1,Beijing,XGBoost,7.583333,6.660661,test
2017-01-30 05:00:00,2017-01-30 06:00:00,1,Beijing,XGBoost,7.416667,7.270862,test
2017-01-30 06:00:00,2017-01-30 07:00:00,1,Beijing,XGBoost,7.083333,7.314179,test
2017-01-30 07:00:00,2017-01-30 08:00:00,1,Beijing,XGBoost,8.666667,8.15014,test
2017-01-30 08:00:00,2017-01-30 09:00:00,1,Beijing,XGBoost,8.166667,10.052905,test
2017-01-30 09:00:00,2017-01-30 10:00:00,1,Beijing,XGBoost,9.25,8.807763,test
2017-01-30 10:00:00,2017-01-30 11:00:00,1,Beijing,XGBoost,12.0,10.078361,test
2017-01-30 11:00:00,2017-01-30 12:00:00,1,Beijing,XGBoost,8.666667,12.397407,test
2017-01-30 12:00:00,2017-01-30 13:00:00,1,Beijing,XGBoost,7.0,9.773499,test
2017-01-30 13:00:00,2017-01-30 14:00:00,1,Beijing,XGBoost,8.083333,9.439889,test
2017-01-30 14:00:00,2017-01-30 15:00:00,1,Beijing,XGBoost,10.25,9.536745,test
2017-01-30 15:00:00,2017-01-30 16:00:00,1,Beijing,XGBoost,9.916667,10.18396,test
2017-01-30 16:00:00,2017-01-30 17:00:00,1,Beijing,XGBoost,11.833333,10.448296,test
2017-01-30 17:00:00,2017-01-30 18:00:00,1,Beijing,XGBoost,39.666667,12.829657,test
2017-01-30 18:00:00,2017-01-30 19:00:00,1,Beijing,XGBoost,76.25,48.979534,test
2017-01-30 19:00:00,2017-01-30 20:00:00,1,Beijing,XGBoost,59.583333,95.675705,test
2017-01-30 20:00:00,2017-01-30 21:00:00,1,Beijing,XGBoost,62.666667,67.18888,test
2017-01-30 21:00:00,2017-01-30 22:00:00,1,Beijing,XGBoost,67.25,58.439774,test
2017-01-30 22:00:00,2017-01-30 23:00:00,1,Beijing,XGBoost,68.666667,65.845146,test
2017-01-30 23:00:00,2017-01-31 00:00:00,1,Beijing,XGBoost,73.166667,66.50155,test
2017-01-31 00:00:00,2017-01-31 01:00:00,1,Beijing,XGBoost,79.416667,71.45623,test
2017-01-31 01:00:00,2017-01-31 02:00:00,1,Beijing,XGBoost,89.333333,78.35988,test
2017-01-31 02:00:00,2017-01-31 03:00:00,1,Beijing,XGBoost,91.25,92.846054,test
2017-01-31 03:00:00,2017-01-31 04:00:00,1,Beijing,XGBoost,91.666667,93.21679,test
2017-01-31 04:00:00,2017-01-31 05:00:00,1,Beijing,XGBoost,91.833333,87.23275,test
2017-01-31 05:00:00,2017-01-31 06:00:00,1,Beijing,XGBoost,92.5,84.89794,test
2017-01-31 06:00:00,2017-01-31 07:00:00,1,Beijing,XGBoost,88.833333,84.98045,test
2017-01-31 07:00:00,2017-01-31 08:00:00,1,Beijing,XGBoost,93.333333,83.00981,test
2017-01-31 08:00:00,2017-01-31 09:00:00,1,Beijing,XGBoost,92.916667,94.133385,test
2017-01-31 09:00:00,2017-01-31 10:00:00,1,Beijing,XGBoost,89.916667,92.652794,test
2017-01-31 10:00:00,2017-01-31 11:00:00,1,Beijing,XGBoost,86.833333,86.92064,test
2017-01-31 11:00:00,2017-01-31 12:00:00,1,Beijing,XGBoost,84.333333,83.66266,test
2017-01-31 12:00:00,2017-01-31 13:00:00,1,Beijing,XGBoost,71.583333,80.8244,test
2017-01-31 13:00:00,2017-01-31 14:00:00,1,Beijing,XGBoost,66.333333,69.22572,test
2017-01-31 14:00:00,2017-01-31 15:00:00,1,Beijing,XGBoost,71.416667,61.31647,test
2017-01-31 15:00:00,2017-01-31 16:00:00,1,Beijing,XGBoost,68.166667,74.633255,test
2017-01-31 16:00:00,2017-01-31 17:00:00,1,Beijing,XGBoost,66.833333,65.606316,test
2017-01-31 17:00:00,2017-01-31 18:00:00,1,Beijing,XGBoost,59.083333,68.03319,test
2017-01-31 18:00:00,2017-01-31 19:00:00,1,Beijing,XGBoost,63.583333,61.15064,test
2017-01-31 19:00:00,2017-01-31 20:00:00,1,Beijing,XGBoost,78.916667,68.03564,test
2017-01-31 20:00:00,2017-01-31 21:00:00,1,Beijing,XGBoost,86.25,87.908394,test
2017-01-31 21:00:00,2017-01-31 22:00:00,1,Beijing,XGBoost,76.333333,91.37355,test
2017-01-31 22:00:00,2017-01-31 23:00:00,1,Beijing,XGBoost,23.333333,75.127464,test
2017-01-31 23:00:00,2017-02-01 00:00:00,1,Beijing,XGBoost,13.25,20.109037,test
2017-02-01 00:00:00,2017-02-01 01:00:00,1,Beijing,XGBoost,9.416667,16.075432,test
2017-02-01 01:00:00,2017-02-01 02:00:00,1,Beijing,XGBoost,10.25,9.588315,test
2017-02-01 02:00:00,2017-02-01 03:00:00,1,Beijing,XGBoost,9.75,11.031859,test
2017-02-01 03:00:00,2017-02-01 04:00:00,1,Beijing,XGBoost,9.0,10.219046,test
2017-02-01 04:00:00,2017-02-01 05:00:00,1,Beijing,XGBoost,7.75,9.846895,test
2017-02-01 05:00:00,2017-02-01 06:00:00,1,Beijing,XGBoost,8.125,8.3028,test
2017-02-01 06:00:00,2017-02-01 07:00:00,1,Beijing,XGBoost,7.333333,8.098948,test
2017-02-01 07:00:00,2017-02-01 08:00:00,1,Beijing,XGBoost,6.0,8.51972,test
2017-02-01 08:00:00,2017-02-01 09:00:00,1,Beijing,XGBoost,5.833333,7.910139,test
2017-02-01 09:00:00,2017-02-01 10:00:00,1,Beijing,XGBoost,7.0,8.121602,test
2017-02-01 10:00:00,2017-02-01 11:00:00,1,Beijing,XGBoost,7.083333,7.9574995,test
2017-02-01 11:00:00,2017-02-01 12:00:00,1,Beijing,XGBoost,6.916667,7.621043,test
2017-02-01 12:00:00,2017-02-01 13:00:00,1,Beijing,XGBoost,8.5,7.2367306,test
2017-02-01 13:00:00,2017-02-01 14:00:00,1,Beijing,XGBoost,11.166667,9.559091,test
2017-02-01 14:00:00,2017-02-01 15:00:00,1,Beijing,XGBoost,8.833333,11.284395,test
2017-02-01 15:00:00,2017-02-01 16:00:00,1,Beijing,XGBoost,11.5,9.992307,test
2017-02-01 16:00:00,2017-02-01 17:00:00,1,Beijing,XGBoost,13.333333,12.506793,test
2017-02-01 17:00:00,2017-02-01 18:00:00,1,Beijing,XGBoost,23.75,14.661066,test
2017-02-01 18:00:00,2017-02-01 19:00:00,1,Beijing,XGBoost,40.583333,28.976746,test
2017-02-01 19:00:00,2017-02-01 20:00:00,1,Beijing,XGBoost,61.25,48.97055,test
2017-02-01 20:00:00,2017-02-01 21:00:00,1,Beijing,XGBoost,91.666667,75.087494,test
2017-02-01 21:00:00,2017-02-01 22:00:00,1,Beijing,XGBoost,123.916667,100.09548,test
2017-02-01 22:00:00,2017-02-01 23:00:00,1,Beijing,XGBoost,121.333333,137.38943,test
2017-02-01 23:00:00,2017-02-02 00:00:00,1,Beijing,XGBoost,131.75,126.92356,test
2017-02-02 00:00:00,2017-02-02 01:00:00,1,Beijing,XGBoost,127.916667,126.78994,test
2017-02-02 01:00:00,2017-02-02 02:00:00,1,Beijing,XGBoost,111.916667,127.92319,test
2017-02-02 02:00:00,2017-02-02 03:00:00,1,Beijing,XGBoost,98.916667,101.22455,test
2017-02-02 03:00:00,2017-02-02 04:00:00,1,Beijing,XGBoost,91.416667,83.653885,test
2017-02-02 04:00:00,2017-02-02 05:00:00,1,Beijing,XGBoost,69.5,82.71738,test
2017-02-02 05:00:00,2017-02-02 06:00:00,1,Beijing,XGBoost,57.0,55.42359,test
2017-02-02 06:00:00,2017-02-02 07:00:00,1,Beijing,XGBoost,52.333333,47.173615,test
2017-02-02 07:00:00,2017-02-02 08:00:00,1,Beijing,XGBoost,44.833333,48.589268,test
2017-02-02 08:00:00,2017-02-02 09:00:00,1,Beijing,XGBoost,43.25,46.181866,test
2017-02-02 09:00:00,2017-02-02 10:00:00,1,Beijing,XGBoost,42.833333,44.198654,test
2017-02-02 10:00:00,2017-02-02 11:00:00,1,Beijing,XGBoost,49.090909,46.198025,test
2017-02-02 11:00:00,2017-02-02 12:00:00,1,Beijing,XGBoost,55.545455,52.684353,test
2017-02-02 12:00:00,2017-02-02 13:00:00,1,Beijing,XGBoost,60.545455,58.561794,test
2017-02-02 13:00:00,2017-02-02 14:00:00,1,Beijing,XGBoost,57.727273,64.57551,test
2017-02-02 14:00:00,2017-02-02 15:00:00,1,Beijing,XGBoost,59.909091,59.900764,test
2017-02-02 15:00:00,2017-02-02 16:00:00,1,Beijing,XGBoost,63.545455,61.95138,test
2017-02-02 16:00:00,2017-02-02 17:00:00,1,Beijing,XGBoost,71.363636,69.0354,test
2017-02-02 17:00:00,2017-02-02 18:00:00,1,Beijing,XGBoost,75.272727,80.003746,test
2017-02-02 18:00:00,2017-02-02 19:00:00,1,Beijing,XGBoost,78.583333,84.180725,test
2017-02-02 19:00:00,2017-02-02 20:00:00,1,Beijing,XGBoost,94.25,89.818535,test
2017-02-02 20:00:00,2017-02-02 21:00:00,1,Beijing,XGBoost,124.083333,102.832855,test
2017-02-02 21:00:00,2017-02-02 22:00:00,1,Beijing,XGBoost,128.666667,141.76259,test
2017-02-02 22:00:00,2017-02-02 23:00:00,1,Beijing,XGBoost,137.416667,136.83989,test
2017-02-02 23:00:00,2017-02-03 00:00:00,1,Beijing,XGBoost,145.583333,138.03487,test
2017-02-03 00:00:00,2017-02-03 01:00:00,1,Beijing,XGBoost,143.75,148.97586,test
2017-02-03 01:00:00,2017-02-03 02:00:00,1,Beijing,XGBoost,144.583333,142.5229,test
2017-02-03 02:00:00,2017-02-03 03:00:00,1,Beijing,XGBoost,140.333333,140.7531,test
2017-02-03 03:00:00,2017-02-03 04:00:00,1,Beijing,XGBoost,142.416667,131.44864,test
2017-02-03 04:00:00,2017-02-03 05:00:00,1,Beijing,XGBoost,132.25,135.14757,test
2017-02-03 05:00:00,2017-02-03 06:00:00,1,Beijing,XGBoost,118.166667,128.5778,test
2017-02-03 06:00:00,2017-02-03 07:00:00,1,Beijing,XGBoost,92.0,105.9881,test
2017-02-03 07:00:00,2017-02-03 08:00:00,1,Beijing,XGBoost,80.333333,80.41021,test
2017-02-03 08:00:00,2017-02-03 09:00:00,1,Beijing,XGBoost,78.583333,69.878586,test
2017-02-03 09:00:00,2017-02-03 10:00:00,1,Beijing,XGBoost,88.5,76.229744,test
2017-02-03 10:00:00,2017-02-03 11:00:00,1,Beijing,XGBoost,84.0,92.48917,test
2017-02-03 11:00:00,2017-02-03 12:00:00,1,Beijing,XGBoost,86.083333,86.73262,test
2017-02-03 12:00:00,2017-02-03 13:00:00,1,Beijing,XGBoost,93.416667,89.44093,test
2017-02-03 13:00:00,2017-02-03 14:00:00,1,Beijing,XGBoost,111.083333,99.71012,test
2017-02-03 14:00:00,2017-02-03 15:00:00,1,Beijing,XGBoost,127.333333,118.27818,test
2017-02-03 15:00:00,2017-02-03 16:00:00,1,Beijing,XGBoost,147.166667,135.04282,test
2017-02-03 16:00:00,2017-02-03 17:00:00,1,Beijing,XGBoost,179.5,155.14185,test
2017-02-03 17:00:00,2017-02-03 18:00:00,1,Beijing,XGBoost,205.25,188.05116,test
2017-02-03 18:00:00,2017-02-03 19:00:00,1,Beijing,XGBoost,218.25,221.39673,test
2017-02-03 19:00:00,2017-02-03 20:00:00,1,Beijing,XGBoost,231.25,227.33478,test
2017-02-03 20:00:00,2017-02-03 21:00:00,1,Beijing,XGBoost,247.333333,237.42548,test
2017-02-03 21:00:00,2017-02-03 22:00:00,1,Beijing,XGBoost,265.583333,246.0087,test
2017-02-03 22:00:00,2017-02-03 23:00:00,1,Beijing,XGBoost,275.277778,258.26044,test
2017-02-03 23:00:00,2017-02-04 00:00:00,1,Beijing,XGBoost,274.243056,261.6672,test
2017-02-04 00:00:00,2017-02-04 01:00:00,1,Beijing,XGBoost,278.375,265.45804,test
2017-02-04 01:00:00,2017-02-04 02:00:00,1,Beijing,XGBoost,271.479167,274.67987,test
2017-02-04 02:00:00,2017-02-04 03:00:00,1,Beijing,XGBoost,265.583333,265.38953,test
2017-02-04 03:00:00,2017-02-04 04:00:00,1,Beijing,XGBoost,270.833333,260.26962,test
2017-02-04 04:00:00,2017-02-04 05:00:00,1,Beijing,XGBoost,268.416667,265.39154,test
2017-02-04 05:00:00,2017-02-04 06:00:00,1,Beijing,XGBoost,275.566667,266.6866,test
2017-02-04 06:00:00,2017-02-04 07:00:00,1,Beijing,XGBoost,280.833333,267.146,test
2017-02-04 07:00:00,2017-02-04 08:00:00,1,Beijing,XGBoost,283.558333,276.0651,test
2017-02-04 08:00:00,2017-02-04 09:00:00,1,Beijing,XGBoost,288.325,278.31296,test
2017-02-04 09:00:00,2017-02-04 10:00:00,1,Beijing,XGBoost,290.633333,273.9303,test
2017-02-04 10:00:00,2017-02-04 11:00:00,1,Beijing,XGBoost,285.291667,271.73364,test
2017-02-04 11:00:00,2017-02-04 12:00:00,1,Beijing,XGBoost,283.222222,275.2764,test
2017-02-04 12:00:00,2017-02-04 13:00:00,1,Beijing,XGBoost,291.194444,280.04398,test
2017-02-04 13:00:00,2017-02-04 14:00:00,1,Beijing,XGBoost,281.3,274.56345,test
2017-02-04 14:00:00,2017-02-04 15:00:00,1,Beijing,XGBoost,259.614286,280.23877,test
2017-02-04 15:00:00,2017-02-04 16:00:00,1,Beijing,XGBoost,244.828571,247.5103,test
2017-02-04 16:00:00,2017-02-04 17:00:00,1,Beijing,XGBoost,236.682857,219.94446,test
2017-02-04 17:00:00,2017-02-04 18:00:00,1,Beijing,XGBoost,232.32881,218.26225,test
2017-02-04 18:00:00,2017-02-04 19:00:00,1,Beijing,XGBoost,218.741429,223.50607,test
2017-02-04 19:00:00,2017-02-04 20:00:00,1,Beijing,XGBoost,194.204048,208.61227,test
2017-02-04 20:00:00,2017-02-04 21:00:00,1,Beijing,XGBoost,121.9,172.84875,test
2017-02-04 21:00:00,2017-02-04 22:00:00,1,Beijing,XGBoost,57.416667,86.12002,test
2017-02-04 22:00:00,2017-02-04 23:00:00,1,Beijing,XGBoost,30.0,51.535553,test
2017-02-04 23:00:00,2017-02-05 00:00:00,1,Beijing,XGBoost,19.083333,29.700628,test
2017-02-05 00:00:00,2017-02-05 01:00:00,1,Beijing,XGBoost,17.583333,21.655964,test
2017-02-05 01:00:00,2017-02-05 02:00:00,1,Beijing,XGBoost,17.75,16.713123,test
2017-02-05 02:00:00,2017-02-05 03:00:00,1,Beijing,XGBoost,22.666667,19.990234,test
2017-02-05 03:00:00,2017-02-05 04:00:00,1,Beijing,XGBoost,23.083333,25.06855,test
2017-02-05 04:00:00,2017-02-05 05:00:00,1,Beijing,XGBoost,21.5,23.050247,test
2017-02-05 05:00:00,2017-02-05 06:00:00,1,Beijing,XGBoost,19.916667,20.417746,test
2017-02-05 06:00:00,2017-02-05 07:00:00,1,Beijing,XGBoost,15.0,19.070723,test
2017-02-05 07:00:00,2017-02-05 08:00:00,1,Beijing,XGBoost,13.416667,14.412992,test
2017-02-05 08:00:00,2017-02-05 09:00:00,1,Beijing,XGBoost,11.083333,14.814044,test
2017-02-05 09:00:00,2017-02-05 10:00:00,1,Beijing,XGBoost,11.333333,11.829053,test
2017-02-05 10:00:00,2017-02-05 11:00:00,1,Beijing,XGBoost,11.0,11.131794,test
2017-02-05 11:00:00,2017-02-05 12:00:00,1,Beijing,XGBoost,8.416667,10.764452,test
2017-02-05 12:00:00,2017-02-05 13:00:00,1,Beijing,XGBoost,6.916667,8.746421,test
2017-02-05 13:00:00,2017-02-05 14:00:00,1,Beijing,XGBoost,7.083333,7.8149157,test
2017-02-05 14:00:00,2017-02-05 15:00:00,1,Beijing,XGBoost,6.583333,7.3992953,test
2017-02-05 15:00:00,2017-02-05 16:00:00,1,Beijing,XGBoost,9.5,7.230212,test
2017-02-05 16:00:00,2017-02-05 17:00:00,1,Beijing,XGBoost,11.75,9.923237,test
2017-02-05 17:00:00,2017-02-05 18:00:00,1,Beijing,XGBoost,14.083333,12.231756,test
2017-02-05 18:00:00,2017-02-05 19:00:00,1,Beijing,XGBoost,10.833333,16.592644,test
2017-02-05 19:00:00,2017-02-05 20:00:00,1,Beijing,XGBoost,8.333333,13.544152,test
2017-02-05 20:00:00,2017-02-05 21:00:00,1,Beijing,XGBoost,7.833333,10.73174,test
2017-02-05 21:00:00,2017-02-05 22:00:00,1,Beijing,XGBoost,8.166667,11.331242,test
2017-02-05 22:00:00,2017-02-05 23:00:00,1,Beijing,XGBoost,8.833333,8.455239,test
2017-02-05 23:00:00,2017-02-06 00:00:00,1,Beijing,XGBoost,8.333333,8.688754,test
2017-02-06 00:00:00,2017-02-06 01:00:00,1,Beijing,XGBoost,7.916667,7.5779767,test
2017-02-06 01:00:00,2017-02-06 02:00:00,1,Beijing,XGBoost,6.75,7.545441,test
2017-02-06 02:00:00,2017-02-06 03:00:00,1,Beijing,XGBoost,5.833333,6.489622,test
2017-02-06 03:00:00,2017-02-06 04:00:00,1,Beijing,XGBoost,4.75,6.297734,test
2017-02-06 04:00:00,2017-02-06 05:00:00,1,Beijing,XGBoost,4.083333,6.090371,test
2017-02-06 05:00:00,2017-02-06 06:00:00,1,Beijing,XGBoost,5.416667,6.1766963,test
2017-02-06 06:00:00,2017-02-06 07:00:00,1,Beijing,XGBoost,6.083333,6.265118,test
2017-02-06 07:00:00,2017-02-06 08:00:00,1,Beijing,XGBoost,6.583333,7.1564174,test
2017-02-06 08:00:00,2017-02-06 09:00:00,1,Beijing,XGBoost,7.916667,7.712856,test
2017-02-06 09:00:00,2017-02-06 10:00:00,1,Beijing,XGBoost,8.333333,8.37395,test
2017-02-06 10:00:00,2017-02-06 11:00:00,1,Beijing,XGBoost,10.333333,8.316348,test
2017-02-06 11:00:00,2017-02-06 12:00:00,1,Beijing,XGBoost,9.416667,9.743426,test
2017-02-06 12:00:00,2017-02-06 13:00:00,1,Beijing,XGBoost,7.416667,9.28138,test
2017-02-06 13:00:00,2017-02-06 14:00:00,1,Beijing,XGBoost,5.166667,8.870448,test
2017-02-06 14:00:00,2017-02-06 15:00:00,1,Beijing,XGBoost,6.333333,7.7161784,test
2017-02-06 15:00:00,2017-02-06 16:00:00,1,Beijing,XGBoost,7.083333,8.833726,test
2017-02-06 16:00:00,2017-02-06 17:00:00,1,Beijing,XGBoost,7.25,8.099114,test
2017-02-06 17:00:00,2017-02-06 18:00:00,1,Beijing,XGBoost,9.583333,9.830893,test
2017-02-06 18:00:00,2017-02-06 19:00:00,1,Beijing,XGBoost,14.583333,12.533182,test
2017-02-06 19:00:00,2017-02-06 20:00:00,1,Beijing,XGBoost,21.25,18.183218,test
2017-02-06 20:00:00,2017-02-06 21:00:00,1,Beijing,XGBoost,31.5,26.906498,test
2017-02-06 21:00:00,2017-02-06 22:00:00,1,Beijing,XGBoost,35.166667,38.44715,test
2017-02-06 22:00:00,2017-02-06 23:00:00,1,Beijing,XGBoost,39.75,39.724174,test
2017-02-06 23:00:00,2017-02-07 00:00:00,1,Beijing,XGBoost,42.416667,42.308994,test
2017-02-07 00:00:00,2017-02-07 01:00:00,1,Beijing,XGBoost,48.25,44.870213,test
2017-02-07 01:00:00,2017-02-07 02:00:00,1,Beijing,XGBoost,61.75,48.960705,test
2017-02-07 02:00:00,2017-02-07 03:00:00,1,Beijing,XGBoost,64.166667,64.92012,test
2017-02-07 03:00:00,2017-02-07 04:00:00,1,Beijing,XGBoost,64.333333,66.70801,test
2017-02-07 04:00:00,2017-02-07 05:00:00,1,Beijing,XGBoost,67.75,66.148964,test
2017-02-07 05:00:00,2017-02-07 06:00:00,1,Beijing,XGBoost,69.416667,67.08036,test
2017-02-07 06:00:00,2017-02-07 07:00:00,1,Beijing,XGBoost,69.25,67.62661,test
2017-02-07 07:00:00,2017-02-07 08:00:00,1,Beijing,XGBoost,69.666667,67.841934,test
2017-02-07 08:00:00,2017-02-07 09:00:00,1,Beijing,XGBoost,72.083333,71.86231,test
2017-02-07 09:00:00,2017-02-07 10:00:00,1,Beijing,XGBoost,76.583333,74.07884,test
2017-02-07 10:00:00,2017-02-07 11:00:00,1,Beijing,XGBoost,80.166667,79.90698,test
2017-02-07 11:00:00,2017-02-07 12:00:00,1,Beijing,XGBoost,61.5,83.81393,test
2017-02-07 12:00:00,2017-02-07 13:00:00,1,Beijing,XGBoost,55.083333,60.605236,test
2017-02-07 13:00:00,2017-02-07 14:00:00,1,Beijing,XGBoost,57.416667,50.49804,test
2017-02-07 14:00:00,2017-02-07 15:00:00,1,Beijing,XGBoost,61.0,60.492832,test
2017-02-07 15:00:00,2017-02-07 16:00:00,1,Beijing,XGBoost,64.333333,65.97801,test
2017-02-07 16:00:00,2017-02-07 17:00:00,1,Beijing,XGBoost,67.416667,72.03247,test
2017-02-07 17:00:00,2017-02-07 18:00:00,1,Beijing,XGBoost,81.916667,73.346634,test
2017-02-07 18:00:00,2017-02-07 19:00:00,1,Beijing,XGBoost,93.5,90.39126,test
2017-02-07 19:00:00,2017-02-07 20:00:00,1,Beijing,XGBoost,103.25,106.44485,test
2017-02-07 20:00:00,2017-02-07 21:00:00,1,Beijing,XGBoost,108.333333,110.4173,test
2017-02-07 21:00:00,2017-02-07 22:00:00,1,Beijing,XGBoost,107.333333,113.43593,test
2017-02-07 22:00:00,2017-02-07 23:00:00,1,Beijing,XGBoost,107.166667,108.201096,test
2017-02-07 23:00:00,2017-02-08 00:00:00,1,Beijing,XGBoost,109.0,107.23395,test
2017-02-08 00:00:00,2017-02-08 01:00:00,1,Beijing,XGBoost,106.833333,110.26647,test
2017-02-08 01:00:00,2017-02-08 02:00:00,1,Beijing,XGBoost,106.416667,108.12144,test
2017-02-08 02:00:00,2017-02-08 03:00:00,1,Beijing,XGBoost,105.333333,106.73515,test
2017-02-08 03:00:00,2017-02-08 04:00:00,1,Beijing,XGBoost,100.333333,107.199,test
2017-02-08 04:00:00,2017-02-08 05:00:00,1,Beijing,XGBoost,89.833333,99.1716,test
2017-02-08 05:00:00,2017-02-08 06:00:00,1,Beijing,XGBoost,70.666667,84.34691,test
2017-02-08 06:00:00,2017-02-08 07:00:00,1,Beijing,XGBoost,39.166667,56.598713,test
2017-02-08 07:00:00,2017-02-08 08:00:00,1,Beijing,XGBoost,16.166667,30.490135,test
2017-02-08 08:00:00,2017-02-08 09:00:00,1,Beijing,XGBoost,10.25,12.968396,test
2017-02-08 09:00:00,2017-02-08 10:00:00,1,Beijing,XGBoost,7.5,10.110124,test
2017-02-08 10:00:00,2017-02-08 11:00:00,1,Beijing,XGBoost,8.833333,8.47704,test
2017-02-08 11:00:00,2017-02-08 12:00:00,1,Beijing,XGBoost,10.416667,9.053251,test
2017-02-08 12:00:00,2017-02-08 13:00:00,1,Beijing,XGBoost,9.75,9.447439,test
2017-02-08 13:00:00,2017-02-08 14:00:00,1,Beijing,XGBoost,11.833333,9.28458,test
2017-02-08 14:00:00,2017-02-08 15:00:00,1,Beijing,XGBoost,10.75,12.370956,test
2017-02-08 15:00:00,2017-02-08 16:00:00,1,Beijing,XGBoost,9.583333,11.057377,test
2017-02-08 16:00:00,2017-02-08 17:00:00,1,Beijing,XGBoost,10.25,10.100058,test
2017-02-08 17:00:00,2017-02-08 18:00:00,1,Beijing,XGBoost,9.666667,10.449036,test
2017-02-08 18:00:00,2017-02-08 19:00:00,1,Beijing,XGBoost,9.166667,10.400852,test
2017-02-08 19:00:00,2017-02-08 20:00:00,1,Beijing,XGBoost,9.166667,10.696883,test
2017-02-08 20:00:00,2017-02-08 21:00:00,1,Beijing,XGBoost,9.916667,9.997303,test
2017-02-08 21:00:00,2017-02-08 22:00:00,1,Beijing,XGBoost,8.5,9.788797,test
2017-02-08 22:00:00,2017-02-08 23:00:00,1,Beijing,XGBoost,9.75,8.705753,test
2017-02-08 23:00:00,2017-02-09 00:00:00,1,Beijing,XGBoost,8.083333,9.754134,test
2017-02-09 00:00:00,2017-02-09 01:00:00,1,Beijing,XGBoost,9.333333,8.01615,test
2017-02-09 01:00:00,2017-02-09 02:00:00,1,Beijing,XGBoost,7.5,9.549006,test
2017-02-09 02:00:00,2017-02-09 03:00:00,1,Beijing,XGBoost,7.666667,7.3378386,test
2017-02-09 03:00:00,2017-02-09 04:00:00,1,Beijing,XGBoost,7.375,7.5876045,test
2017-02-09 04:00:00,2017-02-09 05:00:00,1,Beijing,XGBoost,7.083333,7.255104,test
2017-02-09 05:00:00,2017-02-09 06:00:00,1,Beijing,XGBoost,6.75,7.0654254,test
2017-02-09 06:00:00,2017-02-09 07:00:00,1,Beijing,XGBoost,5.75,6.72157,test
2017-02-09 07:00:00,2017-02-09 08:00:00,1,Beijing,XGBoost,6.083333,6.6864233,test
2017-02-09 08:00:00,2017-02-09 09:00:00,1,Beijing,XGBoost,7.25,7.170434,test
2017-02-09 09:00:00,2017-02-09 10:00:00,1,Beijing,XGBoost,6.0,7.8849506,test
2017-02-09 10:00:00,2017-02-09 11:00:00,1,Beijing,XGBoost,7.0,6.947317,test
2017-02-09 11:00:00,2017-02-09 12:00:00,1,Beijing,XGBoost,6.833333,7.5059996,test
2017-02-09 12:00:00,2017-02-09 13:00:00,1,Beijing,XGBoost,7.416667,7.061932,test
2017-02-09 13:00:00,2017-02-09 14:00:00,1,Beijing,XGBoost,6.833333,7.9089875,test
2017-02-09 14:00:00,2017-02-09 15:00:00,1,Beijing,XGBoost,8.0,7.3275847,test
2017-02-09 15:00:00,2017-02-09 16:00:00,1,Beijing,XGBoost,6.666667,8.429405,test
2017-02-09 16:00:00,2017-02-09 17:00:00,1,Beijing,XGBoost,6.916667,7.4285593,test
2017-02-09 17:00:00,2017-02-09 18:00:00,1,Beijing,XGBoost,6.166667,7.619447,test
2017-02-09 18:00:00,2017-02-09 19:00:00,1,Beijing,XGBoost,5.583333,7.7144175,test
2017-02-09 19:00:00,2017-02-09 20:00:00,1,Beijing,XGBoost,6.583333,7.7439938,test
2017-02-09 20:00:00,2017-02-09 21:00:00,1,Beijing,XGBoost,6.916667,7.8292446,test
2017-02-09 21:00:00,2017-02-09 22:00:00,1,Beijing,XGBoost,7.666667,7.2623963,test
2017-02-09 22:00:00,2017-02-09 23:00:00,1,Beijing,XGBoost,6.666667,7.486507,test
2017-02-09 23:00:00,2017-02-10 00:00:00,1,Beijing,XGBoost,5.75,6.800985,test
2017-02-10 00:00:00,2017-02-10 01:00:00,1,Beijing,XGBoost,6.416667,6.2055044,test
2017-02-10 01:00:00,2017-02-10 02:00:00,1,Beijing,XGBoost,5.416667,6.4810276,test
2017-02-10 02:00:00,2017-02-10 03:00:00,1,Beijing,XGBoost,6.416667,6.1711187,test
2017-02-10 03:00:00,2017-02-10 04:00:00,1,Beijing,XGBoost,7.25,6.537546,test
2017-02-10 04:00:00,2017-02-10 05:00:00,1,Beijing,XGBoost,4.666667,7.314362,test
2017-02-10 05:00:00,2017-02-10 06:00:00,1,Beijing,XGBoost,4.916667,6.2711363,test
2017-02-10 06:00:00,2017-02-10 07:00:00,1,Beijing,XGBoost,5.25,6.1809635,test
2017-02-10 07:00:00,2017-02-10 08:00:00,1,Beijing,XGBoost,4.75,6.795503,test
2017-02-10 08:00:00,2017-02-10 09:00:00,1,Beijing,XGBoost,6.333333,6.95216,test
2017-02-10 09:00:00,2017-02-10 10:00:00,1,Beijing,XGBoost,7.333333,7.229692,test
2017-02-10 10:00:00,2017-02-10 11:00:00,1,Beijing,XGBoost,7.083333,7.769006,test
2017-02-10 11:00:00,2017-02-10 12:00:00,1,Beijing,XGBoost,6.5,7.565257,test
2017-02-10 12:00:00,2017-02-10 13:00:00,1,Beijing,XGBoost,7.083333,7.0185204,test
2017-02-10 13:00:00,2017-02-10 14:00:00,1,Beijing,XGBoost,7.583333,7.53134,test
2017-02-10 14:00:00,2017-02-10 15:00:00,1,Beijing,XGBoost,6.583333,7.8901815,test
2017-02-10 15:00:00,2017-02-10 16:00:00,1,Beijing,XGBoost,7.166667,7.219084,test
2017-02-10 16:00:00,2017-02-10 17:00:00,1,Beijing,XGBoost,6.333333,7.656432,test
2017-02-10 17:00:00,2017-02-10 18:00:00,1,Beijing,XGBoost,6.916667,7.335685,test
2017-02-10 18:00:00,2017-02-10 19:00:00,1,Beijing,XGBoost,6.666667,8.24945,test
2017-02-10 19:00:00,2017-02-10 20:00:00,1,Beijing,XGBoost,8.916667,9.116968,test
2017-02-10 20:00:00,2017-02-10 21:00:00,1,Beijing,XGBoost,9.333333,11.662236,test
2017-02-10 21:00:00,2017-02-10 22:00:00,1,Beijing,XGBoost,10.583333,11.535759,test
2017-02-10 22:00:00,2017-02-10 23:00:00,1,Beijing,XGBoost,9.916667,10.552845,test
2017-02-10 23:00:00,2017-02-11 00:00:00,1,Beijing,XGBoost,10.916667,10.432324,test
2017-02-11 00:00:00,2017-02-11 01:00:00,1,Beijing,XGBoost,14.666667,11.601581,test
2017-02-11 01:00:00,2017-02-11 02:00:00,1,Beijing,XGBoost,13.916667,15.604498,test
2017-02-11 02:00:00,2017-02-11 03:00:00,1,Beijing,XGBoost,12.916667,14.048635,test
2017-02-11 03:00:00,2017-02-11 04:00:00,1,Beijing,XGBoost,11.666667,13.606061,test
2017-02-11 04:00:00,2017-02-11 05:00:00,1,Beijing,XGBoost,13.25,13.125422,test
2017-02-11 05:00:00,2017-02-11 06:00:00,1,Beijing,XGBoost,13.333333,13.831965,test
2017-02-11 06:00:00,2017-02-11 07:00:00,1,Beijing,XGBoost,13.083333,13.650132,test
2017-02-11 07:00:00,2017-02-11 08:00:00,1,Beijing,XGBoost,13.5,14.782744,test
2017-02-11 08:00:00,2017-02-11 09:00:00,1,Beijing,XGBoost,14.583333,15.747892,test
2017-02-11 09:00:00,2017-02-11 10:00:00,1,Beijing,XGBoost,19.416667,17.086508,test
2017-02-11 10:00:00,2017-02-11 11:00:00,1,Beijing,XGBoost,21.0,20.55342,test
2017-02-11 11:00:00,2017-02-11 12:00:00,1,Beijing,XGBoost,17.833333,22.596495,test
2017-02-11 12:00:00,2017-02-11 13:00:00,1,Beijing,XGBoost,13.583333,17.448034,test
2017-02-11 13:00:00,2017-02-11 14:00:00,1,Beijing,XGBoost,12.333333,13.921293,test
2017-02-11 14:00:00,2017-02-11 15:00:00,1,Beijing,XGBoost,11.5,13.778674,test
2017-02-11 15:00:00,2017-02-11 16:00:00,1,Beijing,XGBoost,13.75,12.26513,test
2017-02-11 16:00:00,2017-02-11 17:00:00,1,Beijing,XGBoost,21.166667,15.405808,test
2017-02-11 17:00:00,2017-02-11 18:00:00,1,Beijing,XGBoost,33.416667,25.502432,test
2017-02-11 18:00:00,2017-02-11 19:00:00,1,Beijing,XGBoost,39.0,41.583782,test
2017-02-11 19:00:00,2017-02-11 20:00:00,1,Beijing,XGBoost,58.833333,50.04432,test
2017-02-11 20:00:00,2017-02-11 21:00:00,1,Beijing,XGBoost,96.333333,70.60435,test
2017-02-11 21:00:00,2017-02-11 22:00:00,1,Beijing,XGBoost,139.5,102.36673,test
2017-02-11 22:00:00,2017-02-11 23:00:00,1,Beijing,XGBoost,191.125,150.50238,test
2017-02-11 23:00:00,2017-02-12 00:00:00,1,Beijing,XGBoost,193.75,192.39041,test
2017-02-12 00:00:00,2017-02-12 01:00:00,1,Beijing,XGBoost,180.791667,195.41219,test
2017-02-12 01:00:00,2017-02-12 02:00:00,1,Beijing,XGBoost,161.583333,173.55373,test
2017-02-12 02:00:00,2017-02-12 03:00:00,1,Beijing,XGBoost,138.416667,149.06456,test
2017-02-12 03:00:00,2017-02-12 04:00:00,1,Beijing,XGBoost,120.083333,123.341515,test
2017-02-12 04:00:00,2017-02-12 05:00:00,1,Beijing,XGBoost,86.0,105.031334,test
2017-02-12 05:00:00,2017-02-12 06:00:00,1,Beijing,XGBoost,59.583333,70.42066,test
2017-02-12 06:00:00,2017-02-12 07:00:00,1,Beijing,XGBoost,48.166667,47.69736,test
2017-02-12 07:00:00,2017-02-12 08:00:00,1,Beijing,XGBoost,49.833333,46.26546,test
2017-02-12 08:00:00,2017-02-12 09:00:00,1,Beijing,XGBoost,66.083333,50.147667,test
2017-02-12 09:00:00,2017-02-12 10:00:00,1,Beijing,XGBoost,86.25,73.112976,test
2017-02-12 10:00:00,2017-02-12 11:00:00,1,Beijing,XGBoost,93.416667,93.298,test
2017-02-12 11:00:00,2017-02-12 12:00:00,1,Beijing,XGBoost,105.75,101.59361,test
2017-02-12 12:00:00,2017-02-12 13:00:00,1,Beijing,XGBoost,103.083333,111.44288,test
2017-02-12 13:00:00,2017-02-12 14:00:00,1,Beijing,XGBoost,98.5,107.31533,test
2017-02-12 14:00:00,2017-02-12 15:00:00,1,Beijing,XGBoost,98.833333,96.447815,test
2017-02-12 15:00:00,2017-02-12 16:00:00,1,Beijing,XGBoost,96.25,98.83752,test
2017-02-12 16:00:00,2017-02-12 17:00:00,1,Beijing,XGBoost,91.5,98.01122,test
2017-02-12 17:00:00,2017-02-12 18:00:00,1,Beijing,XGBoost,97.666667,94.040375,test
2017-02-12 18:00:00,2017-02-12 19:00:00,1,Beijing,XGBoost,107.083333,104.14717,test
2017-02-12 19:00:00,2017-02-12 20:00:00,1,Beijing,XGBoost,112.333333,118.73075,test
2017-02-12 20:00:00,2017-02-12 21:00:00,1,Beijing,XGBoost,115.083333,121.36442,test
2017-02-12 21:00:00,2017-02-12 22:00:00,1,Beijing,XGBoost,124.916667,120.1328,test
2017-02-12 22:00:00,2017-02-12 23:00:00,1,Beijing,XGBoost,130.333333,129.95573,test
2017-02-12 23:00:00,2017-02-13 00:00:00,1,Beijing,XGBoost,140.0,136.51231,test
2017-02-13 00:00:00,2017-02-13 01:00:00,1,Beijing,XGBoost,141.5,142.25943,test
2017-02-13 01:00:00,2017-02-13 02:00:00,1,Beijing,XGBoost,137.75,143.51205,test
2017-02-13 02:00:00,2017-02-13 03:00:00,1,Beijing,XGBoost,146.416667,135.50134,test
2017-02-13 03:00:00,2017-02-13 04:00:00,1,Beijing,XGBoost,146.5,145.76367,test
2017-02-13 04:00:00,2017-02-13 05:00:00,1,Beijing,XGBoost,142.833333,150.5812,test
2017-02-13 05:00:00,2017-02-13 06:00:00,1,Beijing,XGBoost,123.75,138.07857,test
2017-02-13 06:00:00,2017-02-13 07:00:00,1,Beijing,XGBoost,110.583333,116.25754,test
2017-02-13 07:00:00,2017-02-13 08:00:00,1,Beijing,XGBoost,93.25,102.01005,test
2017-02-13 08:00:00,2017-02-13 09:00:00,1,Beijing,XGBoost,80.333333,87.74771,test
2017-02-13 09:00:00,2017-02-13 10:00:00,1,Beijing,XGBoost,66.75,74.432205,test
2017-02-13 10:00:00,2017-02-13 11:00:00,1,Beijing,XGBoost,50.583333,55.6779,test
2017-02-13 11:00:00,2017-02-13 12:00:00,1,Beijing,XGBoost,36.083333,40.92631,test
2017-02-13 12:00:00,2017-02-13 13:00:00,1,Beijing,XGBoost,22.75,30.93043,test
2017-02-13 13:00:00,2017-02-13 14:00:00,1,Beijing,XGBoost,16.5,20.916046,test
2017-02-13 14:00:00,2017-02-13 15:00:00,1,Beijing,XGBoost,14.833333,16.404284,test
2017-02-13 15:00:00,2017-02-13 16:00:00,1,Beijing,XGBoost,14.916667,15.643146,test
2017-02-13 16:00:00,2017-02-13 17:00:00,1,Beijing,XGBoost,17.333333,16.749569,test
2017-02-13 17:00:00,2017-02-13 18:00:00,1,Beijing,XGBoost,18.916667,19.886799,test
2017-02-13 18:00:00,2017-02-13 19:00:00,1,Beijing,XGBoost,23.5,24.524988,test
2017-02-13 19:00:00,2017-02-13 20:00:00,1,Beijing,XGBoost,43.083333,30.177622,test
2017-02-13 20:00:00,2017-02-13 21:00:00,1,Beijing,XGBoost,81.75,55.310017,test
2017-02-13 21:00:00,2017-02-13 22:00:00,1,Beijing,XGBoost,102.083333,112.65258,test
2017-02-13 22:00:00,2017-02-13 23:00:00,1,Beijing,XGBoost,137.333333,106.45418,test
2017-02-13 23:00:00,2017-02-14 00:00:00,1,Beijing,XGBoost,158.666667,150.7251,test
2017-02-14 00:00:00,2017-02-14 01:00:00,1,Beijing,XGBoost,151.083333,163.58804,test
2017-02-14 01:00:00,2017-02-14 02:00:00,1,Beijing,XGBoost,136.416667,157.30424,test
2017-02-14 02:00:00,2017-02-14 03:00:00,1,Beijing,XGBoost,137.166667,127.28734,test
2017-02-14 03:00:00,2017-02-14 04:00:00,1,Beijing,XGBoost,142.916667,132.63446,test
2017-02-14 04:00:00,2017-02-14 05:00:00,1,Beijing,XGBoost,142.333333,147.01114,test
2017-02-14 05:00:00,2017-02-14 06:00:00,1,Beijing,XGBoost,139.666667,143.14012,test
2017-02-14 06:00:00,2017-02-14 07:00:00,1,Beijing,XGBoost,135.0,135.75458,test
2017-02-14 07:00:00,2017-02-14 08:00:00,1,Beijing,XGBoost,137.25,136.09706,test
2017-02-14 08:00:00,2017-02-14 09:00:00,1,Beijing,XGBoost,141.416667,140.99107,test
2017-02-14 09:00:00,2017-02-14 10:00:00,1,Beijing,XGBoost,147.833333,149.86967,test
2017-02-14 10:00:00,2017-02-14 11:00:00,1,Beijing,XGBoost,163.833333,157.97615,test
2017-02-14 11:00:00,2017-02-14 12:00:00,1,Beijing,XGBoost,179.5,168.90872,test
2017-02-14 12:00:00,2017-02-14 13:00:00,1,Beijing,XGBoost,187.916667,184.53998,test
2017-02-14 13:00:00,2017-02-14 14:00:00,1,Beijing,XGBoost,177.583333,198.6865,test
2017-02-14 14:00:00,2017-02-14 15:00:00,1,Beijing,XGBoost,181.333333,182.79808,test
2017-02-14 15:00:00,2017-02-14 16:00:00,1,Beijing,XGBoost,188.166667,183.45653,test
2017-02-14 16:00:00,2017-02-14 17:00:00,1,Beijing,XGBoost,208.5,196.3299,test
2017-02-14 17:00:00,2017-02-14 18:00:00,1,Beijing,XGBoost,213.5,217.48183,test
2017-02-14 18:00:00,2017-02-14 19:00:00,1,Beijing,XGBoost,210.166667,224.32828,test
2017-02-14 19:00:00,2017-02-14 20:00:00,1,Beijing,XGBoost,215.833333,219.82161,test
2017-02-14 20:00:00,2017-02-14 21:00:00,1,Beijing,XGBoost,221.25,221.02188,test
2017-02-14 21:00:00,2017-02-14 22:00:00,1,Beijing,XGBoost,227.5,225.57607,test
2017-02-14 22:00:00,2017-02-14 23:00:00,1,Beijing,XGBoost,227.75,224.25563,test
2017-02-14 23:00:00,2017-02-15 00:00:00,1,Beijing,XGBoost,236.166667,224.30684,test
2017-02-15 00:00:00,2017-02-15 01:00:00,1,Beijing,XGBoost,243.833333,238.01639,test
2017-02-15 01:00:00,2017-02-15 02:00:00,1,Beijing,XGBoost,243.083333,242.7814,test
2017-02-15 02:00:00,2017-02-15 03:00:00,1,Beijing,XGBoost,238.416667,236.87946,test
2017-02-15 03:00:00,2017-02-15 04:00:00,1,Beijing,XGBoost,229.75,229.52332,test
2017-02-15 04:00:00,2017-02-15 05:00:00,1,Beijing,XGBoost,226.5,221.24954,test
2017-02-15 05:00:00,2017-02-15 06:00:00,1,Beijing,XGBoost,227.166667,219.09573,test
2017-02-15 06:00:00,2017-02-15 07:00:00,1,Beijing,XGBoost,229.666667,223.50209,test
2017-02-15 07:00:00,2017-02-15 08:00:00,1,Beijing,XGBoost,226.083333,228.49594,test
2017-02-15 08:00:00,2017-02-15 09:00:00,1,Beijing,XGBoost,224.25,227.96262,test
2017-02-15 09:00:00,2017-02-15 10:00:00,1,Beijing,XGBoost,229.75,229.82237,test
2017-02-15 10:00:00,2017-02-15 11:00:00,1,Beijing,XGBoost,214.666667,236.58295,test
2017-02-15 11:00:00,2017-02-15 12:00:00,1,Beijing,XGBoost,223.833333,219.13489,test
2017-02-15 12:00:00,2017-02-15 13:00:00,1,Beijing,XGBoost,241.166667,230.89584,test
2017-02-15 13:00:00,2017-02-15 14:00:00,1,Beijing,XGBoost,208.0,247.98454,test
2017-02-15 14:00:00,2017-02-15 15:00:00,1,Beijing,XGBoost,184.416667,206.6382,test
2017-02-15 15:00:00,2017-02-15 16:00:00,1,Beijing,XGBoost,169.416667,158.86568,test
2017-02-15 16:00:00,2017-02-15 17:00:00,1,Beijing,XGBoost,187.75,158.12186,test
2017-02-15 17:00:00,2017-02-15 18:00:00,1,Beijing,XGBoost,235.166667,192.9145,test
2017-02-15 18:00:00,2017-02-15 19:00:00,1,Beijing,XGBoost,250.166667,248.7636,test
2017-02-15 19:00:00,2017-02-15 20:00:00,1,Beijing,XGBoost,256.75,263.9914,test
2017-02-15 20:00:00,2017-02-15 21:00:00,1,Beijing,XGBoost,261.916667,266.20822,test
2017-02-15 21:00:00,2017-02-15 22:00:00,1,Beijing,XGBoost,261.666667,269.44608,test
2017-02-15 22:00:00,2017-02-15 23:00:00,1,Beijing,XGBoost,267.166667,263.1565,test
2017-02-15 23:00:00,2017-02-16 00:00:00,1,Beijing,XGBoost,265.861111,264.1331,test
2017-02-16 00:00:00,2017-02-16 01:00:00,1,Beijing,XGBoost,263.555556,262.06555,test
2017-02-16 01:00:00,2017-02-16 02:00:00,1,Beijing,XGBoost,261.916667,260.91495,test
2017-02-16 02:00:00,2017-02-16 03:00:00,1,Beijing,XGBoost,266.333333,257.27878,test
2017-02-16 03:00:00,2017-02-16 04:00:00,1,Beijing,XGBoost,260.083333,262.3452,test
2017-02-16 04:00:00,2017-02-16 05:00:00,1,Beijing,XGBoost,258.541667,255.76285,test
2017-02-16 05:00:00,2017-02-16 06:00:00,1,Beijing,XGBoost,254.0,257.83078,test
2017-02-16 06:00:00,2017-02-16 07:00:00,1,Beijing,XGBoost,246.25,248.42232,test
2017-02-16 07:00:00,2017-02-16 08:00:00,1,Beijing,XGBoost,232.833333,212.56282,test
2017-02-16 08:00:00,2017-02-16 09:00:00,1,Beijing,XGBoost,187.5,208.38205,test
2017-02-16 09:00:00,2017-02-16 10:00:00,1,Beijing,XGBoost,137.583333,128.33191,test
2017-02-16 10:00:00,2017-02-16 11:00:00,1,Beijing,XGBoost,70.25,86.021095,test
2017-02-16 11:00:00,2017-02-16 12:00:00,1,Beijing,XGBoost,31.916667,30.861244,test
2017-02-16 12:00:00,2017-02-16 13:00:00,1,Beijing,XGBoost,17.333333,22.150316,test
2017-02-16 13:00:00,2017-02-16 14:00:00,1,Beijing,XGBoost,13.5,13.390897,test
2017-02-16 14:00:00,2017-02-16 15:00:00,1,Beijing,XGBoost,11.916667,12.739943,test
2017-02-16 15:00:00,2017-02-16 16:00:00,1,Beijing,XGBoost,8.833333,12.685851,test
2017-02-16 16:00:00,2017-02-16 17:00:00,1,Beijing,XGBoost,7.416667,9.420009,test
2017-02-16 17:00:00,2017-02-16 18:00:00,1,Beijing,XGBoost,9.583333,8.760116,test
2017-02-16 18:00:00,2017-02-16 19:00:00,1,Beijing,XGBoost,9.416667,9.574375,test
2017-02-16 19:00:00,2017-02-16 20:00:00,1,Beijing,XGBoost,10.75,10.700443,test
2017-02-16 20:00:00,2017-02-16 21:00:00,1,Beijing,XGBoost,9.583333,11.246537,test
2017-02-16 21:00:00,2017-02-16 22:00:00,1,Beijing,XGBoost,7.333333,9.360939,test
2017-02-16 22:00:00,2017-02-16 23:00:00,1,Beijing,XGBoost,7.75,7.577913,test
2017-02-16 23:00:00,2017-02-17 00:00:00,1,Beijing,XGBoost,6.416667,7.4865537,test
2017-02-17 00:00:00,2017-02-17 01:00:00,1,Beijing,XGBoost,6.0,6.452822,test
2017-02-17 01:00:00,2017-02-17 02:00:00,1,Beijing,XGBoost,6.5,6.2120433,test
2017-02-17 02:00:00,2017-02-17 03:00:00,1,Beijing,XGBoost,6.333333,6.4269166,test
2017-02-17 03:00:00,2017-02-17 04:00:00,1,Beijing,XGBoost,6.833333,6.51689,test
2017-02-17 04:00:00,2017-02-17 05:00:00,1,Beijing,XGBoost,8.166667,6.7554555,test
2017-02-17 05:00:00,2017-02-17 06:00:00,1,Beijing,XGBoost,7.666667,8.020122,test
2017-02-17 06:00:00,2017-02-17 07:00:00,1,Beijing,XGBoost,7.833333,7.5244217,test
2017-02-17 07:00:00,2017-02-17 08:00:00,1,Beijing,XGBoost,9.333333,8.467876,test
2017-02-17 08:00:00,2017-02-17 09:00:00,1,Beijing,XGBoost,9.583333,9.621972,test
2017-02-17 09:00:00,2017-02-17 10:00:00,1,Beijing,XGBoost,9.916667,9.642579,test
2017-02-17 10:00:00,2017-02-17 11:00:00,1,Beijing,XGBoost,6.916667,9.830425,test
2017-02-17 11:00:00,2017-02-17 12:00:00,1,Beijing,XGBoost,6.75,7.2999363,test
2017-02-17 12:00:00,2017-02-17 13:00:00,1,Beijing,XGBoost,7.083333,7.3612266,test
2017-02-17 13:00:00,2017-02-17 14:00:00,1,Beijing,XGBoost,6.166667,7.5748744,test
2017-02-17 14:00:00,2017-02-17 15:00:00,1,Beijing,XGBoost,5.833333,7.109101,test
2017-02-17 15:00:00,2017-02-17 16:00:00,1,Beijing,XGBoost,11.583333,7.0536036,test
2017-02-17 16:00:00,2017-02-17 17:00:00,1,Beijing,XGBoost,19.75,12.083625,test
2017-02-17 17:00:00,2017-02-17 18:00:00,1,Beijing,XGBoost,33.416667,23.139917,test
2017-02-17 18:00:00,2017-02-17 19:00:00,1,Beijing,XGBoost,44.333333,40.65673,test
2017-02-17 19:00:00,2017-02-17 20:00:00,1,Beijing,XGBoost,57.25,55.765812,test
2017-02-17 20:00:00,2017-02-17 21:00:00,1,Beijing,XGBoost,57.75,64.94641,test
2017-02-17 21:00:00,2017-02-17 22:00:00,1,Beijing,XGBoost,58.333333,64.49186,test
2017-02-17 22:00:00,2017-02-17 23:00:00,1,Beijing,XGBoost,57.833333,58.139835,test
2017-02-17 23:00:00,2017-02-18 00:00:00,1,Beijing,XGBoost,58.0,57.911827,test
2017-02-18 00:00:00,2017-02-18 01:00:00,1,Beijing,XGBoost,60.916667,58.56674,test
2017-02-18 01:00:00,2017-02-18 02:00:00,1,Beijing,XGBoost,66.166667,61.78526,test
2017-02-18 02:00:00,2017-02-18 03:00:00,1,Beijing,XGBoost,75.166667,66.793335,test
2017-02-18 03:00:00,2017-02-18 04:00:00,1,Beijing,XGBoost,77.0,77.89528,test
2017-02-18 04:00:00,2017-02-18 05:00:00,1,Beijing,XGBoost,79.666667,78.249016,test
2017-02-18 05:00:00,2017-02-18 06:00:00,1,Beijing,XGBoost,72.5,79.902016,test
2017-02-18 06:00:00,2017-02-18 07:00:00,1,Beijing,XGBoost,68.333333,70.48495,test
2017-02-18 07:00:00,2017-02-18 08:00:00,1,Beijing,XGBoost,65.333333,65.34902,test
2017-02-18 08:00:00,2017-02-18 09:00:00,1,Beijing,XGBoost,64.333333,67.00646,test
2017-02-18 09:00:00,2017-02-18 10:00:00,1,Beijing,XGBoost,67.916667,66.62787,test
2017-02-18 10:00:00,2017-02-18 11:00:00,1,Beijing,XGBoost,78.166667,68.72389,test
2017-02-18 11:00:00,2017-02-18 12:00:00,1,Beijing,XGBoost,89.25,79.78758,test
2017-02-18 12:00:00,2017-02-18 13:00:00,1,Beijing,XGBoost,91.0,97.58637,test
2017-02-18 13:00:00,2017-02-18 14:00:00,1,Beijing,XGBoost,83.583333,92.431816,test
2017-02-18 14:00:00,2017-02-18 15:00:00,1,Beijing,XGBoost,84.083333,80.17124,test
2017-02-18 15:00:00,2017-02-18 16:00:00,1,Beijing,XGBoost,85.583333,76.18597,test
2017-02-18 16:00:00,2017-02-18 17:00:00,1,Beijing,XGBoost,87.0,82.07922,test
2017-02-18 17:00:00,2017-02-18 18:00:00,1,Beijing,XGBoost,79.0,85.97854,test
2017-02-18 18:00:00,2017-02-18 19:00:00,1,Beijing,XGBoost,76.25,80.0155,test
2017-02-18 19:00:00,2017-02-18 20:00:00,1,Beijing,XGBoost,95.25,79.62125,test
2017-02-18 20:00:00,2017-02-18 21:00:00,1,Beijing,XGBoost,107.333333,101.92806,test
2017-02-18 21:00:00,2017-02-18 22:00:00,1,Beijing,XGBoost,120.083333,109.30429,test
2017-02-18 22:00:00,2017-02-18 23:00:00,1,Beijing,XGBoost,117.333333,123.29726,test
2017-02-18 23:00:00,2017-02-19 00:00:00,1,Beijing,XGBoost,123.25,118.06831,test
2017-02-19 00:00:00,2017-02-19 01:00:00,1,Beijing,XGBoost,129.666667,120.54123,test
2017-02-19 01:00:00,2017-02-19 02:00:00,1,Beijing,XGBoost,133.0,132.4499,test
2017-02-19 02:00:00,2017-02-19 03:00:00,1,Beijing,XGBoost,136.5,133.29385,test
2017-02-19 03:00:00,2017-02-19 04:00:00,1,Beijing,XGBoost,142.666667,136.89008,test
2017-02-19 04:00:00,2017-02-19 05:00:00,1,Beijing,XGBoost,146.583333,143.36064,test
2017-02-19 05:00:00,2017-02-19 06:00:00,1,Beijing,XGBoost,151.25,149.84743,test
2017-02-19 06:00:00,2017-02-19 07:00:00,1,Beijing,XGBoost,152.0,150.64716,test
2017-02-19 07:00:00,2017-02-19 08:00:00,1,Beijing,XGBoost,152.583333,153.12065,test
2017-02-19 08:00:00,2017-02-19 09:00:00,1,Beijing,XGBoost,149.25,153.26909,test
2017-02-19 09:00:00,2017-02-19 10:00:00,1,Beijing,XGBoost,153.0,152.32835,test
2017-02-19 10:00:00,2017-02-19 11:00:00,1,Beijing,XGBoost,155.75,153.71898,test
2017-02-19 11:00:00,2017-02-19 12:00:00,1,Beijing,XGBoost,157.833333,150.9933,test
2017-02-19 12:00:00,2017-02-19 13:00:00,1,Beijing,XGBoost,163.416667,154.50299,test
2017-02-19 13:00:00,2017-02-19 14:00:00,1,Beijing,XGBoost,165.916667,166.50609,test
2017-02-19 14:00:00,2017-02-19 15:00:00,1,Beijing,XGBoost,127.166667,156.52773,test
2017-02-19 15:00:00,2017-02-19 16:00:00,1,Beijing,XGBoost,51.75,65.06032,test
2017-02-19 16:00:00,2017-02-19 17:00:00,1,Beijing,XGBoost,13.333333,31.343678,test
2017-02-19 17:00:00,2017-02-19 18:00:00,1,Beijing,XGBoost,9.416667,8.189865,test
2017-02-19 18:00:00,2017-02-19 19:00:00,1,Beijing,XGBoost,9.25,9.588072,test
2017-02-19 19:00:00,2017-02-19 20:00:00,1,Beijing,XGBoost,8.666667,10.506465,test
2017-02-19 20:00:00,2017-02-19 21:00:00,1,Beijing,XGBoost,10.416667,9.549424,test
2017-02-19 21:00:00,2017-02-19 22:00:00,1,Beijing,XGBoost,8.666667,10.006235,test
2017-02-19 22:00:00,2017-02-19 23:00:00,1,Beijing,XGBoost,7.833333,8.253035,test
2017-02-19 23:00:00,2017-02-20 00:00:00,1,Beijing,XGBoost,6.75,8.221344,test
2017-02-20 00:00:00,2017-02-20 01:00:00,1,Beijing,XGBoost,6.25,6.1550727,test
2017-02-20 01:00:00,2017-02-20 02:00:00,1,Beijing,XGBoost,4.833333,6.0387096,test
2017-02-20 02:00:00,2017-02-20 03:00:00,1,Beijing,XGBoost,7.0,5.731128,test
2017-02-20 03:00:00,2017-02-20 04:00:00,1,Beijing,XGBoost,6.0,6.5612473,test
2017-02-20 04:00:00,2017-02-20 05:00:00,1,Beijing,XGBoost,5.0,6.187685,test
2017-02-20 05:00:00,2017-02-20 06:00:00,1,Beijing,XGBoost,6.083333,5.949146,test
2017-02-20 06:00:00,2017-02-20 07:00:00,1,Beijing,XGBoost,5.583333,6.27994,test
2017-02-20 07:00:00,2017-02-20 08:00:00,1,Beijing,XGBoost,4.75,6.558922,test
2017-02-20 08:00:00,2017-02-20 09:00:00,1,Beijing,XGBoost,6.916667,6.7482233,test
2017-02-20 09:00:00,2017-02-20 10:00:00,1,Beijing,XGBoost,6.916667,7.161774,test
2017-02-20 10:00:00,2017-02-20 11:00:00,1,Beijing,XGBoost,7.333333,7.0288296,test
2017-02-20 11:00:00,2017-02-20 12:00:00,1,Beijing,XGBoost,6.75,7.5596747,test
2017-02-20 12:00:00,2017-02-20 13:00:00,1,Beijing,XGBoost,8.5,7.060238,test
2017-02-20 13:00:00,2017-02-20 14:00:00,1,Beijing,XGBoost,9.0,8.885578,test
2017-02-20 14:00:00,2017-02-20 15:00:00,1,Beijing,XGBoost,9.75,9.35668,test
2017-02-20 15:00:00,2017-02-20 16:00:00,1,Beijing,XGBoost,9.75,10.982763,test
2017-02-20 16:00:00,2017-02-20 17:00:00,1,Beijing,XGBoost,9.75,10.155882,test
2017-02-20 17:00:00,2017-02-20 18:00:00,1,Beijing,XGBoost,9.75,12.171195,test
2017-02-20 18:00:00,2017-02-20 19:00:00,1,Beijing,XGBoost,13.625,13.992462,test
2017-02-20 19:00:00,2017-02-20 20:00:00,1,Beijing,XGBoost,17.5,18.755783,test
2017-02-20 20:00:00,2017-02-20 21:00:00,1,Beijing,XGBoost,21.333333,23.362514,test
2017-02-20 21:00:00,2017-02-20 22:00:00,1,Beijing,XGBoost,25.583333,25.991402,test
2017-02-20 22:00:00,2017-02-20 23:00:00,1,Beijing,XGBoost,29.583333,27.19701,test
2017-02-20 23:00:00,2017-02-21 00:00:00,1,Beijing,XGBoost,39.25,33.128784,test
2017-02-21 00:00:00,2017-02-21 01:00:00,1,Beijing,XGBoost,42.527778,40.93636,test
2017-02-21 01:00:00,2017-02-21 02:00:00,1,Beijing,XGBoost,44.805556,44.886677,test
2017-02-21 02:00:00,2017-02-21 03:00:00,1,Beijing,XGBoost,45.583333,46.135174,test
2017-02-21 03:00:00,2017-02-21 04:00:00,1,Beijing,XGBoost,46.75,46.870865,test
2017-02-21 04:00:00,2017-02-21 05:00:00,1,Beijing,XGBoost,55.583333,47.52191,test
2017-02-21 05:00:00,2017-02-21 06:00:00,1,Beijing,XGBoost,64.833333,56.916817,test
2017-02-21 06:00:00,2017-02-21 07:00:00,1,Beijing,XGBoost,74.083333,67.247185,test
2017-02-21 07:00:00,2017-02-21 08:00:00,1,Beijing,XGBoost,73.472222,78.429634,test
2017-02-21 08:00:00,2017-02-21 09:00:00,1,Beijing,XGBoost,75.694444,76.49766,test
2017-02-21 09:00:00,2017-02-21 10:00:00,1,Beijing,XGBoost,78.25,76.6575,test
2017-02-21 10:00:00,2017-02-21 11:00:00,1,Beijing,XGBoost,79.916667,80.82365,test
2017-02-21 11:00:00,2017-02-21 12:00:00,1,Beijing,XGBoost,80.416667,81.69515,test
2017-02-21 12:00:00,2017-02-21 13:00:00,1,Beijing,XGBoost,80.916667,80.50411,test
2017-02-21 13:00:00,2017-02-21 14:00:00,1,Beijing,XGBoost,66.916667,80.5455,test
2017-02-21 14:00:00,2017-02-21 15:00:00,1,Beijing,XGBoost,52.916667,63.453503,test
2017-02-21 15:00:00,2017-02-21 16:00:00,1,Beijing,XGBoost,51.958333,46.51202,test
2017-02-21 16:00:00,2017-02-21 17:00:00,1,Beijing,XGBoost,47.5,54.716038,test
2017-02-21 17:00:00,2017-02-21 18:00:00,1,Beijing,XGBoost,47.791667,53.642246,test
2017-02-21 18:00:00,2017-02-21 19:00:00,1,Beijing,XGBoost,46.916667,53.4163,test
2017-02-21 19:00:00,2017-02-21 20:00:00,1,Beijing,XGBoost,52.416667,56.853203,test
2017-02-21 20:00:00,2017-02-21 21:00:00,1,Beijing,XGBoost,62.583333,60.19025,test
2017-02-21 21:00:00,2017-02-21 22:00:00,1,Beijing,XGBoost,66.75,65.97591,test
2017-02-21 22:00:00,2017-02-21 23:00:00,1,Beijing,XGBoost,65.25,69.14961,test
2017-02-21 23:00:00,2017-02-22 00:00:00,1,Beijing,XGBoost,67.666667,66.2839,test
2017-02-22 00:00:00,2017-02-22 01:00:00,1,Beijing,XGBoost,69.833333,66.41473,test
2017-02-22 01:00:00,2017-02-22 02:00:00,1,Beijing,XGBoost,76.25,69.76981,test
2017-02-22 02:00:00,2017-02-22 03:00:00,1,Beijing,XGBoost,83.833333,77.851654,test
2017-02-22 03:00:00,2017-02-22 04:00:00,1,Beijing,XGBoost,87.75,87.7513,test
2017-02-22 04:00:00,2017-02-22 05:00:00,1,Beijing,XGBoost,89.166667,88.87762,test
2017-02-22 05:00:00,2017-02-22 06:00:00,1,Beijing,XGBoost,89.75,90.151886,test
2017-02-22 06:00:00,2017-02-22 07:00:00,1,Beijing,XGBoost,91.416667,90.586845,test
2017-02-22 07:00:00,2017-02-22 08:00:00,1,Beijing,XGBoost,94.833333,93.589645,test
2017-02-22 08:00:00,2017-02-22 09:00:00,1,Beijing,XGBoost,100.166667,98.17502,test
2017-02-22 09:00:00,2017-02-22 10:00:00,1,Beijing,XGBoost,109.416667,105.393814,test
2017-02-22 10:00:00,2017-02-22 11:00:00,1,Beijing,XGBoost,121.75,114.7605,test
2017-02-22 11:00:00,2017-02-22 12:00:00,1,Beijing,XGBoost,128.083333,127.62792,test
2017-02-22 12:00:00,2017-02-22 13:00:00,1,Beijing,XGBoost,125.090909,135.28378,test
2017-02-22 13:00:00,2017-02-22 14:00:00,1,Beijing,XGBoost,138.090909,130.56927,test
2017-02-22 14:00:00,2017-02-22 15:00:00,1,Beijing,XGBoost,142.363636,140.71909,test
2017-02-22 15:00:00,2017-02-22 16:00:00,1,Beijing,XGBoost,124.727273,145.43117,test
2017-02-22 16:00:00,2017-02-22 17:00:00,1,Beijing,XGBoost,106.666667,125.44094,test
2017-02-22 17:00:00,2017-02-22 18:00:00,1,Beijing,XGBoost,54.69697,84.90979,test
2017-02-22 18:00:00,2017-02-22 19:00:00,1,Beijing,XGBoost,16.227273,40.69861,test
2017-02-22 19:00:00,2017-02-22 20:00:00,1,Beijing,XGBoost,9.333333,14.251536,test
2017-02-22 20:00:00,2017-02-22 21:00:00,1,Beijing,XGBoost,9.166667,12.337294,test
2017-02-22 21:00:00,2017-02-22 22:00:00,1,Beijing,XGBoost,8.708333,11.413936,test
2017-02-22 22:00:00,2017-02-22 23:00:00,1,Beijing,XGBoost,9.416667,8.74352,test
2017-02-22 23:00:00,2017-02-23 00:00:00,1,Beijing,XGBoost,10.666667,9.240085,test
2017-02-23 00:00:00,2017-02-23 01:00:00,1,Beijing,XGBoost,10.916667,9.993997,test
2017-02-23 01:00:00,2017-02-23 02:00:00,1,Beijing,XGBoost,11.666667,10.6986065,test
2017-02-23 02:00:00,2017-02-23 03:00:00,1,Beijing,XGBoost,11.083333,12.958084,test
2017-02-23 03:00:00,2017-02-23 04:00:00,1,Beijing,XGBoost,10.25,12.099489,test
2017-02-23 04:00:00,2017-02-23 05:00:00,1,Beijing,XGBoost,11.416667,10.4359,test
2017-02-23 05:00:00,2017-02-23 06:00:00,1,Beijing,XGBoost,12.0,12.307693,test
2017-02-23 06:00:00,2017-02-23 07:00:00,1,Beijing,XGBoost,12.083333,13.130372,test
2017-02-23 07:00:00,2017-02-23 08:00:00,1,Beijing,XGBoost,11.25,14.446445,test
2017-02-23 08:00:00,2017-02-23 09:00:00,1,Beijing,XGBoost,14.166667,14.225405,test
2017-02-23 09:00:00,2017-02-23 10:00:00,1,Beijing,XGBoost,15.166667,15.854954,test
2017-02-23 10:00:00,2017-02-23 11:00:00,1,Beijing,XGBoost,13.666667,15.065472,test
2017-02-23 11:00:00,2017-02-23 12:00:00,1,Beijing,XGBoost,11.75,13.698276,test
2017-02-23 12:00:00,2017-02-23 13:00:00,1,Beijing,XGBoost,10.5,12.478817,test
2017-02-23 13:00:00,2017-02-23 14:00:00,1,Beijing,XGBoost,10.75,10.61544,test
2017-02-23 14:00:00,2017-02-23 15:00:00,1,Beijing,XGBoost,8.666667,11.566657,test
2017-02-23 15:00:00,2017-02-23 16:00:00,1,Beijing,XGBoost,15.5,9.896596,test
2017-02-23 16:00:00,2017-02-23 17:00:00,1,Beijing,XGBoost,23.222222,15.9259815,test
2017-02-23 17:00:00,2017-02-23 18:00:00,1,Beijing,XGBoost,21.277778,26.13494,test
2017-02-23 18:00:00,2017-02-23 19:00:00,1,Beijing,XGBoost,20.0,25.860647,test
2017-02-23 19:00:00,2017-02-23 20:00:00,1,Beijing,XGBoost,21.416667,26.524725,test
2017-02-23 20:00:00,2017-02-23 21:00:00,1,Beijing,XGBoost,31.416667,27.249533,test
2017-02-23 21:00:00,2017-02-23 22:00:00,1,Beijing,XGBoost,32.333333,39.9785,test
2017-02-23 22:00:00,2017-02-23 23:00:00,1,Beijing,XGBoost,34.25,38.826363,test
2017-02-23 23:00:00,2017-02-24 00:00:00,1,Beijing,XGBoost,41.333333,35.769474,test
2017-02-24 00:00:00,2017-02-24 01:00:00,1,Beijing,XGBoost,46.666667,44.293026,test
2017-02-24 01:00:00,2017-02-24 02:00:00,1,Beijing,XGBoost,49.333333,49.750896,test
2017-02-24 02:00:00,2017-02-24 03:00:00,1,Beijing,XGBoost,52.0,49.991165,test
2017-02-24 03:00:00,2017-02-24 04:00:00,1,Beijing,XGBoost,52.416667,54.339226,test
2017-02-24 04:00:00,2017-02-24 05:00:00,1,Beijing,XGBoost,49.5,55.13507,test
2017-02-24 05:00:00,2017-02-24 06:00:00,1,Beijing,XGBoost,44.416667,50.61442,test
2017-02-24 06:00:00,2017-02-24 07:00:00,1,Beijing,XGBoost,34.416667,45.689632,test
2017-02-24 07:00:00,2017-02-24 08:00:00,1,Beijing,XGBoost,26.583333,34.129868,test
2017-02-24 08:00:00,2017-02-24 09:00:00,1,Beijing,XGBoost,23.583333,28.260815,test
2017-02-24 09:00:00,2017-02-24 10:00:00,1,Beijing,XGBoost,20.75,23.809393,test
2017-02-24 10:00:00,2017-02-24 11:00:00,1,Beijing,XGBoost,19.25,21.057962,test
2017-02-24 11:00:00,2017-02-24 12:00:00,1,Beijing,XGBoost,15.5,19.109962,test
2017-02-24 12:00:00,2017-02-24 13:00:00,1,Beijing,XGBoost,15.25,15.185961,test
2017-02-24 13:00:00,2017-02-24 14:00:00,1,Beijing,XGBoost,14.416667,15.898316,test
2017-02-24 14:00:00,2017-02-24 15:00:00,1,Beijing,XGBoost,17.458333,15.13989,test
2017-02-24 15:00:00,2017-02-24 16:00:00,1,Beijing,XGBoost,18.583333,19.586672,test
2017-02-24 16:00:00,2017-02-24 17:00:00,1,Beijing,XGBoost,17.166667,20.808537,test
2017-02-24 17:00:00,2017-02-24 18:00:00,1,Beijing,XGBoost,14.916667,18.420292,test
2017-02-24 18:00:00,2017-02-24 19:00:00,1,Beijing,XGBoost,13.916667,16.539854,test
2017-02-24 19:00:00,2017-02-24 20:00:00,1,Beijing,XGBoost,15.75,17.597692,test
2017-02-24 20:00:00,2017-02-24 21:00:00,1,Beijing,XGBoost,12.5,19.489285,test
2017-02-24 21:00:00,2017-02-24 22:00:00,1,Beijing,XGBoost,10.5,14.84953,test
2017-02-24 22:00:00,2017-02-24 23:00:00,1,Beijing,XGBoost,12.083333,12.020099,test
2017-02-24 23:00:00,2017-02-25 00:00:00,1,Beijing,XGBoost,13.25,13.449561,test
2017-02-25 00:00:00,2017-02-25 01:00:00,1,Beijing,XGBoost,12.833333,13.483075,test
2017-02-25 01:00:00,2017-02-25 02:00:00,1,Beijing,XGBoost,10.416667,13.196974,test
2017-02-25 02:00:00,2017-02-25 03:00:00,1,Beijing,XGBoost,8.916667,11.019294,test
2017-02-25 03:00:00,2017-02-25 04:00:00,1,Beijing,XGBoost,7.75,10.409196,test
2017-02-25 04:00:00,2017-02-25 05:00:00,1,Beijing,XGBoost,7.916667,8.856798,test
2017-02-25 05:00:00,2017-02-25 06:00:00,1,Beijing,XGBoost,7.166667,8.45018,test
2017-02-25 06:00:00,2017-02-25 07:00:00,1,Beijing,XGBoost,6.0,7.76652,test
2017-02-25 07:00:00,2017-02-25 08:00:00,1,Beijing,XGBoost,8.5,8.2283125,test
2017-02-25 08:00:00,2017-02-25 09:00:00,1,Beijing,XGBoost,12.75,10.879404,test
2017-02-25 09:00:00,2017-02-25 10:00:00,1,Beijing,XGBoost,12.666667,12.62908,test
2017-02-25 10:00:00,2017-02-25 11:00:00,1,Beijing,XGBoost,12.5,12.014854,test
2017-02-25 11:00:00,2017-02-25 12:00:00,1,Beijing,XGBoost,12.083333,12.675799,test
2017-02-25 12:00:00,2017-02-25 13:00:00,1,Beijing,XGBoost,9.916667,12.429963,test
2017-02-25 13:00:00,2017-02-25 14:00:00,1,Beijing,XGBoost,10.5,10.476952,test
2017-02-25 14:00:00,2017-02-25 15:00:00,1,Beijing,XGBoost,10.916667,11.149729,test
2017-02-25 15:00:00,2017-02-25 16:00:00,1,Beijing,XGBoost,9.166667,11.4659,test
2017-02-25 16:00:00,2017-02-25 17:00:00,1,Beijing,XGBoost,9.916667,10.357603,test
2017-02-25 17:00:00,2017-02-25 18:00:00,1,Beijing,XGBoost,11.458333,11.420279,test
2017-02-25 18:00:00,2017-02-25 19:00:00,1,Beijing,XGBoost,11.708333,13.59931,test
2017-02-25 19:00:00,2017-02-25 20:00:00,1,Beijing,XGBoost,13.666667,16.202492,test
2017-02-25 20:00:00,2017-02-25 21:00:00,1,Beijing,XGBoost,17.5,16.969501,test
2017-02-25 21:00:00,2017-02-25 22:00:00,1,Beijing,XGBoost,16.75,21.246008,test
2017-02-25 22:00:00,2017-02-25 23:00:00,1,Beijing,XGBoost,17.0,17.432014,test
2017-02-25 23:00:00,2017-02-26 00:00:00,1,Beijing,XGBoost,14.583333,17.942062,test
2017-02-26 00:00:00,2017-02-26 01:00:00,1,Beijing,XGBoost,16.875,15.706034,test
2017-02-26 01:00:00,2017-02-26 02:00:00,1,Beijing,XGBoost,19.75,16.934586,test
2017-02-26 02:00:00,2017-02-26 03:00:00,1,Beijing,XGBoost,18.333333,21.312002,test
2017-02-26 03:00:00,2017-02-26 04:00:00,1,Beijing,XGBoost,18.666667,19.542051,test
2017-02-26 04:00:00,2017-02-26 05:00:00,1,Beijing,XGBoost,17.333333,19.338835,test
2017-02-26 05:00:00,2017-02-26 06:00:00,1,Beijing,XGBoost,19.416667,18.126421,test
2017-02-26 06:00:00,2017-02-26 07:00:00,1,Beijing,XGBoost,20.916667,19.67698,test
2017-02-26 07:00:00,2017-02-26 08:00:00,1,Beijing,XGBoost,21.583333,22.517519,test
2017-02-26 08:00:00,2017-02-26 09:00:00,1,Beijing,XGBoost,23.75,24.071733,test
2017-02-26 09:00:00,2017-02-26 10:00:00,1,Beijing,XGBoost,23.166667,26.685383,test
2017-02-26 10:00:00,2017-02-26 11:00:00,1,Beijing,XGBoost,24.916667,24.762947,test
2017-02-26 11:00:00,2017-02-26 12:00:00,1,Beijing,XGBoost,24.583333,25.633688,test
2017-02-26 12:00:00,2017-02-26 13:00:00,1,Beijing,XGBoost,22.25,25.029636,test
2017-02-26 13:00:00,2017-02-26 14:00:00,1,Beijing,XGBoost,22.583333,23.24998,test
2017-02-26 14:00:00,2017-02-26 15:00:00,1,Beijing,XGBoost,23.958333,24.465855,test
2017-02-26 15:00:00,2017-02-26 16:00:00,1,Beijing,XGBoost,23.666667,25.188572,test
2017-02-26 16:00:00,2017-02-26 17:00:00,1,Beijing,XGBoost,27.0,24.908056,test
2017-02-26 17:00:00,2017-02-26 18:00:00,1,Beijing,XGBoost,27.25,29.06783,test
2017-02-26 18:00:00,2017-02-26 19:00:00,1,Beijing,XGBoost,29.5,29.837337,test
2017-02-26 19:00:00,2017-02-26 20:00:00,1,Beijing,XGBoost,35.75,35.018463,test
2017-02-26 20:00:00,2017-02-26 21:00:00,1,Beijing,XGBoost,42.25,40.90511,test
2017-02-26 21:00:00,2017-02-26 22:00:00,1,Beijing,XGBoost,52.5,48.178497,test
2017-02-26 22:00:00,2017-02-26 23:00:00,1,Beijing,XGBoost,54.083333,56.942883,test
2017-02-26 23:00:00,2017-02-27 00:00:00,1,Beijing,XGBoost,54.833333,55.720634,test
2017-02-27 00:00:00,2017-02-27 01:00:00,1,Beijing,XGBoost,55.5,57.01266,test
2017-02-27 01:00:00,2017-02-27 02:00:00,1,Beijing,XGBoost,53.875,56.6066,test
2017-02-27 02:00:00,2017-02-27 03:00:00,1,Beijing,XGBoost,55.75,55.6149,test
2017-02-27 03:00:00,2017-02-27 04:00:00,1,Beijing,XGBoost,57.5,56.824043,test
2017-02-27 04:00:00,2017-02-27 05:00:00,1,Beijing,XGBoost,61.333333,59.408134,test
2017-02-27 05:00:00,2017-02-27 06:00:00,1,Beijing,XGBoost,72.333333,63.546047,test
2017-02-27 06:00:00,2017-02-27 07:00:00,1,Beijing,XGBoost,71.75,74.85524,test
2017-02-27 07:00:00,2017-02-27 08:00:00,1,Beijing,XGBoost,68.25,74.131516,test
2017-02-27 08:00:00,2017-02-27 09:00:00,1,Beijing,XGBoost,66.0,69.19188,test
2017-02-27 09:00:00,2017-02-27 10:00:00,1,Beijing,XGBoost,67.666667,67.24404,test
2017-02-27 10:00:00,2017-02-27 11:00:00,1,Beijing,XGBoost,76.458333,67.500046,test
2017-02-27 11:00:00,2017-02-27 12:00:00,1,Beijing,XGBoost,84.958333,79.765205,test
2017-02-27 12:00:00,2017-02-27 13:00:00,1,Beijing,XGBoost,93.388889,88.19532,test
2017-02-27 13:00:00,2017-02-27 14:00:00,1,Beijing,XGBoost,93.444444,98.39098,test
2017-02-27 14:00:00,2017-02-27 15:00:00,1,Beijing,XGBoost,93.558333,96.50905,test
2017-02-27 15:00:00,2017-02-27 16:00:00,1,Beijing,XGBoost,89.2,94.30826,test
2017-02-27 16:00:00,2017-02-27 17:00:00,1,Beijing,XGBoost,69.758333,87.89708,test
2017-02-27 17:00:00,2017-02-27 18:00:00,1,Beijing,XGBoost,56.981818,68.21628,test
2017-02-27 18:00:00,2017-02-27 19:00:00,1,Beijing,XGBoost,52.909091,55.578613,test
2017-02-27 19:00:00,2017-02-27 20:00:00,1,Beijing,XGBoost,56.181818,55.62092,test
2017-02-27 20:00:00,2017-02-27 21:00:00,1,Beijing,XGBoost,61.272727,62.211227,test
2017-02-27 21:00:00,2017-02-27 22:00:00,1,Beijing,XGBoost,63.909091,65.825874,test
2017-02-27 22:00:00,2017-02-27 23:00:00,1,Beijing,XGBoost,54.909091,65.94152,test
2017-02-27 23:00:00,2017-02-28 00:00:00,1,Beijing,XGBoost,49.727273,55.30139,test
2017-02-28 00:00:00,2017-02-28 01:00:00,1,Beijing,XGBoost,46.454545,47.82368,test
2017-02-28 01:00:00,2017-02-28 02:00:00,1,Beijing,XGBoost,29.818182,47.652203,test
2017-02-28 02:00:00,2017-02-28 03:00:00,1,Beijing,XGBoost,18.5,27.478382,test
2017-02-28 03:00:00,2017-02-28 04:00:00,1,Beijing,XGBoost,18.818182,17.659822,test
2017-02-28 04:00:00,2017-02-28 05:00:00,1,Beijing,XGBoost,17.272727,18.662098,test
2017-02-28 05:00:00,2017-02-28 06:00:00,1,Beijing,XGBoost,13.363636,18.458492,test
2017-02-28 06:00:00,2017-02-28 07:00:00,1,Beijing,XGBoost,16.0,13.613983,test
2017-02-28 07:00:00,2017-02-28 08:00:00,1,Beijing,XGBoost,14.090909,16.517645,test
2017-02-28 08:00:00,2017-02-28 09:00:00,1,Beijing,XGBoost,13.916667,16.512314,test
2017-02-28 09:00:00,2017-02-28 10:00:00,1,Beijing,XGBoost,14.666667,14.414317,test
2017-02-28 10:00:00,2017-02-28 11:00:00,1,Beijing,XGBoost,11.916667,14.434863,test
2017-02-28 11:00:00,2017-02-28 12:00:00,1,Beijing,XGBoost,8.416667,11.892208,test
2017-02-28 12:00:00,2017-02-28 13:00:00,1,Beijing,XGBoost,6.916667,8.936745,test
2017-02-28 13:00:00,2017-02-28 14:00:00,1,Beijing,XGBoost,6.166667,7.932134,test
2017-02-28 14:00:00,2017-02-28 15:00:00,1,Beijing,XGBoost,6.027778,6.9410257,test
2017-02-28 15:00:00,2017-02-28 16:00:00,1,Beijing,XGBoost,8.305556,6.9386983,test
2017-02-28 16:00:00,2017-02-28 17:00:00,1,Beijing,XGBoost,10.0,8.642142,test
2017-02-28 17:00:00,2017-02-28 18:00:00,1,Beijing,XGBoost,11.916667,9.700051,test
2017-02-28 18:00:00,2017-02-28 19:00:00,1,Beijing,XGBoost,12.0,13.432377,test
2017-02-28 19:00:00,2017-02-28 20:00:00,1,Beijing,XGBoost,16.083333,14.678206,test
2017-02-28 20:00:00,2017-02-28 21:00:00,1,Beijing,XGBoost,19.0,19.733566,test
2017-02-28 21:00:00,2017-02-28 22:00:00,1,Beijing,XGBoost,15.666667,23.149672,test
2017-02-28 22:00:00,2017-02-28 23:00:00,1,Beijing,XGBoost,13.666667,17.513176,test
2017-02-28 23:00:00,2017-03-01 00:00:00,1,Beijing,XGBoost,15.0,14.243747,test
